Type,Name,Request Count,Failure Count,Median Response Time,Average Response Time,Min Response Time,Max Response Time,Average Content Size,Requests/s,Failures/s,50%,66%,75%,80%,90%,95%,98%,99%,99.9%,99.99%,100%
GET,/api/v1/analytics/trends?days=7,1,0,49.91570000129286,49.91570000129286,49.91570000129286,49.91570000129286,243.0,16.877400247871364,0.0,50,50,50,50,50,50,50,50,50,50,50
POST,/api/v1/analyze/threat-score,4,0,12,13.41360000151326,11.641400007647462,16.412800003308803,71.0,67.50960099148546,0.0,13,13,16,16,16,16,16,16,16,16,16
,Aggregated,5,0,13,20.71402000146918,11.641400007647462,49.91570000129286,105.4,84.38700123935682,0.0,13,16,16,50,50,50,50,50,50,50,50
