packet_length,protocol_encoding,dst_port_class,src_port_ephemeral,event_rate_1m,burst_rate_10s,inter_arrival_mean,inter_arrival_std,packet_size_variance,payload_entropy,unique_dst_ips,unique_dst_ports,label
9.0,1.0,3.0,1.0,5000.0,1000.0,0.0001,0.0,0.0,3.724,1.0,1.0,0
9.0,1.0,3.0,1.0,5000.0,1000.0,0.000109,0.0,0.0,3.724,1.0,1.0,0
9.0,1.0,3.0,1.0,5000.0,1000.0,0.0001,0.0,0.0,3.724,1.0,1.0,0
9.0,1.0,2.0,1.0,5000.0,1000.0,0.0001,0.0,0.0,3.724,1.0,1.0,0
9.0,1.0,3.0,1.0,5000.0,1000.0,0.0001,0.0,0.0,3.724,1.0,1.0,0
9.0,1.0,3.0,1.0,5000.0,1000.0,0.001022,0.0,0.0,3.724,1.0,1.0,0
9.0,1.0,3.0,1.0,5000.0,1000.0,0.0001,0.0,0.0,3.724,1.0,1.0,0
9.0,1.0,3.0,1.0,5000.0,1000.0,0.0001,0.0,0.0,3.724,1.0,1.0,0
9.0,1.0,2.0,1.0,5000.0,1000.0,0.0001,0.0,0.0,3.724,1.0,1.0,0
34.0,1.0,3.0,1.0,5000.0,1000.0,0.0001,0.0,208.3333333,3.724,1.0,1.0,0
34.0,1.0,3.0,1.0,5000.0,1000.0,0.0001,0.0,208.3333333,3.724,1.0,1.0,0
34.0,1.0,3.0,1.0,5000.0,1000.0,0.0001,0.0,208.3333333,3.724,1.0,1.0,0
34.0,1.0,3.0,1.0,5000.0,1000.0,0.0001,0.0,208.3333333,3.724,1.0,1.0,0
16.33333333,1.0,3.0,1.0,5000.0,1000.0,0.0001,7.07106781e-07,156.25,3.724,1.0,1.0,0
0.0,1.0,2.0,1.0,5000.0,1000.0,0.0001,0.0,0.0,3.724,1.0,1.0,0
0.0,1.0,3.0,1.0,5000.0,1000.0,0.0001,0.0,0.0,3.724,1.0,1.0,0
0.0,1.0,3.0,1.0,5000.0,1000.0,0.000154,0.0,0.0,3.724,1.0,1.0,0
0.0,1.0,3.0,1.0,5000.0,1000.0,0.0001,0.0,0.0,3.724,1.0,1.0,0
0.0,1.0,3.0,1.0,5000.0,1000.0,0.000118,0.0,0.0,3.724,1.0,1.0,0
0.0,1.0,3.0,1.0,5000.0,1000.0,0.000239,0.0,0.0,3.724,1.0,1.0,0
0.0,1.0,3.0,1.0,5000.0,1000.0,0.0001,7.07106781e-07,0.0,3.724,1.0,1.0,0
0.0,1.0,3.0,1.0,5000.0,1000.0,0.0001,0.0,0.0,3.724,1.0,1.0,0
232.5,1.0,3.0,1.0,5000.0,1000.0,0.0001,0.0,11532.0,3.724,1.0,1.0,0
157.0,1.0,3.0,1.0,5000.0,1000.0,0.0001,2.121320344e-06,13238.25,3.724,1.0,1.0,0
9.0,1.0,3.0,1.0,5000.0,1000.0,0.0001,0.0,0.0,3.724,1.0,1.0,0
16.33333333,1.0,2.0,1.0,5000.0,1000.0,0.0001,1.414213562e-06,156.25,3.724,1.0,1.0,0
0.0,1.0,2.0,1.0,5000.0,1000.0,0.0001,0.0,0.0,3.724,1.0,1.0,0
16.33333333,1.0,2.0,1.0,5000.0,1000.0,0.0001,2.545584412e-05,156.25,3.724,1.0,1.0,0
34.0,1.0,3.0,1.0,5000.0,1000.0,0.0001,0.0,208.3333333,3.724,1.0,1.0,0
34.0,1.0,3.0,1.0,5000.0,1000.0,0.0001,0.0,208.3333333,3.724,1.0,1.0,0
34.0,1.0,3.0,1.0,5000.0,1000.0,0.0001,0.0,208.3333333,3.724,1.0,1.0,0
24.66666667,1.0,3.0,1.0,5000.0,1000.0,0.0003685,0.0003104198769,208.3333333,3.724,1.0,1.0,0
34.0,1.0,3.0,1.0,5000.0,1000.0,0.0001,0.0,208.3333333,3.724,1.0,1.0,0
34.0,1.0,3.0,1.0,5000.0,1000.0,0.0001,0.0,208.3333333,3.724,1.0,1.0,0
34.0,1.0,3.0,1.0,5000.0,1000.0,0.0001,0.0,208.3333333,3.724,1.0,1.0,0
16.33333333,1.0,2.0,1.0,5000.0,1000.0,0.000138,0.0001923330445,156.25,3.724,1.0,1.0,0
9.0,1.0,2.0,1.0,5000.0,1000.0,0.0001,0.0,0.0,3.724,1.0,1.0,0
9.0,1.0,2.0,1.0,5000.0,1000.0,0.0001,0.0,0.0,3.724,1.0,1.0,0
9.0,1.0,2.0,1.0,5000.0,1000.0,0.0001,0.0,0.0,3.724,1.0,1.0,0
9.0,1.0,3.0,1.0,5000.0,1000.0,0.000105,0.0,0.0,3.724,1.0,1.0,0
9.0,1.0,3.0,1.0,5000.0,1000.0,0.0001,0.0,0.0,3.724,1.0,1.0,0
9.0,1.0,3.0,1.0,5000.0,1000.0,0.0001,0.0,0.0,3.724,1.0,1.0,0
9.0,1.0,2.0,1.0,5000.0,1000.0,0.0001,0.0,0.0,3.724,1.0,1.0,0
9.0,1.0,2.0,1.0,5000.0,1000.0,0.0001,0.0,0.0,3.724,1.0,1.0,0
9.0,1.0,2.0,1.0,5000.0,1000.0,0.0001,0.0,0.0,3.724,1.0,1.0,0
9.0,1.0,2.0,1.0,5000.0,1000.0,0.0001,0.0,0.0,3.724,1.0,1.0,0
9.0,1.0,2.0,1.0,5000.0,1000.0,0.0001,0.0,0.0,3.724,1.0,1.0,0
9.0,1.0,2.0,1.0,5000.0,1000.0,0.0001,0.0,0.0,3.724,1.0,1.0,0
9.0,1.0,2.0,1.0,5000.0,1000.0,0.000123,0.0,0.0,3.724,1.0,1.0,0
9.0,1.0,3.0,1.0,5000.0,1000.0,0.0001,0.0,0.0,3.724,1.0,1.0,0
9.0,1.0,3.0,1.0,5000.0,1000.0,0.0001,0.0,0.0,3.724,1.0,1.0,0
9.0,1.0,3.0,1.0,5000.0,1000.0,0.0001,0.0,0.0,3.724,1.0,1.0,0
9.0,1.0,3.0,1.0,5000.0,1000.0,0.0001,0.0,0.0,3.724,1.0,1.0,0
0.0,1.0,3.0,1.0,5000.0,1000.0,0.0001,0.0,0.0,3.724,1.0,1.0,0
9.0,1.0,3.0,1.0,5000.0,1000.0,0.0001,0.0,0.0,3.724,1.0,1.0,0
9.0,1.0,3.0,1.0,5000.0,1000.0,0.0001,0.0,0.0,3.724,1.0,1.0,0
8.0,1.0,3.0,1.0,716.646096,119.44101599999999,0.125585,0.1775983534,0.0,3.724,1.0,1.0,0
9.0,1.0,3.0,1.0,5000.0,1000.0,0.0001,0.0,0.0,3.724,1.0,1.0,0
0.0,1.0,3.0,1.0,5000.0,1000.0,0.0001,0.0,0.0,3.724,1.0,1.0,0
8.0,1.0,3.0,1.0,5000.0,1000.0,0.0001,2.333452378e-05,0.0,3.724,1.0,1.0,0
0.0,1.0,2.0,1.0,5000.0,1000.0,0.0001,0.0,0.0,3.724,1.0,1.0,0
9.0,1.0,2.0,1.0,5000.0,1000.0,0.0001,0.0,0.0,3.724,1.0,1.0,0
9.0,1.0,2.0,1.0,5000.0,1000.0,0.0001,0.0,0.0,3.724,1.0,1.0,0
9.0,1.0,3.0,1.0,5000.0,1000.0,0.0001,0.0,0.0,3.724,1.0,1.0,0
9.0,1.0,3.0,1.0,5000.0,1000.0,0.0001,0.0,0.0,3.724,1.0,1.0,0
9.0,1.0,3.0,1.0,5000.0,1000.0,0.0001,0.0,0.0,3.724,1.0,1.0,0
9.0,1.0,3.0,1.0,5000.0,1000.0,0.0001,0.0,0.0,3.724,1.0,1.0,0
9.0,1.0,3.0,1.0,5000.0,1000.0,0.0001,0.0,0.0,3.724,1.0,1.0,0
9.0,1.0,3.0,1.0,120.04946039999999,20.008243399999998,0.999588,0.0,0.0,3.724,1.0,1.0,0
9.0,1.0,3.0,1.0,5000.0,1000.0,0.0001,0.0,0.0,3.724,1.0,1.0,0
9.0,1.0,3.0,1.0,5000.0,1000.0,0.0001,0.0,0.0,3.724,1.0,1.0,0
71.75,1.0,1.0,1.0,3347.6071584,557.9345264,0.023897666669999998,0.04134867743,780.3,3.724,1.0,1.0,0
77.75,1.0,1.0,1.0,3951.3978072000004,658.5663012,0.020246,0.03506190451,1190.7,3.724,1.0,1.0,0
13.68888889,1.0,1.0,1.0,5000.0,1000.0,0.002867909091,0.01237764297,230.3768116,3.724,1.0,1.0,0
947.4761905,1.0,2.0,1.0,5000.0,1000.0,0.00040015,0.0014459180389999999,1261084.063,3.724,1.0,1.0,0
617.0,1.0,2.0,1.0,5000.0,1000.0,0.0001,0.0,126896.3333,3.724,1.0,1.0,0
0.0,1.0,1.0,1.0,5000.0,1000.0,0.0001,3.252691193e-05,0.0,3.724,1.0,1.0,0
3.0,1.0,1.0,1.0,5000.0,1000.0,0.0001,2.25166605e-05,4.8,3.724,1.0,1.0,0
11.5,1.0,1.0,1.0,5000.0,1000.0,0.0001,5.78388566e-05,423.2,3.724,1.0,1.0,0
1.5,1.0,1.0,1.0,466.92243642,77.82040607,0.1713346667,0.15030880929999998,7.2,3.724,1.0,1.0,0
218.625,1.0,1.0,1.0,7.98258198,1.33043033,8.590131429,22.7,253898.5,3.724,1.0,1.0,0
229.0,1.0,1.0,1.0,7.98258306,1.33043051,8.590130286,22.7,283378.0278,3.724,1.0,1.0,0
37.83333333,1.0,1.0,1.0,92.40327048,15.40054508,0.7791931999999999,1.688277785,355.952381,3.724,1.0,1.0,0
37.83333333,1.0,1.0,1.0,92.42044524,15.40340754,0.7790484,1.688348684,355.952381,3.724,1.0,1.0,0
37.83333333,1.0,1.0,1.0,92.39515974,15.39919329,0.7792616,1.688253409,355.952381,3.724,1.0,1.0,0
37.83333333,1.0,1.0,1.0,92.42495352,15.40415892,0.7790104,1.688400959,355.952381,3.724,1.0,1.0,0
37.83333333,1.0,1.0,1.0,92.39153172,15.39858862,0.7792922,1.6968217760000002,355.952381,3.724,1.0,1.0,0
73.0,1.0,1.0,1.0,23.2103349,3.86838915,2.820060364,9.317725505999999,1669.589744,3.724,1.0,1.0,0
88.33333333,1.0,1.0,1.0,4300.1505054,716.6917509,0.016743599999999997,0.025063961210000003,2575.238095,3.724,1.0,1.0,0
233.245283,1.0,1.0,1.0,297.01289094,49.502148489999996,0.2058962692,1.0923076059999999,242958.1076,3.724,1.0,1.0,0
483.0,1.0,1.0,1.0,9.9722466,1.6620411,6.6852204440000005,20.0,923002.8909,3.724,1.0,1.0,0
50.5,1.0,1.0,1.0,5000.0,1000.0,0.008009,0.013865066709999999,76.8,3.724,1.0,1.0,0
3.0,1.0,2.0,1.0,349.58006694,58.26334449,0.2059614,0.2811527211,10.28571429,3.724,1.0,1.0,0
0.0,1.0,1.0,1.0,60.40578594,10.067630990000001,1.4899235,2.085777621,0.0,3.724,1.0,1.0,0
9.0,1.0,1.0,1.0,4238.0363766,706.3393960999999,0.028315,0.0,0.0,3.724,1.0,1.0,0
9.0,1.0,1.0,1.0,4215.5553996,702.5925666,0.028466,0.0,0.0,3.724,1.0,1.0,0
79.46153846,1.0,1.0,1.0,15.44138988,2.57356498,4.041087,13.9,18697.56695,3.724,1.0,1.0,0
77.25,1.0,1.0,1.0,5000.0,1000.0,0.00011,0.00018792817779999998,1153.2,3.724,1.0,1.0,0
54.25,1.0,1.0,1.0,5000.0,1000.0,0.0001,8.711677986e-05,76.8,3.724,1.0,1.0,0
141.25,1.0,1.0,1.0,5000.0,1000.0,0.00010066666669999999,0.0001330613893,11407.5,3.724,1.0,1.0,0
141.25,1.0,1.0,1.0,5000.0,1000.0,0.0001,0.00015646192300000002,11407.5,3.724,1.0,1.0,0
101.75,1.0,1.0,1.0,5000.0,1000.0,0.0001,9.064950818e-05,4036.8,3.724,1.0,1.0,0
102.5,1.0,1.0,1.0,5000.0,1000.0,0.0001,0.0001527099647,3307.5,3.724,1.0,1.0,0
111.5,1.0,1.0,1.0,5000.0,1000.0,0.0001,0.0001509779233,4538.7,3.724,1.0,1.0,0
73.0,1.0,1.0,1.0,2352.1801769999997,392.03002949999996,0.034011,0.05889838792,1306.8,3.724,1.0,1.0,0
75.0,1.0,1.0,1.0,4664.4510522,777.4085087000001,0.017151,0.02970120725,1470.0,3.724,1.0,1.0,0
88.5,1.0,1.0,1.0,5000.0,1000.0,0.00038,0.0006443353164000001,2270.7,3.724,1.0,1.0,0
109.0,1.0,1.0,1.0,5000.0,1000.0,0.0001,0.0001639674764,4915.2,3.724,1.0,1.0,0
115.8795181,1.0,1.0,1.0,3733.2173886,622.2028981,0.01626792683,0.10580690640000001,59217.21687,3.724,1.0,1.0,0
0.0,1.0,1.0,1.0,5000.0,1000.0,0.000187,0.0,0.0,3.724,1.0,1.0,0
112.7951807,1.0,1.0,1.0,3728.6501088,621.4416848,0.01628785366,0.1060294368,58391.23867,3.724,1.0,1.0,0
0.0,1.0,1.0,1.0,5000.0,1000.0,0.000111,0.0,0.0,3.724,1.0,1.0,0
1028.747664,1.0,1.0,1.0,5000.0,1000.0,0.001352330189,0.005067810220999999,1171886.38,3.724,1.0,1.0,0
1072.211538,1.0,1.0,1.0,5000.0,1000.0,0.00139707767,0.005193055312999999,1367145.5,3.724,1.0,1.0,0
1068.699029,1.0,1.0,1.0,5000.0,1000.0,0.001398088235,0.005168857742,1379066.111,3.724,1.0,1.0,0
1024.0,1.0,1.0,1.0,5000.0,1000.0,0.0014540714290000002,0.005309869504000001,1361744.871,3.724,1.0,1.0,0
1026.482759,1.0,1.0,1.0,5000.0,1000.0,0.0004180350877,0.002482025641,1241663.631,3.724,1.0,1.0,0
905.7647059,1.0,1.0,1.0,5000.0,1000.0,0.0023818000000000003,0.006806153122,1057449.76,3.724,1.0,1.0,0
1044.385965,1.0,1.0,1.0,5000.0,1000.0,0.0004257321429,0.002505018203,1319059.152,3.724,1.0,1.0,0
921.5818182,1.0,1.0,1.0,5000.0,1000.0,0.001826027523,0.00726555705,898479.5122,3.724,1.0,1.0,0
915.2075472,1.0,1.0,1.0,5000.0,1000.0,0.001361171429,0.005126950789000001,877127.8699,3.724,1.0,1.0,0
877.372549,1.0,1.0,1.0,5000.0,1000.0,0.008936,0.038838587570000006,1065991.431,3.724,1.0,1.0,0
979.6666667,1.0,1.0,1.0,5000.0,1000.0,0.001404465347,0.005197681086,1234532.721,3.724,1.0,1.0,0
1004.648649,1.0,1.0,1.0,5000.0,1000.0,0.0013215999999999998,0.005012191246,1234166.418,3.724,1.0,1.0,0
1026.271845,1.0,1.0,1.0,5000.0,1000.0,0.001401019608,0.005170506395000001,1283491.796,3.724,1.0,1.0,0
969.9449541,1.0,1.0,1.0,5000.0,1000.0,0.0013195185189999999,0.005030679662,1112402.718,3.724,1.0,1.0,0
1042.093458,1.0,1.0,1.0,5000.0,1000.0,0.001344915094,0.005060556533,1281291.726,3.724,1.0,1.0,0
995.7321429,1.0,1.0,1.0,5000.0,1000.0,0.001282783784,0.004960836844000001,1194373.753,3.724,1.0,1.0,0
1021.757282,1.0,1.0,1.0,5000.0,1000.0,0.001396107843,0.005167892471,1240847.423,3.724,1.0,1.0,0
1057.06,1.0,1.0,1.0,5000.0,1000.0,0.001435242424,0.005235340188,1373951.844,3.724,1.0,1.0,0
988.0186916,1.0,1.0,1.0,5000.0,1000.0,0.00134054717,0.005074961667,1154909.067,3.724,1.0,1.0,0
952.0425532,1.0,1.0,1.0,5000.0,1000.0,0.0028024347830000003,0.007805472794,1177666.168,3.724,1.0,1.0,0
1004.702703,1.0,1.0,1.0,5000.0,1000.0,0.0013019545450000001,0.00497484197,1196280.648,3.724,1.0,1.0,0
1011.113208,1.0,1.0,1.0,5000.0,1000.0,0.00177067619,0.006585672561000001,1307298.112,3.724,1.0,1.0,0
1189.594937,1.0,1.0,1.0,5000.0,1000.0,0.001682025641,0.0055876567260000004,1317468.632,3.724,1.0,1.0,0
905.1785714,1.0,1.0,1.0,5000.0,1000.0,0.0016914054049999999,0.006454641398,896970.0875,3.724,1.0,1.0,0
956.3584906,1.0,1.0,1.0,5000.0,1000.0,0.001794761905,0.006733367527000001,1057974.906,3.724,1.0,1.0,0
914.7719298,1.0,1.0,1.0,5000.0,1000.0,0.002661274336,0.01151158013,923122.6944,3.724,1.0,1.0,0
983.3394495,1.0,1.0,1.0,5000.0,1000.0,0.0018115925930000001,0.007080294859,1144185.417,3.724,1.0,1.0,0
970.0,1.0,1.0,1.0,5000.0,1000.0,0.0013256759259999999,0.005048135869,1150768.866,3.724,1.0,1.0,0
1058.423077,1.0,1.0,1.0,5000.0,1000.0,0.0013859029129999999,0.005168157484,1336543.612,3.724,1.0,1.0,0
988.6153846,1.0,1.0,1.0,5000.0,1000.0,0.0013809223300000001,0.0051363477389999995,1174890.546,3.724,1.0,1.0,0
1042.88172,1.0,1.0,1.0,5000.0,1000.0,0.001658663043,0.005994383936,1365465.116,3.724,1.0,1.0,0
1006.895238,1.0,1.0,1.0,5000.0,1000.0,0.001367913462,0.005131621368,1198135.365,3.724,1.0,1.0,0
997.3396226,1.0,1.0,1.0,5000.0,1000.0,0.001356933333,0.005113686675,1196240.905,3.724,1.0,1.0,0
1187.738095,1.0,1.0,1.0,5000.0,1000.0,0.0015110481930000002,0.005384793514,1209109.896,3.724,1.0,1.0,0
1050.529412,1.0,1.0,1.0,5000.0,1000.0,0.001865455446,0.006809690942,1359290.478,3.724,1.0,1.0,0
960.5959596,1.0,1.0,1.0,5000.0,1000.0,0.001446785714,0.0052676323329999995,1050792.757,3.724,1.0,1.0,0
1181.304348,1.0,1.0,1.0,5000.0,1000.0,0.0008479836066,0.00383164699,1475811.499,3.724,1.0,1.0,0
984.2135922,1.0,1.0,1.0,5000.0,1000.0,0.001970058824,0.0076897180939999995,1184029.801,3.724,1.0,1.0,0
1056.94,1.0,1.0,1.0,5000.0,1000.0,0.001437353535,0.005230061348000001,1374202.292,3.724,1.0,1.0,0
1050.588235,1.0,1.0,1.0,5000.0,1000.0,0.001949118812,0.007331503092,1276944.75,3.724,1.0,1.0,0
1003.584158,1.0,1.0,1.0,5000.0,1000.0,0.00197144,0.0075038695850000005,1230046.746,3.724,1.0,1.0,0
978.3157895,1.0,1.0,1.0,5000.0,1000.0,0.0012586725659999999,0.004920129921,1153324.524,3.724,1.0,1.0,0
1061.885714,1.0,1.0,1.0,5000.0,1000.0,0.0013838653850000002,0.005113410947000001,1325067.64,3.724,1.0,1.0,0
1038.509434,1.0,1.0,1.0,5000.0,1000.0,0.001359571429,0.005101981278,1252437.461,3.724,1.0,1.0,0
1195.975309,1.0,1.0,1.0,5000.0,1000.0,0.001562125,0.005472574571,1493819.377,3.724,1.0,1.0,0
1032.514851,1.0,1.0,1.0,5000.0,1000.0,0.00142117,0.005222018688,1338198.142,3.724,1.0,1.0,0
1053.191919,1.0,1.0,1.0,5000.0,1000.0,0.001451265306,0.005285994782,1386428.974,3.724,1.0,1.0,0
1006.780952,1.0,1.0,1.0,5000.0,1000.0,0.001376692308,0.005140149288,1198362.643,3.724,1.0,1.0,0
995.5714286,1.0,1.0,1.0,5000.0,1000.0,0.001283531532,0.004938821871,1082366.558,3.724,1.0,1.0,0
1011.0,1.0,1.0,1.0,5000.0,1000.0,0.001768447619,0.006538518192,1267963.759,3.724,1.0,1.0,0
1123.163265,1.0,1.0,1.0,5000.0,1000.0,0.001471608247,0.005294106612,1561092.865,3.724,1.0,1.0,0
1030.384615,1.0,1.0,1.0,5000.0,1000.0,0.0018050679609999999,0.006613593843,1272807.17,3.724,1.0,1.0,0
1028.747664,1.0,1.0,1.0,5000.0,1000.0,0.001353160377,0.005106702298,1289079.651,3.724,1.0,1.0,0
921.6363636,1.0,1.0,1.0,5000.0,1000.0,0.001711724771,0.006486613146,936502.097,3.724,1.0,1.0,0
983.2844037,1.0,1.0,1.0,5000.0,1000.0,0.00176087963,0.006638064806,1182763.99,3.724,1.0,1.0,0
1114.98,1.0,1.0,1.0,5000.0,1000.0,0.001436464646,0.0052503862410000005,1500997.356,3.724,1.0,1.0,0
1004.702703,1.0,1.0,1.0,5000.0,1000.0,0.001299663636,0.004983149833000001,1158502.198,3.724,1.0,1.0,0
1023.082569,1.0,1.0,1.0,5000.0,1000.0,0.001322944444,0.00503161888,1238290.557,3.724,1.0,1.0,0
1075.584158,1.0,1.0,1.0,5000.0,1000.0,0.0019010899999999998,0.006957245624,1601606.276,3.724,1.0,1.0,0
1059.259259,1.0,1.0,1.0,5000.0,1000.0,0.001340158879,0.005055910384,1340116.677,3.724,1.0,1.0,0
1035.695652,1.0,1.0,1.0,5000.0,1000.0,0.005555577778,0.014812282849999999,1516025.534,3.724,1.0,1.0,0
1016.596154,1.0,1.0,1.0,5000.0,1000.0,0.001830475728,0.006665317717,1240283.118,3.724,1.0,1.0,0
1042.149533,1.0,1.0,1.0,5000.0,1000.0,0.00134404717,0.005070290861,1281176.271,3.724,1.0,1.0,0
1011.571429,1.0,1.0,1.0,5000.0,1000.0,0.0004290545455,0.002520110465,1204447.754,3.724,1.0,1.0,0
988.0186916,1.0,1.0,1.0,5000.0,1000.0,0.0013483113209999998,0.005103347085,1272481.254,3.724,1.0,1.0,0
1082.565657,1.0,1.0,1.0,5000.0,1000.0,0.001454622449,0.0052826943659999995,1409037.184,3.724,1.0,1.0,0
1046.653465,1.0,1.0,1.0,5000.0,1000.0,0.00142823,0.005268242589,1370964.399,3.724,1.0,1.0,0
1013.781818,1.0,1.0,1.0,5000.0,1000.0,0.001315889908,0.0050414792719999995,1160048.63,3.724,1.0,1.0,0
1174.691892,1.0,1.0,1.0,5000.0,1000.0,0.0008326358695999999,0.003787226689,1203780.182,3.724,1.0,1.0,0
913.1836735,1.0,1.0,1.0,5000.0,1000.0,0.002478895833,0.006984071833,1078069.504,3.724,1.0,1.0,0
1001.738318,1.0,1.0,1.0,5000.0,1000.0,0.001353254717,0.005057603266,1186651.372,3.724,1.0,1.0,0
1021.851852,1.0,1.0,1.0,5000.0,1000.0,0.00046756603769999996,0.0026000321629999997,1304492.35,3.724,1.0,1.0,0
1100.7,1.0,1.0,1.0,5000.0,1000.0,0.0014406565660000001,0.0052843208340000005,1511764.72,3.724,1.0,1.0,0
1061.885714,1.0,1.0,1.0,5000.0,1000.0,0.001386028846,0.005190639999,1365004.859,3.724,1.0,1.0,0
892.5454545,1.0,1.0,1.0,5000.0,1000.0,0.0057855,0.01987841579,1020490.243,3.724,1.0,1.0,0
1071.54,1.0,1.0,1.0,5000.0,1000.0,0.001995555556,0.007123994517,1364401.925,3.724,1.0,1.0,0
1040.563107,1.0,1.0,1.0,5000.0,1000.0,0.002033303922,0.007326844460999999,1396733.977,3.724,1.0,1.0,0
1024.660377,1.0,1.0,1.0,5000.0,1000.0,0.0013718571429999998,0.005123402956,1299756.436,3.724,1.0,1.0,0
974.75,1.0,1.0,1.0,5000.0,1000.0,0.001960883495,0.007720190113,1181693.828,3.724,1.0,1.0,0
1067.878788,1.0,1.0,1.0,5000.0,1000.0,0.001919183673,0.006947385156000001,1418715.919,3.724,1.0,1.0,0
992.4074074,1.0,1.0,1.0,5000.0,1000.0,0.001330626168,0.005048982697000001,1107529.028,3.724,1.0,1.0,0
1008.078431,1.0,1.0,1.0,5000.0,1000.0,0.001947089109,0.007362870923000001,1179004.385,3.724,1.0,1.0,0
1026.330097,1.0,1.0,1.0,5000.0,1000.0,0.001391588235,0.005166788118000001,1283373.727,3.724,1.0,1.0,0
1004.648649,1.0,1.0,1.0,5000.0,1000.0,0.0012988909089999999,0.00499023686,1158609.517,3.724,1.0,1.0,0
1202.048193,1.0,1.0,1.0,5000.0,1000.0,0.0015347073170000002,0.005406861392,1307926.774,3.724,1.0,1.0,0
1035.695652,1.0,1.0,1.0,5000.0,1000.0,0.0026640222220000002,0.007118845816,1516025.534,3.724,1.0,1.0,0
1068.716981,1.0,1.0,1.0,5000.0,1000.0,0.0004528269231,0.002595448019,1451210.825,3.724,1.0,1.0,0
1016.403846,1.0,1.0,1.0,5000.0,1000.0,0.001384019417,0.0051735338890000005,1200346.894,3.724,1.0,1.0,0
1059.835052,1.0,1.0,1.0,5000.0,1000.0,0.001486479167,0.005326066832,1401953.793,3.724,1.0,1.0,0
1079.176471,1.0,1.0,1.0,5000.0,1000.0,0.0014137623759999998,0.00522924024,1423006.134,3.724,1.0,1.0,0
1145.714286,1.0,1.0,1.0,5000.0,1000.0,0.0015815777780000002,0.005525250715,1635431.052,3.724,1.0,1.0,0
1016.461538,1.0,1.0,1.0,5000.0,1000.0,0.001386213592,0.005166932258,1200231.077,3.724,1.0,1.0,0
1062.0,1.0,1.0,1.0,5000.0,1000.0,0.001373576923,0.005152038249999999,1404702.323,3.724,1.0,1.0,0
1005.740741,1.0,1.0,1.0,5000.0,1000.0,0.001334570093,0.005066231797000001,1216652.067,3.724,1.0,1.0,0
978.8703704,1.0,1.0,1.0,5000.0,1000.0,0.0013317757010000001,0.005082437092,1153006.173,3.724,1.0,1.0,0
1038.396226,1.0,1.0,1.0,5000.0,1000.0,0.0043742,0.025868447219999997,1252669.706,3.724,1.0,1.0,0
1028.3,1.0,1.0,1.0,5000.0,1000.0,0.001981393939,0.007331954937,1391806.666,3.724,1.0,1.0,0
1038.509434,1.0,1.0,1.0,5000.0,1000.0,0.001366438095,0.005160420723,1331558.367,3.724,1.0,1.0,0
905.7647059,1.0,1.0,1.0,5000.0,1000.0,0.00237746,0.006838420713000001,1057449.76,3.724,1.0,1.0,0
1044.385965,1.0,1.0,1.0,5000.0,1000.0,0.00042451785710000004,0.0024940422029999998,1245490.59,3.724,1.0,1.0,0
1079.176471,1.0,1.0,1.0,5000.0,1000.0,0.0014102772279999999,0.005200012568,1463720.487,3.724,1.0,1.0,0
1270.935673,1.0,1.0,1.0,5000.0,1000.0,0.0008957235293999999,0.0039410607989999995,1573901.314,3.724,1.0,1.0,0
1051.867925,1.0,1.0,1.0,5000.0,1000.0,0.0013611238100000001,0.005126873066,1362467.885,3.724,1.0,1.0,0
1044.423077,1.0,1.0,1.0,5000.0,1000.0,0.001381961165,0.005145580321,1425403.694,3.724,1.0,1.0,0
1001.439252,1.0,1.0,1.0,5000.0,1000.0,0.0018505566040000001,0.007183492207,1148051.336,3.724,1.0,1.0,0
1015.271028,1.0,1.0,1.0,5000.0,1000.0,0.0017772735849999998,0.006695439852,1179961.703,3.724,1.0,1.0,0
1046.594059,1.0,1.0,1.0,5000.0,1000.0,0.0014188699999999998,0.005208188441,1205011.611,3.724,1.0,1.0,0
1032.611111,1.0,1.0,1.0,5000.0,1000.0,0.0013340467289999999,0.005070055725999999,1317695.027,3.724,1.0,1.0,0
1065.773585,1.0,1.0,1.0,5000.0,1000.0,0.001362638095,0.005135817381,1432582.04,3.724,1.0,1.0,0
1231.728395,1.0,1.0,1.0,5000.0,1000.0,0.0018228125,0.005603486864,1408079.987,3.724,1.0,1.0,0
1067.737374,1.0,1.0,1.0,5000.0,1000.0,0.0014520510200000001,0.005265395734,1376655.269,3.724,1.0,1.0,0
1013.836364,1.0,1.0,1.0,5000.0,1000.0,0.0013154036699999999,0.005024365225,1236183.138,3.724,1.0,1.0,0
1030.519231,1.0,1.0,1.0,5000.0,1000.0,0.0038324854369999996,0.020260203799999998,1313245.345,3.724,1.0,1.0,0
118.7272727,1.0,1.0,1.0,5000.0,1000.0,0.0062079,0.01011427018,42943.9697,3.724,1.0,1.0,0
944.0384615,1.0,1.0,1.0,5000.0,1000.0,0.002397156863,0.006748428277,1032522.179,3.724,1.0,1.0,0
1008.058824,1.0,1.0,1.0,5000.0,1000.0,0.001410326733,0.005204898034,1343092.2,3.724,1.0,1.0,0
1110.235294,1.0,1.0,1.0,5000.0,1000.0,0.00047002,0.0026360289670000004,1545593.006,3.724,1.0,1.0,0
1009.816514,1.0,1.0,1.0,5000.0,1000.0,0.001327453704,0.005026181290000001,1168835.995,3.724,1.0,1.0,0
1058.423077,1.0,1.0,1.0,5000.0,1000.0,0.001386650485,0.005172409953,1336543.612,3.724,1.0,1.0,0
909.0740741,1.0,1.0,1.0,5000.0,1000.0,0.0022602452830000003,0.006669291612,947243.4007,3.724,1.0,1.0,0
1096.699029,1.0,1.0,1.0,5000.0,1000.0,0.001400833333,0.005151361147,1440761.724,3.724,1.0,1.0,0
951.6206897,1.0,1.0,1.0,5000.0,1000.0,0.0004109122807,0.002404117326,989590.0129,3.724,1.0,1.0,0
993.1238095,1.0,1.0,1.0,5000.0,1000.0,0.001372346154,0.005133799265,1006537.387,3.724,1.0,1.0,0
1129.54,1.0,1.0,1.0,5000.0,1000.0,0.001446070707,0.005270741423,1658156.552,3.724,1.0,1.0,0
983.2293578,1.0,1.0,1.0,5000.0,1000.0,0.0018179629629999998,0.007111950527,1144399.291,3.724,1.0,1.0,0
952.0425532,1.0,1.0,1.0,5000.0,1000.0,0.002577673913,0.007097417775,1266887.615,3.724,1.0,1.0,0
1001.663551,1.0,1.0,1.0,5000.0,1000.0,0.001785981132,0.006711834485,1186798.277,3.724,1.0,1.0,0
1133.26087,1.0,1.0,1.0,5000.0,1000.0,0.001570428571,0.005473235176,1540303.049,3.724,1.0,1.0,0
1019.591837,1.0,1.0,1.0,5000.0,1000.0,0.001492391753,0.005275726576,1202286.597,3.724,1.0,1.0,0
1046.653465,1.0,1.0,1.0,5000.0,1000.0,0.00142378,0.005221177155,1329445.508,3.724,1.0,1.0,0
1081.72549,1.0,1.0,1.0,5000.0,1000.0,0.00048133999999999997,0.002730897921,1401323.68,3.724,1.0,1.0,0
992.5416667,1.0,1.0,1.0,5000.0,1000.0,0.0025433404260000003,0.007036295256,1144472.417,3.724,1.0,1.0,0
1028.747664,1.0,1.0,1.0,5000.0,1000.0,0.001343622642,0.0051020106,1250267.838,3.724,1.0,1.0,0
996.5688073,1.0,1.0,1.0,5000.0,1000.0,0.001322666667,0.005024264618,1175937.738,3.724,1.0,1.0,0
1155.591837,1.0,1.0,1.0,5000.0,1000.0,0.0004893333333,0.0026991866180000003,1559912.908,3.724,1.0,1.0,0
1089.820225,1.0,1.0,1.0,5000.0,1000.0,0.001498454545,0.005323404759,1565184.185,3.724,1.0,1.0,0
1057.12,1.0,1.0,1.0,5000.0,1000.0,0.001440323232,0.0052721572159999995,1289958.449,3.724,1.0,1.0,0
1036.392157,1.0,1.0,1.0,5000.0,1000.0,0.001419386139,0.0052333234009999995,1203504.439,3.724,1.0,1.0,0
995.6785714,1.0,1.0,1.0,5000.0,1000.0,0.0012853603599999998,0.004967096442,1119596.884,3.724,1.0,1.0,0
1006.838095,1.0,1.0,1.0,5000.0,1000.0,0.0013730480769999999,0.0051507102,1238186.226,3.724,1.0,1.0,0
1048.285714,1.0,1.0,1.0,5000.0,1000.0,0.0013725,0.00510657542,1413403.27,3.724,1.0,1.0,0
1078.632653,1.0,1.0,1.0,5000.0,1000.0,0.001466463918,0.005288035956,1293606.053,3.724,1.0,1.0,0
974.75,1.0,1.0,1.0,5000.0,1000.0,0.001902582524,0.007284514924,1141372.597,3.724,1.0,1.0,0
957.0,1.0,1.0,1.0,5000.0,1000.0,0.0016791891889999999,0.006433109663999999,1100853.108,3.724,1.0,1.0,0
988.0186916,1.0,1.0,1.0,5000.0,1000.0,0.001352396226,0.005103580841,1115718.338,3.724,1.0,1.0,0
1135.113636,1.0,1.0,1.0,5000.0,1000.0,0.001641574713,0.005635645242,1544475.187,3.724,1.0,1.0,0
986.920354,1.0,1.0,1.0,5000.0,1000.0,0.001274410714,0.004961164281999999,1155238.231,3.724,1.0,1.0,0
1258.103896,1.0,1.0,1.0,5000.0,1000.0,0.001683315789,0.005616204802,1495199.272,3.724,1.0,1.0,0
1044.442308,1.0,1.0,1.0,5000.0,1000.0,0.001817757282,0.006663834004,1385043.868,3.724,1.0,1.0,0
1013.781818,1.0,1.0,1.0,5000.0,1000.0,0.001308743119,0.004999051779,1160048.63,3.724,1.0,1.0,0
103.4,1.0,1.0,1.0,5000.0,1000.0,0.009667,0.01144158809,44548.16667,3.724,1.0,1.0,0
988.0186916,1.0,1.0,1.0,5000.0,1000.0,0.0013559056599999999,0.005122867712,1154909.067,3.724,1.0,1.0,0
1031.978723,1.0,1.0,1.0,5000.0,1000.0,0.001319483871,0.005092340652,1317144.444,3.724,1.0,1.0,0
1032.455446,1.0,1.0,1.0,5000.0,1000.0,0.0023476599999999997,0.008419380655000001,1255682.898,3.724,1.0,1.0,0
937.1596639,1.0,1.0,1.0,5000.0,1000.0,0.001207974576,0.004818183476,931398.0277,3.724,1.0,1.0,0
1100.979167,1.0,1.0,1.0,5000.0,1000.0,0.001543989474,0.005370103621,1471312.152,3.724,1.0,1.0,0
1105.354839,1.0,1.0,1.0,5000.0,1000.0,0.001563423913,0.005491244336,1548319.835,3.724,1.0,1.0,0
1090.888889,1.0,1.0,1.0,5000.0,1000.0,0.002720772727,0.007256270488,1691686.591,3.724,1.0,1.0,0
1042.78,1.0,1.0,1.0,5000.0,1000.0,0.001442626263,0.005293125026,1383081.39,3.724,1.0,1.0,0
956.9464286,1.0,1.0,1.0,5000.0,1000.0,0.001707558559,0.006628725671999999,988630.9839,3.724,1.0,1.0,0
1058.365385,1.0,1.0,1.0,5000.0,1000.0,0.0013866601940000002,0.005167649797,1336664.225,3.724,1.0,1.0,0
1195.568627,1.0,1.0,1.0,5000.0,1000.0,0.00047644,0.002639633386,1724214.641,3.724,1.0,1.0,0
1030.557692,1.0,1.0,1.0,5000.0,1000.0,0.001823640777,0.00675833655,1433739.827,3.724,1.0,1.0,0
1012.23301,1.0,1.0,1.0,5000.0,1000.0,0.001395009804,0.005194920565,1047990.777,3.724,1.0,1.0,0
996.3486239,1.0,1.0,1.0,5000.0,1000.0,0.001330564815,0.005084522209,1099427.97,3.724,1.0,1.0,0
965.5238095,1.0,1.0,1.0,5000.0,1000.0,0.0018885,0.00730128388,1139187.064,3.724,1.0,1.0,0
1030.041237,1.0,1.0,1.0,5000.0,1000.0,0.0014816770830000001,0.0053415056960000006,1420353.179,3.724,1.0,1.0,0
1079.176471,1.0,1.0,1.0,5000.0,1000.0,0.002221821782,0.008086512171,1422608.644,3.724,1.0,1.0,0
1108.061224,1.0,1.0,1.0,5000.0,1000.0,0.001480175258,0.005316455522,1401063.564,3.724,1.0,1.0,0
1207.588889,1.0,1.0,1.0,5000.0,1000.0,0.001493893855,0.007043843827,1570585.288,3.724,1.0,1.0,0
1020.87619,1.0,1.0,1.0,5000.0,1000.0,0.001441865385,0.005187461349,1390095.692,3.724,1.0,1.0,0
1001.607477,1.0,1.0,1.0,5000.0,1000.0,0.0017989433959999998,0.006815065796,1147718.505,3.724,1.0,1.0,0
1035.695652,1.0,1.0,1.0,5000.0,1000.0,0.002643244444,0.007136207186,1607186.577,3.724,1.0,1.0,0
968.2333333,1.0,1.0,1.0,5000.0,1000.0,0.0004003898305,0.002407127592,1174614.068,3.724,1.0,1.0,0
1032.444444,1.0,1.0,1.0,5000.0,1000.0,0.001385392523,0.005056007739,1240379.342,3.724,1.0,1.0,0
1093.0,1.0,1.0,1.0,5000.0,1000.0,0.001411891089,0.005211045551,1413028.122,3.724,1.0,1.0,0
1001.663551,1.0,1.0,1.0,5000.0,1000.0,0.001797933962,0.006844318487,1225989.006,3.724,1.0,1.0,0
1104.0,1.0,1.0,1.0,5000.0,1000.0,0.00144,0.005288945821,1497954.365,3.724,1.0,1.0,0
1089.752577,1.0,1.0,1.0,5000.0,1000.0,0.00148165625,0.0053260958579999995,1467993.08,3.724,1.0,1.0,0
995.625,1.0,1.0,1.0,5000.0,1000.0,0.00129245045,0.0049764395320000005,1119702.296,3.724,1.0,1.0,0
1040.446602,1.0,1.0,1.0,5000.0,1000.0,0.0018249803919999999,0.00669865974,1396973.395,3.724,1.0,1.0,0
969.8899083,1.0,1.0,1.0,5000.0,1000.0,0.001321537037,0.005047507118,1074036.563,3.724,1.0,1.0,0
1048.897959,1.0,1.0,1.0,5000.0,1000.0,0.001459195876,0.005272667679,1313437.54,3.724,1.0,1.0,0
1016.954545,1.0,1.0,1.0,5000.0,1000.0,0.002549255814,0.006881422971,1575979.598,3.724,1.0,1.0,0
931.9826087,1.0,1.0,1.0,5000.0,1000.0,0.001653885965,0.006330098686,949237.3538,3.724,1.0,1.0,0
1022.509804,1.0,1.0,1.0,5000.0,1000.0,0.0014036732669999998,0.005209030586,1376498.755,3.724,1.0,1.0,0
1051.924528,1.0,1.0,1.0,5000.0,1000.0,0.002058171429,0.008002078303000001,1362350.255,3.724,1.0,1.0,0
1071.145833,1.0,1.0,1.0,5000.0,1000.0,0.002085968421,0.006999961701,1535871.323,3.724,1.0,1.0,0
1054.282609,1.0,1.0,1.0,5000.0,1000.0,0.001421791209,0.005192797404,1322894.964,3.724,1.0,1.0,0
1065.868132,1.0,1.0,1.0,5000.0,1000.0,0.0013673888890000001,0.005197156249,1417512.007,3.724,1.0,1.0,0
1078.693878,1.0,1.0,1.0,5000.0,1000.0,0.0014590412369999998,0.005299311722000001,1464635.183,3.724,1.0,1.0,0
1062.0,1.0,1.0,1.0,5000.0,1000.0,0.0013669230769999998,0.005116357022,1324827.885,3.724,1.0,1.0,0
956.4716981,1.0,1.0,1.0,5000.0,1000.0,0.001881047619,0.007330923114,1136881.968,3.724,1.0,1.0,0
960.9636364,1.0,1.0,1.0,5000.0,1000.0,0.001317963303,0.005060616419,958435.3235,3.724,1.0,1.0,0
956.4150943,1.0,1.0,1.0,5000.0,1000.0,0.001880552381,0.007265795482,1097428.44,3.724,1.0,1.0,0
965.6216216,1.0,1.0,1.0,5000.0,1000.0,0.001700118182,0.006446677144,1064814.378,3.724,1.0,1.0,0
1086.229167,1.0,1.0,1.0,5000.0,1000.0,0.0015038736839999998,0.005391456828,1394885.384,3.724,1.0,1.0,0
972.2857143,1.0,1.0,1.0,5000.0,1000.0,0.0031878125,0.008339441059,1311182.137,3.724,1.0,1.0,0
657.75,1.0,1.0,1.0,5000.0,1000.0,0.003592086957,0.007949862554,1008078.007,3.724,1.0,1.0,0
1012.389381,1.0,1.0,1.0,5000.0,1000.0,0.0012808214290000002,0.004947823282,1067653.668,3.724,1.0,1.0,0
1069.894737,1.0,1.0,1.0,5000.0,1000.0,0.0004296071429,0.002535944857,1523546.918,3.724,1.0,1.0,0
1003.70297,1.0,1.0,1.0,5000.0,1000.0,0.00198395,0.007514493952,1229811.308,3.724,1.0,1.0,0
1016.954545,1.0,1.0,1.0,5000.0,1000.0,0.0027661627910000003,0.007290202313,1385370.143,3.724,1.0,1.0,0
1017.980198,1.0,1.0,1.0,5000.0,1000.0,0.00142273,0.005217059239,1305027.129,3.724,1.0,1.0,0
1016.403846,1.0,1.0,1.0,5000.0,1000.0,0.001387728155,0.005180812284,1240668.125,3.724,1.0,1.0,0
978.8703704,1.0,1.0,1.0,5000.0,1000.0,0.001334607477,0.0050787087330000005,1153006.173,3.724,1.0,1.0,0
1020.742857,1.0,1.0,1.0,5000.0,1000.0,0.001804384615,0.006668193415,1350040.12,3.724,1.0,1.0,0
1078.632653,1.0,1.0,1.0,5000.0,1000.0,0.001478969072,0.005359426735,1464765.563,3.724,1.0,1.0,0
1051.865385,1.0,1.0,1.0,5000.0,1000.0,0.0004597058824,0.002624221822,1285549.557,3.724,1.0,1.0,0
972.2857143,1.0,1.0,1.0,5000.0,1000.0,0.0024680833330000002,0.0069284449020000005,1311182.137,3.724,1.0,1.0,0
1050.72549,1.0,1.0,1.0,5000.0,1000.0,0.001413108911,0.005222010952,1359282.232,3.724,1.0,1.0,0
1097.6,1.0,1.0,1.0,5000.0,1000.0,0.0015135106379999999,0.0054079195630000005,1529836.73,3.724,1.0,1.0,0
1017.861386,1.0,1.0,1.0,5000.0,1000.0,0.0012296800000000001,0.004926465731000001,1180709.253,3.724,1.0,1.0,0
978.2105263,1.0,1.0,1.0,5000.0,1000.0,0.0012608672570000002,0.004915025604,1043175.21,3.724,1.0,1.0,0
1103.940594,1.0,1.0,1.0,5000.0,1000.0,0.00143531,0.00525401042,1456564.996,3.724,1.0,1.0,0
1063.877551,1.0,1.0,1.0,5000.0,1000.0,0.001466443299,0.0052907091739999995,1303506.013,3.724,1.0,1.0,0
1022.708333,1.0,1.0,1.0,5000.0,1000.0,0.002529340426,0.007009167464,1390689.056,3.724,1.0,1.0,0
1013.659574,1.0,1.0,1.0,5000.0,1000.0,0.002565456522,0.007044971057,1415954.594,3.724,1.0,1.0,0
1032.555556,1.0,1.0,1.0,5000.0,1000.0,0.001343411215,0.005112820617,1317808.373,3.724,1.0,1.0,0
1068.716981,1.0,1.0,1.0,5000.0,1000.0,0.0004565192308,0.00262833439,1372854.9,3.724,1.0,1.0,0
1061.307692,1.0,1.0,1.0,5000.0,1000.0,0.0004587254902,0.0026172241640000002,1314952.938,3.724,1.0,1.0,0
1024.060606,1.0,1.0,1.0,5000.0,1000.0,0.0014507142859999998,0.005277595098,1361622.351,3.724,1.0,1.0,0
1036.333333,1.0,1.0,1.0,5000.0,1000.0,0.001416,0.005215252899,1326960.357,3.724,1.0,1.0,0
103.4,1.0,1.0,1.0,5000.0,1000.0,0.00893475,0.011009315399999999,44548.16667,3.724,1.0,1.0,0
1202.048193,1.0,1.0,1.0,5000.0,1000.0,0.0038259512199999997,0.01605182267,1307926.774,3.724,1.0,1.0,0
944.0384615,1.0,1.0,1.0,5000.0,1000.0,0.002328098039,0.006750486351,1032522.179,3.724,1.0,1.0,0
1087.035088,1.0,1.0,1.0,5000.0,1000.0,0.0004221071429,0.0024963132500000003,1577528.492,3.724,1.0,1.0,0
1145.648352,1.0,1.0,1.0,5000.0,1000.0,0.0015932777779999999,0.005509738302,1543417.28,3.724,1.0,1.0,0
1060.930693,1.0,1.0,1.0,5000.0,1000.0,0.0018883399999999999,0.006717883713,1403446.925,3.724,1.0,1.0,0
997.2830189,1.0,1.0,1.0,5000.0,1000.0,0.0013704857139999998,0.005166003581,1156791.961,3.724,1.0,1.0,0
1057.0,1.0,1.0,1.0,5000.0,1000.0,0.001437474747,0.005246897858,1457945.231,3.724,1.0,1.0,0
943.9107143,1.0,1.0,1.0,5000.0,1000.0,0.0012835225230000001,0.004976628369,957028.3739,3.724,1.0,1.0,0
935.5044248,1.0,1.0,1.0,5000.0,1000.0,0.0012802857140000001,0.0049725843050000005,882115.4324,3.724,1.0,1.0,0
1086.104167,1.0,1.0,1.0,5000.0,1000.0,0.0015029052630000002,0.00538186666,1482093.71,3.724,1.0,1.0,0
1020.685714,1.0,1.0,1.0,5000.0,1000.0,0.001819894231,0.006815888319,1310218.111,3.724,1.0,1.0,0
1058.480769,1.0,1.0,1.0,5000.0,1000.0,0.001386029126,0.005170138048,1416675.608,3.724,1.0,1.0,0
997.2830189,1.0,1.0,1.0,5000.0,1000.0,0.001354809524,0.0050982979759999995,1156791.961,3.724,1.0,1.0,0
1020.628571,1.0,1.0,1.0,5000.0,1000.0,0.0018124903850000001,0.006711686207,1270396.095,3.724,1.0,1.0,0
962.5490196,1.0,1.0,1.0,5000.0,1000.0,0.00237798,0.006816532141,1200070.116,3.724,1.0,1.0,0
1040.38835,1.0,1.0,1.0,5000.0,1000.0,0.001828970588,0.006681767563000001,1274954.996,3.724,1.0,1.0,0
993.745098,1.0,1.0,1.0,5000.0,1000.0,0.0019423069310000002,0.007353719959,1186463.285,3.724,1.0,1.0,0
1038.509434,1.0,1.0,1.0,5000.0,1000.0,0.0013622857140000002,0.005071223272,1370736.329,3.724,1.0,1.0,0
1202.048193,1.0,1.0,1.0,5000.0,1000.0,0.0015457073170000001,0.005449846641,1358449.762,3.724,1.0,1.0,0
1086.166667,1.0,1.0,1.0,5000.0,1000.0,0.001501421053,0.005363790809,1481959.718,3.724,1.0,1.0,0
970.0,1.0,1.0,1.0,5000.0,1000.0,0.001320972222,0.005040249492,1150768.866,3.724,1.0,1.0,0
974.1238938,1.0,1.0,1.0,5000.0,1000.0,0.001277232143,0.0049630639090000005,976368.4937,3.724,1.0,1.0,0
1068.699029,1.0,1.0,1.0,5000.0,1000.0,0.001399107843,0.00516792195,1460491.509,3.724,1.0,1.0,0
1032.666667,1.0,1.0,1.0,5000.0,1000.0,0.001354252336,0.005064643589,1356409.527,3.724,1.0,1.0,0
986.920354,1.0,1.0,1.0,5000.0,1000.0,0.001279973214,0.0049915272169999995,1006799.01,3.724,1.0,1.0,0
969.9285714,1.0,1.0,1.0,5000.0,1000.0,0.0012870090090000002,0.004975396252,1094881.71,3.724,1.0,1.0,0
965.5238095,1.0,1.0,1.0,5000.0,1000.0,0.00188975,0.007281722358,1139187.064,3.724,1.0,1.0,0
1034.361905,1.0,1.0,1.0,5000.0,1000.0,0.001374307692,0.00515374972,1302345.956,3.724,1.0,1.0,0
1032.106383,1.0,1.0,1.0,5000.0,1000.0,0.001326903226,0.005118376377,1361495.207,3.724,1.0,1.0,0
1036.392157,1.0,1.0,1.0,5000.0,1000.0,0.001413178218,0.0051984616939999995,1367951.812,3.724,1.0,1.0,0
952.84,1.0,1.0,1.0,5000.0,1000.0,0.002602244898,0.006951188992,1051156.055,3.724,1.0,1.0,0
1032.5,1.0,1.0,1.0,5000.0,1000.0,0.001331747664,0.005064200025,1317921.712,3.724,1.0,1.0,0
992.3888889,1.0,1.0,1.0,5000.0,1000.0,0.001747317757,0.006564054301,1223672.446,3.724,1.0,1.0,0
1013.74,1.0,1.0,1.0,5000.0,1000.0,0.00199859596,0.007580754812999999,1357936.231,3.724,1.0,1.0,0
1061.942857,1.0,1.0,1.0,5000.0,1000.0,0.0013726923079999999,0.005124604588999999,1364884.985,3.724,1.0,1.0,0
1075.481481,1.0,1.0,1.0,5000.0,1000.0,0.0004433584906,0.002560779277,1427025.328,3.724,1.0,1.0,0
1023.082569,1.0,1.0,1.0,5000.0,1000.0,0.0013221296299999999,0.005034474246,1238290.557,3.724,1.0,1.0,0
1008.196078,1.0,1.0,1.0,5000.0,1000.0,0.001922009901,0.007225287596,1302105.714,3.724,1.0,1.0,0
1016.461538,1.0,1.0,1.0,5000.0,1000.0,0.001386592233,0.005175233113,1240552.307,3.724,1.0,1.0,0
1001.663551,1.0,1.0,1.0,5000.0,1000.0,0.001758556604,0.006551855641,1186798.277,3.724,1.0,1.0,0
974.1769912,1.0,1.0,1.0,5000.0,1000.0,0.001277080357,0.00494340638,976625.0666,3.724,1.0,1.0,0
923.9482759,1.0,1.0,1.0,5000.0,1000.0,0.001700382609,0.006890104358,912200.618,3.724,1.0,1.0,0
1089.814433,1.0,1.0,1.0,5000.0,1000.0,0.00148140625,0.005312547458,1424628.998,3.724,1.0,1.0,0
1109.085106,1.0,1.0,1.0,5000.0,1000.0,0.001531129032,0.005402606477,1399584.542,3.724,1.0,1.0,0
1057.06,1.0,1.0,1.0,5000.0,1000.0,0.001441838384,0.005258470183,1332017.764,3.724,1.0,1.0,0
1102.272727,1.0,1.0,1.0,5000.0,1000.0,0.001410034483,0.005277791893,1521823.078,3.724,1.0,1.0,0
974.4,1.0,1.0,1.0,5000.0,1000.0,0.0017159449540000002,0.006492211787,1142337.383,3.724,1.0,1.0,0
1038.509434,1.0,1.0,1.0,5000.0,1000.0,0.001356857143,0.005081004253,1291615.423,3.724,1.0,1.0,0
0.0,1.0,1.0,1.0,5000.0,1000.0,0.000161,0.0,0.0,3.724,1.0,1.0,0
147.4,1.0,1.0,1.0,1091.6648208,181.9441368,0.056371205130000004,0.169507406,154616.661,3.724,1.0,1.0,0
37.0,1.0,1.0,1.0,5000.0,1000.0,0.0001,0.0,456.3333333,3.724,1.0,1.0,0
0.0,1.0,1.0,1.0,2376.8965656,396.14942759999997,0.050486,0.0,0.0,3.724,1.0,1.0,0
0.0,1.0,1.0,1.0,2340.4130832,390.06884720000005,0.051273,0.0,0.0,3.724,1.0,1.0,0
0.0,1.0,1.0,1.0,2365.8373092,394.3062182,0.050722,0.0,0.0,3.724,1.0,1.0,0
0.0,1.0,1.0,1.0,2369.6214528,394.9369088,0.050641,0.0,0.0,3.724,1.0,1.0,0
0.0,1.0,1.0,1.0,2351.92662,391.98777,0.051022,0.0,0.0,3.724,1.0,1.0,0
0.0,1.0,1.0,1.0,2341.6918722,390.28197869999997,0.051245,0.0,0.0,3.724,1.0,1.0,0
0.0,1.0,1.0,1.0,2374.6388568,395.7731428,0.050534,0.0,0.0,3.724,1.0,1.0,0
0.0,1.0,1.0,1.0,2358.3051648,393.0508608,0.050884,0.0,0.0,3.724,1.0,1.0,0
0.0,1.0,1.0,1.0,2380.5745122,396.7624187,0.050408,0.0,0.0,3.724,1.0,1.0,0
0.0,1.0,1.0,1.0,1432.2543684,238.7090614,0.083784,0.0,0.0,3.724,1.0,1.0,0
0.0,1.0,1.0,1.0,2357.3322858,392.8887143,0.050905,0.0,0.0,3.724,1.0,1.0,0
0.0,1.0,1.0,1.0,2568.0534156000003,428.00890260000006,0.046728,0.0,0.0,3.724,1.0,1.0,0
0.0,1.0,1.0,1.0,2360.6712174,393.44520289999997,0.050833,0.0,0.0,3.724,1.0,1.0,0
0.0,1.0,1.0,1.0,2378.686965,396.44782749999996,0.050448,0.0,0.0,3.724,1.0,1.0,0
266.3611111,1.0,1.0,1.0,18.52380852,3.0873014199999997,3.3316197140000003,13.7,281286.3619,3.724,1.0,1.0,0
72.0,1.0,1.0,1.0,1315.9337646000001,219.32229410000002,0.09119,0.0,0.0,3.724,1.0,1.0,0
72.0,1.0,1.0,1.0,1415.4949512,235.9158252,0.084776,0.0,0.0,3.724,1.0,1.0,0
53.0,1.0,1.0,1.0,5000.0,1000.0,0.0001,0.0,936.3333333,3.724,1.0,1.0,0
53.84615385,1.0,1.0,1.0,5000.0,1000.0,0.0001,1.9924098400000003e-06,0.0,3.724,1.0,1.0,0
85.25,1.0,1.0,1.0,5000.0,1000.0,0.0001043333333,0.0001703652938,1009.2,3.724,1.0,1.0,0
64.25,1.0,1.0,1.0,5000.0,1000.0,0.0001,0.00014087346569999998,76.8,3.724,1.0,1.0,0
64.25,1.0,1.0,1.0,5000.0,1000.0,0.0001,0.00010248089249999999,76.8,3.724,1.0,1.0,0
85.25,1.0,1.0,1.0,5000.0,1000.0,0.0001,7.125307010999999e-05,1009.2,3.724,1.0,1.0,0
64.25,1.0,1.0,1.0,5000.0,1000.0,0.0001,0.0001440497599,76.8,3.724,1.0,1.0,0
85.25,1.0,1.0,1.0,5000.0,1000.0,0.0001,0.00015617404819999998,1009.2,3.724,1.0,1.0,0
81.25,1.0,1.0,1.0,5000.0,1000.0,0.008466333333,0.014658057319999999,907.5,3.724,1.0,1.0,0
87.25,1.0,1.0,1.0,5000.0,1000.0,0.008623666666999999,0.01493316475,1346.7,3.724,1.0,1.0,0
85.25,1.0,1.0,1.0,5000.0,1000.0,0.0001,0.0001056550993,1009.2,3.724,1.0,1.0,0
64.25,1.0,1.0,1.0,5000.0,1000.0,0.0001,0.000103058236,76.8,3.724,1.0,1.0,0
61.0,1.0,1.0,1.0,3906.3771606000005,651.0628601000001,0.020479333330000002,0.03546518366,307.2,3.724,1.0,1.0,0
73.0,1.0,1.0,1.0,3892.0601970000002,648.6766995,0.02055466667,0.035559299520000004,940.8,3.724,1.0,1.0,0
85.25,1.0,1.0,1.0,5000.0,1000.0,0.0001,0.0001656995273,1009.2,3.724,1.0,1.0,0
64.25,1.0,1.0,1.0,5000.0,1000.0,0.0001,0.0001270170592,76.8,3.724,1.0,1.0,0
85.25,1.0,1.0,1.0,5000.0,1000.0,0.0001,7.285830998e-05,1009.2,3.724,1.0,1.0,0
64.25,1.0,1.0,1.0,5000.0,1000.0,0.0001,0.0001423177197,76.8,3.724,1.0,1.0,0
85.25,1.0,1.0,1.0,5000.0,1000.0,0.0001,0.0001478016689,1009.2,3.724,1.0,1.0,0
64.25,1.0,1.0,1.0,5000.0,1000.0,0.0001,0.0001096965511,76.8,3.724,1.0,1.0,0
64.25,1.0,1.0,1.0,5000.0,1000.0,0.0001,0.0001420281662,76.8,3.724,1.0,1.0,0
85.25,1.0,1.0,1.0,5000.0,1000.0,0.0001,0.0001333679122,1009.2,3.724,1.0,1.0,0
64.25,1.0,1.0,1.0,5000.0,1000.0,0.0001,0.0001082543302,76.8,3.724,1.0,1.0,0
85.25,1.0,1.0,1.0,5000.0,1000.0,0.000133,0.0001893911297,1009.2,3.724,1.0,1.0,0
62.0,1.0,1.0,1.0,5000.0,1000.0,0.008209666667,0.014205704250000001,346.8,3.724,1.0,1.0,0
85.25,1.0,1.0,1.0,5000.0,1000.0,0.00010666666669999999,0.00014347241310000002,1009.2,3.724,1.0,1.0,0
64.25,1.0,1.0,1.0,5000.0,1000.0,0.0001,0.0001452044536,76.8,3.724,1.0,1.0,0
94.0,1.0,1.0,1.0,3973.6415111999995,662.2735852,0.02013266667,0.03486473938,2881.2,3.724,1.0,1.0,0
64.25,1.0,1.0,1.0,5000.0,1000.0,0.0001,0.0001382762935,76.8,3.724,1.0,1.0,0
85.25,1.0,1.0,1.0,5000.0,1000.0,0.000103,0.0001372151595,1009.2,3.724,1.0,1.0,0
75.0,1.0,1.0,1.0,5000.0,1000.0,0.0001,0.00015040057619999998,1470.0,3.724,1.0,1.0,0
73.0,1.0,1.0,1.0,5000.0,1000.0,0.000108,0.00018532943639999999,1306.8,3.724,1.0,1.0,0
64.25,1.0,1.0,1.0,5000.0,1000.0,0.00010733333330000001,0.0001798453039,76.8,3.724,1.0,1.0,0
85.25,1.0,1.0,1.0,5000.0,1000.0,0.000156,0.0001586158882,1009.2,3.724,1.0,1.0,0
85.25,1.0,1.0,1.0,5000.0,1000.0,0.00011066666669999999,0.0001796561531,1009.2,3.724,1.0,1.0,0
64.25,1.0,1.0,1.0,5000.0,1000.0,0.00011166666669999999,9.640712284e-05,76.8,3.724,1.0,1.0,0
64.25,1.0,1.0,1.0,5000.0,1000.0,0.0001,0.0001336575225,76.8,3.724,1.0,1.0,0
85.25,1.0,1.0,1.0,5000.0,1000.0,0.0001003333333,0.0001326700167,1009.2,3.724,1.0,1.0,0
33.16666667,1.0,1.0,1.0,102.24780437999999,17.04130073,0.7041716,1.5494829609999998,395.2857143,3.724,1.0,1.0,0
9.0,1.0,1.0,1.0,5000.0,1000.0,0.0001,0.0,0.0,3.724,1.0,1.0,0
0.0,1.0,1.0,1.0,44.72239692,7.45373282,2.0124145,2.775420279,0.0,3.724,1.0,1.0,0
7.75,1.0,1.0,1.0,47.93860026,7.9897667100000005,1.668801333,2.847365711,192.2,3.724,1.0,1.0,0
0.0,1.0,1.0,1.0,36.4192143,6.069869049999999,2.471223,3.423935485,0.0,3.724,1.0,1.0,0
7.75,1.0,1.0,1.0,47.24196486,7.8736608100000005,1.6934096669999998,2.8897552220000002,192.2,3.724,1.0,1.0,0
0.0,1.0,1.0,1.0,36.65657796,6.10942966,2.455221,3.401677178,0.0,3.724,1.0,1.0,0
0.0,1.0,1.0,1.0,36.58144746,6.0969079100000005,2.4602635,3.408809764,0.0,3.724,1.0,1.0,0
7.75,1.0,1.0,1.0,48.14921442,8.024869070000001,1.6615016669999998,2.8346771669999997,192.2,3.724,1.0,1.0,0
7.75,1.0,1.0,1.0,48.14864448,8.02477408,1.661521333,2.834687949,192.2,3.724,1.0,1.0,0
0.0,1.0,1.0,1.0,2403.8461536,400.64102560000003,0.04992,0.0,0.0,3.724,1.0,1.0,0
0.0,1.0,1.0,1.0,5000.0,1000.0,0.0001,0.0,0.0,3.724,1.0,1.0,0
0.0,1.0,1.0,1.0,5000.0,1000.0,0.000161,0.0,0.0,3.724,1.0,1.0,0
0.0,1.0,1.0,1.0,5000.0,1000.0,0.000109,0.0,0.0,3.724,1.0,1.0,0
0.0,1.0,1.0,1.0,5000.0,1000.0,0.000242,0.0,0.0,3.724,1.0,1.0,0
0.0,1.0,1.0,1.0,2396.4053922000003,399.4008987,0.050075,0.0,0.0,3.724,1.0,1.0,0
0.0,1.0,1.0,1.0,2401.873461,400.3122435,0.049961,0.0,0.0,3.724,1.0,1.0,0
0.0,1.0,1.0,1.0,2393.6329362,398.9388227,0.050133,0.0,0.0,3.724,1.0,1.0,0
143.8536585,1.0,1.0,1.0,1363.5245004,227.2540834,0.0451037,0.1262649861,100100.2997,3.724,1.0,1.0,0
37.0,1.0,1.0,1.0,5000.0,1000.0,0.0001,0.0,456.3333333,3.724,1.0,1.0,0
31.22222222,1.0,1.0,1.0,8.45413692,1.40902282,7.98425675,20.3,388.3222222,3.724,1.0,1.0,0
33.16666667,1.0,1.0,1.0,79.60088117999999,13.266813529999999,0.9045126,2.005385286,395.2857143,3.724,1.0,1.0,0
7.5,1.0,1.0,1.0,5000.0,1000.0,0.0003546666667,0.0005714624514,0.0,3.724,1.0,1.0,0
33.16666667,1.0,1.0,1.0,79.60653144000001,13.267755240000001,0.9044484,2.005283852,395.2857143,3.724,1.0,1.0,0
33.16666667,1.0,1.0,1.0,79.61660183999999,13.269433639999999,0.904334,2.00544174,395.2857143,3.724,1.0,1.0,0
9.0,1.0,1.0,1.0,5000.0,1000.0,0.000306,0.0,0.0,3.724,1.0,1.0,0
7.5,1.0,1.0,1.0,5000.0,1000.0,0.00029066666670000003,0.0004999863331000001,0.0,3.724,1.0,1.0,0
72.0,1.0,1.0,1.0,1273.560876,212.260146,0.094224,0.0,0.0,3.724,1.0,1.0,0
72.0,1.0,1.0,1.0,3224.7662046,537.4610341,0.037212,0.0,0.0,3.724,1.0,1.0,0
71.57575758,1.0,1.0,1.0,17.063375039999997,2.8438958399999996,3.626187656,4.779672047,40224.01426,3.724,1.0,1.0,0
397.1521739,1.0,1.0,1.0,23.74627662,3.9577127699999997,2.5828610669999996,4.344708556,1750407.735,3.724,1.0,1.0,0
242.0909091,1.0,1.0,1.0,22.79799654,3.79966609,2.693015093,4.407113443,200464.6192,3.724,1.0,1.0,0
90.25,1.0,1.0,1.0,5000.0,1000.0,0.0001,0.00011864653389999999,1190.7,3.724,1.0,1.0,0
74.75,1.0,1.0,1.0,5000.0,1000.0,0.00010633333330000001,0.0001436744004,662.7,3.724,1.0,1.0,0
90.25,1.0,1.0,1.0,4711.7026914,785.2837819,0.016979,0.0293651992,1190.7,3.724,1.0,1.0,0
90.25,1.0,1.0,1.0,5000.0,1000.0,0.0001,0.0001449149176,1190.7,3.724,1.0,1.0,0
84.25,1.0,1.0,1.0,4737.5589726,789.5931621,0.016886333330000003,0.02924192511,780.3,3.724,1.0,1.0,0
68.75,1.0,1.0,1.0,5000.0,1000.0,0.0001,0.0001217045603,367.5,3.724,1.0,1.0,0
84.25,1.0,1.0,1.0,5000.0,1000.0,0.0001,6.322183167e-05,780.3,3.724,1.0,1.0,0
84.25,1.0,1.0,1.0,5000.0,1000.0,0.0001,6.293117934e-05,780.3,3.724,1.0,1.0,0
72.25,1.0,1.0,1.0,2373.2299662,395.53832769999997,0.03370933333,0.05838281393,811.2,3.724,1.0,1.0,0
66.25,1.0,1.0,1.0,4701.5495526,783.5915921000001,0.01701566667,0.02946680304,480.0,3.724,1.0,1.0,0
0.0,1.0,1.0,1.0,663.2912514,110.5485419,0.135687,0.1918889814,0.0,3.724,1.0,1.0,0
0.0,1.0,1.0,1.0,890.9843520000001,148.497392,0.08978833333,0.1555136251,0.0,3.724,1.0,1.0,0
0.0,1.0,1.0,1.0,682.7155392,113.78592319999998,0.1318265,0.18642941,0.0,3.724,1.0,1.0,0
0.0,1.0,1.0,1.0,666.958152,111.159692,0.134941,0.1908339781,0.0,3.724,1.0,1.0,0
60.0,1.0,1.0,1.0,3.80824242,0.63470707,21.0,36.3,0.0,3.724,1.0,1.0,0
87.0,1.0,1.0,1.0,2109.1669668,351.5278278,0.03792966667,0.06552816685,2650.8,3.724,1.0,1.0,0
266.9142857,1.0,1.0,1.0,18.1360065,3.02266775,3.405639824,19.9,393661.6286,3.724,1.0,1.0,0
266.9142857,1.0,2.0,1.0,18.1328028,3.0221337999999998,3.406241529,19.9,393661.6286,3.724,1.0,1.0,0
257.0,1.0,1.0,1.0,52.27585098,8.712641829999999,1.1936678,5.893651375,202018.7977,3.724,1.0,1.0,0
75.5,1.0,1.0,1.0,5000.0,849.7259634,0.023537,0.0,85.33333333,3.724,1.0,1.0,0
98.0,1.0,1.0,1.0,4846.7224037999995,807.7870673,0.024759,0.0,85.33333333,3.724,1.0,1.0,0
109.0,1.0,1.0,1.0,1979.9039747999998,329.9839958,0.060609,0.0,1045.333333,3.724,1.0,1.0,0
110.5,1.0,1.0,1.0,5000.0,854.5182653,0.023405,0.0,1045.333333,3.724,1.0,1.0,0
98.0,1.0,1.0,1.0,993.4432746,165.5738791,0.120792,0.0,901.3333333,3.724,1.0,1.0,0
99.5,1.0,1.0,1.0,2002.8707814000002,333.81179690000005,0.059914,0.0,1008.333333,3.724,1.0,1.0,0
109.0,1.0,1.0,1.0,1560.8537868,260.1422978,0.076881,0.0,1045.333333,3.724,1.0,1.0,0
102.5,1.0,1.0,1.0,1668.2190372,278.03650619999996,0.071933,0.0,800.3333333,3.724,1.0,1.0,0
92.0,1.0,1.0,1.0,1546.2323471999998,257.7053912,0.077608,0.0,85.33333333,3.724,1.0,1.0,0
96.5,1.0,1.0,1.0,1454.668881,242.4448135,0.082493,0.0,85.33333333,3.724,1.0,1.0,0
126.5,1.0,1.0,1.0,532.03988526,88.67331421,0.225547,0.0,3333.333333,3.724,1.0,1.0,0
97.5,1.0,1.0,1.0,3.79776102,0.6329601699999999,21.1,36.2,2348.0,3.724,1.0,1.0,0
109.0,1.0,1.0,1.0,1997.7026418,332.95044029999997,0.060069,0.0,1045.333333,3.724,1.0,1.0,0
80.5,1.0,1.0,1.0,5000.0,847.3140146000001,0.023604,0.0,341.3333333,3.724,1.0,1.0,0
95.0,1.0,1.0,1.0,5000.0,853.2059212,0.023441,0.0,1008.333333,3.724,1.0,1.0,0
93.5,1.0,1.0,1.0,2475.1964688000003,412.53274480000005,0.048481,0.0,1496.333333,3.724,1.0,1.0,0
173.0,1.0,1.0,1.0,1680.8606004,280.1434334,0.071392,0.0,11285.33333,3.724,1.0,1.0,0
127.0,1.0,1.0,1.0,1903.5231042,317.25385070000004,0.063041,0.0,1160.333333,3.724,1.0,1.0,0
155.5,1.0,1.0,1.0,879.307692,146.55128200000001,0.136471,0.0,8008.333333,3.724,1.0,1.0,0
105.0,1.0,1.0,1.0,5000.0,1000.0,0.000458,0.0,1200.0,3.724,1.0,1.0,0
98.5,1.0,1.0,1.0,2501.9807346000002,416.9967891,0.047962,0.0,1160.333333,3.724,1.0,1.0,0
88.5,1.0,1.0,1.0,5000.0,864.1921963,0.023143,0.0,768.0,3.724,1.0,1.0,0
137.5,1.0,1.0,1.0,5000.0,853.8251366,0.023424,0.0,5461.333333,3.724,1.0,1.0,0
107.0,1.0,1.0,1.0,2425.3693638,404.2282273,0.049477,0.0,1240.333333,3.724,1.0,1.0,0
199.0,1.0,1.0,1.0,971.3217258,161.88695429999999,0.123543,0.0,20008.33333,3.724,1.0,1.0,0
108.0,1.0,1.0,1.0,2461.5384618000003,410.2564103,0.04875,0.0,2523.0,3.724,1.0,1.0,0
97.5,1.0,1.0,1.0,981.4425570000001,163.57375950000002,0.122269,0.0,2187.0,3.724,1.0,1.0,0
96.66666667,1.0,1.0,1.0,3.6551167199999997,0.6091861199999999,19.7,43.4,3714.809524,3.724,1.0,1.0,0
153.0,1.0,1.0,1.0,5000.0,858.9220528,0.023285,0.0,2352.0,3.724,1.0,1.0,0
83.0,1.0,1.0,1.0,5000.0,868.3570684,0.023032,0.0,261.3333333,3.724,1.0,1.0,0
159.0,1.0,1.0,1.0,2410.7519538,401.7919923,0.049777,0.0,2352.0,3.724,1.0,1.0,0
118.0,1.0,1.0,1.0,1084.059804,180.676634,0.110695,0.0,2821.333333,3.724,1.0,1.0,0
105.0,1.0,1.0,1.0,2500.3646363999997,416.7274394,0.047993,0.0,768.0,3.724,1.0,1.0,0
68.0,1.0,1.0,1.0,1438.6764174,239.77940289999998,0.08341,0.0,85.33333333,3.724,1.0,1.0,0
88.5,1.0,1.0,1.0,5000.0,850.3401361,0.02352,0.0,1200.0,3.724,1.0,1.0,0
131.5,1.0,1.0,1.0,5000.0,858.1481164,0.023306,0.0,5461.333333,3.724,1.0,1.0,0
84.5,1.0,1.0,1.0,5000.0,844.2737135,0.023689,0.0,85.33333333,3.724,1.0,1.0,0
110.25,1.0,1.0,1.0,35.08996626,5.8483277099999995,2.279854,3.8709598229999997,1624.7,3.724,1.0,1.0,0
77.0,1.0,1.0,1.0,5000.0,852.6239502,0.023457,0.0,85.33333333,3.724,1.0,1.0,0
162.5,1.0,1.0,1.0,4627.6657284,771.2776214,0.025931,0.0,2241.333333,3.724,1.0,1.0,0
84.5,1.0,1.0,1.0,1985.4401058,330.9066843,0.06044,0.0,85.33333333,3.724,1.0,1.0,0
100.0,1.0,1.0,1.0,2585.0369442,430.83949070000006,0.046421,0.0,1160.333333,3.724,1.0,1.0,0
123.0,1.0,1.0,1.0,2587.0432254,431.1738709,0.046385,0.0,3267.0,3.724,1.0,1.0,0
107.0,1.0,1.0,1.0,1993.4217083999997,332.23695139999995,0.060198,0.0,1240.333333,3.724,1.0,1.0,0
158.0,1.0,1.0,1.0,1298.055081,216.3425135,0.092446,0.0,7301.333333,3.724,1.0,1.0,0
116.0,1.0,1.0,1.0,5000.0,836.0504975000001,0.023922,0.0,1365.333333,3.724,1.0,1.0,0
127.0,1.0,1.0,1.0,5000.0,856.7144999,0.023345,0.0,1045.333333,3.724,1.0,1.0,0
112.5,1.0,1.0,1.0,5000.0,841.6799933,0.023762,0.0,2352.0,3.724,1.0,1.0,0
86.0,1.0,1.0,1.0,1987.7422559999998,331.290376,0.06037,0.0,85.33333333,3.724,1.0,1.0,0
118.75,1.0,1.0,1.0,14.22006498,2.37001083,5.625853332999999,9.643311361,8057.0,3.724,1.0,1.0,0
100.5,1.0,1.0,1.0,3896.9895755999996,649.4982626,0.030793,0.0,1083.0,3.724,1.0,1.0,0
113.5,1.0,1.0,1.0,7.0716905400000005,1.17861509,10.2,20.4,6311.571429,3.724,1.0,1.0,0
80.0,1.0,1.0,1.0,1572.3270438,262.0545073,0.07632,0.0,85.33333333,3.724,1.0,1.0,0
120.0,1.0,1.0,1.0,1967.4711438000002,327.9118573,0.060992,0.0,1452.0,3.724,1.0,1.0,0
91.0,1.0,1.0,1.0,2482.5189293999997,413.75315489999997,0.048338,0.0,1541.333333,3.724,1.0,1.0,0
121.5,1.0,1.0,1.0,45.67092876,7.61182146,1.7516613330000002,2.919640963,3408.2,3.724,1.0,1.0,0
78.5,1.0,1.0,1.0,5000.0,848.7883546,0.023563,0.0,85.33333333,3.724,1.0,1.0,0
114.5,1.0,1.0,1.0,2451.4310226000002,408.57183710000004,0.048951,0.0,1240.333333,3.724,1.0,1.0,0
175.5,1.0,1.0,1.0,857.7861966,142.9643661,0.139895,0.0,9747.0,3.724,1.0,1.0,0
107.0,1.0,1.0,1.0,2382.7962114,397.13270190000003,0.050361,0.0,261.3333333,3.724,1.0,1.0,0
116.5,1.0,1.0,1.0,1257.0841932,209.5140322,0.095459,0.0,3605.333333,3.724,1.0,1.0,0
75.5,1.0,1.0,1.0,4177.9820346,696.3303391,0.028722,0.0,85.33333333,3.724,1.0,1.0,0
78.5,1.0,1.0,1.0,5000.0,861.5119534999999,0.023215,0.0,85.33333333,3.724,1.0,1.0,0
117.0,1.0,1.0,1.0,5000.0,854.189801,0.023414,0.0,1875.0,3.724,1.0,1.0,0
109.5,1.0,1.0,1.0,3865.9793814,644.3298969,0.03104,0.0,2352.0,3.724,1.0,1.0,0
117.5,1.0,1.0,1.0,5000.0,853.8980445999999,0.023422,0.0,1365.333333,3.724,1.0,1.0,0
108.25,1.0,1.0,1.0,4.370571900000001,0.7284286500000001,18.3,31.6,3748.3,3.724,1.0,1.0,0
106.25,1.0,1.0,1.0,85.98843528,14.331405880000002,0.9303576667,1.516951367,3196.0,3.724,1.0,1.0,0
91.0,1.0,1.0,1.0,5000.0,853.970965,0.02342,0.0,645.3333333,3.724,1.0,1.0,0
104.5,1.0,1.0,1.0,3.40233924,0.56705654,23.5,40.7,1406.3,3.724,1.0,1.0,0
111.5,1.0,1.0,1.0,5000.0,854.4817568000001,0.023406,0.0,1365.333333,3.724,1.0,1.0,0
98.25,1.0,1.0,1.0,3.410685,0.5684475,23.5,40.6,705.8,3.724,1.0,1.0,0
127.5,1.0,1.0,1.0,5000.0,850.0148753000001,0.023529,0.0,2187.0,3.724,1.0,1.0,0
82.75,1.0,1.0,1.0,2.76552954,0.46092159,28.9,50.0,967.2,3.724,1.0,1.0,0
130.5,1.0,1.0,1.0,5000.0,845.8090162999999,0.023646,0.0,2028.0,3.724,1.0,1.0,0
113.0,1.0,1.0,1.0,5000.0,838.7502621,0.023845,0.0,1240.333333,3.724,1.0,1.0,0
129.0,1.0,1.0,1.0,1865.8747068,310.9791178,0.064313,0.0,2523.0,3.724,1.0,1.0,0
74.0,1.0,1.0,1.0,710.2146624000001,118.36911040000001,0.168963,0.0,85.33333333,3.724,1.0,1.0,0
153.5,1.0,1.0,1.0,5000.0,846.23847,0.023634,0.0,2241.333333,3.724,1.0,1.0,0
91.0,1.0,1.0,1.0,1465.022586,244.170431,0.08191,0.0,1045.333333,3.724,1.0,1.0,0
84.5,1.0,1.0,1.0,2524.0308774,420.6718129,0.047543,0.0,261.3333333,3.724,1.0,1.0,0
104.5,1.0,1.0,1.0,2511.2482998,418.5413833,0.047785,0.0,1408.333333,3.724,1.0,1.0,0
154.0,1.0,1.0,1.0,930.5499552,155.09165919999998,0.128956,0.0,9633.333333,3.724,1.0,1.0,0
95.0,1.0,1.0,1.0,2483.1353724,413.8558954,0.048326,0.0,1121.333333,3.724,1.0,1.0,0
110.25,1.0,1.0,1.0,3.81756984,0.63626164,21.0,36.1,2271.2,3.724,1.0,1.0,0
90.5,1.0,1.0,1.0,5000.0,1000.0,0.000566,0.0,85.33333333,3.724,1.0,1.0,0
92.5,1.0,1.0,1.0,5000.0,852.4785815,0.023461,0.0,645.3333333,3.724,1.0,1.0,0
157.5,1.0,1.0,1.0,428.59285824,71.43214304,0.279986,0.0,9747.0,3.724,1.0,1.0,0
127.0,1.0,1.0,1.0,1928.2374306,321.3729051,0.062233,0.0,2133.333333,3.724,1.0,1.0,0
110.5,1.0,1.0,1.0,1995.9415854,332.6569309,0.060122,0.0,1045.333333,3.724,1.0,1.0,0
127.5,1.0,1.0,1.0,1960.3038467999997,326.71730779999996,0.061215,0.0,2187.0,3.724,1.0,1.0,0
105.0,1.0,1.0,1.0,4.12742184,0.68790364,19.4,33.3,2814.5,3.724,1.0,1.0,0
148.5,1.0,1.0,1.0,782.4879204,130.4146534,0.153357,0.0,9747.0,3.724,1.0,1.0,0
89.0,1.0,1.0,1.0,711.0731874,118.5121979,0.168759,0.0,85.33333333,3.724,1.0,1.0,0
88.75,1.0,1.0,1.0,24.64046484,4.10674414,3.246692,5.515382871,1493.0,3.724,1.0,1.0,0
153.0,1.0,1.0,1.0,779.8740504,129.9790084,0.153871,0.0,9747.0,3.724,1.0,1.0,0
97.0,1.0,1.0,1.0,2577.541026,429.59017099999994,0.046556,0.0,1045.333333,3.724,1.0,1.0,0
90.0,1.0,1.0,1.0,1982.9466588,330.4911098,0.060516,0.0,768.0,3.724,1.0,1.0,0
127.5,1.0,1.0,1.0,1563.416064,260.569344,0.076755,0.0,2187.0,3.724,1.0,1.0,0
109.0,1.0,1.0,1.0,2457.2540184,409.54233639999995,0.048835,0.0,1045.333333,3.724,1.0,1.0,0
110.5,1.0,1.0,1.0,5000.0,1000.0,0.000405,0.0,1045.333333,3.724,1.0,1.0,0
122.5,1.0,1.0,1.0,5000.0,1000.0,0.000491,0.0,936.3333333,3.724,1.0,1.0,0
112.5,1.0,1.0,1.0,1094.2415538,182.37359229999998,0.109665,0.0,3468.0,3.724,1.0,1.0,0
114.5,1.0,1.0,1.0,4741.396341,790.2327235,0.025309,0.0,1496.333333,3.724,1.0,1.0,0
96.5,1.0,1.0,1.0,2357.2859777999997,392.8809963,0.050906,0.0,261.3333333,3.724,1.0,1.0,0
97.0,1.0,1.0,1.0,734.0482146,122.34136910000001,0.163477,0.0,1408.333333,3.724,1.0,1.0,0
83.0,1.0,1.0,1.0,1951.3464288,325.2244048,0.061496,0.0,85.33333333,3.724,1.0,1.0,0
72.5,1.0,1.0,1.0,2516.6729586,419.4454931,0.047682,0.0,85.33333333,3.724,1.0,1.0,0
92.0,1.0,1.0,1.0,2377.0378146,396.1729691,0.050483,0.0,85.33333333,3.724,1.0,1.0,0
92.0,1.0,1.0,1.0,2000.4667758,333.4111293,0.059986,0.0,261.3333333,3.724,1.0,1.0,0
131.5,1.0,1.0,1.0,1726.8920262,287.8153377,0.069489,0.0,3400.333333,3.724,1.0,1.0,0
89.0,1.0,1.0,1.0,1992.8258268,332.1376378,0.060216,0.0,261.3333333,3.724,1.0,1.0,0
165.0,1.0,1.0,1.0,2490.9185261999996,415.15308769999996,0.048175,0.0,2352.0,3.724,1.0,1.0,0
107.0,1.0,1.0,1.0,2490.6600252000003,415.11000420000005,0.04818,0.0,1240.333333,3.724,1.0,1.0,0
104.0,1.0,1.0,1.0,1949.8245156000003,324.9707526,0.061544,0.0,800.3333333,3.724,1.0,1.0,0
108.0,1.0,1.0,1.0,2038.1819418,339.69699030000004,0.058876,0.0,2187.0,3.724,1.0,1.0,0
103.5,1.0,1.0,1.0,1991.0403186000003,331.84005310000003,0.06027,0.0,1323.0,3.724,1.0,1.0,0
103.5,1.0,1.0,1.0,1990.4788758,331.7464793,0.060287,0.0,1323.0,3.724,1.0,1.0,0
92.75,1.0,1.0,1.0,2.57521398,0.42920233,31.1,53.7,1104.2,3.724,1.0,1.0,0
122.5,1.0,1.0,1.0,5000.0,848.3922966,0.023574,0.0,936.3333333,3.724,1.0,1.0,0
110.5,1.0,1.0,1.0,5000.0,847.8528128,0.023589,0.0,1045.333333,3.724,1.0,1.0,0
122.0,1.0,1.0,1.0,5000.0,841.9989054,0.023753,0.0,1240.333333,3.724,1.0,1.0,0
104.0,1.0,1.0,1.0,656.3402466,109.3900411,0.182832,0.0,1776.333333,3.724,1.0,1.0,0
156.5,1.0,1.0,1.0,5000.0,847.6372113,0.023595,0.0,2241.333333,3.724,1.0,1.0,0
107.0,1.0,1.0,1.0,4972.2383358,828.7063893,0.024134,0.0,1240.333333,3.724,1.0,1.0,0
162.5,1.0,1.0,1.0,5000.0,837.6963351,0.023875,0.0,9861.333333,3.724,1.0,1.0,0
165.0,1.0,1.0,1.0,2568.4931508,428.08219180000003,0.04672,0.0,12675.0,3.724,1.0,1.0,0
106.5,1.0,1.0,1.0,5000.0,862.2919721,0.023194,0.0,2028.0,3.724,1.0,1.0,0
96.5,1.0,1.0,1.0,5.25519768,0.87586628,15.2,26.2,2987.2,3.724,1.0,1.0,0
75.5,1.0,1.0,1.0,5000.0,838.4689557,0.023853,0.0,85.33333333,3.724,1.0,1.0,0
168.0,1.0,1.0,1.0,1593.4350474,265.5725079,0.075309,0.0,2352.0,3.724,1.0,1.0,0
99.5,1.0,1.0,1.0,4977.6007962,829.6001327,0.024108,0.0,1365.333333,3.724,1.0,1.0,0
98.0,1.0,1.0,1.0,2005.7833422,334.2972237,0.059827,0.0,261.3333333,3.724,1.0,1.0,0
92.0,1.0,1.0,1.0,5000.0,833.9935782,0.023981,0.0,85.33333333,3.724,1.0,1.0,0
107.5,1.0,1.0,1.0,5000.0,1000.0,0.000679,0.0,1408.333333,3.724,1.0,1.0,0
108.0,1.0,1.0,1.0,5000.0,862.7011172,0.023183,0.0,2028.0,3.724,1.0,1.0,0
82.75,1.0,1.0,1.0,4.8408770400000005,0.8068128400000001,16.5,28.5,617.2,3.724,1.0,1.0,0
162.5,1.0,1.0,1.0,2592.0165888,432.0027648,0.046296,0.0,11656.33333,3.724,1.0,1.0,0
117.0,1.0,1.0,1.0,2013.0175133999999,335.50291889999994,0.059612,0.0,3072.0,3.724,1.0,1.0,0
86.0,1.0,1.0,1.0,5000.0,850.991405,0.023502,0.0,85.33333333,3.724,1.0,1.0,0
95.5,1.0,1.0,1.0,2433.7808784,405.6301464,0.049306,0.0,560.3333333,3.724,1.0,1.0,0
111.0,1.0,1.0,1.0,2528.125395,421.3542325,0.047466,0.0,2352.0,3.724,1.0,1.0,0
97.5,1.0,1.0,1.0,5000.0,855.9811684,0.023365,0.0,2028.0,3.724,1.0,1.0,0
110.5,1.0,1.0,1.0,5000.0,862.6639061000001,0.023184,0.0,1408.333333,3.724,1.0,1.0,0
93.0,1.0,1.0,1.0,2521.3791942,420.2298657,0.047593,0.0,768.0,3.724,1.0,1.0,0
143.0,1.0,1.0,1.0,1191.7057284,198.6176214,0.100696,0.0,4641.333333,3.724,1.0,1.0,0
122.5,1.0,1.0,1.0,5000.0,849.6537661000001,0.023539,0.0,5461.333333,3.724,1.0,1.0,0
88.75,1.0,1.0,1.0,2.97169908,0.49528318000000005,26.9,46.5,641.5,3.724,1.0,1.0,0
86.5,1.0,1.0,1.0,5.14650312,0.8577505200000001,15.5,26.8,1268.7,3.724,1.0,1.0,0
86.0,1.0,1.0,1.0,5000.0,851.6436722999999,0.023484,0.0,85.33333333,3.724,1.0,1.0,0
111.5,1.0,1.0,1.0,2.72173806,0.45362301,29.4,50.8,2546.7,3.724,1.0,1.0,0
118.5,1.0,1.0,1.0,1734.0539291999999,289.0089882,0.069202,0.0,3072.0,3.724,1.0,1.0,0
138.0,1.0,1.0,1.0,1739.2816764,289.8802794,0.068994,0.0,3888.0,3.724,1.0,1.0,0
102.0,1.0,1.0,1.0,2034.4155294,339.0692549,0.058985,0.0,1083.0,3.724,1.0,1.0,0
121.0,1.0,1.0,1.0,21.40114548,3.56685758,3.738117667,6.211569860999999,4272.2,3.724,1.0,1.0,0
98.5,1.0,1.0,1.0,1960.1117262,326.6852877,0.061221,0.0,1045.333333,3.724,1.0,1.0,0
93.0,1.0,1.0,1.0,2015.8580838000003,335.97634730000004,0.059528,0.0,768.0,3.724,1.0,1.0,0
86.5,1.0,1.0,1.0,1967.8260443999998,327.97100739999996,0.060981,0.0,341.3333333,3.724,1.0,1.0,0
153.25,1.0,1.0,1.0,5.2399677,0.8733279500000001,15.3,26.4,3573.3,3.724,1.0,1.0,0
106.5,1.0,1.0,1.0,744.2322006,124.0387001,0.16124,0.0,1200.0,3.724,1.0,1.0,0
140.5,1.0,1.0,1.0,5000.0,846.5250148,0.023626,0.0,1281.333333,3.724,1.0,1.0,0
105.0,1.0,1.0,1.0,2555.4751056,425.9125176,0.046958,0.0,2028.0,3.724,1.0,1.0,0
134.0,1.0,1.0,1.0,1196.0768676,199.3461446,0.100328,0.0,3333.333333,3.724,1.0,1.0,0
103.5,1.0,1.0,1.0,310.80111576,51.80018596,0.386099,0.0,2187.0,3.724,1.0,1.0,0
185.5,1.0,1.0,1.0,5000.0,856.6778035,0.023346,0.0,5461.333333,3.724,1.0,1.0,0
74.0,1.0,1.0,1.0,5000.0,856.6044201,0.023348,0.0,85.33333333,3.724,1.0,1.0,0
162.5,1.0,1.0,1.0,2502.8156676000003,417.1359446,0.047946,0.0,2241.333333,3.724,1.0,1.0,0
93.33333333,1.0,1.0,1.0,4.23439128,0.70573188,17.0,34.2,1685.333333,3.724,1.0,1.0,0
99.5,1.0,1.0,1.0,5000.0,846.23847,0.023634,0.0,1365.333333,3.724,1.0,1.0,0
120.0,1.0,1.0,1.0,1930.781484,321.796914,0.062151,0.0,1452.0,3.724,1.0,1.0,0
99.25,1.0,1.0,1.0,4.71180858,0.78530143,17.0,29.3,1509.8,3.724,1.0,1.0,0
72.5,1.0,1.0,1.0,4.88641704,0.8144028400000001,16.4,28.3,377.0,3.724,1.0,1.0,0
223.0,1.0,1.0,1.0,2567.1194778,427.85324629999997,0.046745,0.0,32240.33333,3.724,1.0,1.0,0
110.5,1.0,1.0,1.0,1684.3996518,280.7332753,0.071242,0.0,1160.333333,3.724,1.0,1.0,0
146.0,1.0,1.0,1.0,2322.1162218000004,387.01937030000005,0.051677,0.0,8533.333333,3.724,1.0,1.0,0
90.0,1.0,1.0,1.0,2487.2528292,414.5421382,0.048246,0.0,768.0,3.724,1.0,1.0,0
105.0,1.0,1.0,1.0,2496.8789015999996,416.14648359999995,0.04806,0.0,2523.0,3.724,1.0,1.0,0
118.5,1.0,1.0,1.0,1106.306871,184.3844785,0.108469,0.0,4107.0,3.724,1.0,1.0,0
100.0,1.0,1.0,1.0,2006.4540942,334.4090157,0.059807,0.0,1541.333333,3.724,1.0,1.0,0
109.5,1.0,1.0,1.0,2508.0466494,418.0077749,0.047846,0.0,2523.0,3.724,1.0,1.0,0
86.0,1.0,1.0,1.0,7.05702708,1.17617118,11.3,19.5,2424.2,3.724,1.0,1.0,0
87.0,1.0,1.0,1.0,1208.8609506,201.47682509999999,0.099267,0.0,588.0,3.724,1.0,1.0,0
103.25,1.0,1.0,1.0,6.0505737,1.00842895,13.2,22.8,3913.8,3.724,1.0,1.0,0
110.5,1.0,1.0,1.0,1452.028605,242.0047675,0.082643,0.0,2821.333333,3.724,1.0,1.0,0
118.5,1.0,1.0,1.0,2489.2650444,414.8775074,0.048207,0.0,4107.0,3.724,1.0,1.0,0
108.5,1.0,1.0,1.0,5000.0,849.7620666,0.023536,0.0,1240.333333,3.724,1.0,1.0,0
110.5,1.0,1.0,1.0,1594.7055774,265.7842629,0.075249,0.0,1045.333333,3.724,1.0,1.0,0
90.5,1.0,1.0,1.0,5000.0,849.617672,0.02354,0.0,85.33333333,3.724,1.0,1.0,0
89.0,1.0,1.0,1.0,1970.7022266,328.4503711,0.060892,0.0,85.33333333,3.724,1.0,1.0,0
109.0,1.0,1.0,1.0,1978.8265560000002,329.80442600000003,0.060642,0.0,1045.333333,3.724,1.0,1.0,0
80.83333333,1.0,1.0,1.0,5.0760301199999995,0.84600502,14.2,29.2,1252.238095,3.724,1.0,1.0,0
135.5,1.0,1.0,1.0,808.6580322,134.7763387,0.148394,0.0,3536.333333,3.724,1.0,1.0,0
108.0,1.0,1.0,1.0,2572.9539654,428.8256609,0.046639,0.0,1323.0,3.724,1.0,1.0,0
109.5,1.0,1.0,1.0,2379.2057418,396.53429029999995,0.050437,0.0,2883.0,3.724,1.0,1.0,0
128.0,1.0,1.0,1.0,5000.0,855.9811684,0.023365,0.0,1633.333333,3.724,1.0,1.0,0
107.75,1.0,1.0,1.0,3.0891669,0.51486115,25.9,44.7,3277.7,3.724,1.0,1.0,0
71.0,1.0,1.0,1.0,2537.4807048,422.91345079999996,0.047291,0.0,85.33333333,3.724,1.0,1.0,0
97.5,1.0,1.0,1.0,1182.9536382,197.1589397,0.101441,0.0,1452.0,3.724,1.0,1.0,0
99.5,1.0,1.0,1.0,2357.3322858,392.8887143,0.050905,0.0,1633.333333,3.724,1.0,1.0,0
122.5,1.0,1.0,1.0,5000.0,1000.0,0.011897,0.0,936.3333333,3.724,1.0,1.0,0
162.0,1.0,1.0,1.0,473.02570896,78.83761816,0.253686,0.0,9747.0,3.724,1.0,1.0,0
100.0,1.0,1.0,1.0,5000.0,1000.0,0.000493,0.0,1160.333333,3.724,1.0,1.0,0
183.0,1.0,1.0,1.0,1963.029609,327.17160149999995,0.06113,0.0,2352.0,3.724,1.0,1.0,0
76.5,1.0,1.0,1.0,3.48280614,0.58046769,23.0,39.6,708.2,3.724,1.0,1.0,0
129.5,1.0,1.0,1.0,1352.3260008,225.38766679999998,0.088736,0.0,2408.333333,3.724,1.0,1.0,0
74.5,1.0,1.0,1.0,1973.2622958,328.87704929999995,0.060813,0.0,341.3333333,3.724,1.0,1.0,0
122.5,1.0,1.0,1.0,5000.0,858.1112969999999,0.023307,0.0,936.3333333,3.724,1.0,1.0,0
72.5,1.0,1.0,1.0,2477.2914948000002,412.8819158,0.04844,0.0,85.33333333,3.724,1.0,1.0,0
92.5,1.0,1.0,1.0,2499.4792752,416.57987919999994,0.04801,0.0,1160.333333,3.724,1.0,1.0,0
98.0,1.0,1.0,1.0,2388.1547526,398.0257921,0.050248,0.0,85.33333333,3.724,1.0,1.0,0
104.0,1.0,1.0,1.0,2379.2057418,396.53429029999995,0.050437,0.0,261.3333333,3.724,1.0,1.0,0
182.5,1.0,1.0,1.0,5000.0,844.3806468,0.023686,0.0,5461.333333,3.724,1.0,1.0,0
98.0,1.0,1.0,1.0,1192.8310854,198.80518089999998,0.100601,0.0,901.3333333,3.724,1.0,1.0,0
92.0,1.0,1.0,1.0,2372.7137916,395.4522986,0.050575,0.0,533.3333333,3.724,1.0,1.0,0
110.0,1.0,1.0,1.0,2002.2358302000002,333.7059717,0.059933,0.0,1365.333333,3.724,1.0,1.0,0
108.5,1.0,1.0,1.0,5000.0,834.3763036999999,0.02397,0.0,1240.333333,3.724,1.0,1.0,0
137.5,1.0,1.0,1.0,1441.3202496000001,240.2200416,0.083257,0.0,3605.333333,3.724,1.0,1.0,0
131.0,1.0,1.0,1.0,2591.344908,431.89081799999997,0.046308,0.0,800.3333333,3.724,1.0,1.0,0
114.0,1.0,1.0,1.0,5000.0,1000.0,0.000559,0.0,2523.0,3.724,1.0,1.0,0
98.0,1.0,1.0,1.0,5000.0,1000.0,0.000528,0.0,85.33333333,3.724,1.0,1.0,0
33.28571429,1.0,1.0,1.0,103.18000782,17.19666797,0.678426,1.5143573689999998,392.4107143,3.724,1.0,1.0,0
218.4545455,1.0,1.0,1.0,5.60149884,0.93358314,11.8,24.8,102850.0227,3.724,1.0,1.0,0
3.0,1.0,1.0,1.0,39.64424574,6.60737429,2.017947333,3.4820137200000003,10.8,3.724,1.0,1.0,0
3.0,1.0,1.0,1.0,39.6467868,6.6077978,2.017818,3.48182164,10.8,3.724,1.0,1.0,0
153.1176471,1.0,1.0,1.0,21.9788697,3.6631449500000004,2.900513125,4.4909222170000005,139578.7222,3.724,1.0,1.0,0
347.3513514,1.0,1.0,1.0,32.8842159,5.48070265,1.875266444,3.583571831,253753.5761,3.724,1.0,1.0,0
9.0,1.0,1.0,1.0,5000.0,1000.0,0.000117,0.0,0.0,3.724,1.0,1.0,0
33.28571429,1.0,1.0,1.0,74.65834476,12.44305746,0.9376045,2.1223436409999996,392.4107143,3.724,1.0,1.0,0
231.6190476,1.0,1.0,1.0,69.66317466000001,11.610529110000002,0.90435155,2.408177891,138094.4675,3.724,1.0,1.0,0
9.0,1.0,1.0,1.0,5000.0,1000.0,0.000161,0.0,0.0,3.724,1.0,1.0,0
352.3103448,1.0,1.0,1.0,86.43600936,14.40600156,0.7189463929,1.98952841,376956.6678,3.724,1.0,1.0,0
9.0,1.0,1.0,1.0,5000.0,1000.0,0.000186,0.0,0.0,3.724,1.0,1.0,0
33.28571429,1.0,1.0,1.0,103.17027516,17.19504586,0.67849,1.5141461999999999,392.4107143,3.724,1.0,1.0,0
37.83333333,1.0,1.0,1.0,72.74615736,12.12435956,0.989743,2.146279132,355.952381,3.724,1.0,1.0,0
204.625,1.0,1.0,1.0,12.21277908,2.03546318,5.126490478,16.9,177698.1733,3.724,1.0,1.0,0
212.625,1.0,1.0,1.0,4.3688199,0.7281366499999999,15.7,41.5,254455.0,3.724,1.0,1.0,0
132.0263158,1.0,1.0,1.0,19.45935678,3.24322613,3.166683378,4.585391781,114298.0783,3.724,1.0,1.0,0
673.7435897,1.0,1.0,1.0,39.894611399999995,6.6491019,1.523494494,3.520315665,921574.9659,3.724,1.0,1.0,0
163.5789474,1.0,1.0,1.0,19.7115144,3.2852524,3.126173892,4.618498989,163772.6113,3.724,1.0,1.0,0
146.1428571,1.0,1.0,1.0,21.48374682,3.58062447,2.86092622,4.446381309,130666.3854,3.724,1.0,1.0,0
345.3333333,1.0,1.0,1.0,144.32224272,24.05370712,0.4454317857,1.442908216,570245.4,3.724,1.0,1.0,0
973.3657642,1.0,1.0,1.0,5000.0,1000.0,0.0013320485189999998,0.02786668859,1015392.991,3.724,1.0,1.0,0
223.1842105,1.0,1.0,1.0,34.238847240000005,5.70647454,1.799757486,9.691412879000001,156169.2551,3.724,1.0,1.0,0
1035.70122,1.0,1.0,1.0,146.86668215999998,24.477780359999997,0.4110401166,4.580772645,1290907.843,3.724,1.0,1.0,0
328.8888889,1.0,1.0,1.0,468.76851474,78.12808579,0.13552405879999999,0.30457890860000003,505222.1462,3.724,1.0,1.0,0
311.5789474,1.0,1.0,1.0,494.81550546,82.46925091,0.1279938333,0.2965218886,259106.6316,3.724,1.0,1.0,0
348.2352941,1.0,1.0,1.0,442.70391396,73.78398566,0.1440014375,0.3110000238,932903.7516,3.724,1.0,1.0,0
762.1509434,1.0,1.0,1.0,55.24584054,9.20764009,1.09639799,3.070538373,1158076.386,3.724,1.0,1.0,0
302.8780488,1.0,1.0,1.0,21.11242464,3.5187374399999998,2.91297665,4.48135001,493686.1789,3.724,1.0,1.0,0
371.5185185,1.0,1.0,1.0,27.25439388,4.54239898,2.2430172450000003,4.06885603,390733.5172,3.724,1.0,1.0,0
263.4166667,1.0,1.0,1.0,24.45858438,4.07643073,2.505320617,4.2696996380000005,272794.8733,3.724,1.0,1.0,0
267.4468085,1.0,1.0,1.0,23.96981352,3.99496892,2.557564652,4.290001128999999,363944.9202,3.724,1.0,1.0,0
99.47222222,1.0,1.0,1.0,18.6872037,3.11453395,3.302489057,4.671424214,102262.7297,3.724,1.0,1.0,0
158.375,1.0,1.0,1.0,20.4885339,3.41475565,3.003556128,4.5345517939999995,171861.1561,3.724,1.0,1.0,0
77.5,1.0,1.0,1.0,101.02316262000001,16.83719377,0.6599146667,1.8295755949999999,23949.67273,3.724,1.0,1.0,0
221.5185185,1.0,1.0,1.0,13.50537084,2.25089514,4.613549154,15.8,325276.4696,3.724,1.0,1.0,0
80.80769231,1.0,1.0,1.0,23.733365159999998,3.95556086,2.62920996,4.314191189000001,36517.77208,3.724,1.0,1.0,0
152.4411765,1.0,1.0,1.0,30.214025040000003,5.035670840000001,2.046009485,3.885081757,56301.96303,3.724,1.0,1.0,0
342.5,1.0,1.0,1.0,635.6331395999999,105.9388566,0.1016551538,0.1824556931,255364.9524,3.724,1.0,1.0,0
331.6153846,1.0,1.0,1.0,119.41803,19.903005,0.5443064166999999,1.7171672960000002,281154.533,3.724,1.0,1.0,0
9.0,1.0,1.0,1.0,204.09725232,34.01620872,0.587955,0.0,0.0,3.724,1.0,1.0,0
330.6923077,1.0,1.0,1.0,131.19757146,21.866261910000002,0.495436,1.575196132,280115.456,3.724,1.0,1.0,0
298.6470588,1.0,1.0,1.0,172.90198692,28.81699782,0.368706,1.3457263970000002,254334.2908,3.724,1.0,1.0,0
229.5769231,1.0,1.0,1.0,13.220707260000001,2.20345121,4.7198685199999995,16.2,340832.7635,3.724,1.0,1.0,0
218.4705882,1.0,1.0,1.0,2348.6177694000003,391.4362949,0.027143625,0.0406977503,192655.7647,3.724,1.0,1.0,0
139.85,1.0,1.0,1.0,20.22862644,3.37143774,3.042147308,4.482492478,124164.1024,3.724,1.0,1.0,0
136.5853659,1.0,1.0,1.0,20.55854592,3.4264243199999997,2.9914567,4.454089288,121540.813,3.724,1.0,1.0,0
242.5581395,1.0,1.0,1.0,21.52045698,3.58674283,2.854426905,4.408792648,273371.1142,3.724,1.0,1.0,0
383.6428571,1.0,1.0,1.0,147.3116673,24.55194455,0.43863046149999996,1.2639185400000001,411022.2095,3.724,1.0,1.0,0
432.6470588,1.0,1.0,1.0,167.23718592,27.87286432,0.381195125,1.293247367,376744.6046,3.724,1.0,1.0,0
851.7284768,1.0,1.0,1.0,154.27936344,25.71322724,0.3901969402,1.542810204,594131.7581,3.724,1.0,1.0,0
403.0526316,1.0,1.0,1.0,618.5345508,103.0890918,0.1023925556,0.1661522653,572000.9368,3.724,1.0,1.0,0
449.7647059,1.0,1.0,1.0,231.64150254,38.60691709,0.27520975,0.8348908454,620726.0654,3.724,1.0,1.0,0
79.15384615,1.0,1.0,1.0,844.8891786,140.8148631,0.07693316667000001,0.18485145800000002,19682.42308,3.724,1.0,1.0,0
244.2,1.0,1.0,1.0,18.22085958,3.03680993,3.389780029,4.672492811,445802.9929,3.724,1.0,1.0,0
507.0816327,1.0,1.0,1.0,44.9391879,7.4898646499999995,1.3629529790000001,8.366933785,467023.0371,3.724,1.0,1.0,0
526.4285714,1.0,1.0,1.0,419.96703258,69.99450543,0.1538582308,0.3500701936,724409.5238,3.724,1.0,1.0,0
382.9,1.0,1.0,1.0,376.60468902,62.76744817,0.1677034211,0.5352329883,337222.4333,3.724,1.0,1.0,0
257.4814815,1.0,1.0,1.0,13.570386059999999,2.26173101,4.5914458080000005,15.9,369923.1005,3.724,1.0,1.0,0
274.85,1.0,1.0,1.0,58.0808715,9.680145249999999,1.087413,2.520431147,203562.1905,3.724,1.0,1.0,0
9.0,1.0,1.0,1.0,5000.0,1000.0,0.000158,0.0,0.0,3.724,1.0,1.0,0
23.75,1.0,1.0,1.0,2363.9963358,393.99938929999996,0.033841,0.05557241824,345.0,3.724,1.0,1.0,0
33.28571429,1.0,1.0,1.0,74.65469537999999,12.44244923,0.9376503333,2.1215256609999997,392.4107143,3.724,1.0,1.0,0
196.0,1.0,1.0,1.0,12.23718324,2.03953054,5.116266913,16.9,161614.14,3.724,1.0,1.0,0
238.1,1.0,1.0,1.0,3898.065585,649.6775975,0.016202368420000002,0.02297427225,201485.4905,3.724,1.0,1.0,0
221.5769231,1.0,1.0,1.0,4538.538299999999,756.4230499999999,0.01374892,0.021067420910000002,162910.7806,3.724,1.0,1.0,0
191.1612903,1.0,1.0,1.0,15.848062800000001,2.6413438,3.912150067,14.8,141130.996,3.724,1.0,1.0,0
76.82608696,1.0,1.0,1.0,11.54528772,1.9242146199999999,5.433149364,17.2,11955.9837,3.724,1.0,1.0,0
399.6730769,1.0,1.0,1.0,54.6560475,9.10934125,1.108432223,2.294575997,333148.3667,3.724,1.0,1.0,0
420.047619,1.0,1.0,1.0,91.68647448,15.28107908,0.68712425,2.250912063,503574.1407,3.724,1.0,1.0,0
9.0,1.0,1.0,1.0,5000.0,1000.0,0.000144,0.0,0.0,3.724,1.0,1.0,0
293.9130435,1.0,1.0,1.0,39.93764286,6.65627381,1.570630318,3.472474801,219785.3623,3.724,1.0,1.0,0
9.0,1.0,1.0,1.0,5000.0,1000.0,0.000117,0.0,0.0,3.724,1.0,1.0,0
187.7142857,1.0,1.0,1.0,5000.0,1000.0,0.007895666667000001,0.01197496453,101997.0714,3.724,1.0,1.0,0
9.0,1.0,1.0,1.0,3681.6592008000002,613.6098668000001,0.032594,0.0,0.0,3.724,1.0,1.0,0
187.5714286,1.0,1.0,1.0,677.7429222,112.95715369999999,0.103284,0.2301357724,101798.4107,3.724,1.0,1.0,0
9.0,1.0,1.0,1.0,138.6900036,23.115000600000002,0.865239,0.0,0.0,3.724,1.0,1.0,0
2.0,1.0,1.0,1.0,106.70134854,17.78355809,0.6747806,0.9456787478,8.571428571,3.724,1.0,1.0,0
187.5714286,1.0,1.0,1.0,1368.8093964,228.1348994,0.05113933333,0.1027331694,101798.4107,3.724,1.0,1.0,0
187.7142857,1.0,1.0,1.0,1596.3572646,266.0595441,0.043849833330000004,0.08506308280000001,101997.0714,3.724,1.0,1.0,0
9.0,1.0,1.0,1.0,264.28458162000004,44.04743027000001,0.454056,0.0,0.0,3.724,1.0,1.0,0
9.0,1.0,1.0,1.0,256.01747747999997,42.66957958,0.468718,0.0,0.0,3.724,1.0,1.0,0
9.0,1.0,1.0,1.0,366.55323882,61.09220647,0.327374,0.0,0.0,3.724,1.0,1.0,0
187.5714286,1.0,1.0,1.0,558.48167448,93.08027908,0.1253398333,0.2841665076,101798.4107,3.724,1.0,1.0,0
9.0,1.0,1.0,1.0,84.77875218,14.129792029999999,1.415449,0.0,0.0,3.724,1.0,1.0,0
187.7142857,1.0,1.0,1.0,1488.9498648,248.15831079999998,0.047013,0.09277078583,101997.0714,3.724,1.0,1.0,0
9.0,1.0,1.0,1.0,1066.2591186,177.7098531,0.112543,0.0,0.0,3.724,1.0,1.0,0
187.7142857,1.0,1.0,1.0,1170.2391468,195.0398578,0.05981683333,0.1240403006,101997.0714,3.724,1.0,1.0,0
9.0,1.0,1.0,1.0,945.3210546,157.5535091,0.126941,0.0,0.0,3.724,1.0,1.0,0
187.4285714,1.0,1.0,1.0,1746.0713394,291.0118899,0.04009,0.07606649748000001,101720.8571,3.724,1.0,1.0,0
9.0,1.0,1.0,1.0,366.73023324,61.12170554000001,0.327216,0.0,0.0,3.724,1.0,1.0,0
443.3333333,1.0,1.0,1.0,650.2708104,108.37846839999999,0.09628095652,0.2301728486,465798.3333,3.724,1.0,1.0,0
9.0,1.0,1.0,1.0,581.37281502,96.89546917,0.206408,0.0,0.0,3.724,1.0,1.0,0
125.5384615,1.0,1.0,1.0,494.042043,82.3403405,0.13156775,0.3437151575,43059.95604,3.724,1.0,1.0,0
9.0,1.0,1.0,1.0,5000.0,1000.0,0.000123,0.0,0.0,3.724,1.0,1.0,0
169.1842105,1.0,1.0,1.0,19.50851982,3.25141997,3.1587030809999996,4.58745154,264175.9757,3.724,1.0,1.0,0
406.4666667,1.0,1.0,1.0,300.00490007999997,50.00081668,0.2142822143,0.5346983576,316963.2625,3.724,1.0,1.0,0
9.0,1.0,1.0,1.0,103.9439811,17.32399685,1.154468,0.0,0.0,3.724,1.0,1.0,0
144.2307692,1.0,1.0,1.0,786.714609,131.1191015,0.08262208333,0.1117365328,52898.84066,3.724,1.0,1.0,0
9.0,1.0,1.0,1.0,236.80082088,39.46680348,0.506755,0.0,0.0,3.724,1.0,1.0,0
148.4615385,1.0,1.0,1.0,1090.097997,181.68299950000002,0.059627666669999996,0.07479765621000001,58279.36264,3.724,1.0,1.0,0
8.0,1.0,1.0,1.0,166.29005052,27.71500842,0.541223,0.7653808652,0.0,3.724,1.0,1.0,0
146.3846154,1.0,1.0,1.0,19.81891242,3.30315207,3.107080053,4.548542416,132755.025,3.724,1.0,1.0,0
157.85,1.0,1.0,1.0,35.204208179999995,5.86736803,1.748042769,9.328332923,109054.65,3.724,1.0,1.0,0
3.0,1.0,1.0,1.0,792.3877944,132.0646324,0.1009606667,0.1473829107,10.8,3.724,1.0,1.0,0
254.5909091,1.0,1.0,1.0,40.87659486,6.81276581,1.537729429,3.505113734,204102.8063,3.724,1.0,1.0,0
23.66666667,1.0,1.0,1.0,5000.0,1000.0,0.000124,0.00010465180359999999,552.25,3.724,1.0,1.0,0
228.8823529,1.0,1.0,1.0,156.81229506,26.13538251,0.406537,1.410204662,220746.2647,3.724,1.0,1.0,0
228.8823529,1.0,1.0,1.0,156.81545328,26.135908880000002,0.4065288125,1.4102956850000001,220746.2647,3.724,1.0,1.0,0
243.1875,1.0,1.0,1.0,147.5702784,24.5950464,0.4336916667,1.460521349,326533.1103,3.724,1.0,1.0,0
125.7142857,1.0,1.0,1.0,21.4902072,3.5817012,2.860066171,4.440354999,151013.2647,3.724,1.0,1.0,0
340.1449275,1.0,1.0,1.0,37.3623684,6.2270614,1.62951,3.534107811,322380.0621,3.724,1.0,1.0,0
224.375,1.0,1.0,1.0,25.991080020000002,4.33184667,2.357600979,4.131421665,270346.3325,3.724,1.0,1.0,0
228.0701754,1.0,1.0,1.0,29.26504584,4.87750764,2.086838643,3.9586823289999997,185193.4543,3.724,1.0,1.0,0
284.5362319,1.0,1.0,1.0,34.76845332,5.79474222,1.7510802790000002,3.669479796,223529.876,3.724,1.0,1.0,0
131.3333333,1.0,1.0,1.0,24.48361482,4.08060247,2.50275934,4.23226399,105106.7313,3.724,1.0,1.0,0
210.1724138,1.0,1.0,1.0,29.6596107,4.94326845,2.058443456,3.922374512,165194.7592,3.724,1.0,1.0,0
93.56818182,1.0,1.0,1.0,22.58133792,3.76355632,2.718853465,4.364140464,68996.75556,3.724,1.0,1.0,0
90.63636364,1.0,1.0,1.0,22.58140572,3.76356762,2.718845302,4.367344435,63550.51313,3.724,1.0,1.0,0
134.5609756,1.0,1.0,1.0,21.1874355,3.53123925,2.9026637,4.459354588,125677.8937,3.724,1.0,1.0,0
68.83333333,1.0,1.0,1.0,5000.0,983.3325139,0.0122034,0.02122494332,746.6666667,3.724,1.0,1.0,0
61.75,1.0,1.0,1.0,5000.0,1000.0,0.0001,8.198373822000001e-05,76.8,3.724,1.0,1.0,0
83.0,1.0,1.0,1.0,5000.0,1000.0,0.007965333332999999,0.01375134795,940.8,3.724,1.0,1.0,0
63.125,1.0,1.0,1.0,5000.0,857.8168561,0.01332285714,0.025827279119999998,1033.611111,3.724,1.0,1.0,0
69.25,1.0,1.0,1.0,5000.0,1000.0,0.0001,5.848361594e-05,76.8,3.724,1.0,1.0,0
62.16666667,1.0,1.0,1.0,2968.6804218,494.78007030000003,0.0242532,0.04188458388,1720.238095,3.724,1.0,1.0,0
69.0,1.0,1.0,1.0,5000.0,1000.0,0.009348200000000001,0.0127931949,2477.142857,3.724,1.0,1.0,0
63.0,1.0,1.0,1.0,5000.0,1000.0,0.0001,5.9475485149999996e-05,76.8,3.724,1.0,1.0,0
69.125,1.0,1.0,1.0,5000.0,1000.0,0.009487285714,0.0224920632,840.2777778,3.724,1.0,1.0,0
64.25,1.0,1.0,1.0,5000.0,1000.0,0.0001,5.9632206060000003e-05,76.8,3.724,1.0,1.0,0
92.5,1.0,1.0,1.0,5000.0,1000.0,0.0001,4.618802154e-05,1267.5,3.724,1.0,1.0,0
68.83333333,1.0,1.0,1.0,4658.987964,776.4979940000001,0.015454,0.0256629448,746.6666667,3.724,1.0,1.0,0
68.0,1.0,1.0,1.0,5000.0,1000.0,0.0001,6.070694634e-05,76.8,3.724,1.0,1.0,0
54.25,1.0,1.0,1.0,5000.0,1000.0,0.0001,6.286493458e-05,76.8,3.724,1.0,1.0,0
80.0,1.0,1.0,1.0,1593.2657964,265.5442994,0.0451902,0.08743512910000001,2380.952381,3.724,1.0,1.0,0
64.16666667,1.0,1.0,1.0,4975.3306524,829.2217754000001,0.014471399999999999,0.02144306166,571.6666667,3.724,1.0,1.0,0
61.75,1.0,1.0,1.0,5000.0,1000.0,0.0001,1.8036999009999997e-05,76.8,3.724,1.0,1.0,0
61.33333333,1.0,1.0,1.0,4347.0910716,724.5151785999999,0.0165628,0.02561876098,60.95238095,3.724,1.0,1.0,0
65.66666667,1.0,1.0,1.0,4607.0564748,767.8427458,0.015628200000000002,0.026604441620000002,773.5714286,3.724,1.0,1.0,0
88.5,1.0,1.0,1.0,5000.0,1000.0,0.0001,7.629547824e-05,3121.2,3.724,1.0,1.0,0
56.0,1.0,1.0,1.0,5000.0,1000.0,0.0001,6.070694634e-05,307.2,3.724,1.0,1.0,0
61.75,1.0,1.0,1.0,5000.0,1000.0,0.0001,6.0086049410000004e-05,76.8,3.724,1.0,1.0,0
68.83333333,1.0,1.0,1.0,5000.0,992.5394120999999,0.0120902,0.016756421849999998,746.6666667,3.724,1.0,1.0,0
52.0,1.0,1.0,1.0,5000.0,1000.0,0.003472,0.009085581838,284.4444444,3.724,1.0,1.0,0
66.0,1.0,1.0,1.0,5000.0,1000.0,0.007990857143,0.019688459470000003,1000.0,3.724,1.0,1.0,0
70.0,1.0,1.0,1.0,5000.0,1000.0,0.007946333332999999,0.01375652486,907.5,3.724,1.0,1.0,0
88.5,1.0,1.0,1.0,5000.0,1000.0,0.0001,0.0001368320138,3121.2,3.724,1.0,1.0,0
83.5,1.0,1.0,1.0,4884.5018826,814.0836471,0.016378333329999998,0.02832394712,2270.7,3.724,1.0,1.0,0
142.75,1.0,1.0,1.0,5000.0,1000.0,0.0001,0.0001163371537,4915.2,3.724,1.0,1.0,0
78.75,1.0,1.0,1.0,5000.0,1000.0,0.0002746666667,0.0004696747101,1080.0,3.724,1.0,1.0,0
57.75,1.0,1.0,1.0,5000.0,1000.0,0.0077933333329999995,0.01349152109,235.2,3.724,1.0,1.0,0
64.0,1.0,1.0,1.0,5000.0,1000.0,0.007843333333,0.01357985568,691.2,3.724,1.0,1.0,0
73.25,1.0,1.0,1.0,4953.3558984,825.5593164,0.01615066667,0.02796771307,1044.3,3.724,1.0,1.0,0
99.5,1.0,1.0,1.0,2627.6413272,437.9402212,0.027401,0.03759694864,5720.238095,3.724,1.0,1.0,0
82.66666667,1.0,1.0,1.0,5000.0,945.2987143999999,0.0126944,0.01796774539,828.8095238,3.724,1.0,1.0,0
103.5,1.0,1.0,1.0,5000.0,1000.0,0.0001,0.00011085125170000001,3763.2,3.724,1.0,1.0,0
64.0,1.0,1.0,1.0,5000.0,1000.0,0.000105,0.00017493713159999998,691.2,3.724,1.0,1.0,0
88.5,1.0,1.0,1.0,5000.0,1000.0,0.000107,0.0001801360597,3121.2,3.724,1.0,1.0,0
52.25,1.0,1.0,1.0,5000.0,1000.0,0.0001,9.324340906e-05,307.2,3.724,1.0,1.0,0
70.75,1.0,1.0,1.0,5000.0,1000.0,0.0001,8.602519011e-05,874.8,3.724,1.0,1.0,0
52.25,1.0,1.0,1.0,5000.0,1000.0,0.0001,9.208872533e-05,307.2,3.724,1.0,1.0,0
51.75,1.0,1.0,1.0,5000.0,1000.0,0.0001,8.198373822000001e-05,76.8,3.724,1.0,1.0,0
51.75,1.0,1.0,1.0,5000.0,1000.0,0.0001,8.458329228e-05,76.8,3.724,1.0,1.0,0
39.16666667,1.0,1.0,1.0,4291.2315834,715.2052639,0.016778400000000002,0.02710444461,60.95238095,3.724,1.0,1.0,0
44.25,1.0,1.0,1.0,5000.0,1000.0,0.0001,8.487048957000001e-05,76.8,3.724,1.0,1.0,0
111.5,1.0,1.0,1.0,5000.0,834.2834895,0.0143836,0.019733879809999997,8060.952381,3.724,1.0,1.0,0
111.5,1.0,1.0,1.0,5000.0,1000.0,0.0001,9.720768144999999e-05,4915.2,3.724,1.0,1.0,0
51.75,1.0,1.0,1.0,5000.0,1000.0,0.0001,8.458329228e-05,76.8,3.724,1.0,1.0,0
80.5,1.0,1.0,1.0,4815.9890838,802.6648473,0.016611333330000002,0.02876561114,1116.3,3.724,1.0,1.0,0
112.875,1.0,1.0,1.0,5000.0,1000.0,0.008834714286,0.01553095789,1960.0,3.724,1.0,1.0,0
57.83333333,1.0,1.0,1.0,3151.3432602000003,525.2238767,0.0228474,0.03874055951,1234.285714,3.724,1.0,1.0,0
131.0,1.0,1.0,1.0,5000.0,1000.0,0.007976666667,0.01380992977,9398.7,3.724,1.0,1.0,0
128.3333333,1.0,1.0,1.0,2900.2320186,483.37200310000003,0.0248256,0.04289299162,14291.66667,3.724,1.0,1.0,0
58.5,1.0,1.0,1.0,2932.7424402,488.7904067,0.0245504,0.03878275204,1562.142857,3.724,1.0,1.0,0
58.0,1.0,1.0,1.0,5000.0,1000.0,0.0001,9.555277774e-05,76.8,3.724,1.0,1.0,0
125.75,1.0,1.0,1.0,4775.644214399999,795.9407024,0.01675166667,0.02900954163,2116.8,3.724,1.0,1.0,0
51.75,1.0,1.0,1.0,5000.0,1000.0,0.0001,8.891194146e-05,76.8,3.724,1.0,1.0,0
80.75,1.0,1.0,1.0,5000.0,1000.0,0.0001,9.295339334e-05,1228.8,3.724,1.0,1.0,0
99.75,1.0,1.0,1.0,5000.0,1000.0,0.0001,4.041451884e-05,307.2,3.724,1.0,1.0,0
66.125,1.0,1.0,1.0,5000.0,1000.0,0.008650714286,0.01823090194,1246.944444,3.724,1.0,1.0,0
51.75,1.0,1.0,1.0,5000.0,1000.0,0.0001,8.977935917000001e-05,76.8,3.724,1.0,1.0,0
171.5,1.0,1.0,1.0,5000.0,1000.0,0.0001,0.0001293264603,12979.2,3.724,1.0,1.0,0
51.75,1.0,1.0,1.0,5000.0,1000.0,0.0001,8.42931393e-05,76.8,3.724,1.0,1.0,0
73.83333333,1.0,1.0,1.0,3238.8081186,539.8013531,0.0222304,0.03407007452,2015.238095,3.724,1.0,1.0,0
53.0,1.0,1.0,1.0,5000.0,1000.0,0.0001,8.111925377999999e-05,76.8,3.724,1.0,1.0,0
60.875,1.0,1.0,1.0,5000.0,1000.0,0.003524428571,0.009158813021,71.11111111,3.724,1.0,1.0,0
67.75,1.0,1.0,1.0,4924.3900938,820.7316822999999,0.01624566667,0.028095027409999997,1387.2,3.724,1.0,1.0,0
84.75,1.0,1.0,1.0,5000.0,1000.0,0.0001,9.93042463e-05,307.2,3.724,1.0,1.0,0
78.25,1.0,1.0,1.0,5000.0,1000.0,0.0001,6.907242576e-05,1228.8,3.724,1.0,1.0,0
58.0,1.0,1.0,1.0,5000.0,1000.0,0.0001,8.862467677e-05,76.8,3.724,1.0,1.0,0
84.5,1.0,1.0,1.0,5000.0,1000.0,0.0001,4.12835722e-05,1228.8,3.724,1.0,1.0,0
88.75,1.0,1.0,1.0,5000.0,1000.0,0.0001,0.0001195115057,1920.0,3.724,1.0,1.0,0
51.0,1.0,1.0,1.0,5000.0,1000.0,0.007922666667,0.01371639903,307.2,3.724,1.0,1.0,0
70.125,1.0,1.0,1.0,4983.9578856,830.6596476,0.01375842857,0.02537539732,902.5,3.724,1.0,1.0,0
70.75,1.0,1.0,1.0,5000.0,1000.0,0.0001,8.285127237e-05,1228.8,3.724,1.0,1.0,0
51.75,1.0,1.0,1.0,5000.0,1000.0,0.007944333333,0.013715840120000001,76.8,3.724,1.0,1.0,0
58.0,1.0,1.0,1.0,5000.0,1000.0,0.0001,3.175426481e-05,76.8,3.724,1.0,1.0,0
69.0,1.0,1.0,1.0,5000.0,1000.0,0.0107446,0.01480595066,1562.142857,3.724,1.0,1.0,0
61.66666667,1.0,1.0,1.0,5000.0,1000.0,0.009358799999999999,0.01844647121,828.8095238,3.724,1.0,1.0,0
48.0,1.0,1.0,1.0,5000.0,1000.0,0.0001,9.29569793e-05,76.8,3.724,1.0,1.0,0
82.25,1.0,1.0,1.0,5000.0,1000.0,0.008188,0.01413788262,1555.2,3.724,1.0,1.0,0
102.0,1.0,1.0,1.0,5000.0,1000.0,0.008026666667,0.013817723990000001,2940.3,3.724,1.0,1.0,0
66.75,1.0,1.0,1.0,4965.243297,827.5405495,0.016112,0.02786177798,76.8,3.724,1.0,1.0,0
88.5,1.0,1.0,1.0,5000.0,1000.0,0.0001,4.705670338e-05,3121.2,3.724,1.0,1.0,0
51.0,1.0,1.0,1.0,5000.0,1000.0,0.0001,8.631531343e-05,307.2,3.724,1.0,1.0,0
75.0,1.0,1.0,1.0,5000.0,1000.0,0.003547428571,0.008969398695,1000.0,3.724,1.0,1.0,0
99.33333333,1.0,1.0,1.0,3764.7846228,627.4641038,0.0191246,0.03040027071,5943.809524,3.724,1.0,1.0,0
114.1666667,1.0,1.0,1.0,2564.2486752000004,427.37477920000003,0.0280784,0.0499746925,6962.142857,3.724,1.0,1.0,0
65.0,1.0,1.0,1.0,5000.0,1000.0,0.00797,0.01375856399,1080.0,3.724,1.0,1.0,0
72.0,1.0,1.0,1.0,3753.4406538,625.5734423,0.019182400000000002,0.02624441757,2575.238095,3.724,1.0,1.0,0
106.5,1.0,1.0,1.0,5000.0,1000.0,0.0001,0.0001091192009,4915.2,3.724,1.0,1.0,0
48.0,1.0,1.0,1.0,5000.0,1000.0,0.0001,3.580968212e-05,76.8,3.724,1.0,1.0,0
101.8333333,1.0,1.0,1.0,3874.3421688000003,645.7236948000001,0.018583799999999998,0.02970704936,5215.238095,3.724,1.0,1.0,0
122.75,1.0,1.0,1.0,5000.0,1000.0,0.0001,5.7448527689999996e-05,4915.2,3.724,1.0,1.0,0
70.75,1.0,1.0,1.0,5000.0,1000.0,0.0001,7.710598766e-05,1228.8,3.724,1.0,1.0,0
66.75,1.0,1.0,1.0,5000.0,1000.0,0.0001,8.516063253000001e-05,76.8,3.724,1.0,1.0,0
113.25,1.0,1.0,1.0,5000.0,1000.0,0.007917333333,0.01370629539,6660.3,3.724,1.0,1.0,0
76.83333333,1.0,1.0,1.0,5000.0,976.8327825,0.0122846,0.017274970570000003,1037.142857,3.724,1.0,1.0,0
88.5,1.0,1.0,1.0,5000.0,1000.0,0.0001,0.000103058236,3121.2,3.724,1.0,1.0,0
88.25,1.0,1.0,1.0,5000.0,1000.0,0.0001,0.0001039054057,1228.8,3.724,1.0,1.0,0
81.83333333,1.0,1.0,1.0,5000.0,893.9479722,0.0134236,0.020038984,1562.142857,3.724,1.0,1.0,0
92.25,1.0,1.0,1.0,5000.0,1000.0,0.006891714286000001,0.01761027968,2722.5,3.724,1.0,1.0,0
41.75,1.0,1.0,1.0,5000.0,1000.0,0.008068,0.01393177049,76.8,3.724,1.0,1.0,0
82.0,1.0,1.0,1.0,5000.0,1000.0,0.0001,4.705670338e-05,1228.8,3.724,1.0,1.0,0
67.66666667,1.0,1.0,1.0,5000.0,1000.0,0.006294,0.01090890111,1680.0,3.724,1.0,1.0,0
88.0,1.0,1.0,1.0,5000.0,1000.0,0.007944,0.01371526278,2484.3,3.724,1.0,1.0,0
48.5,1.0,1.0,1.0,4694.5295688,782.4215948,0.015337,0.022599267370000002,60.95238095,3.724,1.0,1.0,0
120.25,1.0,1.0,1.0,5000.0,1000.0,0.006639285714,0.01740294296,4551.111111,3.724,1.0,1.0,0
113.8333333,1.0,1.0,1.0,5000.0,851.3294929,0.0140956,0.02039272346,10005.95238,3.724,1.0,1.0,0
93.0,1.0,1.0,1.0,5000.0,1000.0,0.007943333333,0.01371410808,3370.8,3.724,1.0,1.0,0
102.75,1.0,1.0,1.0,5000.0,1000.0,0.0001143333333,0.0001545714506,4915.2,3.724,1.0,1.0,0
46.25,1.0,1.0,1.0,4962.5739216,827.0956536,0.01381771429,0.0259986769,71.11111111,3.724,1.0,1.0,0
65.75,1.0,1.0,1.0,5000.0,1000.0,0.007930333333,0.013730544099999999,580.8,3.724,1.0,1.0,0
94.75,1.0,1.0,1.0,5000.0,1000.0,0.0001,9.843949071999999e-05,3763.2,3.724,1.0,1.0,0
67.0,1.0,1.0,1.0,5000.0,1000.0,0.0001,0.0001016136474,456.3,3.724,1.0,1.0,0
41.75,1.0,1.0,1.0,5000.0,1000.0,0.0001,8.891194146e-05,76.8,3.724,1.0,1.0,0
78.83333333,1.0,1.0,1.0,5000.0,975.6573491,0.0122994,0.01730531824,3900.952381,3.724,1.0,1.0,0
74.66666667,1.0,1.0,1.0,5000.0,986.8908005000001,0.012159399999999999,0.01667673845,1971.666667,3.724,1.0,1.0,0
118.75,1.0,1.0,1.0,5000.0,1000.0,0.0001,0.0001073871501,5880.0,3.724,1.0,1.0,0
93.75,1.0,1.0,1.0,5000.0,1000.0,0.008117333333,0.0140146177,3307.5,3.724,1.0,1.0,0
89.5,1.0,1.0,1.0,5000.0,1000.0,0.0001,9.786214794e-05,1228.8,3.724,1.0,1.0,0
75.5,1.0,1.0,1.0,5000.0,1000.0,0.003582285714,0.009322410841999999,1033.611111,3.724,1.0,1.0,0
71.75,1.0,1.0,1.0,5000.0,1000.0,0.0001,8.42931393e-05,76.8,3.724,1.0,1.0,0
82.5,1.0,1.0,1.0,5000.0,1000.0,0.006426285713999999,0.01089555854,1960.0,3.724,1.0,1.0,0
77.75,1.0,1.0,1.0,4730.368968600001,788.3948281,0.016912,0.02924741898,235.2,3.724,1.0,1.0,0
61.5,1.0,1.0,1.0,5000.0,1000.0,0.007861666667,0.0136098779,433.2,3.724,1.0,1.0,0
82.5,1.0,1.0,1.0,5000.0,1000.0,0.0001,9.497543542e-05,1080.0,3.724,1.0,1.0,0
64.25,1.0,1.0,1.0,5000.0,1000.0,0.0001,3.72424489e-05,76.8,3.724,1.0,1.0,0
80.25,1.0,1.0,1.0,5000.0,1000.0,0.00796,0.01378192828,2066.7,3.724,1.0,1.0,0
72.83333333,1.0,1.0,1.0,5000.0,1000.0,0.009898,0.01703823706,885.952381,3.724,1.0,1.0,0
85.625,1.0,1.0,1.0,5000.0,1000.0,0.0036,0.009368751695999999,1361.111111,3.724,1.0,1.0,0
51.75,1.0,1.0,1.0,5000.0,1000.0,0.0001,6.242061625e-05,76.8,3.724,1.0,1.0,0
144.0,1.0,1.0,1.0,5000.0,1000.0,0.0001,7.880989786000001e-05,4915.2,3.724,1.0,1.0,0
128.5,1.0,1.0,1.0,5000.0,1000.0,0.008767,0.01514247242,2017.2,3.724,1.0,1.0,0
100.1666667,1.0,1.0,1.0,5000.0,841.762651,0.014255799999999999,0.021130027699999998,8148.809524,3.724,1.0,1.0,0
90.0,1.0,1.0,1.0,5000.0,1000.0,0.007931333333,0.01369245666,1687.5,3.724,1.0,1.0,0
96.75,1.0,1.0,1.0,5000.0,1000.0,0.007909666667,0.01369474839,940.8,3.724,1.0,1.0,0
88.0,1.0,1.0,1.0,5000.0,1000.0,0.008019,0.01384430121,1116.3,3.724,1.0,1.0,0
53.0,1.0,1.0,1.0,5000.0,1000.0,0.007979666667,0.01381599194,76.8,3.724,1.0,1.0,0
75.0,1.0,1.0,1.0,5000.0,1000.0,0.007966333333,0.01371322359,1267.5,3.724,1.0,1.0,0
135.5,1.0,1.0,1.0,5000.0,1000.0,0.0001,0.0001096965511,2764.8,3.724,1.0,1.0,0
67.0,1.0,1.0,1.0,5000.0,989.9519872999999,0.012121799999999999,0.01946883958,885.952381,3.724,1.0,1.0,0
97.75,1.0,1.0,1.0,4956.5271264,826.0878544000001,0.01614033333,0.02791085354,1825.2,3.724,1.0,1.0,0
50.5,1.0,1.0,1.0,5000.0,1000.0,0.0001,3.464101615e-05,76.8,3.724,1.0,1.0,0
69.4,1.0,1.0,1.0,83.99306388,13.99884398,0.7937163333,2.358314836,1314.490909,3.724,1.0,1.0,0
81.25,1.0,1.0,1.0,5000.0,1000.0,0.007981666667,0.01377963644,2167.5,3.724,1.0,1.0,0
71.0,1.0,1.0,1.0,5000.0,1000.0,0.0001,7.256950691000001e-05,974.7,3.724,1.0,1.0,0
82.66666667,1.0,1.0,1.0,5000.0,926.2117938,0.012956,0.018517222229999998,1802.142857,3.724,1.0,1.0,0
54.25,1.0,1.0,1.0,5000.0,1000.0,0.0001,5.583009941e-05,76.8,3.724,1.0,1.0,0
54.125,1.0,1.0,1.0,5000.0,1000.0,0.003610142857,0.009415458307999999,71.11111111,3.724,1.0,1.0,0
80.75,1.0,1.0,1.0,5000.0,1000.0,0.0001,9.215385686000001e-05,1228.8,3.724,1.0,1.0,0
61.5,1.0,1.0,1.0,5000.0,1000.0,0.0001,5.6959049620000005e-05,235.2,3.724,1.0,1.0,0
87.0,1.0,1.0,1.0,5000.0,1000.0,0.0001,7.311862508e-05,1228.8,3.724,1.0,1.0,0
53.0,1.0,1.0,1.0,5000.0,1000.0,0.0001,5.635896853e-05,76.8,3.724,1.0,1.0,0
99.25,1.0,1.0,1.0,5000.0,1000.0,0.008018,0.01384343278,1968.3,3.724,1.0,1.0,0
43.83333333,1.0,1.0,1.0,2125.9507722,354.32512869999994,0.0338672,0.051592274019999995,60.95238095,3.724,1.0,1.0,0
60.875,1.0,1.0,1.0,5000.0,1000.0,0.0035215714290000003,0.009101842357,71.11111111,3.724,1.0,1.0,0
113.0,1.0,1.0,1.0,5000.0,1000.0,0.003610571429,0.008921108878,1867.777778,3.724,1.0,1.0,0
78.75,1.0,1.0,1.0,4978.4268174,829.7378028999999,0.01606933333,0.02774976334,1267.5,3.724,1.0,1.0,0
66.125,1.0,1.0,1.0,5000.0,1000.0,0.009771,0.01862573441,934.4444444,3.724,1.0,1.0,0
55.5,1.0,1.0,1.0,5000.0,1000.0,0.0001,5.749202843e-05,76.8,3.724,1.0,1.0,0
49.25,1.0,1.0,1.0,5000.0,1000.0,0.0001,6.412747721e-05,76.8,3.724,1.0,1.0,0
101.5,1.0,1.0,1.0,5000.0,1000.0,0.008009,0.013827845929999999,1825.2,3.724,1.0,1.0,0
85.5,1.0,1.0,1.0,5000.0,1000.0,0.008077666667000001,0.013946778350000001,1116.3,3.724,1.0,1.0,0
51.33333333,1.0,1.0,1.0,5000.0,1000.0,0.0095894,0.01534299261,186.6666667,3.724,1.0,1.0,0
97.5,1.0,1.0,1.0,2779.7510580000003,463.29184300000003,0.025901599999999997,0.0452104364,6880.952381,3.724,1.0,1.0,0
82.75,1.0,1.0,1.0,5000.0,1000.0,0.0001,6.169548876e-05,1190.7,3.724,1.0,1.0,0
84.75,1.0,1.0,1.0,5000.0,1000.0,0.003996571429,0.01040564076,2890.0,3.724,1.0,1.0,0
54.83333333,1.0,1.0,1.0,4368.0308676,728.0051446,0.016483400000000002,0.026694807850000002,746.6666667,3.724,1.0,1.0,0
121.5,1.0,1.0,1.0,5000.0,1000.0,0.0001,9.479627278e-05,4915.2,3.724,1.0,1.0,0
56.33333333,1.0,1.0,1.0,2769.7421064,461.6236844,0.0259952,0.04542817488,595.2380952,3.724,1.0,1.0,0
63.0,1.0,1.0,1.0,5000.0,1000.0,0.0001,6.612110102e-05,76.8,3.724,1.0,1.0,0
81.83333333,1.0,1.0,1.0,1982.7063942,330.4510657,0.036314,0.06022364143,2477.142857,3.724,1.0,1.0,0
88.5,1.0,1.0,1.0,5000.0,1000.0,0.0003506666667,0.0005628093224000001,3121.2,3.724,1.0,1.0,0
67.0,1.0,1.0,1.0,5000.0,1000.0,0.007985666667000001,0.01378743146,580.8,3.724,1.0,1.0,0
88.5,1.0,1.0,1.0,5000.0,1000.0,0.000131,0.00011089183920000001,3121.2,3.724,1.0,1.0,0
85.5,1.0,1.0,1.0,4959.804914400001,826.6341524000001,0.01612966667,0.02789324396,1116.3,3.724,1.0,1.0,0
88.5,1.0,1.0,1.0,5000.0,1000.0,0.0001,0.00014837901919999999,3121.2,3.724,1.0,1.0,0
55.5,1.0,1.0,1.0,2128.3136664,354.7189444,0.0338296,0.04747427337,60.95238095,3.724,1.0,1.0,0
57.1,1.0,1.0,1.0,29.89488066,4.98248011,2.230036222,6.658252024,1276.290909,3.724,1.0,1.0,0
54.5,1.0,1.0,1.0,5000.0,984.4296051000001,0.012189799999999999,0.01723510632,548.5714286,3.724,1.0,1.0,0
81.83333333,1.0,1.0,1.0,4667.6866428,777.9477738,0.0154252,0.03106995308,1562.142857,3.724,1.0,1.0,0
122.75,1.0,1.0,1.0,5000.0,1000.0,0.0001,8.126499862e-05,4915.2,3.724,1.0,1.0,0
126.0,1.0,1.0,1.0,5000.0,1000.0,0.0001,0.00014029611539999998,9398.7,3.724,1.0,1.0,0
93.16666667,1.0,1.0,1.0,2339.0445006,389.8407501,0.030781799999999998,0.05598451698,6962.142857,3.724,1.0,1.0,0
81.83333333,1.0,1.0,1.0,5000.0,973.9627297,0.0123208,0.01738675863,1562.142857,3.724,1.0,1.0,0
100.1666667,1.0,1.0,1.0,1283.5688922,213.92814869999998,0.0560936,0.1117494201,6962.142857,3.724,1.0,1.0,0
116.875,1.0,1.0,1.0,5000.0,1000.0,0.003565571429,0.00925391452,4551.111111,3.724,1.0,1.0,0
59.5,1.0,1.0,1.0,5000.0,1000.0,0.009403,0.01286633691,746.6666667,3.724,1.0,1.0,0
88.5,1.0,1.0,1.0,5000.0,1000.0,0.0001,0.0001452044536,3121.2,3.724,1.0,1.0,0
81.83333333,1.0,1.0,1.0,4666.779015,777.7965025000001,0.015428200000000001,0.02291903483,1562.142857,3.724,1.0,1.0,0
61.125,1.0,1.0,1.0,5000.0,1000.0,0.007587428571,0.019883693459999997,640.0,3.724,1.0,1.0,0
93.16666667,1.0,1.0,1.0,2208.4534691999997,368.0755782,0.032602,0.060120855300000005,6962.142857,3.724,1.0,1.0,0
63.0,1.0,1.0,1.0,5000.0,1000.0,0.0001,0.0001258623587,76.8,3.724,1.0,1.0,0
122.75,1.0,1.0,1.0,5000.0,1000.0,0.0001,0.0001368320138,4915.2,3.724,1.0,1.0,0
96.66666667,1.0,1.0,1.0,2332.1802,388.69669999999996,0.0308724,0.05625629726,6962.142857,3.724,1.0,1.0,0
122.75,1.0,1.0,1.0,5000.0,1000.0,0.0001,0.0001065222981,4915.2,3.724,1.0,1.0,0
70.0,1.0,1.0,1.0,5000.0,991.4077991,0.012104,0.02231399222,746.6666667,3.724,1.0,1.0,0
81.83333333,1.0,1.0,1.0,4152.0096882,692.0016147,0.017341,0.023746289219999998,1562.142857,3.724,1.0,1.0,0
92.875,1.0,1.0,1.0,5000.0,1000.0,0.009415857142999999,0.023470316770000003,1777.777778,3.724,1.0,1.0,0
63.0,1.0,1.0,1.0,5000.0,1000.0,0.0001,5.841232747e-05,76.8,3.724,1.0,1.0,0
63.0,1.0,1.0,1.0,5000.0,1000.0,0.0001,6.062177826e-05,76.8,3.724,1.0,1.0,0
122.75,1.0,1.0,1.0,5000.0,1000.0,0.0001,0.0001102739014,4915.2,3.724,1.0,1.0,0
93.16666667,1.0,1.0,1.0,2222.3731242,370.3955207,0.0323978,0.05986267571,6962.142857,3.724,1.0,1.0,0
66.0,1.0,1.0,1.0,5000.0,1000.0,0.0001,6.819335256e-05,307.2,3.724,1.0,1.0,0
60.66666667,1.0,1.0,1.0,5000.0,1000.0,0.0102674,0.01423189133,186.6666667,3.724,1.0,1.0,0
63.0,1.0,1.0,1.0,5000.0,1000.0,0.0001,5.629683236e-05,76.8,3.724,1.0,1.0,0
66.0,1.0,1.0,1.0,3586.8363108000003,597.8060518,0.0200734,0.03269637889,1760.952381,3.724,1.0,1.0,0
88.5,1.0,1.0,1.0,5000.0,1000.0,0.0003673333333,0.000577344207,3121.2,3.724,1.0,1.0,0
68.83333333,1.0,1.0,1.0,5000.0,1000.0,0.009847,0.01345872265,746.6666667,3.724,1.0,1.0,0
64.0,1.0,1.0,1.0,5000.0,1000.0,0.0001,6.223343152999999e-05,235.2,3.724,1.0,1.0,0
69.0,1.0,1.0,1.0,3267.2323818,544.5387303,0.022037,0.037142366370000006,2477.142857,3.724,1.0,1.0,0
61.75,1.0,1.0,1.0,5000.0,1000.0,0.0001,6.612110102e-05,76.8,3.724,1.0,1.0,0
83.0,1.0,1.0,1.0,5000.0,1000.0,0.0002773333333,0.0004367680544,940.8,3.724,1.0,1.0,0
110.8333333,1.0,1.0,1.0,5000.0,1000.0,0.009721,0.01964002496,1680.0,3.724,1.0,1.0,0
83.83333333,1.0,1.0,1.0,5000.0,856.2254727,0.014015,0.02052856964,2428.809524,3.724,1.0,1.0,0
80.5,1.0,1.0,1.0,4939.592895,823.2654825,0.01619566667,0.028008424900000002,1116.3,3.724,1.0,1.0,0
70.0,1.0,1.0,1.0,5000.0,1000.0,0.0102036,0.01391038507,420.0,3.724,1.0,1.0,0
64.25,1.0,1.0,1.0,5000.0,1000.0,0.0001,6.062177826e-05,76.8,3.724,1.0,1.0,0
103.3333333,1.0,1.0,1.0,3297.095808,549.5159679999999,0.0218374,0.03658413226,3900.952381,3.724,1.0,1.0,0
53.0,1.0,1.0,1.0,5000.0,1000.0,0.003491285714,0.009093869358,71.11111111,3.724,1.0,1.0,0
120.75,1.0,1.0,1.0,5000.0,1000.0,0.0001136666667,9.856131763e-05,1228.8,3.724,1.0,1.0,0
60.33333333,1.0,1.0,1.0,5000.0,969.117457,0.0123824,0.01745138798,548.5714286,3.724,1.0,1.0,0
54.83333333,1.0,1.0,1.0,5000.0,990.2624195,0.012118,0.02188038609,186.6666667,3.724,1.0,1.0,0
56.75,1.0,1.0,1.0,5000.0,1000.0,0.00011633333330000001,9.902693236000001e-05,76.8,3.724,1.0,1.0,0
48.0,1.0,1.0,1.0,5000.0,1000.0,0.0001,5.749202843e-05,76.8,3.724,1.0,1.0,0
57.16666667,1.0,1.0,1.0,5000.0,993.8875912999999,0.012073799999999999,0.01716808837,186.6666667,3.724,1.0,1.0,0
42.66666667,1.0,1.0,1.0,5000.0,1000.0,0.009606799999999999,0.01313483366,60.95238095,3.724,1.0,1.0,0
59.25,1.0,1.0,1.0,5000.0,1000.0,0.0001,6.277207447e-05,76.8,3.724,1.0,1.0,0
59.0,1.0,1.0,1.0,2196.9840293999996,366.16400489999995,0.032772199999999994,0.05288449072,1005.952381,3.724,1.0,1.0,0
92.0,1.0,1.0,1.0,5000.0,1000.0,0.0001,0.0001266333289,3244.8,3.724,1.0,1.0,0
66.5,1.0,1.0,1.0,5000.0,968.7106461000001,0.0123876,0.01972465419,1680.0,3.724,1.0,1.0,0
88.5,1.0,1.0,1.0,5000.0,1000.0,0.008065,0.01392570587,3121.2,3.724,1.0,1.0,0
66.66666667,1.0,1.0,1.0,5000.0,1000.0,0.0118554,0.016904200079999997,1562.142857,3.724,1.0,1.0,0
50.5,1.0,1.0,1.0,5000.0,1000.0,0.0001,7.3e-05,76.8,3.724,1.0,1.0,0
83.83333333,1.0,1.0,1.0,2550.5324238,425.0887373,0.0282294,0.043806811220000005,2428.809524,3.724,1.0,1.0,0
83.0,1.0,1.0,1.0,5000.0,1000.0,0.007992,0.013799266320000001,940.8,3.724,1.0,1.0,0
64.16666667,1.0,1.0,1.0,5000.0,988.9729516,0.012133799999999998,0.02226348999,945.0,3.724,1.0,1.0,0
74.33333333,1.0,1.0,1.0,1583.2666308,263.8777718,0.0454756,0.08854130231,915.2380952,3.724,1.0,1.0,0
62.25,1.0,1.0,1.0,5000.0,1000.0,0.0001,6.331139971000001e-05,307.2,3.724,1.0,1.0,0
50.5,1.0,1.0,1.0,5000.0,1000.0,0.0001,6.169548876e-05,76.8,3.724,1.0,1.0,0
61.83333333,1.0,1.0,1.0,5000.0,996.2143853,0.0120456,0.01697454687,186.6666667,3.724,1.0,1.0,0
83.25,1.0,1.0,1.0,5000.0,1000.0,0.0001,6.483826031e-05,1044.3,3.724,1.0,1.0,0
94.5,1.0,1.0,1.0,5000.0,1000.0,0.0001,4.041451884e-05,1228.8,3.724,1.0,1.0,0
58.0,1.0,1.0,1.0,5000.0,1000.0,0.0001,5.530220008e-05,76.8,3.724,1.0,1.0,0
72.83333333,1.0,1.0,1.0,5000.0,999.2838466000001,0.012008600000000001,0.02065687907,2194.285714,3.724,1.0,1.0,0
238.75,1.0,1.0,1.0,5000.0,1000.0,0.000103,0.0001359448418,42187.5,3.724,1.0,1.0,0
123.5,1.0,1.0,1.0,5000.0,1000.0,0.007993666667,0.01380042102,2017.2,3.724,1.0,1.0,0
88.5,1.0,1.0,1.0,82.82115066,13.803525109999999,0.8279458571,2.179713513,4345.75,3.724,1.0,1.0,0
81.0,1.0,1.0,1.0,5000.0,1000.0,0.0001,6.223343152999999e-05,1153.2,3.724,1.0,1.0,0
48.0,1.0,1.0,1.0,5000.0,1000.0,0.0001,6.493329910999999e-05,76.8,3.724,1.0,1.0,0
87.58333333,1.0,1.0,1.0,112.05266478,18.675444130000002,0.5841409091,1.9245829669999999,1219.307692,3.724,1.0,1.0,0
58.0,1.0,1.0,1.0,5000.0,1000.0,0.0001,8.805869255e-05,76.8,3.724,1.0,1.0,0
140.0,1.0,1.0,1.0,5000.0,845.0763738,0.01577766667,0.027244581849999998,11407.5,3.724,1.0,1.0,0
82.0,1.0,1.0,1.0,5000.0,975.7208138,0.0122986,0.01725594322,2333.571429,3.724,1.0,1.0,0
98.75,1.0,1.0,1.0,5000.0,1000.0,0.007902666667000001,0.0136445383,3630.0,3.724,1.0,1.0,0
50.83333333,1.0,1.0,1.0,1638.5533392,273.0922232,0.0439412,0.08512112634,60.95238095,3.724,1.0,1.0,0
70.5,1.0,1.0,1.0,5000.0,1000.0,0.0001,3.521836642e-05,76.8,3.724,1.0,1.0,0
121.25,1.0,1.0,1.0,5000.0,1000.0,0.0001,8.362415919e-05,7680.0,3.724,1.0,1.0,0
73.5,1.0,1.0,1.0,5000.0,1000.0,0.0102528,0.014038366029999999,746.6666667,3.724,1.0,1.0,0
46.25,1.0,1.0,1.0,5000.0,1000.0,0.0036091428569999997,0.00907109713,71.11111111,3.724,1.0,1.0,0
74.75,1.0,1.0,1.0,5000.0,1000.0,0.0001,3.955165399e-05,307.2,3.724,1.0,1.0,0
146.5,1.0,1.0,1.0,5000.0,1000.0,0.0001,8.58506455e-05,4915.2,3.724,1.0,1.0,0
103.1666667,1.0,1.0,1.0,5000.0,1000.0,0.0093676,0.020035896010000002,8325.952381,3.724,1.0,1.0,0
67.33333333,1.0,1.0,1.0,4200.6020862000005,700.1003477,0.0171404,0.03016524613,1640.238095,3.724,1.0,1.0,0
48.0,1.0,1.0,1.0,5000.0,1000.0,0.0001,3.089228598e-05,76.8,3.724,1.0,1.0,0
91.75,1.0,1.0,1.0,5000.0,1000.0,0.0001,7.765951326e-05,2764.8,3.724,1.0,1.0,0
133.5,1.0,1.0,1.0,5000.0,1000.0,0.007925666667,0.013683508550000001,2017.2,3.724,1.0,1.0,0
56.75,1.0,1.0,1.0,5000.0,1000.0,0.0001,5.901694672e-05,76.8,3.724,1.0,1.0,0
84.75,1.0,1.0,1.0,5000.0,1000.0,0.00011733333330000001,0.0001003809411,2539.2,3.724,1.0,1.0,0
64.0,1.0,1.0,1.0,1964.2292039999998,327.371534,0.036655599999999997,0.06895982399,1268.809524,3.724,1.0,1.0,0
64.25,1.0,1.0,1.0,5000.0,1000.0,0.0001,5.688878038e-05,76.8,3.724,1.0,1.0,0
136.0,1.0,1.0,1.0,5000.0,1000.0,0.008125333333,0.01402934091,8875.2,3.724,1.0,1.0,0
107.25,1.0,1.0,1.0,5000.0,1000.0,0.0001,7.092484285e-05,307.2,3.724,1.0,1.0,0
156.5,1.0,1.0,1.0,5000.0,1000.0,0.0001,6.322183167e-05,4915.2,3.724,1.0,1.0,0
82.75,1.0,1.0,1.0,5000.0,1000.0,0.007864333333,0.01353742045,1825.2,3.724,1.0,1.0,0
74.5,1.0,1.0,1.0,5000.0,1000.0,0.0001,6.863186820999999e-05,1228.8,3.724,1.0,1.0,0
70.25,1.0,1.0,1.0,5000.0,1000.0,0.003544857143,0.009199766092,1137.777778,3.724,1.0,1.0,0
205.0,1.0,1.0,1.0,5000.0,1000.0,0.005522,0.0143009513,28444.44444,3.724,1.0,1.0,0
80.5,1.0,1.0,1.0,5000.0,1000.0,0.008181666667000001,0.01412604776,1116.3,3.724,1.0,1.0,0
121.25,1.0,1.0,1.0,5000.0,1000.0,0.0001,9.712020044000001e-05,7680.0,3.724,1.0,1.0,0
54.0,1.0,1.0,1.0,4659.1990062,776.5331677,0.017170333330000002,0.02969573094,235.2,3.724,1.0,1.0,0
77.25,1.0,1.0,1.0,5000.0,1000.0,0.003600285714,0.008803625876,1690.0,3.724,1.0,1.0,0
86.75,1.0,1.0,1.0,5000.0,1000.0,0.003515857143,0.009070228616,1033.611111,3.724,1.0,1.0,0
71.0,1.0,1.0,1.0,5000.0,1000.0,0.0001,5.6959049620000005e-05,1153.2,3.724,1.0,1.0,0
113.1666667,1.0,1.0,1.0,4755.2373654,792.5395609,0.0151412,0.02109031323,1680.0,3.724,1.0,1.0,0
50.5,1.0,1.0,1.0,5000.0,1000.0,0.0001,6.656074919e-05,76.8,3.724,1.0,1.0,0
81.25,1.0,1.0,1.0,5000.0,1000.0,0.0003533333333,0.0005288528466,1267.5,3.724,1.0,1.0,0
97.25,1.0,1.0,1.0,5000.0,1000.0,0.004139857143,0.008906693278,2777.777778,3.724,1.0,1.0,0
88.5,1.0,1.0,1.0,5000.0,1000.0,0.0001,0.0001079645003,3121.2,3.724,1.0,1.0,0
59.16666667,1.0,1.0,1.0,5000.0,1000.0,0.009984799999999999,0.0136491345,400.2380952,3.724,1.0,1.0,0
59.25,1.0,1.0,1.0,5000.0,1000.0,0.0001,6.483826031e-05,76.8,3.724,1.0,1.0,0
88.5,1.0,1.0,1.0,5000.0,1000.0,0.0001,7.850053078e-05,3121.2,3.724,1.0,1.0,0
82.25,1.0,1.0,1.0,5000.0,1000.0,0.0001,6.60176744e-05,1153.2,3.724,1.0,1.0,0
88.5,1.0,1.0,1.0,5000.0,1000.0,0.0001,0.000102275771,3121.2,3.724,1.0,1.0,0
99.0,1.0,1.0,1.0,5000.0,1000.0,0.0001,0.0001016136474,4915.2,3.724,1.0,1.0,0
64.83333333,1.0,1.0,1.0,5000.0,1000.0,0.009354,0.012843182779999998,1760.952381,3.724,1.0,1.0,0
88.5,1.0,1.0,1.0,5000.0,1000.0,0.0001,0.00010450039870000001,3121.2,3.724,1.0,1.0,0
59.25,1.0,1.0,1.0,5000.0,1000.0,0.0001,8.256108849000001e-05,76.8,3.724,1.0,1.0,0
68.83333333,1.0,1.0,1.0,5000.0,1000.0,0.0095658,0.020419920709999997,1680.0,3.724,1.0,1.0,0
99.0,1.0,1.0,1.0,5000.0,1000.0,0.007989333333,0.01383186908,4915.2,3.724,1.0,1.0,0
59.25,1.0,1.0,1.0,5000.0,1000.0,0.007960333332999999,0.01378163961,76.8,3.724,1.0,1.0,0
63.5,1.0,1.0,1.0,5000.0,1000.0,0.0001,7.256950691000001e-05,307.2,3.724,1.0,1.0,0
91.83333333,1.0,1.0,1.0,3554.0110962,592.3351827,0.0202588,0.03310504969,3315.238095,3.724,1.0,1.0,0
67.75,1.0,1.0,1.0,5000.0,1000.0,0.0001,9.382075108e-05,691.2,3.724,1.0,1.0,0
74.0,1.0,1.0,1.0,5000.0,1000.0,0.007920333332999999,0.013712357579999999,1825.2,3.724,1.0,1.0,0
83.75,1.0,1.0,1.0,5000.0,1000.0,0.007855666667000001,0.01359948559,1267.5,3.724,1.0,1.0,0
67.75,1.0,1.0,1.0,5000.0,833.5417187999999,0.015996,0.02769895651,691.2,3.724,1.0,1.0,0
63.0,1.0,1.0,1.0,5000.0,1000.0,0.011961600000000001,0.01682645262,746.6666667,3.724,1.0,1.0,0
59.25,1.0,1.0,1.0,5000.0,1000.0,0.0001,8.833459119e-05,76.8,3.724,1.0,1.0,0
74.0,1.0,1.0,1.0,5000.0,861.2275363000001,0.0139336,0.01992328362,2194.285714,3.724,1.0,1.0,0
88.75,1.0,1.0,1.0,5000.0,1000.0,0.007932,0.01373343085,750.0,3.724,1.0,1.0,0
83.75,1.0,1.0,1.0,5000.0,1000.0,0.0001,8.891194146e-05,1267.5,3.724,1.0,1.0,0
88.5,1.0,1.0,1.0,5000.0,864.2544365000001,0.0138848,0.02018928747,2777.142857,3.724,1.0,1.0,0
79.75,1.0,1.0,1.0,5000.0,1000.0,0.00013,0.000220837044,307.2,3.724,1.0,1.0,0
88.5,1.0,1.0,1.0,5000.0,1000.0,0.0001,0.0001198012243,3121.2,3.724,1.0,1.0,0
67.75,1.0,1.0,1.0,4006.0758816000002,667.6793136000001,0.01996966667,0.0345824151,691.2,3.724,1.0,1.0,0
129.625,1.0,1.0,1.0,4144.934544600001,690.8224241,0.01654342857,0.03430227187,10454.44444,3.724,1.0,1.0,0
151.5,1.0,1.0,1.0,5000.0,1000.0,0.0001,0.00011287308509999999,4915.2,3.724,1.0,1.0,0
119.0,1.0,1.0,1.0,5000.0,1000.0,0.0001,0.0001293264603,4915.2,3.724,1.0,1.0,0
67.75,1.0,1.0,1.0,5000.0,1000.0,0.0001,3.521836642e-05,691.2,3.724,1.0,1.0,0
55.5,1.0,1.0,1.0,5000.0,1000.0,0.0001,8.169659316000001e-05,76.8,3.724,1.0,1.0,0
108.5,1.0,1.0,1.0,5000.0,1000.0,0.008017333332999999,0.01384227967,1153.2,3.724,1.0,1.0,0
59.25,1.0,1.0,1.0,5000.0,1000.0,0.0001,0.00013308769040000002,76.8,3.724,1.0,1.0,0
94.0,1.0,1.0,1.0,5000.0,978.0907668,0.0122688,0.01731482585,3900.952381,3.724,1.0,1.0,0
63.33333333,1.0,1.0,1.0,5000.0,1000.0,0.0118724,0.0167464084,773.5714286,3.724,1.0,1.0,0
59.25,1.0,1.0,1.0,5000.0,1000.0,0.0001,3.031501278e-05,76.8,3.724,1.0,1.0,0
59.25,1.0,1.0,1.0,5000.0,1000.0,0.0001,8.717989065e-05,76.8,3.724,1.0,1.0,0
65.0,1.0,1.0,1.0,5000.0,1000.0,0.0001,4.0128958789999996e-05,750.0,3.724,1.0,1.0,0
85.5,1.0,1.0,1.0,5000.0,1000.0,0.0001,9.035670054e-05,76.8,3.724,1.0,1.0,0
82.0,1.0,1.0,1.0,2226.5791704000003,371.0965284,0.0323366,0.05957636191,3840.238095,3.724,1.0,1.0,0
71.33333333,1.0,1.0,1.0,5000.0,861.7965586,0.0139244,0.02135719618,1068.809524,3.724,1.0,1.0,0
49.25,1.0,1.0,1.0,5000.0,1000.0,0.007925666667,0.01368350695,76.8,3.724,1.0,1.0,0
48.0,1.0,1.0,1.0,5000.0,1000.0,0.0001,5.848361594e-05,76.8,3.724,1.0,1.0,0
48.0,1.0,1.0,1.0,5000.0,1000.0,0.0001,6.57951366e-05,76.8,3.724,1.0,1.0,0
116.25,1.0,1.0,1.0,5000.0,1000.0,0.003584,0.009041518658999999,6760.0,3.724,1.0,1.0,0
63.16666667,1.0,1.0,1.0,931.4431938,155.24053229999998,0.07729939999999999,0.15917831,1562.142857,3.724,1.0,1.0,0
60.66666667,1.0,1.0,1.0,1833.6474306,305.6079051,0.039266,0.0652564642,1411.666667,3.724,1.0,1.0,0
115.25,1.0,1.0,1.0,5000.0,1000.0,0.0001,8.808140174e-05,4915.2,3.724,1.0,1.0,0
85.83333333,1.0,1.0,1.0,3571.6411691999997,595.2735282,0.020158799999999998,0.02758286096,2380.952381,3.724,1.0,1.0,0
46.75,1.0,1.0,1.0,5000.0,1000.0,0.0001,5.424942396e-05,76.8,3.724,1.0,1.0,0
42.875,1.0,1.0,1.0,5000.0,1000.0,0.008809,0.01810460689,71.11111111,3.724,1.0,1.0,0
64.25,1.0,1.0,1.0,5000.0,1000.0,0.0001,6.983074776e-05,76.8,3.724,1.0,1.0,0
64.5,1.0,1.0,1.0,5000.0,1000.0,0.0094694,0.01295263581,1448.571429,3.724,1.0,1.0,0
71.83333333,1.0,1.0,1.0,5000.0,1000.0,0.009732,0.02093041113,1234.285714,3.724,1.0,1.0,0
49.25,1.0,1.0,1.0,5000.0,1000.0,0.0001,6.331139971000001e-05,76.8,3.724,1.0,1.0,0
133.0,1.0,1.0,1.0,5000.0,1000.0,0.004130571429,0.00888832963,10454.44444,3.724,1.0,1.0,0
73.5,1.0,1.0,1.0,5000.0,1000.0,0.0001,3.7527767500000005e-05,1346.7,3.724,1.0,1.0,0
90.25,1.0,1.0,1.0,5000.0,1000.0,0.008022666667,0.013851517260000001,1598.7,3.724,1.0,1.0,0
61.25,1.0,1.0,1.0,65.35589076000001,10.89264846,1.049200429,2.775761138,683.7777778,3.724,1.0,1.0,0
56.375,1.0,1.0,1.0,5000.0,1000.0,0.0037324285709999998,0.009668942287,71.11111111,3.724,1.0,1.0,0
60.66666667,1.0,1.0,1.0,464.86762896,77.47793816,0.1548828,0.33288377620000004,945.0,3.724,1.0,1.0,0
83.125,1.0,1.0,1.0,5000.0,1000.0,0.003657,0.008843382422000001,1173.611111,3.724,1.0,1.0,0
109.0,1.0,1.0,1.0,5000.0,1000.0,0.0096742,0.01322799823,1600.952381,3.724,1.0,1.0,0
74.5,1.0,1.0,1.0,5000.0,1000.0,0.008051,0.013941276990000001,1228.8,3.724,1.0,1.0,0
88.5,1.0,1.0,1.0,5000.0,1000.0,0.0001,6.928443789000001e-05,307.2,3.724,1.0,1.0,0
85.875,1.0,1.0,1.0,5000.0,1000.0,0.009163857143,0.02352512829,1210.0,3.724,1.0,1.0,0
142.75,1.0,1.0,1.0,5000.0,1000.0,0.003701428571,0.009565512077,4551.111111,3.724,1.0,1.0,0
66.75,1.0,1.0,1.0,5000.0,1000.0,0.0001,6.439202849000001e-05,76.8,3.724,1.0,1.0,0
74.75,1.0,1.0,1.0,5000.0,1000.0,0.0005593333333000001,0.0009231686375000001,1153.2,3.724,1.0,1.0,0
115.0,1.0,1.0,1.0,5000.0,1000.0,0.007087,0.012030878469999999,6934.444444,3.724,1.0,1.0,0
71.33333333,1.0,1.0,1.0,5000.0,835.7709987,0.014358,0.02126324614,1843.809524,3.724,1.0,1.0,0
191.5,1.0,1.0,1.0,5000.0,1000.0,0.0001,0.0001147126846,24883.2,3.724,1.0,1.0,0
88.5,1.0,1.0,1.0,5000.0,1000.0,0.0001,9.17986928e-05,1153.2,3.724,1.0,1.0,0
91.83333333,1.0,1.0,1.0,5000.0,1000.0,0.0104326,0.01430105875,6095.238095,3.724,1.0,1.0,0
102.0,1.0,1.0,1.0,5000.0,1000.0,0.0001,9.713907556e-05,2940.3,3.724,1.0,1.0,0
143.3333333,1.0,1.0,1.0,5000.0,1000.0,0.009475200000000001,0.01297922701,23028.80952,3.724,1.0,1.0,0
67.25,1.0,1.0,1.0,5000.0,1000.0,0.0001,7.256950691000001e-05,307.2,3.724,1.0,1.0,0
89.5,1.0,1.0,1.0,5000.0,1000.0,0.0001,6.60176744e-05,2116.8,3.724,1.0,1.0,0
107.5,1.0,1.0,1.0,5000.0,1000.0,0.0001,9.901683359000001e-05,1920.0,3.724,1.0,1.0,0
80.625,1.0,1.0,1.0,5000.0,1000.0,0.009983285714,0.02244442066,1322.5,3.724,1.0,1.0,0
65.5,1.0,1.0,1.0,5000.0,1000.0,0.0001,9.122134253e-05,76.8,3.724,1.0,1.0,0
121.25,1.0,1.0,1.0,5000.0,1000.0,0.0001,0.00010248089249999999,7680.0,3.724,1.0,1.0,0
75.25,1.0,1.0,1.0,3987.3733175999996,664.5622195999999,0.020063333330000002,0.03474551655,1387.2,3.724,1.0,1.0,0
68.0,1.0,1.0,1.0,4333.329320999999,722.2215534999999,0.016615400000000002,0.02582722351,2015.238095,3.724,1.0,1.0,0
45.5,1.0,1.0,1.0,5000.0,1000.0,0.0001,8.891194146e-05,76.8,3.724,1.0,1.0,0
119.75,1.0,1.0,1.0,5000.0,1000.0,0.0001,0.0001452044536,307.2,3.724,1.0,1.0,0
65.25,1.0,1.0,1.0,5000.0,1000.0,0.0001,9.43980932e-05,691.2,3.724,1.0,1.0,0
144.75,1.0,1.0,1.0,3933.3945191999996,655.5657531999999,0.020338666669999998,0.03522154185,2017.2,3.724,1.0,1.0,0
53.16666667,1.0,1.0,1.0,5000.0,1000.0,0.0093966,0.012890183639999999,60.95238095,3.724,1.0,1.0,0
81.0,1.0,1.0,1.0,4957.8582054,826.3097009,0.016136,0.027903347989999997,2270.7,3.724,1.0,1.0,0
54.5,1.0,1.0,1.0,5000.0,1000.0,0.0097278,0.01331903088,548.5714286,3.724,1.0,1.0,0
73.16666667,1.0,1.0,1.0,3306.5745726,551.0957621,0.0217748,0.03655665879,2933.571429,3.724,1.0,1.0,0
80.625,1.0,1.0,1.0,5000.0,1000.0,0.007783,0.01797114469,2102.5,3.724,1.0,1.0,0
54.125,1.0,1.0,1.0,5000.0,1000.0,0.004053428571,0.01057997859,71.11111111,3.724,1.0,1.0,0
89.25,1.0,1.0,1.0,5000.0,1000.0,0.0001,5.25388745e-05,2764.8,3.724,1.0,1.0,0
75.0,1.0,1.0,1.0,3281.9764794,546.9960798999999,0.021938,0.03701745053,3040.238095,3.724,1.0,1.0,0
52.5,1.0,1.0,1.0,3608.1905928,601.3650987999999,0.0199546,0.032237365750000004,420.0,3.724,1.0,1.0,0
52.5,1.0,1.0,1.0,3718.5856980000003,619.764283,0.0193622,0.03095151573,420.0,3.724,1.0,1.0,0
63.0,1.0,1.0,1.0,5000.0,1000.0,0.0001,0.000135099963,76.8,3.724,1.0,1.0,0
63.0,1.0,1.0,1.0,5000.0,1000.0,0.0001,8.544783984e-05,76.8,3.724,1.0,1.0,0
88.5,1.0,1.0,1.0,5000.0,1000.0,0.0001,9.410809388e-05,3121.2,3.724,1.0,1.0,0
88.5,1.0,1.0,1.0,5000.0,1000.0,0.0001,9.728480525000001e-05,3121.2,3.724,1.0,1.0,0
84.75,1.0,1.0,1.0,5000.0,1000.0,0.00381,0.009924524153,2890.0,3.724,1.0,1.0,0
157.0,1.0,1.0,1.0,5000.0,1000.0,0.0001,0.0001599260246,16426.8,3.724,1.0,1.0,0
88.5,1.0,1.0,1.0,5000.0,1000.0,0.0001,0.00011922387899999999,3121.2,3.724,1.0,1.0,0
63.0,1.0,1.0,1.0,5000.0,1000.0,0.0001,8.487048957000001e-05,76.8,3.724,1.0,1.0,0
88.5,1.0,1.0,1.0,5000.0,1000.0,0.0001,0.0001076769861,3121.2,3.724,1.0,1.0,0
88.5,1.0,1.0,1.0,5000.0,1000.0,0.0001,0.0001073871501,3121.2,3.724,1.0,1.0,0
77.5,1.0,1.0,1.0,5000.0,1000.0,0.003543142857,0.009226417387999999,871.1111111,3.724,1.0,1.0,0
63.0,1.0,1.0,1.0,5000.0,1000.0,0.0001,8.313843876e-05,76.8,3.724,1.0,1.0,0
57.5,1.0,1.0,1.0,5000.0,1000.0,0.003520571429,0.009171430147999999,71.11111111,3.724,1.0,1.0,0
73.16666667,1.0,1.0,1.0,5000.0,1000.0,0.009727399999999999,0.01332534886,2933.571429,3.724,1.0,1.0,0
61.75,1.0,1.0,1.0,5000.0,1000.0,0.0001,8.655826553999999e-05,76.8,3.724,1.0,1.0,0
88.5,1.0,1.0,1.0,5000.0,1000.0,0.007978666667000001,0.01377357507,3121.2,3.724,1.0,1.0,0
45.5,1.0,1.0,1.0,5000.0,1000.0,0.0001,6.223343152999999e-05,76.8,3.724,1.0,1.0,0
62.16666667,1.0,1.0,1.0,5000.0,978.6012526000001,0.0122624,0.021196852210000002,1720.238095,3.724,1.0,1.0,0
81.75,1.0,1.0,1.0,5000.0,1000.0,0.007982,0.01378108062,1116.3,3.724,1.0,1.0,0
63.0,1.0,1.0,1.0,5000.0,1000.0,0.0001,5.37246064e-05,76.8,3.724,1.0,1.0,0
62.0,1.0,1.0,1.0,4855.9404336,809.3234056,0.0148272,0.024520166939999997,1562.142857,3.724,1.0,1.0,0
88.5,1.0,1.0,1.0,5000.0,1000.0,0.0001,7.202083032e-05,3121.2,3.724,1.0,1.0,0
88.5,1.0,1.0,1.0,5000.0,1000.0,0.0001,6.0044428e-05,3121.2,3.724,1.0,1.0,0
59.25,1.0,1.0,1.0,5000.0,1000.0,0.0001,6.124540799e-05,76.8,3.724,1.0,1.0,0
72.75,1.0,1.0,1.0,47.19388134,7.86564689,1.452972857,3.844045215,3210.0,3.724,1.0,1.0,0
88.5,1.0,1.0,1.0,5000.0,1000.0,0.0001,7.544755352999999e-05,3121.2,3.724,1.0,1.0,0
70.0,1.0,1.0,1.0,4752.5379876,792.0896646,0.0151498,0.02141470751,746.6666667,3.724,1.0,1.0,0
68.83333333,1.0,1.0,1.0,5000.0,982.7365938,0.012210799999999999,0.017257748309999998,746.6666667,3.724,1.0,1.0,0
86.83333333,1.0,1.0,1.0,2417.1456198,402.85760330000005,0.0297872,0.053947988899999993,2525.952381,3.724,1.0,1.0,0
41.5,1.0,1.0,1.0,5000.0,1000.0,0.0095622,0.01305275035,60.95238095,3.724,1.0,1.0,0
66.66666667,1.0,1.0,1.0,4685.9136228,780.9856037999999,0.0153652,0.02149603166,857.1428571,3.724,1.0,1.0,0
63.5,1.0,1.0,1.0,5000.0,1000.0,0.0001,9.535722311e-05,410.7,3.724,1.0,1.0,0
71.75,1.0,1.0,1.0,5000.0,1000.0,0.0001,6.385138996e-05,76.8,3.724,1.0,1.0,0
67.66666667,1.0,1.0,1.0,5000.0,1000.0,0.009416200000000001,0.018570786649999997,945.0,3.724,1.0,1.0,0
67.16666667,1.0,1.0,1.0,5000.0,1000.0,0.010169,0.0139075438,2059.285714,3.724,1.0,1.0,0
98.75,1.0,1.0,1.0,5000.0,1000.0,0.007934666667,0.013698230149999999,1470.0,3.724,1.0,1.0,0
46.75,1.0,1.0,1.0,5000.0,1000.0,0.0001,7.026616066e-05,76.8,3.724,1.0,1.0,0
88.5,1.0,1.0,1.0,5000.0,1000.0,0.0001,0.0001070996421,3121.2,3.724,1.0,1.0,0
53.0,1.0,1.0,1.0,5000.0,1000.0,0.0001,8.689265408e-05,76.8,3.724,1.0,1.0,0
70.83333333,1.0,1.0,1.0,1474.5698148,245.7616358,0.048827800000000005,0.09593796797,2933.571429,3.724,1.0,1.0,0
47.33333333,1.0,1.0,1.0,5000.0,1000.0,0.00975,0.013329071029999999,60.95238095,3.724,1.0,1.0,0
88.5,1.0,1.0,1.0,5000.0,1000.0,0.0001,0.0001105637071,3121.2,3.724,1.0,1.0,0
42.66666667,1.0,1.0,1.0,5000.0,1000.0,0.009766200000000001,0.013565614879999998,60.95238095,3.724,1.0,1.0,0
48.0,1.0,1.0,1.0,5000.0,1000.0,0.0001,7.918543637000001e-05,76.8,3.724,1.0,1.0,0
48.0,1.0,1.0,1.0,5000.0,1000.0,0.0001,8.602519011e-05,76.8,3.724,1.0,1.0,0
46.75,1.0,1.0,1.0,5000.0,1000.0,0.0001,8.602519011e-05,76.8,3.724,1.0,1.0,0
122.75,1.0,1.0,1.0,5000.0,1000.0,0.0001,0.0001091192009,4915.2,3.724,1.0,1.0,0
58.33333333,1.0,1.0,1.0,2091.090213,348.51503549999995,0.034431800000000005,0.06403996067,945.0,3.724,1.0,1.0,0
124.8333333,1.0,1.0,1.0,5000.0,975.3718605,0.012303,0.01731207632,1680.0,3.724,1.0,1.0,0
55.83333333,1.0,1.0,1.0,5000.0,1000.0,0.009701,0.0166806573,828.8095238,3.724,1.0,1.0,0
51.33333333,1.0,1.0,1.0,5000.0,977.1032147,0.0122812,0.017349952369999998,746.6666667,3.724,1.0,1.0,0
88.5,1.0,1.0,1.0,5000.0,1000.0,0.004110333333,0.007112377966,3121.2,3.724,1.0,1.0,0
119.75,1.0,1.0,1.0,5000.0,1000.0,0.0001,9.382075108e-05,307.2,3.724,1.0,1.0,0
48.0,1.0,1.0,1.0,5000.0,1000.0,0.0001,9.514375089e-05,76.8,3.724,1.0,1.0,0
51.0,1.0,1.0,1.0,5000.0,1000.0,0.0001,8.516063253000001e-05,307.2,3.724,1.0,1.0,0
83.16666667,1.0,1.0,1.0,4039.8599513999998,673.3099919,0.017822400000000002,0.024607141479999997,1720.238095,3.724,1.0,1.0,0
76.0,1.0,1.0,1.0,5000.0,1000.0,0.0003226666667,0.0005536789082000001,1555.2,3.724,1.0,1.0,0
46.75,1.0,1.0,1.0,5000.0,1000.0,0.0001,6.710439628e-05,76.8,3.724,1.0,1.0,0
88.5,1.0,1.0,1.0,5000.0,1000.0,0.007935,0.013739493109999999,3121.2,3.724,1.0,1.0,0
103.6666667,1.0,1.0,1.0,1416.4751802,236.0791967,0.050830400000000005,0.100342446,6962.142857,3.724,1.0,1.0,0
70.0,1.0,1.0,1.0,5000.0,1000.0,0.003559571429,0.0089675878,966.9444444,3.724,1.0,1.0,0
59.25,1.0,1.0,1.0,5000.0,1000.0,0.0001,8.003957355e-05,76.8,3.724,1.0,1.0,0
53.83333333,1.0,1.0,1.0,5000.0,999.3837134,0.0120074,0.01693376197,668.8095238,3.724,1.0,1.0,0
158.25,1.0,1.0,1.0,5000.0,1000.0,0.008081666667,0.01399092907,16426.8,3.724,1.0,1.0,0
149.0,1.0,1.0,1.0,5000.0,1000.0,0.0001,0.0001229756073,4915.2,3.724,1.0,1.0,0
104.5,1.0,1.0,1.0,5000.0,1000.0,0.003482857143,0.009121888134999999,4551.111111,3.724,1.0,1.0,0
79.33333333,1.0,1.0,1.0,2598.2274318,433.03790530000003,0.027711200000000002,0.04870882653,2286.666667,3.724,1.0,1.0,0
236.6122449,1.0,1.0,1.0,274.11733752,45.68622292,0.2234444583,1.5474334490000001,257506.4751,3.724,1.0,1.0,0
66.75,1.0,1.0,1.0,5000.0,1000.0,0.0001,0.0001010362971,1116.3,3.724,1.0,1.0,0
69.25,1.0,1.0,1.0,5000.0,1000.0,0.0001,9.006664199e-05,76.8,3.724,1.0,1.0,0
66.75,1.0,1.0,1.0,5000.0,1000.0,0.00035,0.0006001558131000001,1116.3,3.724,1.0,1.0,0
897.1346154,1.0,1.0,1.0,53.411170739999996,8.90186179,1.1342669220000001,8.076516702,1348612.667,3.724,1.0,1.0,0
378.6,1.0,1.0,1.0,222.34975764,37.05829294,0.2891197857,0.5240872529,550990.7292,3.724,1.0,1.0,0
9.0,1.0,1.0,1.0,1118.193,186.3655,0.107316,0.0,0.0,3.724,1.0,1.0,0
375.1875,1.0,1.0,1.0,352.9531146,58.8255191,0.18132720000000002,0.3064347464,257976.6103,3.724,1.0,1.0,0
9.0,1.0,1.0,1.0,1297.437561,216.2395935,0.09249,0.0,0.0,3.724,1.0,1.0,0
387.9473684,1.0,1.0,1.0,469.25437128000004,78.20906188000001,0.1349658889,0.2227620271,231356.9974,3.724,1.0,1.0,0
9.0,1.0,1.0,1.0,5000.0,1000.0,0.00012,0.0,0.0,3.724,1.0,1.0,0
330.0,1.0,1.0,1.0,404.06948478,67.34491412999999,0.15838860000000002,0.3670907201,596774.8824,3.724,1.0,1.0,0
23.66666667,1.0,1.0,1.0,589.38131334,98.23021889,0.1527025,0.2159482897,552.25,3.724,1.0,1.0,0
451.3571429,1.0,1.0,1.0,1598.4228894,266.4038149,0.04042446154,0.060680417759999994,864655.4952,3.724,1.0,1.0,0
241.2,1.0,1.0,1.0,163.21517946,27.202529910000003,0.3938709286,1.300799488,263441.5833,3.724,1.0,1.0,0
23.66666667,1.0,1.0,1.0,5000.0,1000.0,0.0111135,0.01571120557,552.25,3.724,1.0,1.0,0
288.0612245,1.0,1.0,1.0,25.16051724,4.19341954,2.434369667,4.212825712,281745.6429,3.724,1.0,1.0,0
251.125,1.0,1.0,1.0,138.2225928,23.0370988,0.4630212667,1.504349201,210536.3676,3.724,1.0,1.0,0
237.0909091,1.0,1.0,1.0,22.062437640000002,3.6770729400000004,2.782799884,4.35621775,397591.5586,3.724,1.0,1.0,0
392.75,1.0,1.0,1.0,103.24787706,17.20797951,0.6117113157999999,2.242833156,288049.1476,3.724,1.0,1.0,0
9.0,1.0,1.0,1.0,5000.0,1000.0,0.000136,0.0,0.0,3.724,1.0,1.0,0
488.0,1.0,1.0,1.0,397.01506944,66.16917824,0.16057325,0.5140392464,405438.1046,3.724,1.0,1.0,0
16.33333333,1.0,1.0,1.0,678.8123802,113.1353967,0.1325845,0.1874349158,156.25,3.724,1.0,1.0,0
16.33333333,1.0,1.0,1.0,4754.3581614,792.3930269,0.01893,0.0267668201,156.25,3.724,1.0,1.0,0
453.6315789,1.0,1.0,1.0,1587.3435803999998,264.5572634,0.03989894444,0.06648846253,330369.9447,3.724,1.0,1.0,0
388.2857143,1.0,1.0,1.0,115.21377828,19.20229638,0.5468096,2.22732502,326403.9567,3.724,1.0,1.0,0
9.0,1.0,1.0,1.0,5000.0,1000.0,0.000208,0.0,0.0,3.724,1.0,1.0,0
305.4,1.0,1.0,1.0,106.07295984000001,17.67882664,0.6060518571,1.406940277,213923.8292,3.724,1.0,1.0,0
305.6666667,1.0,1.0,1.0,128.11087002,21.351811669999996,0.5109210909,1.47875507,238803.4744,3.724,1.0,1.0,0
9.0,1.0,1.0,1.0,1800.2070239999998,300.03450399999997,0.066659,0.0,0.0,3.724,1.0,1.0,0
9.0,1.0,1.0,1.0,1045.0230774,174.1705129,0.11483,0.0,0.0,3.724,1.0,1.0,0
378.2380952,1.0,1.0,1.0,108.64930374,18.10821729,0.57984725,1.21747757,220422.0455,3.724,1.0,1.0,0
9.0,1.0,1.0,1.0,1396.2417828,232.7069638,0.085945,0.0,0.0,3.724,1.0,1.0,0
33.28571429,1.0,1.0,1.0,74.64601794000001,12.441002990000001,0.9377593333,2.121638432,392.4107143,3.724,1.0,1.0,0
394.1052632,1.0,1.0,1.0,293.76347868,48.96057978,0.21559294440000001,0.6024839231,301524.1474,3.724,1.0,1.0,0
357.9444444,1.0,1.0,1.0,161.40303474,26.900505790000004,0.3936072941,1.277522586,320582.3216,3.724,1.0,1.0,0
9.0,1.0,1.0,1.0,85.43345376,14.23890896,1.404602,0.0,0.0,3.724,1.0,1.0,0
307.9230769,1.0,1.0,1.0,132.19122378,22.03187063,0.49171191670000003,1.550443785,360883.3022,3.724,1.0,1.0,0
173.0,1.0,1.0,1.0,1330.4138142,221.7356357,0.05154142857,0.08099244971,102586.6944,3.724,1.0,1.0,0
145.775,1.0,1.0,1.0,20.23658508,3.3727641800000003,3.040950897,4.504971233,136192.0256,3.724,1.0,1.0,0
171.6153846,1.0,1.0,1.0,24.441090600000003,4.0735151,2.55307756,4.301023286,163351.4302,3.724,1.0,1.0,0
281.5833333,1.0,1.0,1.0,107.61340956000001,17.93556826,0.6082378182,1.773280504,656233.5769,3.724,1.0,1.0,0
128.7894737,1.0,1.0,1.0,19.25258604,3.20876434,3.200693216,4.58349839,111342.5196,3.724,1.0,1.0,0
3.0,1.0,1.0,1.0,1959.1836732,326.53061219999995,0.04083333333,0.03539164944,10.8,3.724,1.0,1.0,0
3.0,1.0,1.0,1.0,35.27416698,5.87902783,2.2679486669999998,3.8735919190000003,10.8,3.724,1.0,1.0,0
283.0,1.0,1.0,1.0,1216.2614153999998,202.7102359,0.05637885714,0.06914958435999999,361452.7778,3.724,1.0,1.0,0
3.0,1.0,1.0,1.0,861.3109872,143.55183119999998,0.09288166667,0.1105882877,10.8,3.724,1.0,1.0,0
278.5,1.0,1.0,1.0,775.7024148,129.28373580000002,0.08839914286,0.118724334,347570.7778,3.724,1.0,1.0,0
163.0714286,1.0,1.0,1.0,22.94321016,3.82386836,2.8163183849999998,4.419255296,222671.4571,3.724,1.0,1.0,0
422.3809524,1.0,1.0,1.0,39.72254244,6.62042374,1.5860011999999999,3.248383804,464381.2035,3.724,1.0,1.0,0
3.0,1.0,1.0,1.0,40.409863800000004,6.734977300000001,1.9797146669999999,3.373556866,10.8,3.724,1.0,1.0,0
3.0,1.0,1.0,1.0,40.41065304,6.7351088400000005,1.979676,3.374271596,10.8,3.724,1.0,1.0,0
9.0,1.0,1.0,1.0,5000.0,1000.0,0.000191,0.0,0.0,3.724,1.0,1.0,0
228.2380952,1.0,1.0,1.0,21.01990584,3.5033176399999997,2.924057561,4.4252066150000005,363324.7331,3.724,1.0,1.0,0
3.0,1.0,1.0,1.0,43.56691794,7.26115299,1.8362556669999999,3.094409531,10.8,3.724,1.0,1.0,0
3.0,1.0,1.0,1.0,42.86286048,7.143810080000001,1.866417667,3.1415135359999997,10.8,3.724,1.0,1.0,0
206.3636364,1.0,1.0,1.0,33.37020912,5.56170152,1.977812,4.095440718,171072.1515,3.724,1.0,1.0,0
193.1666667,1.0,1.0,1.0,27.73908006,4.62318001,2.359650909,4.11077849,266808.5641,3.724,1.0,1.0,0
9.0,1.0,1.0,1.0,5000.0,1000.0,0.000161,0.0,0.0,3.724,1.0,1.0,0
9.0,1.0,1.0,1.0,5000.0,1000.0,0.0001,0.0,0.0,3.724,1.0,1.0,0
427.8222222,1.0,1.0,1.0,32.62863024,5.43810504,1.880668477,3.621473667,440958.6551,3.724,1.0,1.0,0
3.0,1.0,1.0,1.0,44.10408342,7.35068057,1.813891,3.1095733369999996,10.8,3.724,1.0,1.0,0
3.0,1.0,1.0,1.0,44.103216239999995,7.35053604,1.8139266669999998,3.1098444929999998,10.8,3.724,1.0,1.0,0
104.1111111,1.0,1.0,1.0,21.10101624,3.51683604,3.010727588,4.662118707,107360.4678,3.724,1.0,1.0,0
85.72727273,1.0,1.0,1.0,16.37226054,2.72871009,3.839246429,4.964756666,89215.63636,3.724,1.0,1.0,0
3.0,1.0,1.0,1.0,39.7225578,6.6204263,2.013969,3.456127471,10.8,3.724,1.0,1.0,0
247.1111111,1.0,1.0,1.0,21.24024102,3.54004017,2.9334738849999997,4.363378431,308992.5079,3.724,1.0,1.0,0
160.0,1.0,1.0,1.0,18.41720766,3.06953461,3.378482963,4.646953,211781.0443,3.724,1.0,1.0,0
226.4,1.0,1.0,1.0,24.90899358,4.15149893,2.4918295169999998,4.327191725,261389.557,3.724,1.0,1.0,0
3.0,1.0,1.0,1.0,42.09701364,7.01616894,1.9003723330000002,3.259542745,10.8,3.724,1.0,1.0,0
3.0,1.0,1.0,1.0,42.10177686,7.016962810000001,1.9001573330000001,3.259244002,10.8,3.724,1.0,1.0,0
3.0,1.0,1.0,1.0,41.56579026,6.92763171,1.9246596669999998,3.299906042,10.8,3.724,1.0,1.0,0
127.2222222,1.0,1.0,1.0,20.75794326,3.45965721,3.060486824,4.646528224000001,176158.5965,3.724,1.0,1.0,0
136.8484848,1.0,1.0,1.0,17.522266560000002,2.92037776,3.53122125,4.772538057,185071.0588,3.724,1.0,1.0,0
138.7878788,1.0,1.0,1.0,16.737706980000002,2.78961783,3.696742938,4.801143208,191518.5169,3.724,1.0,1.0,0
3.0,1.0,1.0,1.0,35.86540074,5.977566789999999,2.230562,3.831311766,10.8,3.724,1.0,1.0,0
3.0,1.0,1.0,1.0,35.86355712,5.9772595200000005,2.230676667,3.831589838,10.8,3.724,1.0,1.0,0
3.0,1.0,1.0,1.0,35.550931320000004,5.925155220000001,2.250292667,3.86539906,10.8,3.724,1.0,1.0,0
164.6666667,1.0,1.0,1.0,17.97296904,2.9954948399999997,3.4667445380000004,4.629893593,218031.9524,3.724,1.0,1.0,0
9.0,1.0,1.0,1.0,5000.0,1000.0,0.0001,0.0,0.0,3.724,1.0,1.0,0
119.5714286,1.0,1.0,1.0,7.17992298,1.19665383,8.999453692,21.9,24943.82857,3.724,1.0,1.0,0
666.4545455,1.0,1.0,1.0,16.7607207,2.7934534500000003,3.691667031,14.4,621344.7353,3.724,1.0,1.0,0
39.0,1.0,1.0,1.0,85.70246226,14.283743710000001,0.8167793333000001,1.939132842,328.125,3.724,1.0,1.0,0
13.75,1.0,1.0,1.0,3108.7680210000003,518.1280035,0.02573366667,0.022638164000000002,125.0,3.724,1.0,1.0,0
220.5,1.0,1.0,1.0,25.51973598,4.25328933,2.408465927,4.099039512,154945.2392,3.724,1.0,1.0,0
214.3571429,1.0,1.0,1.0,26.42949714,4.40491619,2.354271889,4.170273525,313639.6059,3.724,1.0,1.0,0
336.0625,1.0,1.0,1.0,143.45234202,23.90872367,0.4461412,1.552140327,294265.0956,3.724,1.0,1.0,0
238.7586207,1.0,1.0,1.0,27.47171118,4.57861853,2.262067214,4.134360088,210119.4069,3.724,1.0,1.0,0
235.0857143,1.0,1.0,1.0,31.11823326,5.18637221,1.984839735,3.819284764,175598.254,3.724,1.0,1.0,0
275.875,1.0,1.0,1.0,34.333256039999995,5.722209339999999,1.79238641,3.65663756,185321.028,3.724,1.0,1.0,0
314.8108108,1.0,1.0,1.0,33.60450858,5.600751430000001,1.835071222,3.759574271,312670.9587,3.724,1.0,1.0,0
223.6,1.0,1.0,1.0,27.8525115,4.64208525,2.228487207,4.055368777,192880.1118,3.724,1.0,1.0,0
281.0,1.0,1.0,1.0,146.8686735,24.478112250000002,0.43406125,1.402828378,264524.4869,3.724,1.0,1.0,0
222.2068966,1.0,1.0,1.0,28.162854,4.693809,2.2065539640000003,4.102064454,189956.2345,3.724,1.0,1.0,0
182.0384615,1.0,1.0,1.0,24.7153869,4.11923115,2.524743,4.3083588839999996,344648.4473,3.724,1.0,1.0,0
455.9090909,1.0,1.0,1.0,30.85654062,5.14275677,2.005247469,3.867130813,1031049.894,3.724,1.0,1.0,0
164.0,1.0,1.0,1.0,26.652830039999998,4.44213834,2.334544667,4.1799005860000005,158614.4483,3.724,1.0,1.0,0
262.0769231,1.0,1.0,1.0,112.30202448,18.71700408,0.5787963333,1.709267274,277280.0934,3.724,1.0,1.0,0
255.1315789,1.0,1.0,1.0,30.2147838,5.0357973000000005,2.039452676,3.727508352,195731.0904,3.724,1.0,1.0,0
142.6785714,1.0,1.0,1.0,14.22640242,2.37106707,4.3737144809999995,15.6,153164.9039,3.724,1.0,1.0,0
392.047619,1.0,1.0,1.0,58.33918344,9.72319724,1.0798917,2.6100502370000003,330219.2316,3.724,1.0,1.0,0
394.75,1.0,1.0,1.0,143.46490458,23.91081743,0.4461021333,1.52385703,358828.2647,3.724,1.0,1.0,0
348.75,1.0,1.0,1.0,4754.169802799999,792.3616337999999,0.01442342857,0.01784716045,277928.75,3.724,1.0,1.0,0
348.5,1.0,1.0,1.0,4727.8995324,787.9832554,0.01450357143,0.0178758815,278083.1944,3.724,1.0,1.0,0
9.0,1.0,1.0,1.0,1210.2020028,201.7003338,0.099157,0.0,0.0,3.724,1.0,1.0,0
9.0,1.0,1.0,1.0,1204.0818371999999,200.6803062,0.099661,0.0,0.0,3.724,1.0,1.0,0
3.5,1.0,1.0,1.0,43.384042019999995,7.23067367,1.843996,3.165729503,9.2,3.724,1.0,1.0,0
387.4285714,1.0,1.0,1.0,1537.79685,256.29947500000003,0.04551966667,0.08056394789,628908.2857,3.724,1.0,1.0,0
9.0,1.0,1.0,1.0,270.0440172,45.0073362,0.444372,0.0,0.0,3.724,1.0,1.0,0
339.75,1.0,1.0,1.0,804.6886524,134.11477539999998,0.08521485713999999,0.1963730423,562615.75,3.724,1.0,1.0,0
9.0,1.0,1.0,1.0,77.78837286,12.964728809999999,1.542647,0.0,0.0,3.724,1.0,1.0,0
9.0,1.0,1.0,1.0,1203.3694344,200.56157240000002,0.09972,0.0,0.0,3.724,1.0,1.0,0
387.1428571,1.0,1.0,1.0,1585.2047556,264.2007926,0.04415833333,0.07739138732999999,627564.2143,3.724,1.0,1.0,0
398.1428571,1.0,1.0,1.0,1659.213375,276.5355625,0.04218866667,0.07257168846999999,667653.125,3.724,1.0,1.0,0
338.5,1.0,1.0,1.0,1276.6364886000001,212.7727481,0.05371257143,0.1138099704,267887.1111,3.724,1.0,1.0,0
339.0,1.0,1.0,1.0,1202.3295132,200.3882522,0.05703214286,0.1224742977,268508.75,3.724,1.0,1.0,0
9.0,1.0,1.0,1.0,378.87637896,63.14606316,0.316726,0.0,0.0,3.724,1.0,1.0,0
9.0,1.0,1.0,1.0,432.8504646,72.1417441,0.277232,0.0,0.0,3.724,1.0,1.0,0
3.0,1.0,1.0,1.0,41.94094296,6.99015716,1.907444,3.275390409,10.8,3.724,1.0,1.0,0
8.0,1.0,1.0,1.0,429.69785082,71.61630846999999,0.2094495,0.2961115712,0.0,3.724,1.0,1.0,0
339.0,1.0,1.0,1.0,1505.7264659999998,250.954411,0.04554042857,0.09248893218,268201.0,3.724,1.0,1.0,0
9.0,1.0,1.0,1.0,437.0438355,72.84063925,0.274572,0.0,0.0,3.724,1.0,1.0,0
253.952381,1.0,1.0,1.0,2344.4477526,390.7412921,0.026872,0.03447996273,244347.3009,3.724,1.0,1.0,0
698.0813008,1.0,1.0,1.0,156.8520699,26.14201165,0.38566149180000003,2.867365331,926523.4529,3.724,1.0,1.0,0
21.33333333,1.0,1.0,1.0,5000.0,1000.0,0.0001,2.121320344e-05,400.0,3.724,1.0,1.0,0
220.8571429,1.0,1.0,1.0,33.37437216,5.56239536,1.850662706,3.834957073,289674.8921,3.724,1.0,1.0,0
43.36363636,1.0,1.0,1.0,121.42033085999999,20.23672181,0.5435663000000001,1.567203451,4927.840909,3.724,1.0,1.0,0
193.7037037,1.0,1.0,1.0,25.63133784,4.27188964,2.4309184619999997,4.219263187,191320.4709,3.724,1.0,1.0,0
267.2608696,1.0,1.0,1.0,113.77759248,18.962932079999998,0.5513148182,1.561282677,246605.1576,3.724,1.0,1.0,0
230.6086957,1.0,1.0,1.0,113.7744219,18.96240365,0.5513301818,1.559403359,167467.3913,3.724,1.0,1.0,0
190.7368421,1.0,1.0,1.0,207.37799988,34.56299998,0.30540044439999997,1.121260615,171607.3263,3.724,1.0,1.0,0
201.0,1.0,1.0,1.0,160.67650758,26.77941793,0.3953870588,1.452568076,179346.0351,3.724,1.0,1.0,0
1203.055556,1.0,1.0,1.0,47.298433499999994,7.88307225,1.2827942250000002,2.423483326,1334467.539,3.724,1.0,1.0,0
205.6451613,1.0,1.0,1.0,28.980075239999998,4.83001254,2.139400933,4.031310132000001,192781.5958,3.724,1.0,1.0,0
354.3125,1.0,1.0,1.0,143.46186024,23.91031004,0.4461116,1.5196483529999998,318242.8897,3.724,1.0,1.0,0
268.88,1.0,1.0,1.0,44.08304058,7.34717343,1.417778792,3.363912574,232660.8185,3.724,1.0,1.0,0
178.7073171,1.0,1.0,1.0,20.9089953,3.48483255,2.9413177999999998,4.500048239,251612.0099,3.724,1.0,1.0,0
180.875,1.0,1.0,1.0,789.8244288,131.63740479999998,0.08681857142999999,0.1546246811,115384.4444,3.724,1.0,1.0,0
50.43333333,1.0,1.0,1.0,15.52564332,2.5876072199999998,3.9978353450000004,4.868736352,36075.76129,3.724,1.0,1.0,0
50.43333333,1.0,1.0,1.0,15.57142512,2.59523752,3.986081241,4.867378256,36075.76129,3.724,1.0,1.0,0
248.1538462,1.0,1.0,1.0,13.25190324,2.20865054,4.708757599999999,16.3,228066.8832,3.724,1.0,1.0,0
37.83333333,1.0,1.0,1.0,70.40384622,11.73397437,1.0226714000000001,2.1704963399999997,355.952381,3.724,1.0,1.0,0
602.0,1.0,1.0,1.0,24.12128646,4.0202144099999995,2.5403535529999997,11.9,818976.8333,3.724,1.0,1.0,0
543.0212766,1.0,1.0,1.0,23.58146352,3.93024392,2.599683761,12.1,536630.7216,3.724,1.0,1.0,0
652.6515152,1.0,1.0,1.0,63.26214816,10.54369136,0.9630257385,7.2742841689999995,567123.6585,3.724,1.0,1.0,0
746.7619048,1.0,1.0,1.0,31.658713860000002,5.276452310000001,1.925780758,10.4,726471.1022,3.724,1.0,1.0,0
335.7,1.0,1.0,1.0,546.88689192,91.14781532,0.1154862105,0.28086144300000004,320182.6143,3.724,1.0,1.0,0
335.7,1.0,1.0,1.0,514.9021257,85.81702095,0.12266,0.33280364630000003,320182.6143,3.724,1.0,1.0,0
495.3846154,1.0,1.0,1.0,37.754837880000004,6.29247298,1.631021368,9.435834797,522290.2564,3.724,1.0,1.0,0
335.9,1.0,1.0,1.0,521.19414264,86.86569044000001,0.1211792105,0.3112960473,320131.4905,3.724,1.0,1.0,0
353.6842105,1.0,1.0,1.0,446.1757455,74.36262425,0.14194705559999998,0.3735384021,548912.1053,3.724,1.0,1.0,0
209.862069,1.0,1.0,1.0,28.60053252,4.76675542,2.1727867140000003,4.158103465,379446.1885,3.724,1.0,1.0,0
224.962963,1.0,1.0,1.0,26.627881560000002,4.43798026,2.3399417689999997,4.267423156,261829.9947,3.724,1.0,1.0,0
391.7428571,1.0,1.0,1.0,30.198117779999997,5.03301963,2.045316412,3.8429850610000003,416735.3802,3.724,1.0,1.0,0
229.2962963,1.0,1.0,1.0,26.43875028,4.40645838,2.356680692,4.246531603,220883.3585,3.724,1.0,1.0,0
229.2962963,1.0,1.0,1.0,26.438922,4.406487,2.356665385,4.24665279,220883.3585,3.724,1.0,1.0,0
215.4482759,1.0,1.0,1.0,28.383894899999998,4.73064915,2.189370321,4.151515348,206552.2713,3.724,1.0,1.0,0
188.0357143,1.0,1.0,1.0,26.98475784,4.49745964,2.3058284440000003,4.193327755,219451.3276,3.724,1.0,1.0,0
267.3571429,1.0,1.0,1.0,159.55315997999998,26.592193329999997,0.4049771538,1.323725516,252924.2667,3.724,1.0,1.0,0
166.7407407,1.0,1.0,1.0,26.44928532,4.4082142200000005,2.355742,4.278981882,191517.2857,3.724,1.0,1.0,0
230.3125,1.0,1.0,1.0,29.69426412,4.9490440200000005,2.085772645,3.9599131069999998,185737.8542,3.724,1.0,1.0,0
360.9444444,1.0,1.0,1.0,75.06329298,12.51054883,0.8463445882,2.460330435,345185.7193,3.724,1.0,1.0,0
510.2857143,1.0,1.0,1.0,411.57398304,68.59566384,0.15307089999999998,0.2779395864,489218.658,3.724,1.0,1.0,0
9.0,1.0,1.0,1.0,5000.0,1000.0,0.005759,0.0,0.0,3.724,1.0,1.0,0
231.6451613,1.0,1.0,1.0,27.45899874,4.57649979,2.2579119,4.049605718,207441.3458,3.724,1.0,1.0,0
509.1764706,1.0,1.0,1.0,98.31805758,16.386342929999998,0.6484058125,2.49457351,537411.8693,3.724,1.0,1.0,0
456.2105263,1.0,1.0,1.0,109.87651038,18.312751730000002,0.5764046666999999,2.3505896770000003,501926.9895,3.724,1.0,1.0,0
480.9444444,1.0,1.0,1.0,104.31806268,17.38634378,0.6089972352999999,2.41855281,420572.9123,3.724,1.0,1.0,0
559.9130435,1.0,1.0,1.0,128.71052388,21.45175398,0.4873515455,2.1252805529999996,535668.9493,3.724,1.0,1.0,0
70.0,1.0,1.0,1.0,115.75525482,19.29254247,0.5701685,1.448656464,21954.87879,3.724,1.0,1.0,0
9.0,1.0,1.0,1.0,5000.0,1000.0,0.000149,0.0,0.0,3.724,1.0,1.0,0
9.0,1.0,1.0,1.0,1611.322224,268.55370400000004,0.074473,0.0,0.0,3.724,1.0,1.0,0
8.0,1.0,1.0,1.0,2442.4663482,407.07772470000003,0.036848,0.018585594639999998,0.0,3.724,1.0,1.0,0
9.0,1.0,1.0,1.0,1249.7917014,208.2986169,0.096016,0.0,0.0,3.724,1.0,1.0,0
9.0,1.0,1.0,1.0,1346.2876122,224.38126870000002,0.089134,0.0,0.0,3.724,1.0,1.0,0
441.8947368,1.0,1.0,1.0,89.19837419999999,14.866395699999998,0.7100278889,2.362941707,407797.8526,3.724,1.0,1.0,0
528.3,1.0,1.0,1.0,91.55631078,15.25938513,0.6898256842,2.280376261,682597.6286,3.724,1.0,1.0,0
70.18181818,1.0,1.0,1.0,103.57648014,17.26274669,0.6372103,1.7067989860000001,21931.87879,3.724,1.0,1.0,0
70.0,1.0,1.0,1.0,96.99695946,16.16615991,0.6804336999999999,1.91523147,21954.87879,3.724,1.0,1.0,0
70.0,1.0,1.0,1.0,96.98846411999999,16.16474402,0.6804933000000001,1.91537466,21954.87879,3.724,1.0,1.0,0
9.0,1.0,1.0,1.0,392.8578444,65.4763074,0.305454,0.0,0.0,3.724,1.0,1.0,0
9.0,1.0,1.0,1.0,1434.788847,239.1314745,0.083636,0.0,0.0,3.724,1.0,1.0,0
415.6111111,1.0,1.0,1.0,83.88574296,13.98095716,0.7573326470999999,2.4370627999999996,501680.0936,3.724,1.0,1.0,0
9.0,1.0,1.0,1.0,5000.0,1000.0,0.000192,0.0,0.0,3.724,1.0,1.0,0
213.6774194,1.0,1.0,1.0,15.62459088,2.60409848,3.9681039,14.8,318942.0,3.724,1.0,1.0,0
448.1875,1.0,1.0,1.0,590.3421863399999,98.39036438999999,0.1049145484,0.37325509840000004,476700.6837,3.724,1.0,1.0,0
594.1666667,1.0,1.0,1.0,774.3867288,129.0644548,0.07937043902,0.3259447551,1076103.661,3.724,1.0,1.0,0
426.4137931,1.0,1.0,1.0,531.40577598,88.56762933,0.1169405,0.39369766749999996,796286.3724,3.724,1.0,1.0,0
559.902439,1.0,1.0,1.0,755.4957708,125.91596179999999,0.0814035,0.328936231,876258.885,3.724,1.0,1.0,0
544.35,1.0,1.0,1.0,733.021392,122.170232,0.08395179487,0.33687970030000003,737933.4695,3.724,1.0,1.0,0
771.245614,1.0,1.0,1.0,107.75717094000001,17.95952849,0.5617349912,5.456896378,1096816.566,3.724,1.0,1.0,0
9.0,1.0,1.0,1.0,113.21085804,18.86847634,1.059969,0.0,0.0,3.724,1.0,1.0,0
9.0,1.0,1.0,1.0,113.36947302,18.89491217,1.058486,0.0,0.0,3.724,1.0,1.0,0
9.0,1.0,1.0,1.0,113.52659976000001,18.92109996,1.057021,0.0,0.0,3.724,1.0,1.0,0
9.0,1.0,1.0,1.0,84.79247040000001,14.132078400000001,1.41522,0.0,0.0,3.724,1.0,1.0,0
9.0,1.0,1.0,1.0,77.37198324,12.89533054,1.550949,0.0,0.0,3.724,1.0,1.0,0
316.65625,1.0,1.0,1.0,16.13609466,2.68934911,3.838319323,14.6,527837.3712,3.724,1.0,1.0,0
37.83333333,1.0,1.0,1.0,72.92564519999999,12.1542742,0.987307,2.1021309980000003,355.952381,3.724,1.0,1.0,0
16.33333333,1.0,1.0,1.0,5000.0,1000.0,0.0061105,0.008637309332000001,156.25,3.724,1.0,1.0,0
219.8823529,1.0,1.0,1.0,27.3980337,4.5663389500000005,2.256299939,3.779760276,98256.24706,3.724,1.0,1.0,0
3.0,1.0,1.0,1.0,32.10296064,5.35049344,2.491982,4.293404112,10.8,3.724,1.0,1.0,0
114.6363636,1.0,1.0,1.0,17.404486199999997,2.9007476999999997,3.555117875,4.66590828,62065.10963,3.724,1.0,1.0,0
114.6363636,1.0,1.0,1.0,17.39730396,2.89955066,3.556585563,4.680741231,62065.10963,3.724,1.0,1.0,0
310.0666667,1.0,1.0,1.0,157.83650346,26.306083909999998,0.40729307140000004,1.2144273829999999,275828.2292,3.724,1.0,1.0,0
187.8292683,1.0,1.0,1.0,20.94096828,3.49016138,2.9368269500000004,4.502282086,245191.5035,3.724,1.0,1.0,0
219.0322581,1.0,1.0,1.0,26.399562120000002,4.39992702,2.3485237999999997,4.071235432,198942.0927,3.724,1.0,1.0,0
196.3928571,1.0,1.0,1.0,25.09828704,4.1830478399999995,2.479142185,4.202760468,189714.601,3.724,1.0,1.0,0
390.4615385,1.0,1.0,1.0,663.705519,110.6175865,0.097935,0.1670368933,303795.8022,3.724,1.0,1.0,0
343.9285714,1.0,1.0,1.0,707.1338016,117.85563359999999,0.09137646154000001,0.160231786,562330.0,3.724,1.0,1.0,0
285.2307692,1.0,1.0,1.0,143.86756218,23.97792703,0.4518044167,1.391358273,292740.9011,3.724,1.0,1.0,0
285.2307692,1.0,1.0,1.0,143.85869976,23.97644996,0.45183225,1.396676656,292740.9011,3.724,1.0,1.0,0
16.33333333,1.0,1.0,1.0,253.71445002,42.28574166999999,0.3547295,0.5015812455,156.25,3.724,1.0,1.0,0
16.33333333,1.0,1.0,1.0,249.2853819,41.54756365,0.361032,0.5105721082,156.25,3.724,1.0,1.0,0
337.4285714,1.0,1.0,1.0,334.82062782,55.803437970000004,0.18816045,0.5175621369,263985.2294,3.724,1.0,1.0,0
23.66666667,1.0,1.0,1.0,122.31418434000001,20.38569739,0.73581,1.0405882389999999,552.25,3.724,1.0,1.0,0
350.9444444,1.0,1.0,1.0,546.45002286,91.07500381,0.1162584118,0.1854936815,288542.8187,3.724,1.0,1.0,0
23.66666667,1.0,1.0,1.0,436.70982816000003,72.78497136,0.2060865,0.2914460807,552.25,3.724,1.0,1.0,0
351.2222222,1.0,1.0,1.0,911.78097,151.963495,0.06967617647,0.08416173454,288777.8713,3.724,1.0,1.0,0
313.4375,1.0,1.0,1.0,167.77837313999999,27.96306219,0.38145559999999995,1.194556691,305613.875,3.724,1.0,1.0,0
23.66666667,1.0,1.0,1.0,594.1868718,99.03114529999999,0.1514675,0.2142017359,552.25,3.724,1.0,1.0,0
322.8,1.0,1.0,1.0,301.53097326,50.25516221,0.21319771429999998,0.5879721322,234222.25,3.724,1.0,1.0,0
16.33333333,1.0,1.0,1.0,295.21892946,49.20315491,0.3048585,0.4311307827,156.25,3.724,1.0,1.0,0
253.6470588,1.0,1.0,1.0,62.731148160000004,10.45519136,1.016241563,2.652576559,197961.9085,3.724,1.0,1.0,0
9.0,1.0,1.0,1.0,5000.0,1000.0,0.000156,0.0,0.0,3.724,1.0,1.0,0
296.2222222,1.0,1.0,1.0,42.58155792,7.09692632,1.463255346,3.199669933,206743.7196,3.724,1.0,1.0,0
588.3684211,1.0,1.0,1.0,250.78342320000002,41.7972372,0.2525419444,0.7355482327,634409.5237,3.724,1.0,1.0,0
8.0,1.0,1.0,1.0,579.40225002,96.56704167,0.1553325,0.219671914,0.0,3.724,1.0,1.0,0
528.5294118,1.0,1.0,1.0,1107.4209144000001,184.5701524,0.0575661875,0.1334673749,562528.1471,3.724,1.0,1.0,0
632.5,1.0,1.0,1.0,1163.586216,193.931036,0.054597941180000005,0.1301782871,759618.3977,3.724,1.0,1.0,0
524.0555556,1.0,1.0,1.0,1169.837685,194.97294749999998,0.05430617647,0.13007504309999998,436623.7076,3.724,1.0,1.0,0
571.1666667,1.0,1.0,1.0,1169.3652294,194.8942049,0.05432811765,0.1300201132,549333.3216,3.724,1.0,1.0,0
9.0,1.0,1.0,1.0,1064.2071654,177.36786089999998,0.11276,0.0,0.0,3.724,1.0,1.0,0
9.0,1.0,1.0,1.0,1065.2274258,177.53790429999998,0.112652,0.0,0.0,3.724,1.0,1.0,0
9.0,1.0,1.0,1.0,994.2746352,165.7124392,0.120691,0.0,0.0,3.724,1.0,1.0,0
9.0,1.0,1.0,1.0,1067.3782524,177.8963754,0.112425,0.0,0.0,3.724,1.0,1.0,0
324.4375,1.0,1.0,1.0,424.90698521999997,70.81783087,0.1506212,0.2414780764,304665.2426,3.724,1.0,1.0,0
658.4615385,1.0,1.0,1.0,608.2798584,101.3799764,0.10258436,0.22692043669999998,833749.7635,3.724,1.0,1.0,0
9.0,1.0,1.0,1.0,4124.5617654,687.4269608999999,0.029094,0.0,0.0,3.724,1.0,1.0,0
9.0,1.0,1.0,1.0,5000.0,1000.0,0.000179,0.0,0.0,3.724,1.0,1.0,0
303.1904762,1.0,1.0,1.0,640.18665,106.69777500000001,0.0984088,0.20753412640000002,155987.3009,3.724,1.0,1.0,0
76.0,1.0,1.0,1.0,270.35831939999997,45.0597199,0.2465863333,0.6047864887,23725.49091,3.724,1.0,1.0,0
9.0,1.0,1.0,1.0,5000.0,1000.0,0.000167,0.0,0.0,3.724,1.0,1.0,0
9.0,1.0,1.0,1.0,5000.0,1000.0,0.000175,0.0,0.0,3.724,1.0,1.0,0
538.25,1.0,1.0,1.0,258.8682603,43.14471005,0.2418554348,1.03806311,465283.7933,3.724,1.0,1.0,0
361.5,1.0,1.0,1.0,132.41947086,22.069911809999997,0.48795984620000005,1.629720724,352907.5429,3.724,1.0,1.0,0
9.0,1.0,1.0,1.0,249.3112776,41.5518796,0.481326,0.0,0.0,3.724,1.0,1.0,0
360.9285714,1.0,1.0,1.0,108.98365217999999,18.16394203,0.5928906154,1.434588086,352325.981,3.724,1.0,1.0,0
370.6470588,1.0,1.0,1.0,113.55903822,18.92650637,0.561382,1.316558083,307128.0556,3.724,1.0,1.0,0
9.0,1.0,1.0,1.0,5000.0,981.4024241,0.020379,0.0,0.0,3.724,1.0,1.0,0
245.7777778,1.0,1.0,1.0,5000.0,1000.0,0.005088352941,0.008987767701,206923.0292,3.724,1.0,1.0,0
9.0,1.0,1.0,1.0,859.9376543999999,143.3229424,0.139545,0.0,0.0,3.724,1.0,1.0,0
271.7878788,1.0,1.0,1.0,29.764884900000002,4.96081415,2.078791844,10.3,465020.5927,3.724,1.0,1.0,0
470.3387097,1.0,1.0,1.0,59.045975160000005,9.84099586,1.032815639,7.515484987,626450.8546,3.724,1.0,1.0,0
307.9090909,1.0,1.0,1.0,872.4590454,145.4098409,0.07204595238,0.16489987830000002,299543.7154,3.724,1.0,1.0,0
322.7941176,1.0,1.0,1.0,17.221316759999997,2.8702194599999995,3.589631545,14.1,309725.7815,3.724,1.0,1.0,0
22.66666667,1.0,1.0,1.0,1385.9800416,230.9966736,0.064936,0.0593220163,267.3333333,3.724,1.0,1.0,0
337.05,1.0,1.0,1.0,291.60555102,48.60092517,0.2165867368,0.6033213884,321281.3,3.724,1.0,1.0,0
337.05,1.0,1.0,1.0,324.19604784,54.032674639999996,0.19481389470000002,0.4751308756,321281.3,3.724,1.0,1.0,0
300.3571429,1.0,1.0,1.0,160.10051262,26.68341877,0.4035926154,1.349253015,257622.6667,3.724,1.0,1.0,0
171.3,1.0,1.0,1.0,29.39907696,4.89984616,2.111255586,4.109742832,142614.714,3.724,1.0,1.0,0
264.3636364,1.0,1.0,1.0,73.37179644,12.22863274,0.8566935238,2.4031797370000003,179557.0277,3.724,1.0,1.0,0
303.9230769,1.0,1.0,1.0,389.8738758,64.97897929999999,0.1667205833,0.36269056439999997,264948.0275,3.724,1.0,1.0,0
9.0,1.0,1.0,1.0,3023.1269208000003,503.8544868,0.039694,0.0,0.0,3.724,1.0,1.0,0
72.0,1.0,1.0,1.0,5000.0,1000.0,0.016624,0.0,0.0,3.724,1.0,1.0,0
0.0,1.0,2.0,1.0,5000.0,1000.0,0.0001,1.414213562e-06,0.0,3.724,1.0,1.0,0
0.0,1.0,3.0,1.0,5000.0,1000.0,0.000166,0.0,0.0,3.724,1.0,1.0,0
0.0,1.0,2.0,1.0,5000.0,1000.0,0.00012,0.0001682914139,0.0,3.724,1.0,1.0,0
0.0,1.0,2.0,1.0,5000.0,1000.0,0.0001,1.272792206e-05,0.0,3.724,1.0,1.0,0
0.0,1.0,2.0,1.0,5000.0,1000.0,0.0001,5.4447222150000004e-05,0.0,3.724,1.0,1.0,0
93.0,1.0,1.0,1.0,5000.0,1000.0,0.0001,0.0,0.0,3.724,1.0,1.0,0
232.65,1.0,1.0,1.0,763.0505489999999,127.1750915,0.08277026316,0.1583201631,188789.4571,3.724,1.0,1.0,0
0.0,1.0,1.0,1.0,1261.2063438,210.2010573,0.095147,0.0,0.0,3.724,1.0,1.0,0
244.8947368,1.0,1.0,1.0,1568.8627536,261.47712559999997,0.04036894444,0.05192302816,196012.6605,3.724,1.0,1.0,0
0.0,1.0,1.0,1.0,1262.8920228,210.4820038,0.09502,0.0,0.0,3.724,1.0,1.0,0
9.0,1.0,1.0,1.0,5000.0,1000.0,0.0001,0.0,0.0,3.724,1.0,1.0,0
37.83333333,1.0,1.0,1.0,82.10319186000001,13.683865310000002,0.8769452,1.842409191,355.952381,3.724,1.0,1.0,0
38.14285714,1.0,1.0,1.0,95.73814794,15.95635799,0.731161,1.687417517,380.8392857,3.724,1.0,1.0,0
23.75,1.0,1.0,1.0,5000.0,1000.0,0.0001,4.163331999e-06,345.0,3.724,1.0,1.0,0
37.83333333,1.0,1.0,1.0,106.29596934,17.71599489,0.677354,1.3842892450000002,355.952381,3.724,1.0,1.0,0
37.83333333,1.0,1.0,1.0,82.12606122,13.68767687,0.876701,1.831343612,355.952381,3.724,1.0,1.0,0
37.83333333,1.0,1.0,1.0,66.86742996,11.14457166,1.0767574,2.272631917,355.952381,3.724,1.0,1.0,0
3.0,1.0,2.0,1.0,361.53616716,60.25602786,0.1991502,0.27190934149999996,10.28571429,3.724,1.0,1.0,0
36.11111111,1.0,1.0,1.0,8.491591560000002,1.4152652600000002,7.949039875,20.3,355.8333333,3.724,1.0,1.0,0
6.0,1.0,1.0,1.0,35.49858954,5.91643159,2.535312,3.5335596639999998,9.0,3.724,1.0,1.0,0
54.42857143,1.0,1.0,1.0,7.20296898,1.20049483,8.970659846,21.8,2260.314286,3.724,1.0,1.0,0
32.07692308,1.0,1.0,1.0,12.2753727,2.04589545,5.2951549170000005,16.8,428.9505495,3.724,1.0,1.0,0
36.11111111,1.0,1.0,1.0,8.4979032,1.4163172,7.943135875,20.5,355.8333333,3.724,1.0,1.0,0
36.11111111,1.0,1.0,1.0,8.49670266,1.41611711,7.94425825,20.5,355.8333333,3.724,1.0,1.0,0
36.11111111,1.0,1.0,1.0,8.496648480000001,1.41610808,7.944308875,20.5,355.8333333,3.724,1.0,1.0,0
36.11111111,1.0,1.0,1.0,8.49833226,1.41638871,7.942734875,20.5,355.8333333,3.724,1.0,1.0,0
43.58823529,1.0,1.0,1.0,14.54620584,2.42436764,4.382586125,14.7,1882.617647,3.724,1.0,1.0,0
36.11111111,1.0,1.0,1.0,8.62754388,1.4379239799999999,7.823779375,20.6,355.8333333,3.724,1.0,1.0,0
32.07692308,1.0,1.0,1.0,12.272953919999999,2.04549232,5.2961985,16.8,428.9505495,3.724,1.0,1.0,0
109.0,1.0,1.0,1.0,5000.0,1000.0,0.0001,8.879376855e-05,4915.2,3.724,1.0,1.0,0
109.0,1.0,1.0,1.0,5000.0,1000.0,0.0001,0.0001238426421,4915.2,3.724,1.0,1.0,0
77.75,1.0,1.0,1.0,4958.677686,826.446281,0.01613333333,0.02794028895,691.2,3.724,1.0,1.0,0
77.75,1.0,1.0,1.0,5000.0,1000.0,0.0001,6.928443789000001e-05,691.2,3.724,1.0,1.0,0
75.0,1.0,1.0,1.0,5000.0,1000.0,0.0001,0.0001096965511,1470.0,3.724,1.0,1.0,0
153.0769231,1.0,1.0,1.0,1185.8933424,197.6488904,0.051926210529999996,0.1600229824,209354.7051,3.724,1.0,1.0,0
18.33333333,1.0,1.0,1.0,5000.0,1000.0,0.0001,3.8890872969999994e-05,240.25,3.724,1.0,1.0,0
3.25,1.0,1.0,1.0,13.0319082,2.1719847,4.804261565,5.093070771,9.36,3.724,1.0,1.0,0
3.25,1.0,1.0,1.0,13.0319121,2.17198535,4.80426013,5.093094517,9.36,3.724,1.0,1.0,0
9.0,1.0,1.0,1.0,5000.0,1000.0,0.0001,0.0,0.0,3.724,1.0,1.0,0
9.0,1.0,1.0,1.0,234.11893242,39.019822070000004,0.51256,0.0,0.0,3.724,1.0,1.0,0
9.0,1.0,1.0,1.0,5000.0,1000.0,0.0001,0.0,0.0,3.724,1.0,1.0,0
1033.383178,1.0,1.0,1.0,267.53304923999997,44.58884154,0.2246913408,2.043200143,1171302.641,3.724,1.0,1.0,0
4.8,1.0,1.0,1.0,19.48353564,3.24725594,3.849404,4.812080463,9.6,3.724,1.0,1.0,0
6.083333333,1.0,1.0,1.0,17.780794800000002,2.9634658000000003,3.6811934550000003,5.012884367,66.92307692,3.724,1.0,1.0,0
4.8,1.0,1.0,1.0,19.74345354,3.29057559,3.7987275,4.790491723000001,9.6,3.724,1.0,1.0,0
4.8,1.0,1.0,1.0,19.74354714,3.29059119,3.7987095,4.790504947,9.6,3.724,1.0,1.0,0
37.83333333,1.0,1.0,1.0,82.2115266,13.7019211,0.8757896,1.7712609650000002,355.952381,3.724,1.0,1.0,0
9.0,1.0,3.0,1.0,5000.0,1000.0,0.0001,0.0,0.0,3.724,1.0,1.0,0
9.0,1.0,3.0,1.0,5000.0,1000.0,0.0001,0.0,0.0,3.724,1.0,1.0,0
9.0,1.0,3.0,1.0,5000.0,1000.0,0.0001,0.0,0.0,3.724,1.0,1.0,0
9.0,1.0,3.0,1.0,5000.0,1000.0,0.0001,0.0,0.0,3.724,1.0,1.0,0
9.0,1.0,3.0,1.0,5000.0,1000.0,0.0001,0.0,0.0,3.724,1.0,1.0,0
9.0,1.0,3.0,1.0,120.03493013999999,20.005821689999998,0.999709,0.0,0.0,3.724,1.0,1.0,0
31.0,1.0,3.0,1.0,5000.0,1000.0,0.0001,0.0,320.3333333,3.724,1.0,1.0,0
24.66666667,1.0,2.0,1.0,5000.0,1000.0,0.000184,0.0001739482682,208.3333333,3.724,1.0,1.0,0
1200.038462,1.0,2.0,1.0,5000.0,1000.0,0.0004693333333,0.002651802667,1611187.475,3.724,1.0,1.0,0
1013.584906,1.0,2.0,1.0,5000.0,1000.0,0.0004467884615,0.0025347211189999997,1167511.927,3.724,1.0,1.0,0
1158.06383,1.0,2.0,1.0,5000.0,1000.0,0.0001638924731,0.0004368894861,1595023.984,3.724,1.0,1.0,0
1158.080808,1.0,2.0,1.0,5000.0,1000.0,0.0001014387755,7.873052909999999e-05,1446702.495,3.724,1.0,1.0,0
1239.348315,1.0,2.0,1.0,5000.0,1000.0,0.0001057954545,6.454975077e-05,1591274.471,3.724,1.0,1.0,0
1161.127273,1.0,2.0,1.0,5000.0,1000.0,0.0004453703704,0.002579959655,1420651.261,3.724,1.0,1.0,0
1289.777778,1.0,2.0,1.0,5000.0,1000.0,0.0001070337079,6.755661757e-05,1709496.197,3.724,1.0,1.0,0
1181.958763,1.0,2.0,1.0,5000.0,1000.0,0.00018128125,0.0006990630226,1492107.0,3.724,1.0,1.0,0
907.25,1.0,2.0,1.0,5000.0,1000.0,0.0008407333333,0.002703002734,1059944.735,3.724,1.0,1.0,0
1212.10989,1.0,2.0,1.0,5000.0,1000.0,0.0001103222222,8.669614091e-05,1542514.237,3.724,1.0,1.0,0
35.75,1.0,2.0,1.0,5000.0,1000.0,0.004882333333,0.008138922062,3678.8,3.724,1.0,1.0,0
1075.62963,1.0,2.0,1.0,5000.0,1000.0,0.0002868679245,0.00141745312,1272905.624,3.724,1.0,1.0,0
1016.2,1.0,2.0,1.0,5000.0,1000.0,0.0002967241379,0.0011151492820000001,1027478.718,3.724,1.0,1.0,0
1126.137931,1.0,2.0,1.0,5000.0,1000.0,0.00041861403510000004,0.0024605149120000003,1392279.222,3.724,1.0,1.0,0
35.75,1.0,2.0,1.0,5000.0,1000.0,0.004051333333,0.006769655332999999,3678.8,3.724,1.0,1.0,0
1219.553191,1.0,2.0,1.0,5000.0,1000.0,0.0001037419355,6.906611565e-05,1494974.716,3.724,1.0,1.0,0
1259.758242,1.0,2.0,1.0,5000.0,1000.0,0.0001058555556,6.8370695e-05,1679014.457,3.724,1.0,1.0,0
1227.884615,1.0,2.0,1.0,5000.0,1000.0,0.0004684901961,0.002629259967,1665818.476,3.724,1.0,1.0,0
9.0,1.0,2.0,1.0,5000.0,1000.0,0.0001,0.0,0.0,3.724,1.0,1.0,0
9.0,1.0,2.0,1.0,120.15812807999998,20.026354679999997,0.998684,0.0,0.0,3.724,1.0,1.0,0
9.0,1.0,3.0,1.0,5000.0,1000.0,0.000258,0.0,0.0,3.724,1.0,1.0,0
9.0,1.0,3.0,1.0,5000.0,1000.0,0.0001,0.0,0.0,3.724,1.0,1.0,0
9.0,1.0,3.0,1.0,5000.0,1000.0,0.0001,0.0,0.0,3.724,1.0,1.0,0
0.0,1.0,2.0,1.0,5000.0,1000.0,0.0001,0.0,0.0,3.724,1.0,1.0,0
9.571428571,1.0,3.0,1.0,5000.0,1000.0,0.0001,5.46699186e-05,141.125,3.724,1.0,1.0,0
9.0,1.0,3.0,1.0,5000.0,1000.0,0.0001,0.0,0.0,3.724,1.0,1.0,0
0.0,1.0,2.0,1.0,5000.0,1000.0,0.0001,0.0,0.0,3.724,1.0,1.0,0
0.0,1.0,2.0,1.0,5000.0,1000.0,0.0001,0.0,0.0,3.724,1.0,1.0,0
9.0,1.0,2.0,1.0,5000.0,1000.0,0.0001,0.0,0.0,3.724,1.0,1.0,0
13.75,1.0,2.0,1.0,5000.0,1000.0,0.0001,5.227172595e-05,125.0,3.724,1.0,1.0,0
34.0,1.0,3.0,1.0,5000.0,1000.0,0.0001,0.0,208.3333333,3.724,1.0,1.0,0
9.0,1.0,3.0,1.0,5000.0,1000.0,0.0001,0.0,0.0,3.724,1.0,1.0,0
9.0,1.0,3.0,1.0,5000.0,1000.0,0.000128,0.0,0.0,3.724,1.0,1.0,0
9.0,1.0,3.0,1.0,5000.0,1000.0,0.000102,0.0,0.0,3.724,1.0,1.0,0
9.0,1.0,3.0,1.0,5000.0,1000.0,0.0001,0.0,0.0,3.724,1.0,1.0,0
9.0,1.0,3.0,1.0,5000.0,1000.0,0.0001,0.0,0.0,3.724,1.0,1.0,0
9.0,1.0,3.0,1.0,5000.0,1000.0,0.0001,0.0,0.0,3.724,1.0,1.0,0
9.0,1.0,3.0,1.0,5000.0,1000.0,0.0001,0.0,0.0,3.724,1.0,1.0,0
9.0,1.0,3.0,1.0,5000.0,1000.0,0.000122,0.0,0.0,3.724,1.0,1.0,0
9.0,1.0,3.0,1.0,5000.0,1000.0,0.0001,0.0,0.0,3.724,1.0,1.0,0
9.0,1.0,3.0,1.0,5000.0,1000.0,0.0001,0.0,0.0,3.724,1.0,1.0,0
9.0,1.0,3.0,1.0,5000.0,1000.0,0.0001,0.0,0.0,3.724,1.0,1.0,0
9.0,1.0,3.0,1.0,5000.0,1000.0,0.000255,0.0,0.0,3.724,1.0,1.0,0
9.0,1.0,3.0,1.0,5000.0,1000.0,0.0001,0.0,0.0,3.724,1.0,1.0,0
9.0,1.0,3.0,1.0,5000.0,1000.0,0.0001,0.0,0.0,3.724,1.0,1.0,0
9.0,1.0,3.0,1.0,5000.0,1000.0,0.0001,0.0,0.0,3.724,1.0,1.0,0
9.0,1.0,3.0,1.0,5000.0,1000.0,0.0001,0.0,0.0,3.724,1.0,1.0,0
9.0,1.0,3.0,1.0,5000.0,1000.0,0.0001,0.0,0.0,3.724,1.0,1.0,0
9.0,1.0,3.0,1.0,5000.0,1000.0,0.0001,0.0,0.0,3.724,1.0,1.0,0
40.33333333,1.0,2.0,1.0,5000.0,1000.0,0.0001,7.071067812e-06,450.25,3.724,1.0,1.0,0
40.33333333,1.0,3.0,1.0,5000.0,1000.0,0.0001,3.535533906e-06,450.25,3.724,1.0,1.0,0
26.6,1.0,3.0,1.0,5000.0,1000.0,0.0001,3.97743636e-05,426.9666667,3.724,1.0,1.0,0
9.0,1.0,2.0,1.0,5000.0,1000.0,0.0001,0.0,0.0,3.724,1.0,1.0,0
34.0,1.0,3.0,1.0,5000.0,1000.0,0.0001,0.0,208.3333333,3.724,1.0,1.0,0
0.0,1.0,3.0,1.0,5000.0,1000.0,0.0001,0.0,0.0,3.724,1.0,1.0,0
34.0,1.0,3.0,1.0,5000.0,1000.0,0.0001,0.0,208.3333333,3.724,1.0,1.0,0
34.0,1.0,3.0,1.0,5000.0,1000.0,0.0001,0.0,208.3333333,3.724,1.0,1.0,0
9.0,1.0,3.0,1.0,5000.0,1000.0,0.0001,0.0,0.0,3.724,1.0,1.0,0
9.0,1.0,3.0,1.0,120.00924072,20.001540119999998,0.999923,0.0,0.0,3.724,1.0,1.0,0
29.0,1.0,2.0,1.0,292.26164238,48.710273730000004,0.410591,0.0,533.3333333,3.724,1.0,1.0,0
9.0,1.0,3.0,1.0,5000.0,1000.0,0.0001,0.0,0.0,3.724,1.0,1.0,0
9.0,1.0,3.0,1.0,5000.0,1000.0,0.0001,0.0,0.0,3.724,1.0,1.0,0
9.0,1.0,3.0,1.0,5000.0,1000.0,0.0001,0.0,0.0,3.724,1.0,1.0,0
16.33333333,1.0,3.0,1.0,5000.0,1000.0,0.000343,0.00048083261119999995,156.25,3.724,1.0,1.0,0
0.0,1.0,2.0,1.0,5000.0,1000.0,0.0001,0.0,0.0,3.724,1.0,1.0,0
0.0,1.0,2.0,1.0,5000.0,1000.0,0.0001,0.0,0.0,3.724,1.0,1.0,0
0.0,1.0,3.0,1.0,5000.0,1000.0,0.0001,0.0,0.0,3.724,1.0,1.0,0
0.0,1.0,3.0,1.0,5000.0,1000.0,0.0001,0.0,0.0,3.724,1.0,1.0,0
0.0,1.0,3.0,1.0,5000.0,1000.0,0.0001,0.0,0.0,3.724,1.0,1.0,0
34.0,1.0,3.0,1.0,5000.0,1000.0,0.0001,0.0,208.3333333,3.724,1.0,1.0,0
34.0,1.0,3.0,1.0,5000.0,1000.0,0.0001,0.0,208.3333333,3.724,1.0,1.0,0
9.0,1.0,3.0,1.0,5000.0,1000.0,0.0001,0.0,0.0,3.724,1.0,1.0,0
9.0,1.0,3.0,1.0,5000.0,1000.0,0.0001,0.0,0.0,3.724,1.0,1.0,0
24.66666667,1.0,3.0,1.0,5000.0,1000.0,0.0001,2.8284271250000003e-06,208.3333333,3.724,1.0,1.0,0
9.0,1.0,3.0,1.0,5000.0,1000.0,0.0001,0.0,0.0,3.724,1.0,1.0,0
0.0,1.0,2.0,1.0,5000.0,1000.0,0.000104,0.0,0.0,3.724,1.0,1.0,0
9.0,1.0,2.0,1.0,5000.0,1000.0,0.0001,0.0,0.0,3.724,1.0,1.0,0
9.0,1.0,2.0,1.0,5000.0,1000.0,0.0001,0.0,0.0,3.724,1.0,1.0,0
9.0,1.0,3.0,1.0,5000.0,1000.0,0.0001,0.0,0.0,3.724,1.0,1.0,0
9.0,1.0,2.0,1.0,5000.0,1000.0,0.00019,0.0,0.0,3.724,1.0,1.0,0
0.0,1.0,3.0,1.0,5000.0,1000.0,0.0001,0.0,0.0,3.724,1.0,1.0,0
9.0,1.0,2.0,1.0,5000.0,1000.0,0.000121,0.0,0.0,3.724,1.0,1.0,0
8.0,1.0,3.0,1.0,5000.0,1000.0,0.002178,0.003075914498,0.0,3.724,1.0,1.0,0
9.0,1.0,2.0,1.0,5000.0,1000.0,0.0001,0.0,0.0,3.724,1.0,1.0,0
9.0,1.0,3.0,1.0,5000.0,1000.0,0.0001,0.0,0.0,3.724,1.0,1.0,0
9.0,1.0,3.0,1.0,5000.0,1000.0,0.0001,0.0,0.0,3.724,1.0,1.0,0
9.0,1.0,3.0,1.0,5000.0,1000.0,0.0001,0.0,0.0,3.724,1.0,1.0,0
9.0,1.0,3.0,1.0,5000.0,1000.0,0.0001,0.0,0.0,3.724,1.0,1.0,0
0.0,1.0,2.0,1.0,5000.0,1000.0,0.0001,0.0,0.0,3.724,1.0,1.0,0
9.0,1.0,2.0,1.0,5000.0,1000.0,0.0001,0.0,0.0,3.724,1.0,1.0,0
0.0,1.0,2.0,1.0,5000.0,1000.0,0.0001,0.0,0.0,3.724,1.0,1.0,0
0.0,1.0,2.0,1.0,5000.0,1000.0,0.0001,0.0,0.0,3.724,1.0,1.0,0
34.0,1.0,3.0,1.0,5000.0,1000.0,0.0001,0.0,208.3333333,3.724,1.0,1.0,0
6.0,1.0,3.0,1.0,2174.326638,362.38777300000004,0.036793,0.056576196349999996,7.2,3.724,1.0,1.0,0
9.0,1.0,3.0,1.0,5000.0,1000.0,0.0001,0.0,0.0,3.724,1.0,1.0,0
9.0,1.0,3.0,1.0,5000.0,1000.0,0.0001,0.0,0.0,3.724,1.0,1.0,0
9.0,1.0,3.0,1.0,5000.0,1000.0,0.0001,0.0,0.0,3.724,1.0,1.0,0
9.0,1.0,3.0,1.0,5000.0,1000.0,0.0001,0.0,0.0,3.724,1.0,1.0,0
9.0,1.0,3.0,1.0,420.39180516,70.06530086,0.285448,0.0,0.0,3.724,1.0,1.0,0
9.0,1.0,3.0,1.0,5000.0,1000.0,0.000117,0.0,0.0,3.724,1.0,1.0,0
9.0,1.0,2.0,1.0,5000.0,1000.0,0.0001,0.0,0.0,3.724,1.0,1.0,0
9.0,1.0,2.0,1.0,5000.0,1000.0,0.0001,0.0,0.0,3.724,1.0,1.0,0
9.0,1.0,3.0,1.0,5000.0,1000.0,0.0001,0.0,0.0,3.724,1.0,1.0,0
9.0,1.0,3.0,1.0,120.38390430000001,20.063984050000002,0.996811,0.0,0.0,3.724,1.0,1.0,0
9.0,1.0,3.0,1.0,5000.0,1000.0,0.0001,0.0,0.0,3.724,1.0,1.0,0
9.0,1.0,3.0,1.0,5000.0,1000.0,0.000205,0.0,0.0,3.724,1.0,1.0,0
34.0,1.0,3.0,1.0,5000.0,1000.0,0.0001,0.0,208.3333333,3.724,1.0,1.0,0
34.0,1.0,3.0,1.0,5000.0,1000.0,0.0001,0.0,208.3333333,3.724,1.0,1.0,0
9.0,1.0,3.0,1.0,5000.0,1000.0,0.0001,0.0,0.0,3.724,1.0,1.0,0
9.0,1.0,3.0,1.0,5000.0,1000.0,0.0001,0.0,0.0,3.724,1.0,1.0,0
9.0,1.0,3.0,1.0,5000.0,1000.0,0.0001,0.0,0.0,3.724,1.0,1.0,0
9.0,1.0,3.0,1.0,5000.0,1000.0,0.0001,0.0,0.0,3.724,1.0,1.0,0
9.0,1.0,3.0,1.0,120.07769028000001,20.01294838,0.999353,0.0,0.0,3.724,1.0,1.0,0
9.0,1.0,2.0,1.0,3045.6852792,507.6142132,0.0394,0.0,0.0,3.724,1.0,1.0,0
9.0,1.0,3.0,1.0,5000.0,1000.0,0.0001,0.0,0.0,3.724,1.0,1.0,0
9.0,1.0,3.0,1.0,5000.0,1000.0,0.0001,0.0,0.0,3.724,1.0,1.0,0
9.0,1.0,3.0,1.0,5000.0,1000.0,0.0001,0.0,0.0,3.724,1.0,1.0,0
9.0,1.0,3.0,1.0,5000.0,1000.0,0.0001,0.0,0.0,3.724,1.0,1.0,0
9.0,1.0,3.0,1.0,5000.0,1000.0,0.0001,0.0,0.0,3.724,1.0,1.0,0
9.0,1.0,3.0,1.0,5000.0,1000.0,0.0001,0.0,0.0,3.724,1.0,1.0,0
9.0,1.0,2.0,1.0,5000.0,1000.0,0.0001,0.0,0.0,3.724,1.0,1.0,0
9.0,1.0,2.0,1.0,5000.0,1000.0,0.0001,0.0,0.0,3.724,1.0,1.0,0
9.0,1.0,2.0,1.0,5000.0,1000.0,0.0001,0.0,0.0,3.724,1.0,1.0,0
9.0,1.0,2.0,1.0,5000.0,1000.0,0.000242,0.0,0.0,3.724,1.0,1.0,0
8.0,1.0,2.0,1.0,5000.0,1000.0,0.0001925,0.00027082189720000003,0.0,3.724,1.0,1.0,0
0.0,1.0,2.0,1.0,5000.0,1000.0,0.005153,0.006165589266,0.0,3.724,1.0,1.0,0
8.0,1.0,2.0,1.0,5000.0,1000.0,0.006408,0.009058037867,0.0,3.724,1.0,1.0,0
9.0,1.0,2.0,1.0,5000.0,1000.0,0.0001,0.0,0.0,3.724,1.0,1.0,0
9.0,1.0,3.0,1.0,5000.0,1000.0,0.0001,0.0,0.0,3.724,1.0,1.0,0
9.0,1.0,2.0,1.0,5000.0,1000.0,0.0001,0.0,0.0,3.724,1.0,1.0,0
0.0,1.0,3.0,1.0,5000.0,1000.0,0.0001,0.0,0.0,3.724,1.0,1.0,0
22.66666667,1.0,2.0,1.0,5000.0,1000.0,0.000104,8.909545443e-05,267.3333333,3.724,1.0,1.0,0
4.0,1.0,2.0,1.0,5000.0,1000.0,0.0001,2.8284271250000003e-06,12.0,3.724,1.0,1.0,0
24.66666667,1.0,3.0,1.0,5000.0,1000.0,0.0001245,0.0001025304833,208.3333333,3.724,1.0,1.0,0
34.0,1.0,3.0,1.0,5000.0,1000.0,0.0001,0.0,208.3333333,3.724,1.0,1.0,0
16.33333333,1.0,3.0,1.0,5000.0,1000.0,0.0001,2.121320344e-06,156.25,3.724,1.0,1.0,0
16.33333333,1.0,3.0,1.0,5000.0,1000.0,0.0001,2.121320344e-06,156.25,3.724,1.0,1.0,0
9.0,1.0,3.0,1.0,5000.0,1000.0,0.0001,0.0,0.0,3.724,1.0,1.0,0
31.0,1.0,2.0,1.0,5000.0,1000.0,0.0001,0.0,320.3333333,3.724,1.0,1.0,0
16.33333333,1.0,3.0,1.0,5000.0,1000.0,0.0002395,0.00033587572110000004,156.25,3.724,1.0,1.0,0
22.66666667,1.0,2.0,1.0,5000.0,1000.0,0.000125,4.8083261120000006e-05,267.3333333,3.724,1.0,1.0,0
22.66666667,1.0,2.0,1.0,5000.0,1000.0,0.0001,5.798275606e-05,267.3333333,3.724,1.0,1.0,0
22.66666667,1.0,2.0,1.0,5000.0,1000.0,0.0001,4.313351365e-05,267.3333333,3.724,1.0,1.0,0
0.0,1.0,2.0,1.0,5000.0,1000.0,0.0001,0.0,0.0,3.724,1.0,1.0,0
9.0,1.0,3.0,1.0,5000.0,1000.0,0.0001,0.0,0.0,3.724,1.0,1.0,0
9.0,1.0,3.0,1.0,5000.0,1000.0,0.0001,0.0,0.0,3.724,1.0,1.0,0
0.0,1.0,2.0,1.0,5000.0,1000.0,0.0001,0.0,0.0,3.724,1.0,1.0,0
31.0,1.0,3.0,1.0,5000.0,1000.0,0.0001,0.0,320.3333333,3.724,1.0,1.0,0
4.5,1.0,3.0,1.0,5000.0,1000.0,0.0001,2.369247419e-05,10.8,3.724,1.0,1.0,0
0.0,1.0,2.0,1.0,5000.0,1000.0,0.000105,0.0,0.0,3.724,1.0,1.0,0
11.0,1.0,3.0,1.0,2103.7130537999997,350.6188423,0.038028,0.06579109763,273.2,3.724,1.0,1.0,0
174.0,1.0,2.0,1.0,3238.1671973999996,539.6945329,0.0277935,0.03919280756,21681.0,3.724,1.0,1.0,0
39.0,1.0,2.0,1.0,5000.0,1000.0,0.002298333333,0.00361176665,4417.2,3.724,1.0,1.0,0
39.0,1.0,2.0,1.0,5000.0,1000.0,0.002271333333,0.003635106647,4417.2,3.724,1.0,1.0,0
0.0,1.0,2.0,1.0,5000.0,1000.0,0.000769,0.0,0.0,3.724,1.0,1.0,0
0.0,1.0,2.0,1.0,5000.0,1000.0,0.0001,0.0,0.0,3.724,1.0,1.0,0
9.0,1.0,2.0,1.0,5000.0,1000.0,0.0001,0.0,0.0,3.724,1.0,1.0,0
9.0,1.0,2.0,1.0,5000.0,1000.0,0.00022,0.0,0.0,3.724,1.0,1.0,0
9.0,1.0,2.0,1.0,5000.0,1000.0,0.0001,0.0,0.0,3.724,1.0,1.0,0
9.0,1.0,3.0,1.0,5000.0,1000.0,0.0001,0.0,0.0,3.724,1.0,1.0,0
0.0,1.0,2.0,1.0,5000.0,1000.0,0.000111,0.0,0.0,3.724,1.0,1.0,0
31.0,1.0,2.0,1.0,5000.0,1000.0,0.0001,0.0,320.3333333,3.724,1.0,1.0,0
31.0,1.0,2.0,1.0,5000.0,1000.0,0.0001,0.0,320.3333333,3.724,1.0,1.0,0
0.0,1.0,3.0,1.0,5000.0,1000.0,0.0001,0.0,0.0,3.724,1.0,1.0,0
0.0,1.0,3.0,1.0,5000.0,1000.0,0.0001,0.0,0.0,3.724,1.0,1.0,0
0.0,1.0,3.0,1.0,5000.0,1000.0,0.0001,0.0,0.0,3.724,1.0,1.0,0
13.75,1.0,3.0,1.0,5000.0,1000.0,0.0001,6.250599971e-05,125.0,3.724,1.0,1.0,0
0.0,1.0,3.0,1.0,5000.0,1000.0,0.0001,0.0,0.0,3.724,1.0,1.0,0
34.0,1.0,3.0,1.0,5000.0,1000.0,0.0001,0.0,208.3333333,3.724,1.0,1.0,0
34.0,1.0,3.0,1.0,5000.0,1000.0,0.0001,0.0,208.3333333,3.724,1.0,1.0,0
34.0,1.0,3.0,1.0,5000.0,1000.0,0.0001,0.0,208.3333333,3.724,1.0,1.0,0
9.0,1.0,3.0,1.0,5000.0,1000.0,0.0001,0.0,0.0,3.724,1.0,1.0,0
9.0,1.0,3.0,1.0,5000.0,1000.0,0.0001,0.0,0.0,3.724,1.0,1.0,0
9.0,1.0,3.0,1.0,5000.0,1000.0,0.0001,0.0,0.0,3.724,1.0,1.0,0
0.0,1.0,3.0,1.0,2158.4804298,359.7467383,0.041696,0.05888926695,0.0,3.724,1.0,1.0,0
9.0,1.0,2.0,1.0,5000.0,1000.0,0.0001,0.0,0.0,3.724,1.0,1.0,0
596.1666667,1.0,3.0,1.0,5000.0,1000.0,0.0068418,0.009445619683000001,457057.6667,3.724,1.0,1.0,0
715.4,1.0,3.0,1.0,5000.0,1000.0,0.00886325,0.010218285320000001,1305500.967,3.724,1.0,1.0,0
596.1666667,1.0,3.0,1.0,5000.0,1000.0,0.0068962,0.009448864016,457057.6667,3.724,1.0,1.0,0
715.4,1.0,3.0,1.0,5000.0,1000.0,0.00866025,0.009990563026,883936.9667,3.724,1.0,1.0,0
715.4,1.0,3.0,1.0,5000.0,1000.0,0.008544,0.009890223894,1305500.967,3.724,1.0,1.0,0
0.0,1.0,2.0,1.0,5000.0,1000.0,0.0001,0.0,0.0,3.724,1.0,1.0,0
27.33333333,1.0,3.0,1.0,5000.0,1000.0,0.0142445,0.020055669630000002,414.3333333,3.724,1.0,1.0,0
0.0,1.0,2.0,1.0,5000.0,1000.0,0.007797,0.0,0.0,3.724,1.0,1.0,0
0.0,1.0,3.0,1.0,5000.0,1000.0,0.0001,0.0,0.0,3.724,1.0,1.0,0
9.0,1.0,3.0,1.0,5000.0,1000.0,0.0001,0.0,0.0,3.724,1.0,1.0,0
9.0,1.0,3.0,1.0,5000.0,1000.0,0.0001,0.0,0.0,3.724,1.0,1.0,0
9.0,1.0,2.0,1.0,5000.0,1000.0,0.0001,0.0,0.0,3.724,1.0,1.0,0
9.0,1.0,2.0,1.0,5000.0,1000.0,0.0001,0.0,0.0,3.724,1.0,1.0,0
9.0,1.0,3.0,1.0,5000.0,1000.0,0.0001,0.0,0.0,3.724,1.0,1.0,0
9.0,1.0,3.0,1.0,5000.0,1000.0,0.0001,0.0,0.0,3.724,1.0,1.0,0
576.2857143,1.0,3.0,1.0,5000.0,1000.0,0.0031145,0.007266583454,484853.0714,3.724,1.0,1.0,0
9.0,1.0,3.0,1.0,5000.0,1000.0,0.0001,0.0,0.0,3.724,1.0,1.0,0
9.0,1.0,3.0,1.0,5000.0,1000.0,0.000151,0.0,0.0,3.724,1.0,1.0,0
9.0,1.0,3.0,1.0,5000.0,1000.0,0.000152,0.0,0.0,3.724,1.0,1.0,0
0.0,1.0,2.0,1.0,5000.0,1000.0,0.0001,0.0,0.0,3.724,1.0,1.0,0
0.0,1.0,2.0,1.0,5000.0,1000.0,0.0001,0.0,0.0,3.724,1.0,1.0,0
9.0,1.0,2.0,1.0,5000.0,1000.0,0.0001,0.0,0.0,3.724,1.0,1.0,0
9.0,1.0,2.0,1.0,5000.0,1000.0,0.0001,0.0,0.0,3.724,1.0,1.0,0
0.0,1.0,2.0,1.0,5000.0,1000.0,0.0001,0.0,0.0,3.724,1.0,1.0,0
9.0,1.0,2.0,1.0,5000.0,1000.0,0.0001,0.0,0.0,3.724,1.0,1.0,0
9.0,1.0,3.0,1.0,5000.0,1000.0,0.0001,0.0,0.0,3.724,1.0,1.0,0
9.0,1.0,2.0,1.0,5000.0,1000.0,0.0001,0.0,0.0,3.724,1.0,1.0,0
9.0,1.0,2.0,1.0,333.14455139999995,55.524091899999995,0.360204,0.0,0.0,3.724,1.0,1.0,0
9.0,1.0,2.0,1.0,5000.0,1000.0,0.0001,0.0,0.0,3.724,1.0,1.0,0
0.0,1.0,3.0,1.0,5000.0,1000.0,0.000159,0.0001329360749,0.0,3.724,1.0,1.0,0
9.0,1.0,2.0,1.0,5000.0,1000.0,0.0001,0.0,0.0,3.724,1.0,1.0,0
9.0,1.0,3.0,1.0,5000.0,1000.0,0.0001,0.0,0.0,3.724,1.0,1.0,0
9.0,1.0,3.0,1.0,5000.0,1000.0,0.0001,0.0,0.0,3.724,1.0,1.0,0
9.0,1.0,3.0,1.0,5000.0,1000.0,0.0001,0.0,0.0,3.724,1.0,1.0,0
0.0,1.0,3.0,1.0,5000.0,1000.0,0.0001,0.0,0.0,3.724,1.0,1.0,0
0.0,1.0,3.0,1.0,5000.0,1000.0,0.0001,0.0,0.0,3.724,1.0,1.0,0
9.0,1.0,2.0,1.0,5000.0,1000.0,0.0001,0.0,0.0,3.724,1.0,1.0,0
0.0,1.0,2.0,1.0,5000.0,1000.0,0.0001,0.0,0.0,3.724,1.0,1.0,0
0.0,1.0,2.0,1.0,5000.0,1000.0,0.0001,2.828427125e-05,0.0,3.724,1.0,1.0,0
0.0,1.0,2.0,1.0,5000.0,1000.0,0.0001325,0.0001180868325,0.0,3.724,1.0,1.0,0
0.0,1.0,2.0,1.0,5000.0,1000.0,0.0001,0.0,0.0,3.724,1.0,1.0,0
0.0,1.0,2.0,1.0,5000.0,1000.0,0.0001,0.0,0.0,3.724,1.0,1.0,0
0.0,1.0,2.0,1.0,5000.0,1000.0,0.0001,0.0,0.0,3.724,1.0,1.0,0
9.0,1.0,2.0,1.0,5000.0,1000.0,0.0001,0.0,0.0,3.724,1.0,1.0,0
9.0,1.0,2.0,1.0,5000.0,1000.0,0.0001,0.0,0.0,3.724,1.0,1.0,0
73.0,1.0,1.0,1.0,5000.0,1000.0,0.0001,0.00014924588209999998,1306.8,3.724,1.0,1.0,0
75.0,1.0,1.0,1.0,5000.0,1000.0,0.0001,0.0001292787686,1470.0,3.724,1.0,1.0,0
71.75,1.0,1.0,1.0,5000.0,1000.0,0.0001,0.0001300461457,780.3,3.724,1.0,1.0,0
77.75,1.0,1.0,1.0,5000.0,1000.0,0.000104,0.0001396889401,1190.7,3.724,1.0,1.0,0
196.6,1.0,1.0,1.0,24.900431039999997,4.15007184,2.509996708,12.0,329514.2785,3.724,1.0,1.0,0
147.8,1.0,1.0,1.0,1449.4416629999998,241.57361049999997,0.04245666667,0.1107223936,202654.961,3.724,1.0,1.0,0
37.0,1.0,1.0,1.0,5000.0,1000.0,0.0001,0.0,456.3333333,3.724,1.0,1.0,0
359.1875,1.0,1.0,1.0,187.08993684,31.18165614,0.3420814667,1.291241835,319635.4338,3.724,1.0,1.0,0
730.8,1.0,1.0,1.0,61.96867188,10.328111980000001,0.9763675714,2.936888578,645747.0837,3.724,1.0,1.0,0
302.0,1.0,1.0,1.0,149.11029084,24.851715140000003,0.4333395385,1.4811382649999998,261276.4095,3.724,1.0,1.0,0
302.0,1.0,1.0,1.0,149.11190544,24.85198424,0.4333348462,1.478478612,261276.4095,3.724,1.0,1.0,0
77.5,1.0,1.0,1.0,117.03480618,19.50580103,0.5696311111,1.615498143,23949.67273,3.724,1.0,1.0,0
77.5,1.0,1.0,1.0,117.02163552,19.50360592,0.5696952221999999,1.615519375,23949.67273,3.724,1.0,1.0,0
520.828125,1.0,1.0,1.0,32.001414180000005,5.3335690300000005,1.90467773,3.796914769,967616.6841,3.724,1.0,1.0,0
495.6271186,1.0,1.0,1.0,31.917314160000004,5.31955236,1.912268759,3.8032693259999997,931204.8802,3.724,1.0,1.0,0
390.8333333,1.0,1.0,1.0,27.01103916,4.50183986,2.2632256039999996,4.056217071,832005.6094,3.724,1.0,1.0,0
157.5365854,1.0,1.0,1.0,21.162613800000003,3.5271023,2.90606825,4.505533461,142323.3432,3.724,1.0,1.0,0
77.5,1.0,1.0,1.0,103.43112054,17.23852009,0.6445513333,1.876824436,23949.67273,3.724,1.0,1.0,0
527.3076923,1.0,1.0,1.0,33.84741744,5.6412362400000005,1.800358922,3.8053306609999997,461888.2203,3.724,1.0,1.0,0
389.4666667,1.0,1.0,1.0,175.34586486,29.22431081,0.3666223571,1.336170616,337101.9833,3.724,1.0,1.0,0
383.6428571,1.0,1.0,1.0,143.29245462,23.88207577,0.4509336154,1.577743047,411022.2095,3.724,1.0,1.0,0
448.3529412,1.0,1.0,1.0,5000.0,977.8882216,0.01086525,0.01450731426,764961.6732,3.724,1.0,1.0,0
306.9354839,1.0,1.0,1.0,15.9024294,2.6504049000000003,3.8987753670000003,14.7,256934.749,3.724,1.0,1.0,0
405.8183486,1.0,1.0,1.0,472.41848256000003,78.73641376,0.1272395055,2.524222849,516328.1099,3.724,1.0,1.0,0
972.9,1.0,1.0,1.0,158.4353349,26.40588915,0.38841374359999997,1.774613109,1504690.595,3.724,1.0,1.0,0
9.0,1.0,1.0,1.0,5000.0,1000.0,0.0001,0.0,0.0,3.724,1.0,1.0,0
237.0,1.0,1.0,1.0,4146.9474468,691.1579078,0.015272277780000001,0.019708129959999997,187812.3447,3.724,1.0,1.0,0
9.0,1.0,1.0,1.0,1677.33639,279.556065,0.071542,0.0,0.0,3.724,1.0,1.0,0
378.8444444,1.0,1.0,1.0,23.05000542,3.8416675700000003,2.662196182,12.2,411215.2657,3.724,1.0,1.0,0
259.6111111,1.0,1.0,1.0,3694.2527004,615.7087834,0.017196823530000002,0.02879012745,426401.1637,3.724,1.0,1.0,0
246.2631579,1.0,1.0,1.0,4480.9911636,746.8318606,0.01413377778,0.02508755297,406837.7342,3.724,1.0,1.0,0
9.0,1.0,1.0,1.0,686.9468646,114.4911441,0.174686,0.0,0.0,3.724,1.0,1.0,0
9.0,1.0,1.0,1.0,680.8742424,113.4790404,0.176244,0.0,0.0,3.724,1.0,1.0,0
9.0,1.0,1.0,1.0,2077.0588848,346.17648080000004,0.057774,0.0,0.0,3.724,1.0,1.0,0
336.4193548,1.0,1.0,1.0,3700.5351852000003,616.7558642,0.016754333330000003,0.03535877882,281550.1522,3.724,1.0,1.0,0
372.3571429,1.0,1.0,1.0,3338.354112,556.3923520000001,0.01863859259,0.03842256817,660047.9729,3.724,1.0,1.0,0
307.7333333,1.0,1.0,1.0,2969.3562438,494.8927073,0.02164971429,0.04951855921,817478.4,3.724,1.0,1.0,0
271.5294118,1.0,1.0,1.0,3354.3804264,559.0634044,0.019005,0.045336166319999996,215773.2026,3.724,1.0,1.0,0
434.53,1.0,1.0,1.0,50.879566080000004,8.47992768,1.19116701,8.204623125,1094646.018,3.724,1.0,1.0,0
13.75,1.0,1.0,1.0,2562.3778866,427.0629811,0.031221,0.02948793341,125.0,3.724,1.0,1.0,0
8.0,1.0,1.0,1.0,4935.5634768,822.5939128,0.018235,0.02578394167,0.0,3.724,1.0,1.0,0
8.0,1.0,1.0,1.0,4777.196847,796.1994745,0.0188395,0.026638833770000002,0.0,3.724,1.0,1.0,0
243.2142857,1.0,1.0,1.0,29.15416224,4.85902704,2.095443818,3.8766545669999997,370874.5508,3.724,1.0,1.0,0
219.125,1.0,1.0,1.0,12.278188259999999,2.0463647099999998,5.099180304,16.8,368911.24,3.724,1.0,1.0,0
172.7142857,1.0,1.0,1.0,111.23862528,18.53977088,0.5439520169000001,5.368427531,112400.3691,3.724,1.0,1.0,0
173.4468085,1.0,1.0,1.0,45.203635379999994,7.53393923,1.356181804,8.6452449,101845.7163,3.724,1.0,1.0,0
42.6,1.0,1.0,1.0,4213.1872764,702.1978794,0.01780125,0.020166169,6582.3,3.724,1.0,1.0,0
42.6,1.0,1.0,1.0,4214.6670414,702.4445069,0.017795,0.02024770534,6582.3,3.724,1.0,1.0,0
42.6,1.0,1.0,1.0,4207.9277358,701.3212893,0.0178235,0.02018839742,6582.3,3.724,1.0,1.0,0
42.6,1.0,1.0,1.0,4211.058238799999,701.8430397999999,0.01781025,0.02036542628,6582.3,3.724,1.0,1.0,0
42.6,1.0,1.0,1.0,4172.5778184,695.4296363999999,0.0179745,0.0206096155,6582.3,3.724,1.0,1.0,0
215.7916667,1.0,1.0,1.0,12.28090998,2.0468183300000002,5.098050217,16.8,190097.5567,3.724,1.0,1.0,0
236.6,1.0,1.0,1.0,5000.0,835.0786476999999,0.012473875,0.01615922069,174045.7,3.724,1.0,1.0,0
276.7058824,1.0,1.0,1.0,5000.0,1000.0,0.00891525,0.01423103268,225296.7059,3.724,1.0,1.0,0
185.4583333,1.0,1.0,1.0,67.6166334,11.269438899999999,0.8998535915,6.931669274,155024.632,3.724,1.0,1.0,0
3.0,1.0,1.0,1.0,45.93101886,7.65516981,1.7417423330000001,2.98380723,10.8,3.724,1.0,1.0,0
129.4054054,1.0,1.0,1.0,18.93012834,3.15502139,3.257593694,4.600685207000001,63585.62162,3.724,1.0,1.0,0
3.0,1.0,1.0,1.0,44.16141882,7.36023647,1.811536,3.1059550419999997,10.8,3.724,1.0,1.0,0
3.0,1.0,1.0,1.0,44.16215832,7.36035972,1.8115056669999998,3.106019295,10.8,3.724,1.0,1.0,0
3.0,1.0,1.0,1.0,44.15868054,7.35978009,1.8116483330000002,3.1057931400000003,10.8,3.724,1.0,1.0,0
42.1,1.0,1.0,1.0,15.579698400000002,2.5966164000000003,3.983964517,4.858915697,22930.93118,3.724,1.0,1.0,0
9.0,1.0,1.0,1.0,5000.0,1000.0,0.0001,0.0,0.0,3.724,1.0,1.0,0
248.5789474,1.0,1.0,1.0,4706.931576,784.488596,0.01345533333,0.01681441531,421003.9237,3.724,1.0,1.0,0
617.5,1.0,1.0,1.0,30.415235100000004,5.06920585,2.006131102,10.8,531924.7388,3.724,1.0,1.0,0
913.4090909,1.0,1.0,1.0,135.10130909999998,22.516884849999997,0.4457998023,5.048262437,818311.1577,3.724,1.0,1.0,0
376.0793651,1.0,1.0,1.0,31.921541760000004,5.32025696,1.909924726,10.4,316890.2597,3.724,1.0,1.0,0
255.0,1.0,1.0,1.0,2995.9629402,499.3271567,0.021081,0.02911131183,231398.5286,3.724,1.0,1.0,0
268.1052632,1.0,1.0,1.0,1980.6521556,330.1086926,0.031976,0.07874838598,240477.0632,3.724,1.0,1.0,0
247.0769231,1.0,1.0,1.0,2704.4832012,450.7472002,0.0230728,0.05563146988,201092.5328,3.724,1.0,1.0,0
201.7209302,1.0,1.0,1.0,22.09926294,3.68321049,2.779666071,12.5,246969.2368,3.724,1.0,1.0,0
186.8571429,1.0,1.0,1.0,1580.468421,263.4114035,0.04429066667,0.08609993647,101535.7143,3.724,1.0,1.0,0
2.0,1.0,1.0,1.0,110.60638416,18.434397360000002,0.650957,0.9267781589999999,8.571428571,3.724,1.0,1.0,0
9.0,1.0,1.0,1.0,1964.3792562,327.39654270000005,0.061088,0.0,0.0,3.724,1.0,1.0,0
186.7142857,1.0,1.0,1.0,5000.0,908.6188993000001,0.01284,0.01413493779,101336.8393,3.724,1.0,1.0,0
9.0,1.0,1.0,1.0,2016.9423155999998,336.1570526,0.059496,0.0,0.0,3.724,1.0,1.0,0
9.0,1.0,1.0,1.0,2008.2673674000002,334.71122790000004,0.059753,0.0,0.0,3.724,1.0,1.0,0
186.7142857,1.0,1.0,1.0,5000.0,904.9773756000001,0.012891666670000001,0.01410340617,101336.8393,3.724,1.0,1.0,0
2.0,1.0,1.0,1.0,112.13105381999999,18.68850897,0.6421058000000001,0.9202452195,8.571428571,3.724,1.0,1.0,0
2.0,1.0,1.0,1.0,105.5468691,17.59114485,0.6821614,0.9524676575,8.571428571,3.724,1.0,1.0,0
9.0,1.0,1.0,1.0,5000.0,1000.0,0.017846,0.0,0.0,3.724,1.0,1.0,0
186.8571429,1.0,1.0,1.0,5000.0,1000.0,0.007874833333,0.01185749163,101535.7143,3.724,1.0,1.0,0
9.0,1.0,1.0,1.0,5000.0,1000.0,0.014768,0.0,0.0,3.724,1.0,1.0,0
9.0,1.0,1.0,1.0,755.3820972,125.8970162,0.15886,0.0,0.0,3.724,1.0,1.0,0
9.0,1.0,1.0,1.0,2049.2153214,341.5358869,0.058559,0.0,0.0,3.724,1.0,1.0,0
9.0,1.0,1.0,1.0,2647.6623348,441.27705579999997,0.045323,0.0,0.0,3.724,1.0,1.0,0
186.5714286,1.0,1.0,1.0,4203.4047576,700.5674596,0.01665316667,0.02100375533,101260.7857,3.724,1.0,1.0,0
186.5714286,1.0,1.0,1.0,5000.0,1000.0,0.007913666667,0.011843899639999999,101260.7857,3.724,1.0,1.0,0
9.0,1.0,1.0,1.0,463.76990826,77.29498471000001,0.258749,0.0,0.0,3.724,1.0,1.0,0
2.0,1.0,1.0,1.0,112.85054202,18.80842367,0.638012,0.9175935818000001,8.571428571,3.724,1.0,1.0,0
2.0,1.0,1.0,1.0,100.27469694000001,16.71244949,0.7180276,0.9873630208,8.571428571,3.724,1.0,1.0,0
9.0,1.0,1.0,1.0,5000.0,1000.0,0.0001,0.0,0.0,3.724,1.0,1.0,0
9.0,1.0,1.0,1.0,5000.0,1000.0,0.0001,0.0,0.0,3.724,1.0,1.0,0
61.75,1.0,1.0,1.0,5000.0,1000.0,0.0001,7.80790198e-05,76.8,3.724,1.0,1.0,0
77.33333333,1.0,1.0,1.0,501.45840822,83.57640137000001,0.14358120000000002,0.3031908922,2015.238095,3.724,1.0,1.0,0
68.83333333,1.0,1.0,1.0,5000.0,1000.0,0.0118678,0.0162649347,746.6666667,3.724,1.0,1.0,0
81.75,1.0,1.0,1.0,5000.0,1000.0,0.0001,5.225259164e-05,940.8,3.724,1.0,1.0,0
49.25,1.0,1.0,1.0,5000.0,1000.0,0.0001,2.8867513460000002e-05,76.8,3.724,1.0,1.0,0
51.75,1.0,1.0,1.0,5000.0,1000.0,0.0001,3.233161507e-05,76.8,3.724,1.0,1.0,0
81.0,1.0,1.0,1.0,1608.7372308,268.1228718,0.0447556,0.08364509551,2525.952381,3.724,1.0,1.0,0
63.25,1.0,1.0,1.0,5000.0,1000.0,0.00029,0.000457790345,580.8,3.724,1.0,1.0,0
63.0,1.0,1.0,1.0,5000.0,1000.0,0.0001,3.551056181e-05,76.8,3.724,1.0,1.0,0
70.75,1.0,1.0,1.0,5000.0,1000.0,0.0001,6.385138996e-05,874.8,3.724,1.0,1.0,0
78.66666667,1.0,1.0,1.0,1212.7459602,202.12432669999998,0.0593694,0.1147523248,2525.952381,3.724,1.0,1.0,0
88.5,1.0,1.0,1.0,5000.0,1000.0,0.008058333333,0.01387430432,3121.2,3.724,1.0,1.0,0
78.66666667,1.0,1.0,1.0,1217.2319472,202.8719912,0.0591506,0.1145114998,2525.952381,3.724,1.0,1.0,0
68.5,1.0,1.0,1.0,5000.0,1000.0,0.008149666667,0.01407322111,529.2,3.724,1.0,1.0,0
78.66666667,1.0,1.0,1.0,2413.1921172,402.1986862,0.029836,0.05003471647,2525.952381,3.724,1.0,1.0,0
77.5,1.0,1.0,1.0,1231.8895134000002,205.3149189,0.0584468,0.09703980912,2525.952381,3.724,1.0,1.0,0
78.66666667,1.0,1.0,1.0,1075.3362666,179.2227111,0.06695580000000001,0.13212244029999998,2525.952381,3.724,1.0,1.0,0
49.25,1.0,1.0,1.0,5000.0,1000.0,0.007928,0.01368755,76.8,3.724,1.0,1.0,0
51.75,1.0,1.0,1.0,5000.0,1000.0,0.007983333333,0.01378252318,76.8,3.724,1.0,1.0,0
81.0,1.0,1.0,1.0,5000.0,1000.0,0.0001,7.092484285e-05,529.2,3.724,1.0,1.0,0
63.0,1.0,1.0,1.0,5000.0,1000.0,0.0001,6.016920586e-05,76.8,3.724,1.0,1.0,0
78.66666667,1.0,1.0,1.0,1212.8521902,202.14203170000002,0.0593642,0.1145990721,2525.952381,3.724,1.0,1.0,0
91.66666667,1.0,1.0,1.0,2292.8913996,382.14856660000004,0.0314014,0.054404762540000005,1234.285714,3.724,1.0,1.0,0
64.25,1.0,1.0,1.0,5000.0,1000.0,0.0001,6.439202849000001e-05,76.8,3.724,1.0,1.0,0
78.66666667,1.0,1.0,1.0,2760.2493426,460.0415571,0.0260846,0.04228244973,2525.952381,3.724,1.0,1.0,0
78.66666667,1.0,1.0,1.0,1140.4639788,190.0773298,0.0631322,0.1177533429,2525.952381,3.724,1.0,1.0,0
83.0,1.0,1.0,1.0,5000.0,1000.0,0.0001,7.996457549e-05,940.8,3.724,1.0,1.0,0
69.0,1.0,1.0,1.0,5000.0,1000.0,0.0001,5.424942396e-05,235.2,3.724,1.0,1.0,0
59.25,1.0,1.0,1.0,5000.0,1000.0,0.0001,5.8889727460000006e-05,76.8,3.724,1.0,1.0,0
80.5,1.0,1.0,1.0,5000.0,1000.0,0.0001,3.0022214e-05,76.8,3.724,1.0,1.0,0
81.25,1.0,1.0,1.0,5000.0,1000.0,0.007968333333,0.01379549602,1080.0,3.724,1.0,1.0,0
78.66666667,1.0,1.0,1.0,1215.2760197999999,202.5460033,0.0592458,0.114862074,2525.952381,3.724,1.0,1.0,0
78.66666667,1.0,1.0,1.0,4571.4285714,761.9047619,0.01575,0.021776030170000002,2525.952381,3.724,1.0,1.0,0
78.66666667,1.0,1.0,1.0,1167.7733484,194.62889140000001,0.061655800000000004,0.11825863959999999,2525.952381,3.724,1.0,1.0,0
77.75,1.0,1.0,1.0,5000.0,1000.0,0.0001,7.765951326e-05,235.2,3.724,1.0,1.0,0
55.5,1.0,1.0,1.0,5000.0,1000.0,0.0001,5.424942396e-05,76.8,3.724,1.0,1.0,0
59.25,1.0,1.0,1.0,5000.0,1000.0,0.0001,6.331139971000001e-05,76.8,3.724,1.0,1.0,0
77.75,1.0,1.0,1.0,4796.1630696,799.3605116000001,0.01668,0.02884558254,235.2,3.724,1.0,1.0,0
82.33333333,1.0,1.0,1.0,5000.0,969.1331104,0.012382200000000001,0.01692993676,2380.952381,3.724,1.0,1.0,0
51.75,1.0,1.0,1.0,5000.0,1000.0,0.0001,5.802585631e-05,76.8,3.724,1.0,1.0,0
51.75,1.0,1.0,1.0,5000.0,1000.0,0.0001,5.325410782e-05,76.8,3.724,1.0,1.0,0
71.75,1.0,1.0,1.0,5000.0,1000.0,0.0001,6.503332478999999e-05,76.8,3.724,1.0,1.0,0
61.5,1.0,1.0,1.0,5000.0,1000.0,0.0001,6.384616929e-05,235.2,3.724,1.0,1.0,0
82.25,1.0,1.0,1.0,5000.0,1000.0,0.0001,6.385138996e-05,1153.2,3.724,1.0,1.0,0
71.75,1.0,1.0,1.0,5000.0,1000.0,0.0001,8.58506455e-05,76.8,3.724,1.0,1.0,0
57.75,1.0,1.0,1.0,5000.0,1000.0,0.0001,5.749202843e-05,235.2,3.724,1.0,1.0,0
66.25,1.0,1.0,1.0,5000.0,1000.0,0.0001,6.547518614e-05,480.0,3.724,1.0,1.0,0
82.5,1.0,1.0,1.0,5000.0,1000.0,0.0001,0.0001056550993,1080.0,3.724,1.0,1.0,0
69.0,1.0,1.0,1.0,5000.0,1000.0,0.010031,0.01426687881,857.1428571,3.724,1.0,1.0,0
48.0,1.0,1.0,1.0,5000.0,1000.0,0.0001,5.530220008e-05,76.8,3.724,1.0,1.0,0
54.0,1.0,1.0,1.0,5000.0,1000.0,0.0001,5.688878038e-05,235.2,3.724,1.0,1.0,0
61.33333333,1.0,1.0,1.0,3001.5508014,500.25846690000003,0.023987599999999998,0.0368329395,619.2857143,3.724,1.0,1.0,0
70.5,1.0,1.0,1.0,5000.0,1000.0,0.0001,6.503332478999999e-05,76.8,3.724,1.0,1.0,0
83.25,1.0,1.0,1.0,5000.0,1000.0,0.0001,9.945853407e-05,1044.3,3.724,1.0,1.0,0
86.75,1.0,1.0,1.0,5000.0,1000.0,0.0001,6.483826031e-05,940.8,3.724,1.0,1.0,0
76.5,1.0,1.0,1.0,5000.0,1000.0,0.0001,6.340609855e-05,235.2,3.724,1.0,1.0,0
59.16666667,1.0,1.0,1.0,3312.4769963999997,552.0794994,0.021736,0.041090493459999995,720.2380952,3.724,1.0,1.0,0
59.0,1.0,1.0,1.0,5000.0,1000.0,0.0001,8.400595217e-05,235.2,3.724,1.0,1.0,0
47.83333333,1.0,1.0,1.0,5000.0,1000.0,0.010088799999999998,0.014282971229999998,186.6666667,3.724,1.0,1.0,0
62.83333333,1.0,1.0,1.0,2396.3734884,399.3955814,0.0300454,0.05176661015,1523.809524,3.724,1.0,1.0,0
66.75,1.0,1.0,1.0,5000.0,1000.0,0.0001,3.579571669e-05,76.8,3.724,1.0,1.0,0
71.125,1.0,1.0,1.0,5000.0,1000.0,0.004444428571,0.01151262112,466.9444444,3.724,1.0,1.0,0
97.83333333,1.0,1.0,1.0,2472.0860285999997,412.0143381,0.0291252,0.049631492969999996,6962.142857,3.724,1.0,1.0,0
53.0,1.0,1.0,1.0,5000.0,1000.0,0.0001,8.487048957000001e-05,76.8,3.724,1.0,1.0,0
61.66666667,1.0,1.0,1.0,5000.0,979.9118079,0.012246,0.01676533191,828.8095238,3.724,1.0,1.0,0
61.0,1.0,1.0,1.0,5000.0,1000.0,0.0001,9.670746266e-05,307.2,3.724,1.0,1.0,0
69.25,1.0,1.0,1.0,5000.0,1000.0,0.0001,9.208872533e-05,504.3,3.724,1.0,1.0,0
53.0,1.0,1.0,1.0,5000.0,1000.0,0.007902,0.01368146933,76.8,3.724,1.0,1.0,0
66.5,1.0,1.0,1.0,5000.0,979.1921665,0.012255,0.01677933305,746.6666667,3.724,1.0,1.0,0
58.5,1.0,1.0,1.0,5000.0,943.5000708,0.0127186,0.01742621913,243.8095238,3.724,1.0,1.0,0
45.125,1.0,1.0,1.0,5000.0,923.9155541,0.01236971429,0.03256457638,71.11111111,3.724,1.0,1.0,0
96.375,1.0,1.0,1.0,5000.0,1000.0,0.004354,0.009035212597,2102.5,3.724,1.0,1.0,0
62.125,1.0,1.0,1.0,5000.0,929.4220157,0.01229642857,0.03228245842,284.4444444,3.724,1.0,1.0,0
43.83333333,1.0,1.0,1.0,5000.0,1000.0,0.0100026,0.01428934216,60.95238095,3.724,1.0,1.0,0
70.5,1.0,1.0,1.0,5000.0,985.9664114,0.012170799999999999,0.02180640397,885.952381,3.724,1.0,1.0,0
61.75,1.0,1.0,1.0,5000.0,1000.0,0.0001,9.006664199e-05,76.8,3.724,1.0,1.0,0
99.25,1.0,1.0,1.0,5000.0,1000.0,0.008075666667,0.01394158378,3060.3,3.724,1.0,1.0,0
58.66666667,1.0,1.0,1.0,4692.5102322,782.0850387,0.0153436,0.0315728238,773.5714286,3.724,1.0,1.0,0
69.0,1.0,1.0,1.0,5000.0,1000.0,0.008003666667,0.01381687795,433.2,3.724,1.0,1.0,0
77.5,1.0,1.0,1.0,5000.0,846.5160573999999,0.01350071429,0.02296419395,1173.611111,3.724,1.0,1.0,0
68.0,1.0,1.0,1.0,5000.0,1000.0,0.0001,6.133786215e-05,76.8,3.724,1.0,1.0,0
77.66666667,1.0,1.0,1.0,5000.0,1000.0,0.009698,0.01396991022,1005.952381,3.724,1.0,1.0,0
82.5,1.0,1.0,1.0,5000.0,1000.0,0.0001,6.429878173999999e-05,1080.0,3.724,1.0,1.0,0
67.0,1.0,1.0,1.0,5000.0,1000.0,0.0001,8.863972022e-05,456.3,3.724,1.0,1.0,0
63.66666667,1.0,1.0,1.0,5000.0,984.5265248,0.0121886,0.0166678043,619.2857143,3.724,1.0,1.0,0
72.25,1.0,1.0,1.0,4733.9145528,788.9857588,0.01448514286,0.027133257539999997,1646.944444,3.724,1.0,1.0,0
81.75,1.0,1.0,1.0,5000.0,1000.0,0.0001,5.9405386960000004e-05,1116.3,3.724,1.0,1.0,0
83.83333333,1.0,1.0,1.0,5000.0,997.3735829,0.0120316,0.01646955958,1802.142857,3.724,1.0,1.0,0
86.75,1.0,1.0,1.0,5000.0,1000.0,0.008049666667,0.013890483120000002,2764.8,3.724,1.0,1.0,0
59.25,1.0,1.0,1.0,5000.0,1000.0,0.0001,5.682429058e-05,76.8,3.724,1.0,1.0,0
122.75,1.0,1.0,1.0,5000.0,1000.0,0.0001,0.0001172021046,4915.2,3.724,1.0,1.0,0
54.25,1.0,1.0,1.0,5000.0,1000.0,0.0001,5.955109851e-05,76.8,3.724,1.0,1.0,0
70.16666667,1.0,1.0,1.0,5000.0,1000.0,0.0096458,0.014013678560000001,1562.142857,3.724,1.0,1.0,0
114.0,1.0,1.0,1.0,5000.0,1000.0,0.0094124,0.013734860350000001,10400.2381,3.724,1.0,1.0,0
77.25,1.0,1.0,1.0,5000.0,1000.0,0.008138333333,0.01409081067,1778.7,3.724,1.0,1.0,0
53.5,1.0,1.0,1.0,5000.0,1000.0,0.0093346,0.01388912563,343.8095238,3.724,1.0,1.0,0
50.0,1.0,1.0,1.0,5000.0,1000.0,0.009579,0.01515845073,343.8095238,3.724,1.0,1.0,0
61.33333333,1.0,1.0,1.0,5000.0,1000.0,0.0119966,0.01641853172,619.2857143,3.724,1.0,1.0,0
54.125,1.0,1.0,1.0,5000.0,1000.0,0.004351571429,0.01135982994,71.11111111,3.724,1.0,1.0,0
60.5,1.0,1.0,1.0,5000.0,1000.0,0.0001,6.169548876e-05,76.8,3.724,1.0,1.0,0
62.66666667,1.0,1.0,1.0,1615.9439808,269.3239968,0.044556,0.08344468107000001,1133.571429,3.724,1.0,1.0,0
69.0,1.0,1.0,1.0,5000.0,1000.0,0.0001,7.960527621e-05,433.2,3.724,1.0,1.0,0
116.875,1.0,1.0,1.0,5000.0,1000.0,0.005317714286,0.01383399444,4551.111111,3.724,1.0,1.0,0
83.625,1.0,1.0,1.0,5000.0,1000.0,0.005377428571,0.01407981367,1210.0,3.724,1.0,1.0,0
89.25,1.0,1.0,1.0,5000.0,1000.0,0.0001,0.0001223982571,2764.8,3.724,1.0,1.0,0
64.25,1.0,1.0,1.0,5000.0,1000.0,0.0001,7.996457549e-05,76.8,3.724,1.0,1.0,0
76.625,1.0,1.0,1.0,5000.0,1000.0,0.004382857143,0.008889722970000001,1033.611111,3.724,1.0,1.0,0
72.25,1.0,1.0,1.0,5000.0,1000.0,0.0001,8.689265408e-05,1153.2,3.724,1.0,1.0,0
68.0,1.0,1.0,1.0,5000.0,1000.0,0.0001,8.42931393e-05,76.8,3.724,1.0,1.0,0
54.5,1.0,1.0,1.0,5000.0,878.4162156,0.01301042857,0.02361967339,217.7777778,3.724,1.0,1.0,0
88.5,1.0,1.0,1.0,5000.0,1000.0,0.0001,0.00010084807050000001,3121.2,3.724,1.0,1.0,0
88.0,1.0,1.0,1.0,5000.0,1000.0,0.008164333333,0.014135843989999999,2764.8,3.724,1.0,1.0,0
89.25,1.0,1.0,1.0,5000.0,1000.0,0.0001,0.0001010362971,2764.8,3.724,1.0,1.0,0
92.5,1.0,1.0,1.0,5000.0,1000.0,0.0001,8.804733575e-05,1267.5,3.724,1.0,1.0,0
83.25,1.0,1.0,1.0,5000.0,1000.0,0.0001,0.0001039230485,1228.8,3.724,1.0,1.0,0
174.0,1.0,1.0,1.0,5000.0,1000.0,0.0001,0.0001125833025,4915.2,3.724,1.0,1.0,0
101.25,1.0,1.0,1.0,3987.2408292,664.5401382,0.020064,0.0347449392,2167.5,3.724,1.0,1.0,0
88.5,1.0,1.0,1.0,5000.0,1000.0,0.0001203333333,0.0001024418534,3121.2,3.724,1.0,1.0,0
48.5,1.0,1.0,1.0,5000.0,1000.0,0.0044327142860000005,0.0115931274,71.11111111,3.724,1.0,1.0,0
118.8333333,1.0,1.0,1.0,2476.8142662,412.80237769999997,0.029069599999999998,0.04383737879,6962.142857,3.724,1.0,1.0,0
151.0,1.0,1.0,1.0,5000.0,1000.0,0.007981666667,0.01378050327,2017.2,3.724,1.0,1.0,0
98.75,1.0,1.0,1.0,5000.0,1000.0,0.007923666667,0.01371726505,1920.0,3.724,1.0,1.0,0
97.5,1.0,1.0,1.0,5000.0,967.788764,0.0123994,0.01697357295,3900.952381,3.724,1.0,1.0,0
122.75,1.0,1.0,1.0,5000.0,1000.0,0.0001,0.0001169144987,4915.2,3.724,1.0,1.0,0
84.75,1.0,1.0,1.0,4781.1622206,796.8603701000001,0.01673233333,0.02897605531,2017.2,3.724,1.0,1.0,0
46.75,1.0,1.0,1.0,5000.0,1000.0,0.0001,8.42931393e-05,76.8,3.724,1.0,1.0,0
67.0,1.0,1.0,1.0,5000.0,1000.0,0.010241799999999999,0.01454368126,694.2857143,3.724,1.0,1.0,0
46.75,1.0,1.0,1.0,5000.0,1000.0,0.0001,7.851963661000001e-05,76.8,3.724,1.0,1.0,0
52.75,1.0,1.0,1.0,5000.0,1000.0,0.0001,8.487048957000001e-05,235.2,3.724,1.0,1.0,0
107.75,1.0,1.0,1.0,5000.0,1000.0,0.008142666667,0.01409831622,4915.2,3.724,1.0,1.0,0
107.75,1.0,1.0,1.0,5000.0,1000.0,0.0001,0.00010680979979999999,4915.2,3.724,1.0,1.0,0
79.25,1.0,1.0,1.0,5000.0,1000.0,0.007895333333,0.013630969750000001,1116.3,3.724,1.0,1.0,0
111.5,1.0,1.0,1.0,5000.0,1000.0,0.00011066666669999999,0.00014750706199999998,4915.2,3.724,1.0,1.0,0
97.83333333,1.0,1.0,1.0,2830.7227776,471.78712959999996,0.0254352,0.041898105340000005,6962.142857,3.724,1.0,1.0,0
80.75,1.0,1.0,1.0,5000.0,1000.0,0.0001,7.987698876e-05,1228.8,3.724,1.0,1.0,0
80.0,1.0,1.0,1.0,5000.0,1000.0,0.00795,0.01372565507,1267.5,3.724,1.0,1.0,0
131.0,1.0,1.0,1.0,5000.0,1000.0,0.0001,0.00010509678080000001,9398.7,3.724,1.0,1.0,0
97.0,1.0,1.0,1.0,5000.0,1000.0,0.008108,0.013993250050000001,2940.3,3.724,1.0,1.0,0
65.33333333,1.0,1.0,1.0,4184.781345,697.4635575000001,0.0172052,0.024973590179999998,945.0,3.724,1.0,1.0,0
61.83333333,1.0,1.0,1.0,4459.8612486,743.3102081,0.016144,0.02315161985,186.6666667,3.724,1.0,1.0,0
109.0,1.0,1.0,1.0,5000.0,1000.0,0.0001,7.531932023e-05,4915.2,3.724,1.0,1.0,0
88.0,1.0,1.0,1.0,5000.0,1000.0,0.007885666667,0.01365317917,1116.3,3.724,1.0,1.0,0
81.83333333,1.0,1.0,1.0,5000.0,1000.0,0.0094972,0.0139947086,1562.142857,3.724,1.0,1.0,0
83.75,1.0,1.0,1.0,5000.0,1000.0,0.004328428571,0.01128284366,1137.777778,3.724,1.0,1.0,0
64.25,1.0,1.0,1.0,5000.0,1000.0,0.0001,5.741950888e-05,76.8,3.724,1.0,1.0,0
88.5,1.0,1.0,1.0,5000.0,1000.0,0.0001,6.223343152999999e-05,2270.7,3.724,1.0,1.0,0
63.0,1.0,1.0,1.0,5000.0,1000.0,0.0001,8.516063253000001e-05,76.8,3.724,1.0,1.0,0
83.0,1.0,1.0,1.0,5000.0,1000.0,0.008013333333,0.01387430432,940.8,3.724,1.0,1.0,0
109.0,1.0,1.0,1.0,5000.0,1000.0,0.0001,8.084759323999999e-05,4915.2,3.724,1.0,1.0,0
88.5,1.0,1.0,1.0,5000.0,1000.0,0.008016,0.013878923119999999,3121.2,3.724,1.0,1.0,0
88.5,1.0,1.0,1.0,5000.0,1000.0,0.0001,0.0001007488627,3121.2,3.724,1.0,1.0,0
93.0,1.0,1.0,1.0,5000.0,1000.0,0.008081333333,0.01395313077,3370.8,3.724,1.0,1.0,0
122.75,1.0,1.0,1.0,5000.0,1000.0,0.0001,8.306824504e-05,4915.2,3.724,1.0,1.0,0
59.25,1.0,1.0,1.0,5000.0,1000.0,0.0001,9.208872533e-05,76.8,3.724,1.0,1.0,0
88.0,1.0,1.0,1.0,5000.0,1000.0,0.007960333332999999,0.01378337166,2764.8,3.724,1.0,1.0,0
96.16666667,1.0,1.0,1.0,1622.8131468,270.4688578,0.0443674,0.08153437997,2880.952381,3.724,1.0,1.0,0
69.33333333,1.0,1.0,1.0,5000.0,986.452716,0.0121648,0.01669088536,2194.285714,3.724,1.0,1.0,0
59.25,1.0,1.0,1.0,5000.0,1000.0,0.0001,6.591914239000001e-05,76.8,3.724,1.0,1.0,0
109.0,1.0,1.0,1.0,5000.0,1000.0,0.0001,0.0001166247544,4915.2,3.724,1.0,1.0,0
109.0,1.0,1.0,1.0,5000.0,1000.0,0.008065,0.01396379361,4915.2,3.724,1.0,1.0,0
302.3076923,1.0,1.0,1.0,3864.657705,644.1096175,0.01681908333,0.03158719167,267188.3736,3.724,1.0,1.0,0
600.6666667,1.0,1.0,1.0,5000.0,962.7676359999999,0.010683485710000001,0.024292370320000003,770156.1967,3.724,1.0,1.0,0
267.5625,1.0,1.0,1.0,2753.8963332000003,458.9827222,0.023239799999999998,0.03584744855,223946.7794,3.724,1.0,1.0,0
240.2777778,1.0,1.0,1.0,1988.2692114,331.3782019,0.03195211765,0.03616917329,204343.2456,3.724,1.0,1.0,0
267.5625,1.0,1.0,1.0,2753.493495,458.9155825,0.023243200000000002,0.035994040760000005,223946.7794,3.724,1.0,1.0,0
240.2777778,1.0,1.0,1.0,1995.561723,332.5936205,0.03183535294,0.03678286989,204343.2456,3.724,1.0,1.0,0
254.3529412,1.0,1.0,1.0,1889.2632432,314.8772072,0.0337433125,0.037044804429999995,296800.6536,3.724,1.0,1.0,0
240.2777778,1.0,1.0,1.0,1992.1274076000002,332.0212346,0.03189023529,0.037138053229999995,204343.2456,3.724,1.0,1.0,0
240.2777778,1.0,1.0,1.0,1992.0649416,332.0108236,0.03189123529,0.03743442215,204343.2456,3.724,1.0,1.0,0
254.0588235,1.0,1.0,1.0,1652.5738836,275.4289806,0.0385761875,0.04314737556999999,213313.4673,3.724,1.0,1.0,0
254.3529412,1.0,1.0,1.0,1888.8189324,314.8031554,0.03375125,0.036995171470000004,463927.7124,3.724,1.0,1.0,0
240.2222222,1.0,1.0,1.0,2000.0111112,333.33518519999996,0.03176452941,0.037208043530000005,204346.7018,3.724,1.0,1.0,0
702.6666667,1.0,1.0,1.0,171.48445901999997,28.580743169999998,0.3748777857,1.342825,1102667.133,3.724,1.0,1.0,0
273.4,1.0,1.0,1.0,146.32904328,24.38817388,0.439323,1.201007117,238511.1625,3.724,1.0,1.0,0
273.8,1.0,1.0,1.0,146.28665945999998,24.38110991,0.4394502857,1.240110612,522521.6958,3.724,1.0,1.0,0
315.4615385,1.0,1.0,1.0,126.83029944,21.13838324,0.5124958333,1.2881651029999999,810368.0714,3.724,1.0,1.0,0
273.4,1.0,1.0,1.0,146.2801209,24.38002015,0.4394699286,1.198109224,238511.1625,3.724,1.0,1.0,0
827.375,1.0,1.0,1.0,296.86078992,49.47679832,0.2086347742,0.9094308024000001,1158015.343,3.724,1.0,1.0,0
1101.014403,1.0,1.0,1.0,886.6267272,147.7711212,0.06774191452,1.8678428870000001,1190579.678,3.724,1.0,1.0,0
1007.403509,1.0,1.0,1.0,58.062190199999996,9.677031699999999,1.042519637,7.747314302,1261879.109,3.724,1.0,1.0,0
267.875,1.0,1.0,1.0,1978.9570896,329.82618160000004,0.03234026667,0.0351172912,490216.9853,3.724,1.0,1.0,0
1056.836134,1.0,1.0,1.0,120.01114290000001,20.001857150000003,0.5020630844,5.397187578,1193756.084,3.724,1.0,1.0,0
787.0454545,1.0,1.0,1.0,250.8942384,41.8157064,0.2505324286,1.089664568,902136.4229,3.724,1.0,1.0,0
372.2,1.0,1.0,1.0,114.04168680000001,19.0069478,0.5845815555999999,1.688544609,333079.6545,3.724,1.0,1.0,0
2.0,1.0,1.0,1.0,60.75229566,10.125382609999999,1.1851403999999999,2.079454193,8.571428571,3.724,1.0,1.0,0
2.0,1.0,1.0,1.0,60.75254172,10.12542362,1.1851356000000002,2.079456079,8.571428571,3.724,1.0,1.0,0
2.0,1.0,1.0,1.0,60.708058320000006,10.11800972,1.186004,2.079335725,8.571428571,3.724,1.0,1.0,0
9.0,1.0,1.0,1.0,5000.0,1000.0,0.008171,0.0,0.0,3.724,1.0,1.0,0
9.0,1.0,1.0,1.0,5000.0,1000.0,0.0001,0.0,0.0,3.724,1.0,1.0,0
9.0,1.0,1.0,1.0,5000.0,1000.0,0.0001,0.0,0.0,3.724,1.0,1.0,0
9.0,1.0,1.0,1.0,5000.0,1000.0,0.00025,0.0,0.0,3.724,1.0,1.0,0
492.2352941,1.0,1.0,1.0,5000.0,1000.0,0.0096413125,0.013083185229999999,667850.8105,3.724,1.0,1.0,0
543.3125,1.0,1.0,1.0,5000.0,1000.0,0.006723333333,0.008977440971,690757.7426,3.724,1.0,1.0,0
9.0,1.0,1.0,1.0,4887.3864702,814.5644117,0.024553,0.0,0.0,3.724,1.0,1.0,0
511.3529412,1.0,1.0,1.0,5000.0,1000.0,0.0064214375,0.009861496391,413875.232,3.724,1.0,1.0,0
9.0,1.0,1.0,1.0,5000.0,1000.0,0.015622,0.0,0.0,3.724,1.0,1.0,0
9.0,1.0,1.0,1.0,3321.5234718,553.5872453000001,0.036128,0.0,0.0,3.724,1.0,1.0,0
400.8235294,1.0,1.0,1.0,173.55970962,28.92661827,0.36730875,1.4236666640000002,370462.6144,3.724,1.0,1.0,0
405.5,1.0,1.0,1.0,160.65157602000002,26.775262670000004,0.3983776667,1.468661089,652100.4926,3.724,1.0,1.0,0
9.0,1.0,1.0,1.0,5000.0,1000.0,0.0001,0.0,0.0,3.724,1.0,1.0,0
320.0,1.0,1.0,1.0,106.17956202,17.69659367,0.5983205294,2.4229185540000002,257191.6959,3.724,1.0,1.0,0
9.0,1.0,1.0,1.0,3037.6670718,506.27784529999997,0.039504,0.0,0.0,3.724,1.0,1.0,0
3.0,1.0,2.0,1.0,354.28223892,59.04703982,0.2032278,0.277642026,10.28571429,3.724,1.0,1.0,0
406.5428571,1.0,1.0,1.0,35.4894333,5.91490555,1.715146159,9.867396328,340130.866,3.724,1.0,1.0,0
276.5833333,1.0,1.0,1.0,120.45070644,20.075117740000003,0.5434135455,1.713354345,628272.7308,3.724,1.0,1.0,0
140.2857143,1.0,1.0,1.0,21.86668458,3.64444743,2.8108245849999998,4.4250876109999995,109388.7375,3.724,1.0,1.0,0
201.9166667,1.0,1.0,1.0,30.191814899999997,5.03196915,2.167956636,4.01519533,298479.2564,3.724,1.0,1.0,0
173.5,1.0,1.0,1.0,22.23670548,3.70611758,2.905798462,4.526046954,260004.3524,3.724,1.0,1.0,0
3.0,1.0,1.0,1.0,43.690770539999995,7.281795089999999,1.831050333,3.1163077450000003,10.8,3.724,1.0,1.0,0
3.0,1.0,1.0,1.0,41.90836734,6.98472789,1.9089266669999998,3.251091545,10.8,3.724,1.0,1.0,0
186.1666667,1.0,1.0,1.0,28.496138820000002,4.74935647,2.296961909,4.085925391,245263.641,3.724,1.0,1.0,0
184.5,1.0,1.0,1.0,26.9563617,4.49272695,2.428166909,4.204738678999999,242863.7308,3.724,1.0,1.0,0
170.3076923,1.0,1.0,1.0,29.202845460000002,4.86714091,2.2258105,4.0701878339999995,157296.7473,3.724,1.0,1.0,0
184.5,1.0,1.0,1.0,26.85709644,4.47618274,2.437141545,4.2146126509999995,242863.7308,3.724,1.0,1.0,0
158.5714286,1.0,1.0,1.0,26.88479196,4.48079866,2.4034176919999997,4.337737478,211635.8571,3.724,1.0,1.0,0
158.5714286,1.0,1.0,1.0,21.65119542,3.60853257,2.984379538,4.619786588999999,211635.8571,3.724,1.0,1.0,0
3.0,1.0,1.0,1.0,41.42595738,6.90432623,1.9311563330000001,3.2896111439999998,10.8,3.724,1.0,1.0,0
3.0,1.0,1.0,1.0,41.85229176,6.97538196,1.9114843330000002,3.255999719,10.8,3.724,1.0,1.0,0
185.6666667,1.0,1.0,1.0,27.673445039999997,4.61224084,2.365247455,4.117391431,243664.2564,3.724,1.0,1.0,0
185.6666667,1.0,1.0,1.0,24.6141762,4.1023627000000005,2.659221455,4.474180566999999,243664.2564,3.724,1.0,1.0,0
9.0,1.0,1.0,1.0,5000.0,1000.0,0.0001,0.0,0.0,3.724,1.0,1.0,0
9.0,1.0,1.0,1.0,5000.0,1000.0,0.0001,0.0,0.0,3.724,1.0,1.0,0
9.0,1.0,1.0,1.0,5000.0,1000.0,0.0001,0.0,0.0,3.724,1.0,1.0,0
9.0,1.0,1.0,1.0,5000.0,1000.0,0.0001,0.0,0.0,3.724,1.0,1.0,0
9.0,1.0,1.0,1.0,5000.0,1000.0,0.000234,0.0,0.0,3.724,1.0,1.0,0
9.0,1.0,1.0,1.0,5000.0,1000.0,0.0001,0.0,0.0,3.724,1.0,1.0,0
9.0,1.0,1.0,1.0,5000.0,1000.0,0.000108,0.0,0.0,3.724,1.0,1.0,0
9.0,1.0,1.0,1.0,5000.0,1000.0,0.000109,0.0,0.0,3.724,1.0,1.0,0
9.0,1.0,1.0,1.0,5000.0,1000.0,0.000113,0.0,0.0,3.724,1.0,1.0,0
9.0,1.0,1.0,1.0,5000.0,1000.0,0.0001,0.0,0.0,3.724,1.0,1.0,0
275.1176471,1.0,1.0,1.0,5000.0,1000.0,0.0063564375,0.009672532202000001,728036.5,3.724,1.0,1.0,0
259.8333333,1.0,1.0,1.0,5000.0,1000.0,0.006004058824,0.01081140322,426376.6959,3.724,1.0,1.0,0
246.4736842,1.0,1.0,1.0,5000.0,1000.0,0.0056415,0.008622718393999999,322961.7132,3.724,1.0,1.0,0
9.0,1.0,1.0,1.0,1333.8520536,222.30867560000002,0.089965,0.0,0.0,3.724,1.0,1.0,0
9.0,1.0,1.0,1.0,770.7624126,128.4604021,0.15569,0.0,0.0,3.724,1.0,1.0,0
8.0,1.0,1.0,1.0,1155.980271,192.6633785,0.077856,0.11003147199999999,0.0,3.724,1.0,1.0,0
179.1851852,1.0,1.0,1.0,13.80734988,2.30122498,4.512646730999999,15.9,148897.2857,3.724,1.0,1.0,0
406.3846154,1.0,1.0,1.0,133.30619357999998,22.217698929999997,0.48759925,1.576903105,739773.3242,3.724,1.0,1.0,0
451.7777778,1.0,1.0,1.0,102.59024214,17.09837369,0.6192539412,2.417223193,395064.2222,3.724,1.0,1.0,0
406.0769231,1.0,1.0,1.0,148.31122008,24.71853668,0.4382675833,1.3957529,412125.1484,3.724,1.0,1.0,0
377.5,1.0,1.0,1.0,159.70762854,26.617938090000003,0.40458546149999997,1.344364347,391867.2381,3.724,1.0,1.0,0
406.2,1.0,1.0,1.0,87.3188655,14.55314425,0.7362179286,2.6667947740000004,357514.8292,3.724,1.0,1.0,0
362.4736842,1.0,1.0,1.0,106.44089742,17.74014957,0.5950093889,2.3366425690000003,295692.45,3.724,1.0,1.0,0
66.25,1.0,1.0,1.0,5000.0,1000.0,0.0001,5.0332229570000005e-06,8420.0,3.724,1.0,1.0,0
9.0,1.0,1.0,1.0,5000.0,1000.0,0.000129,0.0,0.0,3.724,1.0,1.0,0
9.0,1.0,1.0,1.0,5000.0,1000.0,0.000136,0.0,0.0,3.724,1.0,1.0,0
9.0,1.0,1.0,1.0,5000.0,1000.0,0.000129,0.0,0.0,3.724,1.0,1.0,0
406.3846154,1.0,1.0,1.0,148.30746954,24.71791159,0.4382786667,1.399946132,739773.3242,3.724,1.0,1.0,0
399.9411765,1.0,1.0,1.0,96.92472114,16.15412019,0.6577269375,2.462740927,601128.2124,3.724,1.0,1.0,0
9.0,1.0,1.0,1.0,5000.0,1000.0,0.000112,0.0,0.0,3.724,1.0,1.0,0
386.5714286,1.0,1.0,1.0,3998.1342042,666.3557006999999,0.01750816667,0.01890823402,628761.9286,3.724,1.0,1.0,0
9.0,1.0,1.0,1.0,1611.300588,268.550098,0.074474,0.0,0.0,3.724,1.0,1.0,0
3.0,1.0,1.0,1.0,41.17470756,6.86245126,1.9429403330000001,3.336922876,10.8,3.724,1.0,1.0,0
288.5714286,1.0,1.0,1.0,138.93540744,23.15590124,0.465075,1.6292789779999999,252698.2381,3.724,1.0,1.0,0
288.5714286,1.0,1.0,1.0,138.93719987999998,23.156199979999997,0.465069,1.6277471229999998,252698.2381,3.724,1.0,1.0,0
288.5714286,1.0,1.0,1.0,138.9264459,23.15440765,0.465105,1.6308581850000001,252698.2381,3.724,1.0,1.0,0
455.559322,1.0,1.0,1.0,30.691896780000004,5.11531613,1.988618793,3.964976473,554721.4565,3.724,1.0,1.0,0
327.8928571,1.0,1.0,1.0,3758.229516,626.371586,0.016556259259999997,0.033597944340000005,288936.1084,3.724,1.0,1.0,0
269.32,1.0,1.0,1.0,12.812994960000001,2.13549916,4.877860332999999,16.4,399668.7585,3.724,1.0,1.0,0
186.325,1.0,1.0,1.0,20.522859,3.4204765,2.99853259,4.527802201,218628.6756,3.724,1.0,1.0,0
233.6666667,1.0,1.0,1.0,21.547744559999998,3.5912907599999997,2.852429146,4.4600672889999995,273283.4684,3.724,1.0,1.0,0
769.3396226,1.0,1.0,1.0,5000.0,1000.0,0.003568153846,0.00715770728,973865.8215,3.724,1.0,1.0,0
263.04,1.0,1.0,1.0,12.81808866,2.13634811,4.875921957999999,16.5,413344.1538,3.724,1.0,1.0,0
173.4230769,1.0,1.0,1.0,25.67549046,4.27924841,2.43033332,4.3249155429999995,169052.3846,3.724,1.0,1.0,0
326.1875,1.0,1.0,1.0,166.86577577999998,27.81096263,0.3835418,1.36271246,285482.875,3.724,1.0,1.0,0
319.2285714,1.0,1.0,1.0,34.13273388,5.68878898,1.809544647,3.843755654,509689.4373,3.724,1.0,1.0,0
392.6,1.0,1.0,1.0,19.827730380000002,3.30462173,3.185331526,13.8,223698.5905,3.724,1.0,1.0,0
612.2083333,1.0,1.0,1.0,139.4455278,23.2409213,0.4489831739,2.031357228,845364.6267,3.724,1.0,1.0,0
375.3571429,1.0,1.0,1.0,166.87913958000001,27.81318993,0.3871986923,1.3289017749999998,689927.8095,3.724,1.0,1.0,0
466.0833333,1.0,1.0,1.0,5000.0,1000.0,0.009987545455,0.013304319050000001,738216.859,3.724,1.0,1.0,0
9.0,1.0,1.0,1.0,1420.3368564,236.72280940000002,0.084487,0.0,0.0,3.724,1.0,1.0,0
373.9333333,1.0,1.0,1.0,3714.8329152,619.1388192000001,0.01730514286,0.024962904480000003,537177.5958,3.724,1.0,1.0,0
9.0,1.0,1.0,1.0,430.93232208,71.82205368,0.278466,0.0,0.0,3.724,1.0,1.0,0
261.0,1.0,1.0,1.0,137.12045982,22.85340997,0.47403575,1.553179812,235500.4011,3.724,1.0,1.0,0
282.75,1.0,1.0,1.0,126.11643701999999,21.01940617,0.5190009091,1.652465789,559617.5,3.724,1.0,1.0,0
285.4615385,1.0,1.0,1.0,141.44643486,23.574405810000002,0.4595379167,1.43193724,240602.3791,3.724,1.0,1.0,0
285.3714286,1.0,1.0,1.0,33.7604985,5.62674975,1.829496265,3.832206262,297822.8825,3.724,1.0,1.0,0
1013.180328,1.0,1.0,1.0,5000.0,1000.0,0.0072111499999999995,0.025429458600000003,1292014.531,3.724,1.0,1.0,0
1029.933333,1.0,1.0,1.0,5000.0,1000.0,0.007371186441,0.0259075766,1204108.014,3.724,1.0,1.0,0
1029.966667,1.0,1.0,1.0,5000.0,1000.0,0.007433847458,0.0232245589,1204161.81,3.724,1.0,1.0,0
610.2666667,1.0,1.0,1.0,1655.8119000000002,275.96865,0.038824285709999996,0.08529144898,1294672.783,3.724,1.0,1.0,0
9.0,1.0,1.0,1.0,5000.0,1000.0,0.015006,0.0,0.0,3.724,1.0,1.0,0
610.3333333,1.0,1.0,1.0,1336.0410431999999,222.6735072,0.048116571430000005,0.122104692,1295173.363,3.724,1.0,1.0,0
9.0,1.0,1.0,1.0,4921.8653868,820.3108978,0.024381,0.0,0.0,3.724,1.0,1.0,0
9.0,1.0,1.0,1.0,5000.0,840.0890493999999,0.023807,0.0,0.0,3.724,1.0,1.0,0
9.0,1.0,1.0,1.0,4965.0378582,827.5063097,0.024169,0.0,0.0,3.724,1.0,1.0,0
9.0,1.0,1.0,1.0,5000.0,1000.0,0.015315,0.0,0.0,3.724,1.0,1.0,0
340.0,1.0,1.0,1.0,5000.0,1000.0,0.01009866667,0.01038150208,298452.8909,3.724,1.0,1.0,0
728.2307692,1.0,1.0,1.0,5000.0,999.5079346,0.01083866667,0.009290606501,1429298.335,3.724,1.0,1.0,0
9.0,1.0,1.0,1.0,5000.0,1000.0,0.015378,0.0,0.0,3.724,1.0,1.0,0
77.15151515,1.0,1.0,1.0,16.903810500000002,2.8173017500000004,3.660417281,4.753177225,43795.13725,3.724,1.0,1.0,0
107.7428571,1.0,1.0,1.0,18.17145888,3.02857648,3.3989954410000003,4.6751805520000005,58815.27857,3.724,1.0,1.0,0
107.7428571,1.0,1.0,1.0,18.171464399999998,3.0285773999999996,3.398994412,4.674418751,58815.27857,3.724,1.0,1.0,0
3.0,1.0,1.0,1.0,39.91111128,6.651851880000001,2.004454333,3.4513544,10.8,3.724,1.0,1.0,0
43.83333333,1.0,1.0,1.0,15.3735534,2.5622589000000002,4.037385759,4.843363951000001,25413.85161,3.724,1.0,1.0,0
77.15151515,1.0,1.0,1.0,16.91091552,2.81848592,3.658879375,4.754686248,43795.13725,3.724,1.0,1.0,0
378.1052632,1.0,1.0,1.0,56.51956392,9.41992732,1.120555944,3.2105904720000003,357882.4842,3.724,1.0,1.0,0
359.4285714,1.0,1.0,1.0,156.55971216,26.09328536,0.4127203846,1.450694564,339219.2667,3.724,1.0,1.0,0
236.2142857,1.0,1.0,1.0,159.73043586,26.62173931,0.4045276923,1.3567750109999999,204142.2667,3.724,1.0,1.0,0
254.3846154,1.0,1.0,1.0,148.32354462,24.72059077,0.4382311667,1.398717607,477614.9505,3.724,1.0,1.0,0
254.3846154,1.0,1.0,1.0,148.32134466000002,24.720224110000004,0.43823766670000003,1.411622294,477614.9505,3.724,1.0,1.0,0
268.483871,1.0,1.0,1.0,30.69279528,5.1154658799999995,2.020018033,4.019725437,315321.3135,3.724,1.0,1.0,0
277.9666667,1.0,1.0,1.0,29.70004146,4.95000691,2.089861241,4.070996963,438215.2667,3.724,1.0,1.0,0
260.59375,1.0,1.0,1.0,31.682319300000003,5.28038655,1.954891097,3.9682548339999997,254822.7803,3.724,1.0,1.0,0
50.5,1.0,1.0,1.0,5000.0,1000.0,0.007959333333,0.01377904152,76.8,3.724,1.0,1.0,0
75.0,1.0,1.0,1.0,5000.0,1000.0,0.0001,9.103296106e-05,1470.0,3.724,1.0,1.0,0
3.0,1.0,2.0,1.0,349.63269144,58.27211524,0.20593039999999999,0.2810472118,10.28571429,3.724,1.0,1.0,0
152.6666667,1.0,1.0,1.0,1319.910855,219.9851425,0.04665386842,0.130755453,209173.4128,3.724,1.0,1.0,0
18.33333333,1.0,1.0,1.0,5000.0,1000.0,0.0001,4.5254834000000006e-05,240.25,3.724,1.0,1.0,0
3.0,1.0,1.0,1.0,40.57959156,6.76326526,1.9714343330000001,3.400817815,10.8,3.724,1.0,1.0,0
3.0,1.0,1.0,1.0,40.57935138,6.76322523,1.971446,3.4008389610000003,10.8,3.724,1.0,1.0,0
149.8888889,1.0,1.0,1.0,23.44367124,3.90727854,2.709874706,4.448997899,136011.2222,3.724,1.0,1.0,0
149.8888889,1.0,1.0,1.0,23.43979614,3.90663269,2.710322706,4.448628756,136011.2222,3.724,1.0,1.0,0
9.0,1.0,1.0,1.0,5000.0,1000.0,0.015231,0.0,0.0,3.724,1.0,1.0,0
9.0,1.0,1.0,1.0,5000.0,1000.0,0.015229,0.0,0.0,3.724,1.0,1.0,0
329.4545455,1.0,1.0,1.0,120.81445416000001,20.135742360000002,0.5202783333,2.1820245980000004,304893.664,3.724,1.0,1.0,0
0.0,1.0,1.0,1.0,5000.0,1000.0,0.000191,0.0,0.0,3.724,1.0,1.0,0
146.7234043,1.0,1.0,1.0,24.1666383,4.0277730499999995,2.5367346090000003,4.355948301,122345.0355,3.724,1.0,1.0,0
286.0,1.0,1.0,1.0,167.34540726,27.890901210000003,0.38414985710000005,1.3553879240000002,252625.9833,3.724,1.0,1.0,0
253.375,1.0,1.0,1.0,20.721170100000002,3.45352835,2.969835256,4.602763376,489761.211,3.724,1.0,1.0,0
302.2352941,1.0,1.0,1.0,197.3419968,32.890332799999996,0.32304325,1.242107598,263735.5556,3.724,1.0,1.0,0
311.5714286,1.0,1.0,1.0,25.31293854,4.21882309,2.419711167,4.306220103,462328.678,3.724,1.0,1.0,0
9.0,1.0,1.0,1.0,5000.0,1000.0,0.0001,0.0,0.0,3.724,1.0,1.0,0
0.0,1.0,1.0,1.0,55.15603182,9.192671970000001,1.6317345,2.27412824,0.0,3.724,1.0,1.0,0
161.7209302,1.0,1.0,1.0,22.12234884,3.6870581400000004,2.776765333,4.5003304900000005,148373.7188,3.724,1.0,1.0,0
325.3529412,1.0,1.0,1.0,169.88778912,28.31463152,0.3752476875,1.4505087479999998,279756.2124,3.724,1.0,1.0,0
219.2285714,1.0,1.0,1.0,17.81395218,2.96899203,3.467209588,13.9,332213.0373,3.724,1.0,1.0,0
0.0,1.0,1.0,1.0,13.49605308,2.2493421799999997,5.00146225,5.30154834,0.0,3.724,1.0,1.0,0
0.0,1.0,1.0,1.0,2381.1886098,396.8647683,0.050395,0.0,0.0,3.724,1.0,1.0,0
320.0,1.0,1.0,1.0,963.2755037999999,160.54591729999999,0.06540185,0.12493950229999999,508720.4502,3.724,1.0,1.0,0
274.1071429,1.0,1.0,1.0,33.38029224,5.5633820400000005,1.8640406669999998,9.393241682,396985.8768,3.724,1.0,1.0,0
23.66666667,1.0,1.0,1.0,59.83598958,9.97266493,1.5041115,2.127067,552.25,3.724,1.0,1.0,0
19.25,1.0,1.0,1.0,71.98292568,11.99715428,1.111374667,1.844629895,441.8,3.724,1.0,1.0,0
56.0,1.0,1.0,1.0,5000.0,1000.0,0.0001,0.0,736.3333333,3.724,1.0,1.0,0
84.53333333,1.0,1.0,1.0,15.545506620000001,2.5909177700000003,3.992727103,4.912237493,90575.56129,3.724,1.0,1.0,0
9.0,1.0,1.0,1.0,5000.0,1000.0,0.0001,0.0,0.0,3.724,1.0,1.0,0
9.0,1.0,1.0,1.0,5000.0,1000.0,0.0001,0.0,0.0,3.724,1.0,1.0,0
202.5853659,1.0,1.0,1.0,21.12581292,3.52096882,2.911130575,4.575386664,261305.4541,3.724,1.0,1.0,0
0.0,1.0,1.0,1.0,45.750502680000004,7.625083780000001,1.7486146669999998,3.015556749,0.0,3.724,1.0,1.0,0
0.0,1.0,1.0,1.0,45.859814220000004,7.643302370000001,1.7444466669999998,3.008194176,0.0,3.724,1.0,1.0,0
298.2333333,1.0,1.0,1.0,15.283986780000001,2.54733113,4.061045483,15.0,252599.1118,3.724,1.0,1.0,0
113.1904762,1.0,1.0,1.0,21.604696920000002,3.60078282,2.844909829,4.531664216,100756.1096,3.724,1.0,1.0,0
150.2692308,1.0,1.0,1.0,18.32485308,3.0541421800000004,3.40521148,4.780002743,173262.2934,3.724,1.0,1.0,0
137.3461538,1.0,1.0,1.0,18.3244518,3.0540753,3.40528604,4.786799815999999,160142.8917,3.724,1.0,1.0,0
110.75,1.0,1.0,1.0,16.5517872,2.7586312,3.7419212259999997,4.8972317599999995,131238.0587,3.724,1.0,1.0,0
108.3030303,1.0,1.0,1.0,17.06947716,2.84491286,3.624891344,4.857201295,128094.3494,3.724,1.0,1.0,0
111.53125,1.0,1.0,1.0,16.5523323,2.75872205,3.741798,4.896329291,131801.5076,3.724,1.0,1.0,0
199.7567568,1.0,1.0,1.0,19.138214819999998,3.18970247,3.222174444,4.712733667999999,223961.0135,3.724,1.0,1.0,0
163.5625,1.0,1.0,1.0,16.42231668,2.73705278,3.7714218390000003,14.5,128484.7462,3.724,1.0,1.0,0
489.7727273,1.0,1.0,1.0,1438.7767782,239.79612970000002,0.04368790476,0.06739655452,1087090.897,3.724,1.0,1.0,0
23.0,1.0,1.0,1.0,2761.6998264,460.28330439999996,0.02896766667,0.05012238143,288.3,3.724,1.0,1.0,0
183.0344828,1.0,1.0,1.0,26.53460892,4.42243482,2.341954893,4.1936700049999995,184143.7885,3.724,1.0,1.0,0
418.15,1.0,1.0,1.0,78.67685976,13.11280996,0.8027505789,2.4889459840000003,570524.2905,3.724,1.0,1.0,0
125.3152174,1.0,1.0,1.0,57.583628819999994,9.597271469999999,1.053412956,7.074526167999999,59424.98808,3.724,1.0,1.0,0
169.7291667,1.0,1.0,1.0,24.37058106,4.06176351,2.514367447,11.9,112642.9906,3.724,1.0,1.0,0
131.2222222,1.0,1.0,1.0,18.95540454,3.15923409,3.255762,4.648481673,66106.22523,3.724,1.0,1.0,0
735.9666667,1.0,1.0,1.0,76.35602057999999,12.726003429999999,0.7910664295,6.752374661999999,632173.6447,3.724,1.0,1.0,0
235.2105263,1.0,1.0,1.0,1584.5261292,264.0876882,0.03996988889,0.10435572280000001,195703.4184,3.724,1.0,1.0,0
167.7857143,1.0,1.0,1.0,14.32419642,2.3873660699999997,4.343854296,15.5,285275.9286,3.724,1.0,1.0,0
204.8636364,1.0,1.0,1.0,1913.609241,318.9348735,0.03284742857,0.08358314307999999,174328.6798,3.724,1.0,1.0,0
84.86956522,1.0,1.0,1.0,11.680724940000001,1.9467874900000002,5.370152364,17.1,12592.23188,3.724,1.0,1.0,0
198.2115385,1.0,1.0,1.0,46.57516326,7.76252721,1.3134998629999999,8.223972848,150134.1386,3.724,1.0,1.0,0
182.1851852,1.0,1.0,1.0,13.789628279999999,2.29827138,4.518446115000001,15.9,305442.004,3.724,1.0,1.0,0
41.2,1.0,1.0,1.0,5000.0,886.7763904999999,0.014096,0.01777161625,7072.666667,3.724,1.0,1.0,0
177.5882353,1.0,1.0,1.0,25.62801858,4.27133643,2.38801138,11.5,115226.1067,3.724,1.0,1.0,0
213.4634146,1.0,1.0,1.0,21.07141698,3.51190283,2.9186456749999996,12.8,136622.9733,3.724,1.0,1.0,0
171.3157895,1.0,1.0,1.0,19.4007069,3.23345115,3.176256514,13.4,222625.9676,3.724,1.0,1.0,0
0.0,1.0,1.0,1.0,44.784157140000005,7.46402619,1.786346,3.062173747,0.0,3.724,1.0,1.0,0
78.73333333,1.0,1.0,1.0,16.354092719999997,2.7256821199999997,3.795316966,4.919889252999999,43717.09462,3.724,1.0,1.0,0
0.0,1.0,1.0,1.0,13.11583338,2.18597223,4.782560955,5.097481387,0.0,3.724,1.0,1.0,0
628.4848485,1.0,1.0,1.0,33.97145832,5.661909720000001,1.793360662,10.1,456418.5192,3.724,1.0,1.0,0
194.0,1.0,1.0,1.0,12.21129636,2.0352160599999998,5.1271129570000005,16.9,160916.94,3.724,1.0,1.0,0
275.3709677,1.0,1.0,1.0,31.433304720000002,5.23888412,1.9400952949999999,10.5,384853.1935,3.724,1.0,1.0,0
34.11111111,1.0,1.0,1.0,8.51171016,1.41861836,7.93025125,20.5,470.2333333,3.724,1.0,1.0,0
215.3636364,1.0,1.0,1.0,4263.923973,710.6539955,0.01474161905,0.020577562549999998,187216.1818,3.724,1.0,1.0,0
201.8333333,1.0,1.0,1.0,15.38111796,2.56351966,4.035400138,15.0,144782.3591,3.724,1.0,1.0,0
0.0,1.0,1.0,1.0,97.7327097,16.28878495,0.920879,1.242091044,0.0,3.724,1.0,1.0,0
0.0,1.0,1.0,1.0,2849.0028492,474.8338082,0.04212,0.0,0.0,3.724,1.0,1.0,0
0.0,1.0,1.0,1.0,2805.2458098,467.54096830000003,0.042777,0.0,0.0,3.724,1.0,1.0,0
0.0,1.0,1.0,1.0,2870.813397,478.46889949999996,0.0418,0.0,0.0,3.724,1.0,1.0,0
0.0,1.0,1.0,1.0,2841.0436098,473.50726829999996,0.042238,0.0,0.0,3.724,1.0,1.0,0
0.0,1.0,1.0,1.0,65.42031276,10.903385459999999,1.3757195,1.885885605,0.0,3.724,1.0,1.0,0
31.0,1.0,1.0,1.0,5000.0,1000.0,0.0001,0.0,320.3333333,3.724,1.0,1.0,0
221.0,1.0,1.0,1.0,27.28630752,4.54771792,2.368051615,4.342416213000001,142666.0667,3.724,1.0,1.0,0
164.5714286,1.0,1.0,1.0,27.7246041,4.62076735,2.3306152310000003,4.360607502000001,82920.82857,3.724,1.0,1.0,0
164.3571429,1.0,1.0,1.0,27.70962348,4.61827058,2.331875231,4.359109514,82636.54286,3.724,1.0,1.0,0
248.4285714,1.0,1.0,1.0,79.4572014,13.242866900000001,0.8132099231000001,2.7687028679999997,111486.981,3.724,1.0,1.0,0
228.2727273,1.0,1.0,1.0,43.81729938,7.30288323,1.434528,3.574883421,192264.419,3.724,1.0,1.0,0
9.0,1.0,1.0,1.0,3367.2868086000003,561.2144681,0.035637,0.0,0.0,3.724,1.0,1.0,0
9.0,1.0,1.0,1.0,3310.3448274,551.7241379,0.03625,0.0,0.0,3.724,1.0,1.0,0
9.0,1.0,1.0,1.0,3340.8502464,556.8083743999999,0.035919,0.0,0.0,3.724,1.0,1.0,0
9.0,1.0,1.0,1.0,3307.6986684,551.2831114,0.036279,0.0,0.0,3.724,1.0,1.0,0
225.8636364,1.0,1.0,1.0,42.72580542,7.1209675699999995,1.471175143,3.559151554,241013.3162,3.724,1.0,1.0,0
485.9652778,1.0,1.0,1.0,73.59175092,12.26529182,0.8210102308,1.3419219820000001,230187.8776,3.724,1.0,1.0,0
333.0,1.0,1.0,1.0,148.24602714,24.70767119,0.4336420714,1.5141732749999999,323752.6958,3.724,1.0,1.0,0
448.59375,1.0,1.0,1.0,47.32604868,7.88767478,1.308697548,3.367007766,543025.125,3.724,1.0,1.0,0
333.2,1.0,1.0,1.0,149.88498828000002,24.98083138,0.4289002857,1.504843006,323705.9833,3.724,1.0,1.0,0
217.5238095,1.0,1.0,1.0,21.72668742,3.6211145700000005,2.828936293,4.493390329,442528.0166,3.724,1.0,1.0,0
0.0,1.0,1.0,1.0,5000.0,1000.0,0.000502,0.0,0.0,3.724,1.0,1.0,0
185.2857143,1.0,1.0,1.0,5000.0,1000.0,0.007913,0.0119240396,102778.4107,3.724,1.0,1.0,0
185.2857143,1.0,1.0,1.0,5000.0,1000.0,0.007879333333,0.011913082870000001,102778.4107,3.724,1.0,1.0,0
0.0,1.0,1.0,1.0,5000.0,1000.0,0.013134,0.0,0.0,3.724,1.0,1.0,0
0.0,1.0,1.0,1.0,3034.2107262,505.70178769999995,0.039549,0.0,0.0,3.724,1.0,1.0,0
0.0,1.0,1.0,1.0,100.58931366,16.76488561,0.7157818,0.9849233159999999,0.0,3.724,1.0,1.0,0
0.0,1.0,1.0,1.0,5000.0,859.8452279,0.02326,0.0,0.0,3.724,1.0,1.0,0
185.4285714,1.0,1.0,1.0,1426.3688046,237.7281341,0.04907566667,0.09774902664,102977.6429,3.724,1.0,1.0,0
185.5714286,1.0,1.0,1.0,3174.9871488,529.1645248,0.022047333330000002,0.03295078426,103056.5536,3.724,1.0,1.0,0
0.0,1.0,1.0,1.0,1334.8857558000002,222.48095930000002,0.0674215,0.03387677878,0.0,3.724,1.0,1.0,0
0.0,1.0,1.0,1.0,2744.6973972,457.44956620000005,0.0327905,0.01491217491,0.0,3.724,1.0,1.0,0
185.4285714,1.0,1.0,1.0,3130.4736702,521.7456116999999,0.02236083333,0.033641289819999996,102977.6429,3.724,1.0,1.0,0
185.4285714,1.0,1.0,1.0,3129.1675668,521.5279278,0.02237016667,0.033665572119999994,102977.6429,3.724,1.0,1.0,0
185.4285714,1.0,1.0,1.0,2300.348886,383.391481,0.030430166669999998,0.05273165203,102977.6429,3.724,1.0,1.0,0
0.0,1.0,1.0,1.0,2535.85416,422.64235999999994,0.035491,0.006443156990000001,0.0,3.724,1.0,1.0,0
0.0,1.0,1.0,1.0,1333.6988658,222.2831443,0.0674815,0.03322058369,0.0,3.724,1.0,1.0,0
0.0,1.0,1.0,1.0,1333.9756176,222.3292696,0.0674675,0.03320785576,0.0,3.724,1.0,1.0,0
0.0,1.0,1.0,1.0,104.89467701999999,17.48244617,0.6864028000000001,0.9563642612,0.0,3.724,1.0,1.0,0
0.0,1.0,1.0,1.0,5000.0,863.0361612,0.023174,0.0,0.0,3.724,1.0,1.0,0
150.4418605,1.0,1.0,1.0,22.097884020000002,3.68298067,2.7798395240000002,4.453829455,263560.2553,3.724,1.0,1.0,0
134.5,1.0,1.0,1.0,5000.0,1000.0,0.008208666667,0.01417108102,11290.8,3.724,1.0,1.0,0
122.0,1.0,1.0,1.0,5000.0,1000.0,0.0001,0.00015155527040000002,3898.8,3.724,1.0,1.0,0
92.0,1.0,1.0,1.0,5000.0,1000.0,0.0001,7.850053078e-05,874.8,3.724,1.0,1.0,0
98.5,1.0,1.0,1.0,2234.3040143999997,372.3840024,0.03580533333,0.061971627099999996,3434.7,3.724,1.0,1.0,0
46.75,1.0,1.0,1.0,5000.0,1000.0,0.0001,9.843949071999999e-05,76.8,3.724,1.0,1.0,0
92.75,1.0,1.0,1.0,5000.0,1000.0,0.007999,0.013810523849999999,2066.7,3.724,1.0,1.0,0
84.75,1.0,1.0,1.0,5000.0,1000.0,0.008103666667000001,0.01403163235,1346.7,3.724,1.0,1.0,0
88.5,1.0,1.0,1.0,5000.0,1000.0,0.000116,0.0001991858429,1555.2,3.724,1.0,1.0,0
46.5,1.0,1.0,1.0,4918.8391542,819.8065257000001,0.016264,0.0281267833,97.2,3.724,1.0,1.0,0
111.5,1.0,1.0,1.0,5000.0,1000.0,0.008241333333,0.01427094399,5306.7,3.724,1.0,1.0,0
48.0,1.0,1.0,1.0,4748.2441386,791.3740230999999,0.01684833333,0.0291769732,76.8,3.724,1.0,1.0,0
98.5,1.0,1.0,1.0,2137.6275894,356.2712649,0.037424666669999995,0.06481709401,3434.7,3.724,1.0,1.0,0
92.0,1.0,1.0,1.0,5000.0,1000.0,0.0001,0.00010266612550000001,874.8,3.724,1.0,1.0,0
100.25,1.0,1.0,1.0,3230.8437888,538.4739648,0.024761333330000003,0.0428835573,2323.2,3.724,1.0,1.0,0
76.25,1.0,1.0,1.0,4857.4146408,809.5691067999999,0.016469666669999997,0.02852370141,750.0,3.724,1.0,1.0,0
164.25,1.0,1.0,1.0,1498.2956886,249.7159481,0.053394,0.09243782217,13996.8,3.724,1.0,1.0,0
126.0,1.0,1.0,1.0,5000.0,1000.0,0.008068666667,0.013969278449999999,9398.7,3.724,1.0,1.0,0
54.0,1.0,1.0,1.0,5000.0,1000.0,0.0001,0.0001221187946,235.2,3.724,1.0,1.0,0
82.5,1.0,1.0,1.0,5000.0,1000.0,0.0001,0.0001062324495,1080.0,3.724,1.0,1.0,0
52.75,1.0,1.0,1.0,4800.6720942,800.1120157,0.016664333330000003,0.028859141919999998,235.2,3.724,1.0,1.0,0
94.25,1.0,1.0,1.0,5000.0,1000.0,0.0001,0.0001443375673,2218.8,3.724,1.0,1.0,0
62.0,1.0,1.0,1.0,5000.0,1000.0,0.008137666667,0.01401084767,720.3,3.724,1.0,1.0,0
73.0,1.0,1.0,1.0,5000.0,1000.0,0.0003463333333,0.0005955386917,202.8,3.724,1.0,1.0,0
81.0,1.0,1.0,1.0,5000.0,1000.0,0.0001036666667,0.0001743597813,529.2,3.724,1.0,1.0,0
76.75,1.0,1.0,1.0,4735.5958956,789.2659826,0.016893333330000003,0.02921595301,504.3,3.724,1.0,1.0,0
72.75,1.0,1.0,1.0,5000.0,1000.0,0.0001,9.985155649e-05,433.2,3.724,1.0,1.0,0
78.5,1.0,1.0,1.0,4955.1967626,825.8661271,0.016144666670000002,0.02795905285,1555.2,3.724,1.0,1.0,0
86.75,1.0,1.0,1.0,4117.6268742,686.2711457,0.019428666669999997,0.03360641167,940.8,3.724,1.0,1.0,0
83.25,1.0,1.0,1.0,5000.0,1000.0,0.0001,7.104224096e-05,1044.3,3.724,1.0,1.0,0
89.25,1.0,1.0,1.0,5000.0,1000.0,0.0001,0.00010883167430000001,1512.3,3.724,1.0,1.0,0
61.0,1.0,1.0,1.0,5000.0,1000.0,0.008107666667,0.01404029253,529.2,3.724,1.0,1.0,0
76.25,1.0,1.0,1.0,4630.6122054,771.7687008999999,0.01727633333,0.029920023020000002,1267.5,3.724,1.0,1.0,0
92.75,1.0,1.0,1.0,5000.0,1000.0,0.0001,0.00013193306380000002,1387.2,3.724,1.0,1.0,0
57.5,1.0,1.0,1.0,5000.0,1000.0,0.008335666666999999,0.01439278324,187.5,3.724,1.0,1.0,0
64.75,1.0,1.0,1.0,5000.0,1000.0,0.00795,0.01376547387,145.2,3.724,1.0,1.0,0
83.25,1.0,1.0,1.0,5000.0,1000.0,0.0001,8.879376855e-05,1044.3,3.724,1.0,1.0,0
93.0,1.0,1.0,1.0,5000.0,1000.0,0.008031,0.013865085789999999,3370.8,3.724,1.0,1.0,0
88.75,1.0,1.0,1.0,5000.0,1000.0,0.0001,8.113158036999999e-05,3000.0,3.724,1.0,1.0,0
107.75,1.0,1.0,1.0,5000.0,1000.0,0.008076333332999999,0.013943603709999999,4915.2,3.724,1.0,1.0,0
82.75,1.0,1.0,1.0,2929.9736304,488.32893839999997,0.027304,0.047288451159999995,842.7,3.724,1.0,1.0,0
91.75,1.0,1.0,1.0,5000.0,1000.0,0.0001,9.417536833e-05,3370.8,3.724,1.0,1.0,0
74.5,1.0,1.0,1.0,5000.0,1000.0,0.0001,9.29569793e-05,1228.8,3.724,1.0,1.0,0
65.5,1.0,1.0,1.0,5000.0,849.5094082999999,0.01569533333,0.02714095681,504.3,3.724,1.0,1.0,0
88.5,1.0,1.0,1.0,2535.2291214,422.5381869,0.031555333330000004,0.054490973420000005,3121.2,3.724,1.0,1.0,0
134.75,1.0,1.0,1.0,5000.0,1000.0,0.0001,0.00010792126759999999,11059.2,3.724,1.0,1.0,0
77.0,1.0,1.0,1.0,5000.0,1000.0,0.0001,0.00015040057619999998,456.3,3.724,1.0,1.0,0
82.75,1.0,1.0,1.0,5000.0,1000.0,0.0001,4.070626487e-05,842.7,3.724,1.0,1.0,0
82.75,1.0,1.0,1.0,5000.0,1000.0,0.0001,0.0001223982571,842.7,3.724,1.0,1.0,0
76.75,1.0,1.0,1.0,5000.0,1000.0,0.0001,0.0001180691888,504.3,3.724,1.0,1.0,0
76.75,1.0,1.0,1.0,5000.0,1000.0,0.0001,0.00010883167430000001,504.3,3.724,1.0,1.0,0
66.75,1.0,1.0,1.0,5000.0,1000.0,0.008176333333,0.014157494710000001,940.8,3.724,1.0,1.0,0
63.25,1.0,1.0,1.0,5000.0,1000.0,0.0001,0.0001163371537,874.8,3.724,1.0,1.0,0
82.75,1.0,1.0,1.0,5000.0,1000.0,0.0001,0.0001163371537,842.7,3.724,1.0,1.0,0
82.75,1.0,1.0,1.0,5000.0,1000.0,0.0001223333333,0.000210155498,842.7,3.724,1.0,1.0,0
76.75,1.0,1.0,1.0,5000.0,1000.0,0.0001,0.0001198012243,504.3,3.724,1.0,1.0,0
76.75,1.0,1.0,1.0,5000.0,1000.0,0.0001,0.0001102739014,504.3,3.724,1.0,1.0,0
69.0,1.0,1.0,1.0,5000.0,1000.0,0.0004046666667,0.0006588871932,158.7,3.724,1.0,1.0,0
76.75,1.0,1.0,1.0,5000.0,1000.0,0.0001,0.00011085125170000001,504.3,3.724,1.0,1.0,0
69.25,1.0,1.0,1.0,5000.0,1000.0,0.0001,0.000115112988,1306.8,3.724,1.0,1.0,0
63.25,1.0,1.0,1.0,5000.0,1000.0,0.0001,0.00011316065279999999,874.8,3.724,1.0,1.0,0
67.75,1.0,1.0,1.0,5000.0,1000.0,0.0001,0.0001105637071,691.2,3.724,1.0,1.0,0
82.75,1.0,1.0,1.0,5000.0,1000.0,0.0001,0.0001186858599,842.7,3.724,1.0,1.0,0
76.75,1.0,1.0,1.0,5000.0,1000.0,0.0001,0.0001070996421,504.3,3.724,1.0,1.0,0
92.25,1.0,1.0,1.0,5000.0,1000.0,0.0001183333333,0.0002032272948,2822.7,3.724,1.0,1.0,0
69.25,1.0,1.0,1.0,5000.0,1000.0,0.0001,0.0001180945949,1306.8,3.724,1.0,1.0,0
108.5,1.0,1.0,1.0,2867.1779802,477.8629967,0.027902,0.04831815556,6049.2,3.724,1.0,1.0,0
82.75,1.0,1.0,1.0,5000.0,1000.0,0.0001,0.0001089097486,842.7,3.724,1.0,1.0,0
71.0,1.0,1.0,1.0,5000.0,1000.0,0.0001,8.210562303e-05,1153.2,3.724,1.0,1.0,0
114.25,1.0,1.0,1.0,5000.0,841.1313216000001,0.01585166667,0.02744896385,4762.8,3.724,1.0,1.0,0
88.5,1.0,1.0,1.0,5000.0,1000.0,0.0001,0.0001017660716,2270.7,3.724,1.0,1.0,0
44.25,1.0,1.0,1.0,5000.0,1000.0,0.008264,0.01426865309,76.8,3.724,1.0,1.0,0
66.0,1.0,1.0,1.0,5000.0,834.9336228,0.01596933333,0.027656232609999998,145.2,3.724,1.0,1.0,0
87.5,1.0,1.0,1.0,5000.0,1000.0,0.008814666667,0.015263986450000001,2167.5,3.724,1.0,1.0,0
133.5,1.0,1.0,1.0,5000.0,1000.0,0.0001216666667,0.0002081353726,8875.2,3.724,1.0,1.0,0
48.0,1.0,1.0,1.0,5000.0,1000.0,0.0001,8.577295611e-05,76.8,3.724,1.0,1.0,0
69.25,1.0,1.0,1.0,5000.0,1000.0,0.008392666666999999,0.01448545762,1306.8,3.724,1.0,1.0,0
103.5,1.0,1.0,1.0,5000.0,1000.0,0.00010133333330000001,0.0001694530417,3763.2,3.724,1.0,1.0,0
106.25,1.0,1.0,1.0,2007.2428014,334.54046689999996,0.03985566667,0.06902857554000001,3630.0,3.724,1.0,1.0,0
137.25,1.0,1.0,1.0,5000.0,1000.0,0.008249666667,0.01428277964,10490.7,3.724,1.0,1.0,0
71.0,1.0,1.0,1.0,5000.0,1000.0,0.0001,5.687119951e-05,1153.2,3.724,1.0,1.0,0
109.0,1.0,1.0,1.0,3919.7752662000003,653.2958777,0.02040933333,0.035343940110000006,4915.2,3.724,1.0,1.0,0
79.75,1.0,1.0,1.0,5000.0,1000.0,0.0001,0.0001033456982,2270.7,3.724,1.0,1.0,0
73.25,1.0,1.0,1.0,5000.0,1000.0,0.008294666667,0.01428277964,1044.3,3.724,1.0,1.0,0
48.0,1.0,1.0,1.0,5000.0,1000.0,0.0001,0.00010623715610000001,76.8,3.724,1.0,1.0,0
112.75,1.0,1.0,1.0,3362.1450486000003,560.3575081,0.02379433333,0.041167967369999996,3830.7,3.724,1.0,1.0,0
117.0,1.0,1.0,1.0,5000.0,1000.0,0.00010333333330000001,0.00017724653259999998,5796.3,3.724,1.0,1.0,0
74.0,1.0,1.0,1.0,5000.0,1000.0,0.007960666667,0.01377702124,433.2,3.724,1.0,1.0,0
49.25,1.0,1.0,1.0,5000.0,1000.0,0.008089666667000001,0.01400565151,76.8,3.724,1.0,1.0,0
149.5,1.0,1.0,1.0,5000.0,1000.0,0.0001,0.0001426055165,12484.8,3.724,1.0,1.0,0
73.5,1.0,1.0,1.0,5000.0,1000.0,0.0001,0.0001035197244,1346.7,3.724,1.0,1.0,0
48.0,1.0,1.0,1.0,5000.0,1000.0,0.0001,0.0001056550993,76.8,3.724,1.0,1.0,0
119.5,1.0,1.0,1.0,3934.2327426,655.7054571000001,0.020334333330000003,0.0352140363,6660.3,3.724,1.0,1.0,0
128.25,1.0,1.0,1.0,4820.6323062,803.4387177000001,0.01659533333,0.02873963041,6220.8,3.724,1.0,1.0,0
133.25,1.0,1.0,1.0,5000.0,1000.0,0.008347333333000001,0.014452809289999998,11290.8,3.724,1.0,1.0,0
74.25,1.0,1.0,1.0,4925.6028731999995,820.9338121999999,0.016241666670000002,0.028127927780000003,1306.8,3.724,1.0,1.0,0
66.25,1.0,1.0,1.0,4771.1820606,795.1970101,0.016767333330000002,0.02899771467,480.0,3.724,1.0,1.0,0
152.75,1.0,1.0,1.0,5000.0,1000.0,0.000117,0.00020091789370000002,11761.2,3.724,1.0,1.0,0
72.25,1.0,1.0,1.0,5000.0,1000.0,0.00010233333330000001,0.00017205328629999998,811.2,3.724,1.0,1.0,0
67.25,1.0,1.0,1.0,5000.0,1000.0,0.0001,0.0001177794549,1153.2,3.724,1.0,1.0,0
44.25,1.0,1.0,1.0,5000.0,1000.0,0.0001,9.79404581e-05,76.8,3.724,1.0,1.0,0
122.75,1.0,1.0,1.0,5000.0,1000.0,0.000111,0.0001505722418,5713.2,3.724,1.0,1.0,0
91.0,1.0,1.0,1.0,5000.0,1000.0,0.0001,0.0001345263295,2017.2,3.724,1.0,1.0,0
70.5,1.0,1.0,1.0,5000.0,1000.0,0.0001,8.696551039999999e-05,780.3,3.724,1.0,1.0,0
118.0,1.0,1.0,1.0,5000.0,1000.0,0.008116333332999999,0.01401375247,5964.3,3.724,1.0,1.0,0
61.0,1.0,1.0,1.0,4911.390332999999,818.5650555,0.01628866667,0.02820846817,145.2,3.724,1.0,1.0,0
85.0,1.0,1.0,1.0,5000.0,1000.0,0.0001,8.313843876e-05,1920.0,3.724,1.0,1.0,0
69.0,1.0,1.0,1.0,3065.5647666,510.9274611,0.026096333330000002,0.04515514726,433.2,3.724,1.0,1.0,0
53.0,1.0,1.0,1.0,5000.0,1000.0,0.0001,9.39840412e-05,76.8,3.724,1.0,1.0,0
62.5,1.0,1.0,1.0,3975.9455298,662.6575882999999,0.020121,0.03480556858,367.5,3.724,1.0,1.0,0
97.0,1.0,1.0,1.0,2836.1419014,472.69031689999997,0.02820733333,0.04881150612,2940.3,3.724,1.0,1.0,0
122.75,1.0,1.0,1.0,5000.0,1000.0,0.008041666667,0.01388355935,4915.2,3.724,1.0,1.0,0
114.0,1.0,1.0,1.0,3952.1786382,658.6964396999999,0.020242,0.03501514668,4915.2,3.724,1.0,1.0,0
99.75,1.0,1.0,1.0,5000.0,1000.0,0.0001,0.0001255826421,2017.2,3.724,1.0,1.0,0
79.0,1.0,1.0,1.0,3311.2582782,551.8763796999999,0.02416,0.04184288342,1009.2,3.724,1.0,1.0,0
89.75,1.0,1.0,1.0,4940.4063486,823.4010581,0.016193,0.02804276864,1153.2,3.724,1.0,1.0,0
143.0,1.0,1.0,1.0,5000.0,847.7270319,0.01572833333,0.027198114460000002,10378.8,3.724,1.0,1.0,0
153.75,1.0,1.0,1.0,5000.0,1000.0,0.008028666667,0.01386104434,10830.0,3.724,1.0,1.0,0
54.25,1.0,1.0,1.0,5000.0,1000.0,0.0001,0.0001521326176,76.8,3.724,1.0,1.0,0
77.25,1.0,1.0,1.0,5000.0,1000.0,0.00014233333329999998,0.0002447965141,1153.2,3.724,1.0,1.0,0
101.75,1.0,1.0,1.0,5000.0,1000.0,0.0001093333333,0.00014880300180000001,4036.8,3.724,1.0,1.0,0
141.25,1.0,1.0,1.0,5000.0,1000.0,0.0001,0.00015040057619999998,11407.5,3.724,1.0,1.0,0
141.25,1.0,1.0,1.0,5000.0,1000.0,0.0001,0.0001247076581,11407.5,3.724,1.0,1.0,0
102.5,1.0,1.0,1.0,5000.0,1000.0,0.008204333333,0.01420426001,3307.5,3.724,1.0,1.0,0
86.5,1.0,1.0,1.0,218.49884016000001,36.41647336,0.3661346667,0.6341508547,1598.7,3.724,1.0,1.0,0
65.5,1.0,1.0,1.0,1085.1430355999998,180.85717259999998,0.073723,0.1276893836,780.3,3.724,1.0,1.0,0
73.5,1.0,1.0,1.0,1331.5209852,221.92016420000002,0.06008166667,0.1040575711,1346.7,3.724,1.0,1.0,0
53.0,1.0,1.0,1.0,5000.0,1000.0,0.0001,9.699484522e-05,76.8,3.724,1.0,1.0,0
76.0,1.0,1.0,1.0,1951.7907678000001,325.29846130000004,0.040988,0.07098723632,811.2,3.724,1.0,1.0,0
59.0,1.0,1.0,1.0,5000.0,1000.0,0.0001,3.955165399e-05,235.2,3.724,1.0,1.0,0
68.0,1.0,1.0,1.0,633.6115062,105.6019177,0.1262603333,0.21860530790000002,388.8,3.724,1.0,1.0,0
74.25,1.0,1.0,1.0,5000.0,1000.0,0.009439,0.016345363499999998,1512.3,3.724,1.0,1.0,0
82.5,1.0,1.0,1.0,4770.423375,795.0705625,0.01677,0.029041295890000002,1080.0,3.724,1.0,1.0,0
88.5,1.0,1.0,1.0,5000.0,1000.0,0.0001,0.0001213315018,1555.2,3.724,1.0,1.0,0
82.5,1.0,1.0,1.0,5000.0,1000.0,0.0001,0.0001223982571,1080.0,3.724,1.0,1.0,0
82.25,1.0,1.0,1.0,2551.9155318000003,425.3192553,0.031349,0.05429113256,2270.7,3.724,1.0,1.0,0
88.5,1.0,1.0,1.0,4733.167672199999,788.8612787,0.016902,0.029218845990000002,1555.2,3.724,1.0,1.0,0
66.75,1.0,1.0,1.0,5000.0,1000.0,0.0002903333333,0.000499408984,132.3,3.724,1.0,1.0,0
74.25,1.0,1.0,1.0,5000.0,1000.0,0.0001,0.0001033456982,780.3,3.724,1.0,1.0,0
93.0,1.0,1.0,1.0,2814.9190710000003,469.1531785,0.02842,0.0492222859,3370.8,3.724,1.0,1.0,0
67.0,1.0,1.0,1.0,5000.0,1000.0,0.007875333332999999,0.01363787947,720.3,3.724,1.0,1.0,0
181.0,1.0,1.0,1.0,3536.7453102,589.4575517,0.02261966667,0.03917408182,21386.7,3.724,1.0,1.0,0
51.75,1.0,1.0,1.0,5000.0,1000.0,0.0001,9.814954575999999e-05,76.8,3.724,1.0,1.0,0
82.25,1.0,1.0,1.0,5000.0,1000.0,0.008091666667000001,0.01400998167,2017.2,3.724,1.0,1.0,0
73.25,1.0,1.0,1.0,5000.0,1000.0,0.007964333333,0.013788567810000001,1228.8,3.724,1.0,1.0,0
71.5,1.0,1.0,1.0,5000.0,1000.0,0.008082333333,0.01399381582,691.2,3.724,1.0,1.0,0
146.5,1.0,1.0,1.0,5000.0,1000.0,0.007961666667,0.013783949010000001,12979.2,3.724,1.0,1.0,0
71.0,1.0,1.0,1.0,5000.0,1000.0,0.0001,0.0001255826421,974.7,3.724,1.0,1.0,0
88.5,1.0,1.0,1.0,5000.0,859.0511779999999,0.015521,0.0268788305,3121.2,3.724,1.0,1.0,0
150.75,1.0,1.0,1.0,5000.0,1000.0,0.0001,0.0001374093641,12484.8,3.724,1.0,1.0,0
72.5,1.0,1.0,1.0,5000.0,1000.0,0.0001,0.0001239637044,1080.0,3.724,1.0,1.0,0
88.5,1.0,1.0,1.0,5000.0,867.2086721,0.015375,0.02658439134,3121.2,3.724,1.0,1.0,0
77.5,1.0,1.0,1.0,4009.0202958,668.1700493,0.019955,0.034558743770000004,1080.0,3.724,1.0,1.0,0
82.25,1.0,1.0,1.0,5000.0,1000.0,0.0001,9.676776323e-05,2017.2,3.724,1.0,1.0,0
73.25,1.0,1.0,1.0,5000.0,1000.0,0.0001,0.0001177794549,1228.8,3.724,1.0,1.0,0
82.25,1.0,1.0,1.0,5000.0,1000.0,0.0001,0.0001165175237,2017.2,3.724,1.0,1.0,0
87.0,1.0,1.0,1.0,2852.321076,475.38684600000005,0.02804733333,0.0485742102,2650.8,3.724,1.0,1.0,0
65.0,1.0,1.0,1.0,5000.0,1000.0,0.007945666667000001,0.013757102209999999,607.5,3.724,1.0,1.0,0
118.25,1.0,1.0,1.0,5000.0,1000.0,0.00010166666669999999,0.0001743597813,5796.3,3.724,1.0,1.0,0
80.25,1.0,1.0,1.0,5000.0,1000.0,0.0001,0.0001023279043,1190.7,3.724,1.0,1.0,0
70.75,1.0,1.0,1.0,5000.0,1000.0,0.0001,0.0001091192009,874.8,3.724,1.0,1.0,0
69.5,1.0,1.0,1.0,5000.0,1000.0,0.0004096666667,0.0007061000873,580.8,3.724,1.0,1.0,0
131.0,1.0,1.0,1.0,5000.0,1000.0,0.0001,0.00013394526250000001,9398.7,3.724,1.0,1.0,0
79.5,1.0,1.0,1.0,5000.0,1000.0,0.0001,0.0001120059522,874.8,3.724,1.0,1.0,0
73.25,1.0,1.0,1.0,5000.0,1000.0,0.0001,0.0001091192009,1228.8,3.724,1.0,1.0,0
108.5,1.0,1.0,1.0,1982.4880224,330.4146704,0.040353333330000005,0.06988103335,6049.2,3.724,1.0,1.0,0
133.0,1.0,1.0,1.0,5000.0,1000.0,0.010244666670000001,0.01773908702,8772.3,3.724,1.0,1.0,0
55.5,1.0,1.0,1.0,5000.0,1000.0,0.007942,0.013749019309999999,76.8,3.724,1.0,1.0,0
74.75,1.0,1.0,1.0,5000.0,1000.0,0.0001,0.0001016136474,410.7,3.724,1.0,1.0,0
100.0,1.0,1.0,1.0,5000.0,1000.0,0.0001,0.00014953371970000001,2707.5,3.724,1.0,1.0,0
66.75,1.0,1.0,1.0,67.13413469999999,11.18902245,1.021409286,2.680057236,1777.5,3.724,1.0,1.0,0
55.5,1.0,1.0,1.0,4976.5686558,829.4281093,0.01607533333,0.02783723191,76.8,3.724,1.0,1.0,0
69.5,1.0,1.0,1.0,5000.0,1000.0,0.0004086666667,0.0006631631271999999,580.8,3.724,1.0,1.0,0
108.5,1.0,1.0,1.0,5000.0,1000.0,0.0001,0.0001553072224,6049.2,3.724,1.0,1.0,0
65.75,1.0,1.0,1.0,5000.0,1000.0,0.0004463333333,0.0007310145917,580.8,3.724,1.0,1.0,0
62.75,1.0,1.0,1.0,5000.0,1000.0,0.0001,8.948929172e-05,235.2,3.724,1.0,1.0,0
65.75,1.0,1.0,1.0,3120.8551146,520.1425191,0.025634,0.044354362540000004,720.3,3.724,1.0,1.0,0
56.75,1.0,1.0,1.0,5000.0,1000.0,0.0001,8.602519011e-05,76.8,3.724,1.0,1.0,0
51.75,1.0,1.0,1.0,4985.9769396,830.9961566,0.016045,0.027784693029999998,76.8,3.724,1.0,1.0,0
59.75,1.0,1.0,1.0,5000.0,1000.0,0.0003916666667,0.0006749232055,410.7,3.724,1.0,1.0,0
59.75,1.0,1.0,1.0,5000.0,1000.0,0.00010966666669999999,0.00018302003529999998,410.7,3.724,1.0,1.0,0
71.0,1.0,1.0,1.0,1550.5378428000001,258.4229738,0.051595,0.0893495731,662.7,3.724,1.0,1.0,0
62.0,1.0,1.0,1.0,5000.0,1000.0,0.00038933333329999997,0.0006700166665,580.8,3.724,1.0,1.0,0
67.25,1.0,1.0,1.0,5000.0,1000.0,0.0001,6.664332924999999e-05,811.2,3.724,1.0,1.0,0
55.25,1.0,1.0,1.0,4558.924093799999,759.8206822999999,0.017548,0.03036198809,235.2,3.724,1.0,1.0,0
71.0,1.0,1.0,1.0,5000.0,1000.0,0.0001,0.0001065222981,974.7,3.724,1.0,1.0,0
46.75,1.0,1.0,1.0,3861.8115114,643.6352519000001,0.020715666669999997,0.03587539103,76.8,3.724,1.0,1.0,0
93.75,1.0,1.0,1.0,5000.0,1000.0,0.007977333332999999,0.01381108447,3307.5,3.724,1.0,1.0,0
82.5,1.0,1.0,1.0,5000.0,840.6893653,0.01586,0.027464263630000003,1920.0,3.724,1.0,1.0,0
89.0,1.0,1.0,1.0,5000.0,1000.0,0.0001,0.0001426055165,2066.7,3.724,1.0,1.0,0
129.0,1.0,1.0,1.0,2095.5940133999998,349.2656689,0.03817533333,0.06611555475,7489.2,3.724,1.0,1.0,0
79.75,1.0,1.0,1.0,4956.7318614000005,826.1219769,0.01613966667,0.0279512586,1778.7,3.724,1.0,1.0,0
97.75,1.0,1.0,1.0,4971.7233234,828.6205539,0.016091,0.02786436737,3499.2,3.724,1.0,1.0,0
83.25,1.0,1.0,1.0,5000.0,1000.0,0.007954333333,0.013772113320000001,2116.8,3.724,1.0,1.0,0
61.75,1.0,1.0,1.0,5000.0,1000.0,0.00856,0.01481336522,504.3,3.724,1.0,1.0,0
54.0,1.0,1.0,1.0,4973.4748008,828.9124668,0.01608533333,0.027857150509999998,235.2,3.724,1.0,1.0,0
121.25,1.0,1.0,1.0,5000.0,1000.0,0.0001,0.0001160474041,7680.0,3.724,1.0,1.0,0
73.5,1.0,1.0,1.0,5000.0,1000.0,0.008190666667,0.01418318675,662.7,3.724,1.0,1.0,0
95.5,1.0,1.0,1.0,5000.0,1000.0,0.0001,0.0001339489953,1968.3,3.724,1.0,1.0,0
91.25,1.0,1.0,1.0,5000.0,1000.0,0.0001256666667,0.00021506820619999998,3307.5,3.724,1.0,1.0,0
51.75,1.0,1.0,1.0,5000.0,1000.0,0.01026166667,0.01769323872,76.8,3.724,1.0,1.0,0
147.0,1.0,1.0,1.0,2820.8413158,470.1402193,0.02836033333,0.0491163421,11880.3,3.724,1.0,1.0,0
80.25,1.0,1.0,1.0,5000.0,1000.0,0.008169,0.01414219484,2066.7,3.724,1.0,1.0,0
113.25,1.0,1.0,1.0,5000.0,1000.0,0.008088666667,0.013965832459999999,6660.3,3.724,1.0,1.0,0
74.5,1.0,1.0,1.0,1946.8035918,324.4672653,0.041093,0.07117169974,1228.8,3.724,1.0,1.0,0
104.0,1.0,1.0,1.0,4968.1212221999995,828.0202036999999,0.01610266667,0.02788717272,3499.2,3.724,1.0,1.0,0
81.25,1.0,1.0,1.0,5000.0,1000.0,0.0001,0.0001281756607,1920.0,3.724,1.0,1.0,0
107.25,1.0,1.0,1.0,5000.0,1000.0,0.008176333333,0.01415749463,5227.2,3.724,1.0,1.0,0
123.0,1.0,1.0,1.0,5000.0,1000.0,0.0001,0.0001296238147,5964.3,3.724,1.0,1.0,0
72.25,1.0,1.0,1.0,5000.0,1000.0,0.000401,0.0006798521898,1346.7,3.724,1.0,1.0,0
77.0,1.0,1.0,1.0,1287.7885452,214.6314242,0.062122,0.1075941302,720.3,3.724,1.0,1.0,0
49.25,1.0,1.0,1.0,4784.402847,797.4004745000001,0.016721,0.0289564254,76.8,3.724,1.0,1.0,0
81.5,1.0,1.0,1.0,4834.7132412,805.7855402,0.016547,0.02861608626,1190.7,3.724,1.0,1.0,0
75.25,1.0,1.0,1.0,3308.9299746,551.4883291,0.024177,0.04187232828,1598.7,3.724,1.0,1.0,0
124.75,1.0,1.0,1.0,3322.9491174,553.8248529,0.024075,0.04165669458,8366.7,3.724,1.0,1.0,0
130.25,1.0,1.0,1.0,5000.0,1000.0,0.0001,0.0001247076581,6571.2,3.724,1.0,1.0,0
94.5,1.0,1.0,1.0,5000.0,1000.0,0.0001,0.0001454922678,3244.8,3.724,1.0,1.0,0
60.25,1.0,1.0,1.0,4694.376528,782.396088,0.01704166667,0.029475472269999997,235.2,3.724,1.0,1.0,0
83.25,1.0,1.0,1.0,1983.4874670000002,330.5812445,0.040333,0.06985360907,2376.3,3.724,1.0,1.0,0
128.25,1.0,1.0,1.0,5000.0,1000.0,0.0001,0.000152581126,6220.8,3.724,1.0,1.0,0
195.0,1.0,1.0,1.0,2478.9547074,413.1591179,0.03227166667,0.055891836199999996,26107.5,3.724,1.0,1.0,0
94.75,1.0,1.0,1.0,3340.2922758,556.7153793,0.02395,0.04147655467,3434.7,3.724,1.0,1.0,0
105.75,1.0,1.0,1.0,5000.0,1000.0,0.0001,0.0001411701102,4992.3,3.724,1.0,1.0,0
102.0,1.0,1.0,1.0,2835.3712566,472.56187609999995,0.028215,0.04886461738,4612.8,3.724,1.0,1.0,0
67.0,1.0,1.0,1.0,5000.0,1000.0,0.0001,0.0001053676105,456.3,3.724,1.0,1.0,0
49.25,1.0,1.0,1.0,5000.0,1000.0,0.0001,0.0001021909976,76.8,3.724,1.0,1.0,0
79.0,1.0,1.0,1.0,2496.1517658,416.0252943,0.03204933333,0.05546691095,1190.7,3.724,1.0,1.0,0
48.0,1.0,1.0,1.0,5000.0,1000.0,0.007941666667,0.013750174010000001,76.8,3.724,1.0,1.0,0
101.0,1.0,1.0,1.0,2361.0892494,393.5148749,0.03388266667,0.05868130401,2822.7,3.724,1.0,1.0,0
54.25,1.0,1.0,1.0,4715.4982709999995,785.9163785,0.016965333330000002,0.02938048918,76.8,3.724,1.0,1.0,0
57.75,1.0,1.0,1.0,5000.0,1000.0,0.010717,0.01852083357,235.2,3.724,1.0,1.0,0
119.0,1.0,1.0,1.0,3938.9463318,656.4910553,0.02031,0.03517275575,4915.2,3.724,1.0,1.0,0
102.0,1.0,1.0,1.0,5000.0,1000.0,0.008128,0.014073778850000001,2940.3,3.724,1.0,1.0,0
65.75,1.0,1.0,1.0,4911.591355799999,818.5985592999999,0.016288,0.02820817947,580.8,3.724,1.0,1.0,0
92.25,1.0,1.0,1.0,5000.0,1000.0,0.008236,0.01422275462,3434.7,3.724,1.0,1.0,0
88.25,1.0,1.0,1.0,3900.7899101999997,650.1316516999999,0.020508666669999998,0.03551685651,2376.3,3.724,1.0,1.0,0
88.5,1.0,1.0,1.0,5000.0,852.2061487000001,0.01564566667,0.027093027409999998,3121.2,3.724,1.0,1.0,0
110.75,1.0,1.0,1.0,3262.154925,543.6924875,0.02452366667,0.04247190655,5386.8,3.724,1.0,1.0,0
108.5,1.0,1.0,1.0,5000.0,1000.0,0.008229666666999999,0.0142516028,6049.2,3.724,1.0,1.0,0
88.0,1.0,1.0,1.0,5000.0,1000.0,0.008104333332999999,0.01403192094,2484.3,3.724,1.0,1.0,0
94.0,1.0,1.0,1.0,2698.9035702,449.8172617,0.029641666669999997,0.0513374086,3182.7,3.724,1.0,1.0,0
92.0,1.0,1.0,1.0,5000.0,1000.0,0.008117333333,0.01405357159,3564.3,3.724,1.0,1.0,0
76.0,1.0,1.0,1.0,4877.3548476,812.8924746,0.01640233333,0.02840534461,1778.7,3.724,1.0,1.0,0
3.0,1.0,1.0,1.0,5000.0,1000.0,0.0001,5.483611948e-05,4.8,3.724,1.0,1.0,0
499.25,1.0,1.0,1.0,5000.0,1000.0,0.008802451612999999,0.02162009164,715477.2348,3.724,1.0,1.0,0
672.6,1.0,1.0,1.0,5000.0,1000.0,0.0070102564099999995,0.01965772779,1341841.511,3.724,1.0,1.0,0
335.36,1.0,1.0,1.0,5000.0,1000.0,0.01015241667,0.02078467829,398015.0585,3.724,1.0,1.0,0
639.2564103,1.0,1.0,1.0,5000.0,1000.0,0.006996026316,0.019434866760000002,1209511.692,3.724,1.0,1.0,0
1525.286432,1.0,1.0,1.0,5000.0,1000.0,0.0009251813602,0.0036604911879999998,1493264.114,3.724,1.0,1.0,0
1302.688047,1.0,1.0,1.0,174.97394436000002,29.162324060000003,0.34391085379999997,4.444647623,1439150.608,3.724,1.0,1.0,0
20.66666667,1.0,1.0,1.0,5000.0,1000.0,0.011746,0.016605695650000002,320.3333333,3.724,1.0,1.0,0
20.66666667,1.0,1.0,1.0,5000.0,1000.0,0.0118715,0.016784593669999997,320.3333333,3.724,1.0,1.0,0
0.0,1.0,1.0,1.0,5000.0,1000.0,0.005184,0.0,0.0,3.724,1.0,1.0,0
0.0,1.0,1.0,1.0,5000.0,1000.0,0.000434,0.0,0.0,3.724,1.0,1.0,0
0.0,1.0,1.0,1.0,4989.39753,831.5662550000001,0.024051,0.0,0.0,3.724,1.0,1.0,0
6.0,1.0,1.0,1.0,5000.0,1000.0,0.008314666666999999,0.014309626979999998,7.2,3.724,1.0,1.0,0
618.9423077,1.0,1.0,1.0,5000.0,1000.0,0.0048127647059999995,0.01302144042,679634.0443,3.724,1.0,1.0,0
775.5555556,1.0,1.0,1.0,5000.0,1000.0,0.003829924528,0.008392038825,992575.3636,3.724,1.0,1.0,0
890.5777778,1.0,1.0,1.0,46.35773141999999,7.7262885699999995,1.308824989,8.656694944,1277011.411,3.724,1.0,1.0,0
6.0,1.0,1.0,1.0,5000.0,1000.0,0.003921333333,0.006733075547999999,7.2,3.724,1.0,1.0,0
0.0,1.0,1.0,1.0,5000.0,844.9157197,0.023671,0.0,0.0,3.724,1.0,1.0,0
2.0,1.0,1.0,1.0,5000.0,1000.0,0.0119745,0.01691894395,9.0,3.724,1.0,1.0,0
2.0,1.0,1.0,1.0,5000.0,1000.0,0.0120475,0.01688641704,9.0,3.724,1.0,1.0,0
2.0,1.0,1.0,1.0,5000.0,1000.0,0.012012,0.01695217797,9.0,3.724,1.0,1.0,0
36.11111111,1.0,1.0,1.0,8.611588379999999,1.4352647299999999,7.83827525,20.5,563.8333333,3.724,1.0,1.0,0
375.7222222,1.0,1.0,1.0,336.33302951999997,56.05550492,0.1888884118,0.7254175629999999,500509.2749,3.724,1.0,1.0,0
721.9473684,1.0,1.0,1.0,670.091382,111.68189699999999,0.09196002703,0.48831111940000005,1031751.726,3.724,1.0,1.0,0
31.0,1.0,1.0,1.0,5000.0,1000.0,0.0001,0.0,320.3333333,3.724,1.0,1.0,0
31.0,1.0,1.0,1.0,5000.0,1000.0,0.0001,0.0,320.3333333,3.724,1.0,1.0,0
215.36,1.0,1.0,1.0,44.398053420000004,7.39967557,1.407719375,3.370309875,183171.2738,3.724,1.0,1.0,0
141.5,1.0,1.0,1.0,92.97770394,15.496283989999998,0.737504,1.879902387,59761.69444,3.724,1.0,1.0,0
3.0,1.0,1.0,1.0,43.53923154,7.25653859,1.837423333,3.161968696,10.8,3.724,1.0,1.0,0
9.0,1.0,1.0,1.0,5000.0,842.8150021,0.02373,0.0,0.0,3.724,1.0,1.0,0
963.6363636,1.0,1.0,1.0,104.53134372,17.42189062,0.5767500864999999,1.2010235020000002,678808.2561,3.724,1.0,1.0,0
923.88,1.0,1.0,1.0,5000.0,1000.0,0.0029429183670000004,0.0075848636349999995,978637.9435,3.724,1.0,1.0,0
1000.690909,1.0,1.0,1.0,5000.0,1000.0,0.00230859633,0.008192496836,1053494.33,3.724,1.0,1.0,0
1074.27957,1.0,1.0,1.0,5000.0,1000.0,0.00154325,0.00541677597,1480061.16,3.724,1.0,1.0,0
1023.082569,1.0,1.0,1.0,5000.0,1000.0,0.001334527778,0.005057420515,1315233.824,3.724,1.0,1.0,0
1239.619048,1.0,1.0,1.0,5000.0,1000.0,0.0017158915660000001,0.005705055026,1409632.773,3.724,1.0,1.0,0
1082.621359,1.0,1.0,1.0,5000.0,1000.0,0.0014030490199999999,0.005208842273,1450788.926,3.724,1.0,1.0,0
1028.747664,1.0,1.0,1.0,5000.0,1000.0,0.001347754717,0.005085537865999999,1328270.38,3.724,1.0,1.0,0
1036.333333,1.0,1.0,1.0,5000.0,1000.0,0.001410049505,0.005194103074,1244736.67,3.724,1.0,1.0,0
947.5327103,1.0,1.0,1.0,5000.0,1000.0,0.0018012452829999999,0.006842174810000001,1134570.035,3.724,1.0,1.0,0
1102.204545,1.0,1.0,1.0,5000.0,1000.0,0.001414655172,0.005251477949,1521971.285,3.724,1.0,1.0,0
1048.152381,1.0,1.0,1.0,5000.0,1000.0,0.001886586538,0.007232633501999999,1373741.072,3.724,1.0,1.0,0
1019.333333,1.0,1.0,1.0,5000.0,1000.0,0.001331196262,0.0050423667589999995,1248373.333,3.724,1.0,1.0,0
1247.125,1.0,1.0,1.0,5000.0,1000.0,0.001641075949,0.005503008433,1406947.825,3.724,1.0,1.0,0
1093.489796,1.0,1.0,1.0,5000.0,1000.0,0.0014673917530000002,0.0053006006330000004,1497420.168,3.724,1.0,1.0,0
1035.695652,1.0,1.0,1.0,5000.0,1000.0,0.002629933333,0.007119024133,1333703.447,3.724,1.0,1.0,0
993.9298246,1.0,1.0,1.0,5000.0,1000.0,0.00042069642859999997,0.002486144338,1200141.185,3.724,1.0,1.0,0
1009.87156,1.0,1.0,1.0,5000.0,1000.0,0.001334203704,0.005058042076,1168726.16,3.724,1.0,1.0,0
1079.235294,1.0,1.0,1.0,5000.0,1000.0,0.001417267327,0.00523335985,1463595.107,3.724,1.0,1.0,0
905.7647059,1.0,1.0,1.0,5000.0,1000.0,0.00239014,0.006842433193,893002.3876,3.724,1.0,1.0,0
1195.975309,1.0,1.0,1.0,5000.0,1000.0,0.001564125,0.005460612275,1442048.908,3.724,1.0,1.0,0
992.3888889,1.0,1.0,1.0,5000.0,1000.0,0.00183546729,0.007160385821,1223672.446,3.724,1.0,1.0,0
1257.264368,1.0,1.0,1.0,5000.0,1000.0,0.0008876473988000001,0.003914335905,1540765.511,3.724,1.0,1.0,0
995.7857143,1.0,1.0,1.0,5000.0,1000.0,0.0044470720719999995,0.02811292436,1194268.33,3.724,1.0,1.0,0
1264.601156,1.0,1.0,1.0,5000.0,1000.0,0.0009551686047,0.003960968319,1637370.212,3.724,1.0,1.0,0
1050.647059,1.0,1.0,1.0,5000.0,1000.0,0.001955049505,0.007352868143,1441270.073,3.724,1.0,1.0,0
1032.514851,1.0,1.0,1.0,5000.0,1000.0,0.00141925,0.005239858833000001,1255561.785,3.724,1.0,1.0,0
1040.38835,1.0,1.0,1.0,5000.0,1000.0,0.001829607843,0.006711604275,1315667.695,3.724,1.0,1.0,0
1089.690722,1.0,1.0,1.0,5000.0,1000.0,0.001480052083,0.005324346185,1468126.144,3.724,1.0,1.0,0
1042.96,1.0,1.0,1.0,5000.0,1000.0,0.0014368686869999999,0.005255189374,1383116.194,3.724,1.0,1.0,0
1068.504854,1.0,1.0,1.0,5000.0,1000.0,0.001825078431,0.006693357801,1379081.228,3.724,1.0,1.0,0
1093.428571,1.0,1.0,1.0,5000.0,1000.0,0.0015653298970000002,0.005353440048000001,1412386.3,3.724,1.0,1.0,0
1001.607477,1.0,1.0,1.0,5000.0,1000.0,0.001772207547,0.00668028236,1265290.692,3.724,1.0,1.0,0
1020.685714,1.0,1.0,1.0,5000.0,1000.0,0.0018185769230000001,0.006809008818,1270280.892,3.724,1.0,1.0,0
991.5495495,1.0,1.0,1.0,5000.0,1000.0,0.001720881818,0.006618841658,1052299.547,3.724,1.0,1.0,0
992.3333333,1.0,1.0,1.0,5000.0,1000.0,0.003833934579,0.01727004349,1184953.512,3.724,1.0,1.0,0
1104.0,1.0,1.0,1.0,5000.0,1000.0,0.00151245,0.005274146329,1580992.147,3.724,1.0,1.0,0
1100.76,1.0,1.0,1.0,5000.0,1000.0,0.001440424242,0.005248632417,1511634.301,3.724,1.0,1.0,0
924.0,1.0,1.0,1.0,5000.0,1000.0,0.001695086957,0.006319887144,948256.2308,3.724,1.0,1.0,0
1048.4,1.0,1.0,1.0,5000.0,1000.0,0.001381855769,0.005162430406,1413552.728,3.724,1.0,1.0,0
1001.607477,1.0,1.0,1.0,5000.0,1000.0,0.001822641509,0.006993976148,1186909.234,3.724,1.0,1.0,0
1086.229167,1.0,1.0,1.0,5000.0,1000.0,0.001488515789,0.005363391278,1438566.718,3.724,1.0,1.0,0
1030.442308,1.0,1.0,1.0,5000.0,1000.0,0.001841572816,0.0068539182399999996,1353332.216,3.724,1.0,1.0,0
974.3454545,1.0,1.0,1.0,5000.0,1000.0,0.001744073394,0.006682313288,1066198.611,3.724,1.0,1.0,0
974.75,1.0,1.0,1.0,5000.0,1000.0,0.001904009709,0.007304648164000001,1181693.828,3.724,1.0,1.0,0
1026.533333,1.0,1.0,1.0,5000.0,1000.0,0.002692,0.007215177482,1545431.596,3.724,1.0,1.0,0
1109.148936,1.0,1.0,1.0,5000.0,1000.0,0.0015243010750000002,0.005400186606999999,1444486.869,3.724,1.0,1.0,0
1257.195402,1.0,1.0,1.0,5000.0,1000.0,0.0008784566473999999,0.003947832378,1661437.747,3.724,1.0,1.0,0
1075.740741,1.0,1.0,1.0,5000.0,1000.0,0.0004459811321,0.00259872034,1582543.596,3.724,1.0,1.0,0
1023.027523,1.0,1.0,1.0,5000.0,1000.0,0.001335981481,0.005099327648999999,1276873.466,3.724,1.0,1.0,0
1072.153846,1.0,1.0,1.0,5000.0,1000.0,0.001387660194,0.005168526715,1447910.151,3.724,1.0,1.0,0
1011.056604,1.0,1.0,1.0,5000.0,1000.0,0.001781114286,0.006618313557000001,1188729.807,3.724,1.0,1.0,0
1100.62,1.0,1.0,1.0,5000.0,1000.0,0.001943121212,0.007201336118,1637334.282,3.724,1.0,1.0,0
1040.770833,1.0,1.0,1.0,5000.0,1000.0,0.002289294737,0.00831093102,1293165.373,3.724,1.0,1.0,0
1249.091954,1.0,1.0,1.0,5000.0,1000.0,0.0009730635837999999,0.00396735241,1621849.124,3.724,1.0,1.0,0
1013.781818,1.0,1.0,1.0,5000.0,1000.0,0.001304770642,0.004997489597,1121926.739,3.724,1.0,1.0,0
1040.708333,1.0,1.0,1.0,5000.0,1000.0,0.001489273684,0.005362506391,1380656.416,3.724,1.0,1.0,0
681.9010989,1.0,1.0,1.0,272.04550116,45.34091686,0.2230019111,1.224928721,637036.7801,3.724,1.0,1.0,0
448.8043478,1.0,1.0,1.0,136.51036476,22.751727459999998,0.4492943333,1.673565203,358977.9334,3.724,1.0,1.0,0
114.7857143,1.0,1.0,1.0,54.61476564,9.10246094,1.183112,2.959563176,41530.98095,3.724,1.0,1.0,0
114.8571429,1.0,1.0,1.0,54.62557326,9.10426221,1.182877923,2.959494704,41591.74286,3.724,1.0,1.0,0
113.6428571,1.0,1.0,1.0,54.49114386,9.08185731,1.185796077,2.9623168050000004,40487.20952,3.724,1.0,1.0,0
114.3571429,1.0,1.0,1.0,54.184798439999994,9.030799739999999,1.192500231,2.954215896,41087.49524,3.724,1.0,1.0,0
0.0,1.0,1.0,1.0,1382.4088476,230.4014746,0.086805,0.0,0.0,3.724,1.0,1.0,0
0.0,1.0,1.0,1.0,1336.585692,222.764282,0.089781,0.0,0.0,3.724,1.0,1.0,0
0.0,1.0,1.0,1.0,1344.3269406000002,224.0544901,0.089264,0.0,0.0,3.724,1.0,1.0,0
0.0,1.0,1.0,1.0,1384.817781,230.8029635,0.086654,0.0,0.0,3.724,1.0,1.0,0
0.0,1.0,1.0,1.0,1336.71969,222.78661499999998,0.089772,0.0,0.0,3.724,1.0,1.0,0
0.0,1.0,1.0,1.0,1381.422174,230.237029,0.086867,0.0,0.0,3.724,1.0,1.0,0
0.0,1.0,1.0,1.0,43.51621932,7.25270322,1.838395,3.12358258,0.0,3.724,1.0,1.0,0
40.31034483,1.0,1.0,1.0,15.019980600000002,2.5033301000000003,4.137346036,4.962943644999999,22926.65402,3.724,1.0,1.0,0
310.0666667,1.0,1.0,1.0,1335.9101556,222.6516926,0.048121285709999996,0.05827840863,248617.4292,3.724,1.0,1.0,0
253.3571429,1.0,1.0,1.0,157.14440184,26.19073364,0.41118476919999997,1.36405484,253206.6952,3.724,1.0,1.0,0
0.0,1.0,1.0,1.0,5000.0,1000.0,0.009556,0.0,0.0,3.724,1.0,1.0,0
90.54166667,1.0,1.0,1.0,12.29748876,2.04958146,5.0911773039999995,16.8,14161.91,3.724,1.0,1.0,0
389.6923077,1.0,1.0,1.0,2002.7422164,333.7903694,0.0324555,0.05314494928,624200.9011,3.724,1.0,1.0,0
316.625,1.0,1.0,1.0,808.431945,134.7386575,0.0791656,0.1663344988,264294.25,3.724,1.0,1.0,0
294.8666667,1.0,1.0,1.0,159.62937606,26.60489601,0.4027185714,1.3889924040000001,286726.9292,3.724,1.0,1.0,0
0.0,1.0,1.0,1.0,5000.0,894.1744534,0.022367,0.0,0.0,3.724,1.0,1.0,0
0.0,1.0,1.0,1.0,1000.0944534,166.68240889999998,0.0899915,0.06934101227999999,0.0,3.724,1.0,1.0,0
209.875,1.0,1.0,1.0,20.6934342,3.4489057,2.9738157949999997,4.61432099,255429.339,3.724,1.0,1.0,0
0.0,1.0,1.0,1.0,41.5841337,6.93068895,1.923810667,3.300211072,0.0,3.724,1.0,1.0,0
97.63333333,1.0,1.0,1.0,15.561792539999999,2.59363209,3.9885485860000003,4.967916761,204829.6581,3.724,1.0,1.0,0
0.0,1.0,1.0,1.0,41.5915203,6.93192005,1.923469,3.276093881,0.0,3.724,1.0,1.0,0
435.4545455,1.0,1.0,1.0,45.94117548,7.65686258,1.3682092860000001,3.2182142209999998,417582.4427,3.724,1.0,1.0,0
368.4615385,1.0,1.0,1.0,39.01302546,6.50217091,1.5994658,3.5709922140000003,376075.6182,3.724,1.0,1.0,0
0.0,1.0,1.0,1.0,40.2368745,6.70614575,1.988226,3.38816817,0.0,3.724,1.0,1.0,0
330.3,1.0,1.0,1.0,29.870399040000002,4.97839984,2.114397421,3.953219497,394025.6571,3.724,1.0,1.0,0
0.0,1.0,1.0,1.0,40.3752,6.7292,1.981414333,3.376366999,0.0,3.724,1.0,1.0,0
0.0,1.0,1.0,1.0,42.769831319999994,7.12830522,1.8704773330000002,3.148356972,0.0,3.724,1.0,1.0,0
186.5,1.0,1.0,1.0,24.264675060000002,4.044112510000001,2.697524091,4.537688714,255248.3077,3.724,1.0,1.0,0
0.0,1.0,1.0,1.0,5000.0,853.4243653,0.023435,0.0,0.0,3.724,1.0,1.0,0
0.0,1.0,1.0,1.0,13.259883,2.2099805,4.7511731500000005,5.108840272,0.0,3.724,1.0,1.0,0
0.0,1.0,1.0,1.0,13.29569736,2.2159495600000003,4.738375,5.114595985999999,0.0,3.724,1.0,1.0,0
0.0,1.0,1.0,1.0,13.29569682,2.21594947,4.7383752,5.114007496,0.0,3.724,1.0,1.0,0
285.4,1.0,1.0,1.0,3247.72569,541.2876150000001,0.01979407143,0.03555557318,226482.7958,3.724,1.0,1.0,0
7.5,1.0,1.0,1.0,2848.6308768000004,474.7718128,0.02808366667,0.04863887344,0.0,3.724,1.0,1.0,0
914.3736264,1.0,1.0,1.0,46.57756698,7.762927830000001,1.302486811,8.636666795,1268299.787,3.724,1.0,1.0,0
92.16363636,1.0,1.0,1.0,37.41251934,6.23541989,1.633440148,8.459440072000001,15995.99968,3.724,1.0,1.0,0
208.7,1.0,1.0,1.0,29.1916662,4.8652777,2.1262563450000003,4.136445318,326730.0323,3.724,1.0,1.0,0
352.0625,1.0,1.0,1.0,183.22331028,30.53721838,0.3493005333,1.258970537,581015.2426,3.724,1.0,1.0,0
201.3225806,1.0,1.0,1.0,30.50883222,5.08480537,2.0321984,4.042707404,192429.3861,3.724,1.0,1.0,0
9.0,1.0,1.0,1.0,5000.0,1000.0,0.0001,0.0,0.0,3.724,1.0,1.0,0
177.2307692,1.0,1.0,1.0,25.330694639999997,4.22178244,2.46341448,4.3423166339999995,245915.2308,3.724,1.0,1.0,0
7.409090909,1.0,1.0,1.0,13.90156296,2.31692716,4.52158819,5.030298621,27.17391304,3.724,1.0,1.0,0
7.409090909,1.0,1.0,1.0,13.901478480000002,2.31691308,4.521615667000001,5.030373095,27.17391304,3.724,1.0,1.0,0
7.409090909,1.0,1.0,1.0,13.90152096,2.31692016,4.521601857,5.030298940000001,27.17391304,3.724,1.0,1.0,0
7.409090909,1.0,1.0,1.0,13.90149942,2.31691657,4.5216088569999995,5.030349806,27.17391304,3.724,1.0,1.0,0
0.0,1.0,1.0,1.0,41.55839118,6.92639853,1.9250023330000001,3.2898778969999998,0.0,3.724,1.0,1.0,0
61.33333333,1.0,1.0,1.0,17.72334216,2.95389036,3.584505176,4.9583278260000005,32564.32164,3.724,1.0,1.0,0
269.1428571,1.0,1.0,1.0,156.1925028,26.0320838,0.4136906923,1.3987940719999998,300344.0286,3.724,1.0,1.0,0
210.0689655,1.0,1.0,1.0,26.49822726,4.41637121,2.3451703569999998,4.209954888,228194.2023,3.724,1.0,1.0,0
299.5555556,1.0,1.0,1.0,2797.5795755999998,466.26326259999996,0.024128,0.043982156130000005,247184.9333,3.724,1.0,1.0,0
0.0,1.0,1.0,1.0,5000.0,1000.0,0.003712,0.0,0.0,3.724,1.0,1.0,0
299.5555556,1.0,1.0,1.0,3866.9483334,644.4913889,0.017455625,0.02686427152,247184.9333,3.724,1.0,1.0,0
0.0,1.0,1.0,1.0,1165.3540248,194.2256708,0.102973,0.0,0.0,3.724,1.0,1.0,0
0.0,1.0,1.0,1.0,43.77817308,7.29636218,1.8273946669999999,3.136825597,0.0,3.724,1.0,1.0,0
0.0,1.0,1.0,1.0,43.10795418,7.184659030000001,1.855806,3.170734267,0.0,3.724,1.0,1.0,0
276.25,1.0,1.0,1.0,74.09785860000001,12.349643100000002,0.9254171429,2.332839068,258157.5278,3.724,1.0,1.0,0
0.0,1.0,1.0,1.0,2378.592666,396.432111,0.05045,0.0,0.0,3.724,1.0,1.0,0
57.44,1.0,1.0,1.0,24.87839646,4.14639941,2.512219792,4.405120409,19129.62462,3.724,1.0,1.0,0
73.11538462,1.0,1.0,1.0,25.873191600000002,4.3121986,2.41176276,4.330850334,47880.17379,3.724,1.0,1.0,0
188.6333333,1.0,1.0,1.0,29.40634662,4.90105777,2.1107336549999998,4.110704448,312055.0559,3.724,1.0,1.0,0
579.625,1.0,1.0,1.0,76.78206372,12.79701062,0.7913240506,2.673883385,152071.0022,3.724,1.0,1.0,0
0.0,1.0,1.0,1.0,43.37700072,7.22950012,1.844295333,3.149750498,0.0,3.724,1.0,1.0,0
47.5,1.0,1.0,1.0,15.60533568,2.60088928,3.977419448,4.9769041629999995,36395.09892,3.724,1.0,1.0,0
1.409090909,1.0,1.0,1.0,13.8268938,2.3044823,4.546006048000001,5.081526766,41.7826087,3.724,1.0,1.0,0
34.11111111,1.0,1.0,1.0,8.53677036,1.42279506,7.9069715,20.6,470.2333333,3.724,1.0,1.0,0
247.9444444,1.0,1.0,1.0,3302.4897102,550.4149517,0.019236823530000002,0.02078953734,312226.5439,3.724,1.0,1.0,0
179.7241379,1.0,1.0,1.0,14.90408946,2.48401491,4.169517179,15.2,284118.892,3.724,1.0,1.0,0
82.625,1.0,1.0,1.0,183.44465495999998,30.57410916,0.373799,0.9135701321999999,21357.77778,3.724,1.0,1.0,0
0.0,1.0,1.0,1.0,47.47319004,7.91219834,1.6851616669999998,2.874978092,0.0,3.724,1.0,1.0,0
72.0,1.0,1.0,1.0,94.93723464,15.82287244,0.7222817143,1.81810447,17934.25,3.724,1.0,1.0,0
0.0,1.0,1.0,1.0,2377.9799058,396.3299843,0.050463,0.0,0.0,3.724,1.0,1.0,0
0.0,1.0,1.0,1.0,2370.4171932,395.0695322,0.050624,0.0,0.0,3.724,1.0,1.0,0
0.0,1.0,1.0,1.0,43.37708694,7.22951449,1.8442916669999998,3.150130271,0.0,3.724,1.0,1.0,0
77.05555556,1.0,1.0,1.0,17.685102299999997,2.9475170499999996,3.592255824,4.957675362,47839.66667,3.724,1.0,1.0,0
361.1875,1.0,1.0,1.0,171.98161518,28.66360253,0.3721328,1.3851005379999999,595908.1838,3.724,1.0,1.0,0
9.0,1.0,1.0,1.0,5000.0,1000.0,0.0001,0.0,0.0,3.724,1.0,1.0,0
37.45833333,1.0,1.0,1.0,15.856140600000002,2.6426901000000003,3.948545696,4.994287065,15816.04,3.724,1.0,1.0,0
456.2142857,1.0,1.0,1.0,54.54866016,9.09144336,1.184545769,2.9828058709999996,404754.6,3.724,1.0,1.0,0
0.0,1.0,1.0,1.0,3810.3705588000003,635.0617598,0.031493,0.0,0.0,3.724,1.0,1.0,0
347.8,1.0,1.0,1.0,158.73718571999999,26.456197619999998,0.40498207140000003,1.46271113,369823.9292,3.724,1.0,1.0,0
642.6071429,1.0,1.0,1.0,92.91363216,15.485605360000001,0.6696780741,2.398241851,778733.9704,3.724,1.0,1.0,0
723.7333333,1.0,1.0,1.0,98.81747868000001,16.46957978,0.6281172759,2.284121985,918595.8452,3.724,1.0,1.0,0
0.0,1.0,1.0,1.0,5000.0,1000.0,0.0001,0.0,0.0,3.724,1.0,1.0,0
553.3529412,1.0,1.0,1.0,99.50234196,16.58372366,0.6406884375,2.495098374,662023.5458,3.724,1.0,1.0,0
521.8888889,1.0,1.0,1.0,104.71370688,17.45228448,0.6066962352999999,2.4204518829999997,872123.0351,3.724,1.0,1.0,0
673.8421053,1.0,1.0,1.0,178.67845649999998,29.779742749999997,0.3448743784,1.6695227639999999,1364562.989,3.724,1.0,1.0,0
688.86,1.0,1.0,1.0,234.22612002,39.03768667,0.2613905306,1.448452445,930164.9929,3.724,1.0,1.0,0
752.8833333,1.0,1.0,1.0,217.84160238,36.306933730000004,0.2800977797,1.396475104,1357165.419,3.724,1.0,1.0,0
714.038961,1.0,1.0,1.0,279.46488402,46.57748067,0.2175209737,1.204231366,1220079.428,3.724,1.0,1.0,0
0.0,1.0,1.0,1.0,3726.5923415999996,621.0987236,0.032201,0.0,0.0,3.724,1.0,1.0,0
0.0,1.0,1.0,1.0,3721.5072102,620.2512017,0.032245,0.0,0.0,3.724,1.0,1.0,0
0.0,1.0,1.0,1.0,3576.8577305999997,596.1429551,0.033549,0.0,0.0,3.724,1.0,1.0,0
0.0,1.0,1.0,1.0,3678.3864144,613.0644024000001,0.032623,0.0,0.0,3.724,1.0,1.0,0
0.0,1.0,1.0,1.0,3739.2496572,623.2082762,0.032092,0.0,0.0,3.724,1.0,1.0,0
0.0,1.0,1.0,1.0,3711.3784680000003,618.563078,0.032333,0.0,0.0,3.724,1.0,1.0,0
0.0,1.0,1.0,1.0,43.97130504,7.32855084,1.8193683330000001,3.1227763420000003,0.0,3.724,1.0,1.0,0
0.0,1.0,1.0,1.0,44.039864879999996,7.33997748,1.816536,3.11829264,0.0,3.724,1.0,1.0,0
1035.240741,1.0,1.0,1.0,311.94771294000003,51.99128549,0.1959689811,1.372811985,3106464.581,3.724,1.0,1.0,0
920.6222222,1.0,1.0,1.0,260.1683424,43.3613904,0.2358612727,1.5064091480000001,1884315.977,3.724,1.0,1.0,0
1054.569231,1.0,1.0,1.0,374.02168158,62.33694693,0.16292504689999998,1.243838236,1994069.599,3.724,1.0,1.0,0
1202.790323,1.0,1.0,1.0,656.036466,109.339411,0.09220189431,0.8974408188,3235801.98,3.724,1.0,1.0,0
0.0,1.0,1.0,1.0,3721.8534828,620.3089138,0.032242,0.0,0.0,3.724,1.0,1.0,0
0.0,1.0,1.0,1.0,5000.0,932.5458501999999,0.016085,0.02199667775,0.0,3.724,1.0,1.0,0
0.0,1.0,1.0,1.0,3711.4932575999997,618.5822095999999,0.032332,0.0,0.0,3.724,1.0,1.0,0
0.0,1.0,1.0,1.0,3725.666739,620.9444565,0.032209,0.0,0.0,3.724,1.0,1.0,0
347.5333333,1.0,1.0,1.0,2791.9443102,465.3240517,0.02302542857,0.03474440436,369895.8958,3.724,1.0,1.0,0
622.4,1.0,1.0,1.0,144.20564417999998,24.03427403,0.4334088333,2.028528244,838466.1785,3.724,1.0,1.0,0
0.0,1.0,1.0,1.0,5000.0,1000.0,0.000177,0.0,0.0,3.724,1.0,1.0,0
507.2,1.0,1.0,1.0,205.83931841999998,34.30655307,0.32387722220000004,0.6877629692,1790442.091,3.724,1.0,1.0,0
509.6,1.0,1.0,1.0,205.83840036,34.30640006,0.3238786667,0.6879584792,1809674.818,3.724,1.0,1.0,0
563.1111111,1.0,1.0,1.0,370.57637322,61.76272887,0.1714340588,0.5078874346,976862.3743,3.724,1.0,1.0,0
464.9090909,1.0,1.0,1.0,226.41983244,37.73663874,0.29149390000000003,0.6566526881,872216.1515,3.724,1.0,1.0,0
507.6,1.0,1.0,1.0,206.21752716,34.369587859999996,0.3232832222,0.6874834059,1793640.273,3.724,1.0,1.0,0
0.0,1.0,1.0,1.0,60.868121460000005,10.14468691,1.1828851999999999,2.091856507,0.0,3.724,1.0,1.0,0
0.0,1.0,1.0,1.0,4081.0774044,680.1795674,0.029404,0.0,0.0,3.724,1.0,1.0,0
0.0,1.0,1.0,1.0,4159.5895872,693.2649312,0.028849,0.0,0.0,3.724,1.0,1.0,0
0.0,1.0,1.0,1.0,4089.5613947999996,681.5935658,0.029343,0.0,0.0,3.724,1.0,1.0,0
0.0,1.0,1.0,1.0,4086.6366977999996,681.1061162999999,0.029364,0.0,0.0,3.724,1.0,1.0,0
0.0,1.0,1.0,1.0,4191.846858,698.6411429999999,0.028627,0.0,0.0,3.724,1.0,1.0,0
415.5833333,1.0,1.0,1.0,5000.0,1000.0,0.008002636364,0.01077152734,314960.7564,3.724,1.0,1.0,0
178.0,1.0,1.0,1.0,5000.0,1000.0,0.015452,0.0,42245.33333,3.724,1.0,1.0,0
0.0,1.0,1.0,1.0,5000.0,1000.0,0.006767,0.0,0.0,3.724,1.0,1.0,0
450.7272727,1.0,1.0,1.0,5000.0,1000.0,0.0088426,0.01007670305,662817.9697,3.724,1.0,1.0,0
178.0,1.0,1.0,1.0,5000.0,1000.0,0.007328,0.0,42245.33333,3.724,1.0,1.0,0
436.0,1.0,1.0,1.0,5000.0,977.5330325,0.01115981818,0.012453753389999999,302525.2692,3.724,1.0,1.0,0
440.3333333,1.0,1.0,1.0,5000.0,973.2360097000001,0.01120909091,0.01589470728,619983.9359,3.724,1.0,1.0,0
0.0,1.0,1.0,1.0,5000.0,1000.0,0.006381,0.0,0.0,3.724,1.0,1.0,0
350.9285714,1.0,1.0,1.0,5000.0,987.1877137,0.010909,0.01202088338,276894.4095,3.724,1.0,1.0,0
0.0,1.0,1.0,1.0,5000.0,1000.0,0.018515,0.0,0.0,3.724,1.0,1.0,0
0.0,1.0,1.0,1.0,5000.0,1000.0,0.014634,0.0,0.0,3.724,1.0,1.0,0
371.2857143,1.0,1.0,1.0,5000.0,1000.0,0.009467384615000001,0.01335351935,275177.8381,3.724,1.0,1.0,0
0.0,1.0,1.0,1.0,5000.0,1000.0,0.01502,0.0,0.0,3.724,1.0,1.0,0
0.0,1.0,1.0,1.0,3255.2083331999997,542.5347222,0.036864,0.0,0.0,3.724,1.0,1.0,0
394.5384615,1.0,1.0,1.0,5000.0,1000.0,0.00965375,0.010336871020000001,278076.0934,3.724,1.0,1.0,0
369.5,1.0,1.0,1.0,5000.0,1000.0,0.008187692308,0.01089731882,272199.981,3.724,1.0,1.0,0
68.27272727,1.0,1.0,1.0,111.39597726,18.56599621,0.592481,1.8341406580000001,22450.44697,3.724,1.0,1.0,0
262.9285714,1.0,1.0,1.0,141.76140912,23.626901519999997,0.4558037692,1.6032350519999998,228843.8286,3.724,1.0,1.0,0
0.0,1.0,1.0,1.0,5000.0,1000.0,0.019296,0.0,0.0,3.724,1.0,1.0,0
0.0,1.0,1.0,1.0,3984.3283085999997,664.0547181,0.030118,0.0,0.0,3.724,1.0,1.0,0
940.1129032,1.0,1.0,1.0,5000.0,1000.0,0.004711852458999999,0.011119595670000001,1184860.834,3.724,1.0,1.0,0
832.6142857,1.0,1.0,1.0,5000.0,1000.0,0.008549550724999999,0.04401366977,915557.2157,3.724,1.0,1.0,0
389.9230769,1.0,1.0,1.0,1275.318339,212.5530565,0.05096766667,0.1287418871,598924.2253,3.724,1.0,1.0,0
910.6875,1.0,1.0,1.0,5000.0,886.0670116,0.01146496825,0.06321015761,1152755.566,3.724,1.0,1.0,0
337.9333333,1.0,1.0,1.0,1226.1947904,204.36579840000002,0.052427,0.1487367567,286271.4958,3.724,1.0,1.0,0
910.6875,1.0,1.0,1.0,4312.9930038,718.8321673,0.014132269840000001,0.08471467767999999,1100718.066,3.724,1.0,1.0,0
0.0,1.0,1.0,1.0,5000.0,1000.0,0.010787,0.0,0.0,3.724,1.0,1.0,0
0.0,1.0,1.0,1.0,3813.276558,635.546093,0.031469,0.0,0.0,3.724,1.0,1.0,0
0.0,1.0,1.0,1.0,1184.1715734000002,197.3619289,0.0760025,0.04944585589,0.0,3.724,1.0,1.0,0
0.0,1.0,1.0,1.0,5000.0,1000.0,0.008218,0.0,0.0,3.724,1.0,1.0,0
1105.622642,1.0,1.0,1.0,5000.0,1000.0,0.003000192308,0.007396186125999999,1303146.166,3.724,1.0,1.0,0
447.4166667,1.0,1.0,1.0,5000.0,1000.0,0.009508636364,0.01040279455,634069.5,3.724,1.0,1.0,0
1126.884615,1.0,1.0,1.0,5000.0,1000.0,0.0027925882350000003,0.0071061311079999995,1305134.278,3.724,1.0,1.0,0
447.75,1.0,1.0,1.0,5000.0,1000.0,0.008581636364,0.01080827698,634708.7308,3.724,1.0,1.0,0
174.5,1.0,1.0,1.0,5000.0,1000.0,0.01204,0.0,40600.33333,3.724,1.0,1.0,0
0.0,1.0,1.0,1.0,4694.652008999999,782.4420015,0.025561,0.0,0.0,3.724,1.0,1.0,0
0.0,1.0,1.0,1.0,5000.0,1000.0,0.00303,0.0,0.0,3.724,1.0,1.0,0
0.0,1.0,1.0,1.0,4958.677686,826.446281,0.0242,0.0,0.0,3.724,1.0,1.0,0
0.0,1.0,1.0,1.0,5000.0,841.6091567,0.023764,0.0,0.0,3.724,1.0,1.0,0
0.0,1.0,1.0,1.0,5000.0,837.520938,0.02388,0.0,0.0,3.724,1.0,1.0,0
0.0,1.0,1.0,1.0,5000.0,838.9965601,0.023838,0.0,0.0,3.724,1.0,1.0,0
103.4,1.0,1.0,1.0,5000.0,1000.0,0.01201025,0.0130160615,44548.16667,3.724,1.0,1.0,0
0.0,1.0,1.0,1.0,5000.0,1000.0,0.011325,0.0,0.0,3.724,1.0,1.0,0
444.3333333,1.0,1.0,1.0,5000.0,1000.0,0.008965727273,0.01109023451,628273.3077,3.724,1.0,1.0,0
0.0,1.0,1.0,1.0,5000.0,1000.0,0.008729,0.0,0.0,3.724,1.0,1.0,0
444.5833333,1.0,1.0,1.0,5000.0,1000.0,0.007704090909,0.010709064,628735.4231,3.724,1.0,1.0,0
240.5,1.0,1.0,1.0,139.71121692,23.28520282,0.46249246149999995,1.618786002,223233.6952,3.724,1.0,1.0,0
45.66666667,1.0,1.0,1.0,13.78400106,2.29733351,4.520290730999999,5.0619865,28529.2209,3.724,1.0,1.0,0
88.07142857,1.0,1.0,1.0,14.26342404,2.3772373399999998,4.362362222,4.9947736780000005,51409.8202,3.724,1.0,1.0,0
307.8666667,1.0,1.0,1.0,165.3595302,27.559921699999997,0.3887632857,1.396254627,275851.3167,3.724,1.0,1.0,0
313.16,1.0,1.0,1.0,49.34427054,8.224045089999999,1.2666110830000001,3.3730439789999997,297252.6662,3.724,1.0,1.0,0
407.0,1.0,1.0,1.0,41.76117762,6.96019627,1.470949214,3.542154082,546188.936,3.724,1.0,1.0,0
290.25,1.0,1.0,1.0,162.57117144,27.095195240000002,0.3936737333,1.48064216,263308.0294,3.724,1.0,1.0,0
309.6,1.0,1.0,1.0,152.40342744,25.40057124,0.4218127857,1.532451204,275575.9333,3.724,1.0,1.0,0
309.6,1.0,1.0,1.0,152.11492992,25.352488320000003,0.4226127857,1.537817,275575.9333,3.724,1.0,1.0,0
481.0869565,1.0,1.0,1.0,138.05200416,23.00866736,0.45437422730000004,2.047366828,559385.2591,3.724,1.0,1.0,0
490.5862069,1.0,1.0,1.0,86.62370664,14.437284439999999,0.7173885714,2.508437126,670405.6333,3.724,1.0,1.0,0
0.0,1.0,1.0,1.0,12.781386,2.1302309999999998,4.898427739,5.205674019,0.0,3.724,1.0,1.0,0
0.0,1.0,1.0,1.0,12.7801854,2.1300309,4.898887912999999,5.194700053,0.0,3.724,1.0,1.0,0
0.0,1.0,1.0,1.0,12.78136146,2.1302269099999998,4.89843713,5.205439401,0.0,3.724,1.0,1.0,0
307.875,1.0,1.0,1.0,106.40566542,17.73427757,0.644434,1.6786581010000001,294894.5,3.724,1.0,1.0,0
0.0,1.0,1.0,1.0,4222.3786068,703.7297678,0.02842,0.0,0.0,3.724,1.0,1.0,0
167.2,1.0,1.0,1.0,4631.058969,771.8431615,0.016195,0.01864780184,48559.06667,3.724,1.0,1.0,0
9.0,1.0,1.0,1.0,3053.2797312,508.8799552,0.039302,0.0,0.0,3.724,1.0,1.0,0
158.0,1.0,1.0,1.0,4773.2696897999995,795.5449483,0.0157125,0.01789493803,45079.46667,3.724,1.0,1.0,0
9.0,1.0,1.0,1.0,3983.5347234,663.9224538999999,0.030124,0.0,0.0,3.724,1.0,1.0,0
357.5714286,1.0,1.0,1.0,5000.0,1000.0,0.008507846154000001,0.013372431570000001,300240.9238,3.724,1.0,1.0,0
16.33333333,1.0,1.0,1.0,5000.0,1000.0,0.010221,0.01442922098,156.25,3.724,1.0,1.0,0
265.2857143,1.0,1.0,1.0,139.8876003,23.31460005,0.4619093077,1.620683784,276297.9714,3.724,1.0,1.0,0
9.0,1.0,1.0,1.0,5000.0,1000.0,0.0001,0.0,0.0,3.724,1.0,1.0,0
428.4,1.0,1.0,1.0,2555.583951,425.93065850000005,0.025155,0.037701175860000005,428066.3833,3.724,1.0,1.0,0
43.76190476,1.0,1.0,1.0,16.77555444,2.79592574,3.7554645499999997,4.896729059,14176.56494,3.724,1.0,1.0,0
520.7333333,1.0,1.0,1.0,158.79661806,26.466103009999998,0.4048305,1.4478625930000002,1663461.763,3.724,1.0,1.0,0
507.3888889,1.0,1.0,1.0,190.61910438,31.76985073,0.3332793529,1.314679404,837825.117,3.724,1.0,1.0,0
709.9090909,1.0,1.0,1.0,232.88946132,38.81491022,0.2699011905,1.138012177,1673646.134,3.724,1.0,1.0,0
508.7777778,1.0,1.0,1.0,190.54444368,31.757407280000002,0.3334099412,1.315495138,838141.1111,3.724,1.0,1.0,0
603.7333333,1.0,1.0,1.0,158.8237443,26.470624049999998,0.4047613571,1.44846401,1684114.0,3.724,1.0,1.0,0
568.5625,1.0,1.0,1.0,169.3722711,28.22871185,0.3778658667,1.400400692,953918.6103,3.724,1.0,1.0,0
301.7083333,1.0,1.0,1.0,24.71636448,4.11939408,2.479191298,4.328924214,826962.8359,3.724,1.0,1.0,0
166.4666667,1.0,1.0,1.0,29.40157122,4.90026187,2.111076483,4.102243357,141886.6237,3.724,1.0,1.0,0
246.3076923,1.0,1.0,1.0,94.3726782,15.7287797,0.66120832,2.1901088110000004,155729.7721,3.724,1.0,1.0,0
331.1666667,1.0,1.0,1.0,5000.0,1000.0,0.007624818182,0.01027184396,287581.3974,3.724,1.0,1.0,0
304.0,1.0,1.0,1.0,5000.0,1000.0,0.01080158333,0.01130617736,583727.7582,3.724,1.0,1.0,0
280.7727273,1.0,1.0,1.0,85.66082003999999,14.276803339999999,0.7337910476,2.3840161889999996,182904.9842,3.724,1.0,1.0,0
9.0,1.0,1.0,1.0,5000.0,1000.0,0.0001,0.0,0.0,3.724,1.0,1.0,0
144.1111111,1.0,1.0,1.0,8.55859488,1.42643248,7.886808625,20.7,46608.9,3.724,1.0,1.0,0
742.6557377,1.0,1.0,1.0,174.02445108,29.00407518,0.3466735275,4.323312199,724913.4501,3.724,1.0,1.0,0
396.1547619,1.0,1.0,1.0,43.78867998,7.29811333,1.3867257830000002,2.213743768,114824.1339,3.724,1.0,1.0,0
35.16666667,1.0,1.0,1.0,61.509662399999996,10.2516104,1.1705478,2.6073630729999997,290.1428571,3.724,1.0,1.0,0
967.0860927,1.0,1.0,1.0,412.37017679999997,68.7283628,0.14647034,1.15593897,903239.8569,3.724,1.0,1.0,0
369.6666667,1.0,1.0,1.0,891.9251046,148.6541841,0.075679,0.06825773602,849580.9,3.724,1.0,1.0,0
369.6666667,1.0,1.0,1.0,903.2184684,150.5364114,0.07473275,0.06842199269,849580.9,3.724,1.0,1.0,0
90.0,1.0,1.0,1.0,3143.1714599999996,523.86191,0.0286335,0.04033973476,16137.0,3.724,1.0,1.0,0
309.4090909,1.0,1.0,1.0,78.62635938,13.10439323,0.7994410952,2.454861446,237403.0435,3.724,1.0,1.0,0
103.4,1.0,1.0,1.0,829.9329137999999,138.3221523,0.09036875,0.11292331200000001,44548.16667,3.724,1.0,1.0,0
103.4,1.0,1.0,1.0,831.6377166,138.60628609999998,0.0901835,0.1126107259,44548.16667,3.724,1.0,1.0,0
71.36363636,1.0,1.0,1.0,123.98533967999998,20.664223279999998,0.532321,1.477227315,22451.53788,3.724,1.0,1.0,0
71.36363636,1.0,1.0,1.0,113.5984779,18.93307965,0.5809937,1.698156041,22451.53788,3.724,1.0,1.0,0
0.0,1.0,1.0,1.0,5000.0,1000.0,0.000129,0.0,0.0,3.724,1.0,1.0,0
138.8,1.0,1.0,1.0,16.30748952,2.71791492,3.8061631379999996,4.922512909,47702.35914,3.724,1.0,1.0,0
148.2820513,1.0,1.0,1.0,19.8589074,3.3098179,3.100822526,4.538956617999999,235747.9429,3.724,1.0,1.0,0
73.27272727,1.0,1.0,1.0,109.93195212,18.32199202,0.6003714,1.8737967720000002,22500.69697,3.724,1.0,1.0,0
73.27272727,1.0,1.0,1.0,109.92993798,18.32165633,0.6003824,1.873833747,22500.69697,3.724,1.0,1.0,0
124.952381,1.0,1.0,1.0,41.24319426,6.8738657100000005,1.52752475,3.6591351179999996,61166.58874,3.724,1.0,1.0,0
753.5068493,1.0,1.0,1.0,143.3814579,23.896909649999998,0.4242761528,2.01276235,1053938.304,3.724,1.0,1.0,0
658.3658537,1.0,1.0,1.0,40.93611036,6.8226850599999995,1.502341075,3.6027617039999997,1060163.487,3.724,1.0,1.0,0
529.15625,1.0,1.0,1.0,31.94849316,5.324748860000001,1.938604226,4.004737023,1119677.922,3.724,1.0,1.0,0
551.5777778,1.0,1.0,1.0,44.927463839999994,7.487910639999999,1.365837977,3.4587239210000003,505038.5589,3.724,1.0,1.0,0
598.4054054,1.0,1.0,1.0,36.94214922,6.15702487,1.669276639,3.7679061209999998,973642.8798,3.724,1.0,1.0,0
565.5106383,1.0,1.0,1.0,46.92502788,7.82083798,1.306431783,3.3950382930000003,545154.7974,3.724,1.0,1.0,0
774.5714286,1.0,1.0,1.0,62.84800734,10.47466789,0.9700823386999999,2.973150844,945063.4276,3.724,1.0,1.0,0
783.828125,1.0,1.0,1.0,63.84557778,10.64092963,0.9546844603,2.9518488119999997,1052724.212,3.724,1.0,1.0,0
693.2407407,1.0,1.0,1.0,53.870747040000005,8.97845784,1.134791679,3.188361362,947717.9394,3.724,1.0,1.0,0
434.0810811,1.0,1.0,1.0,36.904701,6.1507835,1.6709705,3.762520232,636449.8528,3.724,1.0,1.0,0
861.9705882,1.0,1.0,1.0,67.80519906,11.30086651,0.8980951790999999,2.8700709449999997,1197704.43,3.724,1.0,1.0,0
74.72727273,1.0,1.0,1.0,112.28836193999999,18.71472699,0.5877724,1.814190086,22212.81818,3.724,1.0,1.0,0
636.45,1.0,1.0,1.0,39.93756828,6.65626138,1.540866513,3.641335929,961180.0195,3.724,1.0,1.0,0
64.25,1.0,1.0,1.0,5000.0,1000.0,0.0001,0.00012874911,76.8,3.724,1.0,1.0,0
85.25,1.0,1.0,1.0,5000.0,1000.0,0.0001,0.0001512657705,1009.2,3.724,1.0,1.0,0
85.25,1.0,1.0,1.0,5000.0,1000.0,0.0001,0.00014029611539999998,1009.2,3.724,1.0,1.0,0
64.25,1.0,1.0,1.0,5000.0,1000.0,0.0001,0.00013077079180000002,76.8,3.724,1.0,1.0,0
64.25,1.0,1.0,1.0,5000.0,1000.0,0.0001,0.0001105637071,76.8,3.724,1.0,1.0,0
85.25,1.0,1.0,1.0,5000.0,1000.0,0.000108,0.0001455884611,1009.2,3.724,1.0,1.0,0
85.25,1.0,1.0,1.0,5000.0,1000.0,0.0001,0.0001449149176,1009.2,3.724,1.0,1.0,0
64.25,1.0,1.0,1.0,5000.0,1000.0,0.0001,0.0001058410758,76.8,3.724,1.0,1.0,0
64.25,1.0,1.0,1.0,5000.0,1000.0,0.0001,0.00014145081600000002,76.8,3.724,1.0,1.0,0
85.25,1.0,1.0,1.0,5000.0,1000.0,0.0001046666667,0.0001795559337,1009.2,3.724,1.0,1.0,0
85.25,1.0,1.0,1.0,5000.0,1000.0,0.0001103333333,0.0001385833083,1009.2,3.724,1.0,1.0,0
85.25,1.0,1.0,1.0,5000.0,1000.0,0.0001,0.00012788406209999999,1009.2,3.724,1.0,1.0,0
64.25,1.0,1.0,1.0,5000.0,1000.0,0.0001,0.0001570392732,76.8,3.724,1.0,1.0,0
64.25,1.0,1.0,1.0,5000.0,1000.0,0.0001,0.0001174918437,76.8,3.724,1.0,1.0,0
85.25,1.0,1.0,1.0,5000.0,1000.0,0.000126,0.0001775021127,1009.2,3.724,1.0,1.0,0
64.25,1.0,1.0,1.0,5000.0,1000.0,0.00010666666669999999,0.0001778238829,76.8,3.724,1.0,1.0,0
49.25,1.0,1.0,1.0,5000.0,1000.0,0.0001,5.37246064e-05,76.8,3.724,1.0,1.0,0
73.25,1.0,1.0,1.0,5000.0,1000.0,0.0001,0.0001183568052,1228.8,3.724,1.0,1.0,0
56.0,1.0,1.0,1.0,5000.0,834.1501053000001,0.01598433333,0.02764238494,307.2,3.724,1.0,1.0,0
74.25,1.0,1.0,1.0,3862.9303548000003,643.8217258,0.020709666669999998,0.035865864750000004,940.8,3.724,1.0,1.0,0
58.0,1.0,1.0,1.0,5000.0,1000.0,0.007979,0.01381656933,76.8,3.724,1.0,1.0,0
55.5,1.0,1.0,1.0,5000.0,1000.0,0.0001,8.025168741999999e-05,76.8,3.724,1.0,1.0,0
58.0,1.0,1.0,1.0,5000.0,1000.0,0.007857666667,0.01356486407,76.8,3.724,1.0,1.0,0
82.0,1.0,1.0,1.0,5000.0,1000.0,0.0001,7.765951326e-05,2116.8,3.724,1.0,1.0,0
48.0,1.0,1.0,1.0,5000.0,1000.0,0.0001,9.43980932e-05,76.8,3.724,1.0,1.0,0
87.5,1.0,1.0,1.0,5000.0,1000.0,0.0001,0.0001070015576,3000.0,3.724,1.0,1.0,0
88.5,1.0,1.0,1.0,5000.0,1000.0,0.0001,7.782244749e-05,2017.2,3.724,1.0,1.0,0
76.0,1.0,1.0,1.0,5000.0,1000.0,0.0001,0.0001385640646,1778.7,3.724,1.0,1.0,0
54.25,1.0,1.0,1.0,5000.0,1000.0,0.0001,9.670746266e-05,76.8,3.724,1.0,1.0,0
79.25,1.0,1.0,1.0,5000.0,1000.0,0.0001,0.00014029611539999998,1732.8,3.724,1.0,1.0,0
49.25,1.0,1.0,1.0,5000.0,1000.0,0.0001,0.0001677209985,76.8,3.724,1.0,1.0,0
56.0,1.0,1.0,1.0,4905.768366,817.6280610000001,0.01630733333,0.02823993373,307.2,3.724,1.0,1.0,0
88.25,1.0,1.0,1.0,5000.0,1000.0,0.0001,0.0001073871501,2116.8,3.724,1.0,1.0,0
48.0,1.0,1.0,1.0,5000.0,1000.0,0.0001,8.667371765999999e-05,76.8,3.724,1.0,1.0,0
62.25,1.0,1.0,1.0,3887.6470013999997,647.9411669,0.020578,0.03563521331,307.2,3.724,1.0,1.0,0
73.0,1.0,1.0,1.0,5000.0,1000.0,0.0001,0.0001245404887,1306.8,3.724,1.0,1.0,0
55.5,1.0,1.0,1.0,5000.0,1000.0,0.0001,5.7951128840000004e-05,76.8,3.724,1.0,1.0,0
54.25,1.0,1.0,1.0,5000.0,1000.0,0.0001,2.858321186e-05,76.8,3.724,1.0,1.0,0
74.25,1.0,1.0,1.0,5000.0,1000.0,0.0001,0.00016916362889999998,1306.8,3.724,1.0,1.0,0
73.25,1.0,1.0,1.0,5000.0,1000.0,0.0001,8.002707875e-05,1228.8,3.724,1.0,1.0,0
78.5,1.0,1.0,1.0,5000.0,1000.0,0.0003876666667,0.000625963524,974.7,3.724,1.0,1.0,0
68.0,1.0,1.0,1.0,5000.0,1000.0,0.0001,0.0001172021046,940.8,3.724,1.0,1.0,0
41.75,1.0,1.0,1.0,5000.0,1000.0,0.0001,5.536545253e-05,76.8,3.724,1.0,1.0,0
66.75,1.0,1.0,1.0,5000.0,1000.0,0.0001,0.0001342348688,940.8,3.724,1.0,1.0,0
62.25,1.0,1.0,1.0,5000.0,1000.0,0.0001,0.0001333679122,974.7,3.724,1.0,1.0,0
68.0,1.0,1.0,1.0,5000.0,1000.0,0.0001,0.0001198012243,940.8,3.724,1.0,1.0,0
68.0,1.0,1.0,1.0,5000.0,1000.0,0.0001,7.332348419e-05,940.8,3.724,1.0,1.0,0
53.0,1.0,1.0,1.0,5000.0,1000.0,0.0001,0.0001518431208,76.8,3.724,1.0,1.0,0
68.0,1.0,1.0,1.0,5000.0,1000.0,0.0001,0.00010623715610000001,940.8,3.724,1.0,1.0,0
74.0,1.0,1.0,1.0,5000.0,1000.0,0.008263333333,0.01427096249,1387.2,3.724,1.0,1.0,0
68.0,1.0,1.0,1.0,5000.0,1000.0,0.0001,0.00010301456210000001,940.8,3.724,1.0,1.0,0
72.75,1.0,1.0,1.0,5000.0,1000.0,0.007329666667000001,0.01269189101,1387.2,3.724,1.0,1.0,0
88.5,1.0,1.0,1.0,5000.0,1000.0,0.00010666666669999999,0.00018215469619999998,1555.2,3.724,1.0,1.0,0
68.0,1.0,1.0,1.0,5000.0,1000.0,0.0001,0.0001010412457,940.8,3.724,1.0,1.0,0
74.0,1.0,1.0,1.0,5000.0,1000.0,0.004862,0.008418632965,1387.2,3.724,1.0,1.0,0
41.75,1.0,1.0,1.0,5000.0,1000.0,0.0001,9.641749495000001e-05,76.8,3.724,1.0,1.0,0
53.5,1.0,1.0,1.0,5000.0,1000.0,0.0001,9.843949071999999e-05,307.2,3.724,1.0,1.0,0
68.0,1.0,1.0,1.0,5000.0,1000.0,0.0001,0.00012888884100000002,940.8,3.724,1.0,1.0,0
67.5,1.0,1.0,1.0,5000.0,1000.0,0.0001,0.0001085418506,1080.0,3.724,1.0,1.0,0
82.5,1.0,1.0,1.0,5000.0,1000.0,0.0001,0.0001079645003,1080.0,3.724,1.0,1.0,0
82.5,1.0,1.0,1.0,5000.0,1000.0,0.0001,7.179368589000001e-05,1080.0,3.724,1.0,1.0,0
53.0,1.0,1.0,1.0,5000.0,1000.0,0.0001,6.863186820999999e-05,76.8,3.724,1.0,1.0,0
74.0,1.0,1.0,1.0,5000.0,1000.0,0.006662,0.0115363245,1387.2,3.724,1.0,1.0,0
68.0,1.0,1.0,1.0,5000.0,1000.0,0.0001,8.650048169e-05,940.8,3.724,1.0,1.0,0
66.75,1.0,1.0,1.0,5000.0,1000.0,0.0001,6.264449963e-05,940.8,3.724,1.0,1.0,0
74.0,1.0,1.0,1.0,5000.0,1000.0,0.007601,0.01312203887,1387.2,3.724,1.0,1.0,0
78.0,1.0,1.0,1.0,5000.0,1000.0,0.00011,0.0001491676909,1306.8,3.724,1.0,1.0,0
53.0,1.0,1.0,1.0,5000.0,1000.0,0.0001,0.00010680979979999999,76.8,3.724,1.0,1.0,0
51.75,1.0,1.0,1.0,5000.0,1000.0,0.0001,7.333030297e-05,76.8,3.724,1.0,1.0,0
51.75,1.0,1.0,1.0,5000.0,1000.0,0.0001,3.0038863719999998e-05,76.8,3.724,1.0,1.0,0
51.75,1.0,1.0,1.0,5000.0,1000.0,0.0001,2.6274195200000003e-05,76.8,3.724,1.0,1.0,0
53.0,1.0,1.0,1.0,5000.0,1000.0,0.0001,8.891194146e-05,76.8,3.724,1.0,1.0,0
78.0,1.0,1.0,1.0,4699.064103,783.1773505,0.017024666669999997,0.029483257559999997,1968.3,3.724,1.0,1.0,0
51.75,1.0,1.0,1.0,5000.0,1000.0,0.0001,2.713546265e-05,76.8,3.724,1.0,1.0,0
70.0,1.0,1.0,1.0,5000.0,1000.0,0.0001,0.0001105637071,1080.0,3.724,1.0,1.0,0
69.5,1.0,1.0,1.0,5000.0,1000.0,0.008318333333,0.014404311900000001,1228.8,3.724,1.0,1.0,0
75.75,1.0,1.0,1.0,4902.0609084,817.0101513999999,0.01631966667,0.02822320076,1228.8,3.724,1.0,1.0,0
131.75,1.0,1.0,1.0,1987.4130504,331.2355084,0.04025333333,0.06967665484,9828.3,3.724,1.0,1.0,0
131.75,1.0,1.0,1.0,1992.1641546,332.0273591,0.04015733333,0.06955107753999999,9828.3,3.724,1.0,1.0,0
85.25,1.0,1.0,1.0,5000.0,1000.0,0.00012133333330000001,0.00020755802399999998,1009.2,3.724,1.0,1.0,0
77.0,1.0,1.0,1.0,5000.0,1000.0,0.0001,0.00011431535329999999,1228.8,3.724,1.0,1.0,0
48.0,1.0,1.0,1.0,5000.0,1000.0,0.0001,0.00010107587909999999,76.8,3.724,1.0,1.0,0
115.75,1.0,1.0,1.0,1525.4851362,254.2475227,0.05244233333,0.09082845569,6660.3,3.724,1.0,1.0,0
78.0,1.0,1.0,1.0,4754.2639806,792.3773301,0.016827,0.029101927569999998,1968.3,3.724,1.0,1.0,0
64.25,1.0,1.0,1.0,5000.0,1000.0,0.0001,0.0001177794549,76.8,3.724,1.0,1.0,0
70.0,1.0,1.0,1.0,5000.0,1000.0,0.0001,4.331281566e-05,1080.0,3.724,1.0,1.0,0
75.75,1.0,1.0,1.0,4921.2598428,820.2099738,0.016256,0.028152753840000003,1228.8,3.724,1.0,1.0,0
51.75,1.0,1.0,1.0,5000.0,1000.0,0.0001,7.519530127e-05,76.8,3.724,1.0,1.0,0
48.0,1.0,1.0,1.0,5000.0,1000.0,0.0001,6.277207447e-05,76.8,3.724,1.0,1.0,0
69.5,1.0,1.0,1.0,5000.0,1000.0,0.008213666667,0.01418320702,1228.8,3.724,1.0,1.0,0
51.75,1.0,1.0,1.0,5000.0,1000.0,0.0001,9.035670054e-05,76.8,3.724,1.0,1.0,0
69.5,1.0,1.0,1.0,5000.0,1000.0,0.008425333333000001,0.01454809026,1228.8,3.724,1.0,1.0,0
69.5,1.0,1.0,1.0,5000.0,1000.0,0.008535,0.01477958957,1228.8,3.724,1.0,1.0,0
48.0,1.0,1.0,1.0,5000.0,1000.0,0.0001,0.00010132620590000001,76.8,3.724,1.0,1.0,0
75.75,1.0,1.0,1.0,4870.3275294,811.7212549,0.016426,0.02844633648,1228.8,3.724,1.0,1.0,0
59.25,1.0,1.0,1.0,5000.0,839.5248289,0.015882,0.027464272850000002,76.8,3.724,1.0,1.0,0
59.25,1.0,1.0,1.0,5000.0,836.1378791,0.01594633333,0.027615529439999998,76.8,3.724,1.0,1.0,0
71.5,1.0,1.0,1.0,3142.512963,523.7521605,0.02545733333,0.044089064659999996,691.2,3.724,1.0,1.0,0
93.25,1.0,1.0,1.0,5000.0,1000.0,0.0001,0.0001697439248,2116.8,3.724,1.0,1.0,0
89.5,1.0,1.0,1.0,5000.0,1000.0,0.0001,0.0001296238147,2116.8,3.724,1.0,1.0,0
71.5,1.0,1.0,1.0,3147.8712522,524.6452087,0.025414,0.04397244563,691.2,3.724,1.0,1.0,0
85.25,1.0,1.0,1.0,5000.0,1000.0,0.00012266666669999998,0.0002090031898,1009.2,3.724,1.0,1.0,0
62.0,1.0,1.0,1.0,1975.6989036000002,329.2831506,0.040492,0.07012987119000001,346.8,3.724,1.0,1.0,0
64.25,1.0,1.0,1.0,5000.0,1000.0,0.0003636666667,0.0006238271661999999,76.8,3.724,1.0,1.0,0
94.0,1.0,1.0,1.0,2197.7418204,366.29030339999997,0.036401,0.06304231927,2881.2,3.724,1.0,1.0,0
85.25,1.0,1.0,1.0,5000.0,1000.0,0.0001036666667,0.0001752322269,1009.2,3.724,1.0,1.0,0
64.25,1.0,1.0,1.0,3876.0315893999996,646.0052648999999,0.020639666669999997,0.03574288914,76.8,3.724,1.0,1.0,0
60.0,1.0,1.0,1.0,5000.0,1000.0,0.0001,0.0001362546635,0.0,3.724,1.0,1.0,0
85.25,1.0,1.0,1.0,5000.0,1000.0,0.0001103333333,0.000150672935,1009.2,3.724,1.0,1.0,0
64.25,1.0,1.0,1.0,5000.0,1000.0,0.0001,0.0001541525219,76.8,3.724,1.0,1.0,0
64.25,1.0,1.0,1.0,5000.0,1000.0,0.0001,0.0001172021046,76.8,3.724,1.0,1.0,0
85.25,1.0,1.0,1.0,5000.0,1000.0,0.0001133333333,0.0001480956898,1009.2,3.724,1.0,1.0,0
85.25,1.0,1.0,1.0,5000.0,1000.0,0.0001,0.00013885364000000002,1009.2,3.724,1.0,1.0,0
64.25,1.0,1.0,1.0,5000.0,1000.0,0.0001,8.372176141e-05,76.8,3.724,1.0,1.0,0
149.4137931,1.0,1.0,1.0,26.31371046,4.38561841,2.3616151430000003,4.166016647,175174.8747,3.724,1.0,1.0,0
105.8,1.0,1.0,1.0,186.99655074,31.166091790000003,0.3437802143,1.231260051,31624.5625,3.724,1.0,1.0,0
113.0714286,1.0,1.0,1.0,150.32779512000002,25.054632520000002,0.4298299231,1.5198275239999999,32965.69524,3.724,1.0,1.0,0
113.3571429,1.0,1.0,1.0,150.32927478,25.05487913,0.4298256923,1.519833787,33133.88571,3.724,1.0,1.0,0
118.4074074,1.0,1.0,1.0,35.510220960000005,5.91837016,1.754641077,3.736896442,34797.11508,3.724,1.0,1.0,0
1143.80531,1.0,1.0,1.0,954.8149998,159.1358333,0.06340046429,0.6550960688999999,1456747.027,3.724,1.0,1.0,0
0.0,1.0,1.0,1.0,5000.0,1000.0,0.000156,0.0,0.0,3.724,1.0,1.0,0
0.0,1.0,1.0,1.0,5000.0,1000.0,0.000176,0.0,0.0,3.724,1.0,1.0,0
0.0,1.0,1.0,1.0,5000.0,1000.0,0.000333,0.0,0.0,3.724,1.0,1.0,0
0.0,1.0,1.0,1.0,5000.0,1000.0,0.00015,0.0,0.0,3.724,1.0,1.0,0
277.7692308,1.0,1.0,1.0,148.19208504,24.698680839999998,0.4386199167,1.481133329,273189.456,3.724,1.0,1.0,0
702.9642857,1.0,1.0,1.0,165.76713329999998,27.62785555,0.3685345091,1.890321873,936618.0583,3.724,1.0,1.0,0
600.6111111,1.0,1.0,1.0,106.56449633999999,17.76074939,0.5791261429,2.3562362599999997,713671.9084,3.724,1.0,1.0,0
831.703125,1.0,1.0,1.0,189.44642321999999,31.574403869999998,0.3217394127,1.76777212,938866.5851,3.724,1.0,1.0,0
751.225,1.0,1.0,1.0,118.40668998000001,19.73444833,0.5197211538,2.2353102110000003,999746.2902,3.724,1.0,1.0,0
652.9473684,1.0,1.0,1.0,112.48658304,18.74776384,0.5478130810999999,2.293558544,930944.4831,3.724,1.0,1.0,0
739.6,1.0,1.0,1.0,266.40208008,44.40034668,0.2277540674,1.4910929080000002,740894.5409,3.724,1.0,1.0,0
600.6153846,1.0,1.0,1.0,115.44029196,19.24004866,0.5334268158,2.264563966,712993.6308,3.724,1.0,1.0,0
758.8448276,1.0,1.0,1.0,171.68477076,28.61412846,0.3556088947,1.853311858,917893.5687,3.724,1.0,1.0,0
749.0769231,1.0,1.0,1.0,153.92255346,25.65375891,0.3974496863,1.9617717609999998,870526.5544,3.724,1.0,1.0,0
739.3584906,1.0,1.0,1.0,156.87597768,26.145996280000002,0.3898228846,1.9434999229999999,883529.283,3.724,1.0,1.0,0
699.6285714,1.0,1.0,1.0,103.5954222,17.2659037,0.5962107647,2.3895556460000003,1095926.961,3.724,1.0,1.0,0
713.8780488,1.0,1.0,1.0,121.35900774000001,20.22650129,0.5067609000000001,2.207564438,1133370.449,3.724,1.0,1.0,0
625.5405405,1.0,1.0,1.0,109.51815906,18.25302651,0.5630725278000001,2.3248162740000002,834496.2368,3.724,1.0,1.0,0
782.7903226,1.0,1.0,1.0,183.49980594,30.583300989999998,0.332336082,1.796030885,891640.9775,3.724,1.0,1.0,0
624.6875,1.0,1.0,1.0,94.71731442000001,15.786219070000001,0.6538982258,2.496697119,874609.0644,3.724,1.0,1.0,0
675.1463415,1.0,1.0,1.0,121.35347004,20.225578340000002,0.506784025,2.205649133,1105830.068,3.724,1.0,1.0,0
624.9705882,1.0,1.0,1.0,100.63301124,16.772168540000003,0.6142932727,2.4245850079999998,721691.5748,3.724,1.0,1.0,0
587.7,1.0,1.0,1.0,118.38533646,19.73088941,0.5198148974,2.235212065,786917.7878,3.724,1.0,1.0,0
636.0731707,1.0,1.0,1.0,121.34456286000001,20.22409381,0.5068212249999999,2.207740054,803355.5314,3.724,1.0,1.0,0
585.9761905,1.0,1.0,1.0,124.30538813999999,20.71756469,0.4944549512,2.1815855920000002,780862.8516,3.724,1.0,1.0,0
647.0810811,1.0,1.0,1.0,109.50618234000001,18.25103039,0.5631341111,2.322997679,887396.9701,3.724,1.0,1.0,0
624.5789474,1.0,1.0,1.0,112.47258852,18.74543142,0.5478812432,2.293245435,808614.1997,3.724,1.0,1.0,0
635.6491228,1.0,1.0,1.0,160.79754834000002,26.799591390000003,0.3798032321,1.873615302,720396.7792,3.724,1.0,1.0,0
522.0408163,1.0,1.0,1.0,138.23092716,23.03848786,0.4430991042,2.020284338,453648.898,3.724,1.0,1.0,0
549.2888889,1.0,1.0,1.0,106.84007154,17.80667859,0.5743503863999999,2.1908030469999997,561477.7874,3.724,1.0,1.0,0
620.1153846,1.0,1.0,1.0,201.1115625,33.51859375,0.3022164416,1.617538584,549182.6592,3.724,1.0,1.0,0
325.90625,1.0,1.0,1.0,25.329727440000003,4.22162124,2.445169774,4.2295200710000005,595123.3428,3.724,1.0,1.0,0
92.92,1.0,1.0,1.0,19.88554044,3.3142567400000003,3.14298725,4.574876732,45808.95538,3.724,1.0,1.0,0
271.7837838,1.0,1.0,1.0,29.34995832,4.89165972,2.1010819169999997,3.997630123,236479.3201,3.724,1.0,1.0,0
184.2903226,1.0,1.0,1.0,24.738751139999998,4.12312519,2.506189567,4.294846425,182771.2893,3.724,1.0,1.0,0
237.4242424,1.0,1.0,1.0,26.192263920000002,4.36537732,2.36233875,4.177569736,347066.0722,3.724,1.0,1.0,0
123.6428571,1.0,1.0,1.0,22.26445428,3.71074238,2.794688852,4.414574108,56727.17241,3.724,1.0,1.0,0
229.9705882,1.0,1.0,1.0,26.82838218,4.47139703,2.304208333,4.138234928,210501.3647,3.724,1.0,1.0,0
123.9642857,1.0,1.0,1.0,22.24690452,3.7078174200000005,2.796893481,4.417061185,57040.2931,3.724,1.0,1.0,0
91.72,1.0,1.0,1.0,19.68137532,3.28022922,3.175591083,4.580849454,44561.92154,3.724,1.0,1.0,0
306.475,1.0,1.0,1.0,31.27565172,5.21260862,1.967615641,3.893744938,254430.4,3.724,1.0,1.0,0
230.1764706,1.0,1.0,1.0,26.629631999999997,4.4382719999999996,2.3214057880000003,4.148888631,210851.1294,3.724,1.0,1.0,0
91.92,1.0,1.0,1.0,19.61098884,3.26849814,3.186988708,4.585636554,44764.80615,3.724,1.0,1.0,0
91.88,1.0,1.0,1.0,19.61197626,3.26866271,3.18682825,4.581594766,44724.07538,3.724,1.0,1.0,0
400.4210526,1.0,1.0,1.0,193.89051,32.315084999999996,0.3266448333,1.3569340859999999,586470.6737,3.724,1.0,1.0,0
400.4210526,1.0,1.0,1.0,193.88279376,32.31379896,0.3266578333,1.357960276,589519.0947,3.724,1.0,1.0,0
380.4,1.0,1.0,1.0,204.08114676000002,34.01352446,0.30947442109999995,1.322828081,357263.4143,3.724,1.0,1.0,0
392.3333333,1.0,1.0,1.0,158.43929550000001,26.40654925,0.4057435,1.394342492,495611.8958,3.724,1.0,1.0,0
369.8125,1.0,1.0,1.0,167.12984268,27.85497378,0.3829358,1.352176088,471985.6838,3.724,1.0,1.0,0
392.3333333,1.0,1.0,1.0,158.41419642,26.40236607,0.40580778570000003,1.3997447809999999,495611.8958,3.724,1.0,1.0,0
394.4666667,1.0,1.0,1.0,156.6615357,26.110255950000003,0.4103477857,1.399645805,611289.4958,3.724,1.0,1.0,0
490.3409091,1.0,1.0,1.0,40.28763786,6.71460631,1.523925256,3.515851551,765459.798,3.724,1.0,1.0,0
562.952381,1.0,1.0,1.0,38.45642856,6.40940476,1.598261122,3.58362817,1022113.409,3.724,1.0,1.0,0
72.0,1.0,1.0,1.0,2788.3632306,464.7272051,0.043036,0.0,0.0,3.724,1.0,1.0,0
8.0,1.0,1.0,1.0,5000.0,1000.0,0.0001,3.39411255e-05,0.0,3.724,1.0,1.0,0
240.4285714,1.0,1.0,1.0,140.50850028,23.41808338,0.45986815379999996,1.597741512,259418.1143,3.724,1.0,1.0,0
208.6923077,1.0,1.0,1.0,25.74095718,4.29015953,2.42415228,4.353561525,374924.8832,3.724,1.0,1.0,0
9.0,1.0,1.0,1.0,5000.0,1000.0,0.0001,0.0,0.0,3.724,1.0,1.0,0
157.04,1.0,1.0,1.0,1800.7289352,300.12148920000004,0.03470816667,0.04877052424,87883.36,3.724,1.0,1.0,0
320.6875,1.0,1.0,1.0,1714.3102044,285.7183674,0.037332800000000006,0.06296136859,287144.9044,3.724,1.0,1.0,0
303.6470588,1.0,1.0,1.0,174.5022153,29.083702549999998,0.365324875,1.316123734,274328.7712,3.724,1.0,1.0,0
9.0,1.0,1.0,1.0,5000.0,1000.0,0.0001,0.0,0.0,3.724,1.0,1.0,0
9.0,1.0,1.0,1.0,5000.0,1000.0,0.0001,0.0,0.0,3.724,1.0,1.0,0
407.1875,1.0,1.0,1.0,1652.1899262000002,275.36498770000003,0.038736466670000004,0.0797577959,405455.5662,3.724,1.0,1.0,0
6.0,1.0,1.0,1.0,2333.6920302,388.9486717,0.0385655,0.054535610500000005,9.0,3.724,1.0,1.0,0
328.35,1.0,1.0,1.0,58.5828201,9.76380335,1.078095842,3.130664592,496551.6143,3.724,1.0,1.0,0
0.0,1.0,1.0,1.0,3139.3067364,523.2177894,0.038225,0.0,0.0,3.724,1.0,1.0,0
3.875,1.0,1.0,1.0,19.39301634,3.2321693899999997,3.535882571,4.742296042,106.7777778,3.724,1.0,1.0,0
609.6086957,1.0,1.0,1.0,2470.1346402,411.6891067,0.02539427273,0.04062455039,642561.3025,3.724,1.0,1.0,0
483.5263158,1.0,1.0,1.0,1442.4774168,240.41290279999998,0.04390594444,0.06708563226,677539.8184,3.724,1.0,1.0,0
9.0,1.0,1.0,1.0,1136.4066822,189.4011137,0.105596,0.0,0.0,3.724,1.0,1.0,0
9.0,1.0,1.0,1.0,1148.5891494,191.4315249,0.104476,0.0,0.0,3.724,1.0,1.0,0
72.0,1.0,1.0,1.0,5000.0,1000.0,0.016403,0.0,0.0,3.724,1.0,1.0,0
53.84615385,1.0,1.0,1.0,5000.0,1000.0,0.0001,1.9924098400000003e-06,0.0,3.724,1.0,1.0,0
73.0,1.0,1.0,1.0,5000.0,1000.0,0.00010666666669999999,0.00018302003529999998,1306.8,3.724,1.0,1.0,0
75.0,1.0,1.0,1.0,5000.0,1000.0,0.0001,0.00011527937079999999,1470.0,3.724,1.0,1.0,0
113.1529412,1.0,1.0,1.0,3913.7351381999997,652.2891897,0.01551313095,0.1047555815,57449.78495,3.724,1.0,1.0,0
112.7951807,1.0,1.0,1.0,3739.7663322,623.2943887,0.01623943902,0.1062478625,58378.13024,3.724,1.0,1.0,0
0.0,1.0,1.0,1.0,5000.0,1000.0,0.0001,7.07106781e-07,0.0,3.724,1.0,1.0,0
0.0,1.0,1.0,1.0,5000.0,1000.0,0.000143,0.0,0.0,3.724,1.0,1.0,0
147.45,1.0,1.0,1.0,1317.9557189999998,219.65928649999998,0.04669235897,0.1244016227,202633.978,3.724,1.0,1.0,0
37.0,1.0,1.0,1.0,5000.0,1000.0,0.0001,0.0,456.3333333,3.724,1.0,1.0,0
55.5,1.0,1.0,1.0,1.8729922799999998,0.31216538,64.1,0.0,0.0,3.724,1.0,1.0,0
55.5,1.0,1.0,1.0,1.87299216,0.31216536,64.1,0.0,0.0,3.724,1.0,1.0,0
53.84615385,1.0,1.0,1.0,5000.0,1000.0,0.0001,2.00567377e-06,0.0,3.724,1.0,1.0,0
87.0,1.0,1.0,1.0,1233.647742,205.607957,0.06484833333000001,0.112275577,2650.8,3.724,1.0,1.0,0
71.84810127,1.0,1.0,1.0,5000.0,1000.0,0.0008258974359,0.004937204837,9707.541772,3.724,1.0,1.0,0
0.0,1.0,1.0,1.0,5000.0,1000.0,0.011805,0.0,0.0,3.724,1.0,1.0,0
40.5,1.0,1.0,1.0,1.87299258,0.31216542999999997,64.1,0.0,0.0,3.724,1.0,1.0,0
8.0,1.0,1.0,1.0,5000.0,1000.0,0.0085605,0.01203707874,0.0,3.724,1.0,1.0,0
267.28,1.0,1.0,1.0,50.33265522,8.38877587,1.241738583,5.962348546,378083.44,3.724,1.0,1.0,0
159.5,1.0,1.0,1.0,1647.1977048,274.5329508,0.072851,0.0,7600.333333,3.724,1.0,1.0,0
117.5,1.0,1.0,1.0,5000.0,837.1002846,0.023892,0.0,1008.333333,3.724,1.0,1.0,0
98.0,1.0,1.0,1.0,5000.0,852.8784648,0.02345,0.0,85.33333333,3.724,1.0,1.0,0
92.0,1.0,1.0,1.0,2454.4896708,409.0816118,0.04889,0.0,261.3333333,3.724,1.0,1.0,0
136.5,1.0,1.0,1.0,4956.6294918,826.1049153,0.02421,0.0,2700.0,3.724,1.0,1.0,0
105.0,1.0,1.0,1.0,6.02466258,1.00411043,13.3,22.9,5715.5,3.724,1.0,1.0,0
98.0,1.0,1.0,1.0,5000.0,848.0325645,0.023584,0.0,85.33333333,3.724,1.0,1.0,0
137.5,1.0,1.0,1.0,5000.0,845.0228156000001,0.023668,0.0,5461.333333,3.724,1.0,1.0,0
79.0,1.0,1.0,1.0,139.18199262000002,23.19699877,0.574787,0.9110971386,1042.7,3.724,1.0,1.0,0
147.0,1.0,1.0,1.0,5000.0,1000.0,0.000484,0.0,1452.0,3.724,1.0,1.0,0
94.5,1.0,1.0,1.0,2480.3637864,413.3939644,0.04838,0.0,1323.0,3.724,1.0,1.0,0
106.0,1.0,1.0,1.0,5000.0,833.368057,0.023999,0.0,1408.333333,3.724,1.0,1.0,0
114.0,1.0,1.0,1.0,5000.0,1000.0,0.000482,0.0,1200.0,3.724,1.0,1.0,0
90.5,1.0,1.0,1.0,2074.9040357999997,345.81733929999996,0.057834,0.0,85.33333333,3.724,1.0,1.0,0
115.5,1.0,1.0,1.0,5000.0,834.7245409,0.02396,0.0,2700.0,3.724,1.0,1.0,0
112.0,1.0,1.0,1.0,5000.0,1000.0,0.000388,0.0,1408.333333,3.724,1.0,1.0,0
125.5,1.0,1.0,1.0,5000.0,853.7522411,0.023426,0.0,1408.333333,3.724,1.0,1.0,0
101.5,1.0,1.0,1.0,2334.5395122,389.0899187,0.051402,0.0,1408.333333,3.724,1.0,1.0,0
117.5,1.0,1.0,1.0,5000.0,851.9338899,0.023476,0.0,1365.333333,3.724,1.0,1.0,0
87.0,1.0,1.0,1.0,6.36789546,1.06131591,12.6,21.7,764.3,3.724,1.0,1.0,0
110.5,1.0,1.0,1.0,1475.325186,245.88753100000002,0.081338,0.0,936.3333333,3.724,1.0,1.0,0
91.0,1.0,1.0,1.0,2571.8510898,428.6418483,0.046659,0.0,560.3333333,3.724,1.0,1.0,0
124.25,1.0,1.0,1.0,48.199875240000004,8.03331254,1.659755333,2.791027832,6262.3,3.724,1.0,1.0,0
91.0,1.0,1.0,1.0,4990.8501084,831.8083514,0.024044,0.0,1045.333333,3.724,1.0,1.0,0
142.5,1.0,1.0,1.0,1440.1958663999999,240.03264439999998,0.083322,0.0,2883.0,3.724,1.0,1.0,0
98.0,1.0,1.0,1.0,52.23450504,8.70575084,1.3783992,2.658323451,1776.666667,3.724,1.0,1.0,0
122.5,1.0,1.0,1.0,1273.7366124,212.2894354,0.094211,0.0,936.3333333,3.724,1.0,1.0,0
151.0,1.0,1.0,1.0,4871.513822999999,811.9189704999999,0.024633,0.0,8640.333333,3.724,1.0,1.0,0
179.5,1.0,1.0,1.0,4946.4138498,824.4023083000001,0.02426,0.0,5461.333333,3.724,1.0,1.0,0
126.5,1.0,1.0,1.0,2552.4854826,425.4142471,0.047013,0.0,901.3333333,3.724,1.0,1.0,0
162.5,1.0,1.0,1.0,4866.9695004,811.1615833999999,0.024656,0.0,2241.333333,3.724,1.0,1.0,0
102.5,1.0,1.0,1.0,5000.0,850.5209441,0.023515,0.0,85.33333333,3.724,1.0,1.0,0
99.0,1.0,1.0,1.0,2488.9552608,414.8258768,0.048213,0.0,1452.0,3.724,1.0,1.0,0
185.5,1.0,1.0,1.0,4886.5903818,814.4317303,0.024557,0.0,5461.333333,3.724,1.0,1.0,0
151.0,1.0,1.0,1.0,1667.6162814,277.9360469,0.071959,0.0,3400.333333,3.724,1.0,1.0,0
111.5,1.0,1.0,1.0,5000.0,1000.0,0.00089,0.0,1925.333333,3.724,1.0,1.0,0
68.0,1.0,1.0,1.0,4918.8391542,819.8065257000001,0.024396,0.0,85.33333333,3.724,1.0,1.0,0
127.0,1.0,1.0,1.0,2527.3799496,421.2299916,0.04748,0.0,1408.333333,3.724,1.0,1.0,0
156.5,1.0,1.0,1.0,4897.359507,816.2265845000001,0.024503,0.0,2241.333333,3.724,1.0,1.0,0
74.0,1.0,1.0,1.0,5000.0,839.5953151000001,0.023821,0.0,85.33333333,3.724,1.0,1.0,0
145.0,1.0,1.0,1.0,1982.9138922,330.4856487,0.060517,0.0,7400.333333,3.724,1.0,1.0,0
156.0,1.0,1.0,1.0,2434.0277075999998,405.6712846,0.049301,0.0,6912.0,3.724,1.0,1.0,0
140.5,1.0,1.0,1.0,1691.7134237999999,281.9522373,0.070934,0.0,4256.333333,3.724,1.0,1.0,0
110.5,1.0,1.0,1.0,2563.9382087999998,427.32303479999996,0.046803,0.0,1541.333333,3.724,1.0,1.0,0
81.5,1.0,1.0,1.0,2420.2819626,403.3803271,0.049581,0.0,85.33333333,3.724,1.0,1.0,0
123.0,1.0,1.0,1.0,1424.6536308,237.4422718,0.084231,0.0,3267.0,3.724,1.0,1.0,0
140.5,1.0,1.0,1.0,1994.0179464,332.3363244,0.06018,0.0,5461.333333,3.724,1.0,1.0,0
151.0,1.0,1.0,1.0,5000.0,847.9606546,0.023586,0.0,5461.333333,3.724,1.0,1.0,0
121.0,1.0,1.0,1.0,2483.2381428,413.8730238,0.048324,0.0,1408.333333,3.724,1.0,1.0,0
146.5,1.0,1.0,1.0,1681.4494092,280.2415682,0.071367,0.0,6533.333333,3.724,1.0,1.0,0
184.0,1.0,1.0,1.0,5000.0,851.3536523,0.023492,0.0,5461.333333,3.724,1.0,1.0,0
155.0,1.0,1.0,1.0,5000.0,1000.0,0.000403,0.0,2241.333333,3.724,1.0,1.0,0
109.0,1.0,1.0,1.0,2037.6282006000001,339.6047001,0.058892,0.0,1045.333333,3.724,1.0,1.0,0
94.5,1.0,1.0,1.0,4982.7679278000005,830.4613213,0.024083,0.0,588.0,3.724,1.0,1.0,0
125.0,1.0,1.0,1.0,358.93110318000004,59.821850530000006,0.334326,0.0,3536.333333,3.724,1.0,1.0,0
125.0,1.0,1.0,1.0,1535.1746898,255.86244829999998,0.078167,0.0,3536.333333,3.724,1.0,1.0,0
123.5,1.0,1.0,1.0,411.21239118,68.53539853,0.29182,0.0,3536.333333,3.724,1.0,1.0,0
139.5,1.0,1.0,1.0,766.15143,127.691905,0.156627,0.0,1728.0,3.724,1.0,1.0,0
122.5,1.0,1.0,1.0,5000.0,842.4954716000001,0.023739,0.0,936.3333333,3.724,1.0,1.0,0
77.0,1.0,1.0,1.0,5000.0,849.5094082999999,0.023543,0.0,85.33333333,3.724,1.0,1.0,0
125.0,1.0,1.0,1.0,406.42145904,67.73690984,0.29526,0.0,3536.333333,3.724,1.0,1.0,0
125.0,1.0,1.0,1.0,923.1621378,153.8603563,0.129988,0.0,3536.333333,3.724,1.0,1.0,0
88.0,1.0,1.0,1.0,5000.0,1000.0,0.000465,0.0,645.3333333,3.724,1.0,1.0,0
128.0,1.0,1.0,1.0,537.39845406,89.56640901,0.223298,0.0,3536.333333,3.724,1.0,1.0,0
125.0,1.0,1.0,1.0,390.002925,65.0004875,0.30769,0.0,3536.333333,3.724,1.0,1.0,0
125.0,1.0,1.0,1.0,405.73849476,67.62308246,0.295757,0.0,3536.333333,3.724,1.0,1.0,0
74.0,1.0,1.0,1.0,5000.0,856.5310493,0.02335,0.0,85.33333333,3.724,1.0,1.0,0
125.0,1.0,1.0,1.0,404.91021114,67.48503518999999,0.296362,0.0,3536.333333,3.724,1.0,1.0,0
101.0,1.0,1.0,1.0,2413.1274132000003,402.18790220000005,0.049728,0.0,85.33333333,3.724,1.0,1.0,0
86.0,1.0,1.0,1.0,1950.363255,325.0605425,0.061527,0.0,85.33333333,3.724,1.0,1.0,0
107.0,1.0,1.0,1.0,2416.4317356,402.7386226,0.04966,0.0,261.3333333,3.724,1.0,1.0,0
96.5,1.0,1.0,1.0,1107.930939,184.6551565,0.10831,0.0,1008.333333,3.724,1.0,1.0,0
99.0,1.0,1.0,1.0,1003.6717656000001,167.2786276,0.119561,0.0,867.0,3.724,1.0,1.0,0
130.5,1.0,1.0,1.0,5000.0,839.1021607,0.023835,0.0,2523.0,3.724,1.0,1.0,0
74.0,1.0,1.0,1.0,2425.9087050000003,404.3181175,0.049466,0.0,85.33333333,3.724,1.0,1.0,0
106.0,1.0,1.0,1.0,1970.152194,328.358699,0.060909,0.0,1045.333333,3.724,1.0,1.0,0
94.0,1.0,1.0,1.0,1897.8633221999999,316.3105537,0.063229,0.0,341.3333333,3.724,1.0,1.0,0
82.5,1.0,1.0,1.0,6.80601972,1.13433662,11.8,20.3,823.0,3.724,1.0,1.0,0
80.0,1.0,1.0,1.0,2396.7883038,399.46471729999996,0.050067,0.0,261.3333333,3.724,1.0,1.0,0
111.5,1.0,1.0,1.0,1983.4710744,330.57851239999997,0.0605,0.0,1240.333333,3.724,1.0,1.0,0
130.5,1.0,1.0,1.0,2005.7162916,334.2860486,0.059829,0.0,2523.0,3.724,1.0,1.0,0
112.5,1.0,1.0,1.0,2506.5274152,417.75456920000005,0.047875,0.0,2187.0,3.724,1.0,1.0,0
92.0,1.0,1.0,1.0,2014.1663028,335.6943838,0.059578,0.0,261.3333333,3.724,1.0,1.0,0
100.0,1.0,1.0,1.0,1717.057536,286.176256,0.069887,0.0,1976.333333,3.724,1.0,1.0,0
83.5,1.0,1.0,1.0,2524.6681116,420.7780186,0.047531,0.0,481.3333333,3.724,1.0,1.0,0
102.0,1.0,1.0,1.0,1982.0950745999999,330.34917909999996,0.060542,0.0,867.0,3.724,1.0,1.0,0
178.0,1.0,1.0,1.0,2573.8369476,428.97282459999997,0.046623,0.0,14560.33333,3.724,1.0,1.0,0
88.0,1.0,1.0,1.0,2590.0584924,431.6764154,0.046331,0.0,481.3333333,3.724,1.0,1.0,0
99.0,1.0,1.0,1.0,2012.6123706,335.43539510000005,0.059624,0.0,867.0,3.724,1.0,1.0,0
109.0,1.0,1.0,1.0,2556.727389,426.1212315,0.046935,0.0,1408.333333,3.724,1.0,1.0,0
108.0,1.0,1.0,1.0,3.2921209200000003,0.54868682,24.3,42.0,1650.8,3.724,1.0,1.0,0
102.0,1.0,1.0,1.0,539.72366148,89.95394358,0.222336,0.0,1587.0,3.724,1.0,1.0,0
86.0,1.0,1.0,1.0,5000.0,845.487212,0.023655,0.0,85.33333333,3.724,1.0,1.0,0
95.5,1.0,1.0,1.0,5000.0,846.4891861,0.023627,0.0,481.3333333,3.724,1.0,1.0,0
101.5,1.0,1.0,1.0,4991.0576886,831.8429481,0.024043,0.0,1976.333333,3.724,1.0,1.0,0
92.0,1.0,1.0,1.0,1571.5857299999998,261.930955,0.076356,0.0,85.33333333,3.724,1.0,1.0,0
93.5,1.0,1.0,1.0,2484.0091908,414.00153179999995,0.048309,0.0,1365.333333,3.724,1.0,1.0,0
108.5,1.0,1.0,1.0,5000.0,854.8469824,0.023396,0.0,1240.333333,3.724,1.0,1.0,0
112.5,1.0,1.0,1.0,4987.1166156,831.1861025999999,0.024062,0.0,3072.0,3.724,1.0,1.0,0
84.5,1.0,1.0,1.0,2025.3164556,337.5527426,0.05925,0.0,261.3333333,3.724,1.0,1.0,0
129.5,1.0,1.0,1.0,2004.878538,334.14642299999997,0.059854,0.0,2408.333333,3.724,1.0,1.0,0
181.5,1.0,1.0,1.0,828.220224,138.036704,0.144889,0.0,9747.0,3.724,1.0,1.0,0
189.5,1.0,1.0,1.0,5000.0,849.0766292000001,0.023555,0.0,2241.333333,3.724,1.0,1.0,0
127.0,1.0,1.0,1.0,5000.0,854.4817568000001,0.023406,0.0,2133.333333,3.724,1.0,1.0,0
151.0,1.0,1.0,1.0,1950.9974472000001,325.16624120000006,0.061507,0.0,5461.333333,3.724,1.0,1.0,0
110.0,1.0,1.0,1.0,2406.4975434000003,401.0829239,0.049865,0.0,2241.333333,3.724,1.0,1.0,0
106.5,1.0,1.0,1.0,2361.6933342,393.6155557,0.050811,0.0,972.0,3.724,1.0,1.0,0
133.0,1.0,1.0,1.0,4997.5012494,832.9168749,0.024012,0.0,5461.333333,3.724,1.0,1.0,0
75.5,1.0,1.0,1.0,5000.0,854.2627712,0.023412,0.0,85.33333333,3.724,1.0,1.0,0
105.0,1.0,1.0,1.0,1401.8855358,233.6475893,0.085599,0.0,1323.0,3.724,1.0,1.0,0
154.5,1.0,1.0,1.0,947.1715092000001,157.86191820000002,0.126693,0.0,9747.0,3.724,1.0,1.0,0
107.0,1.0,1.0,1.0,5000.0,840.8307408000001,0.023786,0.0,1365.333333,3.724,1.0,1.0,0
105.5,1.0,1.0,1.0,5000.0,858.9589418,0.023284,0.0,1240.333333,3.724,1.0,1.0,0
116.0,1.0,1.0,1.0,5000.0,858.4427848,0.023298,0.0,1240.333333,3.724,1.0,1.0,0
90.5,1.0,1.0,1.0,5000.0,844.7729673000001,0.023675,0.0,85.33333333,3.724,1.0,1.0,0
117.5,1.0,1.0,1.0,5000.0,839.6658130000001,0.023819,0.0,1365.333333,3.724,1.0,1.0,0
127.5,1.0,1.0,1.0,2544.6371771999998,424.1061962,0.047158,0.0,2187.0,3.724,1.0,1.0,0
108.5,1.0,1.0,1.0,8.37077394,1.39512899,9.557061333,16.4,3042.7,3.724,1.0,1.0,0
138.0,1.0,1.0,1.0,109.41437778,18.235729629999998,1.096748,0.0,5043.0,3.724,1.0,1.0,0
129.0,1.0,1.0,1.0,4996.8769518,832.8128253,0.024015,0.0,3675.0,3.724,1.0,1.0,0
107.5,1.0,1.0,1.0,5000.0,1000.0,0.000515,0.0,833.3333333,3.724,1.0,1.0,0
110.0,1.0,1.0,1.0,2482.0054602,413.6675767,0.048348,0.0,1365.333333,3.724,1.0,1.0,0
182.5,1.0,1.0,1.0,5000.0,844.1668074,0.023692,0.0,5461.333333,3.724,1.0,1.0,0
86.0,1.0,1.0,1.0,5000.0,858.8851671,0.023286,0.0,85.33333333,3.724,1.0,1.0,0
84.5,1.0,1.0,1.0,5000.0,851.3174137,0.023493,0.0,85.33333333,3.724,1.0,1.0,0
100.0,1.0,1.0,1.0,1950.1413851999998,325.0235642,0.061534,0.0,1045.333333,3.724,1.0,1.0,0
88.0,1.0,1.0,1.0,1956.2772042000001,326.04620070000004,0.061341,0.0,341.3333333,3.724,1.0,1.0,0
105.0,1.0,1.0,1.0,5000.0,1000.0,0.00071,0.0,1083.0,3.724,1.0,1.0,0
101.0,1.0,1.0,1.0,5000.0,929.1953169,0.021524,0.0,261.3333333,3.724,1.0,1.0,0
101.0,1.0,1.0,1.0,5000.0,1000.0,0.013942,0.0,261.3333333,3.724,1.0,1.0,0
101.0,1.0,1.0,1.0,5000.0,899.6851101999999,0.02223,0.0,261.3333333,3.724,1.0,1.0,0
101.0,1.0,1.0,1.0,5000.0,833.4027836,0.023998,0.0,261.3333333,3.724,1.0,1.0,0
101.0,1.0,1.0,1.0,5000.0,1000.0,0.019434,0.0,261.3333333,3.724,1.0,1.0,0
110.0,1.0,1.0,1.0,2469.6439596,411.6073266,0.04859,0.0,1365.333333,3.724,1.0,1.0,0
101.0,1.0,1.0,1.0,2456.9521506,409.4920251,0.048841,0.0,1365.333333,3.724,1.0,1.0,0
101.0,1.0,1.0,1.0,2490.4532622,415.0755437,0.048184,0.0,1365.333333,3.724,1.0,1.0,0
101.0,1.0,1.0,1.0,2473.9207518,412.3201253,0.048506,0.0,1365.333333,3.724,1.0,1.0,0
93.5,1.0,1.0,1.0,4915.816639799999,819.3027732999999,0.024411,0.0,1365.333333,3.724,1.0,1.0,0
130.0,1.0,1.0,1.0,5000.0,1000.0,0.000417,0.0,1160.333333,3.724,1.0,1.0,0
120.0,1.0,1.0,1.0,999.0841727999999,166.5140288,0.12011,0.0,2352.0,3.724,1.0,1.0,0
131.0,1.0,1.0,1.0,545.6480025,90.94133375,0.219922,0.0,5896.333333,3.724,1.0,1.0,0
102.0,1.0,1.0,1.0,2399.6160612,399.9360102,0.050008,0.0,2187.0,3.724,1.0,1.0,0
133.5,1.0,1.0,1.0,768.5853546,128.0975591,0.156131,0.0,4107.0,3.724,1.0,1.0,0
102.0,1.0,1.0,1.0,2375.34393,395.890655,0.050519,0.0,2187.0,3.724,1.0,1.0,0
98.0,1.0,1.0,1.0,667.3859603999999,111.23099339999999,0.179806,0.0,1496.333333,3.724,1.0,1.0,0
86.0,1.0,1.0,1.0,2534.5330122,422.4221687,0.047346,0.0,85.33333333,3.724,1.0,1.0,0
122.0,1.0,1.0,1.0,5000.0,1000.0,0.000557,0.0,2241.333333,3.724,1.0,1.0,0
102.5,1.0,1.0,1.0,979.8878027999999,163.3146338,0.122463,0.0,901.3333333,3.724,1.0,1.0,0
91.25,1.0,1.0,1.0,2.01801834,0.33633639,39.6,68.4,1516.5,3.724,1.0,1.0,0
122.5,1.0,1.0,1.0,317.67546276,52.94591046,0.377744,0.0,2821.333333,3.724,1.0,1.0,0
102.5,1.0,1.0,1.0,140.93687789999998,23.48947965,0.56763,0.910400284,2090.5,3.724,1.0,1.0,0
101.0,1.0,1.0,1.0,2407.9945416,401.33242359999997,0.049834,0.0,85.33333333,3.724,1.0,1.0,0
107.0,1.0,1.0,1.0,4347.983622600001,724.6639371000001,0.027599,0.0,1240.333333,3.724,1.0,1.0,0
111.5,1.0,1.0,1.0,618.301731,103.0502885,0.19408,0.0,2945.333333,3.724,1.0,1.0,0
98.0,1.0,1.0,1.0,5000.0,853.2059212,0.023441,0.0,1365.333333,3.724,1.0,1.0,0
111.5,1.0,1.0,1.0,1434.94326,239.15721000000002,0.083627,0.0,2945.333333,3.724,1.0,1.0,0
151.0,1.0,1.0,1.0,3997.3351098,666.2225182999999,0.03002,0.0,5461.333333,3.724,1.0,1.0,0
107.0,1.0,1.0,1.0,5000.0,843.2058687,0.023719,0.0,2241.333333,3.724,1.0,1.0,0
122.5,1.0,1.0,1.0,2607.2220048,434.5370008,0.046026,0.0,936.3333333,3.724,1.0,1.0,0
89.0,1.0,1.0,1.0,2019.1482558,336.5247093,0.059431,0.0,261.3333333,3.724,1.0,1.0,0
82.5,1.0,1.0,1.0,2.0649945,0.34416575,38.7,67.0,1118.0,3.724,1.0,1.0,0
171.5,1.0,1.0,1.0,5000.0,856.5310493,0.02335,0.0,14421.33333,3.724,1.0,1.0,0
199.0,1.0,1.0,1.0,1789.7892522,298.2982087,0.067047,0.0,16725.33333,3.724,1.0,1.0,0
106.5,1.0,1.0,1.0,5000.0,1000.0,0.000405,0.0,1200.0,3.724,1.0,1.0,0
92.0,1.0,1.0,1.0,5000.0,854.0438978999999,0.023418,0.0,85.33333333,3.724,1.0,1.0,0
95.5,1.0,1.0,1.0,5000.0,1000.0,0.000673,0.0,645.3333333,3.724,1.0,1.0,0
142.5,1.0,1.0,1.0,995.8671515999999,165.9778586,0.120498,0.0,2883.0,3.724,1.0,1.0,0
95.5,1.0,1.0,1.0,5000.0,1000.0,0.000824,0.0,645.3333333,3.724,1.0,1.0,0
119.5,1.0,1.0,1.0,1104.0878856,184.0146476,0.108687,0.0,3201.333333,3.724,1.0,1.0,0
108.5,1.0,1.0,1.0,5000.0,1000.0,0.000381,0.0,1240.333333,3.724,1.0,1.0,0
92.0,1.0,1.0,1.0,5000.0,1000.0,0.000573,0.0,85.33333333,3.724,1.0,1.0,0
135.5,1.0,1.0,1.0,542.2846452,90.3807742,0.221286,0.0,901.3333333,3.724,1.0,1.0,0
77.0,1.0,1.0,1.0,5000.0,1000.0,0.000668,0.0,85.33333333,3.724,1.0,1.0,0
93.75,1.0,1.0,1.0,183.79368546,30.63228091,0.4352706667,0.6142824298,1804.0,3.724,1.0,1.0,0
83.0,1.0,1.0,1.0,1568.2379538,261.3729923,0.076519,0.0,261.3333333,3.724,1.0,1.0,0
77.0,1.0,1.0,1.0,2512.6680348,418.77800579999996,0.047758,0.0,85.33333333,3.724,1.0,1.0,0
91.0,1.0,1.0,1.0,5000.0,1000.0,0.00086,0.0,645.3333333,3.724,1.0,1.0,0
119.0,1.0,1.0,1.0,2548.1494061999997,424.69156769999995,0.047093,0.0,3960.333333,3.724,1.0,1.0,0
72.5,1.0,1.0,1.0,5000.0,852.6966532,0.023455,0.0,85.33333333,3.724,1.0,1.0,0
68.0,1.0,1.0,1.0,2.2682209799999997,0.37803683,35.3,61.0,164.3,3.724,1.0,1.0,0
96.5,1.0,1.0,1.0,5000.0,1000.0,0.000737,0.0,1496.333333,3.724,1.0,1.0,0
91.5,1.0,1.0,1.0,3.58972218,0.5982870299999999,22.3,38.5,1418.7,3.724,1.0,1.0,0
155.5,1.0,1.0,1.0,1052.5115555999998,175.41859259999998,0.114013,0.0,8321.333333,3.724,1.0,1.0,0
84.5,1.0,1.0,1.0,5000.0,834.8639172000001,0.023956,0.0,85.33333333,3.724,1.0,1.0,0
129.0,1.0,1.0,1.0,5000.0,1000.0,0.000531,0.0,1452.0,3.724,1.0,1.0,0
86.0,1.0,1.0,1.0,2369.9958528,394.9993088,0.050633,0.0,261.3333333,3.724,1.0,1.0,0
105.0,1.0,1.0,1.0,5000.0,853.2787235000001,0.023439,0.0,1200.0,3.724,1.0,1.0,0
84.5,1.0,1.0,1.0,5000.0,852.2243054,0.023468,0.0,85.33333333,3.724,1.0,1.0,0
124.5,1.0,1.0,1.0,4986.080525400001,831.0134209,0.024067,0.0,3072.0,3.724,1.0,1.0,0
107.0,1.0,1.0,1.0,5000.0,1000.0,0.000509,0.0,1240.333333,3.724,1.0,1.0,0
101.0,1.0,1.0,1.0,2437.4390639999997,406.23984399999995,0.049232,0.0,85.33333333,3.724,1.0,1.0,0
221.0,1.0,1.0,1.0,1249.2192378,208.2032063,0.09606,0.0,29008.33333,3.724,1.0,1.0,0
104.5,1.0,1.0,1.0,2499.8437596,416.6406266,0.048003,0.0,1976.333333,3.724,1.0,1.0,0
107.5,1.0,1.0,1.0,996.0324708,166.0054118,0.120478,0.0,2640.333333,3.724,1.0,1.0,0
74.0,1.0,1.0,1.0,2410.0257072,401.6709512,0.049792,0.0,85.33333333,3.724,1.0,1.0,0
129.5,1.0,1.0,1.0,2.04837054,0.34139509,39.1,67.5,9478.8,3.724,1.0,1.0,0
128.0,1.0,1.0,1.0,4966.476285,827.7460474999999,0.024162,0.0,1633.333333,3.724,1.0,1.0,0
149.5,1.0,1.0,1.0,1671.6351378,278.60585629999997,0.071786,0.0,9296.333333,3.724,1.0,1.0,0
119.0,1.0,1.0,1.0,5000.0,1000.0,0.00057,0.0,1240.333333,3.724,1.0,1.0,0
77.0,1.0,1.0,1.0,3949.0571628,658.1761938,0.030387,0.0,85.33333333,3.724,1.0,1.0,0
115.0,1.0,1.0,1.0,4975.5369432,829.2561572,0.024118,0.0,341.3333333,3.724,1.0,1.0,0
127.0,1.0,1.0,1.0,4954.3784322,825.7297387,0.024221,0.0,1045.333333,3.724,1.0,1.0,0
130.5,1.0,1.0,1.0,2512.9837494,418.8306249,0.047752,0.0,3888.0,3.724,1.0,1.0,0
62.5,1.0,1.0,1.0,2.9245716,0.4874286,27.4,47.3,88.0,3.724,1.0,1.0,0
80.0,1.0,1.0,1.0,2297.8381176,382.9730196,0.052223,0.0,261.3333333,3.724,1.0,1.0,0
131.5,1.0,1.0,1.0,5000.0,840.1949252,0.023804,0.0,5461.333333,3.724,1.0,1.0,0
105.0,1.0,1.0,1.0,1254.115065,209.01917749999998,0.095685,0.0,1323.0,3.724,1.0,1.0,0
128.0,1.0,1.0,1.0,918.22446,153.03741,0.130687,0.0,3960.333333,3.724,1.0,1.0,0
135.5,1.0,1.0,1.0,647.9376684,107.9896114,0.185203,0.0,4181.333333,3.724,1.0,1.0,0
107.5,1.0,1.0,1.0,2549.0695895999997,424.8449316,0.047076,0.0,2133.333333,3.724,1.0,1.0,0
173.0,1.0,1.0,1.0,1418.75835,236.459725,0.084581,0.0,13200.33333,3.724,1.0,1.0,0
119.5,1.0,1.0,1.0,1680.3898506,280.06497509999997,0.071412,0.0,3816.333333,3.724,1.0,1.0,0
136.0,1.0,1.0,1.0,982.4469479999999,163.74115799999998,0.122144,0.0,6256.333333,3.724,1.0,1.0,0
123.0,1.0,1.0,1.0,2528.6581254,421.44302089999996,0.047456,0.0,3888.0,3.724,1.0,1.0,0
120.0,1.0,1.0,1.0,2522.3331582,420.3888597,0.047575,0.0,3468.0,3.724,1.0,1.0,0
94.75,1.0,1.0,1.0,2.02823622,0.33803937,39.4,68.2,3267.2,3.724,1.0,1.0,0
89.0,1.0,1.0,1.0,5000.0,836.8550985,0.023899,0.0,85.33333333,3.724,1.0,1.0,0
115.0,1.0,1.0,1.0,2.19905982,0.36650996999999996,36.4,62.9,2448.5,3.724,1.0,1.0,0
84.25,1.0,1.0,1.0,2.1877857,0.36463095,36.6,63.1,567.8,3.724,1.0,1.0,0
113.5,1.0,1.0,1.0,1965.0225977999999,327.5037663,0.061068,0.0,2640.333333,3.724,1.0,1.0,0
136.0,1.0,1.0,1.0,1642.5305922,273.75509869999996,0.073058,0.0,5985.333333,3.724,1.0,1.0,0
122.5,1.0,1.0,1.0,2582.81139,430.46856499999996,0.046461,0.0,936.3333333,3.724,1.0,1.0,0
154.0,1.0,1.0,1.0,5000.0,840.3361345000001,0.0238,0.0,341.3333333,3.724,1.0,1.0,0
134.5,1.0,1.0,1.0,5000.0,842.4244977,0.023741,0.0,5461.333333,3.724,1.0,1.0,0
179.0,1.0,1.0,1.0,2468.8310088000003,411.4718348,0.048606,0.0,2241.333333,3.724,1.0,1.0,0
9.0,1.0,1.0,1.0,5000.0,1000.0,0.0001,0.0,0.0,3.724,1.0,1.0,0
9.0,1.0,1.0,1.0,5000.0,1000.0,0.000136,0.0,0.0,3.724,1.0,1.0,0
9.0,1.0,1.0,1.0,5000.0,1000.0,0.0001,0.0,0.0,3.724,1.0,1.0,0
86.33333333,1.0,1.0,1.0,106.82376354,17.803960590000003,0.631881875,1.7486965419999998,26242.9,3.724,1.0,1.0,0
627.725,1.0,1.0,1.0,40.53807984,6.75634664,1.498825152,3.4879972930000003,604333.5744,3.724,1.0,1.0,0
57.10526316,1.0,1.0,1.0,12.924414120000002,2.15406902,4.900286610999999,15.1,2529.776316,3.724,1.0,1.0,0
69.25,1.0,1.0,1.0,5000.0,1000.0,0.0001,9.353074361e-05,76.8,3.724,1.0,1.0,0
66.75,1.0,1.0,1.0,5000.0,1000.0,0.007947666667000001,0.01376056632,1116.3,3.724,1.0,1.0,0
83.25,1.0,1.0,1.0,5000.0,1000.0,0.0001,0.0001083066634,1228.8,3.724,1.0,1.0,0
69.83333333,1.0,1.0,1.0,5000.0,1000.0,0.0098088,0.01341244253,2428.809524,3.724,1.0,1.0,0
56.33333333,1.0,1.0,1.0,5000.0,1000.0,0.0097548,0.013331884760000001,975.2380952,3.724,1.0,1.0,0
69.5,1.0,1.0,1.0,5000.0,1000.0,0.0001,6.169548876e-05,1228.8,3.724,1.0,1.0,0
83.25,1.0,1.0,1.0,5000.0,1000.0,0.0001,0.00010594495430000001,1228.8,3.724,1.0,1.0,0
69.83333333,1.0,1.0,1.0,5000.0,1000.0,0.009775,0.01338071898,2428.809524,3.724,1.0,1.0,0
154.125,1.0,1.0,1.0,5000.0,1000.0,0.003493142857,0.009134120692,15210.0,3.724,1.0,1.0,0
149.0,1.0,1.0,1.0,5000.0,1000.0,0.0001,0.00011864653389999999,4915.2,3.724,1.0,1.0,0
83.25,1.0,1.0,1.0,5000.0,1000.0,0.0001,0.0001659889555,1228.8,3.724,1.0,1.0,0
69.83333333,1.0,1.0,1.0,5000.0,1000.0,0.0098096,0.013429180399999999,2428.809524,3.724,1.0,1.0,0
109.0,1.0,1.0,1.0,5000.0,1000.0,0.0001,0.0001553072224,4915.2,3.724,1.0,1.0,0
109.0,1.0,1.0,1.0,5000.0,1000.0,0.0001,0.00011864653389999999,4915.2,3.724,1.0,1.0,0
3.0,1.0,2.0,1.0,362.0280813,60.33801355,0.19887960000000002,0.2716640193,10.28571429,3.724,1.0,1.0,0
9.0,1.0,1.0,1.0,5000.0,1000.0,0.000159,0.0,0.0,3.724,1.0,1.0,0
9.0,1.0,1.0,1.0,5000.0,1000.0,0.000134,0.0,0.0,3.724,1.0,1.0,0
9.0,1.0,1.0,1.0,5000.0,1000.0,0.000125,0.0,0.0,3.724,1.0,1.0,0
9.0,1.0,1.0,1.0,5000.0,1000.0,0.0001,0.0,0.0,3.724,1.0,1.0,0
9.0,1.0,1.0,1.0,5000.0,1000.0,0.000112,0.0,0.0,3.724,1.0,1.0,0
9.0,1.0,1.0,1.0,5000.0,1000.0,0.0001,0.0,0.0,3.724,1.0,1.0,0
9.0,1.0,1.0,1.0,5000.0,1000.0,0.0001,0.0,0.0,3.724,1.0,1.0,0
9.0,1.0,1.0,1.0,5000.0,1000.0,0.0001,0.0,0.0,3.724,1.0,1.0,0
9.0,1.0,1.0,1.0,5000.0,1000.0,0.0001,0.0,0.0,3.724,1.0,1.0,0
9.0,1.0,1.0,1.0,5000.0,1000.0,0.00011,0.0,0.0,3.724,1.0,1.0,0
9.0,1.0,1.0,1.0,5000.0,1000.0,0.0001,0.0,0.0,3.724,1.0,1.0,0
9.0,1.0,1.0,1.0,5000.0,1000.0,0.000108,0.0,0.0,3.724,1.0,1.0,0
9.0,1.0,1.0,1.0,5000.0,1000.0,0.000139,0.0,0.0,3.724,1.0,1.0,0
9.0,1.0,1.0,1.0,5000.0,1000.0,0.003797,0.0,0.0,3.724,1.0,1.0,0
9.0,1.0,1.0,1.0,5000.0,1000.0,0.000134,0.0,0.0,3.724,1.0,1.0,0
93.0,1.0,1.0,1.0,5000.0,1000.0,0.0001,0.0,0.0,3.724,1.0,1.0,0
0.0,1.0,2.0,1.0,5000.0,1000.0,0.0001,0.0,0.0,3.724,1.0,1.0,0
0.0,1.0,2.0,1.0,5000.0,1000.0,0.0001,0.0001103086579,0.0,3.724,1.0,1.0,0
93.0,1.0,3.0,1.0,5000.0,1000.0,0.0001,0.0,0.0,3.724,1.0,1.0,0
0.0,1.0,3.0,1.0,5000.0,1000.0,0.0001,7.14177849e-05,0.0,3.724,1.0,1.0,0
246.3833333,1.0,1.0,1.0,32.17586898,5.36264483,1.896357458,4.855586642,30418.89617,3.724,1.0,1.0,0
28.75,1.0,1.0,1.0,5000.0,1000.0,0.0001,6.610849668e-05,0.0,3.724,1.0,1.0,0
28.75,1.0,1.0,1.0,5000.0,1000.0,0.0001,0.00010045894680000001,0.0,3.724,1.0,1.0,0
28.75,1.0,1.0,1.0,5000.0,1000.0,0.0001,9.122134253e-05,0.0,3.724,1.0,1.0,0
28.75,1.0,1.0,1.0,5000.0,1000.0,0.0001,6.046762219e-05,0.0,3.724,1.0,1.0,0
28.75,1.0,1.0,1.0,5000.0,1000.0,0.0001,0.000111428602,0.0,3.724,1.0,1.0,0
28.75,1.0,1.0,1.0,5000.0,1000.0,0.0001,9.988159657e-05,0.0,3.724,1.0,1.0,0
28.75,1.0,1.0,1.0,5000.0,1000.0,0.0001,2.515949125e-05,0.0,3.724,1.0,1.0,0
28.75,1.0,1.0,1.0,5000.0,1000.0,0.0001,9.410809388e-05,0.0,3.724,1.0,1.0,0
28.75,1.0,1.0,1.0,5000.0,1000.0,0.0001,8.948929172e-05,0.0,3.724,1.0,1.0,0
28.75,1.0,1.0,1.0,5000.0,1000.0,0.0001,0.0001509779233,0.0,3.724,1.0,1.0,0
28.75,1.0,1.0,1.0,5000.0,1000.0,0.0001,9.699484522e-05,0.0,3.724,1.0,1.0,0
28.75,1.0,1.0,1.0,5000.0,1000.0,0.0001,0.0001016136474,0.0,3.724,1.0,1.0,0
28.75,1.0,1.0,1.0,5000.0,1000.0,0.0001,0.0001073871501,0.0,3.724,1.0,1.0,0
28.75,1.0,1.0,1.0,5000.0,1000.0,0.0001,0.0001021909976,0.0,3.724,1.0,1.0,0
28.75,1.0,1.0,1.0,5000.0,1000.0,0.0001,0.00010450039870000001,0.0,3.724,1.0,1.0,0
28.75,1.0,1.0,1.0,5000.0,1000.0,0.0001,3.666515148e-05,0.0,3.724,1.0,1.0,0
72.0,1.0,1.0,1.0,3411.3198966,568.5533161,0.035177,0.0,0.0,3.724,1.0,1.0,0
258.5,1.0,1.0,1.0,1642.8254166000002,273.8042361,0.03867082353,0.05001402837,436704.0994,3.724,1.0,1.0,0
232.65,1.0,1.0,1.0,945.4387308,157.5731218,0.06680273684,0.1283222038,188789.4571,3.724,1.0,1.0,0
0.0,1.0,1.0,1.0,1262.573124,210.428854,0.095044,0.0,0.0,3.724,1.0,1.0,0
83.5,1.0,1.0,1.0,5000.0,1000.0,0.0001,6.830324541e-05,410.7,3.724,1.0,1.0,0
3.0,1.0,2.0,1.0,357.86106443999995,59.643510739999996,0.2011954,0.2746360289,10.28571429,3.724,1.0,1.0,0
34.125,1.0,1.0,1.0,90.147786,15.024631,0.7606557143,1.902316765,416.5,3.724,1.0,1.0,0
34.125,1.0,1.0,1.0,101.74268256,16.95711376,0.6739691429,1.6815685859999998,416.5,3.724,1.0,1.0,0
38.14285714,1.0,1.0,1.0,78.80000352,13.133333920000002,0.8883248333,2.05054735,380.8392857,3.724,1.0,1.0,0
37.83333333,1.0,1.0,1.0,67.21251948,11.20208658,1.071229,2.237182771,355.952381,3.724,1.0,1.0,0
37.83333333,1.0,1.0,1.0,67.60587504,11.26764584,1.0649962,2.2404146469999997,355.952381,3.724,1.0,1.0,0
37.83333333,1.0,1.0,1.0,67.78287485999999,11.29714581,1.0622152,2.233659251,355.952381,3.724,1.0,1.0,0
37.83333333,1.0,1.0,1.0,67.78606566,11.297677610000001,1.0621652,2.233638889,355.952381,3.724,1.0,1.0,0
37.83333333,1.0,1.0,1.0,76.35684522,12.72614087,0.942941,1.9440574099999999,355.952381,3.724,1.0,1.0,0
230.5581395,1.0,1.0,1.0,185.86083173999998,30.976805289999998,0.33050842859999996,2.108169753,292978.1755,3.724,1.0,1.0,0
109.0,1.0,1.0,1.0,5000.0,1000.0,0.0001,0.00011434305109999999,4915.2,3.724,1.0,1.0,0
109.0,1.0,1.0,1.0,5000.0,1000.0,0.0001,0.00011490865940000001,4915.2,3.724,1.0,1.0,0
109.0,1.0,1.0,1.0,5000.0,1000.0,0.0001,8.195730596e-05,4915.2,3.724,1.0,1.0,0
3.0,1.0,2.0,1.0,350.78488116,58.46414686,0.205254,0.28030362270000003,10.28571429,3.724,1.0,1.0,0
158.7692308,1.0,1.0,1.0,25.81216272,4.30202712,2.417465,4.35109644,151243.641,3.724,1.0,1.0,0
39.125,1.0,1.0,1.0,90.12055314,15.02009219,0.7608855714,1.960817885,350.9444444,3.724,1.0,1.0,0
39.125,1.0,1.0,1.0,90.12033318,15.02005553,0.7608874286,1.961855206,350.9444444,3.724,1.0,1.0,0
13.75,1.0,1.0,1.0,4659.289458599999,776.5482430999999,0.01717,0.01531154215,125.0,3.724,1.0,1.0,0
12.2,1.0,1.0,1.0,5000.0,980.9499519000001,0.01274275,0.01496650314,104.1666667,3.724,1.0,1.0,0
35.44444444,1.0,1.0,1.0,125.22078858,20.87013143,0.539047875,1.476953097,394.7666667,3.724,1.0,1.0,0
9.0,1.0,1.0,1.0,4169.7070782,694.9511797,0.028779,0.0,0.0,3.724,1.0,1.0,0
37.83333333,1.0,1.0,1.0,75.84839592,12.64139932,0.949262,1.947983084,355.952381,3.724,1.0,1.0,0
40.83333333,1.0,1.0,1.0,95.069661,15.8449435,0.7573394,1.565285257,483.6666667,3.724,1.0,1.0,0
17.5,1.0,1.0,1.0,5000.0,1000.0,0.0001,2.762245463e-05,320.0,3.724,1.0,1.0,0
37.83333333,1.0,1.0,1.0,96.45950736,16.07658456,0.7464272,1.5299335589999998,355.952381,3.724,1.0,1.0,0
9.0,1.0,1.0,1.0,5000.0,1000.0,0.018982,0.0,0.0,3.724,1.0,1.0,0
37.83333333,1.0,1.0,1.0,67.21630938,11.202718229999999,1.0711686,2.228295983,355.952381,3.724,1.0,1.0,0
31.0,1.0,3.0,1.0,5000.0,1000.0,0.0001,0.0,320.3333333,3.724,1.0,1.0,0
10.33333333,1.0,3.0,1.0,5000.0,1000.0,0.0001,9.192388155e-06,240.25,3.724,1.0,1.0,0
112.1666667,1.0,3.0,1.0,5000.0,1000.0,0.0003016,0.0004100412174,15293.47619,3.724,1.0,1.0,0
8.0,1.0,3.0,1.0,5000.0,1000.0,0.0001,7.212489168000001e-05,0.0,3.724,1.0,1.0,0
29.33333333,1.0,3.0,1.0,2306.7459504,384.4576584,0.039016,0.055164228430000004,341.3333333,3.724,1.0,1.0,0
29.33333333,1.0,3.0,1.0,2342.9263152,390.4877192,0.0384135,0.05423014037,341.3333333,3.724,1.0,1.0,0
9.0,1.0,3.0,1.0,5000.0,1000.0,0.0001,0.0,0.0,3.724,1.0,1.0,0
9.0,1.0,3.0,1.0,5000.0,1000.0,0.0001,0.0,0.0,3.724,1.0,1.0,0
9.0,1.0,3.0,1.0,5000.0,1000.0,0.000108,0.0,0.0,3.724,1.0,1.0,0
9.0,1.0,3.0,1.0,5000.0,1000.0,0.0001,0.0,0.0,3.724,1.0,1.0,0
9.0,1.0,3.0,1.0,5000.0,1000.0,0.0001,0.0,0.0,3.724,1.0,1.0,0
9.0,1.0,3.0,1.0,5000.0,1000.0,0.0001,0.0,0.0,3.724,1.0,1.0,0
9.0,1.0,3.0,1.0,5000.0,1000.0,0.0001,0.0,0.0,3.724,1.0,1.0,0
9.0,1.0,3.0,1.0,5000.0,1000.0,0.0001,0.0,0.0,3.724,1.0,1.0,0
29.33333333,1.0,3.0,1.0,3302.8735002,550.4789167,0.027249,0.03839731243,341.3333333,3.724,1.0,1.0,0
9.0,1.0,3.0,1.0,5000.0,1000.0,0.0001,0.0,0.0,3.724,1.0,1.0,0
9.0,1.0,3.0,1.0,5000.0,1000.0,0.0001,0.0,0.0,3.724,1.0,1.0,0
9.0,1.0,3.0,1.0,5000.0,1000.0,0.000107,0.0,0.0,3.724,1.0,1.0,0
9.0,1.0,3.0,1.0,5000.0,1000.0,0.0001,0.0,0.0,3.724,1.0,1.0,0
9.0,1.0,3.0,1.0,5000.0,1000.0,0.0001,0.0,0.0,3.724,1.0,1.0,0
9.0,1.0,3.0,1.0,5000.0,1000.0,0.0001,0.0,0.0,3.724,1.0,1.0,0
9.0,1.0,3.0,1.0,5000.0,1000.0,0.0001,0.0,0.0,3.724,1.0,1.0,0
0.0,1.0,2.0,1.0,5000.0,1000.0,0.000205,0.0,0.0,3.724,1.0,1.0,0
9.0,1.0,2.0,1.0,5000.0,1000.0,0.0001,0.0,0.0,3.724,1.0,1.0,0
9.0,1.0,3.0,1.0,5000.0,1000.0,0.0001,0.0,0.0,3.724,1.0,1.0,0
0.0,1.0,3.0,1.0,5000.0,1000.0,0.0001,0.0,0.0,3.724,1.0,1.0,0
0.0,1.0,3.0,1.0,5000.0,1000.0,0.011762,0.0,0.0,3.724,1.0,1.0,0
0.0,1.0,3.0,1.0,5000.0,1000.0,0.01285,0.0,0.0,3.724,1.0,1.0,0
0.0,1.0,3.0,1.0,5000.0,1000.0,0.01223,0.0,0.0,3.724,1.0,1.0,0
0.0,1.0,3.0,1.0,5000.0,1000.0,0.012836,0.0,0.0,3.724,1.0,1.0,0
0.0,1.0,3.0,1.0,5000.0,1000.0,0.01314,0.0,0.0,3.724,1.0,1.0,0
0.0,1.0,3.0,1.0,5000.0,1000.0,0.012852,0.0,0.0,3.724,1.0,1.0,0
0.0,1.0,3.0,1.0,5000.0,1000.0,0.012806,0.0,0.0,3.724,1.0,1.0,0
0.0,1.0,3.0,1.0,5000.0,1000.0,0.012328,0.0,0.0,3.724,1.0,1.0,0
0.0,1.0,3.0,1.0,5000.0,1000.0,0.013732,0.0,0.0,3.724,1.0,1.0,0
0.0,1.0,3.0,1.0,5000.0,1000.0,0.013315,0.0,0.0,3.724,1.0,1.0,0
0.0,1.0,3.0,1.0,5000.0,1000.0,0.013438,0.0,0.0,3.724,1.0,1.0,0
0.0,1.0,3.0,1.0,5000.0,1000.0,0.014798,0.0,0.0,3.724,1.0,1.0,0
0.0,1.0,3.0,1.0,5000.0,1000.0,0.015386,0.0,0.0,3.724,1.0,1.0,0
0.0,1.0,3.0,1.0,5000.0,1000.0,0.012628,0.0,0.0,3.724,1.0,1.0,0
0.0,1.0,3.0,1.0,5000.0,1000.0,0.014266,0.0,0.0,3.724,1.0,1.0,0
0.0,1.0,3.0,1.0,5000.0,874.4698527,0.022871,0.0,0.0,3.724,1.0,1.0,0
0.0,1.0,3.0,1.0,5000.0,1000.0,0.0001,0.0,0.0,3.724,1.0,1.0,0
0.0,1.0,3.0,1.0,5000.0,1000.0,0.000104,0.0,0.0,3.724,1.0,1.0,0
0.0,1.0,3.0,1.0,5000.0,1000.0,0.0001,0.0,0.0,3.724,1.0,1.0,0
0.0,1.0,3.0,1.0,5000.0,1000.0,0.0001,0.0,0.0,3.724,1.0,1.0,0
0.0,1.0,3.0,1.0,5000.0,1000.0,0.0001,0.0,0.0,3.724,1.0,1.0,0
0.0,1.0,3.0,1.0,5000.0,1000.0,0.0001,0.0,0.0,3.724,1.0,1.0,0
0.0,1.0,3.0,1.0,5000.0,1000.0,0.0001,0.0,0.0,3.724,1.0,1.0,0
0.0,1.0,3.0,1.0,5000.0,1000.0,0.0001,0.0,0.0,3.724,1.0,1.0,0
0.0,1.0,3.0,1.0,5000.0,1000.0,0.0001,0.0,0.0,3.724,1.0,1.0,0
1155.481481,1.0,2.0,1.0,5000.0,1000.0,0.0004477924528,0.002544984792,1290618.513,3.724,1.0,1.0,0
1181.039216,1.0,2.0,1.0,5000.0,1000.0,0.0002337524752,0.00124446707,1475978.326,3.724,1.0,1.0,0
1273.688889,1.0,2.0,1.0,5000.0,1000.0,0.0001241685393,0.00010410377649999999,1773583.015,3.724,1.0,1.0,0
1006.870968,1.0,2.0,1.0,5000.0,1000.0,0.0003886393443,0.00233409355,1065204.616,3.724,1.0,1.0,0
1255.393258,1.0,2.0,1.0,5000.0,1000.0,0.00010623863640000001,6.706678680999999e-05,1716142.385,3.724,1.0,1.0,0
0.0,1.0,2.0,1.0,5000.0,1000.0,0.0001,7.566042559e-05,0.0,3.724,1.0,1.0,0
22.66666667,1.0,2.0,1.0,5000.0,1000.0,0.0002455,0.0003118340905,267.3333333,3.724,1.0,1.0,0
22.66666667,1.0,2.0,1.0,5000.0,1000.0,0.0001225,0.0001279863274,267.3333333,3.724,1.0,1.0,0
22.66666667,1.0,2.0,1.0,5000.0,1000.0,0.0001,3.3234018720000004e-05,267.3333333,3.724,1.0,1.0,0
0.0,1.0,2.0,1.0,5000.0,1000.0,0.0001,0.0,0.0,3.724,1.0,1.0,0
0.0,1.0,2.0,1.0,5000.0,1000.0,0.0001,0.0,0.0,3.724,1.0,1.0,0
0.0,1.0,2.0,1.0,5000.0,1000.0,0.0001,0.0,0.0,3.724,1.0,1.0,0
0.0,1.0,2.0,1.0,5000.0,1000.0,0.0001,0.0,0.0,3.724,1.0,1.0,0
1163.3,1.0,1.0,1.0,463.75306079999996,77.2921768,0.1437546667,0.4308658067,3435230.673,3.724,1.0,1.0,1
7.5,1.0,1.0,1.0,54.2816703,9.04694505,1.473794,2.552042631,0.0,3.724,1.0,1.0,1
1291.888889,1.0,1.0,1.0,498.36738534,83.06123088999999,0.13544225,0.377725315,2706820.456,3.724,1.0,1.0,1
971.9166667,1.0,1.0,1.0,8.99613618,1.49935603,7.275850909,21.1,6192667.308,3.724,1.0,1.0,1
1292.555556,1.0,1.0,1.0,840.265524,140.044254,0.08033175,0.2268246943,4572451.567,3.724,1.0,1.0,1
897.1538462,1.0,1.0,1.0,9.78280686,1.63046781,6.644309832999999,20.3,3150292.379,3.724,1.0,1.0,1
1292.555556,1.0,1.0,1.0,1763.8009253999999,293.9668209,0.038269625,0.1079262565,4572451.567,3.724,1.0,1.0,1
972.4166667,1.0,1.0,1.0,9.02477628,1.50412938,7.252761,21.3,10000000.0,3.724,1.0,1.0,1
1454.125,1.0,1.0,1.0,703.2194262,117.2032377,0.09751071429000001,0.2574840143,10000000.0,3.724,1.0,1.0,1
833.5,1.0,1.0,1.0,10.61964894,1.76994149,6.084512308,19.6,3257660.352,3.724,1.0,1.0,1
1292.555556,1.0,1.0,1.0,805.6514958,134.2752493,0.083783125,0.23657051869999998,3625073.789,3.724,1.0,1.0,1
897.1538462,1.0,1.0,1.0,9.86099076,1.64349846,6.59162975,20.4,2803261.61,3.724,1.0,1.0,1
1292.555556,1.0,1.0,1.0,424.98067914,70.83011318999999,0.15883075,0.4488646618,4572451.567,3.724,1.0,1.0,1
833.0714286,1.0,1.0,1.0,10.79437806,1.7990630099999998,5.986022,19.6,3598295.838,3.724,1.0,1.0,1
1292.555556,1.0,1.0,1.0,421.27599822,70.21266637,0.1602275,0.4529195003,4572451.567,3.724,1.0,1.0,1
833.5,1.0,1.0,1.0,10.79587278,1.7993121300000001,5.985193230999999,19.6,3257660.352,3.724,1.0,1.0,1
1291.888889,1.0,1.0,1.0,5000.0,1000.0,0.0017155,0.004102197181,2706820.456,3.724,1.0,1.0,1
7.5,1.0,1.0,1.0,22.95961272,3.82660212,3.484379333,6.034519285,0.0,3.724,1.0,1.0,1
1292.555556,1.0,1.0,1.0,5000.0,1000.0,0.000204,0.000299140674,3625073.789,3.724,1.0,1.0,1
7.2,1.0,1.0,1.0,28.7352606,4.7892101,2.61003375,5.219274167,0.0,3.724,1.0,1.0,1
1292.555556,1.0,1.0,1.0,5000.0,1000.0,0.0002005,0.0003161279126,4572451.567,3.724,1.0,1.0,1
7.5,1.0,1.0,1.0,23.01725748,3.8362095800000002,3.475653,6.019338148,0.0,3.724,1.0,1.0,1
1292.555556,1.0,1.0,1.0,5000.0,1000.0,0.000191625,0.0003086111458,4572451.567,3.724,1.0,1.0,1
7.5,1.0,1.0,1.0,23.038059660000002,3.83967661,3.472514667,6.013823587,0.0,3.724,1.0,1.0,1
1292.555556,1.0,1.0,1.0,5000.0,1000.0,0.000174125,0.0002958128933,3625073.789,3.724,1.0,1.0,1
7.5,1.0,1.0,1.0,23.0456652,3.8409442,3.4713686669999997,6.011904475,0.0,3.724,1.0,1.0,1
1292.555556,1.0,1.0,1.0,5000.0,1000.0,0.00019875,0.0003152054885,3625073.789,3.724,1.0,1.0,1
7.5,1.0,1.0,1.0,23.06871816,3.8447863599999996,3.4678996669999997,6.005835369,0.0,3.724,1.0,1.0,1
1292.555556,1.0,1.0,1.0,5000.0,1000.0,0.000152125,0.0002471456699,4572451.567,3.724,1.0,1.0,1
7.5,1.0,1.0,1.0,23.074021079999998,3.84567018,3.467102667,6.004532866000001,0.0,3.724,1.0,1.0,1
1292.555556,1.0,1.0,1.0,820.0007286,136.66678810000002,0.082317,0.2323304161,3625073.789,3.724,1.0,1.0,1
7.5,1.0,1.0,1.0,24.65705376,4.10950896,3.2445076669999997,5.6190372470000005,0.0,3.724,1.0,1.0,1
1292.555556,1.0,1.0,1.0,326.19371802,54.36561967,0.20693225,0.5848281901,4572451.567,3.724,1.0,1.0,1
7.5,1.0,1.0,1.0,27.4777173,4.579619549999999,2.91145,5.042191292999999,0.0,3.724,1.0,1.0,1
1292.555556,1.0,1.0,1.0,424.64581392,70.77430232,0.158956,0.4491215979,4572451.567,3.724,1.0,1.0,1
7.5,1.0,1.0,1.0,28.395343620000002,4.73255727,2.8173633330000003,4.879135741000001,0.0,3.724,1.0,1.0,1
1454.125,1.0,1.0,1.0,1693.8326843999998,282.3054474,0.040483,0.1065612077,7025604.278,3.724,1.0,1.0,1
7.5,1.0,1.0,1.0,28.43869098,4.73978183,2.813069,4.871796466,0.0,3.724,1.0,1.0,1
1292.555556,1.0,1.0,1.0,5000.0,1000.0,0.0066435,0.01831682448,4572451.567,3.724,1.0,1.0,1
7.5,1.0,1.0,1.0,28.4899845,4.74833075,2.808004333,4.862967912999999,0.0,3.724,1.0,1.0,1
1454.125,1.0,1.0,1.0,5000.0,1000.0,0.003529571429,0.008900108161,6523729.278,3.724,1.0,1.0,1
7.5,1.0,1.0,1.0,28.52019408,4.75336568,2.80503,4.857868179,0.0,3.724,1.0,1.0,1
1292.555556,1.0,1.0,1.0,5000.0,1000.0,0.0019435,0.005014349011,3625073.789,3.724,1.0,1.0,1
7.5,1.0,1.0,1.0,28.531264020000002,4.75521067,2.8039416669999997,4.855814255,0.0,3.724,1.0,1.0,1
1292.555556,1.0,1.0,1.0,5000.0,1000.0,0.001201625,0.002939405282,4572451.567,3.724,1.0,1.0,1
7.5,1.0,1.0,1.0,28.56014394,4.7600239900000005,2.801106333,4.850911974000001,0.0,3.724,1.0,1.0,1
1292.555556,1.0,1.0,1.0,5000.0,1000.0,0.000523,0.0010435712040000001,4572451.567,3.724,1.0,1.0,1
7.5,1.0,1.0,1.0,28.572153059999998,4.76202551,2.799929,4.849007007,0.0,3.724,1.0,1.0,1
1292.555556,1.0,1.0,1.0,807.4536948,134.5756158,0.083596125,0.2359939955,4572451.567,3.724,1.0,1.0,1
7.2,1.0,1.0,1.0,38.80352688,6.467254479999999,1.932814,3.865002,0.0,3.724,1.0,1.0,1
1292.555556,1.0,1.0,1.0,818.3864148,136.3977358,0.082479375,0.2327945387,4544873.789,3.724,1.0,1.0,1
7.5,1.0,1.0,1.0,31.043536259999996,5.173922709999999,2.577026,4.462932881,0.0,3.724,1.0,1.0,1
1292.555556,1.0,1.0,1.0,326.0926671,54.348777850000005,0.206996375,0.5850010754,4572451.567,3.724,1.0,1.0,1
7.5,1.0,1.0,1.0,35.652837600000005,5.942139600000001,2.243860667,3.885880524,0.0,3.724,1.0,1.0,1
1292.555556,1.0,1.0,1.0,424.53430944,70.75571824,0.15899775,0.4492776698,4572451.567,3.724,1.0,1.0,1
7.5,1.0,1.0,1.0,37.220000940000006,6.20333349,2.149382,3.722273316,0.0,3.724,1.0,1.0,1
1292.555556,1.0,1.0,1.0,421.03457549999996,70.17242925,0.160319375,0.45309291739999996,3625073.789,3.724,1.0,1.0,1
7.2,1.0,1.0,1.0,46.59684594,7.76614099,1.609551,3.218314002,0.0,3.724,1.0,1.0,1
1292.555556,1.0,1.0,1.0,1759.8232355999999,293.3038726,0.038356125,0.1080401666,4572451.567,3.724,1.0,1.0,1
7.5,1.0,1.0,1.0,37.4275893,6.23793155,2.137460667,3.701581658,0.0,3.724,1.0,1.0,1
1292.555556,1.0,1.0,1.0,5000.0,1000.0,0.004499,0.01203536606,3625073.789,3.724,1.0,1.0,1
7.5,1.0,1.0,1.0,37.49678934000001,6.2494648900000005,2.133516,3.6946271860000004,0.0,3.724,1.0,1.0,1
1292.555556,1.0,1.0,1.0,5000.0,1000.0,0.00354225,0.009591005828,4572451.567,3.724,1.0,1.0,1
7.5,1.0,1.0,1.0,37.51815528,6.253025880000001,2.132301,3.692657844,0.0,3.724,1.0,1.0,1
1292.555556,1.0,1.0,1.0,801.0657138,133.5109523,0.08426275,0.23746579680000002,4572451.567,3.724,1.0,1.0,1
7.2,1.0,1.0,1.0,52.382989499999994,8.73049825,1.4317625,2.862763668,0.0,3.724,1.0,1.0,1
1292.555556,1.0,1.0,1.0,325.62427902,54.27071317,0.207294125,0.5858872898,4572451.567,3.724,1.0,1.0,1
7.5,1.0,1.0,1.0,50.731291559999995,8.45521526,1.576936,2.730727923,0.0,3.724,1.0,1.0,1
1292.555556,1.0,1.0,1.0,325.58462034,54.26410339,0.207319375,0.5859578976,3625073.789,3.724,1.0,1.0,1
7.5,1.0,1.0,1.0,50.77629552,8.46271592,1.5755383330000001,2.7282551290000003,0.0,3.724,1.0,1.0,1
1291.888889,1.0,1.0,1.0,5000.0,1000.0,0.00142375,0.0035159235629999997,2706820.456,3.724,1.0,1.0,1
7.2,1.0,1.0,1.0,37.31442606,6.21907101,2.0099465,4.01857236,0.0,3.724,1.0,1.0,1
1291.888889,1.0,1.0,1.0,5000.0,1000.0,0.001433625,0.0034513897379999997,2706820.456,3.724,1.0,1.0,1
7.2,1.0,1.0,1.0,37.323655079999995,6.220609179999999,2.0094495,4.018233027,0.0,3.724,1.0,1.0,1
1661.0,1.0,1.0,1.0,5000.0,1000.0,0.001735833333,0.003347610576,10000000.0,3.724,1.0,1.0,1
7.2,1.0,1.0,1.0,37.32764892,6.22127482,2.0092345,4.0178043599999995,0.0,3.724,1.0,1.0,1
1453.375,1.0,1.0,1.0,5000.0,1000.0,0.001403857143,0.002919353606,6054813.111,3.724,1.0,1.0,1
7.2,1.0,1.0,1.0,37.3377999,6.22296665,2.00868825,4.01696451,0.0,3.724,1.0,1.0,1
1661.0,1.0,1.0,1.0,5000.0,1000.0,0.001468666667,0.002744672124,9696700.839,3.724,1.0,1.0,1
7.2,1.0,1.0,1.0,37.3422384,6.223706399999999,2.0084495,4.016486336,0.0,3.724,1.0,1.0,1
1661.0,1.0,1.0,1.0,5000.0,1000.0,0.001333833333,0.00232736971,9554872.268,3.724,1.0,1.0,1
7.5,1.0,1.0,1.0,29.877569219999998,4.97959487,2.677594,4.6370239060000005,0.0,3.724,1.0,1.0,1
7.5,1.0,1.0,1.0,29.88246852,4.98041142,2.677155,4.63636054,0.0,3.724,1.0,1.0,1
1291.888889,1.0,1.0,1.0,5000.0,1000.0,0.0015925,0.004156567334,2734398.233,3.724,1.0,1.0,1
7.2,1.0,1.0,1.0,37.360854180000004,6.22680903,2.00744875,4.014187506,0.0,3.724,1.0,1.0,1
1292.555556,1.0,1.0,1.0,641.2403009999999,106.87338349999999,0.10526475,0.2969302848,3625073.789,3.724,1.0,1.0,1
7.5,1.0,1.0,1.0,33.38980848,5.56496808,2.395940667,4.149023239,0.0,3.724,1.0,1.0,1
1292.555556,1.0,1.0,1.0,598.84290246,99.80715040999999,0.112717375,0.3184020317,4544873.789,3.724,1.0,1.0,1
7.2,1.0,1.0,1.0,42.09642438,7.01607073,1.781624,3.562501336,0.0,3.724,1.0,1.0,1
1292.555556,1.0,1.0,1.0,597.77031672,99.62838612,0.112919625,0.3190847684,3625073.789,3.724,1.0,1.0,1
7.5,1.0,1.0,1.0,33.69208386,5.61534731,2.374445,4.112104258,0.0,3.724,1.0,1.0,1
1454.125,1.0,1.0,1.0,531.69158784,88.61526464,0.1289684286,0.3407536937,6523729.278,3.724,1.0,1.0,1
7.2,1.0,1.0,1.0,42.12052116,7.02008686,1.78060475,3.5600195159999997,0.0,3.724,1.0,1.0,1
1454.125,1.0,1.0,1.0,532.1100714,88.6850119,0.128867,0.3404293382,7025604.278,3.724,1.0,1.0,1
7.5,1.0,1.0,1.0,33.701394719999996,5.616899119999999,2.373789,4.110871039,0.0,3.724,1.0,1.0,1
1454.125,1.0,1.0,1.0,529.4541988799999,88.24236647999999,0.1295134286,0.34230232520000003,7025604.278,3.724,1.0,1.0,1
7.2,1.0,1.0,1.0,42.162865020000005,7.027144170000001,1.7788165,3.556803671,0.0,3.724,1.0,1.0,1
1454.125,1.0,1.0,1.0,530.0400179999999,88.340003,0.1293702857,0.34187643689999997,7025604.278,3.724,1.0,1.0,1
7.5,1.0,1.0,1.0,33.75871188,5.626451980000001,2.3697586669999997,4.1039327310000004,0.0,3.724,1.0,1.0,1
1454.125,1.0,1.0,1.0,529.8100962,88.3016827,0.1294264286,0.3420210114,7025604.278,3.724,1.0,1.0,1
7.5,1.0,1.0,1.0,33.76677204,5.6277953400000005,2.369193,4.102963359,0.0,3.724,1.0,1.0,1
1292.555556,1.0,1.0,1.0,1226.280555,204.3800925,0.0550445,0.1551210871,3625073.789,3.724,1.0,1.0,1
7.2,1.0,1.0,1.0,42.29385516,7.04897586,1.77330725,3.545418533,0.0,3.724,1.0,1.0,1
1292.555556,1.0,1.0,1.0,4135.2059178,689.2009863,0.01632325,0.04563787602,4572451.567,3.724,1.0,1.0,1
7.5,1.0,1.0,1.0,34.08699198,5.68116533,2.346936333,4.064295905,0.0,3.724,1.0,1.0,1
1292.555556,1.0,1.0,1.0,5000.0,908.3935565,0.0123845,0.03452291902,3625073.789,3.724,1.0,1.0,1
7.5,1.0,1.0,1.0,34.2345288,5.7057548,2.336822,4.047002529999999,0.0,3.724,1.0,1.0,1
1454.125,1.0,1.0,1.0,4807.0182468,801.1697078,0.01426485714,0.03719909209,7025604.278,3.724,1.0,1.0,1
7.5,1.0,1.0,1.0,34.24674636,5.70779106,2.335988333,4.045465912,0.0,3.724,1.0,1.0,1
1292.555556,1.0,1.0,1.0,5000.0,905.9521053000001,0.012417875,0.03466627137,3625073.789,3.724,1.0,1.0,1
7.5,1.0,1.0,1.0,34.25152638,5.70858773,2.335662333,4.044862293,0.0,3.724,1.0,1.0,1
1454.125,1.0,1.0,1.0,4743.5517342,790.5919557,0.01445571429,0.03785815827,7025604.278,3.724,1.0,1.0,1
7.5,1.0,1.0,1.0,34.26798792,5.71133132,2.334540333,4.043036711,0.0,3.724,1.0,1.0,1
1454.125,1.0,1.0,1.0,4812.6572886,802.1095481,0.01424814286,0.03726625114,7025604.278,3.724,1.0,1.0,1
7.5,1.0,1.0,1.0,34.280528159999996,5.71342136,2.333686333,4.04143543,0.0,3.724,1.0,1.0,1
1292.555556,1.0,1.0,1.0,5000.0,897.4243920000001,0.012535875,0.03508936317,4572451.567,3.724,1.0,1.0,1
7.5,1.0,1.0,1.0,34.289236259999996,5.71487271,2.333093667,4.04036993,0.0,3.724,1.0,1.0,1
1292.555556,1.0,1.0,1.0,5000.0,887.2589613,0.0126795,0.03548453747,4572451.567,3.724,1.0,1.0,1
7.5,1.0,1.0,1.0,34.30061544,5.7167692400000005,2.3323196669999997,4.038954846,0.0,3.724,1.0,1.0,1
1292.555556,1.0,1.0,1.0,5000.0,1000.0,0.010730625,0.02989938078,4572451.567,3.724,1.0,1.0,1
7.5,1.0,1.0,1.0,34.3169427,5.71949045,2.33121,4.037200854,0.0,3.724,1.0,1.0,1
1292.555556,1.0,1.0,1.0,1078.2209352,179.70348919999998,0.062603125,0.176295563,4572451.567,3.724,1.0,1.0,1
7.5,1.0,1.0,1.0,36.79224936,6.13204156,2.174371,3.765423034,0.0,3.724,1.0,1.0,1
1292.555556,1.0,1.0,1.0,595.56765318,99.26127553,0.11333725,0.3200357366,4572451.567,3.724,1.0,1.0,1
7.2,1.0,1.0,1.0,49.27394028,8.212323379999999,1.52210275,3.0430175189999997,0.0,3.724,1.0,1.0,1
1292.555556,1.0,1.0,1.0,596.776083,99.4626805,0.11310775,0.31946092800000003,4544873.789,3.724,1.0,1.0,1
7.2,1.0,1.0,1.0,49.27994604,8.21332434,1.52191725,3.043049835,0.0,3.724,1.0,1.0,1
1454.125,1.0,1.0,1.0,529.2527943,88.20879905,0.12956271430000002,0.3417961677,10000000.0,3.724,1.0,1.0,1
7.5,1.0,1.0,1.0,39.44154714,6.57359119,2.028318,3.512569594,0.0,3.724,1.0,1.0,1
1292.555556,1.0,1.0,1.0,589.31570622,98.21928437,0.114539625,0.3227292342,4572451.567,3.724,1.0,1.0,1
7.5,1.0,1.0,1.0,39.52241118,6.58706853,2.024168,3.505341747,0.0,3.724,1.0,1.0,1
1454.125,1.0,1.0,1.0,524.1622413,87.36037355,0.130821,0.3456083921,7025604.278,3.724,1.0,1.0,1
7.5,1.0,1.0,1.0,39.53155764,6.58859294,2.023699667,3.504505453,0.0,3.724,1.0,1.0,1
1292.555556,1.0,1.0,1.0,589.5067793400001,98.25112989000002,0.1145025,0.3234959807,4572451.567,3.724,1.0,1.0,1
7.5,1.0,1.0,1.0,39.48856386,6.58142731,2.025903,3.50839102,0.0,3.724,1.0,1.0,1
1292.555556,1.0,1.0,1.0,589.63165494,98.27194249,0.11447825,0.32341082520000003,4572451.567,3.724,1.0,1.0,1
7.5,1.0,1.0,1.0,39.56104386,6.59350731,2.0221913330000003,3.5015318169999996,0.0,3.724,1.0,1.0,1
1454.125,1.0,1.0,1.0,525.9006048,87.65010079999999,0.13038857140000001,0.3445749989,7087654.278,3.724,1.0,1.0,1
7.5,1.0,1.0,1.0,39.55490838,6.59248473,2.022505,3.502586053,0.0,3.724,1.0,1.0,1
1454.125,1.0,1.0,1.0,1074.9244752,179.1540792,0.06379185714,0.16820005300000002,10000000.0,3.724,1.0,1.0,1
7.5,1.0,1.0,1.0,39.58499748,6.59749958,2.020967667,3.4995526889999997,0.0,3.724,1.0,1.0,1
1454.125,1.0,1.0,1.0,5000.0,1000.0,0.0020652857140000002,0.0050154815230000005,7025604.278,3.724,1.0,1.0,1
1292.555556,1.0,1.0,1.0,5000.0,1000.0,0.004659625,0.01277344354,3625073.789,3.724,1.0,1.0,1
7.5,1.0,1.0,1.0,39.70863786,6.61810631,2.014675,3.488654337,0.0,3.724,1.0,1.0,1
1661.857143,1.0,1.0,1.0,5000.0,1000.0,0.0060215,0.01387406403,10000000.0,3.724,1.0,1.0,1
7.0,1.0,1.0,1.0,59.6717655,9.94529425,1.2066008000000001,2.696652872,0.0,3.724,1.0,1.0,1
1661.0,1.0,1.0,1.0,5000.0,1000.0,0.003659666667,0.007883064878,9696700.839,3.724,1.0,1.0,1
7.2,1.0,1.0,1.0,49.6860504,8.2810084,1.509478,3.01628559,0.0,3.724,1.0,1.0,1
1661.0,1.0,1.0,1.0,5000.0,1000.0,0.003473333333,0.007525400418999999,9696700.839,3.724,1.0,1.0,1
7.2,1.0,1.0,1.0,49.71955686,8.28659281,1.50846075,3.014921611,0.0,3.724,1.0,1.0,1
1453.375,1.0,1.0,1.0,5000.0,1000.0,0.002767571429,0.0062383815169999995,6054813.111,3.724,1.0,1.0,1
7.5,1.0,1.0,1.0,39.75554976,6.625924960000001,2.012297667,3.482091508,0.0,3.724,1.0,1.0,1
1661.0,1.0,1.0,1.0,5000.0,1000.0,0.002802666667,0.005889273119,10000000.0,3.724,1.0,1.0,1
7.5,1.0,1.0,1.0,39.75568806,6.62594801,2.012290667,3.484522818,0.0,3.724,1.0,1.0,1
1661.0,1.0,1.0,1.0,5000.0,1000.0,0.002732,0.005489226576,9696700.839,3.724,1.0,1.0,1
7.2,1.0,1.0,1.0,49.7262075,8.28770125,1.508259,3.015519346,0.0,3.724,1.0,1.0,1
1453.375,1.0,1.0,1.0,5000.0,1000.0,0.001051,0.001809361674,4456113.111,3.724,1.0,1.0,1
7.2,1.0,1.0,1.0,49.761443639999996,8.29357394,1.507191,3.012639418,0.0,3.724,1.0,1.0,1
1291.888889,1.0,1.0,1.0,5000.0,1000.0,0.00076375,0.0018618919530000002,3654198.233,3.724,1.0,1.0,1
7.5,1.0,1.0,1.0,39.84226446,6.64037741,2.007918,3.477147443,0.0,3.724,1.0,1.0,1
1291.888889,1.0,1.0,1.0,5000.0,1000.0,0.0006185,0.001074193385,2706820.456,3.724,1.0,1.0,1
7.2,1.0,1.0,1.0,49.75233288,8.29205548,1.507467,3.013931416,0.0,3.724,1.0,1.0,1
1291.888889,1.0,1.0,1.0,642.8043408,107.1340568,0.105008625,0.2954954513,2706820.456,3.724,1.0,1.0,1
7.5,1.0,1.0,1.0,46.29716256,7.7161937599999995,1.727967667,2.9920661379999998,0.0,3.724,1.0,1.0,1
1292.555556,1.0,1.0,1.0,643.3235526,107.22059209999999,0.104923875,0.2956239927,3625073.789,3.724,1.0,1.0,1
7.2,1.0,1.0,1.0,57.89383392,9.64897232,1.29547475,2.5900728650000002,0.0,3.724,1.0,1.0,1
1292.555556,1.0,1.0,1.0,621.2001816,103.5333636,0.108660625,0.3061172189,4572451.567,3.724,1.0,1.0,1
7.5,1.0,1.0,1.0,46.52111244,7.7535187400000005,1.719649333,2.977945843,0.0,3.724,1.0,1.0,1
1292.555556,1.0,1.0,1.0,628.4170176,104.7361696,0.10741275,0.30286696620000003,3625073.789,3.724,1.0,1.0,1
7.5,1.0,1.0,1.0,46.44532632,7.74088772,1.722455333,2.982771337,0.0,3.724,1.0,1.0,1
1292.555556,1.0,1.0,1.0,598.95116994,99.82519499,0.112697,0.31837756209999996,3625073.789,3.724,1.0,1.0,1
7.5,1.0,1.0,1.0,46.85290044,7.808816739999999,1.7074716669999999,2.956905466,0.0,3.724,1.0,1.0,1
1292.555556,1.0,1.0,1.0,598.89802764,99.81633794000001,0.112707,0.31844256400000004,3625073.789,3.724,1.0,1.0,1
7.5,1.0,1.0,1.0,46.859852939999996,7.809975489999999,1.7072183330000001,2.956395666,0.0,3.724,1.0,1.0,1
1454.125,1.0,1.0,1.0,532.78456524,88.79742754,0.12870385709999999,0.3401057325,6523729.278,3.724,1.0,1.0,1
7.5,1.0,1.0,1.0,46.86881184,7.81146864,1.706892,2.955852957,0.0,3.724,1.0,1.0,1
1454.125,1.0,1.0,1.0,533.33807412,88.88967901999999,0.12857028569999998,0.33971314490000004,7025604.278,3.724,1.0,1.0,1
7.5,1.0,1.0,1.0,46.90734042,7.81789007,1.70549,2.953436746,0.0,3.724,1.0,1.0,1
1454.125,1.0,1.0,1.0,534.33491442,89.05581907,0.1283304286,0.3390185799,10000000.0,3.724,1.0,1.0,1
7.5,1.0,1.0,1.0,46.92501366,7.82083561,1.704847667,2.952130202,0.0,3.724,1.0,1.0,1
1292.555556,1.0,1.0,1.0,1077.8464626,179.64107710000002,0.062624875,0.1766804377,3625073.789,3.724,1.0,1.0,1
7.5,1.0,1.0,1.0,47.65866864,7.94311144,1.678603333,2.9067291120000003,0.0,3.724,1.0,1.0,1
1292.555556,1.0,1.0,1.0,3935.0569854,655.8428309,0.0171535,0.048078435169999996,3625073.789,3.724,1.0,1.0,1
7.5,1.0,1.0,1.0,47.662473420000005,7.943745570000001,1.678469333,2.9065359849999997,0.0,3.724,1.0,1.0,1
1454.125,1.0,1.0,1.0,3435.4423134,572.5737189,0.01996,0.05232765963,7025604.278,3.724,1.0,1.0,1
7.5,1.0,1.0,1.0,47.70616818,7.95102803,1.676932,2.903886236,0.0,3.724,1.0,1.0,1
1292.555556,1.0,1.0,1.0,3964.8741522,660.8123587,0.0170245,0.04774617081,3625073.789,3.724,1.0,1.0,1
7.5,1.0,1.0,1.0,47.88282114,7.98047019,1.6707453330000002,2.893166289,0.0,3.724,1.0,1.0,1
1292.555556,1.0,1.0,1.0,4072.2139272,678.7023211999999,0.01657575,0.04645599542,3625073.789,3.724,1.0,1.0,1
7.5,1.0,1.0,1.0,47.89755672,7.98292612,1.670231333,2.892319315,0.0,3.724,1.0,1.0,1
1163.3,1.0,1.0,1.0,5000.0,919.6586227,0.01208177778,0.03570978647,3008910.673,3.724,1.0,1.0,1
7.5,1.0,1.0,1.0,47.98496154,7.9974935899999995,1.667189,2.887077551,0.0,3.724,1.0,1.0,1
1292.555556,1.0,1.0,1.0,5000.0,835.6701146,0.01346225,0.03765649246,3625073.789,3.724,1.0,1.0,1
7.5,1.0,1.0,1.0,47.97579144,7.99596524,1.667507667,2.88785293,0.0,3.724,1.0,1.0,1
1292.555556,1.0,1.0,1.0,4893.6980046,815.6163341,0.01379325,0.03868631257,3625073.789,3.724,1.0,1.0,1
7.5,1.0,1.0,1.0,48.008785620000005,8.00146427,1.6663616669999999,2.88565929,0.0,3.724,1.0,1.0,1
1292.555556,1.0,1.0,1.0,4930.0210896,821.6701816,0.013691625,0.038269482640000005,4544873.789,3.724,1.0,1.0,1
7.5,1.0,1.0,1.0,48.02830788,8.00471798,1.6656843330000002,2.884366604,0.0,3.724,1.0,1.0,1
1292.555556,1.0,1.0,1.0,4848.0930834,808.0155139,0.013923,0.0389587302,3625073.789,3.724,1.0,1.0,1
7.2,1.0,1.0,1.0,60.06661386,10.01110231,1.24861375,2.495994865,0.0,3.724,1.0,1.0,1
1292.555556,1.0,1.0,1.0,638.6534346,106.4422391,0.105691125,0.2976865418,3625073.789,3.724,1.0,1.0,1
7.2,1.0,1.0,1.0,71.79115092,11.965191820000001,1.044697,2.088634002,0.0,3.724,1.0,1.0,1
1292.555556,1.0,1.0,1.0,631.0888386,105.1814731,0.106958,0.3014425872,3625073.789,3.724,1.0,1.0,1
7.5,1.0,1.0,1.0,57.63766278,9.60627713,1.3879813330000002,2.4034020729999996,0.0,3.724,1.0,1.0,1
1292.555556,1.0,1.0,1.0,631.3109172,105.2184862,0.106920375,0.3012895576,3625073.789,3.724,1.0,1.0,1
7.0,1.0,1.0,1.0,86.50286226,14.41714371,0.8323424,1.859487704,0.0,3.724,1.0,1.0,1
1292.555556,1.0,1.0,1.0,587.6016061199999,97.93360102,0.11487375,0.3244906896,3625073.789,3.724,1.0,1.0,1
7.5,1.0,1.0,1.0,58.76906718,9.794844529999999,1.3612603330000002,2.3572074130000003,0.0,3.724,1.0,1.0,1
1292.555556,1.0,1.0,1.0,587.7602199600001,97.96003666000001,0.11484275,0.3241529864,4572451.567,3.724,1.0,1.0,1
7.5,1.0,1.0,1.0,58.7963649,9.799394150000001,1.3606283330000002,2.356182037,0.0,3.724,1.0,1.0,1
1292.555556,1.0,1.0,1.0,586.81874688,97.80312448000001,0.115027,0.3248688408,4572451.567,3.724,1.0,1.0,1
7.5,1.0,1.0,1.0,59.01232548,9.83538758,1.355649,2.3480494810000003,0.0,3.724,1.0,1.0,1
1292.555556,1.0,1.0,1.0,586.49688666,97.74948111,0.115090125,0.32511597600000003,4572451.567,3.724,1.0,1.0,1
7.2,1.0,1.0,1.0,73.78498272,12.297497120000001,1.016467,2.032283385,0.0,3.724,1.0,1.0,1
1454.125,1.0,1.0,1.0,522.9846297,87.16410495,0.1311155714,0.3464402527,10000000.0,3.724,1.0,1.0,1
7.5,1.0,1.0,1.0,59.04201378,9.84033563,1.354967333,2.346009755,0.0,3.724,1.0,1.0,1
1661.857143,1.0,1.0,1.0,458.03374836,76.33895806,0.1528271667,0.3738788429,10000000.0,3.724,1.0,1.0,1
7.2,1.0,1.0,1.0,73.83866544,12.306444240000001,1.015728,2.0307807220000003,0.0,3.724,1.0,1.0,1
1454.125,1.0,1.0,1.0,525.0813876,87.5135646,0.130592,0.34508939250000004,8717379.278,3.724,1.0,1.0,1
7.5,1.0,1.0,1.0,59.08560594,9.84760099,1.3539676669999998,2.3451373259999997,0.0,3.724,1.0,1.0,1
1454.125,1.0,1.0,1.0,1024.6754658,170.7792443,0.06692014286,0.1765366427,10000000.0,3.724,1.0,1.0,1
7.5,1.0,1.0,1.0,59.23052148,9.87175358,1.350655,2.3394022170000004,0.0,3.724,1.0,1.0,1
1292.555556,1.0,1.0,1.0,4319.4471108,719.9078518,0.015627,0.04366297495,4572451.567,3.724,1.0,1.0,1
7.2,1.0,1.0,1.0,74.29554816,12.38259136,1.00948175,2.017634888,0.0,3.724,1.0,1.0,1
1292.555556,1.0,1.0,1.0,4876.0666398,812.6777733,0.013843125,0.03871626859,3625073.789,3.724,1.0,1.0,1
7.5,1.0,1.0,1.0,59.450984999999996,9.9084975,1.3456463330000001,2.3298575070000003,0.0,3.724,1.0,1.0,1
1661.857143,1.0,1.0,1.0,3850.5968424000002,641.7661404,0.018179,0.04405289517,10000000.0,3.724,1.0,1.0,1
7.5,1.0,1.0,1.0,59.46583326,9.91097221,1.345310333,2.329286805,0.0,3.724,1.0,1.0,1
1661.857143,1.0,1.0,1.0,5000.0,1000.0,0.005539666667000001,0.01255783033,10000000.0,3.724,1.0,1.0,1
7.2,1.0,1.0,1.0,74.48035062,12.41339177,1.006977,2.0112808859999998,0.0,3.724,1.0,1.0,1
1454.125,1.0,1.0,1.0,5000.0,1000.0,0.004277142857,0.010735672370000001,8593279.278,3.724,1.0,1.0,1
7.5,1.0,1.0,1.0,59.60609316,9.93434886,1.342144667,2.32465929,0.0,3.724,1.0,1.0,1
1291.888889,1.0,1.0,1.0,5000.0,1000.0,0.0038745,0.006996507762,3208087.122,3.724,1.0,1.0,1
7.2,1.0,1.0,1.0,74.64088404,12.440147340000001,1.00481125,2.0085285330000002,0.0,3.724,1.0,1.0,1
1291.888889,1.0,1.0,1.0,5000.0,1000.0,0.00842025,0.01900453331,2706820.456,3.724,1.0,1.0,1
7.5,1.0,1.0,1.0,60.25297212,10.042162020000001,1.3277353330000001,2.2990659300000003,0.0,3.724,1.0,1.0,1
1291.888889,1.0,1.0,1.0,5000.0,1000.0,0.00361525,0.006598476745,2706820.456,3.724,1.0,1.0,1
7.5,1.0,1.0,1.0,59.673719039999995,9.945619839999999,1.3406236669999998,2.320195168,0.0,3.724,1.0,1.0,1
1661.0,1.0,1.0,1.0,5000.0,1000.0,0.004652333333,0.007301248624,9696700.839,3.724,1.0,1.0,1
7.5,1.0,1.0,1.0,59.68262274,9.94710379,1.3404236669999998,2.3211414959999996,0.0,3.724,1.0,1.0,1
1453.375,1.0,1.0,1.0,5000.0,1000.0,0.009531857142999998,0.0209835688,4456113.111,3.724,1.0,1.0,1
7.2,1.0,1.0,1.0,75.30708348,12.55118058,0.99592225,1.990595171,0.0,3.724,1.0,1.0,1
1454.125,1.0,1.0,1.0,5000.0,1000.0,0.008862428571000001,0.022717340380000003,6523729.278,3.724,1.0,1.0,1
7.5,1.0,1.0,1.0,60.311417999999996,10.051903,1.326448667,2.296914434,0.0,3.724,1.0,1.0,1
1661.0,1.0,1.0,1.0,496.38290502,82.73048417,0.1410201667,0.3437994803,9696700.839,3.724,1.0,1.0,1
7.2,1.0,1.0,1.0,94.28195646,15.71365941,0.79548625,1.590301236,0.0,3.724,1.0,1.0,1
1661.0,1.0,1.0,1.0,496.57129344000003,82.76188224,0.1409666667,0.343508545,9554872.268,3.724,1.0,1.0,1
7.5,1.0,1.0,1.0,75.47350187999999,12.578916979999999,1.0599746669999999,1.835076142,0.0,3.724,1.0,1.0,1
1661.857143,1.0,1.0,1.0,497.17674636000004,82.86279106,0.140795,0.3435904241,10000000.0,3.724,1.0,1.0,1
7.2,1.0,1.0,1.0,94.34152134,15.72358689,0.794984,1.5893093999999999,0.0,3.724,1.0,1.0,1
1292.555556,1.0,1.0,1.0,615.320103,102.5533505,0.109699,0.309855544,3625073.789,3.724,1.0,1.0,1
7.5,1.0,1.0,1.0,76.3869483,12.73115805,1.047299333,1.8133867620000002,0.0,3.724,1.0,1.0,1
1292.555556,1.0,1.0,1.0,598.35784014,99.72630669,0.11280875,0.3187121706,4544873.789,3.724,1.0,1.0,1
7.2,1.0,1.0,1.0,96.28877388000001,16.04812898,0.778907,1.557120671,0.0,3.724,1.0,1.0,1
1292.555556,1.0,1.0,1.0,603.2003129999999,100.5333855,0.111903125,0.3160113723,4572451.567,3.724,1.0,1.0,1
7.5,1.0,1.0,1.0,77.01564378,12.83594063,1.03875,1.797725082,0.0,3.724,1.0,1.0,1
1661.857143,1.0,1.0,1.0,469.59012606,78.26502101,0.1490661667,0.3646962466,10000000.0,3.724,1.0,1.0,1
7.5,1.0,1.0,1.0,77.08701036,12.84783506,1.037788333,1.796893311,0.0,3.724,1.0,1.0,1
1292.555556,1.0,1.0,1.0,598.5442074599999,99.75736791,0.112773625,0.3185562707,4544873.789,3.724,1.0,1.0,1
7.2,1.0,1.0,1.0,96.59244396,16.09874066,0.77645825,1.552233838,0.0,3.724,1.0,1.0,1
1661.857143,1.0,1.0,1.0,474.81340962,79.13556827,0.1474263333,0.3606129389,10000000.0,3.724,1.0,1.0,1
7.5,1.0,1.0,1.0,77.65555296,12.94259216,1.030190333,1.78375137,0.0,3.724,1.0,1.0,1
1292.555556,1.0,1.0,1.0,577.82376588,96.30396098,0.116817625,0.32998921639999995,3625073.789,3.724,1.0,1.0,1
7.2,1.0,1.0,1.0,98.65831272,16.443052119999997,0.7601995,1.5198183330000001,0.0,3.724,1.0,1.0,1
1292.555556,1.0,1.0,1.0,580.2146794199999,96.70244656999999,0.11633625,0.32860791710000004,4572451.567,3.724,1.0,1.0,1
7.5,1.0,1.0,1.0,78.9639924,13.1606654,1.01312,1.7541465859999998,0.0,3.724,1.0,1.0,1
1292.555556,1.0,1.0,1.0,1045.1120688,174.18534480000002,0.064586375,0.1821018805,4572451.567,3.724,1.0,1.0,1
7.2,1.0,1.0,1.0,99.4076958,16.5679493,0.75446875,1.508305501,0.0,3.724,1.0,1.0,1
1292.555556,1.0,1.0,1.0,3535.7205996000002,589.2867666,0.019090875,0.05349845714,3625073.789,3.724,1.0,1.0,1
7.2,1.0,1.0,1.0,99.51238932,16.585398220000002,0.753675,1.506182696,0.0,3.724,1.0,1.0,1
1661.857143,1.0,1.0,1.0,2765.9056038,460.9842673,0.02530816667,0.061610465360000005,10000000.0,3.724,1.0,1.0,1
7.5,1.0,1.0,1.0,79.6645062,13.2774177,1.004211333,1.738731074,0.0,3.724,1.0,1.0,1
1163.3,1.0,1.0,1.0,3929.993712,654.9989519999999,0.01696355556,0.05055908813,3435230.673,3.724,1.0,1.0,1
7.2,1.0,1.0,1.0,99.63195954,16.60532659,0.7527705,1.504368412,0.0,3.724,1.0,1.0,1
1292.555556,1.0,1.0,1.0,3895.5136668,649.2522778,0.017327625,0.048573938750000004,4544873.789,3.724,1.0,1.0,1
7.5,1.0,1.0,1.0,80.24928102000001,13.37488017,0.9968936666999999,1.725916176,0.0,3.724,1.0,1.0,1
1292.555556,1.0,1.0,1.0,4637.223162,772.870527,0.014556125,0.04077598185,4572451.567,3.724,1.0,1.0,1
7.5,1.0,1.0,1.0,80.31658121999999,13.38609687,0.9960583333,1.7246321470000001,0.0,3.724,1.0,1.0,1
1454.125,1.0,1.0,1.0,4186.7645904,697.7940983999999,0.01637814286,0.042902171999999995,10000000.0,3.724,1.0,1.0,1
7.5,1.0,1.0,1.0,80.29836192,13.38306032,0.9962843333000001,1.7252305689999998,0.0,3.724,1.0,1.0,1
1292.555556,1.0,1.0,1.0,2947.984452,491.33074200000004,0.022897,0.06441049545000001,3625073.789,3.724,1.0,1.0,1
7.5,1.0,1.0,1.0,82.12495584,13.68749264,0.9741253333000001,1.6866344180000001,0.0,3.724,1.0,1.0,1
1292.555556,1.0,1.0,1.0,942.0483270000001,157.00805450000001,0.071652375,0.2015043752,3625073.789,3.724,1.0,1.0,1
7.2,1.0,1.0,1.0,118.83098826,19.80516471,0.6311485,1.26081247,0.0,3.724,1.0,1.0,1
1292.555556,1.0,1.0,1.0,609.2105874,101.5350979,0.110799125,0.3130087337,3625073.789,3.724,1.0,1.0,1
7.5,1.0,1.0,1.0,109.48735284,18.247892139999998,0.730678,1.264950483,0.0,3.724,1.0,1.0,1
1163.3,1.0,1.0,1.0,690.7969721999999,115.13282869999999,0.09650688889,0.2890032956,3410410.673,3.724,1.0,1.0,1
7.2,1.0,1.0,1.0,139.12766028,23.18794338,0.53907325,1.077329872,0.0,3.724,1.0,1.0,1
1292.555556,1.0,1.0,1.0,622.3155438,103.7192573,0.108465875,0.3057909156,4572451.567,3.724,1.0,1.0,1
7.2,1.0,1.0,1.0,139.21397934,23.20232989,0.538739,1.076714004,0.0,3.724,1.0,1.0,1
1454.125,1.0,1.0,1.0,514.08980934,85.68163489,0.1333841429,0.3521093008,7025604.278,3.724,1.0,1.0,1
7.2,1.0,1.0,1.0,144.65430036,24.10905006,0.5184775,1.035768398,0.0,3.724,1.0,1.0,1
1292.555556,1.0,1.0,1.0,580.32567018,96.72094503,0.116314,0.3285263745,3625073.789,3.724,1.0,1.0,1
7.5,1.0,1.0,1.0,115.7889303,19.298155050000002,0.6909123333,1.1960241070000002,0.0,3.724,1.0,1.0,1
1292.555556,1.0,1.0,1.0,579.5614437,96.59357395,0.116467375,0.3288843467,4572451.567,3.724,1.0,1.0,1
7.5,1.0,1.0,1.0,115.8547182,19.3091197,0.69052,1.195223315,0.0,3.724,1.0,1.0,1
1454.125,1.0,1.0,1.0,514.77291006,85.79548501,0.13320714290000002,0.3520441066,7025604.278,3.724,1.0,1.0,1
7.5,1.0,1.0,1.0,115.60476468,19.26746078,0.692013,1.197933104,0.0,3.724,1.0,1.0,1
1454.125,1.0,1.0,1.0,523.36554576,87.22759096000001,0.1310201429,0.3462199567,6523729.278,3.724,1.0,1.0,1
7.2,1.0,1.0,1.0,145.56076068000002,24.26012678,0.51524875,1.029805615,0.0,3.724,1.0,1.0,1
1454.125,1.0,1.0,1.0,525.15606984,87.52601164,0.13057342859999999,0.3450676009,7025604.278,3.724,1.0,1.0,1
1454.125,1.0,1.0,1.0,525.53382738,87.58897123,0.1304795714,0.3448730512,8717379.278,3.724,1.0,1.0,1
7.5,1.0,1.0,1.0,117.01797252,19.50299542,0.6836556667,1.183264757,0.0,3.724,1.0,1.0,1
1454.125,1.0,1.0,1.0,567.7557325800001,94.62595543,0.1207762857,0.3191221173,6523729.278,3.724,1.0,1.0,1
7.2,1.0,1.0,1.0,146.61029664,24.43504944,0.51156025,1.022454606,0.0,3.724,1.0,1.0,1
1661.857143,1.0,1.0,1.0,896.22561,149.370935,0.07810533333,0.1908632675,10000000.0,3.724,1.0,1.0,1
7.5,1.0,1.0,1.0,117.3032568,19.5505428,0.681993,1.180377142,0.0,3.724,1.0,1.0,1
1454.125,1.0,1.0,1.0,1069.008984,178.168164,0.06414485714,0.1692203782,6523729.278,3.724,1.0,1.0,1
1661.857143,1.0,1.0,1.0,2981.8956336,496.9826056,0.023475,0.05705613031,10000000.0,3.724,1.0,1.0,1
7.2,1.0,1.0,1.0,147.13087439999998,24.521812399999998,0.50975025,1.018825277,0.0,3.724,1.0,1.0,1
1292.555556,1.0,1.0,1.0,4992.2343024,832.0390504,0.013521,0.03782334338,4572451.567,3.724,1.0,1.0,1
7.5,1.0,1.0,1.0,118.0473783,19.67456305,0.677694,1.1729518300000001,0.0,3.724,1.0,1.0,1
1454.125,1.0,1.0,1.0,4462.8329694,743.8054949000001,0.015365,0.040203744400000005,10000000.0,3.724,1.0,1.0,1
7.0,1.0,1.0,1.0,177.3433959,29.55723265,0.405992,0.9067002574,0.0,3.724,1.0,1.0,1
1453.375,1.0,1.0,1.0,5000.0,1000.0,0.003724714286,0.006277807995999999,4957988.111,3.724,1.0,1.0,1
7.2,1.0,1.0,1.0,148.44467094,24.74077849,0.50523875,1.009808936,0.0,3.724,1.0,1.0,1
1291.888889,1.0,1.0,1.0,5000.0,1000.0,0.004739625,0.008760714468000001,2706820.456,3.724,1.0,1.0,1
7.2,1.0,1.0,1.0,148.66226261999998,24.77704377,0.50449925,1.006992842,0.0,3.724,1.0,1.0,1
1661.0,1.0,1.0,1.0,5000.0,1000.0,0.006402,0.00984279184,7763243.696,3.724,1.0,1.0,1
7.2,1.0,1.0,1.0,148.88625636,24.81437606,0.50374025,1.006833269,0.0,3.724,1.0,1.0,1
1291.888889,1.0,1.0,1.0,5000.0,1000.0,0.004381375,0.007884790928,2233131.567,3.724,1.0,1.0,1
7.2,1.0,1.0,1.0,148.66410438,24.77735073,0.504493,1.006976997,0.0,3.724,1.0,1.0,1
1661.0,1.0,1.0,1.0,5000.0,1000.0,0.004179833333,0.006603735138,9696700.839,3.724,1.0,1.0,1
7.2,1.0,1.0,1.0,148.51727778,24.75287963,0.50499175,1.00932294,0.0,3.724,1.0,1.0,1
1291.888889,1.0,1.0,1.0,628.1136702,104.6856117,0.107464625,0.3022868837,3654198.233,3.724,1.0,1.0,1
7.2,1.0,1.0,1.0,255.53532095999998,42.589220159999996,0.2935015,0.5853744547999999,0.0,3.724,1.0,1.0,1
1291.888889,1.0,1.0,1.0,629.4109764,104.9018294,0.107243125,0.29756105200000005,2706820.456,3.724,1.0,1.0,1
7.5,1.0,1.0,1.0,204.53906268,34.08984378,0.3911233333,0.6758868715999999,0.0,3.724,1.0,1.0,1
1291.888889,1.0,1.0,1.0,616.6023612,102.7670602,0.109470875,0.3030292061,2706820.456,3.724,1.0,1.0,1
7.5,1.0,1.0,1.0,206.60943588,34.434905979999996,0.387204,0.670019608,0.0,3.724,1.0,1.0,1
1291.888889,1.0,1.0,1.0,615.9264906000001,102.65441510000001,0.109591,0.3045502434,3654198.233,3.724,1.0,1.0,1
7.5,1.0,1.0,1.0,206.59520766,34.43253461,0.3872306667,0.6700805181,0.0,3.724,1.0,1.0,1
1661.0,1.0,1.0,1.0,492.25287732000004,82.04214622,0.1422033333,0.3417998259,9696700.839,3.724,1.0,1.0,1
7.5,1.0,1.0,1.0,204.30017826,34.050029710000004,0.3915806667,0.6776106198,0.0,3.724,1.0,1.0,1
1291.888889,1.0,1.0,1.0,612.7374498,102.1229083,0.110161375,0.30925286589999995,5102842.678,3.724,1.0,1.0,1
7.5,1.0,1.0,1.0,209.63811222,34.93968537,0.38161,0.6602189338,0.0,3.724,1.0,1.0,1
1661.0,1.0,1.0,1.0,479.0178765,79.83631274999999,0.1461323333,0.35502840999999996,9696700.839,3.724,1.0,1.0,1
7.2,1.0,1.0,1.0,264.68750994,44.11458499,0.283353,0.5660681781,0.0,3.724,1.0,1.0,1
1661.0,1.0,1.0,1.0,479.45096016,79.90849336,0.1460003333,0.355168749,7189672.268,3.724,1.0,1.0,1
7.5,1.0,1.0,1.0,210.71836524,35.11972754,0.3796536667,0.6567603488,0.0,3.724,1.0,1.0,1
1454.125,1.0,1.0,1.0,551.34960042,91.89160007,0.12437014290000001,0.32856704729999997,10000000.0,3.724,1.0,1.0,1
7.2,1.0,1.0,1.0,263.86059714000004,43.976766190000006,0.284241,0.5678435078999999,0.0,3.724,1.0,1.0,1
1292.555556,1.0,1.0,1.0,621.3931866,103.5655311,0.108626875,0.3067975771,7469740.456,3.724,1.0,1.0,1
7.5,1.0,1.0,1.0,211.80793962,35.30132327,0.3777006667,0.6541950126999999,0.0,3.724,1.0,1.0,1
1454.125,1.0,1.0,1.0,552.637578,92.106263,0.12408028569999999,0.3279875315,6523729.278,3.724,1.0,1.0,1
1292.555556,1.0,1.0,1.0,622.8998760000001,103.816646,0.108364125,0.3060871703,4572451.567,3.724,1.0,1.0,1
1292.555556,1.0,1.0,1.0,623.6415588,103.9402598,0.10823525,0.3056672733,4572451.567,3.724,1.0,1.0,1
1661.857143,1.0,1.0,1.0,1069.731192,178.288532,0.065437,0.1598642184,10000000.0,3.724,1.0,1.0,1
1292.555556,1.0,1.0,1.0,5000.0,1000.0,0.00323725,0.008636057711,3625073.789,3.724,1.0,1.0,1
1292.555556,1.0,1.0,1.0,5000.0,1000.0,0.00323625,0.008683751637,3625073.789,3.724,1.0,1.0,1
1454.125,1.0,1.0,1.0,5000.0,1000.0,0.003728714286,0.008965633975000002,10000000.0,3.724,1.0,1.0,1
1454.125,1.0,1.0,1.0,5000.0,1000.0,0.002077,0.005138348535,7025604.278,3.724,1.0,1.0,1
1292.555556,1.0,1.0,1.0,5000.0,1000.0,0.001386125,0.0034516402910000003,4544873.789,3.724,1.0,1.0,1
1661.0,1.0,1.0,1.0,5000.0,1000.0,0.006448666667000001,0.01509756489,9696700.839,3.724,1.0,1.0,1
7.2,1.0,1.0,1.0,274.97910156,45.82985026,0.272748,0.5441282131,0.0,3.724,1.0,1.0,1
1291.888889,1.0,1.0,1.0,5000.0,1000.0,0.004212,0.011287145,2706820.456,3.724,1.0,1.0,1
7.5,1.0,1.0,1.0,219.37341468,36.56223578,0.364675,0.6298991782,0.0,3.724,1.0,1.0,1
1291.888889,1.0,1.0,1.0,5000.0,1000.0,0.003945875,0.01024862001,3654198.233,3.724,1.0,1.0,1
7.5,1.0,1.0,1.0,219.982878,36.663813,0.3636646667,0.6238431397,0.0,3.724,1.0,1.0,1
1453.375,1.0,1.0,1.0,5000.0,1000.0,0.004508714286,0.01099774351,4456113.111,3.724,1.0,1.0,1
7.5,1.0,1.0,1.0,220.38729396,36.73121566,0.3629973333,0.6235706527,0.0,3.724,1.0,1.0,1
1453.375,1.0,1.0,1.0,5000.0,1000.0,0.004068142857,0.010073836880000001,6054813.111,3.724,1.0,1.0,1
7.2,1.0,1.0,1.0,275.98921434,45.998202389999996,0.27174975,0.5408374332,0.0,3.724,1.0,1.0,1
1291.888889,1.0,1.0,1.0,5000.0,1000.0,0.003062,0.008053600295,3208087.122,3.724,1.0,1.0,1
7.5,1.0,1.0,1.0,222.84143256000002,37.14023876,0.3589996667,0.6204144671999999,0.0,3.724,1.0,1.0,1
1661.0,1.0,1.0,1.0,5000.0,1000.0,0.003534,0.008025076174,9696700.839,3.724,1.0,1.0,1
7.2,1.0,1.0,1.0,278.80289472000004,46.46714912,0.26900725,0.5366620458,0.0,3.724,1.0,1.0,1
1291.888889,1.0,1.0,1.0,5000.0,1000.0,0.00285525,0.006613733001,2706820.456,3.724,1.0,1.0,1
7.5,1.0,1.0,1.0,223.2828156,37.2138026,0.35829,0.619780638,0.0,3.724,1.0,1.0,1
1291.888889,1.0,1.0,1.0,5000.0,1000.0,0.009368,0.023236414700000003,2706820.456,3.724,1.0,1.0,1
7.5,1.0,1.0,1.0,234.76176084000002,39.12696014,0.340771,0.5895693408999999,0.0,3.724,1.0,1.0,1
1661.0,1.0,1.0,1.0,5000.0,916.6743056,0.01272716667,0.02386612772,7763243.696,3.724,1.0,1.0,1
7.5,1.0,1.0,1.0,237.36242868,39.56040478,0.3370373333,0.5833336413,0.0,3.724,1.0,1.0,1
1661.0,1.0,1.0,1.0,5000.0,909.3979785,0.012829,0.02407086607,10000000.0,3.724,1.0,1.0,1
7.5,1.0,1.0,1.0,237.84842316,39.64140386,0.3363486667,0.5818351345,0.0,3.724,1.0,1.0,1
1291.888889,1.0,1.0,1.0,5000.0,1000.0,0.01080925,0.025055783419999998,3654198.233,3.724,1.0,1.0,1
7.5,1.0,1.0,1.0,238.83139794000002,39.80523299,0.3349643333,0.5795656293,0.0,3.724,1.0,1.0,1
1291.888889,1.0,1.0,1.0,540.11828592,90.01971431999999,0.124972625,0.34788798239999996,2706820.456,3.724,1.0,1.0,1
7.5,1.0,1.0,1.0,2799.7480224,466.6246704,0.028574,0.04902832117,0.0,3.724,1.0,1.0,1
1291.888889,1.0,1.0,1.0,540.2393260199999,90.03988766999998,0.124944625,0.3478368788,3654198.233,3.724,1.0,1.0,1
7.5,1.0,1.0,1.0,2800.4667444,466.74445740000004,0.028566666669999997,0.04900610252,0.0,3.724,1.0,1.0,1
1291.888889,1.0,1.0,1.0,584.47188096,97.41198016,0.115488875,0.3235285474,2706820.456,3.724,1.0,1.0,1
7.2,1.0,1.0,1.0,1944.8694342,324.1449057,0.038563,0.07613174651,0.0,3.724,1.0,1.0,1
1291.888889,1.0,1.0,1.0,540.70074816,90.11679136,0.124838,0.3502894574,3654198.233,3.724,1.0,1.0,1
7.5,1.0,1.0,1.0,2936.2467426,489.3744571,0.027245666669999998,0.04657270997,0.0,3.724,1.0,1.0,1
1453.375,1.0,1.0,1.0,479.15668422,79.85944737,0.1431085714,0.3759958829,4456113.111,3.724,1.0,1.0,1
7.5,1.0,1.0,1.0,2975.0099166,495.8349861,0.026890666669999997,0.04588323098,0.0,3.724,1.0,1.0,1
1661.0,1.0,1.0,1.0,422.3928555,70.39880925,0.1657225,0.4035767577,7189672.268,3.724,1.0,1.0,1
7.5,1.0,1.0,1.0,2899.2860508,483.21434179999994,0.027593,0.04729540905,0.0,3.724,1.0,1.0,1
1661.0,1.0,1.0,1.0,421.73120658,70.28853443,0.1659825,0.40466784100000003,9696700.839,3.724,1.0,1.0,1
7.5,1.0,1.0,1.0,3087.6109608,514.6018268,0.02591,0.044221028530000005,0.0,3.724,1.0,1.0,1
1292.555556,1.0,1.0,1.0,537.44980068,89.57496678,0.125593125,0.35478903850000004,4572451.567,3.724,1.0,1.0,1
7.5,1.0,1.0,1.0,3933.1366764,655.5227794,0.02034,0.034388937769999996,0.0,3.724,1.0,1.0,1
1292.555556,1.0,1.0,1.0,537.88128564,89.64688093999999,0.125492375,0.3545771754,4544873.789,3.724,1.0,1.0,1
7.2,1.0,1.0,1.0,5000.0,862.2324924,0.01449725,0.02836597608,0.0,3.724,1.0,1.0,1
1454.125,1.0,1.0,1.0,479.49125976,79.91520996,0.1430087143,0.3779237193,7087654.278,3.724,1.0,1.0,1
7.2,1.0,1.0,1.0,4916.9849046,819.4974841,0.01525325,0.02984084211,0.0,3.724,1.0,1.0,1
1454.125,1.0,1.0,1.0,503.63773338000004,83.93962223000001,0.13615228570000001,0.3591524108,6523729.278,3.724,1.0,1.0,1
7.2,1.0,1.0,1.0,5000.0,1000.0,0.012324,0.02278369568,0.0,3.724,1.0,1.0,1
1292.555556,1.0,1.0,1.0,558.8517459599999,93.14195765999999,0.120783375,0.3411814178,4544873.789,3.724,1.0,1.0,1
7.5,1.0,1.0,1.0,5000.0,1000.0,0.009352666667,0.015543690819999999,0.0,3.724,1.0,1.0,1
1292.555556,1.0,1.0,1.0,559.29628098,93.21604683000001,0.120687375,0.34096074660000003,3625073.789,3.724,1.0,1.0,1
7.5,1.0,1.0,1.0,5000.0,1000.0,0.010237666670000001,0.017138345580000002,0.0,3.724,1.0,1.0,1
1454.125,1.0,1.0,1.0,493.76670965999995,82.29445161,0.1388741429,0.3668973968,10000000.0,3.724,1.0,1.0,1
7.5,1.0,1.0,1.0,5000.0,1000.0,0.005986,0.009613206593,0.0,3.724,1.0,1.0,1
1454.125,1.0,1.0,1.0,900.4462836,150.0743806,0.07615271429,0.2010341107,10000000.0,3.724,1.0,1.0,1
7.5,1.0,1.0,1.0,18.587874539999998,3.09797909,4.303881,7.453688409,0.0,3.724,1.0,1.0,1
1661.857143,1.0,1.0,1.0,2912.6415576,485.4402596,0.024033166669999998,0.058336595809999996,10000000.0,3.724,1.0,1.0,1
9.0,1.0,1.0,1.0,5000.0,1000.0,0.0001,0.0,0.0,3.724,1.0,1.0,1
7.5,1.0,1.0,1.0,18.59648454,3.09941409,4.301888333,7.425095862,0.0,3.724,1.0,1.0,1
1454.125,1.0,1.0,1.0,5000.0,1000.0,0.01080528571,0.02801563202,10000000.0,3.724,1.0,1.0,1
1454.125,1.0,1.0,1.0,5000.0,1000.0,0.01068785714,0.027692022379999997,10000000.0,3.724,1.0,1.0,1
1454.125,1.0,1.0,1.0,5000.0,1000.0,0.01028728571,0.026566956859999998,7087654.278,3.724,1.0,1.0,1
1454.125,1.0,1.0,1.0,5000.0,1000.0,0.01005985714,0.026132565610000002,10000000.0,3.724,1.0,1.0,1
1292.555556,1.0,1.0,1.0,5000.0,1000.0,0.00877575,0.02394778635,4572451.567,3.724,1.0,1.0,1
1454.125,1.0,1.0,1.0,5000.0,1000.0,0.009521428571000001,0.02470630164,10000000.0,3.724,1.0,1.0,1
1292.555556,1.0,1.0,1.0,5000.0,1000.0,0.006448875,0.01778902875,4572451.567,3.724,1.0,1.0,1
1292.555556,1.0,1.0,1.0,5000.0,1000.0,0.00619,0.017088503079999998,3625073.789,3.724,1.0,1.0,1
1454.125,1.0,1.0,1.0,5000.0,1000.0,0.006296714286000001,0.0162065489,10000000.0,3.724,1.0,1.0,1
1454.125,1.0,1.0,1.0,5000.0,1000.0,0.003657142857,0.008636833186,7087654.278,3.724,1.0,1.0,1
1661.857143,1.0,1.0,1.0,5000.0,1000.0,0.004069,0.00944824534,10000000.0,3.724,1.0,1.0,1
1291.888889,1.0,1.0,1.0,5000.0,1000.0,0.0047365,0.01297218139,3654198.233,3.724,1.0,1.0,1
7.5,1.0,1.0,1.0,18.63843438,3.1064057299999996,4.292206,7.434317137,0.0,3.724,1.0,1.0,1
1291.888889,1.0,1.0,1.0,714.067527,119.0112545,0.094528875,0.2560848403,3654198.233,3.724,1.0,1.0,1
7.5,1.0,1.0,1.0,19.754839139999998,3.29247319,4.049640667,7.013564178999999,0.0,3.724,1.0,1.0,1
1291.888889,1.0,1.0,1.0,645.3262842,107.5543807,0.10459825,0.2851978224,5102842.678,3.724,1.0,1.0,1
7.2,1.0,1.0,1.0,24.87433692,4.1457228200000005,3.01515575,6.028317557,0.0,3.724,1.0,1.0,1
1661.0,1.0,1.0,1.0,501.53625330000006,83.58937555,0.1395711667,0.32911225699999996,7189672.268,3.724,1.0,1.0,1
7.2,1.0,1.0,1.0,24.90321984,4.15053664,3.01165875,6.021996185,0.0,3.724,1.0,1.0,1
1661.0,1.0,1.0,1.0,502.64246321999997,83.77374387,0.139264,0.3293147697,9554872.268,3.724,1.0,1.0,1
7.5,1.0,1.0,1.0,19.92410904,3.32068484,4.015236,6.953738873,0.0,3.724,1.0,1.0,1
1453.375,1.0,1.0,1.0,574.82413974,95.80402329,0.11929114290000001,0.3049627848,6054813.111,3.724,1.0,1.0,1
7.2,1.0,1.0,1.0,24.8989497,4.14982495,3.01217525,6.023012518,0.0,3.724,1.0,1.0,1
1453.375,1.0,1.0,1.0,575.2802094,95.8800349,0.1191965714,0.30510676319999996,3923213.111,3.724,1.0,1.0,1
7.2,1.0,1.0,1.0,24.903124740000003,4.15052079,3.01167025,6.022012518,0.0,3.724,1.0,1.0,1
1291.888889,1.0,1.0,1.0,646.489026,107.748171,0.104410125,0.28621670400000004,3654198.233,3.724,1.0,1.0,1
7.2,1.0,1.0,1.0,24.913461,4.1522435,3.01042075,6.0181876270000005,0.0,3.724,1.0,1.0,1
1661.0,1.0,1.0,1.0,503.07775788000004,83.84629298,0.1391435,0.3302307034,9696700.839,3.724,1.0,1.0,1
7.2,1.0,1.0,1.0,24.921722940000002,4.15362049,3.00942275,6.016177631,0.0,3.724,1.0,1.0,1
1291.888889,1.0,1.0,1.0,651.5467602,108.5911267,0.103599625,0.28639818790000005,3654198.233,3.724,1.0,1.0,1
7.5,1.0,1.0,1.0,19.92912372,3.3215206200000003,4.014225667,6.95284021,0.0,3.724,1.0,1.0,1
1661.0,1.0,1.0,1.0,507.09143220000004,84.51523870000001,0.1380421667,0.3305655426,9696700.839,3.724,1.0,1.0,1
7.2,1.0,1.0,1.0,24.917589239999998,4.15293154,3.009922,6.019177352,0.0,3.724,1.0,1.0,1
1661.0,1.0,1.0,1.0,507.47191986000007,84.57865331,0.1379386667,0.33075318849999996,9554872.268,3.724,1.0,1.0,1
7.5,1.0,1.0,1.0,19.9406997,3.3234499499999997,4.011895333,6.947935349000001,0.0,3.724,1.0,1.0,1
1453.375,1.0,1.0,1.0,584.04320946,97.34053490999999,0.11740814290000001,0.3067254358,8217438.111,3.724,1.0,1.0,1
7.2,1.0,1.0,1.0,24.9092928,4.1515488000000005,3.0109245,6.019832502000001,0.0,3.724,1.0,1.0,1
1661.857143,1.0,1.0,1.0,514.79483586,85.79913931,0.1359765,0.33246337449999996,10000000.0,3.724,1.0,1.0,1
1292.555556,1.0,1.0,1.0,631.197276,105.199546,0.106939625,0.30207426289999995,4572451.567,3.724,1.0,1.0,1
7.5,1.0,1.0,1.0,19.969433459999998,3.3282389099999996,4.006122667,6.938215647,0.0,3.724,1.0,1.0,1
1454.125,1.0,1.0,1.0,565.4456182800001,94.24093638000001,0.12126971430000001,0.32036411,10000000.0,3.724,1.0,1.0,1
7.5,1.0,1.0,1.0,19.98551718,3.33091953,4.002898667,6.933220404,0.0,3.724,1.0,1.0,1
1292.555556,1.0,1.0,1.0,1059.3095658,176.5515943,0.06372075,0.1797634533,3625073.789,3.724,1.0,1.0,1
7.5,1.0,1.0,1.0,20.09006376,3.34834396,3.982068,6.896593303,0.0,3.724,1.0,1.0,1
1454.125,1.0,1.0,1.0,2560.6828487999996,426.7804748,0.02677857143,0.07041769157,7025604.278,3.724,1.0,1.0,1
7.2,1.0,1.0,1.0,25.09966872,4.183278120000001,2.98808725,5.975391167000001,0.0,3.724,1.0,1.0,1
1661.0,1.0,1.0,1.0,587.88371658,97.98061943,0.11907116670000001,0.2804865047,9696700.839,3.724,1.0,1.0,1
7.5,1.0,1.0,1.0,21.18516522,3.5308608699999997,3.776227333,6.5397619879999995,0.0,3.724,1.0,1.0,1
1453.375,1.0,1.0,1.0,683.8844064,113.98073439999999,0.1002675714,0.2600407972,4957988.111,3.724,1.0,1.0,1
7.5,1.0,1.0,1.0,21.17023596,3.5283726599999996,3.778890333,6.545226588999999,0.0,3.724,1.0,1.0,1
1291.888889,1.0,1.0,1.0,770.953884,128.49231400000002,0.087553875,0.24352761209999998,3681776.011,3.724,1.0,1.0,1
7.2,1.0,1.0,1.0,26.46529284,4.41088214,2.83390025,5.666423855000001,0.0,3.724,1.0,1.0,1
1661.0,1.0,1.0,1.0,600.5181612,100.0863602,0.116566,0.28108872840000004,9696700.839,3.724,1.0,1.0,1
7.2,1.0,1.0,1.0,26.46750402,4.411250669999999,2.8336635,5.666657686,0.0,3.724,1.0,1.0,1
1453.375,1.0,1.0,1.0,686.6805432,114.4467572,0.09985928571,0.2604965141,4456113.111,3.724,1.0,1.0,1
7.2,1.0,1.0,1.0,26.481507960000002,4.41358466,2.832165,5.663012019,0.0,3.724,1.0,1.0,1
1661.0,1.0,1.0,1.0,602.0495484,100.3415914,0.1162695,0.2813221155,9696700.839,3.724,1.0,1.0,1
7.2,1.0,1.0,1.0,26.48311866,4.41385311,2.83199275,5.6626628530000005,0.0,3.724,1.0,1.0,1
1453.375,1.0,1.0,1.0,689.451111,114.9085185,0.099458,0.2605792359,4456113.111,3.724,1.0,1.0,1
7.2,1.0,1.0,1.0,26.4855315,4.41425525,2.83173475,5.660822969,0.0,3.724,1.0,1.0,1
1453.375,1.0,1.0,1.0,691.6296954000001,115.2716159,0.09914471429,0.260783489,4456113.111,3.724,1.0,1.0,1
7.5,1.0,1.0,1.0,21.1905336,3.5317556,3.775270667,6.537248474999999,0.0,3.724,1.0,1.0,1
1454.125,1.0,1.0,1.0,692.5857258,115.4309543,0.09900785713999999,0.26088261960000003,7087654.278,3.724,1.0,1.0,1
7.2,1.0,1.0,1.0,26.4936174,4.4156029000000006,2.8308705,5.661076353,0.0,3.724,1.0,1.0,1
1661.857143,1.0,1.0,1.0,607.8939372,101.3156562,0.1151516667,0.2817464409,10000000.0,3.724,1.0,1.0,1
7.5,1.0,1.0,1.0,21.19507362,3.53251227,3.774462,6.5375582230000004,0.0,3.724,1.0,1.0,1
1661.857143,1.0,1.0,1.0,607.6090008,101.26816679999999,0.1152056667,0.2818733013,10000000.0,3.724,1.0,1.0,1
7.2,1.0,1.0,1.0,26.49865578,4.41644263,2.83033225,5.65932252,0.0,3.724,1.0,1.0,1
1454.125,1.0,1.0,1.0,700.817913,116.8029855,0.09784485713999999,0.2584133477,7087654.278,3.724,1.0,1.0,1
1661.857143,1.0,1.0,1.0,628.0927962,104.6821327,0.1114485,0.2723617704,10000000.0,3.724,1.0,1.0,1
1292.555556,1.0,1.0,1.0,815.664381,135.9440635,0.082754625,0.2335624908,3625073.789,3.724,1.0,1.0,1
1661.857143,1.0,1.0,1.0,692.797218,115.46620300000001,0.1010396667,0.245935074,10000000.0,3.724,1.0,1.0,1
1454.125,1.0,1.0,1.0,795.616155,132.6026925,0.08618657143,0.22759096909999998,7087654.278,3.724,1.0,1.0,1
1292.555556,1.0,1.0,1.0,4156.979877,692.8299794999999,0.01623775,0.045470314319999997,4544873.789,3.724,1.0,1.0,1
1661.0,1.0,1.0,1.0,1240.0500744,206.6750124,0.056449333330000004,0.117623803,7763243.696,3.724,1.0,1.0,1
7.5,1.0,1.0,1.0,21.83335404,3.63889234,3.664118667,6.345768526,0.0,3.724,1.0,1.0,1
1453.375,1.0,1.0,1.0,1404.0465792,234.0077632,0.048838428569999995,0.1109177917,6054813.111,3.724,1.0,1.0,1
7.2,1.0,1.0,1.0,27.3013341,4.55022235,2.7471185,5.493157009,0.0,3.724,1.0,1.0,1
1661.0,1.0,1.0,1.0,1254.1131924,209.01886539999998,0.05581633333,0.1169902888,7189672.268,3.724,1.0,1.0,1
7.5,1.0,1.0,1.0,21.83028372,3.6383806200000004,3.664634,6.346628203,0.0,3.724,1.0,1.0,1
1291.888889,1.0,1.0,1.0,1600.1469762,266.6911627,0.042183625,0.1033334882,3654198.233,3.724,1.0,1.0,1
7.5,1.0,1.0,1.0,21.84275292,3.64045882,3.662542,6.343124262,0.0,3.724,1.0,1.0,1
1661.0,1.0,1.0,1.0,1233.958539,205.6597565,0.056728,0.1199424056,10000000.0,3.724,1.0,1.0,1
7.5,1.0,1.0,1.0,21.855387659999998,3.64256461,3.660424667,6.339436149,0.0,3.724,1.0,1.0,1
1291.888889,1.0,1.0,1.0,1484.3075706,247.38459509999998,0.04547575,0.11316516830000001,2706820.456,3.724,1.0,1.0,1
7.2,1.0,1.0,1.0,27.380474399999997,4.5634124,2.73917825,5.476411932,0.0,3.724,1.0,1.0,1
1661.0,1.0,1.0,1.0,1243.5490889999999,207.25818149999998,0.0562905,0.1193480328,7763243.696,3.724,1.0,1.0,1
7.2,1.0,1.0,1.0,27.315674939999997,4.55261249,2.74567625,5.490669167999999,0.0,3.724,1.0,1.0,1
1453.375,1.0,1.0,1.0,1322.860686,220.476781,0.05183571429,0.1206405375,4456113.111,3.724,1.0,1.0,1
7.5,1.0,1.0,1.0,21.90439554,3.6507325899999996,3.652235,6.323762647,0.0,3.724,1.0,1.0,1
1661.0,1.0,1.0,1.0,1160.7211949999999,193.4535325,0.060307333330000004,0.1299233423,9696700.839,3.724,1.0,1.0,1
7.5,1.0,1.0,1.0,21.906021000000003,3.6510035000000003,3.651964,6.324229332000001,0.0,3.724,1.0,1.0,1
1291.888889,1.0,1.0,1.0,1437.7111638000001,239.6185273,0.046949625,0.118805137,2706820.456,3.724,1.0,1.0,1
7.5,1.0,1.0,1.0,21.93474504,3.65579084,3.647181667,6.316501198,0.0,3.724,1.0,1.0,1
1661.0,1.0,1.0,1.0,1169.8480032,194.9746672,0.05983683333,0.1300901081,9696700.839,3.724,1.0,1.0,1
7.5,1.0,1.0,1.0,21.90736872,3.6512281200000003,3.651739333,6.323718088000001,0.0,3.724,1.0,1.0,1
1162.7,1.0,1.0,1.0,1547.2371504,257.8728584,0.04308755556,0.1185107697,2157535.8,3.724,1.0,1.0,1
7.2,1.0,1.0,1.0,27.4758135,4.5793022500000005,2.7296735,5.458013748,0.0,3.724,1.0,1.0,1
1452.625,1.0,1.0,1.0,1252.5997968,208.7666328,0.05474328571,0.13444579620000002,3423270.944,3.724,1.0,1.0,1
7.2,1.0,1.0,1.0,27.49074636,4.5817910600000005,2.72819075,5.454385561,0.0,3.724,1.0,1.0,1
1162.7,1.0,1.0,1.0,1563.3427392,260.55712320000004,0.04264366667,0.1194654401,2157535.8,3.724,1.0,1.0,1
7.2,1.0,1.0,1.0,27.50846484,4.58474414,2.7264335,5.4515336869999995,0.0,3.724,1.0,1.0,1
1291.888889,1.0,1.0,1.0,1444.5648246,240.7608041,0.046726875,0.1275337259,2706820.456,3.724,1.0,1.0,1
7.2,1.0,1.0,1.0,27.53999544,4.58999924,2.723312,5.443953477,0.0,3.724,1.0,1.0,1
1661.0,1.0,1.0,1.0,1126.4432556,187.7405426,0.0621425,0.1471682225,9696700.839,3.724,1.0,1.0,1
7.5,1.0,1.0,1.0,22.008856559999998,3.66814276,3.634900333,6.293235025,0.0,3.724,1.0,1.0,1
1661.857143,1.0,1.0,1.0,345.99852702,57.66642117,0.202313,0.49517519,10000000.0,3.724,1.0,1.0,1
7.5,1.0,1.0,1.0,23.8812909,3.98021515,3.349902667,5.802198155,0.0,3.724,1.0,1.0,1
1661.857143,1.0,1.0,1.0,456.85544226,76.14257371,0.1532213333,0.3748424519,10000000.0,3.724,1.0,1.0,1
7.5,1.0,1.0,1.0,23.87171106,3.97861851,3.351247,5.804526609,0.0,3.724,1.0,1.0,1
1454.125,1.0,1.0,1.0,522.85246518,87.14207753,0.1311487143,0.34652356199999995,7087654.278,3.724,1.0,1.0,1
7.5,1.0,1.0,1.0,23.874031079999998,3.9790051799999997,3.350921333,5.803962536999999,0.0,3.724,1.0,1.0,1
1454.125,1.0,1.0,1.0,523.89450072,87.31575012,0.1308878571,0.345824597,6523729.278,3.724,1.0,1.0,1
7.5,1.0,1.0,1.0,23.880960599999998,3.9801601,3.349949,5.802278406999999,0.0,3.724,1.0,1.0,1
1454.125,1.0,1.0,1.0,525.0050039399999,87.50083398999999,0.130611,0.3451128322,10000000.0,3.724,1.0,1.0,1
7.5,1.0,1.0,1.0,23.8882056,3.9813675999999996,3.348933,5.800518643,0.0,3.724,1.0,1.0,1
1454.125,1.0,1.0,1.0,525.51368964,87.58561494,0.1304845714,0.3448360081,10000000.0,3.724,1.0,1.0,1
7.5,1.0,1.0,1.0,23.890431300000003,3.98173855,3.348621,5.799978243,0.0,3.724,1.0,1.0,1
1661.857143,1.0,1.0,1.0,460.30726608,76.71787768,0.1520723333,0.372100423,10000000.0,3.724,1.0,1.0,1
7.5,1.0,1.0,1.0,23.8931784,3.9821964,3.348236,5.799311404,0.0,3.724,1.0,1.0,1
1661.857143,1.0,1.0,1.0,472.5818157,78.76363595,0.1481225,0.3623190677,10000000.0,3.724,1.0,1.0,1
7.5,1.0,1.0,1.0,23.91060066,3.98510011,3.345796333,5.795085777,0.0,3.724,1.0,1.0,1
1454.125,1.0,1.0,1.0,540.11781318,90.01963552999999,0.1269564286,0.33542292090000003,10000000.0,3.724,1.0,1.0,1
7.5,1.0,1.0,1.0,23.87888154,3.97981359,3.350240667,5.8027835880000005,0.0,3.724,1.0,1.0,1
1454.125,1.0,1.0,1.0,540.5533239,90.09222065,0.1268541429,0.335226812,10000000.0,3.724,1.0,1.0,1
7.5,1.0,1.0,1.0,5000.0,1000.0,0.0001,5.859465277e-06,0.0,3.724,1.0,1.0,1
9.0,1.0,1.0,1.0,11.94583164,1.99097194,10.0,0.0,0.0,3.724,1.0,1.0,1
1661.857143,1.0,1.0,1.0,473.5686669,78.92811114999999,0.1478138333,0.36167518790000003,10000000.0,3.724,1.0,1.0,1
1661.857143,1.0,1.0,1.0,481.16910342000006,80.19485057,0.145479,0.3558130253,10000000.0,3.724,1.0,1.0,1
1291.888889,1.0,1.0,1.0,602.9356266,100.4892711,0.11195225,0.3108283488,2706820.456,3.724,1.0,1.0,1
7.5,1.0,1.0,1.0,23.96706444,3.99451074,3.337914,5.7805723669999995,0.0,3.724,1.0,1.0,1
7.5,1.0,1.0,1.0,23.96458512,3.99409752,3.338259333,5.782033042,0.0,3.724,1.0,1.0,1
1291.888889,1.0,1.0,1.0,569.34639036,94.89106506,0.118557,0.3323045605,2706820.456,3.724,1.0,1.0,1
7.5,1.0,1.0,1.0,24.11184036,4.01864006,3.317872,5.746140043,0.0,3.724,1.0,1.0,1
1292.555556,1.0,1.0,1.0,573.73260876,95.62210146,0.117650625,0.3323360281,4572451.567,3.724,1.0,1.0,1
7.5,1.0,1.0,1.0,24.1292289,4.0215381500000005,3.315481,5.741944149,0.0,3.724,1.0,1.0,1
1292.555556,1.0,1.0,1.0,573.1875597000001,95.53125995,0.1177625,0.33274533399999995,4627607.122,3.724,1.0,1.0,1
7.5,1.0,1.0,1.0,24.13341918,4.02223653,3.314905333,5.74091762,0.0,3.724,1.0,1.0,1
1454.125,1.0,1.0,1.0,427.03790496,71.17298416,0.16057457139999998,0.42437170669999996,7025604.278,3.724,1.0,1.0,1
7.2,1.0,1.0,1.0,32.1620625,5.360343749999999,2.33194,4.66255476,0.0,3.724,1.0,1.0,1
1291.888889,1.0,1.0,1.0,759.5022168,126.5837028,0.088874,0.2492412382,3208087.122,3.724,1.0,1.0,1
7.5,1.0,1.0,1.0,25.77095142,4.29515857,3.104270333,5.3724292149999995,0.0,3.724,1.0,1.0,1
1454.125,1.0,1.0,1.0,678.2304965999999,113.03841609999999,0.1011034286,0.2665737577,8717379.278,3.724,1.0,1.0,1
1454.125,1.0,1.0,1.0,679.9300236,113.3216706,0.1008507143,0.266345397,7087654.278,3.724,1.0,1.0,1
1454.125,1.0,1.0,1.0,680.2769291999999,113.3794882,0.10079928569999999,0.2662688138,7025604.278,3.724,1.0,1.0,1
1661.857143,1.0,1.0,1.0,596.29530246,99.38255041,0.1173915,0.2870257504,10000000.0,3.724,1.0,1.0,1
1661.857143,1.0,1.0,1.0,597.05651142,99.50941857000001,0.1172418333,0.2868050851,10000000.0,3.724,1.0,1.0,1
1454.125,1.0,1.0,1.0,682.7666844,113.7944474,0.1004317143,0.2652548813,6523729.278,3.724,1.0,1.0,1
1454.125,1.0,1.0,1.0,683.3956218000001,113.89927030000001,0.10033928569999999,0.26502929350000004,10000000.0,3.724,1.0,1.0,1
1661.857143,1.0,1.0,1.0,598.76398008,99.79399667999999,0.1169075,0.2860717995,10000000.0,3.724,1.0,1.0,1
1454.125,1.0,1.0,1.0,685.2453822,114.2075637,0.1000684286,0.2642950344,8593279.278,3.724,1.0,1.0,1
1661.857143,1.0,1.0,1.0,600.3893952,100.0648992,0.116591,0.28507562729999997,10000000.0,3.724,1.0,1.0,1
1454.125,1.0,1.0,1.0,686.9321184,114.4886864,0.09982271429,0.2637084352,8717379.278,3.724,1.0,1.0,1
1454.125,1.0,1.0,1.0,716.6542992,119.4423832,0.09568271429,0.2526047758,10000000.0,3.724,1.0,1.0,1
1454.125,1.0,1.0,1.0,717.62502,119.60417,0.09555328570999999,0.2523182855,7087654.278,3.724,1.0,1.0,1
1454.125,1.0,1.0,1.0,790.042827,131.6738045,0.08679457143,0.2283870271,10000000.0,3.724,1.0,1.0,1
1454.125,1.0,1.0,1.0,792.1262651999999,132.0210442,0.08656628571,0.2285078414,7025604.278,3.724,1.0,1.0,1
1454.125,1.0,1.0,1.0,794.2233486,132.37055809999998,0.08633771429,0.22789871520000002,7087654.278,3.724,1.0,1.0,1
1292.555556,1.0,1.0,1.0,1140.2869722,190.0478287,0.059195625,0.1670229665,4572451.567,3.724,1.0,1.0,1
7.5,1.0,1.0,1.0,26.700315,4.4500525,2.996219333,5.188950268,0.0,3.724,1.0,1.0,1
1291.888889,1.0,1.0,1.0,1502.646327,250.4410545,0.04492075,0.1135153765,2706820.456,3.724,1.0,1.0,1
7.2,1.0,1.0,1.0,33.48292764,5.580487939999999,2.2399475,4.478148366999999,0.0,3.724,1.0,1.0,1
1661.0,1.0,1.0,1.0,1086.5909502,181.0984917,0.06442166667,0.1453723542,10000000.0,3.724,1.0,1.0,1
7.5,1.0,1.0,1.0,26.927302020000003,4.48788367,2.970962333,5.145854245,0.0,3.724,1.0,1.0,1
1661.0,1.0,1.0,1.0,1088.8868724000001,181.4811454,0.06428583333,0.1455155817,10000000.0,3.724,1.0,1.0,1
7.5,1.0,1.0,1.0,26.93079192,4.48846532,2.970577333,5.145186539,0.0,3.724,1.0,1.0,1
1937.833333,1.0,1.0,1.0,934.7129004,155.7854834,0.077029,0.1591321942,10000000.0,3.724,1.0,1.0,1
7.5,1.0,1.0,1.0,26.93672226,4.489453709999999,2.969923333,5.144056376,0.0,3.724,1.0,1.0,1
1661.0,1.0,1.0,1.0,1093.8981317999999,182.3163553,0.06399133333,0.14569265309999999,7189672.268,3.724,1.0,1.0,1
7.5,1.0,1.0,1.0,26.93369328,4.48894888,2.970257333,5.144635747000001,0.0,3.724,1.0,1.0,1
7.5,1.0,1.0,1.0,26.9427369,4.49045615,2.9692603330000003,5.142906293999999,0.0,3.724,1.0,1.0,1
1453.375,1.0,1.0,1.0,1254.2461457999998,209.04102429999998,0.05467142857,0.13542109400000002,8217438.111,3.724,1.0,1.0,1
7.5,1.0,1.0,1.0,26.95792308,4.49298718,2.967587667,5.139150076999999,0.0,3.724,1.0,1.0,1
1661.0,1.0,1.0,1.0,1100.3521128,183.39201880000002,0.063616,0.1461249775,9554872.268,3.724,1.0,1.0,1
7.5,1.0,1.0,1.0,26.9609454,4.4934909,2.967255,5.137695708,0.0,3.724,1.0,1.0,1
7.5,1.0,1.0,1.0,26.9639502,4.4939917000000005,2.966924333,5.1379656449999995,0.0,3.724,1.0,1.0,1
1453.375,1.0,1.0,1.0,1258.8215856,209.8035976,0.05447271429,0.13591103899999998,6054813.111,3.724,1.0,1.0,1
7.2,1.0,1.0,1.0,33.71629806,5.61938301,2.2244435,4.445559327,0.0,3.724,1.0,1.0,1
1453.375,1.0,1.0,1.0,1265.6492256000001,210.9415376,0.05417885714,0.1357797588,3923213.111,3.724,1.0,1.0,1
7.5,1.0,1.0,1.0,26.96994672,4.49499112,2.966264667,5.137717647,0.0,3.724,1.0,1.0,1
1453.375,1.0,1.0,1.0,1265.3622888,210.8937148,0.05419114286,0.1360005791,4456113.111,3.724,1.0,1.0,1
7.2,1.0,1.0,1.0,33.716366220000005,5.61939437,2.224439,4.445542993,0.0,3.724,1.0,1.0,1
1453.375,1.0,1.0,1.0,1269.2704338,211.54507230000002,0.054024285709999995,0.1361100847,6054813.111,3.724,1.0,1.0,1
7.2,1.0,1.0,1.0,33.72017112,5.62002852,2.224188,4.44571084,0.0,3.724,1.0,1.0,1
1453.375,1.0,1.0,1.0,1275.7848072000002,212.6308012,0.05374842857,0.1362538075,6054813.111,3.724,1.0,1.0,1
7.2,1.0,1.0,1.0,33.73143168,5.62190528,2.2234455,4.446210359,0.0,3.724,1.0,1.0,1
1661.0,1.0,1.0,1.0,1119.4745934,186.5790989,0.06252933333,0.1470681201,9696700.839,3.724,1.0,1.0,1
7.2,1.0,1.0,1.0,33.723821459999996,5.62063691,2.22394725,4.445236672,0.0,3.724,1.0,1.0,1
1661.0,1.0,1.0,1.0,1140.517143,190.0861905,0.061375666669999995,0.14763428909999998,9696700.839,3.724,1.0,1.0,1
1291.888889,1.0,1.0,1.0,1461.9843462,243.6640577,0.046170125,0.12842223549999998,3681776.011,3.724,1.0,1.0,1
1453.375,1.0,1.0,1.0,1303.4233872,217.2372312,0.052608714290000004,0.13727908970000002,4456113.111,3.724,1.0,1.0,1
1292.555556,1.0,1.0,1.0,587.4360483600001,97.90600806,0.114906125,0.324448155,3625073.789,3.724,1.0,1.0,1
7.2,1.0,1.0,1.0,37.272159959999996,6.212026659999999,2.01222575,4.023112277,0.0,3.724,1.0,1.0,1
1292.555556,1.0,1.0,1.0,607.4254386,101.2375731,0.11112475,0.31382434659999997,4572451.567,3.724,1.0,1.0,1
1291.888889,1.0,1.0,1.0,561.3498176400001,93.55830294,0.120245875,0.3366784807,3654198.233,3.724,1.0,1.0,1
7.5,1.0,1.0,1.0,30.24833886,5.04138981,2.6447733330000003,4.58031281,0.0,3.724,1.0,1.0,1
1291.888889,1.0,1.0,1.0,566.73159594,94.45526599000002,0.119104,0.3338790163,2706820.456,3.724,1.0,1.0,1
7.5,1.0,1.0,1.0,30.217893659999998,5.036315609999999,2.647438,4.584742818,0.0,3.724,1.0,1.0,1
1661.0,1.0,1.0,1.0,435.44930592,72.57488432,0.1607535,0.3899927024,10000000.0,3.724,1.0,1.0,1
7.5,1.0,1.0,1.0,30.266217840000003,5.04436964,2.643211,4.577591181,0.0,3.724,1.0,1.0,1
1661.0,1.0,1.0,1.0,427.23392484,71.20565414,0.1638446667,0.39808419819999996,7189672.268,3.724,1.0,1.0,1
7.5,1.0,1.0,1.0,30.341248020000002,5.05687467,2.636674667,4.566219689,0.0,3.724,1.0,1.0,1
1661.0,1.0,1.0,1.0,438.35570688,73.05928448,0.1596876667,0.38840572619999997,7763243.696,3.724,1.0,1.0,1
7.5,1.0,1.0,1.0,30.269622899999998,5.044937149999999,2.6429136669999997,4.576992178999999,0.0,3.724,1.0,1.0,1
1453.375,1.0,1.0,1.0,487.27204806000003,81.21200801,0.14072514290000002,0.3701627097,6054813.111,3.724,1.0,1.0,1
7.2,1.0,1.0,1.0,37.920946199999996,6.320157699999999,1.97779875,3.954496847,0.0,3.724,1.0,1.0,1
1291.888889,1.0,1.0,1.0,548.74591236,91.45765206,0.12300775,0.346369405,2706820.456,3.724,1.0,1.0,1
7.2,1.0,1.0,1.0,37.92886164,6.32147694,1.977386,3.9541233339999997,0.0,3.724,1.0,1.0,1
1661.0,1.0,1.0,1.0,425.28803136,70.88133856,0.1645943333,0.40150926130000003,7763243.696,3.724,1.0,1.0,1
7.5,1.0,1.0,1.0,30.35607294,5.05934549,2.635387,4.563970332999999,0.0,3.724,1.0,1.0,1
1292.555556,1.0,1.0,1.0,548.69071218,91.44845203,0.123020125,0.34696164150000003,3625073.789,3.724,1.0,1.0,1
7.5,1.0,1.0,1.0,30.348123299999997,5.05802055,2.6360773330000002,4.565152169,0.0,3.724,1.0,1.0,1
1292.555556,1.0,1.0,1.0,371.60344134,61.93390689,0.18164525,0.5130532484,7469740.456,3.724,1.0,1.0,1
1292.555556,1.0,1.0,1.0,512.54841924,85.42473654,0.131694875,0.3718308857,4572451.567,3.724,1.0,1.0,1
7.5,1.0,1.0,1.0,30.619474080000003,5.103245680000001,2.6127163330000003,4.52468973,0.0,3.724,1.0,1.0,1
1292.555556,1.0,1.0,1.0,347.98366026,57.99727671,0.193974625,0.5481724012,4572451.567,3.724,1.0,1.0,1
1292.555556,1.0,1.0,1.0,347.9876967,57.99794945000001,0.193972375,0.5481947222,4627607.122,3.724,1.0,1.0,1
1661.857143,1.0,1.0,1.0,270.8281344,45.138022400000004,0.2584665,0.6325942916,10000000.0,3.724,1.0,1.0,1
1292.555556,1.0,1.0,1.0,348.26846082000003,58.04474347,0.193816,0.5477742783999999,4572451.567,3.724,1.0,1.0,1
1454.125,1.0,1.0,1.0,310.00642619999996,51.667737699999996,0.22119357139999998,0.5847275964,7025604.278,3.724,1.0,1.0,1
1454.125,1.0,1.0,1.0,310.04947872,51.67491312,0.2211628571,0.5846617574,10000000.0,3.724,1.0,1.0,1
1292.555556,1.0,1.0,1.0,479.23918116,79.87319686000001,0.14084825,0.3978481764,4572451.567,3.724,1.0,1.0,1
1292.555556,1.0,1.0,1.0,765.1152774,127.5192129,0.088222,0.2491493676,4572451.567,3.724,1.0,1.0,1
1454.125,1.0,1.0,1.0,686.5224204,114.4204034,0.09988228570999999,0.2638078355,7025604.278,3.724,1.0,1.0,1
1661.857143,1.0,1.0,1.0,694.7637966,115.7939661,0.10075366670000001,0.2463273945,10000000.0,3.724,1.0,1.0,1
1454.125,1.0,1.0,1.0,804.2396838000001,134.0399473,0.08526242857,0.22501319349999999,10000000.0,3.724,1.0,1.0,1
1454.125,1.0,1.0,1.0,805.6408284,134.2734714,0.08511414286,0.22476236619999998,6523729.278,3.724,1.0,1.0,1
1661.857143,1.0,1.0,1.0,708.1723086,118.02871809999999,0.098846,0.24170895490000002,10000000.0,3.724,1.0,1.0,1
1454.125,1.0,1.0,1.0,836.5342386,139.4223731,0.08197085713999999,0.2162913525,10000000.0,3.724,1.0,1.0,1
1454.125,1.0,1.0,1.0,841.9398294,140.32330489999998,0.08144457143,0.2150359425,7025604.278,3.724,1.0,1.0,1
1661.857143,1.0,1.0,1.0,737.8180962,122.9696827,0.09487433332999999,0.2320699663,10000000.0,3.724,1.0,1.0,1
1454.125,1.0,1.0,1.0,528.84286974,88.14047829,0.1296631429,0.3425939252,6523729.278,3.724,1.0,1.0,1
1454.125,1.0,1.0,1.0,529.71713106,88.28618851,0.1294491429,0.3420224508,10000000.0,3.724,1.0,1.0,1
1292.555556,1.0,1.0,1.0,642.703353,107.11722549999999,0.105025125,0.2966196686,4572451.567,3.724,1.0,1.0,1
1454.125,1.0,1.0,1.0,871.3774296,145.2295716,0.07869314286000001,0.2076453664,7025604.278,3.724,1.0,1.0,1
7.5,1.0,1.0,1.0,54.433716960000005,9.07228616,1.4696773330000001,2.544822293,0.0,3.724,1.0,1.0,1
1292.555556,1.0,1.0,1.0,1666.2860952,277.7143492,0.04050925,0.11415514759999999,3625073.789,3.724,1.0,1.0,1
7.5,1.0,1.0,1.0,54.60180612,9.10030102,1.465153,2.5370144929999996,0.0,3.724,1.0,1.0,1
1292.555556,1.0,1.0,1.0,546.2026776,91.0337796,0.1235805,0.3490270385,4572451.567,3.724,1.0,1.0,1
7.2,1.0,1.0,1.0,80.5043652,13.417394199999999,0.9316265,1.861944394,0.0,3.724,1.0,1.0,1
1292.555556,1.0,1.0,1.0,321.28724328,53.54787388,0.210092375,0.5938104137,4572451.567,3.724,1.0,1.0,1
7.5,1.0,1.0,1.0,87.94565544,14.65760924,0.9096526666999999,1.574970545,0.0,3.724,1.0,1.0,1
1454.125,1.0,1.0,1.0,286.64417304,47.77402884,0.2392214286,0.6324116167,7025604.278,3.724,1.0,1.0,1
7.5,1.0,1.0,1.0,88.13769456,14.68961576,0.9076706667,1.571470068,0.0,3.724,1.0,1.0,1
1163.3,1.0,1.0,1.0,309.47472342,51.57912057,0.21541877780000002,0.6457827714,2582590.673,3.724,1.0,1.0,1
7.2,1.0,1.0,1.0,122.73713634,20.456189390000002,0.611062,1.221358003,0.0,3.724,1.0,1.0,1
7.5,1.0,1.0,1.0,99.68416734,16.61402789,0.8025346667,1.389376969,0.0,3.724,1.0,1.0,1
1292.555556,1.0,1.0,1.0,543.3202299,90.55337164999999,0.124236125,0.3509436409,4572451.567,3.724,1.0,1.0,1
7.5,1.0,1.0,1.0,139.28522304,23.21420384,0.574361,0.9943478538,0.0,3.724,1.0,1.0,1
1454.125,1.0,1.0,1.0,483.83487521999996,80.63914587,0.1417248571,0.3745322557,7025604.278,3.724,1.0,1.0,1
7.5,1.0,1.0,1.0,139.54989342,23.25831557,0.5732716667,0.9923294398000001,0.0,3.724,1.0,1.0,1
1292.555556,1.0,1.0,1.0,315.79723007999996,52.632871679999994,0.21374475,0.6041893586,4572451.567,3.724,1.0,1.0,1
7.5,1.0,1.0,1.0,332.09535564000004,55.349225940000004,0.2408946667,0.41652214740000004,0.0,3.724,1.0,1.0,1
1292.555556,1.0,1.0,1.0,320.88821856,53.48136976,0.210353625,0.5945453092,3625073.789,3.724,1.0,1.0,1
7.5,1.0,1.0,1.0,336.94898309999996,56.158163849999994,0.2374246667,0.41080464419999996,0.0,3.724,1.0,1.0,1
1292.555556,1.0,1.0,1.0,413.9453592,68.9908932,0.163065,0.4606845751,4572451.567,3.724,1.0,1.0,1
7.2,1.0,1.0,1.0,738.652452,123.108742,0.10153625,0.20169105069999999,0.0,3.724,1.0,1.0,1
1292.555556,1.0,1.0,1.0,316.10224854,52.68370809,0.2135385,0.603614883,3625073.789,3.724,1.0,1.0,1
7.5,1.0,1.0,1.0,19.150019999999998,3.19167,4.177541333,7.2357095099999995,0.0,3.724,1.0,1.0,1
1163.3,1.0,1.0,1.0,606.6200448,101.1033408,0.1098985556,0.32930083779999997,3410410.673,3.724,1.0,1.0,1
7.2,1.0,1.0,1.0,24.4757199,4.07928665,3.06426125,6.127093846,0.0,3.724,1.0,1.0,1
1292.555556,1.0,1.0,1.0,548.20721016,91.36786836,0.123128625,0.3478172217,4572451.567,3.724,1.0,1.0,1
7.5,1.0,1.0,1.0,19.591897499999998,3.2653162499999997,4.083320667,7.071908311,0.0,3.724,1.0,1.0,1
1292.555556,1.0,1.0,1.0,727.1767500000001,121.19612500000001,0.09282475,0.2621021254,4544873.789,3.724,1.0,1.0,1
7.5,1.0,1.0,1.0,19.60762686,3.2679378100000003,4.080045,7.066209575,0.0,3.724,1.0,1.0,1
1292.555556,1.0,1.0,1.0,320.66241732,53.44373622,0.21050175,0.5945757422,3625073.789,3.724,1.0,1.0,1
7.5,1.0,1.0,1.0,21.34118118,3.55686353,3.748621,6.492116139,0.0,3.724,1.0,1.0,1
1292.555556,1.0,1.0,1.0,417.68380410000003,69.61396735,0.1616055,0.4566110684,3625073.789,3.724,1.0,1.0,1
7.5,1.0,1.0,1.0,21.36613272,3.5610221199999996,3.744243333,6.484660239,0.0,3.724,1.0,1.0,1
1292.555556,1.0,1.0,1.0,512.26154934,85.37692489,0.131768625,0.3722047127,4126340.456,3.724,1.0,1.0,1
7.5,1.0,1.0,1.0,21.448079579999998,3.57467993,3.7299376669999997,6.459568614,0.0,3.724,1.0,1.0,1
1292.555556,1.0,1.0,1.0,515.55003936,85.92500656,0.130928125,0.3698674168,3625073.789,3.724,1.0,1.0,1
7.5,1.0,1.0,1.0,21.45214386,3.5753573100000002,3.729231,6.458363683,0.0,3.724,1.0,1.0,1
1454.125,1.0,1.0,1.0,462.10053576,77.01675596,0.1483907143,0.3921159853,10000000.0,3.724,1.0,1.0,1
7.5,1.0,1.0,1.0,21.46143042,3.57690507,3.727617333,6.45555574,0.0,3.724,1.0,1.0,1
1454.125,1.0,1.0,1.0,5000.0,1000.0,0.006397,0.01604413833,6523729.278,3.724,1.0,1.0,1
7.2,1.0,1.0,1.0,26.82678564,4.47113094,2.79571325,5.5904511789999995,0.0,3.724,1.0,1.0,1
1163.3,1.0,1.0,1.0,2242.5128106,373.75213510000003,0.02972855556,0.08878469003,3435230.673,3.724,1.0,1.0,1
7.5,1.0,1.0,1.0,21.91487022,3.6524783700000003,3.650489333,6.322144508,0.0,3.724,1.0,1.0,1
1292.555556,1.0,1.0,1.0,559.14860304,93.19143384,0.12071925,0.3410650682,4572451.567,3.724,1.0,1.0,1
7.5,1.0,1.0,1.0,23.505979500000002,3.9176632500000004,3.4033893330000002,5.894307174,0.0,3.724,1.0,1.0,1
1454.125,1.0,1.0,1.0,497.19499158,82.86583193,0.1379165714,0.3645199525,7025604.278,3.724,1.0,1.0,1
7.5,1.0,1.0,1.0,23.5082106,3.9180351,3.403066333,5.893633406,0.0,3.724,1.0,1.0,1
1292.555556,1.0,1.0,1.0,552.52745496,92.08790916,0.122165875,0.34510344579999996,3625073.789,3.724,1.0,1.0,1
7.5,1.0,1.0,1.0,23.53746528,3.92291088,3.398836667,5.886275365,0.0,3.724,1.0,1.0,1
1292.555556,1.0,1.0,1.0,553.76493498,92.29415583,0.121892875,0.34440032140000004,3625073.789,3.724,1.0,1.0,1
7.5,1.0,1.0,1.0,23.54355636,3.92392606,3.397957333,5.884541872000001,0.0,3.724,1.0,1.0,1
1292.555556,1.0,1.0,1.0,620.6832342,103.4472057,0.108751125,0.3072375307,3625073.789,3.724,1.0,1.0,1
7.5,1.0,1.0,1.0,23.5975323,3.93292205,3.390185,5.871448722,0.0,3.724,1.0,1.0,1
1454.125,1.0,1.0,1.0,620.6851068,103.44751779999999,0.110477,0.2917607565,6523729.278,3.724,1.0,1.0,1
7.5,1.0,1.0,1.0,23.616215219999997,3.9360358699999995,3.387503,5.866799031999999,0.0,3.724,1.0,1.0,1
1292.555556,1.0,1.0,1.0,534.4767175799999,89.07945292999999,0.12629175,0.3566910945,4572451.567,3.724,1.0,1.0,1
7.2,1.0,1.0,1.0,32.65160412,5.44193402,2.2969775,4.593286358,0.0,3.724,1.0,1.0,1
1661.857143,1.0,1.0,1.0,415.99315392,69.33219232,0.168272,0.4116750412,10000000.0,3.724,1.0,1.0,1
7.0,1.0,1.0,1.0,39.1867956,6.5311326,1.8373536000000001,4.107330662,0.0,3.724,1.0,1.0,1
1292.555556,1.0,1.0,1.0,541.95646284,90.32607714,0.12454875,0.3517983698,3625073.789,3.724,1.0,1.0,1
7.5,1.0,1.0,1.0,26.11599636,4.35266606,3.063256667,5.304849315,0.0,3.724,1.0,1.0,1
1454.125,1.0,1.0,1.0,483.98122962,80.66353827,0.141682,0.3743179238,10000000.0,3.724,1.0,1.0,1
7.5,1.0,1.0,1.0,26.118849899999997,4.3531416499999995,3.062922,5.304281779,0.0,3.724,1.0,1.0,1
1292.555556,1.0,1.0,1.0,559.3275639599999,93.22126065999998,0.120680625,0.3409016758,3625073.789,3.724,1.0,1.0,1
7.2,1.0,1.0,1.0,32.69398428,5.44899738,2.294,4.587406,0.0,3.724,1.0,1.0,1
1292.555556,1.0,1.0,1.0,559.7804002199999,93.29673337,0.120583,0.3406922087,3625073.789,3.724,1.0,1.0,1
7.5,1.0,1.0,1.0,26.15841732,4.35973622,3.058289,5.2966581349999995,0.0,3.724,1.0,1.0,1
1292.555556,1.0,1.0,1.0,610.9039565999999,101.81732609999999,0.110492,0.3121622844,3625073.789,3.724,1.0,1.0,1
7.5,1.0,1.0,1.0,26.21898624,4.36983104,3.051224,5.284251455,0.0,3.724,1.0,1.0,1
1292.555556,1.0,1.0,1.0,5000.0,1000.0,0.006870375,0.01893601071,3625073.789,3.724,1.0,1.0,1
7.5,1.0,1.0,1.0,26.29914486,4.38319081,3.041924,5.268029067,0.0,3.724,1.0,1.0,1
1292.555556,1.0,1.0,1.0,5000.0,1000.0,0.006912875,0.01899733026,4572451.567,3.724,1.0,1.0,1
7.2,1.0,1.0,1.0,32.881187759999996,5.48019796,2.2809395,4.561249667,0.0,3.724,1.0,1.0,1
1454.125,1.0,1.0,1.0,5000.0,1000.0,0.007832,0.02035069701,7087654.278,3.724,1.0,1.0,1
7.2,1.0,1.0,1.0,32.88478128,5.48079688,2.28069025,4.560615835,0.0,3.724,1.0,1.0,1
1292.555556,1.0,1.0,1.0,5000.0,1000.0,0.007298125,0.02030319454,4572451.567,3.724,1.0,1.0,1
7.5,1.0,1.0,1.0,26.320554299999998,4.38675905,3.039449667,5.263926994,0.0,3.724,1.0,1.0,1
1454.125,1.0,1.0,1.0,5000.0,1000.0,0.007574285714,0.019568400320000002,7025604.278,3.724,1.0,1.0,1
7.5,1.0,1.0,1.0,26.3233863,4.3872310500000005,3.039122667,5.263253226,0.0,3.724,1.0,1.0,1
1292.555556,1.0,1.0,1.0,5000.0,1000.0,0.00690575,0.019061872169999997,3625073.789,3.724,1.0,1.0,1
7.5,1.0,1.0,1.0,26.33103666,4.38850611,3.038239667,5.261750672000001,0.0,3.724,1.0,1.0,1
1292.555556,1.0,1.0,1.0,5000.0,1000.0,0.005494125,0.014981892589999999,4544873.789,3.724,1.0,1.0,1
7.2,1.0,1.0,1.0,32.99324994,5.49887499,2.27319225,4.5456085,0.0,3.724,1.0,1.0,1
1454.125,1.0,1.0,1.0,533.8012991400001,88.96688319,0.1284587143,0.33900328360000004,7025604.278,3.724,1.0,1.0,1
7.5,1.0,1.0,1.0,29.229179040000002,4.87152984,2.736991,4.739974407,0.0,3.724,1.0,1.0,1
1292.555556,1.0,1.0,1.0,601.2733632000001,100.2122272,0.11226175,0.3170891178,4572451.567,3.724,1.0,1.0,1
7.5,1.0,1.0,1.0,29.225865300000002,4.87097755,2.737301333,4.740660877000001,0.0,3.724,1.0,1.0,1
1292.555556,1.0,1.0,1.0,592.12409166,98.68734861,0.113996375,0.3221096716,4572451.567,3.724,1.0,1.0,1
7.5,1.0,1.0,1.0,29.27951532,4.879919220000001,2.7322856669999998,4.731889484,0.0,3.724,1.0,1.0,1
1454.125,1.0,1.0,1.0,525.73298676,87.62216446,0.13043014290000002,0.3446011961,6523729.278,3.724,1.0,1.0,1
7.2,1.0,1.0,1.0,36.62626668,6.10437778,2.04771075,4.094674168,0.0,3.724,1.0,1.0,1
1292.555556,1.0,1.0,1.0,586.93355478,97.82225912999999,0.1150045,0.3248419446,3625073.789,3.724,1.0,1.0,1
7.5,1.0,1.0,1.0,29.3256135,4.88760225,2.727990667,4.724389703,0.0,3.724,1.0,1.0,1
1454.125,1.0,1.0,1.0,522.0251094,87.00418490000001,0.13135657139999998,0.3467077709,7025604.278,3.724,1.0,1.0,1
7.5,1.0,1.0,1.0,29.33433072,4.88905512,2.72718,4.722952678,0.0,3.724,1.0,1.0,1
1292.555556,1.0,1.0,1.0,588.62707098,98.10451182999999,0.114673625,0.3239759529,3625073.789,3.724,1.0,1.0,1
7.5,1.0,1.0,1.0,29.39815728,4.89969288,2.721259,4.712795933,0.0,3.724,1.0,1.0,1
1292.555556,1.0,1.0,1.0,568.8863418000001,94.81439030000001,0.118652875,0.3351570781,4572451.567,3.724,1.0,1.0,1
7.5,1.0,1.0,1.0,29.68355106,4.94725851,2.6950953330000003,4.667305062,0.0,3.724,1.0,1.0,1
1292.555556,1.0,1.0,1.0,4200.1773408,700.0295568,0.01607075,0.045014329660000005,4572451.567,3.724,1.0,1.0,1
7.5,1.0,1.0,1.0,29.740466100000003,4.95674435,2.6899376669999997,4.659105244,0.0,3.724,1.0,1.0,1
1454.125,1.0,1.0,1.0,3752.9613209999998,625.4935535,0.01827128571,0.047889867059999994,10000000.0,3.724,1.0,1.0,1
7.5,1.0,1.0,1.0,29.74415562,4.95735927,2.689604,4.658527316,0.0,3.724,1.0,1.0,1
1292.555556,1.0,1.0,1.0,4742.2915806,790.3819301,0.014233625,0.03976170274,3625073.789,3.724,1.0,1.0,1
7.5,1.0,1.0,1.0,29.766356400000003,4.9610594,2.687598,4.655051956,0.0,3.724,1.0,1.0,1
1454.125,1.0,1.0,1.0,4483.0903434,747.1817239000001,0.01529557143,0.03993546301,6523729.278,3.724,1.0,1.0,1
7.5,1.0,1.0,1.0,29.74783506,4.95797251,2.689271333,4.657951987,0.0,3.724,1.0,1.0,1
1454.125,1.0,1.0,1.0,4742.4737928,790.4122988,0.014459,0.03774152037,7025604.278,3.724,1.0,1.0,1
7.5,1.0,1.0,1.0,29.7515559,4.95859265,2.688935,4.657368574,0.0,3.724,1.0,1.0,1
1454.125,1.0,1.0,1.0,4857.660429,809.6100715,0.01411614286,0.03661355945999999,10000000.0,3.724,1.0,1.0,1
7.2,1.0,1.0,1.0,37.19859834,6.19976639,2.016205,4.031066778,0.0,3.724,1.0,1.0,1
1454.125,1.0,1.0,1.0,5000.0,982.0529818,0.01163742857,0.030287327819999998,6523729.278,3.724,1.0,1.0,1
1454.125,1.0,1.0,1.0,5000.0,1000.0,0.001012714286,0.0021531440360000004,8593279.278,3.724,1.0,1.0,1
1292.555556,1.0,1.0,1.0,440.05942434,73.34323739,0.153388375,0.4333574275,3625073.789,3.724,1.0,1.0,1
7.5,1.0,1.0,1.0,53.81852526,8.969754210000001,1.486477,2.574188633,0.0,3.724,1.0,1.0,1
1291.888889,1.0,1.0,1.0,298.77667548,49.79611258,0.22592125,0.6364437765000001,2706820.456,3.724,1.0,1.0,1
7.2,1.0,1.0,1.0,43.504527540000005,7.2507545900000006,1.7239585,3.447151669,0.0,3.724,1.0,1.0,1
1292.555556,1.0,1.0,1.0,329.0249346,54.8374891,0.205151625,0.5796879845,4544873.789,3.724,1.0,1.0,1
7.2,1.0,1.0,1.0,48.47483622,8.07913937,1.5471945,3.093688335,0.0,3.724,1.0,1.0,1
1292.555556,1.0,1.0,1.0,319.09613064,53.18268844000001,0.211535,0.5978378356,3625073.789,3.724,1.0,1.0,1
7.5,1.0,1.0,1.0,46.28276142,7.71379357,1.7285053330000002,2.993280555,0.0,3.724,1.0,1.0,1
1292.555556,1.0,1.0,1.0,277.08904614,46.18150769,0.243604,0.6886638689,3625073.789,3.724,1.0,1.0,1
7.5,1.0,1.0,1.0,49.17775812,8.196293019999999,1.626751667,2.816949701,0.0,3.724,1.0,1.0,1
1454.125,1.0,1.0,1.0,365.18730306,60.86455051,0.18777057139999997,0.4963463085,7025604.278,3.724,1.0,1.0,1
7.5,1.0,1.0,1.0,49.39413972,8.23235662,1.6196253330000001,2.8046108569999997,0.0,3.724,1.0,1.0,1
1292.555556,1.0,1.0,1.0,394.93170971999996,65.82195162,0.170915625,0.4829787847,4572451.567,3.724,1.0,1.0,1
7.5,1.0,1.0,1.0,53.81372244,8.96895374,1.486609667,2.5748800099999998,0.0,3.724,1.0,1.0,1
1292.555556,1.0,1.0,1.0,548.51403486,91.41900581,0.12305975,0.3476272563,4572451.567,3.724,1.0,1.0,1
7.5,1.0,1.0,1.0,57.49491768,9.58248628,1.3914273330000002,2.4093014449999997,0.0,3.724,1.0,1.0,1
1454.125,1.0,1.0,1.0,285.40119377999997,47.566865629999995,0.2402632857,0.6351125942000001,6523729.278,3.724,1.0,1.0,1
7.2,1.0,1.0,1.0,94.33389732,15.722316220000002,0.79504825,1.58935117,0.0,3.724,1.0,1.0,1
1292.555556,1.0,1.0,1.0,321.46397076,53.577328460000004,0.209976875,0.5934663644,4572451.567,3.724,1.0,1.0,1
7.5,1.0,1.0,1.0,75.81249672,12.63541612,1.055235,1.827177636,0.0,3.724,1.0,1.0,1
1292.555556,1.0,1.0,1.0,323.68182078,53.94697013,0.208538125,0.5894599687,4572451.567,3.724,1.0,1.0,1
7.5,1.0,1.0,1.0,75.9191436,12.653190599999999,1.053752667,1.8245530030000001,0.0,3.724,1.0,1.0,1
1454.125,1.0,1.0,1.0,374.60666298,62.43444383,0.18304914290000002,0.48382280499999997,7025604.278,3.724,1.0,1.0,1
7.5,1.0,1.0,1.0,75.99424218,12.66570703,1.0527113330000002,1.8227865989999998,0.0,3.724,1.0,1.0,1
1292.555556,1.0,1.0,1.0,421.32398724,70.22066454,0.16020925,0.45273175400000004,4544873.789,3.724,1.0,1.0,1
7.5,1.0,1.0,1.0,76.01763864,12.66960644,1.0523873330000002,1.822066934,0.0,3.724,1.0,1.0,1
1292.555556,1.0,1.0,1.0,519.83908092,86.63984682,0.129847875,0.3668814879,4572451.567,3.724,1.0,1.0,1
7.5,1.0,1.0,1.0,77.0483793,12.841396549999999,1.038308667,1.797551262,0.0,3.724,1.0,1.0,1
1292.555556,1.0,1.0,1.0,759.6859962,126.6143327,0.0888525,0.2508321806,4544873.789,3.724,1.0,1.0,1
7.5,1.0,1.0,1.0,77.12223522000001,12.85370587,1.037314333,1.7958056470000001,0.0,3.724,1.0,1.0,1
1454.125,1.0,1.0,1.0,5000.0,1000.0,0.005685428571,0.01378198104,10000000.0,3.724,1.0,1.0,1
7.5,1.0,1.0,1.0,77.25156942000001,12.875261570000001,1.035577667,1.793056524,0.0,3.724,1.0,1.0,1
1292.555556,1.0,1.0,1.0,793.0994472,132.1832412,0.085109125,0.2403173834,3625073.789,3.724,1.0,1.0,1
7.5,1.0,1.0,1.0,97.46786604,16.24464434,0.8207833333000001,1.421136143,0.0,3.724,1.0,1.0,1
1292.555556,1.0,1.0,1.0,1896.7334034,316.1222339,0.0355875,0.10027547340000001,3625073.789,3.724,1.0,1.0,1
7.2,1.0,1.0,1.0,104.94210869999999,17.49035145,0.71467975,1.428600171,0.0,3.724,1.0,1.0,1
1292.555556,1.0,1.0,1.0,792.8921622,132.1486937,0.085131375,0.2404130236,3625073.789,3.724,1.0,1.0,1
7.5,1.0,1.0,1.0,97.54987236,16.25831206,0.8200933333,1.4197912039999998,0.0,3.724,1.0,1.0,1
1661.857143,1.0,1.0,1.0,616.5762107999999,102.76270179999999,0.1135301667,0.2776712187,10000000.0,3.724,1.0,1.0,1
7.5,1.0,1.0,1.0,97.59600702,16.26600117,0.8197056666999999,1.419025352,0.0,3.724,1.0,1.0,1
1292.555556,1.0,1.0,1.0,554.36014518,92.39335753,0.121762,0.3440281229,4572451.567,3.724,1.0,1.0,1
7.5,1.0,1.0,1.0,113.15502618,18.85917103,0.7069946667,1.224547219,0.0,3.724,1.0,1.0,1
1454.125,1.0,1.0,1.0,492.49812491999995,82.08302082,0.1392318571,0.36790376329999996,7025604.278,3.724,1.0,1.0,1
7.5,1.0,1.0,1.0,113.15523954,18.85920659,0.7069933333,1.22401144,0.0,3.724,1.0,1.0,1
1292.555556,1.0,1.0,1.0,553.93876104,92.32312684,0.121854625,0.34430626880000004,3625073.789,3.724,1.0,1.0,1
7.5,1.0,1.0,1.0,113.20348896,18.867248160000003,0.706692,1.223318908,0.0,3.724,1.0,1.0,1
1292.555556,1.0,1.0,1.0,323.56448220000004,53.9274137,0.20861375,0.5896859981,4572451.567,3.724,1.0,1.0,1
7.5,1.0,1.0,1.0,203.95780116,33.99296686,0.392238,0.678796778,0.0,3.724,1.0,1.0,1
1292.555556,1.0,1.0,1.0,325.972197,54.3286995,0.207072875,0.5852631264,3625073.789,3.724,1.0,1.0,1
7.5,1.0,1.0,1.0,204.57114216,34.09519036,0.391062,0.6767044581,0.0,3.724,1.0,1.0,1
1454.125,1.0,1.0,1.0,373.84225728,62.30704288,0.18342342860000002,0.48479807669999997,7025604.278,3.724,1.0,1.0,1
7.5,1.0,1.0,1.0,207.69402516,34.61567086,0.385182,0.6665633020999999,0.0,3.724,1.0,1.0,1
1661.0,1.0,1.0,1.0,328.0542633,54.67571055,0.2133793333,0.5221463587,7763243.696,3.724,1.0,1.0,1
7.5,1.0,1.0,1.0,206.92206024,34.48701004,0.386619,0.6691050853,0.0,3.724,1.0,1.0,1
1292.555556,1.0,1.0,1.0,420.6895101,70.11491835,0.160450875,0.45343577879999997,3625073.789,3.724,1.0,1.0,1
7.5,1.0,1.0,1.0,207.51695586000002,34.58615931,0.3855106667,0.6671412265,0.0,3.724,1.0,1.0,1
1292.555556,1.0,1.0,1.0,551.68919058,91.94819842999999,0.1223515,0.3453231025,3625073.789,3.724,1.0,1.0,1
7.2,1.0,1.0,1.0,269.85916050000003,44.976526750000005,0.27792275,0.5531743777,0.0,3.724,1.0,1.0,1
7.2,1.0,1.0,1.0,270.12231138000004,45.02038523,0.277652,0.5532972795,0.0,3.724,1.0,1.0,1
1292.555556,1.0,1.0,1.0,551.5753605,91.92922675,0.12237675,0.3451269265,3625073.789,3.724,1.0,1.0,1
7.2,1.0,1.0,1.0,270.65894628,45.10982438,0.2771015,0.5517121696,0.0,3.724,1.0,1.0,1
1292.555556,1.0,1.0,1.0,718.2350568,119.7058428,0.093980375,0.2653606455,3625073.789,3.724,1.0,1.0,1
7.5,1.0,1.0,1.0,222.27779166,37.04629861,0.35991,0.6228307499000001,0.0,3.724,1.0,1.0,1
1292.555556,1.0,1.0,1.0,5000.0,1000.0,0.010527375,0.02940279218,3625073.789,3.724,1.0,1.0,1
7.5,1.0,1.0,1.0,223.59255474000003,37.26542579,0.3577936667,0.6190594962,0.0,3.724,1.0,1.0,1
1454.125,1.0,1.0,1.0,5000.0,903.852672,0.01264428571,0.03297237481,6523729.278,3.724,1.0,1.0,1
7.5,1.0,1.0,1.0,224.44841802000002,37.40806967,0.3564293333,0.6167700172,0.0,3.724,1.0,1.0,1
1661.0,1.0,1.0,1.0,5000.0,948.5223377,0.01229983333,0.02958775052,7763243.696,3.724,1.0,1.0,1
7.5,1.0,1.0,1.0,224.42218302,37.40369717,0.356471,0.6166689901000001,0.0,3.724,1.0,1.0,1
1292.555556,1.0,1.0,1.0,5000.0,1000.0,0.010180125,0.02838079002,3625073.789,3.724,1.0,1.0,1
7.5,1.0,1.0,1.0,226.20276252000002,37.70046042,0.353665,0.6119595321,0.0,3.724,1.0,1.0,1
1292.555556,1.0,1.0,1.0,5000.0,1000.0,0.010939625,0.030561076,4572451.567,3.724,1.0,1.0,1
7.5,1.0,1.0,1.0,227.61932946,37.93655491,0.351464,0.6081265047000001,0.0,3.724,1.0,1.0,1
1454.125,1.0,1.0,1.0,5000.0,1000.0,0.008842571429,0.022654399659999998,6523729.278,3.724,1.0,1.0,1
7.5,1.0,1.0,1.0,231.9725886,38.6620981,0.3448683333,0.5966938139,0.0,3.724,1.0,1.0,1
1453.375,1.0,1.0,1.0,5000.0,1000.0,0.008244428571,0.02112063981,3892188.111,3.724,1.0,1.0,1
7.5,1.0,1.0,1.0,230.99533968,38.499223279999995,0.3463273333,0.5991437985,0.0,3.724,1.0,1.0,1
1292.555556,1.0,1.0,1.0,5000.0,1000.0,0.007475625,0.02047802003,3625073.789,3.724,1.0,1.0,1
7.5,1.0,1.0,1.0,231.75194814,38.62532469,0.3451966667,0.5972321922,0.0,3.724,1.0,1.0,1
1163.3,1.0,1.0,1.0,3193.1028978000004,532.1838163,0.020878333330000002,0.06216966782,3008910.673,3.724,1.0,1.0,1
7.5,1.0,1.0,1.0,273.25266306000003,45.54211051,0.2927693333,0.5063552483,0.0,3.724,1.0,1.0,1
1292.555556,1.0,1.0,1.0,622.3707714000001,103.72846190000001,0.10845625,0.30609816700000003,4572451.567,3.724,1.0,1.0,1
7.5,1.0,1.0,1.0,1325.769084,220.961514,0.060342333330000004,0.1038673409,0.0,3.724,1.0,1.0,1
7.5,1.0,1.0,1.0,1374.9484392,229.1580732,0.058184,0.1001593364,0.0,3.724,1.0,1.0,1
1661.0,1.0,1.0,1.0,477.35951994,79.55991999,0.14664,0.3579728321,7763243.696,3.724,1.0,1.0,1
7.5,1.0,1.0,1.0,1414.3854792,235.7309132,0.056561666669999996,0.09730863927,0.0,3.724,1.0,1.0,1
1454.125,1.0,1.0,1.0,543.3564485999999,90.55940809999998,0.12619971430000002,0.33275675180000003,6523729.278,3.724,1.0,1.0,1
7.5,1.0,1.0,1.0,1444.5039636000001,240.7506606,0.05538233333,0.09531793798,0.0,3.724,1.0,1.0,1
1292.555556,1.0,1.0,1.0,591.09547506,98.51591251,0.11419475,0.3224385971,4572451.567,3.724,1.0,1.0,1
7.5,1.0,1.0,1.0,1999.4168370000002,333.23613950000004,0.04001166667,0.06916458383,0.0,3.724,1.0,1.0,1
1292.555556,1.0,1.0,1.0,588.07898556,98.01316426,0.1147805,0.3242705609,3625073.789,3.724,1.0,1.0,1
7.5,1.0,1.0,1.0,2399.6400540000004,399.94000900000003,0.033338333330000004,0.05709858494,0.0,3.724,1.0,1.0,1
1292.555556,1.0,1.0,1.0,587.1530904,97.8588484,0.1149615,0.32479140360000003,3625073.789,3.724,1.0,1.0,1
7.5,1.0,1.0,1.0,2412.03606,402.00601,0.033167,0.05682860899,0.0,3.724,1.0,1.0,1
1454.125,1.0,1.0,1.0,520.54809378,86.75801563,0.1317292857,0.34805206089999996,10000000.0,3.724,1.0,1.0,1
7.0,1.0,1.0,1.0,3732.9683322,622.1613887,0.0192876,0.041865941700000006,0.0,3.724,1.0,1.0,1
1292.555556,1.0,1.0,1.0,637.3350894,106.2225149,0.10590975,0.2991043683,3625073.789,3.724,1.0,1.0,1
7.5,1.0,1.0,1.0,24.80030328,4.13338388,3.225767,5.586502984,0.0,3.724,1.0,1.0,1
1292.555556,1.0,1.0,1.0,657.2485386,109.5414231,0.102700875,0.2900445155,3625073.789,3.724,1.0,1.0,1
7.5,1.0,1.0,1.0,24.81217188,4.13536198,3.224224,5.583967259,0.0,3.724,1.0,1.0,1
1292.555556,1.0,1.0,1.0,3432.4506426000003,572.0751071,0.01966525,0.0552056159,4572451.567,3.724,1.0,1.0,1
7.5,1.0,1.0,1.0,24.833974559999998,4.13899576,3.221393333,5.578347337,0.0,3.724,1.0,1.0,1
1292.555556,1.0,1.0,1.0,3421.2510371999997,570.2085062,0.019729625,0.05536261581,3625073.789,3.724,1.0,1.0,1
7.5,1.0,1.0,1.0,24.85775922,4.142959869999999,3.218311,5.573277071000001,0.0,3.724,1.0,1.0,1
1454.125,1.0,1.0,1.0,3356.0800986,559.3466831,0.020432,0.0535394768,10000000.0,3.724,1.0,1.0,1
7.5,1.0,1.0,1.0,24.840644700000002,4.14010745,3.2205283330000003,5.577315913,0.0,3.724,1.0,1.0,1
1292.555556,1.0,1.0,1.0,3771.0023886,628.5003981,0.01789975,0.0501583434,4572451.567,3.724,1.0,1.0,1
7.5,1.0,1.0,1.0,24.84506772,4.14084462,3.219955,5.577123926,0.0,3.724,1.0,1.0,1
1661.857143,1.0,1.0,1.0,4306.1465118,717.6910852999999,0.01625583333,0.03942342533,10000000.0,3.724,1.0,1.0,1
7.5,1.0,1.0,1.0,24.86334744,4.14389124,3.217587667,5.5730235839999995,0.0,3.724,1.0,1.0,1
1292.555556,1.0,1.0,1.0,5000.0,1000.0,0.010314375,0.028719309079999998,4572451.567,3.724,1.0,1.0,1
7.5,1.0,1.0,1.0,24.873680580000002,4.14561343,3.216251,5.570705812,0.0,3.724,1.0,1.0,1
7.5,1.0,1.0,1.0,24.868497480000002,4.14474958,3.216921333,5.571867729,0.0,3.724,1.0,1.0,1
1292.555556,1.0,1.0,1.0,5000.0,1000.0,0.01030775,0.028789471089999998,4572451.567,3.724,1.0,1.0,1
7.5,1.0,1.0,1.0,24.8736213,4.14560355,3.216258667,5.570718224999999,0.0,3.724,1.0,1.0,1
1453.375,1.0,1.0,1.0,5000.0,1000.0,0.001766285714,0.004057396814,6054813.111,3.724,1.0,1.0,1
7.2,1.0,1.0,1.0,31.140553920000002,5.190092320000001,2.408435,4.815548023,0.0,3.724,1.0,1.0,1
1453.375,1.0,1.0,1.0,5000.0,1000.0,0.0018855714290000002,0.003981869907,5020038.111,3.724,1.0,1.0,1
7.5,1.0,1.0,1.0,24.925213980000002,4.15420233,3.209601333,5.558318785,0.0,3.724,1.0,1.0,1
1291.888889,1.0,1.0,1.0,5000.0,1000.0,0.00160175,0.00377608553,2706820.456,3.724,1.0,1.0,1
7.5,1.0,1.0,1.0,24.922545420000002,4.15375757,3.209945,5.558919229000001,0.0,3.724,1.0,1.0,1
1453.375,1.0,1.0,1.0,5000.0,1000.0,0.001820285714,0.004068153501,4456113.111,3.724,1.0,1.0,1
7.5,1.0,1.0,1.0,24.9223047,4.15371745,3.209976,5.55897119,0.0,3.724,1.0,1.0,1
1661.0,1.0,1.0,1.0,5000.0,1000.0,0.002192333333,0.004310510163,9696700.839,3.724,1.0,1.0,1
7.5,1.0,1.0,1.0,24.92789604,4.15464934,3.209256,5.556863351,0.0,3.724,1.0,1.0,1
1661.0,1.0,1.0,1.0,5000.0,1000.0,0.002185166667,0.004409234057,9554872.268,3.724,1.0,1.0,1
7.2,1.0,1.0,1.0,31.16311656,5.1938527599999995,2.40669125,4.812045856,0.0,3.724,1.0,1.0,1
7.2,1.0,1.0,1.0,34.19668566,5.69944761,2.193195,4.383070328,0.0,3.724,1.0,1.0,1
1453.375,1.0,1.0,1.0,561.77671248,93.62945208,0.12206171430000001,0.3168291596,4456113.111,3.724,1.0,1.0,1
7.5,1.0,1.0,1.0,27.363543120000003,4.56059052,2.923598,5.0620795659999995,0.0,3.724,1.0,1.0,1
1453.375,1.0,1.0,1.0,561.7747400400001,93.62912334,0.1220621429,0.3168123057,6054813.111,3.724,1.0,1.0,1
7.2,1.0,1.0,1.0,34.19276076,5.69879346,2.19344675,4.382895365,0.0,3.724,1.0,1.0,1
1453.375,1.0,1.0,1.0,561.76224816,93.62704135999999,0.1220648571,0.3168767978,4456113.111,3.724,1.0,1.0,1
7.2,1.0,1.0,1.0,34.200552959999996,5.70009216,2.192947,4.38389141,0.0,3.724,1.0,1.0,1
1292.555556,1.0,1.0,1.0,642.7668492,107.1278082,0.10501475,0.296183331,5547407.122,3.724,1.0,1.0,1
7.5,1.0,1.0,1.0,27.36450096,4.5607501599999996,2.923495667,5.062897383,0.0,3.724,1.0,1.0,1
1937.833333,1.0,1.0,1.0,428.49185154,71.41530859000001,0.16803120000000002,0.3745999076,10000000.0,3.724,1.0,1.0,1
7.2,1.0,1.0,1.0,34.196689559999996,5.69944826,2.19319475,4.384266954,0.0,3.724,1.0,1.0,1
1454.125,1.0,1.0,1.0,571.39524006,95.23254001,0.120007,0.3165411894,10000000.0,3.724,1.0,1.0,1
7.2,1.0,1.0,1.0,34.19667396,5.69944566,2.19319575,4.38425626,0.0,3.724,1.0,1.0,1
1454.125,1.0,1.0,1.0,571.5721449,95.26202415,0.1199698571,0.31658266230000004,10000000.0,3.724,1.0,1.0,1
7.2,1.0,1.0,1.0,34.20190206,5.70031701,2.1928605,4.384817002999999,0.0,3.724,1.0,1.0,1
1163.3,1.0,1.0,1.0,658.0570866,109.67618110000001,0.1013083333,0.303511078,2582590.673,3.724,1.0,1.0,1
7.5,1.0,1.0,1.0,27.62556222,4.60426037,2.895868667,5.015230478,0.0,3.724,1.0,1.0,1
1292.555556,1.0,1.0,1.0,592.3358325,98.72263875,0.113955625,0.32194918920000004,4572451.567,3.724,1.0,1.0,1
7.5,1.0,1.0,1.0,27.62888556,4.60481426,2.895520333,5.014588176,0.0,3.724,1.0,1.0,1
1454.125,1.0,1.0,1.0,595.41604074,99.23600679,0.1151655714,0.30416342139999997,7025604.278,3.724,1.0,1.0,1
7.5,1.0,1.0,1.0,27.640846800000002,4.6068078,2.894267333,5.0125227070000005,0.0,3.724,1.0,1.0,1
1454.125,1.0,1.0,1.0,3694.723473,615.7872454999999,0.01855928571,0.048561361879999994,10000000.0,3.724,1.0,1.0,1
7.5,1.0,1.0,1.0,27.82226766,4.63704461,2.8753946669999997,4.979690528,0.0,3.724,1.0,1.0,1
1292.555556,1.0,1.0,1.0,4216.0161768,702.6693627999999,0.016010375,0.04483712645,4572451.567,3.724,1.0,1.0,1
7.5,1.0,1.0,1.0,27.816531,4.6360885000000005,2.875987667,4.98075574,0.0,3.724,1.0,1.0,1
1292.555556,1.0,1.0,1.0,4106.214070800001,684.3690118000001,0.0164385,0.04605245459,3625073.789,3.724,1.0,1.0,1
7.5,1.0,1.0,1.0,27.827732400000002,4.6379554,2.87483,4.978701238,0.0,3.724,1.0,1.0,1
1454.125,1.0,1.0,1.0,3599.3611134000002,599.8935189,0.019051,0.0498919859,10000000.0,3.724,1.0,1.0,1
7.5,1.0,1.0,1.0,27.83352216,4.63892036,2.874232,4.977700979000001,0.0,3.724,1.0,1.0,1
1292.555556,1.0,1.0,1.0,3773.0312112,628.8385352,0.017890125,0.04967126613,3625073.789,3.724,1.0,1.0,1
7.5,1.0,1.0,1.0,27.86971236,4.64495206,2.870499667,4.971303938,0.0,3.724,1.0,1.0,1
1661.0,1.0,1.0,1.0,3028.3147427999997,504.7191238,0.02311516667,0.0556219999,7763243.696,3.724,1.0,1.0,1
7.5,1.0,1.0,1.0,27.8544549,4.64240915,2.872072,4.973826384,0.0,3.724,1.0,1.0,1
1454.125,1.0,1.0,1.0,3370.5734892,561.7622482,0.02034414286,0.0528819189,10000000.0,3.724,1.0,1.0,1
7.5,1.0,1.0,1.0,27.86653464,4.64442244,2.870827,4.971919393,0.0,3.724,1.0,1.0,1
1454.125,1.0,1.0,1.0,3349.3357152000003,558.2226192,0.02047314286,0.05325456498,10000000.0,3.724,1.0,1.0,1
7.5,1.0,1.0,1.0,27.87277104,4.645461839999999,2.8701846669999997,4.9706119840000005,0.0,3.724,1.0,1.0,1
1454.125,1.0,1.0,1.0,5000.0,1000.0,0.01138428571,0.029657130089999997,7025604.278,3.724,1.0,1.0,1
7.5,1.0,1.0,1.0,27.97318536,4.66219756,2.859881667,4.952698248,0.0,3.724,1.0,1.0,1
1292.555556,1.0,1.0,1.0,5000.0,1000.0,0.009833125,0.02744233469,3625073.789,3.724,1.0,1.0,1
7.5,1.0,1.0,1.0,27.97063272,4.66177212,2.860142667,4.953375489,0.0,3.724,1.0,1.0,1
1454.125,1.0,1.0,1.0,5000.0,1000.0,0.01138185714,0.02972072564,10000000.0,3.724,1.0,1.0,1
7.5,1.0,1.0,1.0,27.97657986,4.66276331,2.8595346669999997,4.952295546,0.0,3.724,1.0,1.0,1
1292.555556,1.0,1.0,1.0,659.735373,109.9558955,0.10231375,0.28893287920000005,4572451.567,3.724,1.0,1.0,1
7.2,1.0,1.0,1.0,38.47489614,6.41248269,1.949323,3.897247368,0.0,3.724,1.0,1.0,1
1454.125,1.0,1.0,1.0,588.1358299799999,98.02263832999999,0.1165911429,0.3079601498,10000000.0,3.724,1.0,1.0,1
7.5,1.0,1.0,1.0,30.84424158,5.1407069299999995,2.593677,4.491729091,0.0,3.724,1.0,1.0,1
1292.555556,1.0,1.0,1.0,656.6435304,109.4405884,0.1027955,0.290276092,4572451.567,3.724,1.0,1.0,1
7.5,1.0,1.0,1.0,30.86935434,5.14489239,2.591567,4.487331446000001,0.0,3.724,1.0,1.0,1
1292.555556,1.0,1.0,1.0,656.5844477999999,109.4307413,0.10280475,0.29034830440000003,4544873.789,3.724,1.0,1.0,1
7.5,1.0,1.0,1.0,30.88158036,5.14693006,2.590541,4.486342415,0.0,3.724,1.0,1.0,1
1292.555556,1.0,1.0,1.0,650.3430558,108.3905093,0.103791375,0.29314658909999997,3625073.789,3.724,1.0,1.0,1
7.5,1.0,1.0,1.0,30.905607719999995,5.150934619999999,2.588527,4.4827925760000005,0.0,3.724,1.0,1.0,1
7.5,1.0,1.0,1.0,30.911885160000004,5.15198086,2.5880013330000002,4.481907209,0.0,3.724,1.0,1.0,1
7.2,1.0,1.0,1.0,38.59490364,6.43248394,1.94326175,3.8858875,0.0,3.724,1.0,1.0,1
1292.555556,1.0,1.0,1.0,638.0429568,106.34049279999999,0.10579225,0.2988415051,3625073.789,3.724,1.0,1.0,1
7.5,1.0,1.0,1.0,30.970071660000002,5.16167861,2.583139,4.473465482,0.0,3.724,1.0,1.0,1
1454.125,1.0,1.0,1.0,526.83742782,87.80623797000001,0.1301567143,0.34390070539999995,10000000.0,3.724,1.0,1.0,1
7.2,1.0,1.0,1.0,39.21310284,6.53551714,1.912626,3.824589362,0.0,3.724,1.0,1.0,1
1454.125,1.0,1.0,1.0,526.81661184,87.80276864,0.1301618571,0.3439455887,6523729.278,3.724,1.0,1.0,1
7.5,1.0,1.0,1.0,31.37449302,5.22908217,2.549842,4.416451565,0.0,3.724,1.0,1.0,1
1292.555556,1.0,1.0,1.0,594.0770518200001,99.01284197000001,0.113621625,0.3210493105,4544873.789,3.724,1.0,1.0,1
7.5,1.0,1.0,1.0,31.36700544,5.22783424,2.550450667,4.417505807,0.0,3.724,1.0,1.0,1
1661.857143,1.0,1.0,1.0,513.7891213800001,85.63152023,0.13624266670000001,0.3332553981,10000000.0,3.724,1.0,1.0,1
7.5,1.0,1.0,1.0,31.35258582,5.22543097,2.551623667,4.418673237,0.0,3.724,1.0,1.0,1
1454.125,1.0,1.0,1.0,4170.3591719999995,695.059862,0.01644257143,0.04304415828,7025604.278,3.724,1.0,1.0,1
7.2,1.0,1.0,1.0,39.252681300000006,6.542113550000001,1.9106975,3.8200810279999997,0.0,3.724,1.0,1.0,1
1454.125,1.0,1.0,1.0,4165.4011368,694.2335228000001,0.01646214286,0.04311790888,7025604.278,3.724,1.0,1.0,1
7.5,1.0,1.0,1.0,31.40620086,5.234366809999999,2.547267667,4.411126692,0.0,3.724,1.0,1.0,1
1454.125,1.0,1.0,1.0,4785.3091008,797.5515168,0.01432957143,0.03740982378,10000000.0,3.724,1.0,1.0,1
7.5,1.0,1.0,1.0,31.40606112,5.2343435199999995,2.547279,4.411142858,0.0,3.724,1.0,1.0,1
1454.125,1.0,1.0,1.0,4784.212099799999,797.3686832999999,0.01433285714,0.0374424556,10000000.0,3.724,1.0,1.0,1
7.2,1.0,1.0,1.0,39.25243992,6.54207332,1.91070925,3.8200845290000003,0.0,3.724,1.0,1.0,1
1661.857143,1.0,1.0,1.0,4188.1475424,698.0245904000001,0.01671383333,0.04047886965,10000000.0,3.724,1.0,1.0,1
1661.857143,1.0,1.0,1.0,4185.9352578,697.6558763,0.016722666669999997,0.04052730802,10000000.0,3.724,1.0,1.0,1
1454.125,1.0,1.0,1.0,4809.8602134,801.6433689,0.01425642857,0.03735374043,10000000.0,3.724,1.0,1.0,1
1454.125,1.0,1.0,1.0,5000.0,939.9821403,0.01215828571,0.03155541812,6523729.278,3.724,1.0,1.0,1
1291.888889,1.0,1.0,1.0,5000.0,1000.0,0.001642,0.004394410996,3654198.233,3.724,1.0,1.0,1
7.5,1.0,1.0,1.0,31.504989419999998,5.25083157,2.5392803330000002,4.398159088000001,0.0,3.724,1.0,1.0,1
1661.0,1.0,1.0,1.0,5000.0,1000.0,0.009966,0.018565110359999998,9696700.839,3.724,1.0,1.0,1
7.5,1.0,1.0,1.0,31.701280920000002,5.28354682,2.5235573330000003,4.370392582,0.0,3.724,1.0,1.0,1
1291.888889,1.0,1.0,1.0,5000.0,1000.0,0.00745025,0.01628528605,3654198.233,3.724,1.0,1.0,1
7.5,1.0,1.0,1.0,31.69698108,5.2828301799999995,2.523899667,4.370941353,0.0,3.724,1.0,1.0,1
1661.0,1.0,1.0,1.0,5000.0,1000.0,0.01019983333,0.01908623394,9696700.839,3.724,1.0,1.0,1
7.5,1.0,1.0,1.0,31.70946102,5.28491017,2.522906333,4.369119525,0.0,3.724,1.0,1.0,1
1453.375,1.0,1.0,1.0,586.5446653800001,97.75744423,0.1169074286,0.3033499741,5020038.111,3.724,1.0,1.0,1
7.5,1.0,1.0,1.0,35.231835000000004,5.8719725,2.270673667,3.9322674429999998,0.0,3.724,1.0,1.0,1
1162.7,1.0,1.0,1.0,701.3934348,116.8989058,0.09504888889,0.2800231312,1706395.8,3.724,1.0,1.0,1
7.2,1.0,1.0,1.0,44.28207684,7.38034614,1.6936875,3.3847698999999998,0.0,3.724,1.0,1.0,1
1291.888889,1.0,1.0,1.0,5000.0,1000.0,0.00762525,0.01673741199,3654198.233,3.724,1.0,1.0,1
7.5,1.0,1.0,1.0,31.709448419999998,5.284908069999999,2.522907333,4.369273677,0.0,3.724,1.0,1.0,1
1291.888889,1.0,1.0,1.0,666.3113003999999,111.0518834,0.101304,0.2811102681,3654198.233,3.724,1.0,1.0,1
7.5,1.0,1.0,1.0,35.19176652,5.86529442,2.273259,3.936808593,0.0,3.724,1.0,1.0,1
1291.888889,1.0,1.0,1.0,641.6456549999999,106.94094249999999,0.10519825,0.2955663692,2706820.456,3.724,1.0,1.0,1
7.5,1.0,1.0,1.0,35.49223218,5.91537203,2.254014333,3.903608353,0.0,3.724,1.0,1.0,1
1291.888889,1.0,1.0,1.0,615.3194022,102.55323369999999,0.109699125,0.3082188481,2706820.456,3.724,1.0,1.0,1
7.5,1.0,1.0,1.0,35.65115874,5.9418597900000005,2.243966333,3.886113774,0.0,3.724,1.0,1.0,1
1661.0,1.0,1.0,1.0,485.38920702,80.89820117000001,0.1442141667,0.3508646559,10000000.0,3.724,1.0,1.0,1
7.5,1.0,1.0,1.0,35.5812162,5.930202700000001,2.248377333,3.893656855,0.0,3.724,1.0,1.0,1
1291.888889,1.0,1.0,1.0,612.4657188000001,102.07761980000001,0.11021025,0.30965240120000004,3654198.233,3.724,1.0,1.0,1
7.5,1.0,1.0,1.0,35.66728134,5.94454689,2.242952,3.8841698360000003,0.0,3.724,1.0,1.0,1
1292.555556,1.0,1.0,1.0,599.7301214400001,99.95502024000001,0.112550625,0.3178403125,5547407.122,3.724,1.0,1.0,1
7.2,1.0,1.0,1.0,44.79501354,7.465835589999999,1.6742935,3.347798335,0.0,3.724,1.0,1.0,1
1292.555556,1.0,1.0,1.0,624.0213552,104.00355920000001,0.108169375,0.3055156881,4572451.567,3.724,1.0,1.0,1
7.2,1.0,1.0,1.0,44.83792884,7.47298814,1.672691,3.344012709,0.0,3.724,1.0,1.0,1
1292.555556,1.0,1.0,1.0,622.621212,103.77020200000001,0.108412625,0.3062958337,3625073.789,3.724,1.0,1.0,1
7.5,1.0,1.0,1.0,35.88246876,5.98041146,2.229501,3.860988934,0.0,3.724,1.0,1.0,1
1292.555556,1.0,1.0,1.0,621.2344848,103.5390808,0.108654625,0.3068473516,4572451.567,3.724,1.0,1.0,1
7.2,1.0,1.0,1.0,44.86389864,7.47731644,1.67172275,3.3422461919999997,0.0,3.724,1.0,1.0,1
7.5,1.0,1.0,1.0,35.896395840000004,5.98273264,2.228636,3.859443944,0.0,3.724,1.0,1.0,1
1292.555556,1.0,1.0,1.0,626.9330435999999,104.48884059999999,0.107667,0.3040176785,4544873.789,3.724,1.0,1.0,1
7.2,1.0,1.0,1.0,45.245170019999996,7.54086167,1.6576355,3.314603667,0.0,3.724,1.0,1.0,1
1454.125,1.0,1.0,1.0,2679.6480726,446.6080121,0.02558971429,0.06711779509,7025604.278,3.724,1.0,1.0,1
7.2,1.0,1.0,1.0,45.270069899999996,7.545011649999999,1.65672375,3.312133534,0.0,3.724,1.0,1.0,1
1292.555556,1.0,1.0,1.0,3232.9328087999997,538.8221348,0.020878875,0.05861989879,3625073.789,3.724,1.0,1.0,1
7.5,1.0,1.0,1.0,36.25626834,6.042711389999999,2.206515,3.821228841,0.0,3.724,1.0,1.0,1
1454.125,1.0,1.0,1.0,3439.0112843999996,573.1685474,0.01993928571,0.05223193617,7025604.278,3.724,1.0,1.0,1
7.5,1.0,1.0,1.0,36.28269846,6.047116409999999,2.204907667,3.818384236,0.0,3.724,1.0,1.0,1
1292.555556,1.0,1.0,1.0,3954.8270862000004,659.1378477000001,0.01706775,0.047921080139999996,4572451.567,3.724,1.0,1.0,1
7.5,1.0,1.0,1.0,36.33503076,6.05583846,2.201732,3.812951373,0.0,3.724,1.0,1.0,1
1292.555556,1.0,1.0,1.0,4218.1568214,703.0261369,0.01600225,0.044894877070000005,4544873.789,3.724,1.0,1.0,1
7.5,1.0,1.0,1.0,36.38484984,6.064141640000001,2.1987173330000003,3.807678719,0.0,3.724,1.0,1.0,1
1661.857143,1.0,1.0,1.0,3574.3768241999996,595.7294707,0.01958383333,0.04748846217,10000000.0,3.724,1.0,1.0,1
7.5,1.0,1.0,1.0,36.39704442,6.06617407,2.197980667,3.8063404210000003,0.0,3.724,1.0,1.0,1
1292.555556,1.0,1.0,1.0,4593.7507974,765.6251328999999,0.014693875,0.04107960603,4544873.789,3.724,1.0,1.0,1
7.2,1.0,1.0,1.0,45.489241320000005,7.581540220000001,1.6487415,3.296271025,0.0,3.724,1.0,1.0,1
1292.555556,1.0,1.0,1.0,5000.0,930.3479500999999,0.01209225,0.033741045590000004,3625073.789,3.724,1.0,1.0,1
7.2,1.0,1.0,1.0,45.59659956,7.5994332600000005,1.6448595,3.2889496690000004,0.0,3.724,1.0,1.0,1
1453.375,1.0,1.0,1.0,3179.5238664,529.9206444,0.02156657143,0.05664666022,4957988.111,3.724,1.0,1.0,1
7.5,1.0,1.0,1.0,36.84581406,6.14096901,2.17121,3.76005021,0.0,3.724,1.0,1.0,1
1292.555556,1.0,1.0,1.0,985.1749416,164.19582359999998,0.06851575,0.1933086735,4572451.567,3.724,1.0,1.0,1
7.5,1.0,1.0,1.0,39.23756184,6.53959364,2.038862667,3.530039393,0.0,3.724,1.0,1.0,1
1292.555556,1.0,1.0,1.0,985.1228208,164.1871368,0.068519375,0.1933310623,4572451.567,3.724,1.0,1.0,1
7.2,1.0,1.0,1.0,49.05190836,8.17531806,1.5289925,3.057327,0.0,3.724,1.0,1.0,1
7.5,1.0,1.0,1.0,39.25044732,6.5417412200000005,2.038193333,3.5296646480000002,0.0,3.724,1.0,1.0,1
1292.555556,1.0,1.0,1.0,642.9222006,107.1537001,0.104989375,0.2961988103,3625073.789,3.724,1.0,1.0,1
7.2,1.0,1.0,1.0,51.938635559999994,8.656439259999999,1.44401175,2.887334836,0.0,3.724,1.0,1.0,1
1163.3,1.0,1.0,1.0,705.3205859999999,117.55343099999999,0.09451966667,0.28267343,2557770.673,3.724,1.0,1.0,1
7.2,1.0,1.0,1.0,52.20937002,8.70156167,1.43652375,2.871659512,0.0,3.724,1.0,1.0,1
1292.555556,1.0,1.0,1.0,586.6619154,97.7769859,0.11505775,0.324488335,4572451.567,3.724,1.0,1.0,1
7.2,1.0,1.0,1.0,52.85254896,8.80875816,1.41904225,2.837299835,0.0,3.724,1.0,1.0,1
1661.857143,1.0,1.0,1.0,493.8608394,82.3101399,0.1417403333,0.3462705776,10000000.0,3.724,1.0,1.0,1
7.5,1.0,1.0,1.0,41.7778785,6.962979750000001,1.914889,3.316053708,0.0,3.724,1.0,1.0,1
1453.375,1.0,1.0,1.0,524.37582888,87.39597148,0.1307677143,0.3454168534,3892188.111,3.724,1.0,1.0,1
7.5,1.0,1.0,1.0,42.344367659999996,7.057394609999999,1.8892713330000002,3.271673946,0.0,3.724,1.0,1.0,1
1292.555556,1.0,1.0,1.0,587.4737540399999,97.91229234,0.11489875,0.32439013569999997,4572451.567,3.724,1.0,1.0,1
7.2,1.0,1.0,1.0,52.96612974,8.82768829,1.41599925,2.831249835,0.0,3.724,1.0,1.0,1
1292.555556,1.0,1.0,1.0,591.14400594,98.52400099,0.114185375,0.3224971912,4572451.567,3.724,1.0,1.0,1
7.2,1.0,1.0,1.0,53.13583806,8.85597301,1.41147675,2.822265541,0.0,3.724,1.0,1.0,1
1661.857143,1.0,1.0,1.0,459.75199662,76.62533277,0.152256,0.3725140881,10000000.0,3.724,1.0,1.0,1
7.2,1.0,1.0,1.0,53.155100759999996,8.85918346,1.41096525,2.821241875,0.0,3.724,1.0,1.0,1
1292.555556,1.0,1.0,1.0,591.2877042,98.5479507,0.114157625,0.3225362574,4572451.567,3.724,1.0,1.0,1
7.5,1.0,1.0,1.0,42.52145874,7.08690979,1.881403,3.2586821209999997,0.0,3.724,1.0,1.0,1
1661.0,1.0,1.0,1.0,502.59915563999994,83.76652594,0.139276,0.34063499080000004,10000000.0,3.724,1.0,1.0,1
7.5,1.0,1.0,1.0,42.53913246,7.08985541,1.8806213330000001,3.2573282349999997,0.0,3.724,1.0,1.0,1
1661.857143,1.0,1.0,1.0,502.57750464,83.76291744,0.139282,0.34071136280000003,10000000.0,3.724,1.0,1.0,1
7.2,1.0,1.0,1.0,53.182767,8.8637945,1.41023125,2.819789873,0.0,3.724,1.0,1.0,1
1454.125,1.0,1.0,1.0,1077.9467808,179.6577968,0.063613,0.1679065499,6523729.278,3.724,1.0,1.0,1
1454.125,1.0,1.0,1.0,1076.134257,179.3557095,0.06372014286,0.1681649007,10000000.0,3.724,1.0,1.0,1
1454.125,1.0,1.0,1.0,1075.9388688,179.3231448,0.06373171429,0.1681897383,7025604.278,3.724,1.0,1.0,1
1454.125,1.0,1.0,1.0,4662.3669282,777.0611547,0.01470742857,0.03838037274,7025604.278,3.724,1.0,1.0,1
1292.555556,1.0,1.0,1.0,5000.0,942.5366803999999,0.011935875,0.03337259821,4572451.567,3.724,1.0,1.0,1
7.5,1.0,1.0,1.0,42.69774306,7.11629051,1.8736353330000002,3.245228128,0.0,3.724,1.0,1.0,1
1454.125,1.0,1.0,1.0,5000.0,835.9194592,0.01367185714,0.035698718569999996,10000000.0,3.724,1.0,1.0,1
7.5,1.0,1.0,1.0,42.7057206,7.1176201,1.873285333,3.24462191,0.0,3.724,1.0,1.0,1
1292.555556,1.0,1.0,1.0,5000.0,1000.0,0.00416625,0.01132195348,3625073.789,3.724,1.0,1.0,1
7.5,1.0,1.0,1.0,42.66683352,7.11113892,1.874992667,3.24758083,0.0,3.724,1.0,1.0,1
1453.375,1.0,1.0,1.0,5000.0,1000.0,0.010377,0.020939951669999998,4456113.111,3.724,1.0,1.0,1
7.2,1.0,1.0,1.0,53.79825546,8.96637591,1.39409725,2.787291168,0.0,3.724,1.0,1.0,1
1291.888889,1.0,1.0,1.0,5000.0,1000.0,0.0092985,0.02031217284,2706820.456,3.724,1.0,1.0,1
7.5,1.0,1.0,1.0,43.0525167,7.17541945,1.858195667,3.217895213,0.0,3.724,1.0,1.0,1
1292.555556,1.0,1.0,1.0,664.0449192,110.6741532,0.10164975,0.28649665620000003,4572451.567,3.724,1.0,1.0,1
7.5,1.0,1.0,1.0,49.88117886,8.31352981,1.6038113330000001,2.7771595860000002,0.0,3.724,1.0,1.0,1
1454.125,1.0,1.0,1.0,5000.0,1000.0,0.008886,0.022526657670000002,8593279.278,3.724,1.0,1.0,1
7.2,1.0,1.0,1.0,53.94060384,8.990100640000001,1.39041825,2.7796311919999996,0.0,3.724,1.0,1.0,1
1454.125,1.0,1.0,1.0,5000.0,1000.0,0.008893428571,0.022534458719999997,10000000.0,3.724,1.0,1.0,1
7.5,1.0,1.0,1.0,43.0854264,7.1809044,1.856776333,3.2153745010000003,0.0,3.724,1.0,1.0,1
1292.555556,1.0,1.0,1.0,658.1505239999999,109.69175399999999,0.102560125,0.2891777592,3625073.789,3.724,1.0,1.0,1
7.5,1.0,1.0,1.0,49.868026320000006,8.311337720000001,1.6042343330000002,2.777991836,0.0,3.724,1.0,1.0,1
1454.125,1.0,1.0,1.0,5000.0,1000.0,0.008809571429,0.02278486103,7025604.278,3.724,1.0,1.0,1
7.5,1.0,1.0,1.0,43.07712078,7.17952013,1.857134333,3.216072517,0.0,3.724,1.0,1.0,1
1291.888889,1.0,1.0,1.0,622.5996762,103.7666127,0.108416375,0.3048508296,3654198.233,3.724,1.0,1.0,1
7.5,1.0,1.0,1.0,50.58010109999999,8.43001685,1.581649667,2.7388636519999996,0.0,3.724,1.0,1.0,1
1661.0,1.0,1.0,1.0,480.84959256,80.14159876000001,0.1455756667,0.3544196767,7189672.268,3.724,1.0,1.0,1
7.5,1.0,1.0,1.0,50.645765159999996,8.44096086,1.579599,2.735163703,0.0,3.724,1.0,1.0,1
1453.375,1.0,1.0,1.0,545.84470038,90.97411672999999,0.1256244286,0.3303755227,4394063.111,3.724,1.0,1.0,1
7.2,1.0,1.0,1.0,63.403660679999994,10.567276779999998,1.182897,2.364332693,0.0,3.724,1.0,1.0,1
1291.888889,1.0,1.0,1.0,625.4147717999999,104.23579529999999,0.107928375,0.3034909645,2706820.456,3.724,1.0,1.0,1
7.5,1.0,1.0,1.0,50.54945148,8.42490858,1.582608667,2.740563663,0.0,3.724,1.0,1.0,1
1162.7,1.0,1.0,1.0,682.1445258,113.69075430000001,0.097731,0.291406197,1706395.8,3.724,1.0,1.0,1
7.2,1.0,1.0,1.0,63.40920882,10.56820147,1.1827935,2.3636344559999998,0.0,3.724,1.0,1.0,1
1661.0,1.0,1.0,1.0,468.67624626,78.11270771,0.1493568333,0.3653175405,7189672.268,3.724,1.0,1.0,1
7.2,1.0,1.0,1.0,63.842148179999995,10.640358029999998,1.1747725,2.3482977050000002,0.0,3.724,1.0,1.0,1
1292.555556,1.0,1.0,1.0,602.7337325999999,100.4556221,0.11198975,0.3164272377,4572451.567,3.724,1.0,1.0,1
7.5,1.0,1.0,1.0,51.084687540000004,8.51411459,1.566027,2.711671033,0.0,3.724,1.0,1.0,1
1454.125,1.0,1.0,1.0,515.2580799,85.87634664999999,0.1330817143,0.3516143876,7025604.278,3.724,1.0,1.0,1
7.5,1.0,1.0,1.0,51.964091100000005,8.66068185,1.5395246669999998,2.6659443130000002,0.0,3.724,1.0,1.0,1
1454.125,1.0,1.0,1.0,514.36250124,85.72708354,0.1333134286,0.35221947859999997,6523729.278,3.724,1.0,1.0,1
7.2,1.0,1.0,1.0,64.98602694,10.83100449,1.15409425,2.307505835,0.0,3.724,1.0,1.0,1
1292.555556,1.0,1.0,1.0,581.18385,96.863975,0.11614225,0.32817063020000004,3625073.789,3.724,1.0,1.0,1
7.5,1.0,1.0,1.0,51.960175979999995,8.66002933,1.5396406669999998,2.666151295,0.0,3.724,1.0,1.0,1
1292.555556,1.0,1.0,1.0,579.6578730599999,96.60964551,0.116448,0.3289954154,3625073.789,3.724,1.0,1.0,1
7.5,1.0,1.0,1.0,51.99715662,8.66619277,1.538545667,2.66427375,0.0,3.724,1.0,1.0,1
1454.125,1.0,1.0,1.0,513.25261008,85.54210167999999,0.13360171429999998,0.3530245281,6523729.278,3.724,1.0,1.0,1
7.5,1.0,1.0,1.0,52.03179834,8.67196639,1.5375213330000002,2.662310764,0.0,3.724,1.0,1.0,1
1292.555556,1.0,1.0,1.0,617.5197204,102.9199534,0.10930825,0.30873177409999997,3625073.789,3.724,1.0,1.0,1
7.5,1.0,1.0,1.0,52.00728624,8.66788104,1.538246,2.6637148760000002,0.0,3.724,1.0,1.0,1
1292.555556,1.0,1.0,1.0,2788.7088276,464.78480460000003,0.02420475,0.06793996729,4572451.567,3.724,1.0,1.0,1
7.2,1.0,1.0,1.0,65.05536101999999,10.842560169999999,1.15286425,2.304359877,0.0,3.724,1.0,1.0,1
1454.125,1.0,1.0,1.0,2694.6763302,449.11272169999995,0.025447,0.06686170188,6523729.278,3.724,1.0,1.0,1
7.2,1.0,1.0,1.0,65.1551115,10.859185250000001,1.15109925,2.30147517,0.0,3.724,1.0,1.0,1
1292.555556,1.0,1.0,1.0,3675.9950712,612.6658452,0.018362375,0.05153169281,4572451.567,3.724,1.0,1.0,1
7.5,1.0,1.0,1.0,52.210562579999994,8.70176043,1.532257,2.653311312,0.0,3.724,1.0,1.0,1
1453.375,1.0,1.0,1.0,3503.4450546000003,583.9075091,0.01957257143,0.05135162794,4957988.111,3.724,1.0,1.0,1
7.5,1.0,1.0,1.0,52.33618938,8.72269823,1.528579,2.646896662,0.0,3.724,1.0,1.0,1
1454.125,1.0,1.0,1.0,3443.130954,573.855159,0.01991542857,0.052221062389999996,7025604.278,3.724,1.0,1.0,1
7.5,1.0,1.0,1.0,52.3604757,8.72674595,1.52787,2.6456019580000003,0.0,3.724,1.0,1.0,1
1292.555556,1.0,1.0,1.0,4178.2729806,696.3788301,0.016155,0.04526869008,4572451.567,3.724,1.0,1.0,1
7.2,1.0,1.0,1.0,65.54627688,10.924379479999999,1.14422975,2.2878835019999997,0.0,3.724,1.0,1.0,1
1661.857143,1.0,1.0,1.0,3245.3232576,540.8872096,0.0215695,0.052334956870000005,10000000.0,3.724,1.0,1.0,1
7.5,1.0,1.0,1.0,52.4470023,8.741167050000001,1.525349333,2.6413936469999997,0.0,3.724,1.0,1.0,1
1292.555556,1.0,1.0,1.0,610.167423,101.6945705,0.110625375,0.31186497009999997,3625073.789,3.724,1.0,1.0,1
7.5,1.0,1.0,1.0,63.253890840000004,10.54231514,1.264744333,2.189106753,0.0,3.724,1.0,1.0,1
1292.555556,1.0,1.0,1.0,610.1984502,101.6997417,0.11061975,0.3118987541,3625073.789,3.724,1.0,1.0,1
7.2,1.0,1.0,1.0,79.0776801,13.179613349999999,0.9484345,1.8961136680000001,0.0,3.724,1.0,1.0,1
1292.555556,1.0,1.0,1.0,585.29733102,97.54955517,0.115326,0.3253946761,4572451.567,3.724,1.0,1.0,1
7.2,1.0,1.0,1.0,81.53917698,13.58986283,0.91980325,1.838375195,0.0,3.724,1.0,1.0,1
1454.125,1.0,1.0,1.0,520.2851596200001,86.71419327000001,0.1317958571,0.3479034434,6523729.278,3.724,1.0,1.0,1
7.2,1.0,1.0,1.0,81.5516562,13.591942699999999,0.9196625,1.838501001,0.0,3.724,1.0,1.0,1
1454.125,1.0,1.0,1.0,517.35064734,86.22510789,0.1325434286,0.3498901074,6523729.278,3.724,1.0,1.0,1
7.5,1.0,1.0,1.0,65.34209172000001,10.890348620000001,1.224325667,2.119909234,0.0,3.724,1.0,1.0,1
1454.125,1.0,1.0,1.0,518.17275018,86.36212502999999,0.1323331429,0.3493156504,6523729.278,3.724,1.0,1.0,1
7.5,1.0,1.0,1.0,65.29777145999999,10.882961909999999,1.2251566669999998,2.121343373,0.0,3.724,1.0,1.0,1
1454.125,1.0,1.0,1.0,517.4153378999999,86.23588964999999,0.1325268571,0.3498391801,6523729.278,3.724,1.0,1.0,1
7.2,1.0,1.0,1.0,81.67743671999999,13.612906119999998,0.91824625,1.835341199,0.0,3.724,1.0,1.0,1
1454.125,1.0,1.0,1.0,515.20996416,85.86832736,0.13309414290000002,0.3513502078,7025604.278,3.724,1.0,1.0,1
7.2,1.0,1.0,1.0,81.76614882,13.62769147,0.91725,1.833318679,0.0,3.724,1.0,1.0,1
1292.555556,1.0,1.0,1.0,582.4350531,97.07250885,0.11589275,0.32743586599999996,3625073.789,3.724,1.0,1.0,1
7.5,1.0,1.0,1.0,65.58509556,10.930849259999999,1.219789333,2.112067665,0.0,3.724,1.0,1.0,1
1292.555556,1.0,1.0,1.0,581.52996228,96.92166037999999,0.116073125,0.32787534409999997,3625073.789,3.724,1.0,1.0,1
7.2,1.0,1.0,1.0,82.0137324,13.6689554,0.914481,1.8276180770000001,0.0,3.724,1.0,1.0,1
1661.857143,1.0,1.0,1.0,458.74666043999997,76.45777674,0.15258966670000002,0.37332550919999996,10000000.0,3.724,1.0,1.0,1
7.5,1.0,1.0,1.0,65.77230942,10.96205157,1.2163173330000001,2.10586438,0.0,3.724,1.0,1.0,1
7.5,1.0,1.0,1.0,65.79028523999999,10.965047539999999,1.215985,2.105284432,0.0,3.724,1.0,1.0,1
1454.125,1.0,1.0,1.0,524.1817032,87.3636172,0.13081614290000002,0.3456788825,7025604.278,3.724,1.0,1.0,1
7.5,1.0,1.0,1.0,65.80879422000001,10.968132370000001,1.215643,2.104689473,0.0,3.724,1.0,1.0,1
1661.857143,1.0,1.0,1.0,458.68503738000004,76.44750623,0.1526101667,0.37342371220000004,10000000.0,3.724,1.0,1.0,1
7.5,1.0,1.0,1.0,65.82698856,10.97116476,1.215307,2.104116163,0.0,3.724,1.0,1.0,1
1454.125,1.0,1.0,1.0,532.5085368,88.7514228,0.1287705714,0.3402514037,10000000.0,3.724,1.0,1.0,1
7.2,1.0,1.0,1.0,82.46445575999999,13.74407596,0.90948275,1.818317557,0.0,3.724,1.0,1.0,1
1661.857143,1.0,1.0,1.0,500.95539348,83.49256558,0.139733,0.3417642808,10000000.0,3.724,1.0,1.0,1
7.5,1.0,1.0,1.0,66.07636608,11.012727680000001,1.210720333,2.096152774,0.0,3.724,1.0,1.0,1
1454.125,1.0,1.0,1.0,3977.2633116,662.8772186000001,0.01724085714,0.04480353579,10000000.0,3.724,1.0,1.0,1
1292.555556,1.0,1.0,1.0,3754.484523,625.7474205,0.0179785,0.05011678214,4544873.789,3.724,1.0,1.0,1
7.2,1.0,1.0,1.0,82.7357742,13.7892957,0.90650025,1.8129965,0.0,3.724,1.0,1.0,1
1454.125,1.0,1.0,1.0,5000.0,1000.0,0.005169,0.01286675123,10000000.0,3.724,1.0,1.0,1
7.0,1.0,1.0,1.0,99.53027238,16.58837873,0.723398,1.614773483,0.0,3.724,1.0,1.0,1
1454.125,1.0,1.0,1.0,5000.0,1000.0,0.005162,0.01294768564,7087654.278,3.724,1.0,1.0,1
1291.888889,1.0,1.0,1.0,5000.0,1000.0,0.009108375,0.0193739912,3654198.233,3.724,1.0,1.0,1
7.5,1.0,1.0,1.0,67.14355374,11.190592290000001,1.191477,2.062978169,0.0,3.724,1.0,1.0,1
1291.888889,1.0,1.0,1.0,5000.0,1000.0,0.004631,0.008367988134999999,2706820.456,3.724,1.0,1.0,1
7.5,1.0,1.0,1.0,66.57320526,11.09553421,1.2016846669999999,2.080990922,0.0,3.724,1.0,1.0,1
1453.375,1.0,1.0,1.0,5000.0,1000.0,0.010643,0.02110133538,6054813.111,3.724,1.0,1.0,1
7.2,1.0,1.0,1.0,83.96846142,13.994743569999999,0.8931925,1.785383006,0.0,3.724,1.0,1.0,1
1661.0,1.0,1.0,1.0,5000.0,941.8729817000001,0.012386666670000001,0.02252549825,9554872.268,3.724,1.0,1.0,1
7.5,1.0,1.0,1.0,67.1702946,11.1950491,1.1910026669999998,2.061409232,0.0,3.724,1.0,1.0,1
1292.555556,1.0,1.0,1.0,5000.0,1000.0,0.00758175,0.02056106316,4572451.567,3.724,1.0,1.0,1
7.5,1.0,1.0,1.0,67.25119158000001,11.208531930000001,1.18957,2.059715855,0.0,3.724,1.0,1.0,1
1454.125,1.0,1.0,1.0,5000.0,1000.0,0.008903857143,0.02261616062,7025604.278,3.724,1.0,1.0,1
7.5,1.0,1.0,1.0,67.30012914,11.21668819,1.188705,2.057958709,0.0,3.724,1.0,1.0,1
1292.555556,1.0,1.0,1.0,5000.0,1000.0,0.008078375,0.02192594645,3625073.789,3.724,1.0,1.0,1
7.5,1.0,1.0,1.0,67.34828748,11.224714579999999,1.187855,2.056621543,0.0,3.724,1.0,1.0,1
1454.125,1.0,1.0,1.0,5000.0,1000.0,0.008901857143,0.022589039949999997,7025604.278,3.724,1.0,1.0,1
7.2,1.0,1.0,1.0,84.1077555,14.01795925,0.89171325,1.782271845,0.0,3.724,1.0,1.0,1
1292.555556,1.0,1.0,1.0,5000.0,1000.0,0.00806525,0.0218944201,4572451.567,3.724,1.0,1.0,1
7.2,1.0,1.0,1.0,84.16285176,14.02714196,0.8911295,1.781022385,0.0,3.724,1.0,1.0,1
1292.555556,1.0,1.0,1.0,662.9606345999999,110.49343909999999,0.101816,0.2869916886,4572451.567,3.724,1.0,1.0,1
7.5,1.0,1.0,1.0,85.27087716,14.211812859999998,0.9381866667,1.624295027,0.0,3.724,1.0,1.0,1
1291.888889,1.0,1.0,1.0,612.4330716,102.0721786,0.110216125,0.3090373141,3654198.233,3.724,1.0,1.0,1
7.2,1.0,1.0,1.0,109.83314148000001,18.30552358,0.682854,1.3646980290000001,0.0,3.724,1.0,1.0,1
1661.857143,1.0,1.0,1.0,475.66950479999997,79.2782508,0.147161,0.35731750939999996,10000000.0,3.724,1.0,1.0,1
7.5,1.0,1.0,1.0,87.98011944000001,14.663353240000001,0.9092963333,1.574133453,0.0,3.724,1.0,1.0,1
1291.888889,1.0,1.0,1.0,612.2136624,102.0356104,0.110255625,0.3091635181,2706820.456,3.724,1.0,1.0,1
7.5,1.0,1.0,1.0,87.94639667999999,14.65773278,0.909645,1.574602288,0.0,3.724,1.0,1.0,1
1291.888889,1.0,1.0,1.0,610.9945068,101.8324178,0.110475625,0.30963462880000003,3654198.233,3.724,1.0,1.0,1
7.2,1.0,1.0,1.0,110.09473284,18.34912214,0.6812315,1.3598089580000001,0.0,3.724,1.0,1.0,1
1454.125,1.0,1.0,1.0,552.0909294,92.0151549,0.12420314290000001,0.3281675442,6523729.278,3.724,1.0,1.0,1
7.5,1.0,1.0,1.0,88.13860086,14.68976681,0.9076613333000001,1.572112081,0.0,3.724,1.0,1.0,1
1661.857143,1.0,1.0,1.0,483.06233922,80.51038987,0.1449088333,0.3544932819,10000000.0,3.724,1.0,1.0,1
7.5,1.0,1.0,1.0,88.17098118,14.695163529999999,0.907328,1.5715347309999999,0.0,3.724,1.0,1.0,1
1454.125,1.0,1.0,1.0,560.8452873,93.47421455,0.1222644286,0.3229799799,10000000.0,3.724,1.0,1.0,1
1454.125,1.0,1.0,1.0,581.98960422,96.99826737000001,0.1178224286,0.31117066600000004,7025604.278,3.724,1.0,1.0,1
1454.125,1.0,1.0,1.0,581.68844766,96.94807460999999,0.11788342859999999,0.3113642453,10000000.0,3.724,1.0,1.0,1
1292.555556,1.0,1.0,1.0,654.7986432,109.1331072,0.103085125,0.2911033723,3625073.789,3.724,1.0,1.0,1
1454.125,1.0,1.0,1.0,581.59048032,96.93174671999999,0.1179032857,0.3114211897,7025604.278,3.724,1.0,1.0,1
1454.125,1.0,1.0,1.0,581.4819795000001,96.91366325000001,0.1179252857,0.31146529100000003,10000000.0,3.724,1.0,1.0,1
1661.857143,1.0,1.0,1.0,508.82816874,84.80469479,0.137571,0.3364820621,10000000.0,3.724,1.0,1.0,1
1454.125,1.0,1.0,1.0,581.66941548,96.94490258,0.1178872857,0.3114665767,8717379.278,3.724,1.0,1.0,1
1661.857143,1.0,1.0,1.0,508.77084599999995,84.795141,0.1375865,0.33655534730000003,10000000.0,3.724,1.0,1.0,1
1454.125,1.0,1.0,1.0,629.0107625999999,104.8351271,0.10901471430000001,0.28789465870000003,8717379.278,3.724,1.0,1.0,1
1292.555556,1.0,1.0,1.0,5000.0,1000.0,0.009504625,0.026404156739999997,4627607.122,3.724,1.0,1.0,1
1937.833333,1.0,1.0,1.0,5000.0,1000.0,0.0056668000000000005,0.01190313371,10000000.0,3.724,1.0,1.0,1
7.5,1.0,1.0,1.0,89.75468922,14.95911487,0.8913183333000001,1.542947023,0.0,3.724,1.0,1.0,1
1661.0,1.0,1.0,1.0,5000.0,1000.0,0.004699333333,0.01044715228,9696700.839,3.724,1.0,1.0,1
7.2,1.0,1.0,1.0,112.27679376,18.71279896,0.667992,1.3318812039999999,0.0,3.724,1.0,1.0,1
1453.375,1.0,1.0,1.0,5000.0,1000.0,0.004034,0.009692870799,6054813.111,3.724,1.0,1.0,1
7.2,1.0,1.0,1.0,112.39798476,18.73299746,0.66727175,1.3318781659999999,0.0,3.724,1.0,1.0,1
1453.375,1.0,1.0,1.0,5000.0,1000.0,0.004026857143,0.009677962,6054813.111,3.724,1.0,1.0,1
7.5,1.0,1.0,1.0,89.95269612,14.99211602,0.8893563333000001,1.5378123570000002,0.0,3.724,1.0,1.0,1
1453.375,1.0,1.0,1.0,5000.0,1000.0,0.003923571429,0.009715080903,3923213.111,3.724,1.0,1.0,1
7.2,1.0,1.0,1.0,112.22924694000001,18.70487449,0.668275,1.335212083,0.0,3.724,1.0,1.0,1
1661.0,1.0,1.0,1.0,5000.0,1000.0,0.004705333333,0.01039466409,9696700.839,3.724,1.0,1.0,1
7.2,1.0,1.0,1.0,112.43910018,18.73985003,0.66702775,1.331390756,0.0,3.724,1.0,1.0,1
1291.888889,1.0,1.0,1.0,5000.0,1000.0,0.008512125,0.019422797449999998,2679242.678,3.724,1.0,1.0,1
7.2,1.0,1.0,1.0,114.52388034,19.08731339,0.65488525,1.308793187,0.0,3.724,1.0,1.0,1
1291.888889,1.0,1.0,1.0,5000.0,1000.0,0.008527875,0.0194835653,3681776.011,3.724,1.0,1.0,1
7.2,1.0,1.0,1.0,114.50766288,19.08461048,0.654978,1.308790008,0.0,3.724,1.0,1.0,1
1661.0,1.0,1.0,1.0,5000.0,974.9710991000001,0.01196616667,0.02366703361,7189672.268,3.724,1.0,1.0,1
7.5,1.0,1.0,1.0,91.44835914000001,15.24139319,0.8748106667,1.514625895,0.0,3.724,1.0,1.0,1
1452.625,1.0,1.0,1.0,5000.0,934.0229535999999,0.01223585714,0.02675984921,2859345.944,3.724,1.0,1.0,1
7.2,1.0,1.0,1.0,114.91791606,19.15298601,0.65263975,1.303946882,0.0,3.724,1.0,1.0,1
1162.7,1.0,1.0,1.0,5000.0,1000.0,0.009951777778,0.02502230242,3010175.8,3.724,1.0,1.0,1
7.2,1.0,1.0,1.0,115.07634354000001,19.17939059,0.65174125,1.3024058799999998,0.0,3.724,1.0,1.0,1
1661.0,1.0,1.0,1.0,4906.1981634,817.6996939,0.01426766667,0.02884300176,9696700.839,3.724,1.0,1.0,1
7.5,1.0,1.0,1.0,91.97333388,15.328888979999999,0.8698173333000001,1.506043006,0.0,3.724,1.0,1.0,1
1291.888889,1.0,1.0,1.0,609.5867682,101.59779470000001,0.11073075,0.306939142,3654198.233,3.724,1.0,1.0,1
7.5,1.0,1.0,1.0,134.20146774,22.36691129,0.5961186666999999,1.031973484,0.0,3.724,1.0,1.0,1
1291.888889,1.0,1.0,1.0,609.2243334,101.5373889,0.110796625,0.3071022864,2706820.456,3.724,1.0,1.0,1
7.5,1.0,1.0,1.0,134.34713172000002,22.39118862,0.5954723333,1.030627113,0.0,3.724,1.0,1.0,1
1291.888889,1.0,1.0,1.0,600.1073526,100.0178921,0.112479875,0.31181350890000004,3654198.233,3.724,1.0,1.0,1
7.5,1.0,1.0,1.0,135.38433072,22.564055120000003,0.5909103333000001,1.022808623,0.0,3.724,1.0,1.0,1
1453.375,1.0,1.0,1.0,515.0634601200001,85.84391002000001,0.133132,0.34530348330000005,5961738.111,3.724,1.0,1.0,1
7.2,1.0,1.0,1.0,172.38318024,28.730530039999998,0.43507725,0.8689865332,0.0,3.724,1.0,1.0,1
1453.375,1.0,1.0,1.0,845.7747383999999,140.9624564,0.08107528571,0.20778083619999999,3923213.111,3.724,1.0,1.0,1
7.5,1.0,1.0,1.0,114.03808872,19.006348120000002,0.70152,1.214458604,0.0,3.724,1.0,1.0,1
1454.125,1.0,1.0,1.0,479.61534852,79.93589142,0.1429717143,0.37776943420000003,7025604.278,3.724,1.0,1.0,1
7.2,1.0,1.0,1.0,180.86714946,30.14452491,0.414669,0.8281354274,0.0,3.724,1.0,1.0,1
1292.555556,1.0,1.0,1.0,539.61525432,89.93587571999998,0.125089125,0.3534067665,3625073.789,3.724,1.0,1.0,1
7.5,1.0,1.0,1.0,144.78703338,24.13117223,0.5525356667,0.9564248987,0.0,3.724,1.0,1.0,1
1454.125,1.0,1.0,1.0,482.21287488,80.36881248,0.14220157139999998,0.3757428107,7087654.278,3.724,1.0,1.0,1
7.2,1.0,1.0,1.0,182.36705136,30.394508560000002,0.4112585,0.8218478013,0.0,3.724,1.0,1.0,1
1661.857143,1.0,1.0,1.0,421.9400805,70.32334675,0.1659003333,0.4059220086,10000000.0,3.724,1.0,1.0,1
7.5,1.0,1.0,1.0,146.07043152,24.34507192,0.547681,0.9486087203000001,0.0,3.724,1.0,1.0,1
1454.125,1.0,1.0,1.0,481.47524016,80.24587335999999,0.1424194286,0.3763341836,10000000.0,3.724,1.0,1.0,1
7.2,1.0,1.0,1.0,182.58937296,30.43156216,0.41075775,0.8201823017,0.0,3.724,1.0,1.0,1
1292.555556,1.0,1.0,1.0,541.6743153,90.27905255,0.124613625,0.3520763555,4572451.567,3.724,1.0,1.0,1
7.5,1.0,1.0,1.0,146.1612573,24.36020955,0.5473406666999999,0.9471594128,0.0,3.724,1.0,1.0,1
1454.125,1.0,1.0,1.0,504.9187501800001,84.15312503000001,0.13580685709999998,0.3588358892,10000000.0,3.724,1.0,1.0,1
7.5,1.0,1.0,1.0,146.52005706,24.42000951,0.5460003333000001,0.9449988402,0.0,3.724,1.0,1.0,1
1292.555556,1.0,1.0,1.0,568.04972748,94.67495458,0.118827625,0.3356452233,4572451.567,3.724,1.0,1.0,1
7.2,1.0,1.0,1.0,183.03921984,30.50653664,0.40974825,0.8183265758,0.0,3.724,1.0,1.0,1
1292.555556,1.0,1.0,1.0,554.150226,92.35837099999999,0.121808125,0.3440818177,5547407.122,3.724,1.0,1.0,1
7.2,1.0,1.0,1.0,184.95707148,30.826178579999997,0.4054995,0.8103311356,0.0,3.724,1.0,1.0,1
1163.3,1.0,1.0,1.0,616.8917292,102.8152882,0.1080686667,0.3237230893,2959270.673,3.724,1.0,1.0,1
7.2,1.0,1.0,1.0,185.99598989999998,30.99933165,0.4032345,0.8051418142,0.0,3.724,1.0,1.0,1
1661.857143,1.0,1.0,1.0,431.83619838,71.97269973,0.1620985,0.396536973,10000000.0,3.724,1.0,1.0,1
7.2,1.0,1.0,1.0,186.22494107999998,31.03749018,0.40273875,0.8047508404,0.0,3.724,1.0,1.0,1
1292.555556,1.0,1.0,1.0,555.23338308,92.53889717999999,0.1215705,0.34333495470000003,4544873.789,3.724,1.0,1.0,1
7.2,1.0,1.0,1.0,186.18553014,31.03092169,0.402824,0.8047520155,0.0,3.724,1.0,1.0,1
1292.555556,1.0,1.0,1.0,599.71080612,99.95180102,0.11255425,0.31789463770000004,3625073.789,3.724,1.0,1.0,1
7.5,1.0,1.0,1.0,151.8039048,25.3006508,0.5269956667,0.912781538,0.0,3.724,1.0,1.0,1
1661.857143,1.0,1.0,1.0,848.8569738,141.4761623,0.08246383333,0.2014527504,10000000.0,3.724,1.0,1.0,1
7.5,1.0,1.0,1.0,151.42347528,25.23724588,0.5283196667,0.9142166753,0.0,3.724,1.0,1.0,1
7.5,1.0,1.0,1.0,151.99435595999998,25.332392659999996,0.5263353333,0.9107736488,0.0,3.724,1.0,1.0,1
1661.857143,1.0,1.0,1.0,2300.348886,383.391481,0.030430166669999998,0.07402589478,10000000.0,3.724,1.0,1.0,1
7.5,1.0,1.0,1.0,152.0911584,25.3485264,0.5260003333000001,0.9101864864000001,0.0,3.724,1.0,1.0,1
1661.857143,1.0,1.0,1.0,2511.1356912,418.5226152,0.027875833330000002,0.0678460307,10000000.0,3.724,1.0,1.0,1
7.5,1.0,1.0,1.0,152.59342056000003,25.432236760000002,0.524269,0.9071937892999999,0.0,3.724,1.0,1.0,1
1454.125,1.0,1.0,1.0,3520.0680546,586.6780090999999,0.01948014286,0.05088521252,10000000.0,3.724,1.0,1.0,1
1661.0,1.0,1.0,1.0,5000.0,1000.0,0.0098475,0.0203368332,9696700.839,3.724,1.0,1.0,1
7.2,1.0,1.0,1.0,191.81708322,31.96951387,0.3909975,0.7813298075,0.0,3.724,1.0,1.0,1
1661.0,1.0,1.0,1.0,5000.0,1000.0,0.009847166667,0.02034330985,7189672.268,3.724,1.0,1.0,1
7.5,1.0,1.0,1.0,153.44797602,25.574662670000002,0.5213493333,0.9030000697,0.0,3.724,1.0,1.0,1
1454.125,1.0,1.0,1.0,5000.0,1000.0,0.006365714286,0.01645090697,7087654.278,3.724,1.0,1.0,1
1661.857143,1.0,1.0,1.0,5000.0,1000.0,0.007447666667000001,0.01778226094,10000000.0,3.724,1.0,1.0,1
1661.857143,1.0,1.0,1.0,5000.0,1000.0,0.0074795,0.01783878253,10000000.0,3.724,1.0,1.0,1
1661.857143,1.0,1.0,1.0,5000.0,1000.0,0.0074675,0.01783552721,10000000.0,3.724,1.0,1.0,1
1292.555556,1.0,1.0,1.0,5000.0,1000.0,0.003853125,0.010529719279999999,3625073.789,3.724,1.0,1.0,1
1292.555556,1.0,1.0,1.0,5000.0,1000.0,0.0038545,0.010550110489999999,4544873.789,3.724,1.0,1.0,1
1292.555556,1.0,1.0,1.0,5000.0,1000.0,0.00210875,0.005592793673,4572451.567,3.724,1.0,1.0,1
1163.3,1.0,1.0,1.0,5000.0,1000.0,0.003121666667,0.008940590640000001,3008910.673,3.724,1.0,1.0,1
1292.555556,1.0,1.0,1.0,5000.0,1000.0,0.003678625,0.01005146943,4572451.567,3.724,1.0,1.0,1
1291.888889,1.0,1.0,1.0,5000.0,1000.0,0.00484575,0.01338546638,3654198.233,3.724,1.0,1.0,1
7.5,1.0,1.0,1.0,156.60429684000002,26.100716140000003,0.5108416667,0.8844815607000001,0.0,3.724,1.0,1.0,1
1453.375,1.0,1.0,1.0,572.35455936,95.39242656,0.1198058571,0.30496380469999995,4456113.111,3.724,1.0,1.0,1
7.2,1.0,1.0,1.0,410.95158582,68.49193097,0.18250325,0.3630160954,0.0,3.724,1.0,1.0,1
1660.142857,1.0,1.0,1.0,501.99663186,83.66610530999999,0.1394431667,0.32827988750000003,6547672.268,3.724,1.0,1.0,1
7.2,1.0,1.0,1.0,409.53059604000003,68.25509934,0.1831365,0.3645830523,0.0,3.724,1.0,1.0,1
1291.888889,1.0,1.0,1.0,645.4111266,107.5685211,0.1045845,0.284841464,3654198.233,3.724,1.0,1.0,1
7.5,1.0,1.0,1.0,328.632519,54.7720865,0.243433,0.4205429541,0.0,3.724,1.0,1.0,1
1453.375,1.0,1.0,1.0,580.22660268,96.70443378,0.1181804286,0.30623533799999997,4456113.111,3.724,1.0,1.0,1
7.2,1.0,1.0,1.0,421.3678443,70.22797405,0.17799175,0.3546624716,0.0,3.724,1.0,1.0,1
1453.375,1.0,1.0,1.0,581.6348787,96.93914645,0.11789428569999999,0.30556527710000003,3923213.111,3.724,1.0,1.0,1
7.5,1.0,1.0,1.0,334.2576486,55.7096081,0.2393363333,0.4128115047,0.0,3.724,1.0,1.0,1
1453.375,1.0,1.0,1.0,580.12842594,96.68807099,0.1182004286,0.30621345429999997,8217438.111,3.724,1.0,1.0,1
7.2,1.0,1.0,1.0,421.94033484,70.32338914,0.17775025,0.3521679546,0.0,3.724,1.0,1.0,1
1453.375,1.0,1.0,1.0,579.83899806,96.63983301,0.1182594286,0.3062701425,6054813.111,3.724,1.0,1.0,1
7.2,1.0,1.0,1.0,424.31674397999996,70.71945733,0.17675475,0.3495142143,0.0,3.724,1.0,1.0,1
1661.0,1.0,1.0,1.0,507.33951162000005,84.55658527,0.1379746667,0.3307569139,9696700.839,3.724,1.0,1.0,1
7.2,1.0,1.0,1.0,427.3321653,71.22202755,0.1755075,0.350332662,0.0,3.724,1.0,1.0,1
1661.857143,1.0,1.0,1.0,516.1379120400001,86.02298534,0.1356226667,0.33135556709999997,10000000.0,3.724,1.0,1.0,1
1454.125,1.0,1.0,1.0,589.88639772,98.31439961999999,0.1162451429,0.30683631079999996,7087654.278,3.724,1.0,1.0,1
1454.125,1.0,1.0,1.0,589.82261082,98.30376847,0.11625771430000001,0.3068087421,7025604.278,3.724,1.0,1.0,1
1292.555556,1.0,1.0,1.0,661.6341630000001,110.2723605,0.102020125,0.2878180725,4572451.567,3.724,1.0,1.0,1
1292.555556,1.0,1.0,1.0,661.7744376,110.2957396,0.1019985,0.2878473984,3625073.789,3.724,1.0,1.0,1
1292.555556,1.0,1.0,1.0,663.680106,110.61335100000001,0.101705625,0.2870795722,4627607.122,3.724,1.0,1.0,1
1454.125,1.0,1.0,1.0,569.54027418,94.92337902999999,0.12039785709999999,0.3180172611,10000000.0,3.724,1.0,1.0,1
7.5,1.0,1.0,1.0,357.19122678,59.53187113,0.22396966670000001,0.38732841879999996,0.0,3.724,1.0,1.0,1
1454.125,1.0,1.0,1.0,569.46797454,94.91132909,0.1204131429,0.31807795400000005,7025604.278,3.724,1.0,1.0,1
7.5,1.0,1.0,1.0,360.29760582,60.04960097,0.2220386667,0.3840652356,0.0,3.724,1.0,1.0,1
1454.125,1.0,1.0,1.0,569.38961436,94.89826905999999,0.1204297143,0.3181288954,10000000.0,3.724,1.0,1.0,1
7.5,1.0,1.0,1.0,361.10697342000003,60.18449557,0.221541,0.3831651591,0.0,3.724,1.0,1.0,1
1292.555556,1.0,1.0,1.0,641.0324898,106.8387483,0.105298875,0.2974734798,4126340.456,3.724,1.0,1.0,1
7.5,1.0,1.0,1.0,355.53870036,59.25645006,0.2250106667,0.3897264428,0.0,3.724,1.0,1.0,1
1292.555556,1.0,1.0,1.0,618.885639,103.1476065,0.109067,0.3080114231,4572451.567,3.724,1.0,1.0,1
7.5,1.0,1.0,1.0,389.87938104,64.97989684000001,0.2051916667,0.3547225871,0.0,3.724,1.0,1.0,1
1291.888889,1.0,1.0,1.0,4306.0484034,717.6747339000001,0.015675625,0.039124920339999994,2706820.456,3.724,1.0,1.0,1
7.5,1.0,1.0,1.0,410.90754066,68.48459011,0.194691,0.33659205200000003,0.0,3.724,1.0,1.0,1
1452.625,1.0,1.0,1.0,4621.6950066,770.2825011,0.01483685714,0.03325029033,2859345.944,3.724,1.0,1.0,1
7.5,1.0,1.0,1.0,397.75203804,66.29200634,0.2011303333,0.3477963796,0.0,3.724,1.0,1.0,1
1162.7,1.0,1.0,1.0,4556.7774468,759.4629078,0.01463022222,0.03888408167,2157535.8,3.724,1.0,1.0,1
7.2,1.0,1.0,1.0,524.5828255199999,87.43047091999999,0.14297075,0.284398545,0.0,3.724,1.0,1.0,1
1292.555556,1.0,1.0,1.0,780.4246380000001,130.070773,0.086491375,0.24419547519999998,4544873.789,3.724,1.0,1.0,1
7.5,1.0,1.0,1.0,2.94939234,0.49156539,27.1,47.0,0.0,3.724,1.0,1.0,1
1454.125,1.0,1.0,1.0,694.6685634,115.7780939,0.098711,0.2607578533,6523729.278,3.724,1.0,1.0,1
7.5,1.0,1.0,1.0,2.94939228,0.49156538,27.1,47.0,0.0,3.724,1.0,1.0,1
1661.857143,1.0,1.0,1.0,606.9495726,101.1582621,0.1153308333,0.2820618526,10000000.0,3.724,1.0,1.0,1
7.5,1.0,1.0,1.0,2.94946476,0.49157746,27.1,47.0,0.0,3.724,1.0,1.0,1
1454.125,1.0,1.0,1.0,693.5193504,115.5865584,0.09887457143,0.2611447493,10000000.0,3.724,1.0,1.0,1
7.5,1.0,1.0,1.0,2.94950214,0.49158369,27.1,47.0,0.0,3.724,1.0,1.0,1
1292.555556,1.0,1.0,1.0,780.369375,130.0615625,0.0864975,0.24430850140000002,3625073.789,3.724,1.0,1.0,1
8.0,1.0,1.0,1.0,5000.0,1000.0,0.0001,3.181980515e-05,0.0,3.724,1.0,1.0,1
8.0,1.0,1.0,1.0,2.21218086,0.36869681,40.7,57.5,0.0,3.724,1.0,1.0,1
1162.7,1.0,1.0,1.0,885.5330466,147.5888411,0.07528422222,0.2219408494,3010175.8,3.724,1.0,1.0,1
7.2,1.0,1.0,1.0,3.68705106,0.6145085100000001,20.3,40.7,0.0,3.724,1.0,1.0,1
1661.0,1.0,1.0,1.0,619.9335198,103.3222533,0.1129153333,0.2715930893,9696700.839,3.724,1.0,1.0,1
7.2,1.0,1.0,1.0,3.68709858,0.61451643,20.3,40.7,0.0,3.724,1.0,1.0,1
1291.888889,1.0,1.0,1.0,798.3807654,133.0634609,0.084546125,0.2352641453,3208087.122,3.724,1.0,1.0,1
7.2,1.0,1.0,1.0,3.68705604,0.61450934,20.3,40.7,0.0,3.724,1.0,1.0,1
1453.375,1.0,1.0,1.0,709.655004,118.275834,0.09662642857,0.2514088793,4456113.111,3.724,1.0,1.0,1
7.2,1.0,1.0,1.0,3.68705688,0.6145094799999999,20.3,40.7,0.0,3.724,1.0,1.0,1
1453.375,1.0,1.0,1.0,709.379175,118.2298625,0.096664,0.2514964802,4456113.111,3.724,1.0,1.0,1
7.5,1.0,1.0,1.0,2.9497173,0.49161955,27.1,47.0,0.0,3.724,1.0,1.0,1
1453.375,1.0,1.0,1.0,708.5017253999999,118.0836209,0.09678371429,0.2515369523,6054813.111,3.724,1.0,1.0,1
7.2,1.0,1.0,1.0,3.68728266,0.6145471100000001,20.3,40.7,0.0,3.724,1.0,1.0,1
1661.0,1.0,1.0,1.0,648.548487,108.0914145,0.1079333333,0.2638193472,10000000.0,3.724,1.0,1.0,1
1661.857143,1.0,1.0,1.0,648.384288,108.06404799999999,0.1079606667,0.2639112795,10000000.0,3.724,1.0,1.0,1
1661.857143,1.0,1.0,1.0,648.6626736,108.11044559999999,0.1079143333,0.2638698502,10000000.0,3.724,1.0,1.0,1
1454.125,1.0,1.0,1.0,741.1650804,123.52751339999999,0.09251842857,0.2442826314,7025604.278,3.724,1.0,1.0,1
1661.857143,1.0,1.0,1.0,698.5934982,116.4322497,0.1002013333,0.2449705848,10000000.0,3.724,1.0,1.0,1
1454.125,1.0,1.0,1.0,819.0385512,136.5064252,0.08372185714,0.2209897787,7025604.278,3.724,1.0,1.0,1
1292.555556,1.0,1.0,1.0,945.5304426,157.58840709999998,0.0713885,0.2015104431,4572451.567,3.724,1.0,1.0,1
1292.555556,1.0,1.0,1.0,971.6074704,161.93457840000002,0.0694725,0.1960669091,3625073.789,3.724,1.0,1.0,1
1292.555556,1.0,1.0,1.0,1092.3081281999998,182.0513547,0.06179575,0.1742981254,4544873.789,3.724,1.0,1.0,1
1453.375,1.0,1.0,1.0,1245.3009347999998,207.55015579999997,0.05506414286,0.1339025848,6054813.111,3.724,1.0,1.0,1
7.2,1.0,1.0,1.0,25.727441279999997,4.2879068799999995,2.91517525,5.828357889,0.0,3.724,1.0,1.0,1
1291.888889,1.0,1.0,1.0,1400.916303,233.4860505,0.04818275,0.125424002,2706820.456,3.724,1.0,1.0,1
7.2,1.0,1.0,1.0,25.72299186,4.28716531,2.9156795,5.827919919,0.0,3.724,1.0,1.0,1
1661.0,1.0,1.0,1.0,1089.6467988,181.6077998,0.064241,0.1443458896,9696700.839,3.724,1.0,1.0,1
7.2,1.0,1.0,1.0,25.7253498,4.2875583,2.91541225,5.829532518,0.0,3.724,1.0,1.0,1
1291.888889,1.0,1.0,1.0,1400.295099,233.3825165,0.048204125,0.1253876123,2233131.567,3.724,1.0,1.0,1
7.2,1.0,1.0,1.0,25.71865644,4.28644274,2.916171,5.8283437209999995,0.0,3.724,1.0,1.0,1
1661.0,1.0,1.0,1.0,1089.6270102,181.60450170000001,0.06424216667,0.1442717728,9696700.839,3.724,1.0,1.0,1
7.2,1.0,1.0,1.0,25.723047,4.2871745,2.91567325,5.829249355000001,0.0,3.724,1.0,1.0,1
1453.375,1.0,1.0,1.0,1239.5125614,206.58542690000002,0.055321285709999994,0.134200778,4456113.111,3.724,1.0,1.0,1
7.5,1.0,1.0,1.0,20.5872054,3.4312009,3.885908667,6.726237337000001,0.0,3.724,1.0,1.0,1
1291.888889,1.0,1.0,1.0,1394.6064888,232.4344148,0.04840075,0.1258074769,2706820.456,3.724,1.0,1.0,1
7.5,1.0,1.0,1.0,20.58904218,3.43150703,3.885562,6.726527860999999,0.0,3.724,1.0,1.0,1
1453.375,1.0,1.0,1.0,1239.663018,206.610503,0.05531457143,0.134180139,6054813.111,3.724,1.0,1.0,1
7.5,1.0,1.0,1.0,20.58551376,3.43091896,3.886228,6.725081766,0.0,3.724,1.0,1.0,1
1453.375,1.0,1.0,1.0,1293.5320704,215.58867840000002,0.053011,0.13496725750000002,4456113.111,3.724,1.0,1.0,1
7.2,1.0,1.0,1.0,25.7495103,4.29158505,2.91267675,5.822689632,0.0,3.724,1.0,1.0,1
1661.0,1.0,1.0,1.0,1132.0052934,188.66754889999999,0.06183716667,0.1457297188,7834157.982,3.724,1.0,1.0,1
7.2,1.0,1.0,1.0,25.75396224,4.29232704,2.91217325,5.823677852,0.0,3.724,1.0,1.0,1
1162.7,1.0,1.0,1.0,1607.7127338,267.9521223,0.04146677778,0.1198709351,2157535.8,3.724,1.0,1.0,1
7.5,1.0,1.0,1.0,20.612024220000002,3.43533737,3.881229667,6.720757599000001,0.0,3.724,1.0,1.0,1
1453.375,1.0,1.0,1.0,1293.5739024,215.59565039999998,0.05300928571,0.13501923389999998,6054813.111,3.724,1.0,1.0,1
7.2,1.0,1.0,1.0,25.7539512,4.2923252000000005,2.9121745,5.823675019,0.0,3.724,1.0,1.0,1
1453.375,1.0,1.0,1.0,1288.1133972,214.6855662,0.053234,0.1356408094,3923213.111,3.724,1.0,1.0,1
7.5,1.0,1.0,1.0,20.61026304,3.43504384,3.881561333,6.723057978,0.0,3.724,1.0,1.0,1
1661.0,1.0,1.0,1.0,1124.2601964,187.3766994,0.06226316667,0.14655740820000002,9696700.839,3.724,1.0,1.0,1
7.5,1.0,1.0,1.0,20.61732924,3.43622154,3.880231,6.7181437410000004,0.0,3.724,1.0,1.0,1
1291.888889,1.0,1.0,1.0,1445.1563178000001,240.8593863,0.04670775,0.1271716342,3208087.122,3.724,1.0,1.0,1
7.5,1.0,1.0,1.0,20.620870319999998,3.4368117199999997,3.879564667,6.718737107,0.0,3.724,1.0,1.0,1
1454.125,1.0,1.0,1.0,1332.0789588,222.0131598,0.051477,0.1357029997,7025604.278,3.724,1.0,1.0,1
1454.125,1.0,1.0,1.0,1332.0456894000001,222.00761490000002,0.051478285709999995,0.1356688945,7025604.278,3.724,1.0,1.0,1
1292.555556,1.0,1.0,1.0,1491.6508986000001,248.6084831,0.045251875,0.12759988719999998,3625073.789,3.724,1.0,1.0,1
1292.555556,1.0,1.0,1.0,1491.5066982,248.5844497,0.04525625,0.127615063,4572451.567,3.724,1.0,1.0,1
1292.555556,1.0,1.0,1.0,448.9602828,74.82671380000001,0.150347375,0.4247945552,3652651.567,3.724,1.0,1.0,1
7.5,1.0,1.0,1.0,22.24127766,3.70687961,3.5969156669999998,6.230037221,0.0,3.724,1.0,1.0,1
1291.888889,1.0,1.0,1.0,606.2150514,101.0358419,0.111346625,0.3109912043,2706820.456,3.724,1.0,1.0,1
7.2,1.0,1.0,1.0,27.90254346,4.65042391,2.687927,5.3745206869999995,0.0,3.724,1.0,1.0,1
1661.0,1.0,1.0,1.0,494.99466114000006,82.49911019000001,0.1414156667,0.34185964020000004,7763243.696,3.724,1.0,1.0,1
7.5,1.0,1.0,1.0,22.257882239999997,3.7096470399999997,3.594232333,6.224734837000001,0.0,3.724,1.0,1.0,1
1291.888889,1.0,1.0,1.0,606.104142,101.017357,0.111367,0.3110436974,2706820.456,3.724,1.0,1.0,1
7.5,1.0,1.0,1.0,22.3241547,3.72069245,3.583562333,6.205186911,0.0,3.724,1.0,1.0,1
1661.0,1.0,1.0,1.0,471.11503955999996,78.51917326,0.1485836667,0.35899024420000003,9696700.839,3.724,1.0,1.0,1
7.5,1.0,1.0,1.0,22.3262169,3.7210361499999998,3.583231333,6.203237538,0.0,3.724,1.0,1.0,1
1453.375,1.0,1.0,1.0,538.5126281400001,89.75210469000001,0.1273348571,0.33250811599999996,6054813.111,3.724,1.0,1.0,1
7.5,1.0,1.0,1.0,22.3303071,3.7217178499999997,3.582575,6.202985001,0.0,3.724,1.0,1.0,1
1661.0,1.0,1.0,1.0,471.21229458,78.53538243,0.148553,0.3590636826,7189672.268,3.724,1.0,1.0,1
7.5,1.0,1.0,1.0,22.3326489,3.7221081499999995,3.582199333,6.203969279,0.0,3.724,1.0,1.0,1
1291.888889,1.0,1.0,1.0,570.17479026,95.02913171,0.11838475,0.3308049676,2706820.456,3.724,1.0,1.0,1
7.5,1.0,1.0,1.0,22.44015768,3.74002628,3.5650373330000003,6.174161551,0.0,3.724,1.0,1.0,1
1661.0,1.0,1.0,1.0,471.19167738,78.53194623,0.1485595,0.3590827404,9696700.839,3.724,1.0,1.0,1
7.5,1.0,1.0,1.0,22.331341860000002,3.72189031,3.582409,6.203480283,0.0,3.724,1.0,1.0,1
1162.7,1.0,1.0,1.0,633.47136,105.57856,0.1052402222,0.31192413939999997,3010175.8,3.724,1.0,1.0,1
7.2,1.0,1.0,1.0,28.04764812,4.67460802,2.674021,5.346875346,0.0,3.724,1.0,1.0,1
1661.0,1.0,1.0,1.0,442.25143890000004,73.70857315,0.158281,0.38310139880000005,7189672.268,3.724,1.0,1.0,1
7.5,1.0,1.0,1.0,22.45216566,3.74202761,3.563130667,6.170872098,0.0,3.724,1.0,1.0,1
1454.125,1.0,1.0,1.0,505.80623406000007,84.30103901000001,0.13556857139999998,0.358216475,6523729.278,3.724,1.0,1.0,1
7.5,1.0,1.0,1.0,22.4872701,3.74787835,3.5575683330000003,6.160278325,0.0,3.724,1.0,1.0,1
1661.857143,1.0,1.0,1.0,442.59957701999997,73.76659617,0.1581565,0.386949146,10000000.0,3.724,1.0,1.0,1
7.2,1.0,1.0,1.0,28.11088128,4.6851468800000005,2.668006,5.3352253339999995,0.0,3.724,1.0,1.0,1
1292.555556,1.0,1.0,1.0,555.03021834,92.50503639,0.121615,0.3435687007,4572451.567,3.724,1.0,1.0,1
7.5,1.0,1.0,1.0,22.5383772,3.7563962,3.5495013330000003,6.1472654,0.0,3.724,1.0,1.0,1
1292.555556,1.0,1.0,1.0,552.7978224000001,92.1329704,0.122106125,0.344966292,3625073.789,3.724,1.0,1.0,1
7.5,1.0,1.0,1.0,22.546702680000003,3.7577837800000005,3.548190667,6.1450714689999995,0.0,3.724,1.0,1.0,1
1454.125,1.0,1.0,1.0,491.27928102000004,81.87988017,0.1395772857,0.368824261,7025604.278,3.724,1.0,1.0,1
7.5,1.0,1.0,1.0,22.54882104,3.7581368399999997,3.547857333,6.144437828,0.0,3.724,1.0,1.0,1
1661.857143,1.0,1.0,1.0,440.70151283999996,73.45025214,0.1588376667,0.38870579580000003,10000000.0,3.724,1.0,1.0,1
7.2,1.0,1.0,1.0,28.1208021,4.68680035,2.66706475,5.333486171,0.0,3.724,1.0,1.0,1
1453.375,1.0,1.0,1.0,312.72375222000005,52.120625370000006,0.21927157139999998,0.579760649,3892188.111,3.724,1.0,1.0,1
7.5,1.0,1.0,1.0,23.82426744,3.97071124,3.3579206669999997,5.815228394,0.0,3.724,1.0,1.0,1
1454.125,1.0,1.0,1.0,312.69258282,52.11543047,0.2192934286,0.5797479055,10000000.0,3.724,1.0,1.0,1
7.5,1.0,1.0,1.0,23.82678642,3.97113107,3.357565667,5.814503536999999,0.0,3.724,1.0,1.0,1
1292.555556,1.0,1.0,1.0,351.79198932,58.63199822,0.19187475,0.5423445808999999,4572451.567,3.724,1.0,1.0,1
7.5,1.0,1.0,1.0,23.8291545,3.97152575,3.357232,5.814032991,0.0,3.724,1.0,1.0,1
1291.888889,1.0,1.0,1.0,761.290359,126.8817265,0.08866525,0.24916641020000002,3654198.233,3.724,1.0,1.0,1
7.2,1.0,1.0,1.0,29.83665624,4.972776039999999,2.5136865,5.021365462,0.0,3.724,1.0,1.0,1
1292.555556,1.0,1.0,1.0,775.1637534,129.1939589,0.087078375,0.2458508756,4572451.567,3.724,1.0,1.0,1
1454.125,1.0,1.0,1.0,721.1755158000001,120.19591930000001,0.09508285713999999,0.2510973921,6523729.278,3.724,1.0,1.0,1
1661.857143,1.0,1.0,1.0,630.9214608,105.1535768,0.1109488333,0.271331642,10000000.0,3.724,1.0,1.0,1
1661.857143,1.0,1.0,1.0,630.965061,105.1608435,0.1109411667,0.27125550569999995,10000000.0,3.724,1.0,1.0,1
1454.125,1.0,1.0,1.0,720.9697044,120.1616174,0.09511,0.2512026962,8717379.278,3.724,1.0,1.0,1
1454.125,1.0,1.0,1.0,738.0357486,123.00595810000002,0.09291071429,0.2453341746,10000000.0,3.724,1.0,1.0,1
1454.125,1.0,1.0,1.0,737.9665332,122.9944222,0.09291942857,0.24538412510000002,8717379.278,3.724,1.0,1.0,1
1454.125,1.0,1.0,1.0,794.82042,132.47007,0.08627285713999999,0.22784304449999998,10000000.0,3.724,1.0,1.0,1
1454.125,1.0,1.0,1.0,793.7872914000001,132.2978819,0.08638514286000001,0.22735147700000002,7025604.278,3.724,1.0,1.0,1
1661.0,1.0,1.0,1.0,694.673016,115.778836,0.1007668333,0.24551915659999998,7763243.696,3.724,1.0,1.0,1
1454.125,1.0,1.0,1.0,815.1537072,135.8589512,0.08412085713999999,0.2220280989,10000000.0,3.724,1.0,1.0,1
1661.857143,1.0,1.0,1.0,713.478804,118.913134,0.09811083333,0.2398508211,10000000.0,3.724,1.0,1.0,1
1454.125,1.0,1.0,1.0,815.1163326,135.8527221,0.08412471429,0.2220445012,10000000.0,3.724,1.0,1.0,1
1661.857143,1.0,1.0,1.0,732.6314027999999,122.1052338,0.095546,0.2335404657,10000000.0,3.724,1.0,1.0,1
1454.125,1.0,1.0,1.0,860.3661576,143.3943596,0.07970028571,0.2104284958,6523729.278,3.724,1.0,1.0,1
1292.555556,1.0,1.0,1.0,964.8801492,160.81335819999998,0.069956875,0.1974275937,3625073.789,3.724,1.0,1.0,1
1453.375,1.0,1.0,1.0,1460.4803153999999,243.41338589999998,0.04695128571,0.1120835167,4456113.111,3.724,1.0,1.0,1
7.5,1.0,1.0,1.0,24.7060698,4.1176783,3.2380706669999997,5.607796237,0.0,3.724,1.0,1.0,1
1291.888889,1.0,1.0,1.0,1528.190877,254.6984795,0.044169875,0.11367061789999999,3654198.233,3.724,1.0,1.0,1
7.5,1.0,1.0,1.0,24.77207112,4.128678519999999,3.2294433330000003,5.593071495,0.0,3.724,1.0,1.0,1
1661.0,1.0,1.0,1.0,1187.581293,197.93021549999997,0.05894333333,0.1307076124,9696700.839,3.724,1.0,1.0,1
7.5,1.0,1.0,1.0,24.7756641,4.129277350000001,3.228975,5.59216419,0.0,3.724,1.0,1.0,1
1291.888889,1.0,1.0,1.0,1528.4201232,254.7366872,0.04416325,0.1136161709,2706820.456,3.724,1.0,1.0,1
7.2,1.0,1.0,1.0,30.96364752,5.16060792,2.42219525,4.843468542999999,0.0,3.724,1.0,1.0,1
1291.888889,1.0,1.0,1.0,1453.3983954,242.23306589999999,0.046442875,0.1260292056,2706820.456,3.724,1.0,1.0,1
7.5,1.0,1.0,1.0,24.87882456,4.14647076,3.215586,5.569554864,0.0,3.724,1.0,1.0,1
1292.555556,1.0,1.0,1.0,1427.9443422000002,237.99072370000002,0.04727075,0.1332866857,3625073.789,3.724,1.0,1.0,1
7.2,1.0,1.0,1.0,31.15757238,5.19292873,2.4071195,4.8137663449999994,0.0,3.724,1.0,1.0,1
1454.125,1.0,1.0,1.0,1256.3932092,209.3988682,0.054578,0.14389466029999998,7025604.278,3.724,1.0,1.0,1
7.5,1.0,1.0,1.0,24.93109926,4.155183210000001,3.208843667,5.5574117450000005,0.0,3.724,1.0,1.0,1
1292.555556,1.0,1.0,1.0,1422.134202,237.022367,0.047463875,0.13383251029999998,3625073.789,3.724,1.0,1.0,1
7.5,1.0,1.0,1.0,24.92894214,4.154823690000001,3.209121333,5.55802951,0.0,3.724,1.0,1.0,1
1292.555556,1.0,1.0,1.0,1342.7558322,223.7926387,0.05026975,0.1416830405,4572451.567,3.724,1.0,1.0,1
7.5,1.0,1.0,1.0,24.96806688,4.16134448,3.204092667,5.548118454,0.0,3.724,1.0,1.0,1
1163.3,1.0,1.0,1.0,528.89438154,88.14906359,0.1260491111,0.37770563770000004,2557770.673,3.724,1.0,1.0,1
7.2,1.0,1.0,1.0,33.78861234,5.63143539,2.21968275,4.438597502,0.0,3.724,1.0,1.0,1
1292.555556,1.0,1.0,1.0,443.19292595999997,73.86548766,0.152303875,0.43030931170000003,3625073.789,3.724,1.0,1.0,1
7.2,1.0,1.0,1.0,34.11504546,5.68584091,2.1984435,4.396213692,0.0,3.724,1.0,1.0,1
1454.125,1.0,1.0,1.0,1194.1130226,199.01883709999998,0.05742457143,0.1514880386,6523729.278,3.724,1.0,1.0,1
7.2,1.0,1.0,1.0,31.215591300000003,5.20259855,2.4026455,4.8045783339999995,0.0,3.724,1.0,1.0,1
1292.555556,1.0,1.0,1.0,443.25185982,73.87530997,0.152283625,0.4302666087,3625073.789,3.724,1.0,1.0,1
7.2,1.0,1.0,1.0,34.11504936,5.68584156,2.19844325,4.396210525000001,0.0,3.724,1.0,1.0,1
1661.857143,1.0,1.0,1.0,344.71692582,57.45282097,0.2030651667,0.49689317920000003,10000000.0,3.724,1.0,1.0,1
7.2,1.0,1.0,1.0,34.12286052,5.68714342,2.19794,4.39521468,0.0,3.724,1.0,1.0,1
1454.125,1.0,1.0,1.0,393.95250084,65.65875014000001,0.17406014290000002,0.4600635098,8717379.278,3.724,1.0,1.0,1
7.5,1.0,1.0,1.0,27.29827908,4.54971318,2.9305876669999997,5.075067661,0.0,3.724,1.0,1.0,1
1292.555556,1.0,1.0,1.0,448.41448116,74.73574686,0.150530375,0.4252854464,3652651.567,3.724,1.0,1.0,1
7.5,1.0,1.0,1.0,27.28888974,4.548148289999999,2.931596,5.076783837000001,0.0,3.724,1.0,1.0,1
1292.555556,1.0,1.0,1.0,448.34299902000004,74.72383317,0.150554375,0.42535170990000004,4627607.122,3.724,1.0,1.0,1
7.2,1.0,1.0,1.0,34.11510756,5.68585126,2.1984395,4.395550358,0.0,3.724,1.0,1.0,1
1661.857143,1.0,1.0,1.0,348.74741556000004,58.12456926,0.2007183333,0.4912200997,10000000.0,3.724,1.0,1.0,1
7.5,1.0,1.0,1.0,27.29510304,4.54918384,2.930928667,5.075639239,0.0,3.724,1.0,1.0,1
1454.125,1.0,1.0,1.0,398.52777198,66.42129533,0.1720618571,0.4547747801,10000000.0,3.724,1.0,1.0,1
7.5,1.0,1.0,1.0,27.29831016,4.54971836,2.930584333,5.075062753999999,0.0,3.724,1.0,1.0,1
1454.125,1.0,1.0,1.0,398.67142746,66.44523791,0.1719998571,0.4547372785,7025604.278,3.724,1.0,1.0,1
7.2,1.0,1.0,1.0,34.11508818,5.685848030000001,2.19844075,4.396210192,0.0,3.724,1.0,1.0,1
1454.125,1.0,1.0,1.0,527.77121118,87.96186853,0.1299264286,0.3431728579,6523729.278,3.724,1.0,1.0,1
7.2,1.0,1.0,1.0,34.1732589,5.69554315,2.1946985,4.388723692,0.0,3.724,1.0,1.0,1
1292.555556,1.0,1.0,1.0,612.0887526,102.01479210000001,0.110278125,0.3114405882,3625073.789,3.724,1.0,1.0,1
1454.125,1.0,1.0,1.0,545.91050478,90.98508412999999,0.1256092857,0.3318230292,7025604.278,3.724,1.0,1.0,1
1292.555556,1.0,1.0,1.0,614.036883,102.33948050000001,0.10992825,0.31042348599999997,3625073.789,3.724,1.0,1.0,1
1291.888889,1.0,1.0,1.0,604.6152294,100.76920489999999,0.11164125,0.3110972501,2706820.456,3.724,1.0,1.0,1
7.2,1.0,1.0,1.0,34.30230486,5.71705081,2.186442,4.370867411,0.0,3.724,1.0,1.0,1
1292.555556,1.0,1.0,1.0,351.38017578,58.56336263,0.192099625,0.5428581999000001,4572451.567,3.724,1.0,1.0,1
1454.125,1.0,1.0,1.0,312.23939394,52.03989899,0.21961171429999998,0.5805119756,6523729.278,3.724,1.0,1.0,1
1292.555556,1.0,1.0,1.0,351.44352174,58.57392029,0.192065,0.5428612758,3625073.789,3.724,1.0,1.0,1
1454.125,1.0,1.0,1.0,315.4157475,52.56929125,0.2174001429,0.5747087600999999,7025604.278,3.724,1.0,1.0,1
1661.857143,1.0,1.0,1.0,275.98116233999997,45.996860389999995,0.2536405,0.6208043667,10000000.0,3.724,1.0,1.0,1
1454.125,1.0,1.0,1.0,607.871172,101.311862,0.11280585709999999,0.2978959586,6523729.278,3.724,1.0,1.0,1
1291.888889,1.0,1.0,1.0,759.221376,126.536896,0.088906875,0.2490130875,3681776.011,3.724,1.0,1.0,1
1453.375,1.0,1.0,1.0,674.9754264000001,112.4959044,0.101591,0.2661389179,4456113.111,3.724,1.0,1.0,1
1661.0,1.0,1.0,1.0,589.8321366,98.3053561,0.1186778333,0.2873344035,9696700.839,3.724,1.0,1.0,1
1661.0,1.0,1.0,1.0,589.7534549999999,98.29224249999999,0.1186936667,0.2874175711,9696700.839,3.724,1.0,1.0,1
1453.375,1.0,1.0,1.0,674.0048952,112.3341492,0.1017372857,0.26604833429999997,3923213.111,3.724,1.0,1.0,1
1661.0,1.0,1.0,1.0,589.83462162,98.30577027000001,0.11867733329999999,0.2873688114,9696700.839,3.724,1.0,1.0,1
1454.125,1.0,1.0,1.0,688.7734236,114.79557059999999,0.09955585714,0.2629181548,10000000.0,3.724,1.0,1.0,1
1661.857143,1.0,1.0,1.0,602.4839549999999,100.41399249999999,0.1161856667,0.2840455157,10000000.0,3.724,1.0,1.0,1
1454.125,1.0,1.0,1.0,688.8297642,114.8049607,0.09954771429,0.262937607,10000000.0,3.724,1.0,1.0,1
1454.125,1.0,1.0,1.0,688.6093962,114.7682327,0.09957957143,0.2630214431,10000000.0,3.724,1.0,1.0,1
1454.125,1.0,1.0,1.0,688.5896394,114.7649399,0.09958242857,0.2630497354,8717379.278,3.724,1.0,1.0,1
1661.857143,1.0,1.0,1.0,602.1962957999999,100.36604929999999,0.1162411667,0.2842916868,10000000.0,3.724,1.0,1.0,1
1454.125,1.0,1.0,1.0,702.7345157999999,117.12241929999999,0.097578,0.2577112916,6523729.278,3.724,1.0,1.0,1
1454.125,1.0,1.0,1.0,719.3565354,119.8927559,0.09532328571,0.2516127767,10000000.0,3.724,1.0,1.0,1
1292.555556,1.0,1.0,1.0,1329.3911142,221.5651857,0.050775125,0.143275262,4572451.567,3.724,1.0,1.0,1
