packet_length,protocol_encoding,dst_port_class,src_port_ephemeral,event_rate_1m,burst_rate_10s,inter_arrival_mean,inter_arrival_std,packet_size_variance,payload_entropy,unique_dst_ips,unique_dst_ports,label
160.83333333333334,1.0,1.0,1.0,1.0,0.04191180220050932,100.0,50.0,81539.58333333333,3.724,20,50,1
56.0,1.0,1.0,1.0,1.0,0.00931336299949894,100.0,50.0,0.0,3.724,20,50,1
48.0,1.0,2.0,1.0,1000.0,200.0,0.01,0.005,0.0,3.724,20,50,1
415.8666666666667,1.0,1.0,1.0,1000.0,200.0,0.0007142857142857143,0.00035714285714285714,234626.86222222226,3.724,9,4,1
44.0,1.0,2.0,1.0,1000.0,200.0,0.01,0.005,0.0,3.724,20,50,0
44.0,1.0,2.0,1.0,1000.0,200.0,0.01,0.005,0.0,3.724,20,50,0
55.2,1.0,1.0,1.0,1.0,0.011641703749373676,100.0,50.0,0.0,3.724,20,50,1
48.0,1.0,2.0,1.0,1000.0,200.0,0.01,0.005,0.0,3.724,20,50,1
636.2857142857143,1.0,1.0,1.0,1.0,0.03259641378912123,100.0,50.0,322963.943877551,3.724,20,50,1
168.64285714285714,1.0,1.0,1.0,1.0,0.06519589386946711,100.0,50.0,48965.963010204076,3.724,20,50,1
278.4375,1.0,2.0,1.0,1000.0,200.0,0.0006666666666666666,0.0003333333333333333,102663.58984375,3.724,10,13,0
44.0,1.0,2.0,1.0,1000.0,200.0,0.01,0.005,0.0,3.724,20,50,0
57.333333333333336,1.0,1.0,1.0,1000.0,200.0,0.002,0.001,0.0,3.724,20,50,1
44.0,1.0,2.0,1.0,1000.0,200.0,0.01,0.005,0.0,3.724,20,50,0
44.0,1.0,1.0,1.0,1000.0,200.0,0.01,0.005,0.0,3.724,20,50,1
178.7741935483871,1.0,1.0,1.0,1.0,0.07218590805331605,100.0,50.0,101608.66805411031,3.724,20,50,1
85.1,1.0,1.0,1.0,1000.0,200.0,0.0011111111111111111,0.0005555555555555556,9871.36,3.724,20,50,1
44.0,1.0,3.0,1.0,1000.0,200.0,0.01,0.005,0.0,3.724,20,50,0
65.0,2.0,1.0,1.0,1000.0,200.0,0.01,0.005,0.0,3.724,9,4,1
55.55555555555556,1.0,1.0,1.0,1.0,0.020956511048272623,100.0,50.0,0.0,3.724,20,50,1
54.0,2.0,1.0,1.0,1000.0,200.0,0.01,0.005,0.0,3.724,20,50,1
48.0,1.0,2.0,1.0,1000.0,200.0,0.01,0.005,0.0,3.724,20,50,1
40.0,1.0,1.0,1.0,1000.0,200.0,0.01,0.005,0.0,3.724,20,50,1
44.0,1.0,2.0,1.0,1000.0,200.0,0.01,0.005,0.0,3.724,20,50,1
55.2,1.0,1.0,1.0,1.0,0.011641701038788985,100.0,50.0,0.0,3.724,20,50,1
44.0,1.0,2.0,1.0,1000.0,200.0,0.01,0.005,0.0,3.724,20,50,0
56.44444444444444,1.0,1.0,1.0,1.0,0.020954983805290015,100.0,50.0,0.0,3.724,20,50,1
44.0,1.0,1.0,1.0,1000.0,200.0,0.01,0.005,0.0,3.724,20,50,1
87.8,1.0,1.0,1.0,1000.0,200.0,0.0011111111111111111,0.0005555555555555556,9871.36,3.724,20,50,1
44.0,1.0,2.0,1.0,1000.0,200.0,0.01,0.005,0.0,3.724,20,50,0
169.44444444444446,1.0,1.0,1.0,1000.0,200.0,0.00125,0.000625,48342.91358024691,3.724,20,50,1
48.0,1.0,2.0,1.0,1000.0,200.0,0.01,0.005,0.0,3.724,20,50,1
40.0,1.0,3.0,1.0,1000.0,200.0,0.01,0.005,0.0,3.724,20,50,1
44.0,1.0,1.0,1.0,1000.0,200.0,0.01,0.005,0.0,3.724,20,50,1
42.0,1.0,2.0,1.0,1000.0,200.0,0.01,0.005,0.0,3.724,12,50,0
55.2,1.0,1.0,1.0,1.0,0.0232853538617013,100.0,50.0,0.0,3.724,20,50,1
44.0,1.0,1.0,1.0,1000.0,200.0,0.01,0.005,0.0,3.724,20,50,0
42.0,1.0,1.0,1.0,1.0,0.004656630541303032,100.0,50.0,0.0,3.724,20,50,1
48.0,1.0,2.0,1.0,1000.0,200.0,0.01,0.005,0.0,3.724,20,50,1
358.27272727272725,1.0,1.0,1.0,1000.0,200.0,0.001,0.0005,228920.08264462813,3.724,9,4,1
56.0,1.0,2.0,0.0,1.0,0.00931325891418577,100.0,50.0,0.0,3.724,7,36,0
324.3636363636364,1.0,1.0,1.0,1000.0,200.0,0.001,0.0005,212258.9256198347,3.724,9,4,1
192.36363636363637,1.0,1.0,1.0,1000.0,200.0,0.001,0.0005,48745.78512396694,3.724,9,4,1
146.0,1.0,1.0,1.0,1000.0,200.0,0.0011111111111111111,0.0005555555555555556,49315.83999999999,3.724,14,12,1
44.0,1.0,2.0,1.0,1000.0,200.0,0.01,0.005,0.0,3.724,20,50,1
48.0,1.0,2.0,1.0,1000.0,200.0,0.01,0.005,0.0,3.724,20,50,1
592.5555555555555,1.0,1.0,1.0,1000.0,200.0,0.0005882352941176471,0.00029411764705882356,345080.01543209876,3.724,9,4,1
81.9,1.0,1.0,1.0,1000.0,200.0,0.0011111111111111111,0.0005555555555555556,2621.44,3.724,20,50,1
109.27272727272727,1.0,1.0,1.0,1000.0,200.0,0.001,0.0005,15233.057851239671,3.724,20,50,1
44.0,1.0,2.0,1.0,1000.0,200.0,0.01,0.005,0.0,3.724,20,50,0
65.0,2.0,1.0,1.0,1000.0,200.0,0.01,0.005,0.0,3.724,20,50,1
44.0,1.0,1.0,1.0,1000.0,200.0,0.01,0.005,0.0,3.724,20,50,0
52.0,1.0,2.0,0.0,1000.0,200.0,0.01,0.005,0.0,3.724,11,49,0
142.1,1.0,1.0,1.0,1.0,0.0465753386376434,100.0,50.0,49315.83999999999,3.724,9,4,1
42.0,1.0,2.0,1.0,1000.0,200.0,0.01,0.005,0.0,3.724,12,50,0
42.0,1.0,1.0,1.0,1000.0,200.0,0.01,0.005,0.0,3.724,20,50,0
48.0,1.0,3.0,1.0,1000.0,200.0,0.01,0.005,0.0,3.724,20,50,1
65.0,2.0,1.0,1.0,1000.0,200.0,0.01,0.005,0.0,3.724,9,8,1
44.0,1.0,2.0,1.0,1000.0,200.0,0.01,0.005,0.0,3.724,20,50,0
42.0,1.0,1.0,1.0,1000.0,200.0,0.01,0.005,0.0,3.724,20,50,0
48.0,1.0,2.0,1.0,1000.0,200.0,0.01,0.005,0.0,3.724,20,50,1
42.0,1.0,2.0,1.0,1000.0,200.0,0.01,0.005,0.0,3.724,20,50,1
48.0,1.0,2.0,1.0,1000.0,200.0,0.01,0.005,0.0,3.724,20,50,1
217.25,1.0,1.0,1.0,1.0,0.05588261112431856,100.0,50.0,136995.90972222225,3.724,20,50,1
48.0,1.0,2.0,1.0,1000.0,200.0,0.01,0.005,0.0,3.724,20,50,1
44.0,1.0,1.0,1.0,1000.0,200.0,0.01,0.005,0.0,3.724,20,50,1
134.2,1.0,1.0,1.0,1000.0,200.0,0.0011111111111111111,0.0005555555555555556,44277.759999999995,3.724,20,50,1
84.0,2.0,1.0,1.0,1000.0,200.0,0.01,0.005,0.0,3.724,9,4,1
44.0,1.0,2.0,1.0,1000.0,200.0,0.01,0.005,0.0,3.724,12,50,0
48.0,1.0,2.0,1.0,1000.0,200.0,0.01,0.005,0.0,3.724,20,50,1
48.0,1.0,2.0,1.0,1000.0,200.0,0.01,0.005,0.0,3.724,20,50,1
48.0,1.0,3.0,1.0,1000.0,200.0,0.01,0.005,0.0,3.724,20,50,1
48.0,1.0,2.0,1.0,1000.0,200.0,0.01,0.005,0.0,3.724,20,50,1
44.0,1.0,2.0,1.0,1000.0,200.0,0.01,0.005,0.0,3.724,20,50,0
42.0,1.0,2.0,1.0,1000.0,200.0,0.01,0.005,0.0,3.724,20,50,0
44.0,1.0,2.0,1.0,1000.0,200.0,0.01,0.005,0.0,3.724,20,50,1
56.0,1.0,1.0,1.0,1.0,0.018627875358091798,100.0,50.0,0.0,3.724,10,13,1
42.0,1.0,1.0,1.0,1000.0,200.0,0.01,0.005,0.0,3.724,20,50,0
256.22727272727275,1.0,1.0,1.0,1.0,0.0512240570524234,100.0,50.0,69149.84504132232,3.724,20,50,1
40.0,1.0,1.0,1.0,1000.0,200.0,0.01,0.005,0.0,3.724,20,50,1
124.6,1.0,1.0,1.0,1000.0,200.0,0.0011111111111111111,0.0005555555555555556,49315.83999999999,3.724,9,8,1
202.0909090909091,1.0,1.0,1.0,1000.0,200.0,0.001,0.0005,48745.78512396694,3.724,9,4,1
119.1,1.0,1.0,1.0,1000.0,200.0,0.0011111111111111111,0.0005555555555555556,44277.759999999995,3.724,9,5,1
48.0,1.0,3.0,1.0,1000.0,200.0,0.01,0.005,0.0,3.724,20,50,1
57.333333333333336,1.0,1.0,1.0,1000.0,200.0,0.005,0.0025,0.0,3.724,20,50,1
142.2,1.0,1.0,1.0,1000.0,200.0,0.0011111111111111111,0.0005555555555555556,49315.83999999999,3.724,9,8,1
143.6,1.0,1.0,1.0,1000.0,200.0,0.0011111111111111111,0.0005555555555555556,49315.83999999999,3.724,9,8,1
44.0,1.0,2.0,1.0,1000.0,200.0,0.01,0.005,0.0,3.724,20,50,0
61.0,2.0,2.0,1.0,1000.0,200.0,0.01,0.005,0.0,3.724,20,30,0
73.0,2.0,1.0,1.0,1000.0,200.0,0.01,0.005,0.0,3.724,9,4,1
44.0,1.0,2.0,1.0,1000.0,200.0,0.01,0.005,0.0,3.724,20,50,0
93.0,2.0,1.0,1.0,1000.0,200.0,0.0033333333333333335,0.0016666666666666668,0.0,3.724,1,1,0
44.0,1.0,2.0,1.0,1000.0,200.0,0.01,0.005,0.0,3.724,20,50,0
48.0,1.0,1.0,1.0,1000.0,200.0,0.01,0.005,0.0,3.724,20,50,1
84.27777777777777,1.0,1.0,1.0,1.0,0.04191134353796935,100.0,50.0,10113.58024691358,3.724,20,50,1
44.0,1.0,2.0,1.0,1000.0,200.0,0.01,0.005,0.0,3.724,20,50,0
44.0,1.0,1.0,1.0,1000.0,200.0,0.01,0.005,0.0,3.724,20,50,0
133.79310344827587,1.0,1.0,1.0,1.0,0.06752702303393325,100.0,50.0,50962.487514863264,3.724,20,50,1
44.0,1.0,1.0,1.0,1000.0,200.0,0.01,0.005,0.0,3.724,20,50,0
57.333333333333336,1.0,1.0,1.0,1000.0,200.0,0.005,0.0025,0.0,3.724,20,50,1
44.0,1.0,2.0,1.0,1000.0,200.0,0.01,0.005,0.0,3.724,20,50,0
44.0,1.0,1.0,1.0,1000.0,200.0,0.01,0.005,0.0,3.724,20,50,1
44.0,1.0,2.0,1.0,1000.0,200.0,0.01,0.005,0.0,3.724,20,50,0
84.0,2.0,1.0,1.0,1000.0,200.0,0.01,0.005,0.0,3.724,9,4,1
42.0,1.0,2.0,1.0,1000.0,200.0,0.01,0.005,0.0,3.724,20,50,0
48.0,1.0,3.0,1.0,1000.0,200.0,0.01,0.005,0.0,3.724,20,50,1
352.25,1.0,1.0,1.0,1000.0,200.0,0.0009090909090909091,0.00045454545454545455,211680.80555555553,3.724,9,5,1
44.0,1.0,1.0,1.0,1000.0,200.0,0.01,0.005,0.0,3.724,20,50,1
44.0,1.0,2.0,1.0,1000.0,200.0,0.01,0.005,0.0,3.724,20,50,0
48.0,1.0,2.0,1.0,1000.0,200.0,0.01,0.005,0.0,3.724,20,50,1
44.0,1.0,1.0,1.0,1000.0,200.0,0.01,0.005,0.0,3.724,20,50,1
44.0,1.0,2.0,1.0,1000.0,200.0,0.01,0.005,0.0,3.724,20,50,0
42.0,1.0,2.0,1.0,1000.0,200.0,0.01,0.005,0.0,3.724,20,50,0
84.11111111111111,1.0,1.0,1.0,1.0,0.04191149967728145,100.0,50.0,10113.58024691358,3.724,20,50,1
48.0,1.0,2.0,1.0,1000.0,200.0,0.01,0.005,0.0,3.724,20,50,1
67.0,2.0,1.0,1.0,1000.0,200.0,0.0007692307692307692,0.0003846153846153846,0.0,3.724,3,8,0
44.0,1.0,2.0,1.0,1000.0,200.0,0.01,0.005,0.0,3.724,20,50,0
85.75,1.0,1.0,1.0,1000.0,200.0,0.0033333333333333335,0.0016666666666666668,3072.0,3.724,12,50,1
48.0,1.0,2.0,1.0,1000.0,200.0,0.01,0.005,0.0,3.724,20,50,1
44.0,1.0,1.0,1.0,1000.0,200.0,0.00016949152542372882,8.474576271186441e-05,0.0,3.724,8,9,1
56.36363636363637,1.0,1.0,1.0,1.0,0.02561267855529591,100.0,50.0,0.0,3.724,20,50,1
71.0,2.0,1.0,1.0,1000.0,200.0,0.01,0.005,0.0,3.724,20,50,1
48.0,1.0,2.0,1.0,1000.0,200.0,0.01,0.005,0.0,3.724,20,50,1
213.72727272727272,1.0,2.0,1.0,1000.0,200.0,0.001,0.0005,120218.92561983471,3.724,20,30,0
56.57142857142857,1.0,1.0,1.0,1.0,0.016298203099825097,100.0,50.0,0.0,3.724,20,50,1
44.0,1.0,1.0,1.0,1000.0,200.0,0.01,0.005,0.0,3.724,20,50,0
44.0,1.0,2.0,1.0,1000.0,200.0,0.01,0.005,0.0,3.724,12,50,0
550.1739130434783,1.0,1.0,1.0,1.0,0.053551824778429326,100.0,50.0,321977.6937618148,3.724,20,50,1
57.333333333333336,1.0,1.0,1.0,1000.0,200.0,0.005,0.0025,0.0,3.724,20,50,1
316.1666666666667,1.0,1.0,1.0,1000.0,200.0,0.0009090909090909091,0.00045454545454545455,195376.80555555556,3.724,20,50,1
48.0,1.0,2.0,1.0,1000.0,200.0,0.01,0.005,0.0,3.724,20,50,1
50.0,1.0,1.0,1.0,1000.0,200.0,0.01,0.005,0.0,3.724,10,13,1
42.0,1.0,2.0,1.0,1000.0,200.0,0.01,0.005,0.0,3.724,20,50,0
65.0,2.0,1.0,1.0,1000.0,200.0,0.01,0.005,0.0,3.724,14,12,1
44.0,1.0,1.0,1.0,1000.0,200.0,0.01,0.005,0.0,3.724,20,50,1
44.0,1.0,2.0,1.0,1000.0,200.0,0.01,0.005,0.0,3.724,20,50,1
154.3,1.0,1.0,1.0,1000.0,200.0,0.0011111111111111111,0.0005555555555555556,49315.83999999999,3.724,9,8,1
48.0,1.0,2.0,1.0,1000.0,200.0,0.01,0.005,0.0,3.724,20,50,1
48.0,1.0,2.0,1.0,1000.0,200.0,0.01,0.005,0.0,3.724,20,50,1
44.0,1.0,2.0,1.0,1000.0,200.0,0.01,0.005,0.0,3.724,20,50,0
73.0,2.0,1.0,1.0,1000.0,200.0,0.01,0.005,0.0,3.724,9,4,1
118.0,1.0,1.0,1.0,1000.0,200.0,0.00125,0.000625,48342.91358024691,3.724,9,5,1
385.72727272727275,1.0,1.0,1.0,1000.0,200.0,0.001,0.0005,220912.1487603306,3.724,14,12,1
143.44444444444446,1.0,1.0,1.0,1000.0,200.0,0.00125,0.000625,53500.83950617283,3.724,9,8,1
217.25,1.0,1.0,1.0,1000.0,200.0,0.0009090909090909091,0.00045454545454545455,136995.90972222225,3.724,9,4,1
44.0,1.0,1.0,1.0,1000.0,200.0,0.01,0.005,0.0,3.724,20,50,0
44.0,1.0,2.0,1.0,1000.0,200.0,0.01,0.005,0.0,3.724,20,50,0
48.0,1.0,2.0,1.0,1000.0,200.0,0.01,0.005,0.0,3.724,20,50,1
48.0,1.0,2.0,1.0,1000.0,200.0,0.01,0.005,0.0,3.724,20,50,1
250.54545454545453,1.0,1.0,1.0,1000.0,200.0,0.001,0.0005,145305.86776859505,3.724,9,5,1
65.0,2.0,1.0,1.0,1000.0,200.0,0.01,0.005,0.0,3.724,20,50,1
40.0,1.0,3.0,1.0,1000.0,200.0,0.01,0.005,0.0,3.724,20,50,1
44.0,1.0,3.0,1.0,1000.0,200.0,0.01,0.005,0.0,3.724,20,50,0
44.0,1.0,1.0,1.0,1000.0,200.0,0.01,0.005,0.0,3.724,20,50,0
78.66666666666667,1.0,1.0,1.0,1000.0,200.0,0.0009090909090909091,0.00045454545454545455,2275.5555555555557,3.724,20,50,1
190.20833333333334,1.0,3.0,0.0,1.0,0.05588179138395913,100.0,50.0,56692.83159722222,3.724,5,50,0
93.57142857142857,1.0,1.0,1.0,1000.0,200.0,0.0016666666666666668,0.0008333333333333334,3343.673469387755,3.724,20,50,1
56.0,1.0,1.0,1.0,1.0,0.009313395526636428,100.0,50.0,0.0,3.724,20,50,1
68.0,2.0,1.0,1.0,1000.0,200.0,0.01,0.005,0.0,3.724,9,4,1
435.2,1.0,1.0,1.0,1000.0,200.0,0.0005263157894736842,0.0002631578947368421,258703.3275,3.724,9,5,1
48.0,1.0,2.0,1.0,1000.0,200.0,0.01,0.005,0.0,3.724,20,50,1
186.16666666666666,1.0,1.0,1.0,1000.0,200.0,0.0009090909090909091,0.00045454545454545455,45824.0,3.724,9,8,1
42.0,1.0,2.0,1.0,1000.0,200.0,0.01,0.005,0.0,3.724,20,50,0
44.0,1.0,2.0,1.0,1000.0,200.0,0.01,0.005,0.0,3.724,20,50,0
73.0,2.0,1.0,1.0,1000.0,200.0,0.01,0.005,0.0,3.724,9,8,1
54.666666666666664,1.0,1.0,1.0,1.0,0.013972077734120208,100.0,50.0,0.0,3.724,20,50,1
44.0,1.0,2.0,1.0,1.0,0.0046566511413917615,100.0,50.0,0.0,3.724,20,50,1
112.76190476190476,1.0,1.0,1.0,1.0,0.04889674962349502,100.0,50.0,15789.56916099773,3.724,20,50,1
295.84615384615387,1.0,1.0,1.0,1000.0,200.0,0.0008333333333333334,0.0004166666666666667,183852.53254437872,3.724,9,5,1
44.0,1.0,2.0,1.0,1.0,0.004656799684268981,100.0,50.0,0.0,3.724,20,50,1
212.0,1.0,2.0,1.0,1000.0,200.0,0.001,0.0005,120218.92561983471,3.724,20,30,0
88.6,1.0,1.0,1.0,1000.0,200.0,0.0011111111111111111,0.0005555555555555556,9871.36,3.724,20,50,1
191.9090909090909,1.0,1.0,1.0,1000.0,200.0,0.001,0.0005,48745.78512396694,3.724,9,4,1
304.25,1.0,2.0,1.0,1000.0,200.0,0.0006666666666666666,0.0003333333333333333,135731.58984375,3.724,20,30,0
44.0,1.0,3.0,1.0,1000.0,200.0,0.01,0.005,0.0,3.724,20,50,1
44.0,1.0,2.0,1.0,1000.0,200.0,0.01,0.005,0.0,3.724,20,50,0
67.0,2.0,1.0,1.0,1000.0,200.0,0.01,0.005,0.0,3.724,20,50,1
93.0,2.0,1.0,1.0,1000.0,200.0,0.01,0.005,0.0,3.724,4,2,0
84.0,2.0,1.0,1.0,1000.0,200.0,0.01,0.005,0.0,3.724,9,8,1
72.0,2.0,1.0,1.0,1000.0,200.0,0.01,0.005,0.0,3.724,20,50,1
68.0,2.0,3.0,0.0,1000.0,200.0,0.01,0.005,0.0,3.724,9,26,0
742.8888888888889,1.0,1.0,1.0,1000.0,200.0,0.0005882352941176471,0.00029411764705882356,327577.1358024691,3.724,10,13,1
40.0,1.0,1.0,0.0,3.296906705223711,0.5494844508706185,18.27631914893617,9.138159574468085,0.0,3.724,7,36,0
48.0,1.0,2.0,1.0,1000.0,200.0,0.01,0.005,0.0,3.724,20,50,1
53.333333333333336,1.0,1.0,1.0,1.0,0.027942424634041556,100.0,50.0,0.0,3.724,12,50,1
366.125,1.0,1.0,1.0,1.0,0.055888896599486655,100.0,50.0,233916.6232638889,3.724,9,4,1
48.0,1.0,2.0,1.0,1000.0,200.0,0.01,0.005,0.0,3.724,20,50,1
40.0,1.0,2.0,0.0,3.352834099440403,0.5588056832400672,17.970184100418408,8.985092050209204,0.0,3.724,7,36,0
388.27272727272725,1.0,1.0,1.0,1000.0,200.0,0.001,0.0005,220912.1487603306,3.724,14,12,1
339.72727272727275,1.0,1.0,1.0,1000.0,200.0,0.001,0.0005,228920.08264462813,3.724,9,8,1
56.0,1.0,1.0,1.0,1.0,0.0186285520282651,100.0,50.0,0.0,3.724,20,50,1
44.0,1.0,2.0,1.0,1000.0,200.0,0.01,0.005,0.0,3.724,20,50,1
42.0,1.0,2.0,1.0,1000.0,200.0,0.01,0.005,0.0,3.724,20,50,0
44.0,1.0,1.0,1.0,1000.0,200.0,0.01,0.005,0.0,3.724,20,50,0
42.0,1.0,2.0,1.0,1000.0,200.0,0.01,0.005,0.0,3.724,12,50,0
48.0,1.0,2.0,1.0,1000.0,200.0,0.01,0.005,0.0,3.724,20,50,1
44.0,1.0,2.0,1.0,1000.0,200.0,0.01,0.005,0.0,3.724,20,50,0
107.5,1.0,1.0,1.0,1.0,0.009313261082606064,100.0,50.0,19200.0,3.724,9,5,1
48.0,1.0,2.0,1.0,1000.0,200.0,0.01,0.005,0.0,3.724,20,50,1
48.0,1.0,3.0,1.0,1000.0,200.0,0.01,0.005,0.0,3.724,20,50,1
55.2,1.0,1.0,1.0,1.0,0.011641747118900423,100.0,50.0,0.0,3.724,20,50,1
40.0,1.0,1.0,1.0,1000.0,200.0,0.01,0.005,0.0,3.724,20,50,1
84.0,2.0,1.0,1.0,1000.0,200.0,0.01,0.005,0.0,3.724,20,50,1
44.0,1.0,2.0,1.0,1000.0,200.0,0.01,0.005,0.0,3.724,20,50,0
40.0,1.0,1.0,1.0,1000.0,200.0,0.01,0.005,0.0,3.724,20,50,1
55.2,1.0,1.0,1.0,1.0,0.01164157364273221,100.0,50.0,0.0,3.724,12,50,1
42.0,1.0,1.0,1.0,1000.0,200.0,0.01,0.005,0.0,3.724,12,50,0
55.2,1.0,1.0,1.0,1.0,0.011641912468185562,100.0,50.0,0.0,3.724,20,50,1
44.0,1.0,2.0,1.0,1000.0,200.0,0.01,0.005,0.0,3.724,20,50,1
42.0,1.0,3.0,1.0,1000.0,200.0,0.01,0.005,0.0,3.724,20,50,0
56.0,1.0,1.0,1.0,1.0,0.01862828308936104,100.0,50.0,0.0,3.724,20,50,1
40.0,1.0,1.0,0.0,1000.0,200.0,0.0001,5e-05,0.0,3.724,9,8,1
44.0,1.0,1.0,1.0,1.0,0.00465664680451583,100.0,50.0,0.0,3.724,20,50,1
42.0,1.0,3.0,1.0,1000.0,200.0,0.01,0.005,0.0,3.724,20,50,0
40.0,1.0,1.0,1.0,1000.0,200.0,0.01,0.005,0.0,3.724,20,50,1
55.2,1.0,1.0,1.0,1.0,0.01164166038017006,100.0,50.0,0.0,3.724,20,50,1
56.0,1.0,3.0,0.0,1.0,0.013971618984635876,100.0,50.0,0.0,3.724,20,50,0
57.333333333333336,1.0,1.0,1.0,1.0,0.013970805673078492,100.0,50.0,0.0,3.724,20,50,1
89.2,1.0,1.0,1.0,1000.0,200.0,0.0011111111111111111,0.0005555555555555556,2621.44,3.724,20,50,1
96.5,2.0,1.0,1.0,1000.0,200.0,0.0033333333333333335,0.0016666666666666668,4096.0,3.724,1,1,0
52.0,1.0,2.0,0.0,1.0,0.013969989203526675,100.0,50.0,0.0,3.724,20,50,0
55.2,1.0,1.0,1.0,1.0,0.011641871808089798,100.0,50.0,0.0,3.724,20,50,1
44.0,1.0,2.0,1.0,1000.0,200.0,0.01,0.005,0.0,3.724,20,50,0
44.0,1.0,2.0,1.0,1000.0,200.0,0.01,0.005,0.0,3.724,20,50,0
44.0,1.0,2.0,1.0,1000.0,200.0,0.01,0.005,0.0,3.724,20,50,0
54.0,2.0,1.0,1.0,1000.0,200.0,0.01,0.005,0.0,3.724,20,50,1
356.45454545454544,1.0,1.0,1.0,1.0,0.025611467977166676,100.0,50.0,228920.08264462813,3.724,14,12,1
44.0,1.0,2.0,1.0,1000.0,200.0,0.01,0.005,0.0,3.724,20,50,0
44.0,1.0,2.0,1.0,1000.0,200.0,0.01,0.005,0.0,3.724,20,50,0
44.0,1.0,2.0,1.0,1000.0,200.0,0.01,0.005,0.0,3.724,20,50,0
55.2,1.0,1.0,1.0,1.0,0.011641701038788985,100.0,50.0,0.0,3.724,20,50,1
68.0,2.0,1.0,1.0,1000.0,200.0,0.01,0.005,0.0,3.724,9,4,1
436.2857142857143,1.0,1.0,1.0,1000.0,200.0,0.0007692307692307692,0.0003846153846153846,244066.08673469385,3.724,20,50,1
127.44444444444444,1.0,1.0,1.0,1000.0,200.0,0.00125,0.000625,53500.83950617283,3.724,9,5,1
40.0,1.0,1.0,1.0,1000.0,200.0,0.01,0.005,0.0,3.724,1,1,0
44.0,1.0,2.0,1.0,1000.0,200.0,0.01,0.005,0.0,3.724,20,50,1
65.0,2.0,1.0,1.0,1000.0,200.0,0.01,0.005,0.0,3.724,9,4,1
48.0,1.0,3.0,1.0,1000.0,200.0,0.01,0.005,0.0,3.724,20,50,1
44.0,1.0,2.0,1.0,1000.0,200.0,0.01,0.005,0.0,3.724,20,50,0
65.0,2.0,1.0,1.0,1000.0,200.0,0.01,0.005,0.0,3.724,9,8,1
84.0,2.0,1.0,1.0,1000.0,200.0,0.01,0.005,0.0,3.724,9,4,1
50.0,1.0,1.0,1.0,1000.0,200.0,0.01,0.005,0.0,3.724,20,50,1
315.5833333333333,1.0,1.0,1.0,1000.0,200.0,0.0009090909090909091,0.00045454545454545455,195376.80555555556,3.724,20,50,1
56.0,1.0,1.0,1.0,1.0,0.009313328304136049,100.0,50.0,0.0,3.724,20,50,1
44.0,1.0,1.0,1.0,1000.0,200.0,0.01,0.005,0.0,3.724,20,50,1
52.0,1.0,2.0,0.0,1000.0,200.0,0.01,0.005,0.0,3.724,11,49,0
44.0,1.0,2.0,1.0,1000.0,200.0,0.01,0.005,0.0,3.724,20,50,0
55.55555555555556,1.0,1.0,1.0,1.0,0.020956281703652567,100.0,50.0,0.0,3.724,20,50,1
84.0,2.0,1.0,1.0,1000.0,200.0,0.01,0.005,0.0,3.724,9,4,1
166.6086956521739,1.0,1.0,1.0,1.0,0.053555528234474487,100.0,50.0,69266.82419659736,3.724,9,4,1
48.0,1.0,2.0,1.0,1000.0,200.0,0.01,0.005,0.0,3.724,20,50,1
56.0,1.0,1.0,1.0,1.0,0.01862862143311382,100.0,50.0,0.0,3.724,20,50,1
42.0,1.0,1.0,1.0,1000.0,200.0,0.01,0.005,0.0,3.724,20,50,0
42.0,1.0,2.0,1.0,1000.0,200.0,0.01,0.005,0.0,3.724,20,50,0
54.666666666666664,1.0,2.0,0.0,1.0,0.013971514875471887,100.0,50.0,0.0,3.724,5,50,0
312.3333333333333,1.0,1.0,1.0,1000.0,200.0,0.0009090909090909091,0.00045454545454545455,198637.25,3.724,20,50,1
44.0,1.0,2.0,1.0,1000.0,200.0,0.01,0.005,0.0,3.724,20,50,1
93.0,2.0,1.0,1.0,1000.0,200.0,0.01,0.005,0.0,3.724,4,2,0
65.0,2.0,1.0,1.0,1000.0,200.0,0.01,0.005,0.0,3.724,9,8,1
42.0,1.0,2.0,1.0,1000.0,200.0,0.01,0.005,0.0,3.724,12,50,0
254.0909090909091,1.0,1.0,1.0,1000.0,200.0,0.001,0.0005,145305.86776859505,3.724,10,13,1
44.0,1.0,2.0,1.0,1000.0,200.0,0.01,0.005,0.0,3.724,12,50,0
153.6315789473684,1.0,1.0,1.0,1.0,0.04423991632601931,100.0,50.0,92412.45983379503,3.724,20,50,1
67.0,2.0,1.0,1.0,1000.0,200.0,0.01,0.005,0.0,3.724,20,50,1
42.0,1.0,1.0,1.0,1000.0,200.0,0.01,0.005,0.0,3.724,20,50,0
48.0,1.0,2.0,1.0,1000.0,200.0,0.01,0.005,0.0,3.724,20,50,1
55.2,1.0,1.0,1.0,1.0,0.011641703749373676,100.0,50.0,0.0,3.724,20,50,1
73.0,2.0,1.0,1.0,1000.0,200.0,0.01,0.005,0.0,3.724,9,4,1
42.0,1.0,2.0,1.0,1000.0,200.0,0.01,0.005,0.0,3.724,20,50,0
44.0,1.0,2.0,1.0,1000.0,200.0,0.01,0.005,0.0,3.724,20,50,1
84.0,2.0,1.0,1.0,1000.0,200.0,0.01,0.005,0.0,3.724,20,50,1
44.0,1.0,2.0,1.0,1000.0,200.0,0.01,0.005,0.0,3.724,20,50,1
154.47368421052633,1.0,1.0,1.0,1.0,0.04424008114096566,100.0,50.0,77771.88365650969,3.724,9,4,1
68.0,2.0,1.0,1.0,1000.0,200.0,0.01,0.005,0.0,3.724,9,8,1
54.285714285714285,1.0,1.0,1.0,1.0,0.01629992609147798,100.0,50.0,0.0,3.724,20,50,1
56.8,1.0,1.0,1.0,1.0,0.011641617011289575,100.0,50.0,0.0,3.724,20,50,1
56.8,1.0,1.0,1.0,1.0,0.023283239443670275,100.0,50.0,0.0,3.724,20,50,1
56.0,1.0,2.0,0.0,1.0,0.009314345419239851,100.0,50.0,0.0,3.724,5,50,0
48.0,1.0,3.0,1.0,1000.0,200.0,0.01,0.005,0.0,3.724,20,50,1
48.0,1.0,2.0,1.0,1000.0,200.0,0.01,0.005,0.0,3.724,20,50,1
44.0,1.0,2.0,1.0,1000.0,200.0,0.01,0.005,0.0,3.724,20,50,1
42.0,1.0,2.0,1.0,1000.0,200.0,0.01,0.005,0.0,3.724,20,50,0
42.0,1.0,2.0,1.0,1000.0,200.0,0.01,0.005,0.0,3.724,20,50,0
44.0,1.0,3.0,1.0,1000.0,200.0,0.01,0.005,0.0,3.724,20,50,1
42.0,1.0,2.0,1.0,1.0,0.004656630541303032,100.0,50.0,0.0,3.724,20,50,1
44.0,1.0,2.0,1.0,1000.0,200.0,0.01,0.005,0.0,3.724,20,50,1
40.0,1.0,1.0,1.0,1000.0,200.0,0.01,0.005,0.0,3.724,20,50,1
40.0,1.0,1.0,1.0,1000.0,200.0,0.01,0.005,0.0,3.724,20,50,1
44.0,1.0,1.0,1.0,1000.0,200.0,0.01,0.005,0.0,3.724,12,50,0
92.5,2.0,1.0,1.0,1000.0,200.0,0.01,0.005,4096.0,3.724,20,50,1
48.0,1.0,2.0,1.0,1000.0,200.0,0.01,0.005,0.0,3.724,20,50,1
81.7,1.0,1.0,1.0,1000.0,200.0,0.0011111111111111111,0.0005555555555555556,2621.44,3.724,20,50,1
44.0,1.0,2.0,1.0,1000.0,200.0,0.01,0.005,0.0,3.724,20,50,0
48.0,1.0,3.0,1.0,1000.0,200.0,0.01,0.005,0.0,3.724,20,50,1
55.2,1.0,1.0,1.0,1.0,0.011641701038788985,100.0,50.0,0.0,3.724,20,50,1
44.0,1.0,1.0,1.0,1000.0,200.0,0.01,0.005,0.0,3.724,20,50,0
44.0,1.0,3.0,0.0,1000.0,200.0,0.01,0.005,0.0,3.724,20,50,0
42.0,1.0,3.0,1.0,1000.0,200.0,0.01,0.005,0.0,3.724,20,50,0
42.0,1.0,2.0,1.0,1000.0,200.0,0.01,0.005,0.0,3.724,20,50,0
93.0,2.0,1.0,1.0,1000.0,200.0,0.01,0.005,0.0,3.724,4,2,0
57.333333333333336,1.0,1.0,1.0,1000.0,200.0,0.005,0.0025,0.0,3.724,10,13,1
166.0,1.0,1.0,1.0,1000.0,200.0,0.0007142857142857143,0.00035714285714285714,40341.04888888889,3.724,20,50,1
68.0,2.0,1.0,1.0,1000.0,200.0,0.01,0.005,0.0,3.724,20,50,1
65.0,2.0,1.0,1.0,1000.0,200.0,0.01,0.005,0.0,3.724,20,50,1
42.0,1.0,1.0,1.0,1000.0,200.0,0.01,0.005,0.0,3.724,12,50,0
44.0,1.0,2.0,1.0,1000.0,200.0,0.01,0.005,0.0,3.724,20,50,0
44.0,1.0,2.0,1.0,1000.0,200.0,0.01,0.005,0.0,3.724,20,50,0
42.0,1.0,2.0,1.0,1000.0,200.0,0.01,0.005,0.0,3.724,20,50,0
44.0,1.0,2.0,1.0,1000.0,200.0,0.01,0.005,0.0,3.724,20,50,0
44.0,1.0,2.0,1.0,1000.0,200.0,0.01,0.005,0.0,3.724,20,50,0
444.8333333333333,1.0,1.0,1.0,1000.0,200.0,0.0005882352941176471,0.00029411764705882356,250486.8888888889,3.724,9,4,1
40.0,1.0,2.0,0.0,1000.0,200.0,0.0001,5e-05,0.0,3.724,7,36,0
48.0,1.0,2.0,1.0,1000.0,200.0,0.01,0.005,0.0,3.724,20,50,1
397.2857142857143,1.0,1.0,1.0,1000.0,200.0,0.0016666666666666668,0.0008333333333333334,296331.63265306124,3.724,20,50,1
123.45454545454545,1.0,1.0,1.0,1000.0,200.0,0.001,0.0005,45699.173553719,3.724,9,8,1
42.0,1.0,2.0,1.0,1000.0,200.0,0.01,0.005,0.0,3.724,12,50,0
44.0,1.0,3.0,1.0,1000.0,200.0,0.01,0.005,0.0,3.724,20,50,0
44.0,1.0,2.0,1.0,1000.0,200.0,0.01,0.005,0.0,3.724,20,50,1
71.0,2.0,1.0,1.0,1000.0,200.0,0.01,0.005,0.0,3.724,20,50,1
44.0,1.0,2.0,1.0,1000.0,200.0,0.01,0.005,0.0,3.724,20,50,0
40.0,1.0,2.0,1.0,1.3969888371278654,0.23283147285464423,43.383353535353535,21.691676767676768,0.0,3.724,9,8,1
68.0,2.0,1.0,1.0,1000.0,200.0,0.01,0.005,0.0,3.724,9,4,1
56.44444444444444,1.0,1.0,1.0,1000.0,200.0,0.00125,0.000625,0.0,3.724,10,13,1
44.0,1.0,2.0,1.0,1000.0,200.0,0.01,0.005,0.0,3.724,20,50,0
363.0,1.0,1.0,1.0,1000.0,200.0,0.0009090909090909091,0.00045454545454545455,209947.4722222222,3.724,20,50,1
44.0,1.0,3.0,1.0,1.0,0.004656630541303032,100.0,50.0,0.0,3.724,20,50,1
56.0,1.0,1.0,1.0,1.0,0.03725845749520239,100.0,50.0,0.0,3.724,10,13,1
56.0,1.0,1.0,1.0,1.0,0.009313462750107221,100.0,50.0,0.0,3.724,20,50,1
44.0,1.0,2.0,1.0,1000.0,200.0,0.01,0.005,0.0,3.724,20,50,1
48.0,1.0,2.0,1.0,1000.0,200.0,0.01,0.005,0.0,3.724,20,50,1
79.0,2.0,1.0,1.0,1000.0,200.0,0.01,0.005,0.0,3.724,20,50,1
68.0,2.0,1.0,1.0,1000.0,200.0,0.01,0.005,0.0,3.724,9,4,1
44.0,1.0,1.0,1.0,1000.0,200.0,0.01,0.005,0.0,3.724,20,50,0
48.0,1.0,2.0,1.0,1000.0,200.0,0.01,0.005,0.0,3.724,20,50,1
48.0,1.0,3.0,1.0,1000.0,200.0,0.01,0.005,0.0,3.724,20,50,1
42.0,1.0,2.0,1.0,1000.0,200.0,0.01,0.005,0.0,3.724,20,50,0
313.64285714285717,1.0,1.0,1.0,1000.0,200.0,0.0007692307692307692,0.0003846153846153846,174598.97959183672,3.724,9,8,1
278.0,2.0,1.0,1.0,1000.0,200.0,0.01,0.005,25600.0,3.724,4,2,0
44.0,1.0,2.0,1.0,1000.0,200.0,0.01,0.005,0.0,3.724,20,50,1
42.0,1.0,2.0,1.0,1000.0,200.0,0.01,0.005,0.0,3.724,20,50,0
40.0,1.0,1.0,1.0,1000.0,200.0,0.01,0.005,0.0,3.724,20,50,1
48.0,1.0,2.0,1.0,1000.0,200.0,0.01,0.005,0.0,3.724,20,50,1
48.0,1.0,3.0,1.0,1000.0,200.0,0.01,0.005,0.0,3.724,20,50,1
93.0,2.0,1.0,1.0,1000.0,200.0,0.01,0.005,0.0,3.724,4,2,0
57.333333333333336,1.0,1.0,1.0,1000.0,200.0,0.005,0.0025,0.0,3.724,12,50,1
44.0,1.0,2.0,1.0,1000.0,200.0,0.01,0.005,0.0,3.724,20,50,0
48.0,1.0,2.0,1.0,1000.0,200.0,0.01,0.005,0.0,3.724,20,50,1
44.0,1.0,2.0,1.0,1000.0,200.0,0.01,0.005,0.0,3.724,20,50,0
55.0,1.0,1.0,1.0,1000.0,200.0,0.0016666666666666668,0.0008333333333333334,0.0,3.724,20,50,1
44.0,1.0,2.0,1.0,1000.0,200.0,0.01,0.005,0.0,3.724,12,50,0
44.0,1.0,1.0,1.0,1000.0,200.0,0.01,0.005,0.0,3.724,20,50,1
42.0,1.0,2.0,1.0,1.0,0.004656630541303032,100.0,50.0,0.0,3.724,20,50,1
44.0,1.0,1.0,1.0,1000.0,200.0,0.01,0.005,0.0,3.724,20,50,1
71.0,2.0,1.0,1.0,1000.0,200.0,0.01,0.005,0.0,3.724,20,50,1
44.0,1.0,2.0,1.0,1000.0,200.0,0.01,0.005,0.0,3.724,20,50,0
44.0,1.0,2.0,1.0,1000.0,200.0,0.01,0.005,0.0,3.724,20,50,0
44.0,1.0,2.0,1.0,1000.0,200.0,0.01,0.005,0.0,3.724,20,50,0
96.5,2.0,1.0,1.0,1000.0,200.0,0.0033333333333333335,0.0016666666666666668,4096.0,3.724,1,1,0
73.0,2.0,1.0,1.0,1000.0,200.0,0.01,0.005,0.0,3.724,9,8,1
48.0,1.0,2.0,1.0,1000.0,200.0,0.01,0.005,0.0,3.724,20,50,1
44.0,1.0,2.0,1.0,1000.0,200.0,0.01,0.005,0.0,3.724,20,50,0
154.47368421052633,1.0,1.0,1.0,1.0,0.04423991632601931,100.0,50.0,77771.88365650969,3.724,20,50,1
216.03703703703704,1.0,1.0,1.0,1.0,0.06286817173069789,100.0,50.0,62336.10150891633,3.724,20,50,1
68.0,2.0,1.0,1.0,1000.0,200.0,0.01,0.005,0.0,3.724,14,12,1
67.0,2.0,1.0,1.0,1000.0,200.0,0.01,0.005,0.0,3.724,20,50,1
73.0,2.0,1.0,1.0,1000.0,200.0,0.01,0.005,0.0,3.724,9,4,1
73.0,2.0,1.0,1.0,1000.0,200.0,0.01,0.005,0.0,3.724,9,8,1
42.0,1.0,2.0,1.0,1.0,0.004656630541303032,100.0,50.0,0.0,3.724,20,50,1
44.0,1.0,1.0,1.0,1000.0,200.0,0.01,0.005,0.0,3.724,20,50,0
300.3076923076923,1.0,1.0,1.0,1000.0,200.0,0.0008333333333333334,0.0004166666666666667,183852.53254437872,3.724,9,5,1
48.0,1.0,2.0,1.0,1000.0,200.0,0.01,0.005,0.0,3.724,20,50,1
48.0,1.0,3.0,1.0,1000.0,200.0,0.01,0.005,0.0,3.724,20,50,1
73.0,2.0,1.0,1.0,1000.0,200.0,0.01,0.005,0.0,3.724,9,8,1
67.0,2.0,1.0,1.0,1000.0,200.0,0.01,0.005,0.0,3.724,20,50,1
44.0,1.0,3.0,1.0,1000.0,200.0,0.01,0.005,0.0,3.724,20,50,1
220.64285714285714,1.0,1.0,1.0,1.0,0.06519733603684952,100.0,50.0,61611.02423469388,3.724,20,50,1
42.0,1.0,2.0,1.0,1000.0,200.0,0.01,0.005,0.0,3.724,20,50,0
48.0,1.0,2.0,1.0,1000.0,200.0,0.01,0.005,0.0,3.724,20,50,1
44.0,1.0,1.0,1.0,1000.0,200.0,0.01,0.005,0.0,3.724,20,50,0
57.333333333333336,1.0,1.0,1.0,1000.0,200.0,0.005,0.0025,0.0,3.724,10,13,1
48.0,1.0,2.0,1.0,1000.0,200.0,0.01,0.005,0.0,3.724,20,50,1
48.0,1.0,2.0,1.0,1000.0,200.0,0.01,0.005,0.0,3.724,20,50,1
40.0,1.0,2.0,1.0,1000.0,200.0,0.0001,5e-05,0.0,3.724,20,50,1
44.0,1.0,2.0,1.0,1000.0,200.0,0.01,0.005,0.0,3.724,20,50,0
254.4090909090909,1.0,1.0,1.0,1.0,0.10245407787022189,99.87458139534884,49.93729069767442,69149.84504132232,3.724,20,50,1
44.0,1.0,3.0,1.0,1000.0,200.0,0.01,0.005,0.0,3.724,20,50,1
44.0,1.0,2.0,1.0,1000.0,200.0,0.01,0.005,0.0,3.724,20,50,0
100.25,1.0,1.0,1.0,1000.0,200.0,0.0014285714285714286,0.0007142857142857143,11200.0,3.724,9,8,1
48.0,1.0,2.0,1.0,1000.0,200.0,0.01,0.005,0.0,3.724,20,50,1
44.0,1.0,2.0,1.0,1000.0,200.0,0.01,0.005,0.0,3.724,20,50,0
48.0,1.0,2.0,1.0,1000.0,200.0,0.01,0.005,0.0,3.724,20,50,1
72.0,2.0,1.0,1.0,1000.0,200.0,0.01,0.005,0.0,3.724,20,50,1
42.0,1.0,1.0,1.0,1000.0,200.0,0.01,0.005,0.0,3.724,20,50,1
44.0,1.0,2.0,1.0,1000.0,200.0,0.01,0.005,0.0,3.724,12,50,0
44.0,1.0,1.0,1.0,1000.0,200.0,0.01,0.005,0.0,3.724,20,50,1
60.0,1.0,1.0,1.0,1000.0,200.0,0.002,0.001,0.0,3.724,20,50,1
84.0,2.0,1.0,1.0,1000.0,200.0,0.01,0.005,0.0,3.724,9,8,1
40.0,1.0,2.0,1.0,1000.0,200.0,0.0001,5e-05,0.0,3.724,20,50,1
40.0,1.0,1.0,1.0,1000.0,200.0,0.01,0.005,0.0,3.724,20,50,1
467.7857142857143,1.0,1.0,1.0,1.0,0.06520497299699056,100.0,50.0,294578.81632653065,3.724,9,4,1
42.0,1.0,3.0,1.0,1000.0,200.0,0.01,0.005,0.0,3.724,20,50,0
48.0,1.0,1.0,1.0,1000.0,200.0,0.01,0.005,0.0,3.724,20,50,1
280.22727272727275,1.0,1.0,1.0,1.0,0.051223854297006155,100.0,50.0,69149.84504132232,3.724,20,50,1
327.0,1.0,2.0,0.0,1000.0,200.0,0.0016666666666666668,0.0008333333333333334,203861.3469387755,3.724,20,30,0
139.2,1.0,1.0,1.0,1000.0,200.0,0.0011111111111111111,0.0005555555555555556,49315.83999999999,3.724,9,4,1
56.0,1.0,1.0,1.0,1.0,0.009313328304136049,100.0,50.0,0.0,3.724,20,50,1
42.0,1.0,2.0,1.0,1000.0,200.0,0.01,0.005,0.0,3.724,20,50,0
353.0,2.0,2.0,1.0,1000.0,200.0,0.01,0.005,0.0,3.724,7,12,0
52.0,1.0,2.0,0.0,1000.0,200.0,0.01,0.005,0.0,3.724,5,50,0
48.0,1.0,1.0,1.0,1000.0,200.0,0.01,0.005,0.0,3.724,20,50,1
96.0,2.0,2.0,0.0,1000.0,200.0,0.01,0.005,0.0,3.724,9,26,0
44.0,1.0,2.0,1.0,1.0,0.004656630541303032,100.0,50.0,0.0,3.724,20,50,1
93.9,1.0,1.0,1.0,1000.0,200.0,0.0011111111111111111,0.0005555555555555556,9216.0,3.724,9,4,1
54.666666666666664,1.0,2.0,0.0,1.0,0.027941741469037062,100.0,50.0,0.0,3.724,5,50,0
44.0,1.0,1.0,1.0,1000.0,200.0,0.01,0.005,0.0,3.724,12,50,0
169.44444444444446,1.0,1.0,1.0,1000.0,200.0,0.00125,0.000625,48342.91358024691,3.724,20,50,1
50.0,1.0,1.0,1.0,1000.0,200.0,0.01,0.005,0.0,3.724,20,50,1
50.0,2.0,1.0,1.0,1000.0,200.0,0.01,0.005,0.0,3.724,20,50,1
42.0,1.0,2.0,1.0,1000.0,200.0,0.01,0.005,0.0,3.724,20,50,0
48.0,1.0,2.0,1.0,1000.0,200.0,0.01,0.005,0.0,3.724,20,50,1
44.0,1.0,2.0,1.0,1000.0,200.0,0.01,0.005,0.0,3.724,20,50,1
42.0,1.0,2.0,1.0,1000.0,200.0,0.01,0.005,0.0,3.724,20,50,0
42.0,1.0,2.0,1.0,1000.0,200.0,0.01,0.005,0.0,3.724,12,50,0
60.333333333333336,1.0,1.0,1.0,1000.0,200.0,0.00125,0.000625,0.0,3.724,20,50,0
44.0,1.0,2.0,1.0,1000.0,200.0,0.01,0.005,0.0,3.724,20,50,0
717.2105263157895,1.0,1.0,1.0,1000.0,200.0,0.0005555555555555556,0.0002777777777777778,327837.14127423824,3.724,9,5,1
44.0,1.0,1.0,1.0,1000.0,200.0,0.01,0.005,0.0,3.724,20,50,1
42.0,1.0,2.0,1.0,1000.0,200.0,0.01,0.005,0.0,3.724,20,50,0
93.0,2.0,1.0,1.0,1000.0,200.0,0.0033333333333333335,0.0016666666666666668,0.0,3.724,1,1,0
44.0,1.0,2.0,1.0,1000.0,200.0,0.01,0.005,0.0,3.724,20,50,0
56.36363636363637,1.0,1.0,1.0,1.0,0.02561332861737622,100.0,50.0,0.0,3.724,10,13,1
44.0,1.0,2.0,1.0,1000.0,200.0,0.01,0.005,0.0,3.724,20,50,0
44.0,1.0,2.0,1.0,1000.0,200.0,0.01,0.005,0.0,3.724,12,50,0
44.0,1.0,2.0,1.0,1000.0,200.0,0.01,0.005,0.0,3.724,12,50,0
42.0,1.0,2.0,1.0,1000.0,200.0,0.01,0.005,0.0,3.724,20,50,0
44.0,1.0,2.0,1.0,1000.0,200.0,0.01,0.005,0.0,3.724,20,50,1
159.28571428571428,1.0,1.0,1.0,1.0,0.06519970436591192,100.0,50.0,68317.30994897959,3.724,9,4,1
71.0,2.0,1.0,1.0,1000.0,200.0,0.01,0.005,0.0,3.724,20,50,1
373.625,1.0,1.0,1.0,1000.0,200.0,0.0006666666666666666,0.0003333333333333333,225566.93359375,3.724,20,50,1
48.0,1.0,2.0,1.0,1000.0,200.0,0.01,0.005,0.0,3.724,20,50,1
44.0,1.0,2.0,1.0,1000.0,200.0,0.01,0.005,0.0,3.724,20,50,0
42.0,1.0,2.0,1.0,1000.0,200.0,0.01,0.005,0.0,3.724,20,50,0
44.0,1.0,2.0,1.0,1000.0,200.0,0.01,0.005,0.0,3.724,12,50,0
44.57142857142857,1.0,1.0,1.0,1000.0,200.0,0.0016666666666666668,0.0008333333333333334,0.0,3.724,20,50,1
48.0,1.0,2.0,1.0,1000.0,200.0,0.01,0.005,0.0,3.724,20,50,1
48.0,1.0,2.0,1.0,1000.0,200.0,0.01,0.005,0.0,3.724,20,50,1
48.0,1.0,3.0,1.0,1000.0,200.0,0.01,0.005,0.0,3.724,20,50,1
44.0,1.0,2.0,1.0,1000.0,200.0,0.01,0.005,0.0,3.724,20,50,0
284.4347826086956,1.0,1.0,1.0,1.0,0.05355261031721307,100.0,50.0,66629.6370510397,3.724,20,50,1
706.3684210526316,1.0,1.0,1.0,1000.0,200.0,0.0005555555555555556,0.0002777777777777778,327837.14127423824,3.724,10,13,1
44.0,1.0,3.0,1.0,1000.0,200.0,0.01,0.005,0.0,3.724,20,50,0
44.0,1.0,1.0,1.0,1000.0,200.0,0.01,0.005,0.0,3.724,20,50,1
40.0,1.0,1.0,1.0,1000.0,200.0,0.01,0.005,0.0,3.724,20,50,1
44.0,1.0,2.0,1.0,1000.0,200.0,0.01,0.005,0.0,3.724,20,50,0
44.0,1.0,2.0,1.0,1000.0,200.0,0.01,0.005,0.0,3.724,20,50,0
44.0,1.0,2.0,1.0,1000.0,200.0,0.01,0.005,0.0,3.724,20,50,0
44.0,1.0,1.0,1.0,1000.0,200.0,0.01,0.005,0.0,3.724,20,50,0
67.0,2.0,1.0,1.0,1000.0,200.0,0.01,0.005,0.0,3.724,20,50,1
237.5,1.0,1.0,1.0,1.0,0.05122758763934195,100.0,50.0,133447.88429752065,3.724,20,50,1
48.0,1.0,2.0,1.0,1000.0,200.0,0.01,0.005,0.0,3.724,20,50,1
260.2,1.0,1.0,1.0,1000.0,200.0,0.0011111111111111111,0.0005555555555555556,154908.81,3.724,9,5,1
44.0,1.0,2.0,1.0,1000.0,200.0,0.01,0.005,0.0,3.724,20,50,0
44.0,1.0,1.0,1.0,1000.0,200.0,0.01,0.005,0.0,3.724,20,50,1
73.0,2.0,1.0,1.0,1000.0,200.0,0.01,0.005,0.0,3.724,9,8,1
44.0,1.0,2.0,1.0,1000.0,200.0,0.01,0.005,0.0,3.724,20,50,0
55.2,1.0,1.0,1.0,1.0,0.011641787778125221,100.0,50.0,0.0,3.724,20,50,1
165.7826086956522,1.0,1.0,1.0,1.0,0.05355358292097074,100.0,50.0,81301.9697542533,3.724,20,50,1
44.0,1.0,2.0,1.0,1000.0,200.0,0.01,0.005,0.0,3.724,20,50,0
42.0,1.0,2.0,1.0,1000.0,200.0,0.01,0.005,0.0,3.724,20,50,1
44.0,1.0,3.0,1.0,1000.0,200.0,0.01,0.005,0.0,3.724,12,50,0
146.6,1.0,1.0,1.0,1000.0,200.0,0.0011111111111111111,0.0005555555555555556,49315.83999999999,3.724,9,8,1
40.0,1.0,1.0,1.0,1000.0,200.0,0.01,0.005,0.0,3.724,20,50,1
48.0,1.0,2.0,1.0,1000.0,200.0,0.01,0.005,0.0,3.724,20,50,1
44.0,1.0,2.0,1.0,1000.0,200.0,0.01,0.005,0.0,3.724,12,50,0
42.0,1.0,2.0,1.0,1.0,0.004656783419988311,100.0,50.0,0.0,3.724,20,50,1
44.0,1.0,2.0,1.0,1000.0,200.0,0.01,0.005,0.0,3.724,20,50,0
55.2,1.0,1.0,1.0,1.0,0.011641787778125221,100.0,50.0,0.0,3.724,20,50,1
56.0,1.0,2.0,0.0,1.0,0.00931329360903166,100.0,50.0,0.0,3.724,7,36,0
50.0,2.0,1.0,1.0,1000.0,200.0,0.01,0.005,0.0,3.724,20,50,1
48.0,1.0,2.0,1.0,1000.0,200.0,0.01,0.005,0.0,3.724,20,50,1
44.0,1.0,2.0,1.0,1000.0,200.0,0.01,0.005,0.0,3.724,20,50,0
217.91666666666666,1.0,1.0,1.0,1.0,0.05588240293401243,100.0,50.0,125719.90972222219,3.724,20,50,1
48.0,1.0,3.0,1.0,1000.0,200.0,0.01,0.005,0.0,3.724,20,50,1
399.72727272727275,1.0,1.0,1.0,1.0,0.02561140834573352,100.0,50.0,288004.95867768594,3.724,20,50,1
68.0,2.0,1.0,1.0,1000.0,200.0,0.01,0.005,0.0,3.724,9,8,1
338.61538461538464,1.0,1.0,1.0,1000.0,200.0,0.0008333333333333334,0.0004166666666666667,200580.39053254438,3.724,10,13,1
44.0,1.0,2.0,1.0,1000.0,200.0,0.01,0.005,0.0,3.724,20,50,0
48.0,1.0,2.0,1.0,1000.0,200.0,0.01,0.005,0.0,3.724,20,50,1
48.0,1.0,2.0,1.0,1000.0,200.0,0.01,0.005,0.0,3.724,20,50,1
48.0,1.0,2.0,1.0,1000.0,200.0,0.01,0.005,0.0,3.724,20,50,1
44.0,1.0,1.0,1.0,1.0,0.004656630541303032,100.0,50.0,0.0,3.724,20,50,1
86.6,1.0,1.0,1.0,1000.0,200.0,0.0011111111111111111,0.0005555555555555556,2621.44,3.724,20,50,1
48.0,1.0,2.0,1.0,1000.0,200.0,0.01,0.005,0.0,3.724,20,50,1
44.0,1.0,3.0,1.0,1000.0,200.0,0.01,0.005,0.0,3.724,20,50,1
56.0,1.0,2.0,0.0,1.0,0.018628634446580528,100.0,50.0,0.0,3.724,5,50,0
84.0,2.0,1.0,1.0,1000.0,200.0,0.01,0.005,0.0,3.724,9,4,1
385.0769230769231,1.0,1.0,1.0,1000.0,200.0,0.0008333333333333334,0.0004166666666666667,257755.9171597633,3.724,9,4,1
44.0,1.0,3.0,1.0,1000.0,200.0,0.01,0.005,0.0,3.724,20,50,1
56.0,1.0,3.0,0.0,1.0,0.009314091661838862,100.0,50.0,0.0,3.724,5,50,0
350.0,2.0,3.0,1.0,1000.0,200.0,0.01,0.005,0.0,3.724,7,12,0
145.22222222222223,1.0,1.0,1.0,1000.0,200.0,0.00125,0.000625,53500.83950617283,3.724,9,4,1
55.2,1.0,1.0,1.0,1.0,0.023285603279916935,100.0,50.0,0.0,3.724,20,50,1
81.9,1.0,1.0,1.0,1000.0,200.0,0.0011111111111111111,0.0005555555555555556,2621.44,3.724,20,50,1
57.333333333333336,1.0,1.0,1.0,1.0,0.013971264369154333,100.0,50.0,0.0,3.724,12,50,1
208.54545454545453,1.0,1.0,1.0,1000.0,200.0,0.001,0.0005,74066.51239669422,3.724,8,9,0
44.0,1.0,2.0,1.0,1000.0,200.0,0.01,0.005,0.0,3.724,20,50,0
48.0,1.0,1.0,1.0,1000.0,200.0,0.01,0.005,0.0,3.724,20,50,1
42.0,1.0,2.0,1.0,1000.0,200.0,0.01,0.005,0.0,3.724,12,50,0
42.0,1.0,2.0,1.0,1000.0,200.0,0.01,0.005,0.0,3.724,12,50,0
40.0,1.0,1.0,0.0,1000.0,200.0,0.0001,5e-05,0.0,3.724,20,50,1
44.0,1.0,2.0,1.0,1000.0,200.0,0.01,0.005,0.0,3.724,20,50,0
48.0,1.0,2.0,1.0,1000.0,200.0,0.01,0.005,0.0,3.724,20,50,1
57.333333333333336,1.0,1.0,1.0,1000.0,200.0,0.005,0.0025,0.0,3.724,12,50,1
48.0,1.0,2.0,1.0,1000.0,200.0,0.01,0.005,0.0,3.724,20,50,1
84.0,2.0,1.0,1.0,1000.0,200.0,0.01,0.005,0.0,3.724,9,4,1
40.0,1.0,2.0,1.0,1000.0,200.0,0.01,0.005,0.0,3.724,3,8,1
67.0,2.0,1.0,1.0,1000.0,200.0,0.01,0.005,0.0,3.724,20,50,1
44.0,1.0,2.0,1.0,1000.0,200.0,0.01,0.005,0.0,3.724,20,50,1
140.2,1.0,1.0,1.0,1000.0,200.0,0.0011111111111111111,0.0005555555555555556,49315.83999999999,3.724,9,8,1
40.0,1.0,3.0,1.0,1000.0,200.0,0.01,0.005,0.0,3.724,3,8,1
55.69230769230769,1.0,2.0,0.0,1.0,0.030272503764269407,100.0,50.0,0.0,3.724,5,50,0
44.0,1.0,2.0,1.0,1000.0,200.0,0.01,0.005,0.0,3.724,12,50,0
42.0,1.0,1.0,1.0,1000.0,200.0,0.01,0.005,0.0,3.724,20,50,0
42.0,1.0,2.0,1.0,1000.0,200.0,0.01,0.005,0.0,3.724,20,50,0
44.0,1.0,2.0,1.0,1000.0,200.0,0.01,0.005,0.0,3.724,20,50,0
67.0,2.0,1.0,1.0,1000.0,200.0,0.01,0.005,0.0,3.724,20,50,1
44.0,1.0,2.0,1.0,1000.0,200.0,0.01,0.005,0.0,3.724,20,50,0
123.63636363636364,1.0,1.0,1.0,1000.0,200.0,0.001,0.0005,45699.173553719,3.724,9,8,1
73.0,2.0,1.0,1.0,1000.0,200.0,0.01,0.005,0.0,3.724,9,8,1
56.0,1.0,1.0,1.0,1.0,0.01396994041354749,100.0,50.0,0.0,3.724,20,50,1
68.0,2.0,1.0,1.0,1000.0,200.0,0.01,0.005,0.0,3.724,14,12,1
165.42857142857142,1.0,1.0,1.0,1000.0,200.0,0.0005,0.00025,72630.24943310657,3.724,14,12,1
84.0,2.0,1.0,1.0,1000.0,200.0,0.01,0.005,0.0,3.724,9,4,1
56.8,1.0,1.0,1.0,1.0,0.02328315270651516,100.0,50.0,0.0,3.724,20,50,1
284.25,1.0,1.0,1.0,1000.0,200.0,0.0009090909090909091,0.00045454545454545455,198781.25,3.724,9,4,1
44.0,1.0,1.0,1.0,1000.0,200.0,0.01,0.005,0.0,3.724,20,50,0
40.0,1.0,2.0,1.0,1000.0,200.0,0.01,0.005,0.0,3.724,7,36,1
44.0,1.0,2.0,1.0,1000.0,200.0,0.01,0.005,0.0,3.724,20,50,0
313.45454545454544,1.0,1.0,1.0,1000.0,200.0,0.001,0.0005,211719.4214876033,3.724,9,4,1
293.5,1.0,1.0,1.0,1000.0,200.0,0.0007692307692307692,0.0003846153846153846,174242.4081632653,3.724,9,4,1
48.0,1.0,2.0,1.0,1000.0,200.0,0.01,0.005,0.0,3.724,20,50,1
44.0,1.0,1.0,1.0,1000.0,200.0,0.01,0.005,0.0,3.724,20,50,0
57.333333333333336,1.0,1.0,1.0,1000.0,200.0,0.005,0.0025,0.0,3.724,10,13,1
48.0,1.0,2.0,1.0,1000.0,200.0,0.01,0.005,0.0,3.724,20,50,1
48.0,1.0,2.0,1.0,1000.0,200.0,0.01,0.005,0.0,3.724,20,50,1
60.0,1.0,1.0,1.0,1000.0,200.0,0.01,0.005,0.0,3.724,20,50,1
56.0,1.0,1.0,1.0,1.0,0.01862821802466376,100.0,50.0,0.0,3.724,20,50,1
44.0,1.0,3.0,1.0,1000.0,200.0,0.01,0.005,0.0,3.724,20,50,1
417.7857142857143,1.0,1.0,1.0,1.0,0.032596421378595794,100.0,50.0,244066.08673469385,3.724,9,4,1
52.0,1.0,2.0,0.0,1.0,0.009313937679045899,100.0,50.0,0.0,3.724,5,50,0
55.2,1.0,1.0,1.0,1.0,0.011641787778125221,100.0,50.0,0.0,3.724,20,50,1
57.0,1.0,1.0,1.0,1.0,0.01862658721806332,100.0,50.0,0.0,3.724,20,50,1
42.0,1.0,1.0,1.0,1000.0,200.0,0.01,0.005,0.0,3.724,20,50,1
180.91666666666666,1.0,1.0,1.0,1000.0,200.0,0.0009090909090909091,0.00045454545454545455,45824.0,3.724,9,4,1
65.0,2.0,1.0,1.0,1000.0,200.0,0.01,0.005,0.0,3.724,9,8,1
125.8,1.0,1.0,1.0,1000.0,200.0,0.0011111111111111111,0.0005555555555555556,49315.83999999999,3.724,9,8,1
44.0,1.0,2.0,1.0,1000.0,200.0,0.01,0.005,0.0,3.724,20,50,0
42.0,1.0,2.0,1.0,1000.0,200.0,0.01,0.005,0.0,3.724,12,50,0
44.0,1.0,2.0,1.0,1000.0,200.0,0.01,0.005,0.0,3.724,20,50,0
40.0,1.0,1.0,1.0,1000.0,200.0,0.01,0.005,0.0,3.724,20,50,1
357.75,1.0,1.0,1.0,1000.0,200.0,0.0009090909090909091,0.00045454545454545455,209947.4722222222,3.724,20,50,1
68.0,2.0,1.0,1.0,1000.0,200.0,0.01,0.005,0.0,3.724,9,8,1
44.0,1.0,2.0,1.0,1000.0,200.0,0.01,0.005,0.0,3.724,20,50,0
44.0,1.0,2.0,1.0,1.0,0.004656629457092885,100.0,50.0,0.0,3.724,20,50,1
296.5,2.0,1.0,1.0,1000.0,200.0,0.01,0.005,123904.0,3.724,20,50,0
134.5,1.0,1.0,1.0,1000.0,200.0,0.0011111111111111111,0.0005555555555555556,49315.83999999999,3.724,14,12,1
44.0,1.0,2.0,1.0,1000.0,200.0,0.01,0.005,0.0,3.724,20,50,0
466.42857142857144,1.0,1.0,1.0,1000.0,200.0,0.0007692307692307692,0.0003846153846153846,287384.693877551,3.724,9,8,1
227.76,1.0,1.0,1.0,1.0,0.11642294686968967,87.64665306122448,43.82332653061224,61375.01440000001,3.724,20,50,1
48.0,1.0,2.0,1.0,1000.0,200.0,0.01,0.005,0.0,3.724,20,50,1
73.0,2.0,1.0,1.0,1000.0,200.0,0.01,0.005,0.0,3.724,9,8,1
92.2,1.0,1.0,1.0,1000.0,200.0,0.0011111111111111111,0.0005555555555555556,9871.36,3.724,20,50,1
93.0,2.0,1.0,1.0,1000.0,200.0,0.0033333333333333335,0.0016666666666666668,0.0,3.724,1,1,0
84.0,2.0,1.0,1.0,1000.0,200.0,0.01,0.005,0.0,3.724,20,50,1
72.0,2.0,1.0,1.0,1.0,0.0046566641520680244,100.0,50.0,0.0,3.724,20,50,1
42.0,1.0,2.0,1.0,1000.0,200.0,0.01,0.005,0.0,3.724,20,50,0
57.333333333333336,1.0,1.0,1.0,1.0,0.020954837435863644,100.0,50.0,0.0,3.724,10,13,1
42.0,1.0,2.0,1.0,1000.0,200.0,0.01,0.005,0.0,3.724,20,50,0
93.0,2.0,1.0,1.0,1000.0,200.0,0.01,0.005,0.0,3.724,4,2,0
44.0,1.0,2.0,1.0,1000.0,200.0,0.01,0.005,0.0,3.724,20,50,0
329.6363636363636,1.0,1.0,1.0,1000.0,200.0,0.001,0.0005,211719.4214876033,3.724,9,8,1
353.1818181818182,1.0,1.0,1.0,1000.0,200.0,0.001,0.0005,228920.08264462813,3.724,9,8,1
42.0,1.0,2.0,1.0,1000.0,200.0,0.01,0.005,0.0,3.724,12,50,0
73.0,2.0,1.0,1.0,1000.0,200.0,0.01,0.005,0.0,3.724,9,8,1
48.0,1.0,3.0,1.0,1000.0,200.0,0.01,0.005,0.0,3.724,20,50,1
260.0869565217391,1.0,1.0,1.0,1.0,0.05355222377937602,100.0,50.0,66629.6370510397,3.724,20,50,1
73.0,2.0,1.0,1.0,1000.0,200.0,0.01,0.005,0.0,3.724,9,4,1
44.0,1.0,3.0,1.0,1000.0,200.0,0.01,0.005,0.0,3.724,20,50,1
56.0,1.0,1.0,1.0,1.0,0.00931336299949894,100.0,50.0,0.0,3.724,20,50,1
44.0,1.0,2.0,1.0,1000.0,200.0,0.01,0.005,0.0,3.724,20,50,0
56.30769230769231,1.0,1.0,1.0,1.0,0.030270184683053702,100.0,50.0,0.0,3.724,10,13,1
73.0,2.0,1.0,1.0,1000.0,200.0,0.01,0.005,0.0,3.724,9,4,1
93.0,2.0,1.0,1.0,1000.0,200.0,0.01,0.005,0.0,3.724,4,2,0
42.0,1.0,1.0,1.0,1000.0,200.0,0.01,0.005,0.0,3.724,12,50,0
44.0,1.0,2.0,1.0,1000.0,200.0,0.01,0.005,0.0,3.724,20,50,0
117.6,1.0,1.0,1.0,1000.0,200.0,0.0011111111111111111,0.0005555555555555556,16384.0,3.724,9,4,1
136.7,1.0,1.0,1.0,1000.0,200.0,0.0011111111111111111,0.0005555555555555556,49315.83999999999,3.724,9,4,1
40.0,1.0,2.0,1.0,1000.0,200.0,0.01,0.005,0.0,3.724,3,8,1
48.0,1.0,2.0,1.0,1000.0,200.0,0.01,0.005,0.0,3.724,20,50,1
42.0,1.0,2.0,1.0,1000.0,200.0,0.01,0.005,0.0,3.724,20,50,0
61.0,2.0,2.0,1.0,1000.0,200.0,0.01,0.005,0.0,3.724,20,30,0
361.53846153846155,1.0,1.0,1.0,1.0,0.03027074151208408,100.0,50.0,193878.94674556213,3.724,20,50,1
84.2,1.0,1.0,1.0,1000.0,200.0,0.0011111111111111111,0.0005555555555555556,2621.44,3.724,20,50,1
56.44444444444444,1.0,1.0,1.0,1.0,0.02095491549930325,100.0,50.0,0.0,3.724,20,50,1
67.0,2.0,1.0,1.0,1000.0,200.0,0.01,0.005,0.0,3.724,20,50,1
48.0,1.0,2.0,1.0,1000.0,200.0,0.01,0.005,0.0,3.724,20,50,1
42.0,1.0,2.0,1.0,1000.0,200.0,0.01,0.005,0.0,3.724,20,50,0
44.0,1.0,1.0,1.0,1000.0,200.0,0.01,0.005,0.0,3.724,20,50,1
60.333333333333336,1.0,1.0,1.0,1000.0,200.0,0.00125,0.000625,0.0,3.724,20,50,1
163.33333333333334,1.0,1.0,1.0,1.0,0.07684474543780898,100.0,50.0,61824.73461891644,3.724,20,50,1
44.0,1.0,2.0,1.0,1000.0,200.0,0.01,0.005,0.0,3.724,20,50,0
52.0,1.0,2.0,0.0,1.0,0.020955066748872615,100.0,50.0,0.0,3.724,20,50,0
85.9,1.0,1.0,1.0,1000.0,200.0,0.0011111111111111111,0.0005555555555555556,2621.44,3.724,20,50,1
44.0,1.0,2.0,1.0,1000.0,200.0,0.01,0.005,0.0,3.724,20,50,0
42.666666666666664,1.0,1.0,1.0,1000.0,200.0,0.005,0.0025,0.0,3.724,20,50,1
71.0,2.0,1.0,1.0,1000.0,200.0,0.01,0.005,0.0,3.724,20,50,1
390.1666666666667,1.0,1.0,1.0,1000.0,200.0,0.0009090909090909091,0.00045454545454545455,272254.6875,3.724,9,8,1
42.0,1.0,2.0,1.0,1000.0,200.0,0.01,0.005,0.0,3.724,12,50,0
211.75,1.0,1.0,1.0,1000.0,200.0,0.0009090909090909091,0.00045454545454545455,111925.6875,3.724,9,8,1
87.44444444444444,1.0,1.0,1.0,1000.0,200.0,0.00125,0.000625,2831.8024691358023,3.724,20,50,1
48.0,1.0,2.0,1.0,1000.0,200.0,0.01,0.005,0.0,3.724,20,50,1
55.2,1.0,1.0,1.0,1.0,0.011641785067501399,100.0,50.0,0.0,3.724,20,50,1
44.0,1.0,3.0,1.0,1000.0,200.0,0.01,0.005,0.0,3.724,20,50,0
44.0,1.0,2.0,1.0,1000.0,200.0,0.01,0.005,0.0,3.724,12,50,0
42.0,1.0,1.0,1.0,1000.0,200.0,0.01,0.005,0.0,3.724,20,50,0
55.2,1.0,1.0,1.0,1.0,0.01164157635325758,100.0,50.0,0.0,3.724,12,50,1
134.2,1.0,1.0,1.0,1000.0,200.0,0.0011111111111111111,0.0005555555555555556,44277.759999999995,3.724,20,50,1
44.0,1.0,2.0,1.0,1000.0,200.0,0.01,0.005,0.0,3.724,20,50,0
73.0,2.0,1.0,1.0,1000.0,200.0,0.01,0.005,0.0,3.724,9,4,1
32.0,0.0,1.0,0.0,1.0,0.006985175129982467,100.0,50.0,0.0,3.724,3,8,0
44.0,1.0,2.0,1.0,1000.0,200.0,0.01,0.005,0.0,3.724,20,50,1
44.0,1.0,2.0,1.0,1000.0,200.0,0.01,0.005,0.0,3.724,20,50,0
42.0,1.0,1.0,1.0,1000.0,200.0,0.01,0.005,0.0,3.724,12,50,0
56.57142857142857,1.0,1.0,1.0,1.0,0.016298206894560616,100.0,50.0,0.0,3.724,20,50,1
48.0,1.0,2.0,1.0,1000.0,200.0,0.01,0.005,0.0,3.724,20,50,1
42.0,1.0,2.0,1.0,1000.0,200.0,0.01,0.005,0.0,3.724,12,50,0
44.0,1.0,3.0,1.0,1000.0,200.0,0.01,0.005,0.0,3.724,20,50,1
48.0,1.0,2.0,1.0,1000.0,200.0,0.01,0.005,0.0,3.724,20,50,1
73.0,2.0,1.0,1.0,1000.0,200.0,0.01,0.005,0.0,3.724,20,50,1
48.0,1.0,2.0,1.0,1000.0,200.0,0.01,0.005,0.0,3.724,20,50,1
48.0,1.0,2.0,1.0,1000.0,200.0,0.01,0.005,0.0,3.724,20,50,1
42.0,1.0,2.0,1.0,1000.0,200.0,0.01,0.005,0.0,3.724,20,50,0
44.0,1.0,2.0,1.0,1000.0,200.0,0.01,0.005,0.0,3.724,20,50,0
48.0,1.0,2.0,1.0,1000.0,200.0,0.01,0.005,0.0,3.724,20,50,1
134.0,2.0,1.0,1.0,1000.0,200.0,0.01,0.005,4096.0,3.724,1,2,0
55.2,1.0,1.0,1.0,1.0,0.01164166038017006,100.0,50.0,0.0,3.724,20,50,1
42.0,1.0,2.0,1.0,1000.0,200.0,0.01,0.005,0.0,3.724,20,50,0
48.0,1.0,2.0,1.0,1000.0,200.0,0.01,0.005,0.0,3.724,20,50,1
216.875,1.0,1.0,1.0,1.0,0.018626522165212128,100.0,50.0,155787.234375,3.724,20,50,1
706.0526315789474,1.0,1.0,1.0,1000.0,200.0,0.0005555555555555556,0.0002777777777777778,327837.14127423824,3.724,14,12,1
55.166666666666664,1.0,1.0,1.0,1000.0,200.0,0.002,0.001,0.0,3.724,9,5,1
68.0,2.0,1.0,1.0,1000.0,200.0,0.01,0.005,0.0,3.724,9,8,1
44.0,1.0,2.0,1.0,1000.0,200.0,0.01,0.005,0.0,3.724,20,50,1
137.36666666666667,1.0,1.0,1.0,1.0,0.06985598025404291,100.0,50.0,64528.69888888888,3.724,20,50,1
68.0,2.0,1.0,1.0,1000.0,200.0,0.01,0.005,0.0,3.724,14,12,1
115.2,1.0,1.0,1.0,1000.0,200.0,0.0011111111111111111,0.0005555555555555556,44277.759999999995,3.724,9,5,1
109.54545454545455,1.0,1.0,1.0,1000.0,200.0,0.001,0.0005,15233.057851239671,3.724,20,50,1
260.0869565217391,1.0,1.0,1.0,1.0,0.053551824778429326,100.0,50.0,66629.6370510397,3.724,20,50,1
65.0,2.0,1.0,1.0,1000.0,200.0,0.01,0.005,0.0,3.724,9,4,1
44.0,1.0,2.0,1.0,1000.0,200.0,0.01,0.005,0.0,3.724,20,50,0
377.5,2.0,1.0,1.0,1000.0,200.0,0.01,0.005,123904.0,3.724,20,50,0
44.0,1.0,2.0,1.0,1000.0,200.0,0.01,0.005,0.0,3.724,20,50,0
65.0,2.0,1.0,1.0,1000.0,200.0,0.01,0.005,0.0,3.724,9,4,1
44.0,1.0,2.0,1.0,1000.0,200.0,0.01,0.005,0.0,3.724,20,50,0
44.0,1.0,1.0,1.0,1000.0,200.0,0.01,0.005,0.0,3.724,20,50,0
44.0,1.0,2.0,1.0,1000.0,200.0,0.01,0.005,0.0,3.724,20,50,0
48.0,1.0,2.0,1.0,1000.0,200.0,0.01,0.005,0.0,3.724,20,50,1
74.5,1.0,1.0,1.0,1000.0,200.0,0.0006666666666666666,0.0003333333333333333,1411.7732426303855,3.724,20,50,1
42.0,1.0,1.0,1.0,1000.0,200.0,0.01,0.005,0.0,3.724,12,50,0
48.0,1.0,2.0,1.0,1000.0,200.0,0.01,0.005,0.0,3.724,20,50,1
48.0,1.0,2.0,1.0,1000.0,200.0,0.01,0.005,0.0,3.724,20,50,1
48.0,1.0,2.0,1.0,1000.0,200.0,0.01,0.005,0.0,3.724,20,50,1
98.9,1.0,1.0,1.0,1000.0,200.0,0.0011111111111111111,0.0005555555555555556,9216.0,3.724,9,8,1
42.0,1.0,2.0,1.0,1000.0,200.0,0.01,0.005,0.0,3.724,12,50,0
48.0,1.0,2.0,1.0,1000.0,200.0,0.01,0.005,0.0,3.724,20,50,1
48.0,1.0,2.0,1.0,1000.0,200.0,0.01,0.005,0.0,3.724,20,50,1
44.0,1.0,2.0,1.0,1000.0,200.0,0.01,0.005,0.0,3.724,20,50,0
42.0,1.0,2.0,1.0,1.0,0.0046567476389707384,100.0,50.0,0.0,3.724,20,50,0
44.0,1.0,2.0,1.0,1000.0,200.0,0.01,0.005,0.0,3.724,20,50,0
42.0,1.0,2.0,1.0,1000.0,200.0,0.01,0.005,0.0,3.724,20,50,0
57.333333333333336,1.0,1.0,1.0,1.0,0.020955442442734014,100.0,50.0,0.0,3.724,10,13,1
96.5,2.0,1.0,1.0,1000.0,200.0,0.0033333333333333335,0.0016666666666666668,4096.0,3.724,1,1,0
48.0,1.0,2.0,1.0,1000.0,200.0,0.01,0.005,0.0,3.724,20,50,1
44.0,1.0,2.0,1.0,1000.0,200.0,0.01,0.005,0.0,3.724,20,50,1
44.0,1.0,2.0,1.0,1000.0,200.0,0.01,0.005,0.0,3.724,20,50,1
44.0,1.0,2.0,1.0,1000.0,200.0,0.01,0.005,0.0,3.724,12,50,0
57.333333333333336,1.0,1.0,1.0,1.0,0.013970906518568848,100.0,50.0,0.0,3.724,12,50,1
44.0,1.0,2.0,1.0,1000.0,200.0,0.01,0.005,0.0,3.724,20,50,0
42.0,1.0,1.0,1.0,1.0,0.004656630541303032,100.0,50.0,0.0,3.724,20,50,1
44.0,1.0,2.0,1.0,1000.0,200.0,0.01,0.005,0.0,3.724,20,50,1
45.333333333333336,1.0,1.0,1.0,1.0,0.006984945811954548,100.0,50.0,0.0,3.724,20,50,1
73.0,2.0,1.0,1.0,1000.0,200.0,0.01,0.005,0.0,3.724,9,4,1
40.0,1.0,1.0,1.0,1000.0,200.0,0.01,0.005,0.0,3.724,20,50,1
42.0,1.0,2.0,1.0,1000.0,200.0,0.01,0.005,0.0,3.724,12,50,0
88.63333333333334,1.0,1.0,1.0,1.0,0.06985554106958612,100.0,50.0,7536.640000000001,3.724,20,50,1
48.0,1.0,2.0,1.0,1000.0,200.0,0.01,0.005,0.0,3.724,20,50,1
42.0,1.0,1.0,1.0,1000.0,200.0,0.01,0.005,0.0,3.724,20,50,0
109.45454545454545,1.0,1.0,1.0,1000.0,200.0,0.001,0.0005,40824.59504132231,3.724,9,4,1
45.333333333333336,1.0,2.0,1.0,1000.0,200.0,0.005,0.0025,0.0,3.724,20,50,1
311.5,1.0,1.0,1.0,1000.0,200.0,0.0007692307692307692,0.0003846153846153846,174598.97959183672,3.724,9,8,1
55.2,1.0,1.0,1.0,1.0,0.011641828437634026,100.0,50.0,0.0,3.724,20,50,1
55.2,1.0,2.0,0.0,1.0,0.02328493094737303,100.0,50.0,0.0,3.724,5,50,0
40.0,1.0,2.0,1.0,1000.0,200.0,0.0001,5e-05,0.0,3.724,20,50,0
71.0,2.0,1.0,1.0,1000.0,200.0,0.01,0.005,0.0,3.724,20,50,1
153.5,1.0,1.0,1.0,1000.0,200.0,0.0011111111111111111,0.0005555555555555556,79298.56000000001,3.724,9,8,1
44.0,1.0,2.0,1.0,1000.0,200.0,0.01,0.005,0.0,3.724,20,50,0
42.0,1.0,2.0,1.0,1000.0,200.0,0.01,0.005,0.0,3.724,20,50,0
423.8333333333333,1.0,1.0,1.0,1000.0,200.0,0.0009090909090909091,0.00045454545454545455,267079.5763888889,3.724,9,4,1
55.42857142857143,1.0,2.0,0.0,1.0,0.016299390938330324,100.0,50.0,0.0,3.724,5,50,0
512.7619047619048,1.0,1.0,1.0,1000.0,200.0,0.0005,0.00025,280683.7052154195,3.724,20,30,0
44.0,1.0,1.0,1.0,1000.0,200.0,0.01,0.005,0.0,3.724,20,50,0
55.2,1.0,1.0,1.0,1.0,0.023284421301799398,100.0,50.0,0.0,3.724,10,13,1
55.55555555555556,1.0,1.0,1.0,1.0,0.02095590110025466,100.0,50.0,0.0,3.724,10,13,1
48.0,1.0,2.0,1.0,1000.0,200.0,0.01,0.005,0.0,3.724,20,50,1
48.0,1.0,2.0,1.0,1000.0,200.0,0.01,0.005,0.0,3.724,20,50,1
44.0,1.0,1.0,1.0,1000.0,200.0,0.01,0.005,0.0,3.724,20,50,1
73.0,2.0,1.0,1.0,1000.0,200.0,0.01,0.005,0.0,3.724,20,50,1
48.0,1.0,2.0,1.0,1000.0,200.0,0.01,0.005,0.0,3.724,20,50,1
101.33333333333333,1.0,2.0,1.0,1000.0,200.0,0.00125,0.000625,10720.395061728395,3.724,20,30,0
217.25,1.0,1.0,1.0,1.0,0.0558819995697086,100.0,50.0,136995.90972222225,3.724,20,50,1
427.0769230769231,1.0,1.0,1.0,1000.0,200.0,0.0008333333333333334,0.0004166666666666667,246539.63313609472,3.724,20,50,1
55.2,1.0,1.0,1.0,1.0,0.011641701038788985,100.0,50.0,0.0,3.724,20,50,1
44.0,1.0,2.0,1.0,1000.0,200.0,0.01,0.005,0.0,3.724,20,50,1
48.0,1.0,3.0,1.0,1000.0,200.0,0.01,0.005,0.0,3.724,20,50,1
57.333333333333336,1.0,1.0,1.0,1000.0,200.0,0.005,0.0025,0.0,3.724,10,13,1
42.0,1.0,2.0,1.0,1000.0,200.0,0.01,0.005,0.0,3.724,20,50,0
48.0,1.0,3.0,1.0,1000.0,200.0,0.01,0.005,0.0,3.724,20,50,1
312.05263157894734,1.0,1.0,1.0,1.0,0.044238309444646226,100.0,50.0,71861.9002770083,3.724,20,50,1
44.0,1.0,3.0,1.0,1000.0,200.0,0.01,0.005,0.0,3.724,20,50,0
56.8,1.0,1.0,1.0,1.0,0.011641617011289575,100.0,50.0,0.0,3.724,20,50,1
84.0,2.0,1.0,1.0,1000.0,200.0,0.01,0.005,0.0,3.724,9,4,1
154.47368421052633,1.0,1.0,1.0,1.0,0.04423975151230098,100.0,50.0,77771.88365650969,3.724,20,50,1
40.0,1.0,2.0,1.0,1000.0,200.0,0.0001,5e-05,0.0,3.724,20,30,0
44.0,1.0,2.0,1.0,1000.0,200.0,0.01,0.005,0.0,3.724,20,50,1
44.0,1.0,2.0,1.0,1000.0,200.0,0.01,0.005,0.0,3.724,20,50,0
67.0,2.0,1.0,1.0,1000.0,200.0,0.01,0.005,0.0,3.724,20,50,1
44.0,1.0,2.0,1.0,1000.0,200.0,0.01,0.005,0.0,3.724,20,50,0
48.0,1.0,3.0,1.0,1000.0,200.0,0.01,0.005,0.0,3.724,20,50,1
65.0,2.0,1.0,1.0,1000.0,200.0,0.01,0.005,0.0,3.724,9,8,1
83.8,1.0,1.0,1.0,1000.0,200.0,0.0011111111111111111,0.0005555555555555556,2621.44,3.724,20,50,1
228.05555555555554,1.0,1.0,1.0,1000.0,200.0,0.0005882352941176471,0.00029411764705882356,144022.2222222222,3.724,4,2,0
55.2,1.0,1.0,1.0,1.0,0.011641744408295535,100.0,50.0,0.0,3.724,20,50,1
44.0,1.0,1.0,1.0,1000.0,200.0,0.01,0.005,0.0,3.724,20,50,1
44.0,1.0,2.0,1.0,1000.0,200.0,0.01,0.005,0.0,3.724,20,50,0
314.3333333333333,1.0,1.0,1.0,1000.0,200.0,0.0009090909090909091,0.00045454545454545455,198637.25,3.724,9,5,1
44.0,1.0,2.0,1.0,1000.0,200.0,0.01,0.005,0.0,3.724,20,50,0
93.0,2.0,1.0,1.0,1000.0,200.0,0.01,0.005,0.0,3.724,4,2,0
44.0,1.0,1.0,1.0,1000.0,200.0,0.01,0.005,0.0,3.724,20,50,0
44.0,1.0,2.0,1.0,1000.0,200.0,0.01,0.005,0.0,3.724,20,50,0
96.5,2.0,1.0,1.0,1000.0,200.0,0.01,0.005,4096.0,3.724,4,2,0
42.0,1.0,3.0,1.0,1000.0,200.0,0.01,0.005,0.0,3.724,20,50,0
68.0,2.0,1.0,1.0,1000.0,200.0,0.01,0.005,0.0,3.724,9,4,1
55.2,1.0,1.0,1.0,1.0,0.011641744408295535,100.0,50.0,0.0,3.724,20,50,1
330.0,1.0,1.0,1.0,1000.0,200.0,0.001,0.0005,212258.9256198347,3.724,20,50,1
134.4,1.0,1.0,1.0,1000.0,200.0,0.0011111111111111111,0.0005555555555555556,44277.759999999995,3.724,20,50,1
56.0,1.0,1.0,1.0,1.0,0.018628690838479702,100.0,50.0,0.0,3.724,20,50,1
241.9090909090909,1.0,1.0,1.0,1000.0,200.0,0.001,0.0005,145305.86776859505,3.724,9,5,1
55.2,1.0,2.0,0.0,1.0,0.02328679080078616,100.0,50.0,0.0,3.724,5,50,0
44.0,1.0,2.0,1.0,1000.0,200.0,0.01,0.005,0.0,3.724,20,50,0
44.0,1.0,2.0,1.0,1000.0,200.0,0.01,0.005,0.0,3.724,20,50,0
50.0,1.0,1.0,1.0,1000.0,200.0,0.01,0.005,0.0,3.724,20,50,1
56.57142857142857,1.0,1.0,1.0,1.0,0.016298263815805406,100.0,50.0,0.0,3.724,20,50,1
54.285714285714285,1.0,1.0,1.0,1.0,0.01629998682029637,100.0,50.0,0.0,3.724,20,50,1
57.333333333333336,1.0,1.0,1.0,1000.0,200.0,0.005,0.0025,0.0,3.724,20,50,1
48.0,1.0,3.0,1.0,1000.0,200.0,0.01,0.005,0.0,3.724,20,50,1
276.07142857142856,1.0,1.0,1.0,1000.0,200.0,0.0007692307692307692,0.0003846153846153846,193358.8163265306,3.724,14,12,1
48.0,1.0,2.0,1.0,1000.0,200.0,0.01,0.005,0.0,3.724,20,50,1
40.0,1.0,1.0,1.0,1000.0,200.0,0.01,0.005,0.0,3.724,20,50,1
73.0,2.0,1.0,1.0,1000.0,200.0,0.01,0.005,0.0,3.724,9,4,1
56.0,1.0,3.0,0.0,1000.0,200.0,0.01,0.005,0.0,3.724,11,49,0
217.8148148148148,1.0,1.0,1.0,1.0,0.06286981129044013,100.0,50.0,63117.27023319616,3.724,20,50,1
48.0,1.0,3.0,1.0,1000.0,200.0,0.01,0.005,0.0,3.724,20,50,1
114.8125,1.0,1.0,1.0,1.0,0.03725494396390741,100.0,50.0,29296.0,3.724,9,4,1
44.0,1.0,2.0,1.0,1000.0,200.0,0.01,0.005,0.0,3.724,20,50,0
48.0,1.0,1.0,1.0,1000.0,200.0,0.01,0.005,0.0,3.724,20,50,1
42.0,1.0,3.0,1.0,1000.0,200.0,0.01,0.005,0.0,3.724,20,50,0
48.0,1.0,2.0,1.0,1000.0,200.0,0.01,0.005,0.0,3.724,20,50,1
44.0,1.0,3.0,1.0,1000.0,200.0,0.01,0.005,0.0,3.724,20,50,1
44.0,1.0,3.0,1.0,1000.0,200.0,0.01,0.005,0.0,3.724,20,50,0
297.7857142857143,1.0,1.0,1.0,1000.0,200.0,0.0007692307692307692,0.0003846153846153846,174598.97959183672,3.724,9,8,1
71.0,2.0,1.0,1.0,1000.0,200.0,0.01,0.005,0.0,3.724,20,50,1
742.5,1.0,1.0,1.0,1000.0,200.0,0.0005882352941176471,0.00029411764705882356,327577.1358024691,3.724,14,12,1
119.5,1.0,1.0,1.0,1000.0,200.0,0.0014285714285714286,0.0007142857142857143,54208.0,3.724,14,12,1
123.2,1.0,1.0,1.0,1000.0,200.0,0.0011111111111111111,0.0005555555555555556,44277.759999999995,3.724,20,50,1
96.3,1.0,1.0,1.0,1000.0,200.0,0.0011111111111111111,0.0005555555555555556,9216.0,3.724,9,4,1
57.333333333333336,1.0,1.0,1.0,1000.0,200.0,0.005,0.0025,0.0,3.724,20,50,1
42.0,1.0,1.0,1.0,1000.0,200.0,0.01,0.005,0.0,3.724,20,50,0
44.0,1.0,2.0,1.0,1000.0,200.0,0.01,0.005,0.0,3.724,20,50,0
289.4117647058824,1.0,2.0,1.0,1000.0,200.0,0.000625,0.0003125,160846.11072664362,3.724,20,30,0
48.0,1.0,2.0,1.0,1000.0,200.0,0.01,0.005,0.0,3.724,20,50,1
57.333333333333336,1.0,1.0,1.0,1.0,0.013970294961822675,100.0,50.0,0.0,3.724,10,13,1
42.0,1.0,2.0,1.0,1000.0,200.0,0.01,0.005,0.0,3.724,20,50,0
84.0,2.0,1.0,1.0,1000.0,200.0,0.01,0.005,0.0,3.724,9,4,1
73.0,2.0,1.0,1.0,1000.0,200.0,0.01,0.005,0.0,3.724,9,8,1
67.0,2.0,1.0,1.0,1000.0,200.0,0.01,0.005,0.0,3.724,20,50,1
71.0,2.0,1.0,1.0,1000.0,200.0,0.01,0.005,0.0,3.724,20,50,1
406.0,1.0,1.0,1.0,1000.0,200.0,0.001,0.0005,288004.95867768594,3.724,9,4,1
44.0,1.0,2.0,1.0,1000.0,200.0,0.01,0.005,0.0,3.724,20,50,0
48.0,1.0,1.0,1.0,1000.0,200.0,0.01,0.005,0.0,3.724,20,50,1
574.0666666666667,1.0,1.0,1.0,1.0,0.06986548100287705,100.0,50.0,333950.09,3.724,20,50,1
44.0,1.0,2.0,1.0,1000.0,200.0,0.01,0.005,0.0,3.724,20,50,0
44.0,1.0,2.0,1.0,1000.0,200.0,0.01,0.005,0.0,3.724,20,50,0
73.0,2.0,1.0,1.0,1000.0,200.0,0.01,0.005,0.0,3.724,9,4,1
93.0,2.0,1.0,1.0,1000.0,200.0,0.01,0.005,0.0,3.724,4,2,0
44.0,1.0,2.0,1.0,1000.0,200.0,0.01,0.005,0.0,3.724,20,50,0
52.0,1.0,3.0,0.0,1000.0,200.0,0.01,0.005,0.0,3.724,5,50,0
350.0,2.0,3.0,1.0,1000.0,200.0,0.01,0.005,0.0,3.724,7,12,0
84.0,2.0,1.0,1.0,1000.0,200.0,0.01,0.005,0.0,3.724,9,8,1
116.6,1.0,1.0,1.0,1000.0,200.0,0.0011111111111111111,0.0005555555555555556,16384.0,3.724,14,12,1
68.0,2.0,1.0,1.0,1000.0,200.0,0.01,0.005,0.0,3.724,20,50,1
44.0,1.0,1.0,1.0,1000.0,200.0,0.01,0.005,0.0,3.724,20,50,0
55.55555555555556,1.0,1.0,1.0,1.0,0.020957350394789912,100.0,50.0,0.0,3.724,10,13,1
44.0,1.0,3.0,1.0,1000.0,200.0,0.01,0.005,0.0,3.724,20,50,1
44.0,1.0,1.0,1.0,1000.0,200.0,0.01,0.005,0.0,3.724,20,50,0
91.6,1.0,1.0,1.0,1000.0,200.0,0.0011111111111111111,0.0005555555555555556,9216.0,3.724,20,50,1
44.0,1.0,2.0,1.0,1000.0,200.0,0.01,0.005,0.0,3.724,20,50,0
44.0,1.0,2.0,1.0,1000.0,200.0,0.01,0.005,0.0,3.724,12,50,0
48.0,1.0,2.0,1.0,1000.0,200.0,0.01,0.005,0.0,3.724,20,50,1
48.0,1.0,2.0,1.0,1000.0,200.0,0.01,0.005,0.0,3.724,20,50,1
48.0,1.0,3.0,1.0,1000.0,200.0,0.01,0.005,0.0,3.724,20,50,1
260.0869565217391,1.0,1.0,1.0,1.0,0.10710911112011448,95.43746666666667,47.71873333333333,66629.6370510397,3.724,20,50,1
55.2,1.0,1.0,1.0,1.0,0.011641787778125221,100.0,50.0,0.0,3.724,20,50,1
135.0,2.0,1.0,1.0,1000.0,200.0,0.01,0.005,4096.0,3.724,11,49,0
44.0,1.0,2.0,1.0,1000.0,200.0,0.01,0.005,0.0,3.724,20,50,0
44.0,1.0,1.0,1.0,1000.0,200.0,0.01,0.005,0.0,3.724,20,50,1
222.92857142857142,1.0,1.0,1.0,1.0,0.06520088859496742,100.0,50.0,61611.02423469388,3.724,20,50,1
79.0,2.0,1.0,1.0,1000.0,200.0,0.01,0.005,0.0,3.724,20,50,1
44.0,1.0,2.0,1.0,1000.0,200.0,0.01,0.005,0.0,3.724,20,50,1
40.0,1.0,2.0,0.0,1000.0,200.0,0.01,0.005,0.0,3.724,11,49,1
42.0,1.0,2.0,1.0,1000.0,200.0,0.01,0.005,0.0,3.724,20,50,0
73.0,2.0,1.0,1.0,1000.0,200.0,0.01,0.005,0.0,3.724,9,4,1
44.0,1.0,1.0,1.0,1000.0,200.0,0.01,0.005,0.0,3.724,20,50,1
190.45454545454547,1.0,1.0,1.0,1000.0,200.0,0.001,0.0005,48745.78512396694,3.724,9,4,1
42.0,1.0,2.0,1.0,1000.0,200.0,0.01,0.005,0.0,3.724,20,50,0
112.4,1.0,1.0,1.0,1000.0,200.0,0.0011111111111111111,0.0005555555555555556,16384.0,3.724,9,8,1
52.0,1.0,2.0,0.0,1000.0,200.0,0.01,0.005,0.0,3.724,5,50,0
44.0,1.0,2.0,1.0,1000.0,200.0,0.01,0.005,0.0,3.724,20,50,0
327.14285714285717,1.0,1.0,1.0,1000.0,200.0,0.0007692307692307692,0.0003846153846153846,189982.4897959184,3.724,9,4,1
218.58333333333334,1.0,1.0,1.0,1000.0,200.0,0.0009090909090909091,0.00045454545454545455,114429.6875,3.724,20,50,1
44.0,1.0,2.0,1.0,1000.0,200.0,0.01,0.005,0.0,3.724,20,50,0
40.0,1.0,2.0,1.0,1000.0,200.0,0.01,0.005,0.0,3.724,11,49,1
42.0,1.0,2.0,1.0,1000.0,200.0,0.01,0.005,0.0,3.724,12,50,0
84.0,2.0,1.0,1.0,1000.0,200.0,0.01,0.005,0.0,3.724,9,4,1
42.0,1.0,2.0,1.0,1000.0,200.0,0.01,0.005,0.0,3.724,20,50,0
44.0,1.0,2.0,1.0,1000.0,200.0,0.01,0.005,0.0,3.724,20,50,0
84.0,2.0,1.0,1.0,1000.0,200.0,0.01,0.005,0.0,3.724,9,4,1
115.2,1.0,1.0,1.0,1000.0,200.0,0.0011111111111111111,0.0005555555555555556,44277.759999999995,3.724,20,50,1
42.0,1.0,2.0,1.0,1000.0,200.0,0.01,0.005,0.0,3.724,20,50,0
42.0,1.0,1.0,1.0,1000.0,200.0,0.01,0.005,0.0,3.724,12,50,0
73.0,2.0,1.0,1.0,1000.0,200.0,0.01,0.005,0.0,3.724,20,50,1
44.0,1.0,1.0,1.0,1000.0,200.0,0.01,0.005,0.0,3.724,20,50,1
86.7,1.0,1.0,1.0,1000.0,200.0,0.0011111111111111111,0.0005555555555555556,9871.36,3.724,20,50,1
343.3636363636364,1.0,1.0,1.0,1000.0,200.0,0.001,0.0005,228920.08264462813,3.724,20,50,1
321.0,1.0,1.0,1.0,1000.0,200.0,0.0009090909090909091,0.00045454545454545455,195376.80555555556,3.724,20,50,1
48.0,1.0,2.0,1.0,1000.0,200.0,0.01,0.005,0.0,3.724,20,50,1
71.0,2.0,1.0,1.0,1000.0,200.0,0.01,0.005,0.0,3.724,20,50,1
42.0,1.0,1.0,1.0,1000.0,200.0,0.01,0.005,0.0,3.724,20,50,0
48.0,1.0,2.0,1.0,1000.0,200.0,0.01,0.005,0.0,3.724,20,50,1
193.86363636363637,1.0,1.0,1.0,1.0,0.0512324191296264,100.0,50.0,85486.24173553719,3.724,9,4,1
73.0,2.0,1.0,1.0,1000.0,200.0,0.01,0.005,0.0,3.724,9,4,1
42.0,1.0,2.0,1.0,1000.0,200.0,0.01,0.005,0.0,3.724,20,50,0
130.4,1.0,1.0,1.0,1000.0,200.0,0.0011111111111111111,0.0005555555555555556,49315.83999999999,3.724,9,4,1
324.3636363636364,1.0,1.0,1.0,1000.0,200.0,0.001,0.0005,212258.9256198347,3.724,9,5,1
48.0,1.0,1.0,1.0,1000.0,200.0,0.01,0.005,0.0,3.724,20,50,1
44.0,1.0,2.0,1.0,1000.0,200.0,0.01,0.005,0.0,3.724,20,50,0
44.0,1.0,2.0,1.0,1000.0,200.0,0.01,0.005,0.0,3.724,20,50,1
52.0,1.0,2.0,0.0,1.0,0.006985529708060743,100.0,50.0,0.0,3.724,5,50,0
52.0,1.0,2.0,0.0,1000.0,200.0,0.01,0.005,0.0,3.724,11,49,0
44.0,1.0,2.0,1.0,1000.0,200.0,0.01,0.005,0.0,3.724,20,50,0
56.57142857142857,1.0,1.0,1.0,1000.0,200.0,0.0016666666666666668,0.0008333333333333334,0.0,3.724,20,50,1
319.4166666666667,1.0,1.0,1.0,1000.0,200.0,0.0009090909090909091,0.00045454545454545455,195376.80555555556,3.724,20,50,1
40.0,1.0,2.0,1.0,1000.0,200.0,0.01,0.005,0.0,3.724,20,50,1
44.0,1.0,2.0,1.0,1000.0,200.0,0.01,0.005,0.0,3.724,12,50,0
84.0,2.0,1.0,1.0,1000.0,200.0,0.01,0.005,0.0,3.724,9,4,1
102.8,2.0,1.0,1.0,1000.0,200.0,0.0011111111111111111,0.0005555555555555556,2958.9325933633945,3.724,20,50,1
44.0,1.0,1.0,1.0,1000.0,200.0,0.01,0.005,0.0,3.724,20,50,1
48.0,1.0,3.0,1.0,1000.0,200.0,0.01,0.005,0.0,3.724,20,50,1
44.0,1.0,2.0,1.0,1000.0,200.0,0.01,0.005,0.0,3.724,20,50,1
57.333333333333336,1.0,1.0,1.0,1000.0,200.0,0.005,0.0025,0.0,3.724,12,50,1
44.0,1.0,1.0,1.0,1000.0,200.0,0.01,0.005,0.0,3.724,20,50,0
162.0,1.0,1.0,1.0,1000.0,200.0,0.0007142857142857143,0.00035714285714285714,40341.04888888889,3.724,20,50,1
44.0,1.0,1.0,1.0,1000.0,200.0,0.01,0.005,0.0,3.724,20,50,1
52.0,1.0,2.0,0.0,1000.0,200.0,0.01,0.005,0.0,3.724,11,49,0
44.0,1.0,2.0,1.0,1000.0,200.0,0.01,0.005,0.0,3.724,20,50,0
73.0,2.0,1.0,1.0,1000.0,200.0,0.01,0.005,0.0,3.724,20,50,1
44.0,1.0,2.0,1.0,1000.0,200.0,0.01,0.005,0.0,3.724,20,50,0
56.0,1.0,1.0,1.0,1.0,0.013971514875471887,100.0,50.0,0.0,3.724,20,50,1
48.0,1.0,2.0,1.0,1000.0,200.0,0.01,0.005,0.0,3.724,20,50,1
79.0,2.0,1.0,1.0,1000.0,200.0,0.01,0.005,0.0,3.724,20,50,1
65.0,2.0,1.0,1.0,1000.0,200.0,0.01,0.005,0.0,3.724,9,8,1
255.35555555555555,1.0,1.0,1.0,1.0,0.10478714238476906,97.60045454545455,48.80022727272728,67867.26222222223,3.724,20,50,1
44.0,1.0,2.0,1.0,1000.0,200.0,0.01,0.005,0.0,3.724,20,50,0
52.0,1.0,2.0,0.0,1000.0,200.0,0.01,0.005,0.0,3.724,11,49,0
206.75,1.0,1.0,1.0,1.0,0.02793968566922299,100.0,50.0,113385.24305555558,3.724,20,50,1
56.57142857142857,1.0,1.0,1.0,1000.0,200.0,0.0016666666666666668,0.0008333333333333334,0.0,3.724,20,50,1
44.0,1.0,2.0,1.0,1000.0,200.0,0.01,0.005,0.0,3.724,20,50,0
48.0,1.0,2.0,1.0,1000.0,200.0,0.01,0.005,0.0,3.724,20,50,1
54.0,2.0,1.0,1.0,1000.0,200.0,0.01,0.005,0.0,3.724,20,50,1
44.0,1.0,3.0,1.0,1000.0,200.0,0.01,0.005,0.0,3.724,20,50,1
144.89285714285714,1.0,1.0,1.0,1.0,0.06520064567267972,100.0,50.0,58610.044642857145,3.724,20,50,1
52.0,1.0,1.0,1.0,1000.0,200.0,0.01,0.005,0.0,3.724,20,50,1
423.3333333333333,1.0,1.0,1.0,1000.0,200.0,0.0009090909090909091,0.00045454545454545455,267079.5763888889,3.724,9,4,1
56.44444444444444,1.0,1.0,1.0,1.0,0.02095483255691798,100.0,50.0,0.0,3.724,20,50,1
48.0,1.0,2.0,1.0,1000.0,200.0,0.01,0.005,0.0,3.724,20,50,1
84.0,2.0,1.0,1.0,1000.0,200.0,0.01,0.005,0.0,3.724,9,4,1
44.0,1.0,2.0,1.0,1000.0,200.0,0.01,0.005,0.0,3.724,20,50,0
83.1,1.0,1.0,1.0,1000.0,200.0,0.0011111111111111111,0.0005555555555555556,2621.44,3.724,20,50,1
91.8,1.0,1.0,1.0,1000.0,200.0,0.0011111111111111111,0.0005555555555555556,9871.36,3.724,20,50,1
44.0,1.0,2.0,1.0,1000.0,200.0,0.01,0.005,0.0,3.724,12,50,0
48.0,1.0,1.0,1.0,1000.0,200.0,0.01,0.005,0.0,3.724,20,50,1
42.0,1.0,2.0,1.0,1000.0,200.0,0.01,0.005,0.0,3.724,20,50,0
48.0,1.0,2.0,1.0,1000.0,200.0,0.01,0.005,0.0,3.724,20,50,1
84.0,2.0,1.0,1.0,1000.0,200.0,0.01,0.005,0.0,3.724,14,12,1
44.0,1.0,2.0,1.0,1000.0,200.0,0.01,0.005,0.0,3.724,20,50,0
44.0,1.0,1.0,1.0,1000.0,200.0,0.01,0.005,0.0,3.724,20,50,0
84.05555555555556,1.0,1.0,1.0,1.0,0.04191134353796935,100.0,50.0,10113.58024691358,3.724,20,50,1
57.333333333333336,1.0,1.0,1.0,1.0,0.013970802420022395,100.0,50.0,0.0,3.724,12,50,1
218.58333333333334,1.0,1.0,1.0,1000.0,200.0,0.0009090909090909091,0.00045454545454545455,114429.6875,3.724,20,50,1
88.6,1.0,1.0,1.0,1000.0,200.0,0.0011111111111111111,0.0005555555555555556,2621.44,3.724,20,50,1
249.0,1.0,2.0,0.0,1.0,0.006984996228102037,100.0,50.0,22755.555555555555,3.724,5,50,0
84.0,2.0,1.0,1.0,1000.0,200.0,0.01,0.005,0.0,3.724,14,12,0
44.0,1.0,2.0,1.0,1000.0,200.0,0.01,0.005,0.0,3.724,20,50,0
44.0,1.0,2.0,1.0,1000.0,200.0,0.01,0.005,0.0,3.724,20,50,0
42.0,1.0,2.0,1.0,1000.0,200.0,0.01,0.005,0.0,3.724,12,50,0
124.26923076923077,1.0,1.0,1.0,1.0,0.06054213150216672,100.0,50.0,69518.32100591717,3.724,20,50,1
740.0,1.0,3.0,0.0,1000.0,200.0,0.0025,0.00125,292053.36,3.724,11,49,0
40.0,1.0,2.0,1.0,1000.0,200.0,0.01,0.005,0.0,3.724,11,49,1
44.0,1.0,2.0,1.0,1000.0,200.0,0.01,0.005,0.0,3.724,12,50,0
44.0,1.0,2.0,1.0,1000.0,200.0,0.01,0.005,0.0,3.724,20,50,0
44.0,1.0,1.0,1.0,1000.0,200.0,0.01,0.005,0.0,3.724,12,50,0
44.0,1.0,2.0,1.0,1000.0,200.0,0.01,0.005,0.0,3.724,20,50,0
52.0,1.0,2.0,0.0,1000.0,200.0,0.01,0.005,0.0,3.724,5,50,0
304.77777777777777,1.0,1.0,1.0,1000.0,200.0,0.00125,0.000625,158945.28395061727,3.724,20,50,1
48.0,1.0,2.0,1.0,1000.0,200.0,0.01,0.005,0.0,3.724,20,50,1
44.0,1.0,2.0,1.0,1000.0,200.0,0.01,0.005,0.0,3.724,20,50,0
42.0,1.0,2.0,1.0,1000.0,200.0,0.01,0.005,0.0,3.724,20,50,0
40.0,1.0,2.0,1.0,1000.0,200.0,0.0001,5e-05,0.0,3.724,20,50,1
104.7,1.0,1.0,1.0,1000.0,200.0,0.0011111111111111111,0.0005555555555555556,9216.0,3.724,9,8,1
153.6315789473684,1.0,1.0,1.0,1.0,0.044242254752957066,100.0,50.0,92412.45983379503,3.724,20,50,1
40.0,1.0,1.0,0.0,3.3527856992513976,0.5587976165418996,17.97044351464435,8.985221757322176,0.0,3.724,7,36,0
42.0,1.0,2.0,1.0,1000.0,200.0,0.01,0.005,0.0,3.724,20,50,0
84.0,2.0,1.0,1.0,1000.0,200.0,0.01,0.005,0.0,3.724,9,8,1
54.666666666666664,1.0,2.0,0.0,1.0,0.01397126762242556,100.0,50.0,0.0,3.724,5,50,0
50.0,2.0,1.0,1.0,1000.0,200.0,0.01,0.005,0.0,3.724,20,50,1
48.0,1.0,1.0,1.0,1000.0,200.0,0.01,0.005,0.0,3.724,12,50,0
316.1666666666667,1.0,1.0,1.0,1000.0,200.0,0.0009090909090909091,0.00045454545454545455,195376.80555555556,3.724,20,50,1
40.0,1.0,2.0,1.0,1000.0,200.0,0.0001,5e-05,0.0,3.724,9,8,1
44.0,1.0,2.0,1.0,1000.0,200.0,0.01,0.005,0.0,3.724,20,50,0
44.0,1.0,1.0,1.0,1000.0,200.0,0.01,0.005,0.0,3.724,20,50,0
320.4166666666667,1.0,1.0,1.0,1000.0,200.0,0.0009090909090909091,0.00045454545454545455,215965.25,3.724,9,8,1
40.0,1.0,1.0,1.0,1000.0,200.0,0.01,0.005,0.0,3.724,20,50,1
42.0,1.0,1.0,1.0,1.0,0.004656630541303032,100.0,50.0,0.0,3.724,20,50,1
162.1,1.0,1.0,1.0,1.0,0.023283076812034557,100.0,50.0,49315.83999999999,3.724,9,4,1
42.0,1.0,2.0,1.0,1000.0,200.0,0.01,0.005,0.0,3.724,20,50,0
134.5,1.0,1.0,1.0,1000.0,200.0,0.0011111111111111111,0.0005555555555555556,49315.83999999999,3.724,9,4,1
42.0,1.0,2.0,1.0,1000.0,200.0,0.01,0.005,0.0,3.724,20,50,0
71.0,2.0,1.0,1.0,1000.0,200.0,0.01,0.005,0.0,3.724,20,50,1
171.59259259259258,1.0,1.0,1.0,1.0,0.06286861089010078,100.0,50.0,52445.862825788754,3.724,20,50,1
56.0,1.0,1.0,1.0,1.0,0.009313395526636428,100.0,50.0,0.0,3.724,20,50,1
48.0,1.0,2.0,1.0,1000.0,200.0,0.01,0.005,0.0,3.724,20,50,1
56.0,1.0,1.0,1.0,1.0,0.018627671499150344,100.0,50.0,0.0,3.724,20,50,1
156.66666666666666,1.0,2.0,1.0,1000.0,200.0,0.00125,0.000625,53500.83950617283,3.724,20,50,0
44.0,1.0,1.0,1.0,1000.0,200.0,0.01,0.005,0.0,3.724,20,50,1
48.0,1.0,2.0,1.0,1000.0,200.0,0.01,0.005,0.0,3.724,20,50,1
68.0,2.0,1.0,1.0,1000.0,200.0,0.01,0.005,0.0,3.724,9,4,1
68.0,2.0,1.0,1.0,1000.0,200.0,0.01,0.005,0.0,3.724,9,8,1
44.0,1.0,2.0,1.0,1000.0,200.0,0.01,0.005,0.0,3.724,12,50,0
65.0,2.0,1.0,1.0,1000.0,200.0,0.01,0.005,0.0,3.724,9,4,1
44.0,1.0,3.0,1.0,1000.0,200.0,0.01,0.005,0.0,3.724,20,50,0
42.0,1.0,2.0,1.0,1000.0,200.0,0.01,0.005,0.0,3.724,20,50,0
68.0,2.0,2.0,0.0,1000.0,200.0,0.01,0.005,0.0,3.724,9,26,0
310.9166666666667,1.0,1.0,1.0,1000.0,200.0,0.0009090909090909091,0.00045454545454545455,198637.25,3.724,20,50,1
44.0,1.0,2.0,1.0,1000.0,200.0,0.01,0.005,0.0,3.724,20,50,0
44.0,1.0,2.0,1.0,1000.0,200.0,0.01,0.005,0.0,3.724,20,50,0
48.0,1.0,2.0,1.0,1000.0,200.0,0.01,0.005,0.0,3.724,20,50,1
42.0,1.0,2.0,1.0,1000.0,200.0,0.01,0.005,0.0,3.724,20,50,0
44.0,1.0,1.0,1.0,1000.0,200.0,0.01,0.005,0.0,3.724,20,50,0
143.2,1.0,1.0,1.0,1000.0,200.0,0.0011111111111111111,0.0005555555555555556,49315.83999999999,3.724,9,4,1
164.0,1.0,1.0,1.0,1000.0,200.0,0.0011111111111111111,0.0005555555555555556,49315.83999999999,3.724,9,8,1
84.0,2.0,1.0,1.0,1000.0,200.0,0.01,0.005,0.0,3.724,9,4,1
481.9230769230769,1.0,1.0,1.0,1000.0,200.0,0.0008333333333333334,0.0004166666666666667,253744.74556213018,3.724,9,4,1
76.5,1.0,1.0,1.0,1000.0,200.0,0.0011111111111111111,0.0005555555555555556,2621.44,3.724,20,50,1
48.0,1.0,2.0,1.0,1000.0,200.0,0.01,0.005,0.0,3.724,20,50,1
44.0,1.0,2.0,1.0,1000.0,200.0,0.01,0.005,0.0,3.724,20,50,1
55.2,1.0,1.0,1.0,1.0,0.011641747118900423,100.0,50.0,0.0,3.724,20,50,1
44.0,1.0,1.0,1.0,1000.0,200.0,0.01,0.005,0.0,3.724,20,50,0
42.0,1.0,2.0,1.0,1000.0,200.0,0.01,0.005,0.0,3.724,20,50,0
786.6470588235294,1.0,1.0,1.0,1000.0,200.0,0.000625,0.0003125,324985.384083045,3.724,20,50,1
44.0,1.0,1.0,1.0,1000.0,200.0,0.01,0.005,0.0,3.724,20,50,1
55.2,1.0,1.0,1.0,1.0,0.023286031641059794,100.0,50.0,0.0,3.724,20,50,1
48.0,1.0,2.0,1.0,1000.0,200.0,0.01,0.005,0.0,3.724,20,50,1
84.0,2.0,1.0,1.0,1000.0,200.0,0.01,0.005,0.0,3.724,20,50,1
53.333333333333336,1.0,1.0,1.0,1000.0,200.0,0.005,0.0025,0.0,3.724,14,12,1
42.0,1.0,2.0,1.0,1000.0,200.0,0.01,0.005,0.0,3.724,20,50,0
44.0,1.0,3.0,1.0,1000.0,200.0,0.01,0.005,0.0,3.724,20,50,1
133.0,2.0,1.0,1.0,1000.0,200.0,0.0033333333333333335,0.0016666666666666668,4096.0,3.724,1,1,0
55.2,1.0,1.0,1.0,1.0,0.011641747118900423,100.0,50.0,0.0,3.724,20,50,1
233.0,1.0,1.0,1.0,1000.0,200.0,0.0016666666666666668,0.0008333333333333334,174598.97959183672,3.724,20,50,1
44.0,1.0,3.0,1.0,1000.0,200.0,0.01,0.005,0.0,3.724,20,50,0
42.0,1.0,1.0,1.0,1000.0,200.0,0.01,0.005,0.0,3.724,12,50,0
44.0,1.0,2.0,1.0,1000.0,200.0,0.01,0.005,0.0,3.724,20,50,1
73.0,2.0,1.0,1.0,1000.0,200.0,0.01,0.005,0.0,3.724,9,8,1
149.3913043478261,1.0,1.0,1.0,1.0,0.053555927290610296,100.0,50.0,65389.561436672964,3.724,20,50,1
42.0,1.0,2.0,1.0,1000.0,200.0,0.01,0.005,0.0,3.724,12,50,0
94.9090909090909,1.0,1.0,1.0,1000.0,200.0,0.001,0.0005,8462.809917355371,3.724,9,8,1
55.2,1.0,1.0,1.0,1.0,0.011641703749373676,100.0,50.0,0.0,3.724,20,50,1
193.78571428571428,1.0,1.0,1.0,1.0,0.06519780665264449,100.0,50.0,50585.71811224491,3.724,20,50,1
44.0,1.0,3.0,1.0,1000.0,200.0,0.01,0.005,0.0,3.724,20,50,1
40.0,1.0,3.0,1.0,1000.0,200.0,0.01,0.005,0.0,3.724,20,50,1
44.0,1.0,2.0,1.0,1000.0,200.0,0.01,0.005,0.0,3.724,20,50,0
345.0,1.0,1.0,1.0,1000.0,200.0,0.001,0.0005,228920.08264462813,3.724,9,4,1
48.0,1.0,2.0,1.0,1000.0,200.0,0.01,0.005,0.0,3.724,20,50,1
42.0,1.0,1.0,1.0,1000.0,200.0,0.01,0.005,0.0,3.724,20,50,0
42.0,1.0,2.0,1.0,1000.0,200.0,0.01,0.005,0.0,3.724,20,50,0
48.0,1.0,2.0,1.0,1000.0,200.0,0.01,0.005,0.0,3.724,20,50,1
48.0,1.0,2.0,1.0,1000.0,200.0,0.01,0.005,0.0,3.724,20,50,1
44.0,1.0,2.0,1.0,1000.0,200.0,0.01,0.005,0.0,3.724,20,50,0
336.25,1.0,1.0,1.0,1000.0,200.0,0.0009090909090909091,0.00045454545454545455,195179.4722222222,3.724,9,5,1
44.0,1.0,2.0,1.0,1000.0,200.0,0.01,0.005,0.0,3.724,20,50,0
201.0909090909091,1.0,1.0,1.0,1000.0,200.0,0.001,0.0005,48745.78512396694,3.724,9,4,1
44.0,1.0,2.0,1.0,1000.0,200.0,0.01,0.005,0.0,3.724,20,50,0
67.0,2.0,1.0,1.0,1000.0,200.0,0.01,0.005,0.0,3.724,20,50,1
142.6,1.0,1.0,1.0,1000.0,200.0,0.0011111111111111111,0.0005555555555555556,49315.83999999999,3.724,9,4,1
44.0,1.0,2.0,1.0,1000.0,200.0,0.01,0.005,0.0,3.724,20,50,0
79.0,2.0,1.0,1.0,1000.0,200.0,0.01,0.005,0.0,3.724,20,50,1
65.0,2.0,1.0,1.0,1000.0,200.0,0.01,0.005,0.0,3.724,20,50,1
284.15384615384613,1.0,1.0,1.0,1.0,0.060547644126098386,100.0,50.0,157194.2677514793,3.724,9,4,1
65.0,2.0,1.0,1.0,1000.0,200.0,0.01,0.005,0.0,3.724,20,50,1
40.0,1.0,3.0,1.0,1000.0,200.0,0.01,0.005,0.0,3.724,20,50,1
44.0,1.0,2.0,1.0,1000.0,200.0,0.01,0.005,0.0,3.724,20,50,0
146.2,1.0,1.0,1.0,1.0,0.023283076812034557,100.0,50.0,49315.83999999999,3.724,9,8,1
65.0,2.0,1.0,1.0,1000.0,200.0,0.01,0.005,0.0,3.724,9,8,1
44.0,1.0,2.0,1.0,1000.0,200.0,0.01,0.005,0.0,3.724,20,50,1
94.8,1.0,1.0,1.0,1000.0,200.0,0.0011111111111111111,0.0005555555555555556,9216.0,3.724,9,4,1
200.5,1.0,2.0,0.0,1000.0,200.0,0.0011111111111111111,0.0005555555555555556,51978.23999999999,3.724,20,30,0
42.0,1.0,2.0,1.0,1000.0,200.0,0.01,0.005,0.0,3.724,20,50,0
71.0,2.0,1.0,1.0,1000.0,200.0,0.01,0.005,0.0,3.724,20,50,1
42.0,1.0,2.0,1.0,1000.0,200.0,0.01,0.005,0.0,3.724,20,50,0
44.0,1.0,1.0,1.0,1.0,0.00465664680451583,100.0,50.0,0.0,3.724,20,50,1
42.0,1.0,2.0,1.0,1000.0,200.0,0.01,0.005,0.0,3.724,20,50,0
57.333333333333336,1.0,1.0,1.0,1000.0,200.0,0.005,0.0025,0.0,3.724,10,13,1
44.0,1.0,2.0,1.0,1000.0,200.0,0.01,0.005,0.0,3.724,20,50,0
68.0,2.0,1.0,1.0,1000.0,200.0,0.01,0.005,0.0,3.724,9,8,1
132.9,1.0,1.0,1.0,1000.0,200.0,0.0011111111111111111,0.0005555555555555556,49315.83999999999,3.724,20,50,1
54.285714285714285,1.0,2.0,0.0,1.0,0.0162998653631121,100.0,50.0,0.0,3.724,5,50,0
56.0,1.0,2.0,0.0,1000.0,200.0,0.01,0.005,0.0,3.724,20,50,0
56.44444444444444,1.0,1.0,1.0,1.0,0.02095483255691798,100.0,50.0,0.0,3.724,20,50,1
42.0,1.0,2.0,1.0,1000.0,200.0,0.01,0.005,0.0,3.724,12,50,0
44.0,1.0,2.0,1.0,1000.0,200.0,0.01,0.005,0.0,3.724,20,50,1
44.0,1.0,1.0,1.0,1000.0,200.0,0.01,0.005,0.0,3.724,20,50,0
67.0,2.0,1.0,1.0,1000.0,200.0,0.01,0.005,0.0,3.724,20,50,1
42.0,1.0,2.0,1.0,1000.0,200.0,0.01,0.005,0.0,3.724,12,50,0
312.3333333333333,1.0,1.0,1.0,1000.0,200.0,0.0009090909090909091,0.00045454545454545455,198637.25,3.724,9,5,1
377.3,1.0,1.0,1.0,1000.0,200.0,0.0011111111111111111,0.0005555555555555556,242996.63999999998,3.724,20,50,1
52.0,1.0,3.0,0.0,1000.0,200.0,0.01,0.005,0.0,3.724,5,50,0
65.0,2.0,1.0,1.0,1000.0,200.0,0.01,0.005,0.0,3.724,20,50,1
48.0,1.0,2.0,1.0,1000.0,200.0,0.01,0.005,0.0,3.724,20,50,1
55.2,1.0,1.0,1.0,1.0,0.011641617011289575,100.0,50.0,0.0,3.724,10,13,1
52.0,1.0,2.0,0.0,1.0,0.0209552180006254,100.0,50.0,0.0,3.724,20,50,0
44.0,1.0,1.0,1.0,1000.0,200.0,0.01,0.005,0.0,3.724,20,50,1
44.0,1.0,2.0,1.0,1000.0,200.0,0.01,0.005,0.0,3.724,20,50,0
48.0,1.0,2.0,1.0,1000.0,200.0,0.01,0.005,0.0,3.724,20,50,1
84.0,2.0,1.0,1.0,1000.0,200.0,0.01,0.005,0.0,3.724,9,4,1
44.0,1.0,2.0,1.0,1000.0,200.0,0.01,0.005,0.0,3.724,20,50,1
44.0,1.0,2.0,1.0,1000.0,200.0,0.01,0.005,0.0,3.724,20,50,0
48.0,1.0,3.0,1.0,1000.0,200.0,0.01,0.005,0.0,3.724,20,50,1
387.45454545454544,1.0,1.0,1.0,1000.0,200.0,0.001,0.0005,220912.1487603306,3.724,14,12,1
48.0,1.0,2.0,1.0,1000.0,200.0,0.01,0.005,0.0,3.724,20,50,1
44.0,1.0,2.0,1.0,1000.0,200.0,0.01,0.005,0.0,3.724,12,50,0
44.0,1.0,2.0,1.0,1000.0,200.0,0.01,0.005,0.0,3.724,20,50,0
44.0,1.0,1.0,1.0,1000.0,200.0,0.01,0.005,0.0,3.724,20,50,0
336.61538461538464,1.0,1.0,1.0,1000.0,200.0,0.0008333333333333334,0.0004166666666666667,199612.4378698225,3.724,20,50,1
150.5,1.0,1.0,1.0,1000.0,200.0,0.0011111111111111111,0.0005555555555555556,49315.83999999999,3.724,9,4,1
71.0,2.0,1.0,1.0,1000.0,200.0,0.01,0.005,0.0,3.724,20,50,1
68.0,2.0,1.0,1.0,1000.0,200.0,0.01,0.005,0.0,3.724,9,4,1
204.7,1.0,1.0,1.0,1000.0,200.0,0.0011111111111111111,0.0005555555555555556,132186.25,3.724,20,50,1
217.25,1.0,1.0,1.0,1000.0,200.0,0.0009090909090909091,0.00045454545454545455,136995.90972222225,3.724,20,50,1
42.0,1.0,2.0,1.0,1000.0,200.0,0.01,0.005,0.0,3.724,20,50,0
55.2,1.0,1.0,1.0,1.0,0.01164157635325758,100.0,50.0,0.0,3.724,10,13,1
222.77142857142857,1.0,1.0,1.0,1.0,0.081497846594042,100.0,50.0,132452.38857142857,3.724,20,50,1
54.666666666666664,1.0,1.0,1.0,1.0,0.013970753624362762,100.0,50.0,0.0,3.724,20,50,1
44.0,1.0,2.0,1.0,1000.0,200.0,0.01,0.005,0.0,3.724,12,50,0
73.0,2.0,1.0,1.0,1000.0,200.0,0.01,0.005,0.0,3.724,9,8,1
44.0,1.0,1.0,1.0,1000.0,200.0,0.01,0.005,0.0,3.724,20,50,0
71.0,2.0,1.0,1.0,1000.0,200.0,0.01,0.005,0.0,3.724,20,50,1
40.0,1.0,1.0,1.0,1.0,0.0046569688395229495,100.0,50.0,0.0,3.724,20,50,0
44.0,1.0,2.0,1.0,1000.0,200.0,0.01,0.005,0.0,3.724,20,50,0
517.0666666666667,1.0,1.0,1.0,1.0,0.06986094179535635,100.0,50.0,299015.6322222222,3.724,20,50,1
42.0,1.0,2.0,1.0,1.0,0.004656671741662754,100.0,50.0,0.0,3.724,20,50,0
399.8333333333333,1.0,1.0,1.0,1000.0,200.0,0.0009090909090909091,0.00045454545454545455,272254.6875,3.724,9,4,1
48.0,1.0,2.0,1.0,1000.0,200.0,0.01,0.005,0.0,3.724,20,50,1
352.25,1.0,1.0,1.0,1000.0,200.0,0.0009090909090909091,0.00045454545454545455,211680.80555555553,3.724,20,50,1
44.0,1.0,2.0,1.0,1000.0,200.0,0.01,0.005,0.0,3.724,20,50,1
339.72727272727275,1.0,1.0,1.0,1000.0,200.0,0.001,0.0005,228920.08264462813,3.724,9,8,1
44.0,1.0,3.0,1.0,1000.0,200.0,0.01,0.005,0.0,3.724,20,50,0
56.8,1.0,1.0,1.0,1000.0,200.0,0.0025,0.00125,0.0,3.724,12,50,1
55.69230769230769,1.0,2.0,0.0,1.0,0.030271291312744822,100.0,50.0,0.0,3.724,5,50,0
333.1818181818182,1.0,1.0,1.0,1000.0,200.0,0.001,0.0005,228920.08264462813,3.724,9,4,1
42.0,1.0,2.0,1.0,1000.0,200.0,0.01,0.005,0.0,3.724,12,50,0
44.0,1.0,2.0,1.0,1000.0,200.0,0.01,0.005,0.0,3.724,20,50,1
44.0,1.0,3.0,1.0,1000.0,200.0,0.01,0.005,0.0,3.724,20,50,1
169.44444444444446,1.0,1.0,1.0,1000.0,200.0,0.00125,0.000625,48342.91358024691,3.724,20,50,1
42.0,1.0,3.0,1.0,1000.0,200.0,0.01,0.005,0.0,3.724,20,50,0
48.0,1.0,2.0,1.0,1000.0,200.0,0.01,0.005,0.0,3.724,20,50,1
153.6315789473684,1.0,1.0,1.0,1.0,0.04424032836568775,100.0,50.0,92412.45983379503,3.724,20,50,1
57.09090909090909,1.0,1.0,1.0,1.0,0.025611467977166676,100.0,50.0,0.0,3.724,20,50,1
42.0,1.0,1.0,1.0,1000.0,200.0,0.01,0.005,0.0,3.724,20,50,0
93.0,2.0,1.0,1.0,1000.0,200.0,0.01,0.005,0.0,3.724,4,2,0
52.0,1.0,1.0,1.0,1000.0,200.0,0.002,0.001,0.0,3.724,20,50,1
44.0,1.0,1.0,1.0,1000.0,200.0,0.01,0.005,0.0,3.724,20,50,0
93.0,2.0,1.0,1.0,1000.0,200.0,0.01,0.005,0.0,3.724,4,2,0
44.0,1.0,1.0,1.0,1000.0,200.0,0.01,0.005,0.0,3.724,20,50,0
44.0,1.0,3.0,1.0,1000.0,200.0,0.01,0.005,0.0,3.724,20,50,0
44.0,1.0,1.0,1.0,1000.0,200.0,0.01,0.005,0.0,3.724,20,50,1
42.0,1.0,2.0,1.0,1000.0,200.0,0.01,0.005,0.0,3.724,20,50,0
405.6,1.0,1.0,1.0,1.0,0.02328314728546442,100.0,50.0,242996.63999999998,3.724,20,50,1
55.2,1.0,1.0,1.0,1.0,0.011641841990866743,100.0,50.0,0.0,3.724,20,50,1
785.2352941176471,1.0,1.0,1.0,1000.0,200.0,0.000625,0.0003125,324985.384083045,3.724,10,13,1
234.8181818181818,1.0,1.0,1.0,1000.0,200.0,0.001,0.0005,122488.01652892563,3.724,20,50,1
57.0,1.0,1.0,1.0,1.0,0.01862651782837154,100.0,50.0,0.0,3.724,20,50,1
40.0,1.0,2.0,1.0,1000.0,200.0,0.01,0.005,0.0,3.724,8,9,1
181.0952380952381,1.0,1.0,1.0,1.0,0.04889674962349502,100.0,50.0,87027.20181405896,3.724,20,50,1
160.4,1.0,1.0,1.0,1000.0,200.0,0.0011111111111111111,0.0005555555555555556,49315.83999999999,3.724,9,8,1
73.0,2.0,1.0,1.0,1000.0,200.0,0.01,0.005,0.0,3.724,9,8,1
44.0,1.0,2.0,1.0,1000.0,200.0,0.01,0.005,0.0,3.724,20,50,0
44.0,1.0,2.0,1.0,1000.0,200.0,0.01,0.005,0.0,3.724,12,50,0
55.2,1.0,1.0,1.0,1.0,0.011641703749373676,100.0,50.0,0.0,3.724,20,50,1
357.46666666666664,1.0,1.0,1.0,1000.0,200.0,0.0007142857142857143,0.00035714285714285714,225991.12888888892,3.724,9,8,1
44.0,1.0,2.0,1.0,1000.0,200.0,0.01,0.005,0.0,3.724,20,50,0
44.0,1.0,2.0,1.0,1000.0,200.0,0.01,0.005,0.0,3.724,20,50,0
44.0,1.0,2.0,1.0,1000.0,200.0,0.01,0.005,0.0,3.724,20,50,0
52.0,1.0,1.0,1.0,1000.0,200.0,0.01,0.005,0.0,3.724,20,50,1
44.0,1.0,2.0,1.0,1000.0,200.0,0.01,0.005,0.0,3.724,20,50,0
42.0,1.0,2.0,1.0,1000.0,200.0,0.01,0.005,0.0,3.724,20,50,0
48.0,1.0,2.0,1.0,1000.0,200.0,0.01,0.005,0.0,3.724,20,50,1
56.0,1.0,2.0,0.0,1.0,0.009313835749575172,100.0,50.0,0.0,3.724,5,50,0
81.5,1.0,1.0,1.0,1000.0,200.0,0.0011111111111111111,0.0005555555555555556,2621.44,3.724,20,50,1
99.14285714285714,1.0,2.0,0.0,1.0,0.016298977262461035,100.0,50.0,12538.77551020408,3.724,5,50,0
44.0,1.0,2.0,1.0,1000.0,200.0,0.01,0.005,0.0,3.724,20,50,0
84.0,2.0,1.0,1.0,1000.0,200.0,0.01,0.005,0.0,3.724,9,4,1
56.36363636363637,1.0,1.0,1.0,1.0,0.02561481971009147,100.0,50.0,0.0,3.724,20,50,1
56.8,1.0,1.0,1.0,1.0,0.011641617011289575,100.0,50.0,0.0,3.724,20,50,1
63.0,2.0,2.0,1.0,1000.0,200.0,0.01,0.005,0.0,3.724,7,12,0
44.0,1.0,2.0,1.0,1000.0,200.0,0.01,0.005,0.0,3.724,20,50,0
44.0,1.0,2.0,1.0,1000.0,200.0,0.01,0.005,0.0,3.724,20,50,0
98.4,1.0,1.0,1.0,1000.0,200.0,0.0011111111111111111,0.0005555555555555556,9216.0,3.724,9,8,1
65.0,2.0,1.0,1.0,1000.0,200.0,0.01,0.005,0.0,3.724,14,12,1
57.333333333333336,1.0,1.0,1.0,1000.0,200.0,0.005,0.0025,0.0,3.724,20,50,1
44.0,1.0,2.0,1.0,1.0,0.004656630541303032,100.0,50.0,0.0,3.724,20,50,1
44.0,1.0,2.0,1.0,1000.0,200.0,0.01,0.005,0.0,3.724,20,50,1
42.0,1.0,2.0,1.0,1000.0,200.0,0.01,0.005,0.0,3.724,20,50,0
44.0,1.0,1.0,1.0,1000.0,200.0,0.01,0.005,0.0,3.724,20,50,1
234.95454545454547,1.0,2.0,1.0,1000.0,200.0,0.0004761904761904762,0.0002380952380952381,118075.71900826444,3.724,20,30,0
48.0,1.0,2.0,1.0,1000.0,200.0,0.01,0.005,0.0,3.724,20,50,1
44.0,1.0,2.0,1.0,1000.0,200.0,0.01,0.005,0.0,3.724,20,50,0
44.0,1.0,2.0,1.0,1000.0,200.0,0.01,0.005,0.0,3.724,12,50,0
55.2,1.0,1.0,1.0,1.0,0.011641701038788985,100.0,50.0,0.0,3.724,20,50,1
131.8,1.0,1.0,1.0,1000.0,200.0,0.0011111111111111111,0.0005555555555555556,49315.83999999999,3.724,9,4,1
48.0,1.0,2.0,1.0,1000.0,200.0,0.01,0.005,0.0,3.724,20,50,1
156.6,1.0,1.0,1.0,1000.0,200.0,0.0011111111111111111,0.0005555555555555556,49315.83999999999,3.724,9,4,1
44.0,1.0,2.0,1.0,1000.0,200.0,0.01,0.005,0.0,3.724,20,50,0
44.0,1.0,2.0,1.0,1000.0,200.0,0.01,0.005,0.0,3.724,20,50,0
246.0,1.0,1.0,1.0,1000.0,200.0,0.0009090909090909091,0.00045454545454545455,136333.6875,3.724,9,8,1
68.0,2.0,1.0,1.0,1000.0,200.0,0.01,0.005,0.0,3.724,9,4,1
55.55555555555556,1.0,1.0,1.0,1.0,0.02095620363003359,100.0,50.0,0.0,3.724,20,50,1
71.0,2.0,1.0,1.0,1000.0,200.0,0.01,0.005,0.0,3.724,20,50,1
48.0,1.0,2.0,1.0,1000.0,200.0,0.01,0.005,0.0,3.724,20,50,1
56.0,1.0,1.0,1.0,1.0,0.00931329360903166,100.0,50.0,0.0,3.724,20,50,1
48.0,1.0,2.0,1.0,1000.0,200.0,0.01,0.005,0.0,3.724,20,50,1
154.30769230769232,1.0,2.0,0.0,1000.0,200.0,0.0008333333333333334,0.0004166666666666667,42317.254437869815,3.724,20,30,0
65.0,2.0,1.0,1.0,1000.0,200.0,0.01,0.005,0.0,3.724,9,8,1
141.7,1.0,1.0,1.0,1000.0,200.0,0.0011111111111111111,0.0005555555555555556,49315.83999999999,3.724,9,8,1
42.0,1.0,2.0,1.0,1000.0,200.0,0.01,0.005,0.0,3.724,12,50,0
42.0,1.0,2.0,1.0,1.0,0.004656663067842225,100.0,50.0,0.0,3.724,20,50,1
42.0,1.0,2.0,1.0,1000.0,200.0,0.01,0.005,0.0,3.724,20,50,0
42.0,1.0,2.0,1.0,1.0,0.00465664680451583,100.0,50.0,0.0,3.724,20,50,1
153.0,2.0,2.0,1.0,1000.0,200.0,0.005,0.0025,0.0,3.724,1,1,0
42.0,1.0,2.0,1.0,1000.0,200.0,0.01,0.005,0.0,3.724,20,50,0
48.0,1.0,2.0,1.0,1000.0,200.0,0.01,0.005,0.0,3.724,20,50,1
252.53846153846155,1.0,1.0,1.0,1000.0,200.0,0.0008333333333333334,0.0004166666666666667,123676.28402366866,3.724,20,50,1
68.0,2.0,1.0,1.0,1000.0,200.0,0.01,0.005,0.0,3.724,9,4,1
40.0,1.0,1.0,1.0,1000.0,200.0,0.01,0.005,0.0,3.724,20,50,1
48.0,1.0,2.0,1.0,1000.0,200.0,0.01,0.005,0.0,3.724,20,50,1
386.72727272727275,1.0,1.0,1.0,1000.0,200.0,0.001,0.0005,220912.1487603306,3.724,9,5,1
42.0,1.0,1.0,1.0,1000.0,200.0,0.01,0.005,0.0,3.724,12,50,0
48.0,1.0,2.0,1.0,1000.0,200.0,0.01,0.005,0.0,3.724,20,50,1
44.0,1.0,2.0,1.0,1000.0,200.0,0.01,0.005,0.0,3.724,20,50,0
44.0,1.0,2.0,1.0,1000.0,200.0,0.01,0.005,0.0,3.724,20,50,0
73.0,2.0,1.0,1.0,1000.0,200.0,0.01,0.005,0.0,3.724,20,50,1
65.0,2.0,1.0,1.0,1000.0,200.0,0.01,0.005,0.0,3.724,9,4,1
134.22222222222223,1.0,1.0,1.0,1000.0,200.0,0.00125,0.000625,53500.83950617283,3.724,9,8,1
42.0,1.0,3.0,1.0,1.0,0.004656629457092885,100.0,50.0,0.0,3.724,20,50,1
71.0,2.0,1.0,1.0,1000.0,200.0,0.01,0.005,0.0,3.724,20,50,1
44.0,1.0,1.0,1.0,1000.0,200.0,0.01,0.005,0.0,3.724,20,50,0
44.0,1.0,2.0,1.0,1000.0,200.0,0.01,0.005,0.0,3.724,20,50,0
68.0,2.0,1.0,1.0,1000.0,200.0,0.01,0.005,0.0,3.724,9,8,1
54.285714285714285,1.0,2.0,0.0,1.0,0.01629980463519873,100.0,50.0,0.0,3.724,5,50,0
193.54545454545453,1.0,1.0,1.0,1.0,0.05123224016928995,100.0,50.0,48745.78512396694,3.724,20,50,1
270.75,1.0,1.0,1.0,1000.0,200.0,0.0009090909090909091,0.00045454545454545455,136333.6875,3.724,9,4,1
65.0,2.0,1.0,1.0,1000.0,200.0,0.01,0.005,0.0,3.724,14,12,1
63.0,2.0,2.0,1.0,1000.0,200.0,0.01,0.005,0.0,3.724,7,12,0
55.2,1.0,1.0,1.0,1.0,0.02328501227585847,100.0,50.0,0.0,3.724,20,50,1
44.0,1.0,2.0,1.0,1000.0,200.0,0.01,0.005,0.0,3.724,20,50,0
106.0,2.0,1.0,1.0,1000.0,200.0,0.01,0.005,0.0,3.724,20,50,0
48.0,1.0,2.0,1.0,1000.0,200.0,0.01,0.005,0.0,3.724,20,50,1
40.0,1.0,1.0,1.0,1000.0,200.0,0.01,0.005,0.0,3.724,20,50,1
147.44117647058823,1.0,1.0,1.0,1.0,0.07917047965667956,100.0,50.0,60533.281141868516,3.724,20,50,1
44.0,1.0,2.0,1.0,1000.0,200.0,0.01,0.005,0.0,3.724,20,50,0
84.0,2.0,1.0,1.0,1000.0,200.0,0.01,0.005,0.0,3.724,9,4,1
42.0,1.0,3.0,1.0,1000.0,200.0,0.01,0.005,0.0,3.724,12,50,0
44.0,1.0,2.0,1.0,1000.0,200.0,0.01,0.005,0.0,3.724,20,50,0
44.0,1.0,1.0,1.0,1000.0,200.0,0.01,0.005,0.0,3.724,20,50,0
48.0,1.0,3.0,1.0,1000.0,200.0,0.01,0.005,0.0,3.724,20,50,1
42.0,1.0,2.0,1.0,1000.0,200.0,0.01,0.005,0.0,3.724,20,50,0
48.0,1.0,2.0,1.0,1000.0,200.0,0.01,0.005,0.0,3.724,20,50,1
55.2,1.0,1.0,1.0,1.0,0.011641871808089798,100.0,50.0,0.0,3.724,20,50,1
55.2,1.0,1.0,1.0,1.0,0.011641703749373676,100.0,50.0,0.0,3.724,20,50,1
55.2,1.0,1.0,1.0,1.0,0.011642422098807373,100.0,50.0,0.0,3.724,20,50,1
44.0,1.0,2.0,1.0,1000.0,200.0,0.01,0.005,0.0,3.724,20,50,0
57.333333333333336,1.0,1.0,1.0,1.0,0.01397120906377531,100.0,50.0,0.0,3.724,20,50,1
105.125,1.0,2.0,1.0,1000.0,200.0,0.0014285714285714286,0.0007142857142857143,11712.0,3.724,20,50,1
153.1,1.0,1.0,1.0,1000.0,200.0,0.0011111111111111111,0.0005555555555555556,79298.56000000001,3.724,9,8,1
79.6,1.0,1.0,1.0,1000.0,200.0,0.0011111111111111111,0.0005555555555555556,2621.44,3.724,20,50,1
234.8181818181818,1.0,1.0,1.0,1000.0,200.0,0.001,0.0005,122488.01652892563,3.724,20,50,1
357.8333333333333,1.0,1.0,1.0,1000.0,200.0,0.0009090909090909091,0.00045454545454545455,209947.4722222222,3.724,14,12,1
44.0,1.0,2.0,1.0,1000.0,200.0,0.01,0.005,0.0,3.724,20,50,1
48.0,1.0,2.0,1.0,1000.0,200.0,0.01,0.005,0.0,3.724,20,50,1
44.0,1.0,2.0,1.0,1000.0,200.0,0.01,0.005,0.0,3.724,20,50,0
40.0,1.0,2.0,1.0,1000.0,200.0,0.01,0.005,0.0,3.724,20,50,1
278.25,1.0,1.0,1.0,1000.0,200.0,0.0009090909090909091,0.00045454545454545455,136333.6875,3.724,20,50,1
55.2,1.0,1.0,1.0,1.0,0.011641701038788985,100.0,50.0,0.0,3.724,20,50,1
42.0,1.0,2.0,1.0,1.0,0.004656629457092885,100.0,50.0,0.0,3.724,20,50,1
44.0,1.0,2.0,1.0,1000.0,200.0,0.01,0.005,0.0,3.724,20,50,0
310.6363636363636,1.0,1.0,1.0,1000.0,200.0,0.001,0.0005,211719.4214876033,3.724,9,4,1
319.4166666666667,1.0,1.0,1.0,1000.0,200.0,0.0009090909090909091,0.00045454545454545455,195376.80555555556,3.724,9,5,1
48.0,1.0,2.0,1.0,1000.0,200.0,0.01,0.005,0.0,3.724,20,50,1
48.0,1.0,2.0,1.0,1000.0,200.0,0.01,0.005,0.0,3.724,20,50,1
44.0,1.0,1.0,1.0,1000.0,200.0,0.01,0.005,0.0,3.724,20,50,1
44.0,1.0,2.0,1.0,1000.0,200.0,0.01,0.005,0.0,3.724,20,50,0
44.0,1.0,2.0,1.0,1000.0,200.0,0.01,0.005,0.0,3.724,12,50,0
44.0,1.0,2.0,1.0,1000.0,200.0,0.01,0.005,0.0,3.724,20,50,0
55.2,1.0,1.0,1.0,1.0,0.0116424627627471,100.0,50.0,0.0,3.724,20,50,1
56.0,1.0,1.0,1.0,1.0,0.009313464918622436,100.0,50.0,0.0,3.724,20,50,1
42.0,1.0,2.0,1.0,1000.0,200.0,0.01,0.005,0.0,3.724,20,50,0
55.2,1.0,1.0,1.0,1.0,0.011641871808089798,100.0,50.0,0.0,3.724,20,50,1
193.30434782608697,1.0,1.0,1.0,1.0,0.05355241081311652,100.0,50.0,56832.19281663517,3.724,20,50,1
44.0,1.0,2.0,1.0,1000.0,200.0,0.01,0.005,0.0,3.724,20,50,0
42.0,1.0,2.0,1.0,1000.0,200.0,0.01,0.005,0.0,3.724,20,50,0
42.0,1.0,2.0,1.0,1000.0,200.0,0.01,0.005,0.0,3.724,20,50,0
44.0,1.0,1.0,1.0,1000.0,200.0,0.01,0.005,0.0,3.724,20,50,1
65.0,2.0,1.0,1.0,1000.0,200.0,0.01,0.005,0.0,3.724,14,12,1
42.0,1.0,2.0,1.0,1.0,0.009315193546433911,100.0,50.0,0.0,3.724,20,50,0
84.0,2.0,1.0,1.0,1000.0,200.0,0.01,0.005,0.0,3.724,9,4,1
44.0,1.0,1.0,1.0,1000.0,200.0,0.01,0.005,0.0,3.724,20,50,1
218.58333333333334,1.0,1.0,1.0,1.0,0.05588505747661733,100.0,50.0,114429.6875,3.724,20,50,1
44.0,1.0,1.0,1.0,1000.0,200.0,0.01,0.005,0.0,3.724,20,50,0
67.0,2.0,1.0,1.0,1000.0,200.0,0.00125,0.000625,0.0,3.724,3,8,0
44.0,1.0,2.0,1.0,1.0,0.004656633793936504,100.0,50.0,0.0,3.724,20,50,1
73.0,2.0,1.0,1.0,1000.0,200.0,0.01,0.005,0.0,3.724,9,4,1
44.0,1.0,2.0,1.0,1000.0,200.0,0.01,0.005,0.0,3.724,12,50,0
44.0,1.0,1.0,1.0,1000.0,200.0,0.01,0.005,0.0,3.724,20,50,1
71.0,2.0,1.0,1.0,1000.0,200.0,0.01,0.005,0.0,3.724,20,50,1
42.0,1.0,1.0,1.0,1000.0,200.0,0.01,0.005,0.0,3.724,20,50,0
96.5,2.0,1.0,1.0,1000.0,200.0,0.01,0.005,4096.0,3.724,4,2,0
145.1,1.0,1.0,1.0,1000.0,200.0,0.0011111111111111111,0.0005555555555555556,49315.83999999999,3.724,9,8,1
168.55555555555554,1.0,1.0,1.0,1000.0,200.0,0.00125,0.000625,48342.91358024691,3.724,20,50,1
44.0,1.0,1.0,1.0,1000.0,200.0,0.01,0.005,0.0,3.724,20,50,0
44.0,1.0,1.0,1.0,1000.0,200.0,0.01,0.005,0.0,3.724,20,50,0
56.0,1.0,1.0,1.0,1.0,0.0186284175578424,100.0,50.0,0.0,3.724,20,50,1
65.0,2.0,1.0,1.0,1000.0,200.0,0.01,0.005,0.0,3.724,9,8,1
56.0,1.0,1.0,1.0,1.0,0.01862706428618994,100.0,50.0,0.0,3.724,10,13,1
56.0,1.0,2.0,0.0,1000.0,200.0,0.01,0.005,0.0,3.724,7,36,0
159.9,1.0,1.0,1.0,1000.0,200.0,0.0011111111111111111,0.0005555555555555556,79298.56000000001,3.724,9,8,1
55.2,1.0,1.0,1.0,1.0,0.01164166038017006,100.0,50.0,0.0,3.724,20,50,1
195.45454545454547,1.0,1.0,1.0,1000.0,200.0,0.001,0.0005,48745.78512396694,3.724,20,50,1
73.0,2.0,1.0,1.0,1000.0,200.0,0.01,0.005,0.0,3.724,9,4,1
44.0,1.0,1.0,1.0,1000.0,200.0,0.01,0.005,0.0,3.724,20,50,1
48.0,1.0,2.0,1.0,1000.0,200.0,0.01,0.005,0.0,3.724,20,50,1
42.0,1.0,3.0,1.0,1000.0,200.0,0.01,0.005,0.0,3.724,12,50,0
64.92857142857143,1.0,1.0,1.0,1000.0,200.0,0.0007692307692307692,0.0003846153846153846,0.0,3.724,20,50,0
84.0,2.0,1.0,1.0,1000.0,200.0,0.01,0.005,0.0,3.724,9,8,1
55.2,1.0,1.0,1.0,1.0,0.01164180404189466,100.0,50.0,0.0,3.724,20,50,1
93.0,2.0,1.0,1.0,1000.0,200.0,0.01,0.005,0.0,3.724,4,2,0
48.0,1.0,2.0,1.0,1000.0,200.0,0.01,0.005,0.0,3.724,20,50,1
42.0,1.0,2.0,1.0,1000.0,200.0,0.01,0.005,0.0,3.724,20,50,0
55.2,1.0,2.0,0.0,1.0,0.011641828437634026,100.0,50.0,0.0,3.724,5,50,0
42.0,1.0,1.0,1.0,1.0,0.0046566988475601695,100.0,50.0,0.0,3.724,20,50,1
424.90909090909093,1.0,1.0,1.0,1000.0,200.0,0.001,0.0005,288004.95867768594,3.724,9,8,1
44.0,1.0,1.0,1.0,1000.0,200.0,0.01,0.005,0.0,3.724,20,50,0
42.0,1.0,3.0,1.0,1.0,0.004656629457092885,100.0,50.0,0.0,3.724,20,50,1
44.0,1.0,2.0,1.0,1000.0,200.0,0.01,0.005,0.0,3.724,20,50,0
44.0,1.0,2.0,1.0,1000.0,200.0,0.01,0.005,0.0,3.724,20,50,1
56.0,1.0,1.0,1.0,1.0,0.00931336299949894,100.0,50.0,0.0,3.724,20,50,1
42.0,1.0,2.0,1.0,1000.0,200.0,0.01,0.005,0.0,3.724,20,50,0
44.0,1.0,2.0,1.0,1000.0,200.0,0.01,0.005,0.0,3.724,20,50,0
63.625,1.0,3.0,0.0,1000.0,200.0,0.0014285714285714286,0.0007142857142857143,1792.0,3.724,20,50,0
286.6363636363636,1.0,1.0,1.0,1000.0,200.0,0.001,0.0005,144255.42148760328,3.724,9,4,1
42.0,1.0,2.0,1.0,1000.0,200.0,0.01,0.005,0.0,3.724,20,50,0
42.4,1.0,3.0,1.0,1.0,0.01164166038017006,100.0,50.0,0.0,3.724,20,50,1
44.0,1.0,2.0,1.0,1000.0,200.0,0.01,0.005,0.0,3.724,20,50,0
48.0,1.0,3.0,1.0,1000.0,200.0,0.01,0.005,0.0,3.724,20,50,1
44.0,1.0,2.0,1.0,1000.0,200.0,0.01,0.005,0.0,3.724,12,50,0
119.1,1.0,1.0,1.0,1000.0,200.0,0.0011111111111111111,0.0005555555555555556,44277.759999999995,3.724,20,50,1
55.2,1.0,1.0,1.0,1.0,0.011641744408295535,100.0,50.0,0.0,3.724,20,50,1
42.0,1.0,1.0,1.0,1000.0,200.0,0.01,0.005,0.0,3.724,20,50,0
42.0,1.0,2.0,1.0,1000.0,200.0,0.01,0.005,0.0,3.724,20,50,0
72.0,2.0,1.0,1.0,1000.0,200.0,0.01,0.005,0.0,3.724,20,50,1
52.0,1.0,1.0,1.0,1000.0,200.0,0.01,0.005,0.0,3.724,20,50,1
48.0,1.0,2.0,1.0,1000.0,200.0,0.01,0.005,0.0,3.724,20,50,1
73.0,2.0,1.0,1.0,1000.0,200.0,0.01,0.005,0.0,3.724,9,4,1
48.0,1.0,2.0,1.0,1000.0,200.0,0.01,0.005,0.0,3.724,20,50,1
63.0,2.0,2.0,1.0,1000.0,200.0,0.01,0.005,0.0,3.724,7,12,0
48.0,1.0,2.0,1.0,1000.0,200.0,0.01,0.005,0.0,3.724,20,50,1
84.0,2.0,1.0,1.0,1000.0,200.0,0.01,0.005,0.0,3.724,9,8,1
44.0,1.0,1.0,1.0,1000.0,200.0,0.01,0.005,0.0,3.724,20,50,1
48.0,1.0,3.0,1.0,1000.0,200.0,0.01,0.005,0.0,3.724,20,50,1
135.0,2.0,1.0,1.0,1000.0,200.0,0.01,0.005,4096.0,3.724,11,49,0
48.0,1.0,2.0,1.0,1000.0,200.0,0.01,0.005,0.0,3.724,20,50,1
67.0,2.0,1.0,1.0,1000.0,200.0,0.01,0.005,0.0,3.724,20,50,1
55.2,1.0,1.0,1.0,1.0,0.01164157364273221,100.0,50.0,0.0,3.724,20,50,1
40.0,1.0,2.0,1.0,1000.0,200.0,0.01,0.005,0.0,3.724,20,50,1
48.0,1.0,2.0,1.0,1000.0,200.0,0.01,0.005,0.0,3.724,20,50,1
44.0,1.0,2.0,1.0,1000.0,200.0,0.01,0.005,0.0,3.724,20,50,0
169.44444444444446,1.0,1.0,1.0,1000.0,200.0,0.00125,0.000625,48342.91358024691,3.724,10,13,1
44.0,1.0,2.0,1.0,1000.0,200.0,0.01,0.005,0.0,3.724,20,50,1
42.0,1.0,2.0,1.0,1000.0,200.0,0.01,0.005,0.0,3.724,20,50,0
512.1538461538462,1.0,1.0,1.0,1000.0,200.0,0.0008333333333333334,0.0004166666666666667,298324.85207100597,3.724,9,8,1
71.0,2.0,1.0,1.0,1000.0,200.0,0.01,0.005,0.0,3.724,20,50,1
44.0,1.0,2.0,1.0,1000.0,200.0,0.01,0.005,0.0,3.724,20,50,0
73.0,2.0,1.0,1.0,1000.0,200.0,0.01,0.005,0.0,3.724,9,4,1
310.9166666666667,1.0,1.0,1.0,1000.0,200.0,0.0009090909090909091,0.00045454545454545455,198637.25,3.724,9,5,1
57.333333333333336,1.0,1.0,1.0,1.0,0.01397120906377531,100.0,50.0,0.0,3.724,20,50,1
44.0,1.0,2.0,1.0,1000.0,200.0,0.01,0.005,0.0,3.724,20,50,1
44.0,1.0,2.0,1.0,1000.0,200.0,0.01,0.005,0.0,3.724,20,50,0
44.0,1.0,2.0,1.0,1000.0,200.0,0.01,0.005,0.0,3.724,20,50,0
56.8,1.0,1.0,1.0,1.0,0.01164157635325758,100.0,50.0,0.0,3.724,10,13,1
60.0,1.0,2.0,0.0,1000.0,200.0,0.01,0.005,0.0,3.724,20,50,0
48.0,1.0,2.0,1.0,1000.0,200.0,0.01,0.005,0.0,3.724,20,50,1
42.0,1.0,2.0,1.0,1000.0,200.0,0.01,0.005,0.0,3.724,12,50,0
84.2,1.0,1.0,1.0,1000.0,200.0,0.0011111111111111111,0.0005555555555555556,2621.44,3.724,20,50,1
54.666666666666664,1.0,2.0,0.0,1.0,0.027941103878504632,100.0,50.0,0.0,3.724,5,50,0
48.0,1.0,3.0,1.0,1000.0,200.0,0.01,0.005,0.0,3.724,20,50,1
40.0,1.0,1.0,1.0,1000.0,200.0,0.01,0.005,0.0,3.724,20,50,1
44.0,1.0,2.0,1.0,1000.0,200.0,0.01,0.005,0.0,3.724,20,50,1
42.0,1.0,2.0,1.0,1000.0,200.0,0.01,0.005,0.0,3.724,20,50,1
67.0,2.0,1.0,1.0,1000.0,200.0,0.01,0.005,0.0,3.724,20,50,1
44.0,1.0,2.0,1.0,1000.0,200.0,0.01,0.005,0.0,3.724,20,50,0
292.3076923076923,1.0,1.0,1.0,1000.0,200.0,0.0008333333333333334,0.0004166666666666667,186533.71597633138,3.724,20,50,1
48.0,1.0,2.0,1.0,1000.0,200.0,0.01,0.005,0.0,3.724,20,50,1
356.8181818181818,1.0,1.0,1.0,1.0,0.025611467977166676,100.0,50.0,228920.08264462813,3.724,9,8,1
44.0,1.0,2.0,1.0,1000.0,200.0,0.01,0.005,0.0,3.724,20,50,0
56.8,1.0,1.0,1.0,1.0,0.05821167675009331,100.0,50.0,0.0,3.724,10,13,1
48.0,1.0,3.0,1.0,1000.0,200.0,0.01,0.005,0.0,3.724,20,50,1
44.0,1.0,3.0,1.0,1000.0,200.0,0.01,0.005,0.0,3.724,20,50,1
56.0,1.0,1.0,1.0,1.0,0.01862651782837154,100.0,50.0,0.0,3.724,20,50,1
48.0,1.0,2.0,1.0,1000.0,200.0,0.01,0.005,0.0,3.724,20,50,1
73.0,2.0,1.0,1.0,1000.0,200.0,0.01,0.005,0.0,3.724,9,4,1
57.333333333333336,1.0,1.0,1.0,1.0,0.013971212317020778,100.0,50.0,0.0,3.724,20,50,1
48.0,1.0,2.0,1.0,1000.0,200.0,0.01,0.005,0.0,3.724,20,50,1
390.75,1.0,1.0,1.0,1000.0,200.0,0.0009090909090909091,0.00045454545454545455,223376.80555555553,3.724,10,13,1
44.0,1.0,2.0,1.0,1000.0,200.0,0.01,0.005,0.0,3.724,20,50,0
57.333333333333336,1.0,1.0,1.0,1000.0,200.0,0.005,0.0025,0.0,3.724,10,13,1
79.11111111111111,1.0,1.0,1.0,1000.0,200.0,0.00125,0.000625,10113.58024691358,3.724,20,50,1
48.0,1.0,2.0,1.0,1000.0,200.0,0.01,0.005,0.0,3.724,20,50,1
48.0,1.0,2.0,1.0,1000.0,200.0,0.01,0.005,0.0,3.724,20,50,1
44.0,1.0,2.0,1.0,1000.0,200.0,0.01,0.005,0.0,3.724,20,50,0
251.1818181818182,1.0,1.0,1.0,1000.0,200.0,0.001,0.0005,145305.86776859505,3.724,9,5,1
42.0,1.0,2.0,1.0,1000.0,200.0,0.01,0.005,0.0,3.724,20,50,0
509.56,1.0,1.0,1.0,1.0,0.05820892533750699,100.0,50.0,312641.24159999995,3.724,20,50,1
184.29032258064515,1.0,1.0,1.0,1.0,0.07218486590729739,100.0,50.0,73665.44640998958,3.724,20,50,1
60.333333333333336,1.0,1.0,1.0,1000.0,200.0,0.00125,0.000625,0.0,3.724,20,50,1
48.0,1.0,2.0,1.0,1000.0,200.0,0.01,0.005,0.0,3.724,20,50,1
44.0,1.0,1.0,1.0,1000.0,200.0,0.01,0.005,0.0,3.724,20,50,1
73.0,2.0,1.0,1.0,1000.0,200.0,0.01,0.005,0.0,3.724,9,4,1
57.0,1.0,1.0,1.0,1.0,0.018626522165212128,100.0,50.0,0.0,3.724,20,50,1
55.2,1.0,1.0,1.0,1.0,0.011641744408295535,100.0,50.0,0.0,3.724,20,50,1
67.0,2.0,1.0,1.0,1000.0,200.0,0.01,0.005,0.0,3.724,20,50,1
40.0,1.0,2.0,1.0,1000.0,200.0,0.01,0.005,0.0,3.724,3,8,1
44.0,1.0,3.0,1.0,1000.0,200.0,0.01,0.005,0.0,3.724,20,50,1
146.875,1.0,1.0,1.0,1000.0,200.0,0.0014285714285714286,0.0007142857142857143,58368.0,3.724,9,4,1
86.0,2.0,2.0,1.0,1000.0,200.0,0.01,0.005,0.0,3.724,20,50,1
40.0,1.0,2.0,1.0,1000.0,200.0,0.00010101010101010101,5.0505050505050505e-05,0.0,3.724,9,8,1
44.0,1.0,2.0,1.0,1000.0,200.0,0.01,0.005,0.0,3.724,20,50,0
42.0,1.0,2.0,1.0,1.0,0.004656629457092885,100.0,50.0,0.0,3.724,20,50,1
56.0,1.0,1.0,1.0,1.0,0.018627606438725304,100.0,50.0,0.0,3.724,20,50,1
48.0,1.0,2.0,1.0,1000.0,200.0,0.01,0.005,0.0,3.724,20,50,1
310.9166666666667,1.0,1.0,1.0,1000.0,200.0,0.0009090909090909091,0.00045454545454545455,198637.25,3.724,20,50,1
42.0,1.0,2.0,1.0,1000.0,200.0,0.01,0.005,0.0,3.724,12,50,0
42.0,1.0,2.0,1.0,1000.0,200.0,0.01,0.005,0.0,3.724,20,50,0
55.2,1.0,1.0,1.0,1.0,0.011641649537919647,100.0,50.0,0.0,3.724,10,13,1
44.0,1.0,2.0,1.0,1000.0,200.0,0.01,0.005,0.0,3.724,20,50,0
48.0,1.0,2.0,1.0,1000.0,200.0,0.01,0.005,0.0,3.724,20,50,1
348.2631578947368,1.0,1.0,1.0,1.0,0.044245489812708844,100.0,50.0,201128.5540166205,3.724,9,4,1
147.0,1.0,1.0,1.0,1000.0,200.0,0.0011111111111111111,0.0005555555555555556,49315.83999999999,3.724,9,8,1
73.0,2.0,1.0,1.0,1000.0,200.0,0.01,0.005,0.0,3.724,9,4,1
44.0,1.0,1.0,1.0,1000.0,200.0,0.01,0.005,0.0,3.724,20,50,1
44.0,1.0,1.0,1.0,1000.0,200.0,0.01,0.005,0.0,3.724,20,50,1
172.04545454545453,1.0,1.0,1.0,1.0,0.05122498736256277,100.0,50.0,71860.58884297521,3.724,20,50,1
55.0,1.0,1.0,1.0,1000.0,200.0,0.0016666666666666668,0.0008333333333333334,0.0,3.724,20,50,1
134.6,1.0,1.0,1.0,1000.0,200.0,0.0011111111111111111,0.0005555555555555556,49315.83999999999,3.724,9,8,1
301.24,1.0,1.0,1.0,1.0,0.058215919585651685,100.0,50.0,192409.4784,3.724,20,50,1
44.0,1.0,1.0,1.0,1000.0,200.0,0.01,0.005,0.0,3.724,20,50,0
44.0,1.0,1.0,1.0,1000.0,200.0,0.01,0.005,0.0,3.724,20,50,1
44.0,1.0,2.0,1.0,1000.0,200.0,0.01,0.005,0.0,3.724,20,50,0
73.0,2.0,1.0,1.0,1000.0,200.0,0.01,0.005,0.0,3.724,20,50,1
40.0,1.0,2.0,1.0,1000.0,200.0,0.0001,5e-05,0.0,3.724,20,50,1
44.0,1.0,1.0,1.0,1000.0,200.0,0.01,0.005,0.0,3.724,20,50,1
64.92857142857143,1.0,1.0,1.0,1000.0,200.0,0.0007692307692307692,0.0003846153846153846,0.0,3.724,20,50,0
84.0,2.0,1.0,1.0,1000.0,200.0,0.01,0.005,0.0,3.724,20,50,1
44.0,1.0,2.0,1.0,1000.0,200.0,0.01,0.005,0.0,3.724,20,50,1
44.0,1.0,2.0,1.0,1000.0,200.0,0.01,0.005,0.0,3.724,20,50,0
55.2,1.0,1.0,1.0,1.0,0.023285776791392276,100.0,50.0,0.0,3.724,20,50,1
48.0,1.0,2.0,1.0,1000.0,200.0,0.01,0.005,0.0,3.724,20,50,1
42.0,1.0,2.0,1.0,1000.0,200.0,0.01,0.005,0.0,3.724,20,50,0
67.0,2.0,1.0,1.0,1000.0,200.0,0.01,0.005,0.0,3.724,20,50,1
44.0,1.0,2.0,1.0,1000.0,200.0,0.01,0.005,0.0,3.724,12,50,0
52.0,1.0,1.0,1.0,1000.0,200.0,0.01,0.005,0.0,3.724,20,50,1
59.90909090909091,1.0,1.0,1.0,1000.0,200.0,0.001,0.0005,0.0,3.724,20,50,1
40.0,1.0,1.0,1.0,1000.0,200.0,0.01,0.005,0.0,3.724,20,50,1
42.0,1.0,2.0,1.0,1000.0,200.0,0.01,0.005,0.0,3.724,20,50,0
73.0,2.0,1.0,1.0,1000.0,200.0,0.01,0.005,0.0,3.724,9,8,1
56.0,1.0,2.0,0.0,1000.0,200.0,0.0033333333333333335,0.0016666666666666668,0.0,3.724,7,36,0
55.55555555555556,1.0,1.0,1.0,1.0,0.02095712103179824,100.0,50.0,0.0,3.724,20,50,1
84.4,1.0,1.0,1.0,1000.0,200.0,0.0011111111111111111,0.0005555555555555556,2621.44,3.724,20,50,1
44.0,1.0,1.0,1.0,1000.0,200.0,0.01,0.005,0.0,3.724,20,50,1
48.0,1.0,3.0,1.0,1000.0,200.0,0.01,0.005,0.0,3.724,20,50,1
400.0,2.0,2.0,1.0,1000.0,200.0,0.01,0.005,0.0,3.724,7,12,0
44.0,1.0,3.0,1.0,1000.0,200.0,0.01,0.005,0.0,3.724,20,50,1
44.0,1.0,2.0,1.0,1000.0,200.0,0.01,0.005,0.0,3.724,20,50,0
44.0,1.0,2.0,1.0,1000.0,200.0,0.01,0.005,0.0,3.724,20,50,1
132.31034482758622,1.0,1.0,1.0,1.0,0.06752727461549621,100.0,50.0,50959.13912009512,3.724,20,50,1
42.0,1.0,3.0,1.0,1000.0,200.0,0.01,0.005,0.0,3.724,20,50,0
44.0,1.0,2.0,1.0,1000.0,200.0,0.01,0.005,0.0,3.724,20,50,0
44.0,1.0,2.0,1.0,1000.0,200.0,0.01,0.005,0.0,3.724,20,50,0
73.0,2.0,1.0,1.0,1000.0,200.0,0.01,0.005,0.0,3.724,9,8,1
48.0,1.0,2.0,1.0,1000.0,200.0,0.01,0.005,0.0,3.724,20,50,1
119.1,1.0,1.0,1.0,1000.0,200.0,0.0011111111111111111,0.0005555555555555556,44277.759999999995,3.724,9,5,1
56.57142857142857,1.0,1.0,1.0,1000.0,200.0,0.0016666666666666668,0.0008333333333333334,0.0,3.724,20,50,1
330.0,1.0,1.0,1.0,1000.0,200.0,0.001,0.0005,212258.9256198347,3.724,20,50,1
56.0,1.0,1.0,1.0,1.0,0.01862848262393355,100.0,50.0,0.0,3.724,20,50,1
217.91666666666666,1.0,1.0,1.0,1.0,0.05588179138395913,100.0,50.0,125719.90972222219,3.724,20,50,1
128.5,1.0,1.0,1.0,1000.0,200.0,0.0011111111111111111,0.0005555555555555556,49315.83999999999,3.724,14,12,1
56.44444444444444,1.0,1.0,1.0,1.0,0.020954910620321236,100.0,50.0,0.0,3.724,20,50,1
44.0,1.0,2.0,1.0,1000.0,200.0,0.01,0.005,0.0,3.724,20,50,1
42.0,1.0,2.0,1.0,1000.0,200.0,0.01,0.005,0.0,3.724,20,50,0
273.15384615384613,1.0,1.0,1.0,1.0,0.030268204229352898,100.0,50.0,141637.94082840235,3.724,20,50,0
73.0,2.0,1.0,1.0,1000.0,200.0,0.01,0.005,0.0,3.724,20,50,1
48.0,1.0,2.0,1.0,1000.0,200.0,0.01,0.005,0.0,3.724,20,50,1
56.44444444444444,1.0,1.0,1.0,1.0,0.02095483255691798,100.0,50.0,0.0,3.724,20,50,1
260.2,1.0,1.0,1.0,1000.0,200.0,0.0011111111111111111,0.0005555555555555556,154908.81,3.724,9,5,1
44.0,1.0,3.0,1.0,1000.0,200.0,0.01,0.005,0.0,3.724,20,50,0
44.0,1.0,2.0,1.0,1000.0,200.0,0.01,0.005,0.0,3.724,20,50,1
42.0,1.0,2.0,1.0,1000.0,200.0,0.01,0.005,0.0,3.724,20,50,0
40.0,1.0,1.0,1.0,1000.0,200.0,0.01,0.005,0.0,3.724,20,50,1
318.47058823529414,1.0,1.0,1.0,1000.0,200.0,0.000625,0.0003125,208725.79238754325,3.724,14,12,1
71.0,2.0,1.0,1.0,1000.0,200.0,0.01,0.005,0.0,3.724,20,50,1
48.0,1.0,2.0,1.0,1000.0,200.0,0.01,0.005,0.0,3.724,20,50,1
329.27272727272725,1.0,1.0,1.0,1000.0,200.0,0.001,0.0005,211719.4214876033,3.724,20,50,1
55.2,1.0,2.0,0.0,1.0,0.011643099868223395,100.0,50.0,0.0,3.724,5,50,0
44.0,1.0,1.0,1.0,1000.0,200.0,0.01,0.005,0.0,3.724,20,50,1
44.0,1.0,2.0,1.0,1000.0,200.0,0.01,0.005,0.0,3.724,20,50,1
337.3076923076923,1.0,1.0,1.0,1000.0,200.0,0.0008333333333333334,0.0004166666666666667,199612.4378698225,3.724,10,13,1
44.0,1.0,2.0,1.0,1000.0,200.0,0.01,0.005,0.0,3.724,20,50,0
42.0,1.0,2.0,1.0,1000.0,200.0,0.01,0.005,0.0,3.724,20,50,0
44.0,1.0,2.0,1.0,1000.0,200.0,0.01,0.005,0.0,3.724,20,50,0
44.0,1.0,2.0,1.0,1000.0,200.0,0.01,0.005,0.0,3.724,20,50,1
44.0,1.0,2.0,1.0,1000.0,200.0,0.01,0.005,0.0,3.724,20,50,0
96.5,2.0,1.0,1.0,1000.0,200.0,0.0033333333333333335,0.0016666666666666668,4096.0,3.724,1,1,0
44.0,1.0,2.0,1.0,1000.0,200.0,0.01,0.005,0.0,3.724,20,50,0
96.5,2.0,1.0,1.0,1000.0,200.0,0.01,0.005,4096.0,3.724,4,2,0
55.55555555555556,1.0,1.0,1.0,1.0,0.0209569697525727,100.0,50.0,0.0,3.724,20,50,1
55.2,1.0,2.0,0.0,1.0,0.03492955175139101,100.0,50.0,0.0,3.724,5,50,0
44.0,1.0,2.0,1.0,1000.0,200.0,0.01,0.005,0.0,3.724,20,50,0
44.0,1.0,3.0,1.0,1000.0,200.0,0.01,0.005,0.0,3.724,12,50,0
44.0,1.0,2.0,1.0,1000.0,200.0,0.01,0.005,0.0,3.724,20,50,1
44.0,1.0,2.0,1.0,1000.0,200.0,0.01,0.005,0.0,3.724,20,50,0
48.0,1.0,2.0,1.0,1000.0,200.0,0.01,0.005,0.0,3.724,20,50,1
44.0,1.0,2.0,1.0,1000.0,200.0,0.01,0.005,0.0,3.724,20,50,0
178.7741935483871,1.0,1.0,1.0,1.0,0.07218617699910884,100.0,50.0,101608.66805411031,3.724,20,50,1
147.14285714285714,1.0,1.0,1.0,1000.0,200.0,0.0016666666666666668,0.0008333333333333334,19560.489795918365,3.724,20,50,1
48.0,1.0,2.0,1.0,1000.0,200.0,0.01,0.005,0.0,3.724,20,50,1
71.0,2.0,1.0,1.0,1000.0,200.0,0.01,0.005,0.0,3.724,20,50,1
44.0,1.0,2.0,1.0,1000.0,200.0,0.01,0.005,0.0,3.724,20,50,0
44.0,1.0,2.0,1.0,1000.0,200.0,0.01,0.005,0.0,3.724,20,50,0
54.285714285714285,1.0,1.0,1.0,1000.0,200.0,0.0016666666666666668,0.0008333333333333334,0.0,3.724,14,12,1
83.1,1.0,1.0,1.0,1000.0,200.0,0.0011111111111111111,0.0005555555555555556,2621.44,3.724,20,50,1
48.0,1.0,2.0,1.0,1000.0,200.0,0.01,0.005,0.0,3.724,20,50,1
44.0,1.0,2.0,1.0,1000.0,200.0,0.01,0.005,0.0,3.724,20,50,0
68.0,2.0,1.0,1.0,1000.0,200.0,0.01,0.005,0.0,3.724,9,8,1
402.0,1.0,1.0,1.0,1000.0,200.0,0.001,0.0005,288004.95867768594,3.724,9,4,1
47.333333333333336,1.0,1.0,1.0,1000.0,200.0,0.005,0.0025,0.0,3.724,9,4,1
44.0,1.0,2.0,1.0,1000.0,200.0,0.01,0.005,0.0,3.724,20,50,0
73.0,2.0,1.0,1.0,1000.0,200.0,0.01,0.005,0.0,3.724,9,4,1
133.8,1.0,1.0,1.0,1.0,0.02328315270651516,100.0,50.0,49315.83999999999,3.724,9,8,1
44.0,1.0,2.0,1.0,1000.0,200.0,0.01,0.005,0.0,3.724,20,50,0
56.0,1.0,3.0,0.0,1.0,0.009313261082606064,100.0,50.0,0.0,3.724,7,36,0
65.0,2.0,1.0,1.0,1000.0,200.0,0.01,0.005,0.0,3.724,14,12,1
360.8181818181818,1.0,1.0,1.0,1000.0,200.0,0.001,0.0005,228920.08264462813,3.724,9,8,1
52.0,1.0,3.0,0.0,1.0,0.009314174077256416,100.0,50.0,0.0,3.724,11,49,0
50.0,1.0,1.0,1.0,1000.0,200.0,0.01,0.005,0.0,3.724,20,50,1
227.0,1.0,2.0,1.0,1000.0,200.0,0.00045454545454545455,0.00022727272727272727,114032.20037807185,3.724,20,30,0
50.0,1.0,1.0,1.0,1000.0,200.0,0.01,0.005,0.0,3.724,20,50,1
48.0,1.0,2.0,1.0,1000.0,200.0,0.01,0.005,0.0,3.724,20,50,1
42.0,1.0,2.0,1.0,1000.0,200.0,0.01,0.005,0.0,3.724,20,50,0
44.0,1.0,2.0,1.0,1000.0,200.0,0.01,0.005,0.0,3.724,20,50,0
44.0,1.0,1.0,1.0,1000.0,200.0,0.01,0.005,0.0,3.724,20,50,1
44.0,1.0,2.0,1.0,1000.0,200.0,0.01,0.005,0.0,3.724,20,50,0
57.333333333333336,1.0,1.0,1.0,1.0,0.02095544732196368,100.0,50.0,0.0,3.724,10,13,1
251.0,1.0,1.0,1.0,1000.0,200.0,0.0008333333333333334,0.0004166666666666667,123676.28402366866,3.724,20,50,1
71.0,2.0,1.0,1.0,1000.0,200.0,0.01,0.005,0.0,3.724,20,50,1
44.0,1.0,2.0,1.0,1.0,0.004656630541303032,100.0,50.0,0.0,3.724,20,50,1
44.0,1.0,1.0,1.0,1000.0,200.0,0.01,0.005,0.0,3.724,20,50,1
44.0,1.0,1.0,1.0,1000.0,200.0,0.01,0.005,0.0,3.724,20,50,1
42.0,1.0,2.0,1.0,1000.0,200.0,0.01,0.005,0.0,3.724,20,50,0
56.0,1.0,1.0,1.0,1.0,0.009313430222500177,100.0,50.0,0.0,3.724,20,50,1
42.0,1.0,2.0,1.0,1000.0,200.0,0.01,0.005,0.0,3.724,20,50,0
40.0,1.0,1.0,1.0,1000.0,200.0,0.01,0.005,0.0,3.724,20,50,1
137.9,1.0,1.0,1.0,1.0,0.06985606158510389,100.0,50.0,55192.80555555556,3.724,20,50,1
222.92857142857142,1.0,1.0,1.0,1.0,0.06519613675634783,100.0,50.0,61611.02423469388,3.724,20,50,1
44.0,1.0,1.0,1.0,1000.0,200.0,0.01,0.005,0.0,3.724,20,50,1
382.27272727272725,1.0,1.0,1.0,1000.0,200.0,0.001,0.0005,228920.08264462813,3.724,9,8,1
307.1818181818182,1.0,1.0,1.0,1000.0,200.0,0.001,0.0005,211719.4214876033,3.724,9,8,1
44.0,1.0,2.0,1.0,1000.0,200.0,0.01,0.005,0.0,3.724,20,50,0
48.0,1.0,3.0,1.0,1000.0,200.0,0.01,0.005,0.0,3.724,20,50,1
93.0,2.0,1.0,1.0,1000.0,200.0,0.0033333333333333335,0.0016666666666666668,0.0,3.724,1,1,0
42.0,1.0,2.0,1.0,1000.0,200.0,0.01,0.005,0.0,3.724,20,50,0
84.0,2.0,1.0,1.0,1000.0,200.0,0.01,0.005,0.0,3.724,9,4,1
48.0,1.0,2.0,1.0,1000.0,200.0,0.01,0.005,0.0,3.724,20,50,1
84.0,2.0,1.0,1.0,1000.0,200.0,0.01,0.005,0.0,3.724,9,4,1
48.0,1.0,3.0,1.0,1000.0,200.0,0.01,0.005,0.0,3.724,20,50,1
44.0,1.0,1.0,1.0,1000.0,200.0,0.01,0.005,0.0,3.724,20,50,0
141.5,1.0,1.0,1.0,1000.0,200.0,0.0011111111111111111,0.0005555555555555556,49315.83999999999,3.724,9,4,1
42.0,1.0,2.0,1.0,1000.0,200.0,0.01,0.005,0.0,3.724,20,50,0
67.0,2.0,1.0,1.0,1000.0,200.0,0.01,0.005,0.0,3.724,20,50,1
110.5,2.0,1.0,1.0,1000.0,200.0,0.01,0.005,4096.0,3.724,20,50,0
42.666666666666664,1.0,1.0,1.0,1000.0,200.0,0.005,0.0025,0.0,3.724,20,50,1
354.75,1.0,2.0,1.0,1000.0,200.0,0.0009090909090909091,0.00045454545454545455,211680.80555555553,3.724,20,30,0
42.0,1.0,3.0,1.0,1000.0,200.0,0.01,0.005,0.0,3.724,20,50,0
44.0,1.0,2.0,1.0,1000.0,200.0,0.01,0.005,0.0,3.724,20,50,0
44.0,1.0,2.0,1.0,1000.0,200.0,0.01,0.005,0.0,3.724,20,50,0
487.0769230769231,1.0,1.0,1.0,1000.0,200.0,0.0008333333333333334,0.0004166666666666667,298324.85207100597,3.724,9,4,1
48.0,1.0,2.0,1.0,1000.0,200.0,0.01,0.005,0.0,3.724,20,50,1
221.2,1.0,1.0,1.0,1000.0,200.0,0.0011111111111111111,0.0005555555555555556,132186.25,3.724,9,4,1
192.8421052631579,1.0,1.0,1.0,1.0,0.04424008114096566,100.0,50.0,107516.1052631579,3.724,20,50,1
44.0,1.0,3.0,1.0,1000.0,200.0,0.01,0.005,0.0,3.724,20,50,1
44.0,1.0,3.0,1.0,1000.0,200.0,0.01,0.005,0.0,3.724,20,50,0
84.0,2.0,1.0,1.0,1000.0,200.0,0.01,0.005,0.0,3.724,20,50,1
171.25,1.0,1.0,1.0,1.0,0.018626535175746015,100.0,50.0,58368.0,3.724,14,12,1
44.0,1.0,3.0,1.0,1000.0,200.0,0.01,0.005,0.0,3.724,20,50,0
48.0,1.0,3.0,1.0,1000.0,200.0,0.01,0.005,0.0,3.724,20,50,1
594.0,1.0,3.0,0.0,1000.0,200.0,0.01,0.005,363006.25,3.724,11,49,0
42.0,1.0,2.0,1.0,1000.0,200.0,0.01,0.005,0.0,3.724,20,50,0
84.2,1.0,1.0,1.0,1000.0,200.0,0.0011111111111111111,0.0005555555555555556,2621.44,3.724,20,50,1
42.0,1.0,2.0,1.0,1000.0,200.0,0.01,0.005,0.0,3.724,12,50,0
55.2,1.0,1.0,1.0,1.0,0.01164166038017006,100.0,50.0,0.0,3.724,20,50,1
42.0,1.0,2.0,1.0,1000.0,200.0,0.01,0.005,0.0,3.724,12,50,0
44.0,1.0,3.0,1.0,1000.0,200.0,0.01,0.005,0.0,3.724,20,50,0
84.27777777777777,1.0,1.0,1.0,1.0,0.041911353296642265,100.0,50.0,10113.58024691358,3.724,20,50,1
55.2,1.0,2.0,0.0,1.0,0.011642712174458125,100.0,50.0,0.0,3.724,5,50,0
44.0,1.0,2.0,1.0,1000.0,200.0,0.01,0.005,0.0,3.724,20,50,0
390.3636363636364,1.0,1.0,1.0,1000.0,200.0,0.001,0.0005,288004.95867768594,3.724,9,8,1
44.0,1.0,2.0,1.0,1000.0,200.0,0.01,0.005,0.0,3.724,12,50,0
65.0,2.0,1.0,1.0,1000.0,200.0,0.01,0.005,0.0,3.724,9,8,1
44.0,1.0,2.0,1.0,1000.0,200.0,0.01,0.005,0.0,3.724,20,50,0
48.0,1.0,2.0,1.0,1000.0,200.0,0.01,0.005,0.0,3.724,20,50,1
44.0,1.0,2.0,1.0,1000.0,200.0,0.01,0.005,0.0,3.724,20,50,0
44.0,1.0,1.0,1.0,1000.0,200.0,0.01,0.005,0.0,3.724,20,50,0
48.0,1.0,2.0,1.0,1000.0,200.0,0.01,0.005,0.0,3.724,20,50,1
73.04,1.0,1.0,1.0,1.0,0.05821338465425325,100.0,50.0,7536.639999999999,3.724,20,50,1
44.0,1.0,2.0,1.0,1000.0,200.0,0.01,0.005,0.0,3.724,20,50,1
107.1,1.0,1.0,1.0,1000.0,200.0,0.0011111111111111111,0.0005555555555555556,44605.44000000001,3.724,9,8,1
63.0,2.0,2.0,1.0,1000.0,200.0,0.01,0.005,0.0,3.724,7,12,0
97.42857142857143,1.0,2.0,1.0,1000.0,200.0,0.0016666666666666668,0.0008333333333333334,12538.77551020408,3.724,20,50,1
42.0,1.0,2.0,1.0,1000.0,200.0,0.01,0.005,0.0,3.724,20,50,0
40.0,1.0,1.0,1.0,1000.0,200.0,0.01,0.005,0.0,3.724,20,50,1
84.6,1.0,1.0,1.0,1.0,0.04656807274305508,100.0,50.0,2621.44,3.724,20,50,1
40.0,1.0,1.0,1.0,1000.0,200.0,0.01,0.005,0.0,3.724,20,50,1
48.0,1.0,2.0,1.0,1000.0,200.0,0.01,0.005,0.0,3.724,20,50,1
206.55555555555554,1.0,1.0,1.0,1.0,0.020954837435863644,100.0,50.0,144002.4691358025,3.724,10,13,1
40.0,1.0,1.0,1.0,1000.0,200.0,0.01,0.005,0.0,3.724,20,50,1
48.0,1.0,2.0,1.0,1000.0,200.0,0.01,0.005,0.0,3.724,20,50,1
44.0,1.0,2.0,1.0,1000.0,200.0,0.01,0.005,0.0,3.724,20,50,0
57.333333333333336,1.0,1.0,1.0,1.0,0.02095544732196368,100.0,50.0,0.0,3.724,10,13,1
44.0,1.0,3.0,1.0,1000.0,200.0,0.01,0.005,0.0,3.724,20,50,1
93.0,2.0,1.0,1.0,1000.0,200.0,0.0033333333333333335,0.0016666666666666668,0.0,3.724,1,1,0
42.0,1.0,2.0,1.0,1000.0,200.0,0.01,0.005,0.0,3.724,20,50,0
109.18181818181819,1.0,1.0,1.0,1000.0,200.0,0.001,0.0005,15233.057851239671,3.724,20,50,1
44.0,1.0,2.0,1.0,1000.0,200.0,0.01,0.005,0.0,3.724,20,50,0
56.8,1.0,1.0,1.0,1.0,0.011641701038788985,100.0,50.0,0.0,3.724,20,50,1
68.0,2.0,1.0,1.0,1000.0,200.0,0.01,0.005,0.0,3.724,9,8,1
48.0,1.0,2.0,1.0,1000.0,200.0,0.01,0.005,0.0,3.724,20,50,1
44.0,1.0,1.0,1.0,1000.0,200.0,0.01,0.005,0.0,3.724,20,50,1
223.22857142857143,1.0,1.0,1.0,1.0,0.08149873851595454,100.0,50.0,124731.74204081635,3.724,20,50,1
44.0,1.0,2.0,1.0,1000.0,200.0,0.01,0.005,0.0,3.724,12,50,0
44.0,1.0,3.0,1.0,1000.0,200.0,0.01,0.005,0.0,3.724,20,50,1
44.0,1.0,2.0,1.0,1000.0,200.0,0.01,0.005,0.0,3.724,20,50,1
68.0,2.0,1.0,1.0,1000.0,200.0,0.01,0.005,0.0,3.724,9,8,1
48.0,1.0,3.0,1.0,1000.0,200.0,0.01,0.005,0.0,3.724,20,50,1
42.0,1.0,1.0,1.0,1000.0,200.0,0.01,0.005,0.0,3.724,20,50,0
44.0,1.0,2.0,1.0,1000.0,200.0,0.01,0.005,0.0,3.724,20,50,0
230.12,1.0,1.0,1.0,1.0,0.0582138048682575,100.0,50.0,65591.84640000001,3.724,20,50,1
42.0,1.0,1.0,1.0,1000.0,200.0,0.01,0.005,0.0,3.724,20,50,0
531.1111111111111,1.0,1.0,1.0,1.0,0.020954856951669015,100.0,50.0,322672.2222222222,3.724,20,50,1
63.0,2.0,2.0,1.0,1000.0,200.0,0.01,0.005,0.0,3.724,7,12,0
347.75,1.0,1.0,1.0,1000.0,200.0,0.0006666666666666666,0.0003333333333333333,215768.93359375,3.724,9,4,1
44.0,1.0,3.0,1.0,1000.0,200.0,0.01,0.005,0.0,3.724,20,50,1
42.0,1.0,2.0,1.0,1000.0,200.0,0.01,0.005,0.0,3.724,20,50,0
57.333333333333336,1.0,1.0,1.0,1.0,0.013970958568423819,100.0,50.0,0.0,3.724,20,50,1
44.0,1.0,2.0,1.0,1000.0,200.0,0.01,0.005,0.0,3.724,12,50,0
44.0,1.0,2.0,1.0,1000.0,200.0,0.01,0.005,0.0,3.724,20,50,0
440.0,2.0,3.0,1.0,1000.0,200.0,0.01,0.005,0.0,3.724,7,12,0
42.0,1.0,2.0,1.0,1000.0,200.0,0.01,0.005,0.0,3.724,20,50,0
358.53333333333336,1.0,1.0,1.0,1000.0,200.0,0.0007142857142857143,0.00035714285714285714,225991.12888888892,3.724,20,50,1
44.0,1.0,2.0,1.0,1000.0,200.0,0.01,0.005,0.0,3.724,20,50,0
96.5,2.0,1.0,1.0,1000.0,200.0,0.0033333333333333335,0.0016666666666666668,4096.0,3.724,1,1,0
44.0,1.0,2.0,1.0,1000.0,200.0,0.01,0.005,0.0,3.724,20,50,0
44.0,1.0,2.0,1.0,1000.0,200.0,0.01,0.005,0.0,3.724,20,50,1
73.0,2.0,1.0,1.0,1000.0,200.0,0.01,0.005,0.0,3.724,9,4,1
151.5,1.0,1.0,1.0,1000.0,200.0,0.0011111111111111111,0.0005555555555555556,49315.83999999999,3.724,9,8,1
73.0,2.0,1.0,1.0,1000.0,200.0,0.01,0.005,0.0,3.724,9,4,1
44.0,1.0,2.0,1.0,1000.0,200.0,0.01,0.005,0.0,3.724,20,50,0
50.0,1.0,2.0,1.0,1000.0,200.0,0.01,0.005,0.0,3.724,20,50,1
65.0,2.0,1.0,1.0,1000.0,200.0,0.01,0.005,0.0,3.724,9,4,1
42.0,1.0,2.0,1.0,1000.0,200.0,0.01,0.005,0.0,3.724,20,50,0
48.0,1.0,2.0,1.0,1000.0,200.0,0.01,0.005,0.0,3.724,20,50,1
352.25,1.0,1.0,1.0,1000.0,200.0,0.0009090909090909091,0.00045454545454545455,211680.80555555553,3.724,9,4,1
57.333333333333336,1.0,1.0,1.0,1.0,0.020954837435863644,100.0,50.0,0.0,3.724,10,13,1
48.0,1.0,2.0,1.0,1000.0,200.0,0.01,0.005,0.0,3.724,20,50,1
44.0,1.0,1.0,1.0,1000.0,200.0,0.01,0.005,0.0,3.724,20,50,1
391.53846153846155,1.0,1.0,1.0,1000.0,200.0,0.0008333333333333334,0.0004166666666666667,257755.9171597633,3.724,9,8,1
55.2,1.0,1.0,1.0,1.0,0.011641747118900423,100.0,50.0,0.0,3.724,20,50,1
48.0,1.0,2.0,1.0,1000.0,200.0,0.01,0.005,0.0,3.724,20,50,1
262.1,1.0,1.0,1.0,1000.0,200.0,0.0011111111111111111,0.0005555555555555556,155319.69,3.724,9,5,1
65.0,2.0,1.0,1.0,1000.0,200.0,0.01,0.005,0.0,3.724,20,50,1
68.0,2.0,1.0,1.0,1000.0,200.0,0.01,0.005,0.0,3.724,9,4,1
121.0,1.0,1.0,1.0,1000.0,200.0,0.0011111111111111111,0.0005555555555555556,16384.0,3.724,9,8,1
44.0,1.0,2.0,1.0,1000.0,200.0,0.01,0.005,0.0,3.724,20,50,0
44.0,1.0,1.0,1.0,1000.0,200.0,0.01,0.005,0.0,3.724,20,50,1
71.0,2.0,1.0,1.0,1000.0,200.0,0.01,0.005,0.0,3.724,20,50,1
40.0,1.0,2.0,1.0,1000.0,200.0,0.0001,5e-05,0.0,3.724,20,30,0
453.38461538461536,1.0,1.0,1.0,1000.0,200.0,0.0008333333333333334,0.0004166666666666667,257450.68639053256,3.724,9,8,1
42.0,1.0,2.0,1.0,1000.0,200.0,0.01,0.005,0.0,3.724,20,50,0
48.0,1.0,1.0,1.0,1000.0,200.0,0.01,0.005,0.0,3.724,20,50,1
57.0,1.0,1.0,1.0,1.0,0.018626656608272098,100.0,50.0,0.0,3.724,20,50,1
238.75,1.0,1.0,1.0,1000.0,200.0,0.0009090909090909091,0.00045454545454545455,114429.6875,3.724,9,8,1
56.0,1.0,1.0,1.0,1.0,0.01862848696168912,100.0,50.0,0.0,3.724,20,50,1
55.55555555555556,1.0,1.0,1.0,1.0,0.02095590110025466,100.0,50.0,0.0,3.724,10,13,1
44.0,1.0,2.0,1.0,1000.0,200.0,0.01,0.005,0.0,3.724,20,50,0
44.0,1.0,2.0,1.0,1000.0,200.0,0.01,0.005,0.0,3.724,20,50,0
44.0,1.0,1.0,1.0,1000.0,200.0,0.01,0.005,0.0,3.724,20,50,0
60.0,1.0,1.0,1.0,1.0,0.01396994041354749,100.0,50.0,0.0,3.724,20,50,1
387.6363636363636,1.0,1.0,1.0,1000.0,200.0,0.001,0.0005,220912.1487603306,3.724,20,50,1
44.0,1.0,2.0,1.0,1000.0,200.0,0.01,0.005,0.0,3.724,20,50,0
52.0,1.0,2.0,0.0,1.0,0.006985402836539246,100.0,50.0,0.0,3.724,5,50,0
44.0,1.0,2.0,1.0,1000.0,200.0,0.01,0.005,0.0,3.724,20,50,0
44.0,1.0,1.0,1.0,1000.0,200.0,0.01,0.005,0.0,3.724,20,50,1
44.0,1.0,2.0,1.0,1000.0,200.0,0.01,0.005,0.0,3.724,20,50,0
42.0,1.0,2.0,1.0,1000.0,200.0,0.01,0.005,0.0,3.724,12,50,0
44.0,1.0,2.0,1.0,1000.0,200.0,0.01,0.005,0.0,3.724,20,50,0
44.0,1.0,2.0,1.0,1000.0,200.0,0.01,0.005,0.0,3.724,20,50,0
44.0,1.0,2.0,1.0,1000.0,200.0,0.01,0.005,0.0,3.724,20,50,0
44.0,1.0,1.0,1.0,1000.0,200.0,0.01,0.005,0.0,3.724,20,50,0
153.6315789473684,1.0,1.0,1.0,1.0,0.04424218263918125,100.0,50.0,92412.45983379503,3.724,20,50,1
217.25,1.0,1.0,1.0,1.0,0.05588504446353851,100.0,50.0,136995.90972222225,3.724,20,50,1
44.0,1.0,2.0,1.0,1000.0,200.0,0.01,0.005,0.0,3.724,20,50,0
65.0,2.0,1.0,1.0,1000.0,200.0,0.01,0.005,0.0,3.724,9,4,1
42.0,1.0,1.0,1.0,1000.0,200.0,0.01,0.005,0.0,3.724,20,50,0
68.0,2.0,1.0,1.0,1000.0,200.0,0.01,0.005,0.0,3.724,9,4,1
44.0,1.0,2.0,1.0,1000.0,200.0,0.01,0.005,0.0,3.724,20,50,0
55.2,1.0,2.0,0.0,1.0,0.011642763684729794,100.0,50.0,0.0,3.724,5,50,0
48.0,1.0,2.0,1.0,1000.0,200.0,0.01,0.005,0.0,3.724,20,50,1
42.0,1.0,2.0,1.0,1000.0,200.0,0.01,0.005,0.0,3.724,20,50,0
140.77777777777777,1.0,1.0,1.0,1.0,0.06287022119373785,100.0,50.0,56630.88340192044,3.724,20,50,1
44.0,1.0,2.0,1.0,1000.0,200.0,0.01,0.005,0.0,3.724,20,50,0
212.0,1.0,2.0,1.0,1000.0,200.0,0.001,0.0005,120218.92561983471,3.724,20,30,0
44.0,1.0,2.0,1.0,1000.0,200.0,0.01,0.005,0.0,3.724,20,50,0
73.0,2.0,1.0,1.0,1000.0,200.0,0.01,0.005,0.0,3.724,14,12,1
48.0,1.0,2.0,1.0,1000.0,200.0,0.01,0.005,0.0,3.724,20,50,1
84.0,2.0,1.0,1.0,1000.0,200.0,0.01,0.005,0.0,3.724,9,4,1
56.0,1.0,3.0,0.0,1000.0,200.0,0.01,0.005,0.0,3.724,7,36,0
73.0,2.0,1.0,1.0,1000.0,200.0,0.01,0.005,0.0,3.724,9,4,1
68.0,2.0,1.0,1.0,1000.0,200.0,0.01,0.005,0.0,3.724,9,4,1
52.0,1.0,2.0,0.0,1000.0,200.0,0.01,0.005,0.0,3.724,5,50,0
54.8235294117647,1.0,1.0,1.0,1.0,0.039586972812132804,100.0,50.0,0.0,3.724,10,13,1
355.0,1.0,1.0,1.0,1000.0,200.0,0.0009090909090909091,0.00045454545454545455,215965.25,3.724,9,4,1
44.0,1.0,1.0,1.0,1000.0,200.0,0.01,0.005,0.0,3.724,20,50,0
56.57142857142857,1.0,1.0,1.0,1.0,0.016298206894560616,100.0,50.0,0.0,3.724,10,13,1
102.7,1.0,1.0,1.0,1.0,0.023283071391019157,100.0,50.0,9216.0,3.724,9,4,1
312.3333333333333,1.0,1.0,1.0,1000.0,200.0,0.0009090909090909091,0.00045454545454545455,198637.25,3.724,9,5,1
42.0,1.0,3.0,1.0,1000.0,200.0,0.01,0.005,0.0,3.724,20,50,0
44.0,1.0,2.0,1.0,1000.0,200.0,0.01,0.005,0.0,3.724,20,50,0
44.0,1.0,2.0,1.0,1000.0,200.0,0.01,0.005,0.0,3.724,20,50,0
166.34782608695653,1.0,1.0,1.0,1.0,0.05355359539047906,100.0,50.0,69266.82419659736,3.724,20,50,1
54.285714285714285,1.0,2.0,0.0,1.0,0.01630045748398247,100.0,50.0,0.0,3.724,5,50,0
44.0,1.0,1.0,1.0,1000.0,200.0,0.01,0.005,0.0,3.724,20,50,0
48.0,1.0,2.0,1.0,1000.0,200.0,0.01,0.005,0.0,3.724,20,50,1
42.0,1.0,2.0,1.0,1000.0,200.0,0.01,0.005,0.0,3.724,20,50,0
48.0,1.0,2.0,1.0,1000.0,200.0,0.01,0.005,0.0,3.724,20,50,1
314.3333333333333,1.0,1.0,1.0,1000.0,200.0,0.0009090909090909091,0.00045454545454545455,198637.25,3.724,9,5,1
44.0,1.0,2.0,1.0,1000.0,200.0,0.01,0.005,0.0,3.724,20,50,0
55.2,1.0,1.0,1.0,1.0,0.011641703749373676,100.0,50.0,0.0,3.724,20,50,1
44.0,1.0,2.0,1.0,1000.0,200.0,0.01,0.005,0.0,3.724,20,50,0
134.2,1.0,1.0,1.0,1000.0,200.0,0.0011111111111111111,0.0005555555555555556,44277.759999999995,3.724,20,50,1
161.375,1.0,2.0,1.0,1000.0,200.0,0.0014285714285714286,0.0007142857142857143,58368.0,3.724,20,50,0
44.0,1.0,2.0,1.0,1000.0,200.0,0.01,0.005,0.0,3.724,20,50,0
373.0833333333333,1.0,1.0,1.0,1000.0,200.0,0.0009090909090909091,0.00045454545454545455,272254.6875,3.724,9,4,1
245.28571428571428,1.0,1.0,1.0,1000.0,200.0,0.0016666666666666668,0.0008333333333333334,174598.97959183672,3.724,20,50,1
54.666666666666664,1.0,1.0,1.0,1.0,0.01397156692985994,100.0,50.0,0.0,3.724,20,50,1
42.0,1.0,2.0,1.0,1000.0,200.0,0.01,0.005,0.0,3.724,20,50,0
42.0,1.0,2.0,1.0,1.0,0.00465685715230391,100.0,50.0,0.0,3.724,20,50,1
55.2,1.0,1.0,1.0,1.0,0.023284421301799398,100.0,50.0,0.0,3.724,10,13,1
385.6363636363636,1.0,1.0,1.0,1000.0,200.0,0.001,0.0005,220912.1487603306,3.724,10,13,1
57.333333333333336,1.0,1.0,1.0,1000.0,200.0,0.005,0.0025,0.0,3.724,20,50,1
48.0,1.0,2.0,1.0,1000.0,200.0,0.01,0.005,0.0,3.724,20,50,1
44.0,1.0,1.0,1.0,1000.0,200.0,0.01,0.005,0.0,3.724,20,50,1
44.0,1.0,2.0,1.0,1000.0,200.0,0.01,0.005,0.0,3.724,20,50,0
434.72727272727275,1.0,1.0,1.0,1000.0,200.0,0.001,0.0005,288004.95867768594,3.724,9,8,1
48.0,1.0,2.0,1.0,1000.0,200.0,0.01,0.005,0.0,3.724,20,50,1
142.2,1.0,1.0,1.0,1000.0,200.0,0.0011111111111111111,0.0005555555555555556,49315.83999999999,3.724,9,8,1
44.0,1.0,3.0,1.0,1000.0,200.0,0.01,0.005,0.0,3.724,20,50,1
48.0,1.0,2.0,1.0,1000.0,200.0,0.01,0.005,0.0,3.724,20,50,1
67.0,2.0,1.0,1.0,1000.0,200.0,0.01,0.005,0.0,3.724,20,50,1
133.8,1.0,1.0,1.0,1.0,0.04656850646417438,100.0,50.0,44277.759999999995,3.724,20,50,1
48.0,1.0,2.0,1.0,1000.0,200.0,0.01,0.005,0.0,3.724,20,50,1
141.27586206896552,1.0,1.0,1.0,1.0,0.06752719599605642,100.0,50.0,56851.2485136742,3.724,20,50,1
42.0,1.0,2.0,1.0,1000.0,200.0,0.01,0.005,0.0,3.724,20,50,0
42.0,1.0,2.0,1.0,1000.0,200.0,0.01,0.005,0.0,3.724,20,50,0
44.0,1.0,2.0,1.0,1000.0,200.0,0.01,0.005,0.0,3.724,12,50,0
71.0,2.0,1.0,1.0,1000.0,200.0,0.01,0.005,0.0,3.724,20,50,1
44.0,1.0,2.0,1.0,1000.0,200.0,0.01,0.005,0.0,3.724,20,50,0
141.41379310344828,1.0,1.0,1.0,1.0,0.06752752619893376,100.0,50.0,56851.2485136742,3.724,20,50,1
204.21212121212122,1.0,1.0,1.0,1.0,0.07684222242609991,100.0,50.0,113698.62809917355,3.724,20,50,1
65.0,2.0,1.0,1.0,1000.0,200.0,0.01,0.005,0.0,3.724,20,50,1
147.57142857142858,1.0,1.0,1.0,1000.0,200.0,0.0007692307692307692,0.0003846153846153846,40144.97959183673,3.724,10,13,1
209.93333333333334,1.0,1.0,1.0,1.0,0.06985606158510389,100.0,50.0,59472.69888888889,3.724,20,50,1
40.0,1.0,2.0,1.0,1000.0,200.0,0.01,0.005,0.0,3.724,3,8,1
44.0,1.0,2.0,1.0,1000.0,200.0,0.01,0.005,0.0,3.724,20,50,1
48.0,1.0,2.0,1.0,1000.0,200.0,0.01,0.005,0.0,3.724,20,50,1
44.0,1.0,2.0,1.0,1000.0,200.0,0.01,0.005,0.0,3.724,20,50,0
57.333333333333336,1.0,1.0,1.0,1.0,0.013969891623909096,100.0,50.0,0.0,3.724,20,50,1
218.58333333333334,1.0,1.0,1.0,1.0,0.08382664928350336,100.0,50.0,114429.6875,3.724,20,50,1
57.333333333333336,1.0,1.0,1.0,1000.0,200.0,0.005,0.0025,0.0,3.724,10,13,1
44.0,1.0,2.0,1.0,1000.0,200.0,0.01,0.005,0.0,3.724,20,50,0
56.0,1.0,1.0,1.0,1.0,0.009313328304136049,100.0,50.0,0.0,3.724,20,50,1
253.0909090909091,1.0,1.0,1.0,1000.0,200.0,0.001,0.0005,145305.86776859505,3.724,9,5,1
44.0,1.0,2.0,1.0,1000.0,200.0,0.01,0.005,0.0,3.724,20,50,0
56.0,1.0,2.0,0.0,1.0,0.00931325891418577,100.0,50.0,0.0,3.724,7,36,0
56.0,1.0,1.0,1.0,1.0,0.01862848262393355,100.0,50.0,0.0,3.724,20,50,1
42.0,1.0,2.0,1.0,1000.0,200.0,0.01,0.005,0.0,3.724,20,50,1
45.333333333333336,1.0,1.0,1.0,1000.0,200.0,0.005,0.0025,0.0,3.724,20,50,1
84.0,2.0,1.0,1.0,1000.0,200.0,0.01,0.005,0.0,3.724,20,50,1
112.5,2.0,1.0,1.0,1000.0,200.0,0.01,0.005,4096.0,3.724,8,9,0
310.9166666666667,1.0,1.0,1.0,1000.0,200.0,0.0009090909090909091,0.00045454545454545455,198637.25,3.724,9,5,1
84.0,2.0,1.0,1.0,1000.0,200.0,0.01,0.005,0.0,3.724,9,8,1
44.57142857142857,1.0,1.0,1.0,1.0,0.03259783308233002,100.0,50.0,0.0,3.724,20,50,1
68.0,2.0,1.0,1.0,1000.0,200.0,0.01,0.005,0.0,3.724,9,4,1
67.0,2.0,1.0,1.0,1000.0,200.0,0.01,0.005,0.0,3.724,20,50,1
84.0,2.0,1.0,1.0,1000.0,200.0,0.01,0.005,0.0,3.724,9,4,1
42.0,1.0,2.0,1.0,1000.0,200.0,0.01,0.005,0.0,3.724,20,50,0
54.285714285714285,1.0,1.0,1.0,1.0,0.01629951238844439,100.0,50.0,0.0,3.724,20,50,1
348.09090909090907,1.0,1.0,1.0,1000.0,200.0,0.001,0.0005,228920.08264462813,3.724,9,4,1
154.9090909090909,1.0,1.0,1.0,1000.0,200.0,0.001,0.0005,73728.0,3.724,14,12,1
44.0,1.0,2.0,1.0,1000.0,200.0,0.01,0.005,0.0,3.724,12,50,0
55.2,1.0,2.0,0.0,1.0,0.034929299604670186,100.0,50.0,0.0,3.724,5,50,0
88.3,1.0,1.0,1.0,1000.0,200.0,0.0011111111111111111,0.0005555555555555556,2621.44,3.724,20,50,1
44.0,1.0,2.0,1.0,1000.0,200.0,0.01,0.005,0.0,3.724,20,50,0
316.1666666666667,1.0,1.0,1.0,1000.0,200.0,0.0009090909090909091,0.00045454545454545455,195376.80555555556,3.724,20,50,1
333.1818181818182,1.0,1.0,1.0,1000.0,200.0,0.001,0.0005,228920.08264462813,3.724,9,8,1
44.0,1.0,2.0,1.0,1000.0,200.0,0.01,0.005,0.0,3.724,20,50,0
135.6,1.0,1.0,1.0,1000.0,200.0,0.0011111111111111111,0.0005555555555555556,49315.83999999999,3.724,9,8,1
44.0,1.0,1.0,1.0,1000.0,200.0,0.01,0.005,0.0,3.724,20,50,0
65.0,2.0,1.0,1.0,1000.0,200.0,0.01,0.005,0.0,3.724,9,4,1
48.0,1.0,2.0,1.0,1000.0,200.0,0.01,0.005,0.0,3.724,20,50,1
44.0,1.0,1.0,1.0,1000.0,200.0,0.01,0.005,0.0,3.724,20,50,1
44.0,1.0,2.0,1.0,1000.0,200.0,0.01,0.005,0.0,3.724,20,50,0
42.0,1.0,1.0,1.0,1000.0,200.0,0.01,0.005,0.0,3.724,20,50,0
44.0,1.0,1.0,1.0,1000.0,200.0,0.01,0.005,0.0,3.724,20,50,1
42.0,1.0,2.0,1.0,1000.0,200.0,0.01,0.005,0.0,3.724,20,50,0
44.0,1.0,2.0,1.0,1000.0,200.0,0.01,0.005,0.0,3.724,20,50,1
93.0,2.0,1.0,1.0,1000.0,200.0,0.0033333333333333335,0.0016666666666666668,0.0,3.724,1,1,0
44.0,1.0,2.0,1.0,1000.0,200.0,0.01,0.005,0.0,3.724,20,50,0
68.0,2.0,1.0,1.0,1000.0,200.0,0.01,0.005,0.0,3.724,9,4,1
65.0,2.0,1.0,1.0,1000.0,200.0,0.01,0.005,0.0,3.724,9,4,1
42.0,1.0,2.0,1.0,1000.0,200.0,0.01,0.005,0.0,3.724,20,50,0
55.2,1.0,2.0,0.0,1.0,0.011642465473686515,100.0,50.0,0.0,3.724,5,50,0
42.0,1.0,2.0,1.0,1000.0,200.0,0.01,0.005,0.0,3.724,20,50,0
44.0,1.0,2.0,1.0,1000.0,200.0,0.01,0.005,0.0,3.724,20,50,0
56.8,1.0,1.0,1.0,1000.0,200.0,0.0025,0.00125,0.0,3.724,20,50,1
65.0,2.0,1.0,1.0,1000.0,200.0,0.01,0.005,0.0,3.724,9,8,1
48.0,1.0,2.0,1.0,1000.0,200.0,0.01,0.005,0.0,3.724,20,50,1
44.0,1.0,2.0,1.0,1000.0,200.0,0.01,0.005,0.0,3.724,20,50,0
48.0,1.0,3.0,1.0,1000.0,200.0,0.01,0.005,0.0,3.724,20,50,1
44.0,1.0,3.0,1.0,1000.0,200.0,0.01,0.005,0.0,3.724,20,50,0
155.5,1.0,1.0,1.0,1000.0,200.0,0.0011111111111111111,0.0005555555555555556,49315.83999999999,3.724,9,8,1
115.2,1.0,1.0,1.0,1000.0,200.0,0.0011111111111111111,0.0005555555555555556,44277.759999999995,3.724,9,5,1
44.0,1.0,2.0,1.0,1000.0,200.0,0.01,0.005,0.0,3.724,20,50,1
48.0,1.0,3.0,1.0,1000.0,200.0,0.01,0.005,0.0,3.724,20,50,1
218.13888888888889,1.0,1.0,1.0,1.0,0.08382727390212467,100.0,50.0,121958.08256172837,3.724,20,50,1
138.4,1.0,1.0,1.0,1000.0,200.0,0.0011111111111111111,0.0005555555555555556,49315.83999999999,3.724,20,50,1
416.3809523809524,1.0,1.0,1.0,1000.0,200.0,0.0005,0.00025,251615.9637188209,3.724,9,4,1
57.333333333333336,1.0,1.0,1.0,1000.0,200.0,0.005,0.0025,0.0,3.724,12,50,1
48.0,1.0,2.0,1.0,1000.0,200.0,0.01,0.005,0.0,3.724,20,50,1
44.0,1.0,2.0,1.0,1000.0,200.0,0.01,0.005,0.0,3.724,20,50,0
67.0,2.0,1.0,1.0,1000.0,200.0,0.01,0.005,0.0,3.724,20,50,1
42.0,1.0,2.0,1.0,1000.0,200.0,0.01,0.005,0.0,3.724,20,50,0
118.0,1.0,1.0,1.0,1000.0,200.0,0.00125,0.000625,48342.91358024691,3.724,20,50,1
65.0,2.0,1.0,1.0,1000.0,200.0,0.01,0.005,0.0,3.724,9,4,1
44.0,1.0,2.0,1.0,1000.0,200.0,0.01,0.005,0.0,3.724,20,50,0
219.25,1.0,1.0,1.0,1000.0,200.0,0.0006666666666666666,0.0003333333333333333,107558.08984375,3.724,14,12,1
48.0,1.0,2.0,1.0,1000.0,200.0,0.01,0.005,0.0,3.724,20,50,1
44.0,1.0,3.0,1.0,1000.0,200.0,0.01,0.005,0.0,3.724,20,50,0
44.0,1.0,2.0,1.0,1000.0,200.0,0.01,0.005,0.0,3.724,20,50,0
164.9,1.0,1.0,1.0,1000.0,200.0,0.0011111111111111111,0.0005555555555555556,49315.83999999999,3.724,9,8,1
63.0,2.0,2.0,1.0,1000.0,200.0,0.01,0.005,0.0,3.724,7,12,0
40.0,1.0,2.0,1.0,1000.0,200.0,0.01,0.005,0.0,3.724,11,49,1
55.2,1.0,1.0,1.0,1.0,0.03492650183375777,100.0,50.0,0.0,3.724,10,13,1
55.0,1.0,1.0,1.0,1.0,0.018628009820686776,100.0,50.0,0.0,3.724,20,50,1
44.0,1.0,3.0,1.0,1000.0,200.0,0.01,0.005,0.0,3.724,20,50,0
44.0,1.0,2.0,1.0,1000.0,200.0,0.01,0.005,0.0,3.724,20,50,0
44.0,1.0,2.0,1.0,1000.0,200.0,0.01,0.005,0.0,3.724,20,50,0
44.0,1.0,3.0,1.0,1000.0,200.0,0.01,0.005,0.0,3.724,20,50,0
243.8695652173913,1.0,2.0,0.0,1.0,0.053558845569356146,100.0,50.0,67583.95085066163,3.724,5,50,0
57.333333333333336,1.0,1.0,1.0,1000.0,200.0,0.005,0.0025,0.0,3.724,20,50,1
44.0,1.0,2.0,1.0,1000.0,200.0,0.01,0.005,0.0,3.724,20,50,0
42.0,1.0,2.0,1.0,1000.0,200.0,0.01,0.005,0.0,3.724,20,50,0
67.0,2.0,1.0,1.0,1000.0,200.0,0.01,0.005,0.0,3.724,20,50,1
68.0,2.0,1.0,1.0,1000.0,200.0,0.01,0.005,0.0,3.724,14,12,1
153.6315789473684,1.0,1.0,1.0,1.0,0.04423958669981065,100.0,50.0,92412.45983379503,3.724,20,50,1
44.0,1.0,2.0,1.0,1000.0,200.0,0.01,0.005,0.0,3.724,20,50,0
96.5,2.0,1.0,1.0,1000.0,200.0,0.01,0.005,4096.0,3.724,4,2,0
42.0,1.0,2.0,1.0,1000.0,200.0,0.01,0.005,0.0,3.724,20,50,0
42.0,1.0,2.0,1.0,1000.0,200.0,0.01,0.005,0.0,3.724,20,50,0
197.63636363636363,1.0,1.0,1.0,1000.0,200.0,0.001,0.0005,48745.78512396694,3.724,9,8,1
40.0,1.0,2.0,1.0,1000.0,200.0,0.01,0.005,0.0,3.724,20,50,1
56.44444444444444,1.0,1.0,1.0,1.0,0.0209569697525727,100.0,50.0,0.0,3.724,20,50,1
44.0,1.0,2.0,1.0,1000.0,200.0,0.01,0.005,0.0,3.724,20,50,0
40.0,1.0,2.0,1.0,1000.0,200.0,0.01,0.005,0.0,3.724,8,9,1
44.0,1.0,2.0,1.0,1000.0,200.0,0.01,0.005,0.0,3.724,20,50,0
44.0,1.0,2.0,1.0,1000.0,200.0,0.01,0.005,0.0,3.724,20,50,0
96.5,2.0,1.0,1.0,1000.0,200.0,0.01,0.005,4096.0,3.724,4,2,0
76.5,1.0,1.0,1.0,1000.0,200.0,0.0009090909090909091,0.00045454545454545455,1251.5555555555554,3.724,14,12,0
56.0,1.0,2.0,0.0,1000.0,200.0,0.0033333333333333335,0.0016666666666666668,0.0,3.724,7,36,0
44.0,1.0,2.0,1.0,1000.0,200.0,0.01,0.005,0.0,3.724,20,50,0
48.0,1.0,3.0,1.0,1000.0,200.0,0.01,0.005,0.0,3.724,20,50,1
44.0,1.0,2.0,1.0,1000.0,200.0,0.01,0.005,0.0,3.724,20,50,1
56.57142857142857,1.0,1.0,1.0,1000.0,200.0,0.0016666666666666668,0.0008333333333333334,0.0,3.724,10,13,1
55.2,1.0,1.0,1.0,1.0,0.03492764854030371,100.0,50.0,0.0,3.724,10,13,1
435.2,1.0,1.0,1.0,1000.0,200.0,0.0005263157894736842,0.0002631578947368421,258703.3275,3.724,10,13,1
138.7,1.0,1.0,1.0,1000.0,200.0,0.0011111111111111111,0.0005555555555555556,49315.83999999999,3.724,9,8,1
302.2142857142857,1.0,2.0,1.0,1000.0,200.0,0.0007692307692307692,0.0003846153846153846,190378.24489795917,3.724,20,30,0
232.86666666666667,1.0,1.0,1.0,1.0,0.06985402836539245,100.0,50.0,59472.69888888889,3.724,20,50,1
48.0,1.0,2.0,1.0,1000.0,200.0,0.01,0.005,0.0,3.724,20,50,1
55.2,1.0,1.0,1.0,1.0,0.011641787778125221,100.0,50.0,0.0,3.724,20,50,1
84.2,1.0,1.0,1.0,1000.0,200.0,0.0011111111111111111,0.0005555555555555556,2621.44,3.724,20,50,1
48.0,1.0,2.0,1.0,1000.0,200.0,0.01,0.005,0.0,3.724,20,50,1
48.0,1.0,2.0,1.0,1000.0,200.0,0.01,0.005,0.0,3.724,20,50,1
55.2,1.0,1.0,1.0,1.0,0.023285185778526216,100.0,50.0,0.0,3.724,20,50,1
261.1818181818182,1.0,1.0,1.0,1000.0,200.0,0.001,0.0005,145305.86776859505,3.724,10,13,1
149.6,1.0,1.0,1.0,1000.0,200.0,0.0011111111111111111,0.0005555555555555556,49315.83999999999,3.724,9,8,1
28.0,3.0,1.0,0.0,4.052432892060655,0.6754054820101092,14.857152249134947,7.428576124567473,0.0,3.724,20,50,0
44.0,1.0,2.0,1.0,1000.0,200.0,0.01,0.005,0.0,3.724,20,50,0
48.0,1.0,2.0,1.0,1000.0,200.0,0.01,0.005,0.0,3.724,20,50,1
48.0,1.0,2.0,1.0,1000.0,200.0,0.01,0.005,0.0,3.724,20,50,1
73.0,2.0,1.0,1.0,1000.0,200.0,0.01,0.005,0.0,3.724,9,8,1
56.0,1.0,1.0,1.0,1.0,0.018628213687033435,100.0,50.0,0.0,3.724,20,50,1
104.25,1.0,2.0,1.0,1000.0,200.0,0.0014285714285714286,0.0007142857142857143,11712.0,3.724,20,50,0
44.0,1.0,2.0,1.0,1000.0,200.0,0.01,0.005,0.0,3.724,20,50,0
84.0,2.0,1.0,1.0,1000.0,200.0,0.01,0.005,0.0,3.724,9,4,1
44.0,1.0,2.0,1.0,1000.0,200.0,0.01,0.005,0.0,3.724,20,50,0
187.9090909090909,1.0,1.0,1.0,1000.0,200.0,0.001,0.0005,48745.78512396694,3.724,9,4,1
84.0,2.0,1.0,1.0,1000.0,200.0,0.01,0.005,0.0,3.724,9,4,1
256.9,1.0,1.0,1.0,1000.0,200.0,0.0011111111111111111,0.0005555555555555556,158321.29000000004,3.724,9,4,1
44.0,1.0,2.0,1.0,1000.0,200.0,0.01,0.005,0.0,3.724,20,50,0
40.0,1.0,1.0,1.0,1000.0,200.0,0.01,0.005,0.0,3.724,1,1,0
44.0,1.0,2.0,1.0,1000.0,200.0,0.01,0.005,0.0,3.724,20,50,0
44.0,1.0,2.0,1.0,1000.0,200.0,0.01,0.005,0.0,3.724,20,50,0
309.6666666666667,1.0,1.0,1.0,1000.0,200.0,0.00125,0.000625,166443.55555555556,3.724,20,50,1
67.0,2.0,1.0,1.0,1000.0,200.0,0.01,0.005,0.0,3.724,20,50,1
84.0,2.0,1.0,1.0,1000.0,200.0,0.01,0.005,0.0,3.724,20,50,0
923.1176470588235,1.0,2.0,1.0,1000.0,200.0,0.00030303030303030303,0.00015151515151515152,325674.5951557093,3.724,20,30,0
54.0,2.0,1.0,1.0,1000.0,200.0,0.01,0.005,0.0,3.724,20,50,1
84.0,2.0,1.0,1.0,1000.0,200.0,0.01,0.005,0.0,3.724,9,4,1
73.0,2.0,1.0,1.0,1000.0,200.0,0.01,0.005,0.0,3.724,10,13,1
40.0,1.0,2.0,1.0,1000.0,200.0,0.01,0.005,0.0,3.724,20,50,1
483.5,1.0,1.0,1.0,1000.0,200.0,0.0007692307692307692,0.0003846153846153846,294578.81632653065,3.724,20,50,1
55.2,1.0,1.0,1.0,1.0,0.0232853538617013,100.0,50.0,0.0,3.724,20,50,1
60.333333333333336,1.0,1.0,1.0,1000.0,200.0,0.00125,0.000625,0.0,3.724,10,13,0
110.25,1.0,1.0,1.0,1000.0,200.0,0.0014285714285714286,0.0007142857142857143,11200.0,3.724,14,12,1
68.0,2.0,1.0,1.0,1000.0,200.0,0.01,0.005,0.0,3.724,9,4,1
48.0,1.0,2.0,1.0,1000.0,200.0,0.01,0.005,0.0,3.724,20,50,1
44.0,1.0,2.0,1.0,1000.0,200.0,0.01,0.005,0.0,3.724,20,50,0
84.0,2.0,1.0,1.0,1000.0,200.0,0.01,0.005,0.0,3.724,9,8,1
42.0,1.0,2.0,1.0,1000.0,200.0,0.01,0.005,0.0,3.724,20,50,0
56.0,1.0,1.0,1.0,1.0,0.018627333189902867,100.0,50.0,0.0,3.724,10,13,1
44.0,1.0,2.0,1.0,1000.0,200.0,0.01,0.005,0.0,3.724,20,50,0
44.0,1.0,2.0,1.0,1000.0,200.0,0.01,0.005,0.0,3.724,20,50,0
65.0,2.0,1.0,1.0,1000.0,200.0,0.01,0.005,0.0,3.724,9,8,1
157.4,1.0,1.0,1.0,1000.0,200.0,0.0011111111111111111,0.0005555555555555556,79298.56000000001,3.724,14,12,1
44.0,1.0,2.0,1.0,1000.0,200.0,0.01,0.005,0.0,3.724,20,50,1
95.2,1.0,2.0,1.0,1000.0,200.0,0.0011111111111111111,0.0005555555555555556,9871.36,3.724,20,30,0
54.666666666666664,1.0,2.0,0.0,1.0,0.027941813037137695,100.0,50.0,0.0,3.724,5,50,0
78.1,1.0,1.0,1.0,1000.0,200.0,0.0011111111111111111,0.0005555555555555556,2621.44,3.724,20,50,1
42.0,1.0,3.0,1.0,1000.0,200.0,0.01,0.005,0.0,3.724,12,50,0
57.333333333333336,1.0,1.0,1.0,1.0,0.013970857722182043,100.0,50.0,0.0,3.724,20,50,1
40.0,1.0,1.0,1.0,1000.0,200.0,0.01,0.005,0.0,3.724,20,50,1
42.0,1.0,2.0,1.0,1000.0,200.0,0.01,0.005,0.0,3.724,20,50,0
54.666666666666664,1.0,3.0,0.0,1.0,0.027943029750943774,100.0,50.0,0.0,3.724,5,50,0
73.0,2.0,1.0,1.0,1000.0,200.0,0.01,0.005,0.0,3.724,9,4,1
60.333333333333336,1.0,1.0,1.0,1000.0,200.0,0.00125,0.000625,0.0,3.724,14,12,0
79.7,1.0,1.0,1.0,1000.0,200.0,0.0011111111111111111,0.0005555555555555556,2621.44,3.724,20,50,1
67.0,2.0,1.0,1.0,1000.0,200.0,0.01,0.005,0.0,3.724,20,50,1
184.42857142857142,1.0,1.0,1.0,1000.0,200.0,0.0016666666666666668,0.0008333333333333334,64031.34693877552,3.724,9,8,1
48.0,1.0,2.0,1.0,1000.0,200.0,0.01,0.005,0.0,3.724,20,50,1
57.333333333333336,1.0,1.0,1.0,1000.0,200.0,0.005,0.0025,0.0,3.724,12,50,1
56.0,1.0,1.0,1.0,1.0,0.00931329360903166,100.0,50.0,0.0,3.724,10,13,1
42.0,1.0,2.0,1.0,1000.0,200.0,0.01,0.005,0.0,3.724,12,50,0
44.0,1.0,2.0,1.0,1000.0,200.0,0.01,0.005,0.0,3.724,20,50,1
48.0,1.0,2.0,1.0,1000.0,200.0,0.01,0.005,0.0,3.724,20,50,1
405.45454545454544,1.0,1.0,1.0,1000.0,200.0,0.001,0.0005,288004.95867768594,3.724,9,8,1
44.0,1.0,3.0,1.0,1000.0,200.0,0.01,0.005,0.0,3.724,20,50,0
48.0,1.0,2.0,1.0,1000.0,200.0,0.01,0.005,0.0,3.724,20,50,1
295.84615384615387,1.0,1.0,1.0,1000.0,200.0,0.0008333333333333334,0.0004166666666666667,183852.53254437872,3.724,20,50,1
165.3,1.0,1.0,1.0,1000.0,200.0,0.0011111111111111111,0.0005555555555555556,49315.83999999999,3.724,9,4,1
67.25,1.0,2.0,1.0,1000.0,200.0,0.0014285714285714286,0.0007142857142857143,1792.0,3.724,10,13,0
385.45454545454544,1.0,1.0,1.0,1.0,0.051232836708606955,100.0,50.0,258981.11776859508,3.724,9,4,1
42.0,1.0,2.0,1.0,1000.0,200.0,0.01,0.005,0.0,3.724,20,50,0
42.0,1.0,2.0,1.0,1000.0,200.0,0.01,0.005,0.0,3.724,20,50,0
44.0,1.0,2.0,1.0,1000.0,200.0,0.01,0.005,0.0,3.724,20,50,0
48.0,1.0,2.0,1.0,1000.0,200.0,0.01,0.005,0.0,3.724,20,50,1
44.0,1.0,2.0,1.0,1000.0,200.0,0.01,0.005,0.0,3.724,20,50,0
48.0,1.0,3.0,1.0,1000.0,200.0,0.01,0.005,0.0,3.724,20,50,1
44.0,1.0,2.0,1.0,1000.0,200.0,0.01,0.005,0.0,3.724,20,50,0
44.0,1.0,2.0,1.0,1000.0,200.0,0.01,0.005,0.0,3.724,20,50,0
48.0,1.0,3.0,1.0,1000.0,200.0,0.01,0.005,0.0,3.724,20,50,1
48.0,1.0,2.0,1.0,1000.0,200.0,0.01,0.005,0.0,3.724,20,50,1
42.0,1.0,2.0,1.0,1000.0,200.0,0.01,0.005,0.0,3.724,20,50,0
48.0,1.0,3.0,1.0,1000.0,200.0,0.01,0.005,0.0,3.724,20,50,1
79.0,2.0,1.0,1.0,1000.0,200.0,0.01,0.005,0.0,3.724,20,50,1
42.0,1.0,2.0,1.0,1.0,0.00465664680451583,100.0,50.0,0.0,3.724,20,50,1
44.0,1.0,1.0,1.0,1000.0,200.0,0.01,0.005,0.0,3.724,20,50,1
48.0,1.0,2.0,1.0,1000.0,200.0,0.01,0.005,0.0,3.724,20,50,1
48.0,1.0,2.0,1.0,1000.0,200.0,0.01,0.005,0.0,3.724,20,50,1
44.0,1.0,2.0,1.0,1000.0,200.0,0.01,0.005,0.0,3.724,20,50,0
84.0,2.0,1.0,1.0,1000.0,200.0,0.01,0.005,0.0,3.724,9,8,1
44.0,1.0,2.0,1.0,1000.0,200.0,0.01,0.005,0.0,3.724,20,50,1
193.54545454545453,1.0,1.0,1.0,1000.0,200.0,0.001,0.0005,48745.78512396694,3.724,9,8,1
345.9166666666667,1.0,2.0,1.0,1000.0,200.0,0.0009090909090909091,0.00045454545454545455,211680.80555555553,3.724,20,30,0
57.0,1.0,1.0,1.0,1.0,0.01862651782837154,100.0,50.0,0.0,3.724,10,13,1
759.7777777777778,1.0,1.0,1.0,1000.0,200.0,0.0005882352941176471,0.00029411764705882356,323689.7283950617,3.724,9,5,1
42.0,1.0,2.0,1.0,1000.0,200.0,0.01,0.005,0.0,3.724,12,50,0
115.4,1.0,1.0,1.0,1000.0,200.0,0.0011111111111111111,0.0005555555555555556,16384.0,3.724,9,4,1
44.0,1.0,2.0,1.0,1000.0,200.0,0.01,0.005,0.0,3.724,20,50,0
196.76190476190476,1.0,1.0,1.0,1.0,0.04889674962349502,100.0,50.0,100089.2970521542,3.724,20,50,1
84.0,2.0,1.0,1.0,1000.0,200.0,0.01,0.005,0.0,3.724,9,4,1
73.0,2.0,1.0,1.0,1000.0,200.0,0.01,0.005,0.0,3.724,9,4,1
71.0,2.0,1.0,1.0,1000.0,200.0,0.01,0.005,0.0,3.724,20,50,1
42.0,1.0,3.0,1.0,1.0,0.0046566641520680244,100.0,50.0,0.0,3.724,20,50,1
48.0,1.0,2.0,1.0,1000.0,200.0,0.01,0.005,0.0,3.724,20,50,1
48.0,1.0,2.0,1.0,1000.0,200.0,0.01,0.005,0.0,3.724,20,50,1
134.2,1.0,1.0,1.0,1000.0,200.0,0.0011111111111111111,0.0005555555555555556,44277.759999999995,3.724,9,5,1
44.0,1.0,2.0,1.0,1000.0,200.0,0.01,0.005,0.0,3.724,20,50,0
44.0,1.0,2.0,1.0,1000.0,200.0,0.01,0.005,0.0,3.724,20,50,0
55.2,1.0,2.0,0.0,1.0,0.01164250884888885,100.0,50.0,0.0,3.724,5,50,0
48.0,1.0,1.0,1.0,1000.0,200.0,0.01,0.005,0.0,3.724,20,50,1
73.0,2.0,1.0,1.0,1000.0,200.0,0.01,0.005,0.0,3.724,9,4,1
71.0,2.0,1.0,1.0,1000.0,200.0,0.01,0.005,0.0,3.724,20,50,1
57.333333333333336,1.0,1.0,1.0,1000.0,200.0,0.005,0.0025,0.0,3.724,10,13,1
55.69230769230769,1.0,1.0,1.0,1.0,0.030269966186119313,100.0,50.0,0.0,3.724,10,13,1
42.0,1.0,2.0,1.0,1000.0,200.0,0.01,0.005,0.0,3.724,20,50,0
44.0,1.0,2.0,1.0,1000.0,200.0,0.01,0.005,0.0,3.724,20,50,0
42.0,1.0,2.0,1.0,1000.0,200.0,0.01,0.005,0.0,3.724,12,50,0
48.0,1.0,2.0,1.0,1000.0,200.0,0.01,0.005,0.0,3.724,20,50,1
259.39130434782606,1.0,1.0,1.0,1.0,0.053552211310506435,100.0,50.0,66629.6370510397,3.724,20,50,1
44.0,1.0,2.0,1.0,1000.0,200.0,0.01,0.005,0.0,3.724,20,50,0
42.0,1.0,2.0,1.0,1000.0,200.0,0.01,0.005,0.0,3.724,20,50,0
71.0,2.0,1.0,1.0,1000.0,200.0,0.01,0.005,0.0,3.724,20,50,1
55.2,1.0,1.0,1.0,1.0,0.011641617011289575,100.0,50.0,0.0,3.724,10,13,1
44.0,1.0,2.0,1.0,1000.0,200.0,0.01,0.005,0.0,3.724,20,50,0
169.44444444444446,1.0,1.0,1.0,1000.0,200.0,0.00125,0.000625,48342.91358024691,3.724,20,50,1
56.57142857142857,1.0,1.0,1.0,1000.0,200.0,0.0016666666666666668,0.0008333333333333334,0.0,3.724,20,50,1
44.0,1.0,2.0,1.0,1000.0,200.0,0.01,0.005,0.0,3.724,20,50,0
55.2,1.0,1.0,1.0,1.0,0.011641828437634026,100.0,50.0,0.0,3.724,20,50,1
65.0,2.0,1.0,1.0,1000.0,200.0,0.01,0.005,0.0,3.724,20,50,1
40.0,1.0,2.0,0.0,1000.0,200.0,0.01,0.005,0.0,3.724,20,50,1
44.0,1.0,1.0,1.0,1000.0,200.0,0.01,0.005,0.0,3.724,20,50,0
83.0,1.0,1.0,1.0,1000.0,200.0,0.0011111111111111111,0.0005555555555555556,2621.44,3.724,20,50,1
71.0,2.0,1.0,1.0,1000.0,200.0,0.01,0.005,0.0,3.724,20,50,1
512.4444444444445,1.0,1.0,1.0,1.0,0.06287618003453066,100.0,50.0,293222.134430727,3.724,9,4,1
183.77142857142857,1.0,1.0,1.0,1.0,0.08149845385790394,100.0,50.0,93075.16244897958,3.724,20,50,1
56.0,1.0,1.0,1.0,1.0,0.009313328304136049,100.0,50.0,0.0,3.724,20,50,1
89.8,1.0,1.0,1.0,1000.0,200.0,0.0011111111111111111,0.0005555555555555556,9216.0,3.724,9,4,1
40.0,1.0,1.0,1.0,1000.0,200.0,0.01,0.005,0.0,3.724,20,50,1
48.0,1.0,2.0,1.0,1000.0,200.0,0.01,0.005,0.0,3.724,20,50,1
44.0,1.0,2.0,1.0,1000.0,200.0,0.01,0.005,0.0,3.724,20,50,0
48.0,1.0,2.0,1.0,1000.0,200.0,0.01,0.005,0.0,3.724,20,50,1
54.666666666666664,1.0,1.0,1.0,1.0,0.006985072666875133,100.0,50.0,0.0,3.724,20,50,1
44.0,1.0,2.0,1.0,1000.0,200.0,0.01,0.005,0.0,3.724,20,50,0
48.0,1.0,2.0,1.0,1000.0,200.0,0.01,0.005,0.0,3.724,20,50,1
42.0,1.0,3.0,1.0,1000.0,200.0,0.01,0.005,0.0,3.724,20,50,0
44.0,1.0,3.0,1.0,1000.0,200.0,0.01,0.005,0.0,3.724,20,50,0
44.0,1.0,2.0,1.0,1000.0,200.0,0.01,0.005,0.0,3.724,20,50,1
92.6,1.0,1.0,1.0,1.0,0.023283087654072925,100.0,50.0,9216.0,3.724,9,8,1
56.57142857142857,1.0,1.0,1.0,1.0,0.016299390938330324,100.0,50.0,0.0,3.724,20,50,1
57.333333333333336,1.0,1.0,1.0,1000.0,200.0,0.005,0.0025,0.0,3.724,20,50,1
55.2,1.0,1.0,1.0,1.0,0.011641617011289575,100.0,50.0,0.0,3.724,20,50,1
44.0,1.0,2.0,1.0,1000.0,200.0,0.01,0.005,0.0,3.724,20,50,1
42.0,1.0,2.0,1.0,1000.0,200.0,0.01,0.005,0.0,3.724,20,50,0
84.16666666666667,1.0,1.0,1.0,1.0,0.04191149967728145,100.0,50.0,10113.58024691358,3.724,20,50,1
73.0,2.0,1.0,1.0,1000.0,200.0,0.01,0.005,0.0,3.724,20,50,1
65.0,2.0,1.0,1.0,1000.0,200.0,0.01,0.005,0.0,3.724,9,8,1
45.333333333333336,1.0,1.0,1.0,1000.0,200.0,0.005,0.0025,0.0,3.724,20,50,1
42.0,1.0,2.0,1.0,1000.0,200.0,0.01,0.005,0.0,3.724,12,50,0
44.0,1.0,2.0,1.0,1000.0,200.0,0.01,0.005,0.0,3.724,20,50,0
48.0,1.0,2.0,1.0,1000.0,200.0,0.01,0.005,0.0,3.724,20,50,1
42.0,1.0,2.0,1.0,1000.0,200.0,0.01,0.005,0.0,3.724,12,50,0
68.0,2.0,1.0,1.0,1000.0,200.0,0.01,0.005,0.0,3.724,9,4,1
321.8666666666667,1.0,2.0,1.0,1000.0,200.0,0.0007142857142857143,0.00035714285714285714,224955.18222222224,3.724,20,30,0
42.0,1.0,2.0,1.0,1000.0,200.0,0.01,0.005,0.0,3.724,20,50,0
44.0,1.0,2.0,1.0,1000.0,200.0,0.01,0.005,0.0,3.724,20,50,1
42.0,1.0,2.0,1.0,1000.0,200.0,0.01,0.005,0.0,3.724,12,50,0
420.84,1.0,1.0,1.0,1.0,0.058220420649525643,100.0,50.0,235429.3824,3.724,9,8,1
44.0,1.0,3.0,1.0,1000.0,200.0,0.01,0.005,0.0,3.724,20,50,0
218.58333333333334,1.0,1.0,1.0,1000.0,200.0,0.0009090909090909091,0.00045454545454545455,114429.6875,3.724,20,50,1
44.0,1.0,1.0,1.0,1000.0,200.0,0.01,0.005,0.0,3.724,20,50,0
42.0,1.0,2.0,1.0,1000.0,200.0,0.01,0.005,0.0,3.724,20,50,0
71.0,2.0,1.0,1.0,1000.0,200.0,0.01,0.005,0.0,3.724,20,50,1
44.0,1.0,2.0,1.0,1000.0,200.0,0.01,0.005,0.0,3.724,20,50,0
40.0,1.0,1.0,1.0,1000.0,200.0,0.01,0.005,0.0,3.724,20,50,1
708.3684210526316,1.0,1.0,1.0,1000.0,200.0,0.0005555555555555556,0.0002777777777777778,327837.14127423824,3.724,14,12,1
55.2,1.0,1.0,1.0,1.0,0.01164157364273221,100.0,50.0,0.0,3.724,12,50,1
133.4,1.0,1.0,1.0,1000.0,200.0,0.0011111111111111111,0.0005555555555555556,44277.759999999995,3.724,20,50,1
71.0,2.0,3.0,0.0,1000.0,200.0,0.01,0.005,0.0,3.724,9,26,0
48.0,1.0,2.0,1.0,1000.0,200.0,0.01,0.005,0.0,3.724,20,50,1
55.2,1.0,2.0,0.0,1.0,0.011643311348432845,100.0,50.0,0.0,3.724,5,50,0
48.0,1.0,2.0,1.0,1000.0,200.0,0.01,0.005,0.0,3.724,20,50,1
65.0,2.0,1.0,1.0,1000.0,200.0,0.01,0.005,0.0,3.724,9,8,1
96.375,1.0,2.0,1.0,1000.0,200.0,0.0014285714285714286,0.0007142857142857143,11712.0,3.724,20,50,0
40.0,1.0,1.0,1.0,1000.0,200.0,0.01,0.005,0.0,3.724,20,50,1
44.0,1.0,2.0,1.0,1000.0,200.0,0.01,0.005,0.0,3.724,20,50,0
133.3,1.0,1.0,1.0,1000.0,200.0,0.0011111111111111111,0.0005555555555555556,49315.83999999999,3.724,20,50,1
44.0,1.0,2.0,1.0,1000.0,200.0,0.01,0.005,0.0,3.724,20,50,0
56.0,1.0,1.0,1.0,1.0,0.009313462750107221,100.0,50.0,0.0,3.724,20,50,1
79.0,2.0,1.0,1.0,1000.0,200.0,0.01,0.005,0.0,3.724,20,50,1
44.0,1.0,2.0,1.0,1000.0,200.0,0.01,0.005,0.0,3.724,20,50,0
55.2,1.0,1.0,1.0,1.0,0.011641703749373676,100.0,50.0,0.0,3.724,20,50,1
226.25,1.0,1.0,1.0,1000.0,200.0,0.0014285714285714286,0.0007142857142857143,55744.0,3.724,20,50,1
42.0,1.0,2.0,1.0,1000.0,200.0,0.01,0.005,0.0,3.724,20,50,0
188.8181818181818,1.0,1.0,1.0,1000.0,200.0,0.001,0.0005,48745.78512396694,3.724,9,8,1
40.0,1.0,2.0,0.0,1.6763869948690915,0.27939783247818195,36.09202521008403,18.046012605042016,0.0,3.724,7,36,0
57.714285714285715,1.0,1.0,1.0,1000.0,200.0,0.0016666666666666668,0.0008333333333333334,0.0,3.724,20,50,0
44.0,1.0,3.0,1.0,1000.0,200.0,0.01,0.005,0.0,3.724,20,50,1
68.0,2.0,1.0,1.0,1000.0,200.0,0.01,0.005,0.0,3.724,20,50,1
128.625,1.0,2.0,1.0,1000.0,200.0,0.0014285714285714286,0.0007142857142857143,19200.0,3.724,20,50,0
48.0,1.0,2.0,1.0,1000.0,200.0,0.01,0.005,0.0,3.724,20,50,1
44.0,1.0,2.0,1.0,1000.0,200.0,0.01,0.005,0.0,3.724,20,50,0
56.0,1.0,1.0,1.0,1.0,0.018627944757898425,100.0,50.0,0.0,3.724,20,50,1
55.2,1.0,1.0,1.0,1.0,0.011641617011289575,100.0,50.0,0.0,3.724,10,13,1
44.0,1.0,2.0,1.0,1000.0,200.0,0.01,0.005,0.0,3.724,20,50,0
44.0,1.0,2.0,1.0,1000.0,200.0,0.01,0.005,0.0,3.724,20,50,0
42.4,1.0,1.0,1.0,1.0,0.01164166038017006,100.0,50.0,0.0,3.724,20,50,1
135.0,1.0,1.0,1.0,1000.0,200.0,0.0011111111111111111,0.0005555555555555556,49315.83999999999,3.724,14,12,1
44.0,1.0,2.0,1.0,1000.0,200.0,0.01,0.005,0.0,3.724,20,50,0
52.0,1.0,2.0,0.0,1000.0,200.0,0.01,0.005,0.0,3.724,5,50,0
135.0,2.0,1.0,1.0,1000.0,200.0,0.01,0.005,4096.0,3.724,11,49,0
44.0,1.0,1.0,1.0,1000.0,200.0,0.01,0.005,0.0,3.724,20,50,1
153.6315789473684,1.0,1.0,1.0,1.0,0.04423991632601931,100.0,50.0,92412.45983379503,3.724,20,50,1
44.0,1.0,2.0,1.0,1000.0,200.0,0.01,0.005,0.0,3.724,20,50,1
44.0,1.0,2.0,1.0,1000.0,200.0,0.01,0.005,0.0,3.724,20,50,0
57.333333333333336,1.0,1.0,1.0,1.0,0.013971365221266841,100.0,50.0,0.0,3.724,20,50,1
152.0,2.0,1.0,1.0,1000.0,200.0,0.01,0.005,4096.0,3.724,9,8,1
44.0,1.0,2.0,1.0,1000.0,200.0,0.01,0.005,0.0,3.724,20,50,0
44.0,1.0,2.0,1.0,1000.0,200.0,0.01,0.005,0.0,3.724,20,50,0
42.0,1.0,2.0,1.0,1000.0,200.0,0.01,0.005,0.0,3.724,20,50,0
44.0,1.0,3.0,1.0,1000.0,200.0,0.01,0.005,0.0,3.724,20,50,1
364.25,1.0,1.0,1.0,1000.0,200.0,0.0009090909090909091,0.00045454545454545455,209947.4722222222,3.724,10,13,1
48.0,1.0,2.0,1.0,1000.0,200.0,0.01,0.005,0.0,3.724,20,50,1
185.23076923076923,1.0,1.0,1.0,1000.0,200.0,0.0008333333333333334,0.0004166666666666667,101584.54437869822,3.724,20,50,0
137.76666666666668,1.0,3.0,0.0,1.0,0.0698558013263754,100.0,50.0,51415.0988888889,3.724,5,50,0
48.0,1.0,2.0,1.0,1000.0,200.0,0.01,0.005,0.0,3.724,20,50,1
48.0,1.0,2.0,1.0,1000.0,200.0,0.01,0.005,0.0,3.724,20,50,1
54.285714285714285,1.0,2.0,0.0,1.0,0.01629951238844439,100.0,50.0,0.0,3.724,5,50,0
368.1333333333333,1.0,1.0,1.0,1000.0,200.0,0.0007142857142857143,0.00035714285714285714,224955.18222222224,3.724,20,50,1
44.0,1.0,2.0,1.0,1000.0,200.0,0.01,0.005,0.0,3.724,20,50,0
60.333333333333336,1.0,1.0,1.0,1000.0,200.0,0.00125,0.000625,0.0,3.724,10,13,0
44.0,1.0,2.0,1.0,1000.0,200.0,0.01,0.005,0.0,3.724,12,50,0
266.5,1.0,1.0,1.0,1000.0,200.0,0.0009090909090909091,0.00045454545454545455,156189.6875,3.724,14,12,1
42.0,1.0,2.0,1.0,1000.0,200.0,0.01,0.005,0.0,3.724,20,50,0
44.0,1.0,2.0,1.0,1000.0,200.0,0.01,0.005,0.0,3.724,20,50,1
48.0,1.0,3.0,1.0,1000.0,200.0,0.01,0.005,0.0,3.724,20,50,1
40.0,1.0,2.0,1.0,1000.0,200.0,0.0001,5e-05,0.0,3.724,9,8,1
67.0,2.0,1.0,1.0,1000.0,200.0,0.01,0.005,0.0,3.724,20,50,1
514.5,1.0,1.0,1.0,1000.0,200.0,0.0005263157894736842,0.0002631578947368421,303017.4099999999,3.724,9,8,1
42.0,1.0,2.0,1.0,1000.0,200.0,0.01,0.005,0.0,3.724,12,50,0
56.0,1.0,1.0,1.0,1.0,0.009313360831031188,100.0,50.0,0.0,3.724,20,50,1
68.0,2.0,1.0,1.0,1000.0,200.0,0.01,0.005,0.0,3.724,9,8,1
154.47368421052633,1.0,1.0,1.0,1.0,0.04424297590364532,100.0,50.0,77771.88365650969,3.724,20,50,1
44.0,1.0,1.0,1.0,1000.0,200.0,0.01,0.005,0.0,3.724,20,50,0
319.4166666666667,1.0,1.0,1.0,1000.0,200.0,0.0009090909090909091,0.00045454545454545455,195376.80555555556,3.724,20,50,1
71.0,2.0,1.0,1.0,1000.0,200.0,0.01,0.005,0.0,3.724,20,50,1
48.0,1.0,2.0,1.0,1000.0,200.0,0.01,0.005,0.0,3.724,20,50,1
56.0,1.0,1.0,1.0,1.0,0.01862848696168912,100.0,50.0,0.0,3.724,20,50,1
71.0,2.0,1.0,1.0,1000.0,200.0,0.01,0.005,0.0,3.724,20,50,1
44.0,1.0,2.0,1.0,1000.0,200.0,0.01,0.005,0.0,3.724,20,50,0
48.0,1.0,2.0,1.0,1000.0,200.0,0.01,0.005,0.0,3.724,20,50,1
44.0,1.0,1.0,1.0,1000.0,200.0,0.01,0.005,0.0,3.724,20,50,1
44.0,1.0,2.0,1.0,1000.0,200.0,0.01,0.005,0.0,3.724,20,50,0
57.333333333333336,1.0,1.0,1.0,1000.0,200.0,0.005,0.0025,0.0,3.724,20,50,1
46.0,1.0,2.0,0.0,1000.0,200.0,0.01,0.005,0.0,3.724,1,1,0
437.14285714285717,1.0,1.0,1.0,1000.0,200.0,0.0007692307692307692,0.0003846153846153846,244066.08673469385,3.724,9,8,1
48.0,1.0,2.0,1.0,1000.0,200.0,0.01,0.005,0.0,3.724,20,50,1
48.0,1.0,2.0,1.0,1000.0,200.0,0.01,0.005,0.0,3.724,20,50,1
471.3333333333333,1.0,1.0,1.0,1000.0,200.0,0.00125,0.000625,243533.8024691358,3.724,14,12,1
190.2941176470588,1.0,1.0,1.0,1.0,0.0791690417379188,100.0,50.0,94830.11764705883,3.724,20,50,1
352.25,1.0,1.0,1.0,1000.0,200.0,0.0009090909090909091,0.00045454545454545455,211680.80555555553,3.724,9,5,1
55.2,1.0,1.0,1.0,1.0,0.02328425323208719,100.0,50.0,0.0,3.724,10,13,1
40.0,1.0,3.0,1.0,1000.0,200.0,0.01,0.005,0.0,3.724,7,36,1
44.0,1.0,1.0,1.0,1000.0,200.0,0.01,0.005,0.0,3.724,20,50,0
44.0,1.0,2.0,1.0,1000.0,200.0,0.01,0.005,0.0,3.724,20,50,1
56.0,1.0,1.0,1.0,1.0,0.00931336299949894,100.0,50.0,0.0,3.724,20,50,1
55.2,1.0,2.0,0.0,1.0,0.01164267693085065,100.0,50.0,0.0,3.724,5,50,0
44.0,1.0,2.0,1.0,1000.0,200.0,0.01,0.005,0.0,3.724,20,50,0
44.0,1.0,2.0,1.0,1000.0,200.0,0.01,0.005,0.0,3.724,20,50,0
44.0,1.0,2.0,1.0,1000.0,200.0,0.01,0.005,0.0,3.724,20,50,1
56.0,1.0,1.0,1.0,1.0,0.02794146170634315,100.0,50.0,0.0,3.724,10,13,1
91.4,1.0,1.0,1.0,1000.0,200.0,0.0011111111111111111,0.0005555555555555556,9871.36,3.724,20,50,1
84.0,2.0,1.0,1.0,1000.0,200.0,0.01,0.005,0.0,3.724,9,4,1
44.0,1.0,2.0,1.0,1000.0,200.0,0.01,0.005,0.0,3.724,20,50,0
84.0,2.0,1.0,1.0,1000.0,200.0,0.01,0.005,0.0,3.724,9,4,1
44.0,1.0,2.0,1.0,1000.0,200.0,0.01,0.005,0.0,3.724,20,50,0
44.0,1.0,2.0,1.0,1000.0,200.0,0.01,0.005,0.0,3.724,20,50,0
42.0,1.0,1.0,1.0,1.0,0.004656697763318214,100.0,50.0,0.0,3.724,20,50,1
118.5,2.0,1.0,1.0,1000.0,200.0,0.01,0.005,4096.0,3.724,20,50,0
160.83333333333334,1.0,1.0,1.0,1.0,0.04191150943602708,100.0,50.0,81539.58333333333,3.724,9,4,1
40.0,1.0,2.0,1.0,1000.0,200.0,0.01,0.005,0.0,3.724,11,49,1
310.25,1.0,1.0,1.0,1000.0,200.0,0.0009090909090909091,0.00045454545454545455,198781.25,3.724,9,8,1
44.0,1.0,1.0,1.0,1000.0,200.0,0.01,0.005,0.0,3.724,20,50,0
358.8333333333333,1.0,1.0,1.0,1000.0,200.0,0.0009090909090909091,0.00045454545454545455,209947.4722222222,3.724,14,12,1
44.0,1.0,1.0,1.0,1000.0,200.0,0.01,0.005,0.0,3.724,20,50,0
52.0,1.0,2.0,0.0,1.0,0.018626656608272098,100.0,50.0,0.0,3.724,20,50,0
135.11111111111111,1.0,1.0,1.0,1000.0,200.0,0.00125,0.000625,16485.135802469136,3.724,14,12,0
44.0,1.0,2.0,1.0,1000.0,200.0,0.01,0.005,0.0,3.724,20,50,0
190.11111111111111,1.0,1.0,1.0,1000.0,200.0,0.00125,0.000625,53500.83950617283,3.724,9,8,1
44.0,1.0,2.0,1.0,1000.0,200.0,0.01,0.005,0.0,3.724,20,50,0
54.285714285714285,1.0,2.0,0.0,1.0,0.01629974390773786,100.0,50.0,0.0,3.724,5,50,0
44.0,1.0,1.0,1.0,1000.0,200.0,0.01,0.005,0.0,3.724,20,50,1
52.0,1.0,2.0,0.0,1.0,0.009314004910343388,100.0,50.0,0.0,3.724,5,50,0
48.0,1.0,2.0,1.0,1000.0,200.0,0.01,0.005,0.0,3.724,20,50,1
79.0,2.0,1.0,1.0,1000.0,200.0,0.01,0.005,0.0,3.724,20,50,1
315.5833333333333,1.0,1.0,1.0,1000.0,200.0,0.0009090909090909091,0.00045454545454545455,195376.80555555556,3.724,9,5,1
48.0,1.0,3.0,1.0,1000.0,200.0,0.01,0.005,0.0,3.724,20,50,1
75.7,1.0,1.0,1.0,1000.0,200.0,0.0011111111111111111,0.0005555555555555556,2621.44,3.724,20,50,1
44.0,1.0,1.0,1.0,1000.0,200.0,0.01,0.005,0.0,3.724,20,50,1
131.7,1.0,1.0,1.0,1000.0,200.0,0.0011111111111111111,0.0005555555555555556,49315.83999999999,3.724,9,4,1
73.0,2.0,1.0,1.0,1000.0,200.0,0.01,0.005,0.0,3.724,9,8,1
44.0,1.0,2.0,1.0,1000.0,200.0,0.01,0.005,0.0,3.724,20,50,0
71.44444444444444,1.0,1.0,1.0,1000.0,200.0,0.00125,0.000625,1618.1728395061727,3.724,20,50,0
407.8333333333333,1.0,1.0,1.0,1.0,0.055890002885321394,100.0,50.0,268310.24305555556,3.724,9,4,1
48.0,1.0,2.0,1.0,1000.0,200.0,0.01,0.005,0.0,3.724,20,50,1
56.44444444444444,1.0,1.0,1.0,1000.0,200.0,0.00125,0.000625,0.0,3.724,20,50,1
40.0,1.0,2.0,1.0,1000.0,200.0,0.0001,5e-05,0.0,3.724,20,50,1
84.0,2.0,1.0,1.0,1000.0,200.0,0.01,0.005,0.0,3.724,20,50,1
48.0,1.0,2.0,1.0,1000.0,200.0,0.01,0.005,0.0,3.724,20,50,1
42.0,1.0,2.0,1.0,1000.0,200.0,0.01,0.005,0.0,3.724,20,50,0
280.0,1.0,1.0,1.0,1000.0,200.0,0.001,0.0005,165686.42975206615,3.724,9,5,1
44.0,1.0,2.0,1.0,1000.0,200.0,0.01,0.005,0.0,3.724,20,50,0
44.0,1.0,2.0,1.0,1000.0,200.0,0.01,0.005,0.0,3.724,20,50,0
40.0,1.0,1.0,1.0,1000.0,200.0,0.01,0.005,0.0,3.724,20,50,1
48.0,1.0,3.0,1.0,1000.0,200.0,0.01,0.005,0.0,3.724,20,50,1
324.3636363636364,1.0,1.0,1.0,1000.0,200.0,0.001,0.0005,212258.9256198347,3.724,9,5,1
84.0,2.0,1.0,1.0,1000.0,200.0,0.01,0.005,0.0,3.724,20,50,1
44.0,1.0,2.0,1.0,1000.0,200.0,0.01,0.005,0.0,3.724,20,50,0
48.0,1.0,2.0,1.0,1000.0,200.0,0.01,0.005,0.0,3.724,20,50,1
48.0,1.0,2.0,1.0,1000.0,200.0,0.01,0.005,0.0,3.724,20,50,1
44.0,1.0,2.0,1.0,1000.0,200.0,0.01,0.005,0.0,3.724,20,50,1
44.0,1.0,1.0,1.0,1000.0,200.0,0.01,0.005,0.0,3.724,20,50,1
44.0,1.0,3.0,1.0,1000.0,200.0,0.01,0.005,0.0,3.724,20,50,1
84.15,1.0,1.0,1.0,1.0,0.046567736614744414,100.0,50.0,6338.560000000001,3.724,20,50,1
73.0,2.0,1.0,1.0,1000.0,200.0,0.01,0.005,0.0,3.724,9,4,1
68.0,2.0,1.0,1.0,1000.0,200.0,0.01,0.005,0.0,3.724,14,12,1
132.88888888888889,1.0,1.0,1.0,1000.0,200.0,0.00125,0.000625,17698.765432098764,3.724,9,8,1
84.0,2.0,1.0,1.0,1000.0,200.0,0.01,0.005,0.0,3.724,9,8,1
44.0,1.0,2.0,1.0,1000.0,200.0,0.01,0.005,0.0,3.724,20,50,0
44.0,1.0,2.0,1.0,1000.0,200.0,0.01,0.005,0.0,3.724,20,50,0
42.0,1.0,1.0,1.0,1000.0,200.0,0.01,0.005,0.0,3.724,20,50,1
44.0,1.0,2.0,1.0,1000.0,200.0,0.01,0.005,0.0,3.724,20,50,0
44.0,1.0,3.0,1.0,1.0,0.004656714027000559,100.0,50.0,0.0,3.724,20,50,1
42.0,1.0,2.0,1.0,1000.0,200.0,0.01,0.005,0.0,3.724,20,50,0
272.8181818181818,1.0,1.0,1.0,1000.0,200.0,0.001,0.0005,146940.24793388433,3.724,9,4,1
44.0,1.0,2.0,1.0,1000.0,200.0,0.01,0.005,0.0,3.724,20,50,0
56.44444444444444,1.0,1.0,1.0,1.0,0.020954837435863644,100.0,50.0,0.0,3.724,10,13,1
57.333333333333336,1.0,1.0,1.0,1.0,0.013971466074835365,100.0,50.0,0.0,3.724,20,50,1
223.68571428571428,1.0,1.0,1.0,1.0,0.08149902317599365,100.0,50.0,117004.40816326533,3.724,20,50,1
55.2,1.0,1.0,1.0,1.0,0.011641617011289575,100.0,50.0,0.0,3.724,20,50,1
48.0,1.0,3.0,1.0,1000.0,200.0,0.01,0.005,0.0,3.724,20,50,1
42.0,1.0,2.0,1.0,1000.0,200.0,0.01,0.005,0.0,3.724,20,50,0
44.0,1.0,2.0,1.0,1000.0,200.0,0.01,0.005,0.0,3.724,20,50,1
44.0,1.0,2.0,1.0,1000.0,200.0,0.01,0.005,0.0,3.724,20,50,0
42.0,1.0,2.0,1.0,1.0,0.004656629457092885,100.0,50.0,0.0,3.724,20,50,1
42.0,1.0,2.0,1.0,1000.0,200.0,0.01,0.005,0.0,3.724,20,50,0
48.0,1.0,2.0,1.0,1000.0,200.0,0.01,0.005,0.0,3.724,20,50,1
42.0,1.0,2.0,1.0,1000.0,200.0,0.01,0.005,0.0,3.724,12,50,0
44.0,1.0,1.0,1.0,1000.0,200.0,0.01,0.005,0.0,3.724,20,50,0
68.0,2.0,1.0,1.0,1000.0,200.0,0.01,0.005,0.0,3.724,9,8,1
48.0,1.0,3.0,1.0,1000.0,200.0,0.01,0.005,0.0,3.724,20,50,1
48.0,1.0,2.0,1.0,1000.0,200.0,0.01,0.005,0.0,3.724,20,50,1
48.0,1.0,2.0,1.0,1000.0,200.0,0.01,0.005,0.0,3.724,20,50,1
54.285714285714285,1.0,2.0,0.0,1.0,0.016299895727238476,100.0,50.0,0.0,3.724,5,50,0
44.0,1.0,2.0,1.0,1000.0,200.0,0.01,0.005,0.0,3.724,12,50,0
96.5,2.0,1.0,1.0,1000.0,200.0,0.0033333333333333335,0.0016666666666666668,4096.0,3.724,1,1,0
44.0,1.0,1.0,1.0,1000.0,200.0,0.01,0.005,0.0,3.724,20,50,1
42.0,1.0,2.0,1.0,1000.0,200.0,0.01,0.005,0.0,3.724,20,50,0
93.0,2.0,1.0,1.0,1000.0,200.0,0.0033333333333333335,0.0016666666666666668,0.0,3.724,1,1,0
42.0,1.0,2.0,1.0,1000.0,200.0,0.01,0.005,0.0,3.724,20,50,0
42.4,1.0,3.0,1.0,1000.0,200.0,0.0025,0.00125,0.0,3.724,20,50,0
48.0,1.0,2.0,1.0,1000.0,200.0,0.01,0.005,0.0,3.724,20,50,1
56.44444444444444,1.0,1.0,1.0,1.0,0.02095483255691798,100.0,50.0,0.0,3.724,20,50,1
42.666666666666664,1.0,1.0,1.0,1000.0,200.0,0.005,0.0025,0.0,3.724,20,50,1
88.5,1.0,1.0,1.0,1000.0,200.0,0.0011111111111111111,0.0005555555555555556,9871.36,3.724,20,50,1
56.0,1.0,3.0,0.0,1000.0,200.0,0.01,0.005,0.0,3.724,11,49,0
84.0,2.0,1.0,1.0,1000.0,200.0,0.01,0.005,0.0,3.724,9,4,1
44.0,1.0,2.0,1.0,1000.0,200.0,0.01,0.005,0.0,3.724,12,50,0
42.0,1.0,1.0,1.0,1000.0,200.0,0.01,0.005,0.0,3.724,20,50,0
44.0,1.0,2.0,1.0,1000.0,200.0,0.01,0.005,0.0,3.724,20,50,0
40.0,1.0,2.0,1.0,1000.0,200.0,0.01,0.005,0.0,3.724,3,8,1
79.9,1.0,1.0,1.0,1000.0,200.0,0.0011111111111111111,0.0005555555555555556,2621.44,3.724,20,50,1
346.6363636363636,1.0,1.0,1.0,1.0,0.05123198962691934,100.0,50.0,228920.08264462813,3.724,20,50,1
44.0,1.0,1.0,1.0,1000.0,200.0,0.01,0.005,0.0,3.724,20,50,1
42.0,1.0,2.0,1.0,1000.0,200.0,0.01,0.005,0.0,3.724,20,50,0
247.58333333333334,1.0,1.0,1.0,1.0,0.027940056471510807,100.0,50.0,136995.90972222225,3.724,14,12,1
44.0,1.0,2.0,1.0,1000.0,200.0,0.01,0.005,0.0,3.724,20,50,0
48.0,1.0,2.0,1.0,1000.0,200.0,0.01,0.005,0.0,3.724,20,50,1
42.0,1.0,3.0,1.0,1000.0,200.0,0.01,0.005,0.0,3.724,20,50,0
56.0,1.0,1.0,1.0,1.0,0.01397085446910171,100.0,50.0,0.0,3.724,20,50,1
44.0,1.0,2.0,1.0,1000.0,200.0,0.01,0.005,0.0,3.724,20,50,0
42.0,1.0,3.0,1.0,1000.0,200.0,0.01,0.005,0.0,3.724,20,50,0
57.666666666666664,1.0,1.0,1.0,1000.0,200.0,0.002,0.001,0.0,3.724,20,50,0
67.0,2.0,1.0,1.0,1000.0,200.0,0.01,0.005,0.0,3.724,20,50,1
55.285714285714285,1.0,1.0,1.0,1000.0,200.0,0.0016666666666666668,0.0008333333333333334,0.0,3.724,20,50,1
44.0,1.0,3.0,1.0,1000.0,200.0,0.01,0.005,0.0,3.724,20,50,1
44.0,1.0,2.0,1.0,1000.0,200.0,0.01,0.005,0.0,3.724,20,50,0
44.0,1.0,3.0,1.0,1000.0,200.0,0.01,0.005,0.0,3.724,20,50,1
48.0,1.0,3.0,1.0,1000.0,200.0,0.01,0.005,0.0,3.724,20,50,1
84.0,2.0,1.0,1.0,1000.0,200.0,0.01,0.005,0.0,3.724,20,50,1
44.0,1.0,2.0,1.0,1000.0,200.0,0.01,0.005,0.0,3.724,20,50,0
48.0,1.0,2.0,1.0,1000.0,200.0,0.01,0.005,0.0,3.724,20,50,1
56.57142857142857,1.0,1.0,1.0,1.0,0.01629933400921238,100.0,50.0,0.0,3.724,20,50,1
40.0,1.0,1.0,1.0,1000.0,200.0,0.01,0.005,0.0,3.724,20,50,1
79.0,2.0,1.0,1.0,1000.0,200.0,0.01,0.005,0.0,3.724,20,50,1
42.0,1.0,2.0,1.0,1.0,0.004656630541303032,100.0,50.0,0.0,3.724,20,50,1
84.0,2.0,1.0,1.0,1.0,0.004656614278203831,100.0,50.0,0.0,3.724,9,8,1
48.0,1.0,3.0,1.0,1000.0,200.0,0.01,0.005,0.0,3.724,20,50,1
52.0,1.0,1.0,1.0,1000.0,200.0,0.01,0.005,0.0,3.724,20,50,1
44.0,1.0,2.0,1.0,1000.0,200.0,0.01,0.005,0.0,3.724,20,50,0
42.0,1.0,2.0,1.0,1000.0,200.0,0.01,0.005,0.0,3.724,20,50,0
54.285714285714285,1.0,2.0,0.0,1.0,0.01630004375397459,100.0,50.0,0.0,3.724,5,50,0
592.5555555555555,1.0,1.0,1.0,1000.0,200.0,0.0005882352941176471,0.00029411764705882356,345080.01543209876,3.724,9,4,1
55.2,1.0,1.0,1.0,1.0,0.011641701038788985,100.0,50.0,0.0,3.724,20,50,1
44.0,1.0,2.0,1.0,1000.0,200.0,0.01,0.005,0.0,3.724,20,50,0
44.0,1.0,1.0,1.0,1000.0,200.0,0.01,0.005,0.0,3.724,20,50,0
55.2,1.0,1.0,1.0,1.0,0.011641744408295535,100.0,50.0,0.0,3.724,20,50,1
44.0,1.0,2.0,1.0,1000.0,200.0,0.01,0.005,0.0,3.724,20,50,0
208.8125,1.0,1.0,1.0,1000.0,200.0,0.0006666666666666666,0.0003333333333333333,90437.08984375,3.724,14,12,1
48.0,1.0,2.0,1.0,1000.0,200.0,0.01,0.005,0.0,3.724,20,50,1
42.0,1.0,2.0,1.0,1000.0,200.0,0.01,0.005,0.0,3.724,12,50,0
44.0,1.0,2.0,1.0,1000.0,200.0,0.01,0.005,0.0,3.724,20,50,0
44.0,1.0,2.0,1.0,1000.0,200.0,0.01,0.005,0.0,3.724,20,50,1
44.0,1.0,3.0,1.0,1000.0,200.0,0.01,0.005,0.0,3.724,20,50,0
48.0,1.0,2.0,1.0,1000.0,200.0,0.01,0.005,0.0,3.724,20,50,1
44.0,1.0,1.0,1.0,1000.0,200.0,0.01,0.005,0.0,3.724,20,50,1
121.0,1.0,1.0,1.0,1000.0,200.0,0.0009090909090909091,0.00045454545454545455,42552.88888888888,3.724,9,4,1
42.0,1.0,3.0,1.0,1000.0,200.0,0.01,0.005,0.0,3.724,20,50,0
48.0,1.0,2.0,1.0,1000.0,200.0,0.01,0.005,0.0,3.724,20,50,1
42.0,1.0,2.0,1.0,1000.0,200.0,0.01,0.005,0.0,3.724,20,50,1
44.0,1.0,2.0,1.0,1000.0,200.0,0.01,0.005,0.0,3.724,20,50,0
191.72727272727272,1.0,1.0,1.0,1000.0,200.0,0.001,0.0005,48745.78512396694,3.724,20,50,1
42.0,1.0,2.0,1.0,1000.0,200.0,0.01,0.005,0.0,3.724,12,50,0
368.57142857142856,1.0,1.0,1.0,1000.0,200.0,0.0007692307692307692,0.0003846153846153846,240838.65816326527,3.724,9,4,1
73.0,2.0,1.0,1.0,1000.0,200.0,0.01,0.005,0.0,3.724,9,4,1
57.333333333333336,1.0,1.0,1.0,1000.0,200.0,0.005,0.0025,0.0,3.724,10,13,1
93.0,2.0,1.0,1.0,1000.0,200.0,0.01,0.005,0.0,3.724,4,2,0
44.0,1.0,2.0,1.0,1000.0,200.0,0.01,0.005,0.0,3.724,20,50,0
44.0,1.0,2.0,1.0,1000.0,200.0,0.01,0.005,0.0,3.724,20,50,0
48.0,1.0,2.0,1.0,1000.0,200.0,0.01,0.005,0.0,3.724,20,50,1
125.8,1.0,1.0,1.0,1000.0,200.0,0.0011111111111111111,0.0005555555555555556,49315.83999999999,3.724,9,8,1
42.0,1.0,2.0,1.0,1.0,0.004656766071547485,100.0,50.0,0.0,3.724,20,50,1
72.07692307692308,1.0,1.0,1.0,1.0,0.030271841133377733,100.0,50.0,2132.828402366864,3.724,20,50,1
880.7333333333333,1.0,3.0,0.0,1000.0,200.0,0.0007142857142857143,0.00035714285714285714,308854.8622222222,3.724,2,3,0
56.0,1.0,3.0,0.0,1000.0,200.0,0.01,0.005,0.0,3.724,5,50,0
48.0,1.0,3.0,1.0,1000.0,200.0,0.01,0.005,0.0,3.724,20,50,1
115.2,1.0,1.0,1.0,1000.0,200.0,0.0011111111111111111,0.0005555555555555556,44277.759999999995,3.724,20,50,1
44.0,1.0,2.0,1.0,1000.0,200.0,0.01,0.005,0.0,3.724,20,50,0
88.6,1.0,1.0,1.0,1000.0,200.0,0.0011111111111111111,0.0005555555555555556,2621.44,3.724,20,50,1
55.2,1.0,1.0,1.0,1.0,0.011641915178868714,100.0,50.0,0.0,3.724,20,50,1
48.0,1.0,2.0,1.0,1000.0,200.0,0.01,0.005,0.0,3.724,20,50,1
44.0,1.0,1.0,1.0,1000.0,200.0,0.01,0.005,0.0,3.724,12,50,0
218.13888888888889,1.0,1.0,1.0,1.0,0.0838306313867007,100.0,50.0,121958.08256172837,3.724,20,50,1
67.0,2.0,1.0,1.0,1000.0,200.0,0.01,0.005,0.0,3.724,20,50,1
40.0,1.0,3.0,1.0,1000.0,200.0,0.01,0.005,0.0,3.724,11,49,1
73.0,2.0,1.0,1.0,1000.0,200.0,0.01,0.005,0.0,3.724,9,4,1
68.0,2.0,1.0,1.0,1000.0,200.0,0.01,0.005,0.0,3.724,9,4,1
163.66666666666666,1.0,1.0,1.0,1000.0,200.0,0.00125,0.000625,53500.83950617283,3.724,9,5,1
44.0,1.0,2.0,1.0,1000.0,200.0,0.01,0.005,0.0,3.724,20,50,0
42.0,1.0,2.0,1.0,1000.0,200.0,0.01,0.005,0.0,3.724,12,50,0
67.0,2.0,1.0,1.0,1000.0,200.0,0.01,0.005,0.0,3.724,20,50,1
40.0,1.0,1.0,1.0,1000.0,200.0,0.01,0.005,0.0,3.724,20,50,1
44.0,1.0,2.0,1.0,1000.0,200.0,0.01,0.005,0.0,3.724,20,50,0
44.0,1.0,2.0,1.0,1000.0,200.0,0.01,0.005,0.0,3.724,20,50,0
44.0,1.0,2.0,1.0,1000.0,200.0,0.01,0.005,0.0,3.724,20,50,0
44.0,1.0,2.0,1.0,1000.0,200.0,0.01,0.005,0.0,3.724,20,50,0
76.5,1.0,1.0,1.0,1000.0,200.0,0.0009090909090909091,0.00045454545454545455,1251.5555555555554,3.724,20,50,0
69.0,2.0,1.0,1.0,1.0,0.004656647888734055,100.0,50.0,0.0,3.724,20,50,1
68.0,2.0,1.0,1.0,1000.0,200.0,0.01,0.005,0.0,3.724,9,4,1
40.0,1.0,2.0,1.0,1000.0,200.0,0.00010101010101010101,5.0505050505050505e-05,0.0,3.724,9,8,1
55.2,1.0,1.0,1.0,1.0,0.011641828437634026,100.0,50.0,0.0,3.724,20,50,1
44.0,1.0,2.0,1.0,1000.0,200.0,0.01,0.005,0.0,3.724,20,50,0
42.0,1.0,2.0,1.0,1000.0,200.0,0.01,0.005,0.0,3.724,20,50,0
121.2,1.0,1.0,1.0,1000.0,200.0,0.0011111111111111111,0.0005555555555555556,16384.0,3.724,20,50,1
44.0,1.0,2.0,1.0,1000.0,200.0,0.01,0.005,0.0,3.724,20,50,0
44.0,1.0,2.0,1.0,1000.0,200.0,0.01,0.005,0.0,3.724,20,50,0
42.0,1.0,3.0,1.0,1000.0,200.0,0.01,0.005,0.0,3.724,20,50,0
44.0,1.0,2.0,1.0,1000.0,200.0,0.01,0.005,0.0,3.724,12,50,0
44.0,1.0,2.0,1.0,1000.0,200.0,0.01,0.005,0.0,3.724,12,50,0
44.0,1.0,3.0,1.0,1000.0,200.0,0.01,0.005,0.0,3.724,20,50,0
40.0,1.0,2.0,1.0,1000.0,200.0,0.0001,5e-05,0.0,3.724,20,50,1
65.0,2.0,1.0,1.0,1000.0,200.0,0.01,0.005,0.0,3.724,9,4,1
299.0,1.0,1.0,1.0,1000.0,200.0,0.001,0.0005,212258.9256198347,3.724,9,8,1
44.0,1.0,2.0,1.0,1000.0,200.0,0.01,0.005,0.0,3.724,20,50,0
56.0,1.0,1.0,1.0,1.0,0.009313360831031188,100.0,50.0,0.0,3.724,20,50,1
44.0,1.0,2.0,1.0,1000.0,200.0,0.01,0.005,0.0,3.724,20,50,1
128.625,1.0,2.0,1.0,1000.0,200.0,0.0014285714285714286,0.0007142857142857143,19200.0,3.724,20,50,0
44.0,1.0,2.0,1.0,1000.0,200.0,0.01,0.005,0.0,3.724,20,50,0
44.0,1.0,2.0,1.0,1000.0,200.0,0.01,0.005,0.0,3.724,20,50,1
73.0,2.0,1.0,1.0,1000.0,200.0,0.01,0.005,0.0,3.724,14,12,1
68.0,2.0,1.0,1.0,1000.0,200.0,0.01,0.005,0.0,3.724,20,50,1
55.2,1.0,1.0,1.0,1.0,0.011641744408295535,100.0,50.0,0.0,3.724,20,50,1
157.5,1.0,1.0,1.0,1000.0,200.0,0.0014285714285714286,0.0007142857142857143,58368.0,3.724,20,50,1
42.0,1.0,2.0,1.0,1000.0,200.0,0.01,0.005,0.0,3.724,20,50,0
779.5294117647059,1.0,1.0,1.0,1000.0,200.0,0.000625,0.0003125,329683.73702422145,3.724,9,5,1
42.0,1.0,2.0,1.0,1000.0,200.0,0.01,0.005,0.0,3.724,20,50,0
44.0,1.0,1.0,1.0,1000.0,200.0,0.01,0.005,0.0,3.724,20,50,0
44.0,1.0,2.0,1.0,1000.0,200.0,0.01,0.005,0.0,3.724,20,50,0
44.0,1.0,2.0,1.0,1000.0,200.0,0.01,0.005,0.0,3.724,20,50,0
44.0,1.0,1.0,1.0,1000.0,200.0,0.01,0.005,0.0,3.724,20,50,0
44.0,1.0,2.0,1.0,1000.0,200.0,0.01,0.005,0.0,3.724,12,50,0
44.0,1.0,2.0,1.0,1000.0,200.0,0.01,0.005,0.0,3.724,20,50,0
40.0,1.0,2.0,1.0,3.352834099440403,0.5588056832400672,17.970184100418408,8.985092050209204,0.0,3.724,5,50,0
44.0,1.0,2.0,1.0,1000.0,200.0,0.01,0.005,0.0,3.724,12,50,0
44.0,1.0,2.0,1.0,1000.0,200.0,0.01,0.005,0.0,3.724,20,50,0
44.0,1.0,2.0,1.0,1000.0,200.0,0.01,0.005,0.0,3.724,20,50,0
42.666666666666664,1.0,3.0,1.0,1000.0,200.0,0.005,0.0025,0.0,3.724,20,50,0
44.0,1.0,2.0,1.0,1000.0,200.0,0.01,0.005,0.0,3.724,20,50,0
42.0,1.0,2.0,1.0,1000.0,200.0,0.01,0.005,0.0,3.724,20,50,0
44.0,1.0,1.0,1.0,1000.0,200.0,0.01,0.005,0.0,3.724,20,50,0
44.0,1.0,2.0,1.0,1000.0,200.0,0.01,0.005,0.0,3.724,20,50,0
56.0,1.0,3.0,0.0,1000.0,200.0,0.002,0.001,0.0,3.724,7,36,0
314.5,2.0,3.0,1.0,1000.0,200.0,0.01,0.005,0.0,3.724,9,26,0
42.0,1.0,1.0,1.0,1000.0,200.0,0.01,0.005,0.0,3.724,12,50,0
42.0,1.0,1.0,1.0,1000.0,200.0,0.01,0.005,0.0,3.724,20,50,0
42.0,1.0,2.0,1.0,1000.0,200.0,0.01,0.005,0.0,3.724,20,50,0
42.0,1.0,2.0,1.0,1000.0,200.0,0.01,0.005,0.0,3.724,20,50,0
44.0,1.0,2.0,1.0,1000.0,200.0,0.01,0.005,0.0,3.724,20,50,0
42.0,1.0,2.0,1.0,1000.0,200.0,0.01,0.005,0.0,3.724,12,50,0
44.0,1.0,2.0,1.0,1000.0,200.0,0.01,0.005,0.0,3.724,20,50,0
61.0,2.0,2.0,1.0,1000.0,200.0,0.01,0.005,0.0,3.724,20,30,0
44.0,1.0,3.0,1.0,1000.0,200.0,0.01,0.005,0.0,3.724,20,50,0
60.833333333333336,1.0,3.0,0.0,1.0,0.013970906518568848,100.0,50.0,0.0,3.724,5,50,0
44.0,1.0,2.0,1.0,1000.0,200.0,0.01,0.005,0.0,3.724,20,50,0
83.0,2.0,1.0,1.0,1000.0,200.0,0.01,0.005,0.0,3.724,20,50,0
42.0,1.0,1.0,1.0,1000.0,200.0,0.01,0.005,0.0,3.724,20,50,0
44.0,1.0,2.0,1.0,1000.0,200.0,0.01,0.005,0.0,3.724,20,50,0
52.0,1.0,2.0,0.0,1000.0,200.0,0.01,0.005,0.0,3.724,5,50,0
42.0,1.0,2.0,1.0,1000.0,200.0,0.01,0.005,0.0,3.724,20,50,0
42.0,1.0,2.0,1.0,1000.0,200.0,0.01,0.005,0.0,3.724,12,50,0
44.0,1.0,1.0,1.0,1000.0,200.0,0.01,0.005,0.0,3.724,20,50,0
40.0,1.0,2.0,0.0,1000.0,200.0,0.0001,5e-05,0.0,3.724,7,36,0
44.0,1.0,2.0,1.0,1000.0,200.0,0.01,0.005,0.0,3.724,20,50,0
44.0,1.0,2.0,1.0,1000.0,200.0,0.01,0.005,0.0,3.724,20,50,0
42.0,1.0,2.0,1.0,1000.0,200.0,0.01,0.005,0.0,3.724,12,50,0
44.0,1.0,2.0,1.0,1000.0,200.0,0.01,0.005,0.0,3.724,12,50,0
533.375,1.0,2.0,0.0,1000.0,200.0,0.0014285714285714286,0.0007142857142857143,340318.359375,3.724,20,30,0
93.0,2.0,1.0,1.0,1000.0,200.0,0.01,0.005,0.0,3.724,4,2,0
44.0,1.0,2.0,1.0,1000.0,200.0,0.01,0.005,0.0,3.724,20,50,0
71.0,2.0,3.0,0.0,1000.0,200.0,0.01,0.005,0.0,3.724,9,26,0
44.0,1.0,2.0,1.0,1000.0,200.0,0.01,0.005,0.0,3.724,20,50,0
44.0,1.0,2.0,1.0,1000.0,200.0,0.01,0.005,0.0,3.724,20,50,0
42.0,1.0,2.0,1.0,1000.0,200.0,0.01,0.005,0.0,3.724,12,50,0
42.0,1.0,2.0,1.0,1000.0,200.0,0.01,0.005,0.0,3.724,20,50,0
42.0,1.0,2.0,1.0,1000.0,200.0,0.01,0.005,0.0,3.724,20,50,0
44.0,1.0,2.0,1.0,1000.0,200.0,0.01,0.005,0.0,3.724,12,50,0
42.0,1.0,2.0,1.0,1000.0,200.0,0.01,0.005,0.0,3.724,20,50,0
42.0,1.0,2.0,1.0,1000.0,200.0,0.01,0.005,0.0,3.724,20,50,0
42.0,1.0,2.0,1.0,1000.0,200.0,0.01,0.005,0.0,3.724,20,50,0
44.0,1.0,2.0,1.0,1000.0,200.0,0.01,0.005,0.0,3.724,20,50,0
60.0,1.0,3.0,0.0,1000.0,200.0,0.01,0.005,0.0,3.724,20,50,0
44.0,1.0,2.0,1.0,1000.0,200.0,0.01,0.005,0.0,3.724,20,50,0
44.0,1.0,2.0,1.0,1000.0,200.0,0.01,0.005,0.0,3.724,20,50,0
44.0,1.0,2.0,1.0,1000.0,200.0,0.01,0.005,0.0,3.724,20,50,0
304.25,1.0,2.0,1.0,1000.0,200.0,0.0006666666666666666,0.0003333333333333333,167436.234375,3.724,20,30,0
44.0,1.0,1.0,1.0,1.0,0.018626791053272855,100.0,50.0,0.0,3.724,20,50,0
44.0,1.0,2.0,1.0,1000.0,200.0,0.01,0.005,0.0,3.724,20,50,0
52.0,1.0,3.0,0.0,1000.0,200.0,0.01,0.005,0.0,3.724,11,49,0
93.0,2.0,1.0,1.0,1000.0,200.0,0.01,0.005,0.0,3.724,4,2,0
44.0,1.0,2.0,1.0,1000.0,200.0,0.01,0.005,0.0,3.724,20,50,0
42.0,1.0,2.0,1.0,1000.0,200.0,0.01,0.005,0.0,3.724,20,50,0
44.0,1.0,2.0,1.0,1000.0,200.0,0.01,0.005,0.0,3.724,20,50,0
421.5,2.0,1.0,1.0,1000.0,200.0,0.01,0.005,123904.0,3.724,20,50,0
44.0,1.0,2.0,1.0,1000.0,200.0,0.01,0.005,0.0,3.724,20,50,0
44.0,1.0,2.0,1.0,1000.0,200.0,0.01,0.005,0.0,3.724,20,50,0
42.0,1.0,2.0,1.0,1000.0,200.0,0.01,0.005,0.0,3.724,20,50,0
44.0,1.0,2.0,1.0,1000.0,200.0,0.01,0.005,0.0,3.724,12,50,0
42.0,1.0,2.0,1.0,1000.0,200.0,0.01,0.005,0.0,3.724,20,50,0
78.0,2.0,1.0,1.0,1000.0,200.0,0.01,0.005,0.0,3.724,20,50,0
42.0,1.0,2.0,1.0,1000.0,200.0,0.01,0.005,0.0,3.724,12,50,0
52.0,1.0,3.0,0.0,1000.0,200.0,0.01,0.005,0.0,3.724,5,50,0
186.8,1.0,3.0,0.0,1.0,0.09314278183026498,100.0,50.0,50276.949375,3.724,5,50,0
44.0,1.0,2.0,1.0,1000.0,200.0,0.01,0.005,0.0,3.724,20,50,0
42.0,1.0,1.0,1.0,1000.0,200.0,0.01,0.005,0.0,3.724,20,50,0
44.0,1.0,2.0,1.0,1000.0,200.0,0.01,0.005,0.0,3.724,20,50,0
44.0,1.0,2.0,1.0,1000.0,200.0,0.01,0.005,0.0,3.724,20,50,0
161.0,2.0,1.0,1.0,1000.0,200.0,0.01,0.005,4096.0,3.724,9,5,0
44.0,1.0,2.0,1.0,1000.0,200.0,0.01,0.005,0.0,3.724,20,50,0
44.0,1.0,2.0,1.0,1000.0,200.0,0.01,0.005,0.0,3.724,20,50,0
52.0,1.0,2.0,0.0,1.0,0.006985453259284424,100.0,50.0,0.0,3.724,5,50,0
44.0,1.0,2.0,1.0,1000.0,200.0,0.01,0.005,0.0,3.724,20,50,0
44.0,1.0,2.0,1.0,1000.0,200.0,0.01,0.005,0.0,3.724,20,50,0
44.0,1.0,2.0,1.0,1000.0,200.0,0.01,0.005,0.0,3.724,20,50,0
42.0,1.0,2.0,1.0,1000.0,200.0,0.01,0.005,0.0,3.724,12,50,0
56.0,1.0,3.0,0.0,1000.0,200.0,0.01,0.005,0.0,3.724,20,50,0
61.857142857142854,1.0,3.0,0.0,1.0,0.01630016141816993,100.0,50.0,0.0,3.724,5,50,0
44.0,1.0,2.0,1.0,1000.0,200.0,0.01,0.005,0.0,3.724,20,50,0
63.0,2.0,2.0,1.0,1000.0,200.0,0.01,0.005,0.0,3.724,7,12,0
42.0,1.0,1.0,1.0,1000.0,200.0,0.01,0.005,0.0,3.724,20,50,0
44.0,1.0,2.0,1.0,1000.0,200.0,0.01,0.005,0.0,3.724,20,50,0
44.0,1.0,2.0,1.0,1000.0,200.0,0.01,0.005,0.0,3.724,20,50,0
44.0,1.0,2.0,1.0,1000.0,200.0,0.01,0.005,0.0,3.724,20,50,0
44.0,1.0,2.0,1.0,1000.0,200.0,0.01,0.005,0.0,3.724,20,50,0
55.2,1.0,2.0,0.0,1.0,0.011642760973651498,100.0,50.0,0.0,3.724,5,50,0
42.0,1.0,2.0,1.0,1000.0,200.0,0.01,0.005,0.0,3.724,12,50,0
44.0,1.0,2.0,1.0,1000.0,200.0,0.01,0.005,0.0,3.724,20,50,0
40.0,1.0,1.0,1.0,1000.0,200.0,0.01,0.005,0.0,3.724,1,1,0
44.0,1.0,2.0,1.0,1000.0,200.0,0.01,0.005,0.0,3.724,20,50,0
44.0,1.0,2.0,1.0,1000.0,200.0,0.01,0.005,0.0,3.724,20,50,0
209.0,1.0,3.0,0.0,1.0,0.004656715111250089,100.0,50.0,25600.0,3.724,5,50,0
236.66666666666666,1.0,2.0,0.0,1000.0,200.0,0.002,0.001,201670.1388888889,3.724,20,50,0
42.0,1.0,2.0,1.0,1000.0,200.0,0.01,0.005,0.0,3.724,20,50,0
42.0,1.0,3.0,1.0,1000.0,200.0,0.01,0.005,0.0,3.724,20,50,0
42.0,1.0,2.0,1.0,1000.0,200.0,0.01,0.005,0.0,3.724,12,50,0
96.5,2.0,1.0,1.0,1000.0,200.0,0.0033333333333333335,0.0016666666666666668,4096.0,3.724,1,1,0
63.0,2.0,2.0,1.0,1000.0,200.0,0.01,0.005,0.0,3.724,7,12,0
44.0,1.0,3.0,1.0,1000.0,200.0,0.01,0.005,0.0,3.724,20,50,0
52.0,1.0,2.0,1.0,1000.0,200.0,0.0016666666666666668,0.0008333333333333334,0.0,3.724,20,50,0
96.5,2.0,1.0,1.0,1000.0,200.0,0.01,0.005,4096.0,3.724,4,2,0
44.0,1.0,2.0,1.0,1000.0,200.0,0.01,0.005,0.0,3.724,20,50,0
56.0,1.0,2.0,0.0,1000.0,200.0,0.0033333333333333335,0.0016666666666666668,0.0,3.724,7,36,0
44.0,1.0,2.0,1.0,1000.0,200.0,0.01,0.005,0.0,3.724,12,50,0
42.0,1.0,2.0,1.0,1000.0,200.0,0.01,0.005,0.0,3.724,20,50,0
42.0,1.0,1.0,1.0,1000.0,200.0,0.01,0.005,0.0,3.724,12,50,0
140.1,1.0,2.0,1.0,1000.0,200.0,0.0011111111111111111,0.0005555555555555556,49315.83999999999,3.724,20,50,0
42.0,1.0,2.0,1.0,1000.0,200.0,0.01,0.005,0.0,3.724,20,50,0
44.0,1.0,1.0,1.0,1000.0,200.0,0.01,0.005,0.0,3.724,20,50,0
44.0,1.0,3.0,1.0,1000.0,200.0,0.01,0.005,0.0,3.724,20,50,0
44.0,1.0,2.0,1.0,1000.0,200.0,0.01,0.005,0.0,3.724,20,50,0
42.0,1.0,2.0,1.0,1000.0,200.0,0.01,0.005,0.0,3.724,20,50,0
44.0,1.0,2.0,1.0,1000.0,200.0,0.01,0.005,0.0,3.724,20,50,0
42.666666666666664,1.0,1.0,1.0,1000.0,200.0,0.005,0.0025,0.0,3.724,12,50,0
44.0,1.0,3.0,1.0,1000.0,200.0,0.01,0.005,0.0,3.724,20,50,0
44.0,1.0,2.0,1.0,1000.0,200.0,0.01,0.005,0.0,3.724,20,50,0
42.0,1.0,2.0,1.0,1000.0,200.0,0.01,0.005,0.0,3.724,20,50,0
44.0,1.0,2.0,1.0,1000.0,200.0,0.01,0.005,0.0,3.724,20,50,0
42.0,1.0,2.0,1.0,1000.0,200.0,0.01,0.005,0.0,3.724,12,50,0
44.0,1.0,1.0,1.0,1000.0,200.0,0.01,0.005,0.0,3.724,20,50,0
44.0,1.0,2.0,1.0,1000.0,200.0,0.01,0.005,0.0,3.724,20,50,0
44.0,1.0,2.0,1.0,1000.0,200.0,0.01,0.005,0.0,3.724,12,50,0
244.08,1.0,2.0,0.0,1.0,0.05821423864391561,100.0,50.0,64751.1424,3.724,5,50,0
78.0,2.0,1.0,1.0,1000.0,200.0,0.01,0.005,0.0,3.724,4,2,0
44.0,1.0,2.0,1.0,1000.0,200.0,0.01,0.005,0.0,3.724,20,50,0
42.0,1.0,2.0,1.0,1000.0,200.0,0.01,0.005,0.0,3.724,20,50,0
44.0,1.0,1.0,1.0,1000.0,200.0,0.01,0.005,0.0,3.724,20,50,0
44.0,1.0,2.0,1.0,1000.0,200.0,0.01,0.005,0.0,3.724,12,50,0
44.0,1.0,2.0,1.0,1000.0,200.0,0.01,0.005,0.0,3.724,20,50,0
56.0,1.0,2.0,0.0,1.0,0.018627810296242723,100.0,50.0,0.0,3.724,5,50,0
44.0,1.0,2.0,1.0,1000.0,200.0,0.01,0.005,0.0,3.724,20,50,0
73.0,2.0,1.0,1.0,1000.0,200.0,0.01,0.005,0.0,3.724,20,50,0
44.0,1.0,2.0,1.0,1000.0,200.0,0.01,0.005,0.0,3.724,20,50,0
44.0,1.0,2.0,1.0,1000.0,200.0,0.01,0.005,0.0,3.724,20,50,0
99.5,2.0,1.0,1.0,1000.0,200.0,0.01,0.005,0.0,3.724,4,2,0
44.0,1.0,2.0,1.0,1000.0,200.0,0.01,0.005,0.0,3.724,20,50,0
44.0,1.0,2.0,1.0,1000.0,200.0,0.01,0.005,0.0,3.724,20,50,0
44.0,1.0,2.0,1.0,1000.0,200.0,0.01,0.005,0.0,3.724,20,50,0
42.0,1.0,2.0,1.0,1000.0,200.0,0.01,0.005,0.0,3.724,20,50,0
52.0,1.0,2.0,0.0,1.0,0.0093142087789212,100.0,50.0,0.0,3.724,5,50,0
44.0,1.0,2.0,1.0,1000.0,200.0,0.01,0.005,0.0,3.724,20,50,0
44.0,1.0,2.0,1.0,1000.0,200.0,0.01,0.005,0.0,3.724,20,50,0
44.0,1.0,1.0,1.0,1000.0,200.0,0.01,0.005,0.0,3.724,12,50,0
132.5,1.0,2.0,0.0,1000.0,200.0,0.002,0.001,68835.55555555555,3.724,11,49,0
96.5,2.0,1.0,1.0,1000.0,200.0,0.0033333333333333335,0.0016666666666666668,4096.0,3.724,1,1,0
44.0,1.0,2.0,1.0,1000.0,200.0,0.01,0.005,0.0,3.724,20,50,0
42.0,1.0,2.0,1.0,1000.0,200.0,0.01,0.005,0.0,3.724,20,50,0
96.5,2.0,1.0,1.0,1000.0,200.0,0.01,0.005,4096.0,3.724,4,2,0
135.11111111111111,1.0,1.0,1.0,1000.0,200.0,0.00125,0.000625,16485.135802469136,3.724,20,50,0
44.0,1.0,2.0,1.0,1000.0,200.0,0.01,0.005,0.0,3.724,20,50,0
44.0,1.0,2.0,1.0,1000.0,200.0,0.01,0.005,0.0,3.724,20,50,0
42.0,1.0,2.0,1.0,1000.0,200.0,0.01,0.005,0.0,3.724,20,50,0
44.0,1.0,2.0,1.0,1000.0,200.0,0.01,0.005,0.0,3.724,20,50,0
44.0,1.0,2.0,1.0,1000.0,200.0,0.01,0.005,0.0,3.724,12,50,0
44.0,1.0,2.0,1.0,1000.0,200.0,0.01,0.005,0.0,3.724,20,50,0
44.0,1.0,1.0,1.0,1000.0,200.0,0.01,0.005,0.0,3.724,20,50,0
44.0,1.0,2.0,1.0,1000.0,200.0,0.01,0.005,0.0,3.724,20,50,0
44.0,1.0,2.0,1.0,1000.0,200.0,0.01,0.005,0.0,3.724,12,50,0
42.0,1.0,2.0,1.0,1000.0,200.0,0.01,0.005,0.0,3.724,20,50,0
44.0,1.0,2.0,1.0,1000.0,200.0,0.01,0.005,0.0,3.724,20,50,0
44.0,1.0,2.0,1.0,1000.0,200.0,0.01,0.005,0.0,3.724,20,50,0
44.0,1.0,2.0,1.0,1000.0,200.0,0.01,0.005,0.0,3.724,20,50,0
44.0,1.0,2.0,1.0,1000.0,200.0,0.01,0.005,0.0,3.724,20,50,0
42.0,1.0,2.0,1.0,1000.0,200.0,0.01,0.005,0.0,3.724,12,50,0
42.0,1.0,2.0,1.0,1000.0,200.0,0.01,0.005,0.0,3.724,20,50,0
44.0,1.0,3.0,1.0,1000.0,200.0,0.01,0.005,0.0,3.724,12,50,0
44.0,1.0,2.0,1.0,1000.0,200.0,0.01,0.005,0.0,3.724,20,50,0
44.0,1.0,2.0,1.0,1000.0,200.0,0.01,0.005,0.0,3.724,20,50,0
44.0,1.0,2.0,1.0,1000.0,200.0,0.01,0.005,0.0,3.724,20,50,0
42.0,1.0,1.0,1.0,1000.0,200.0,0.01,0.005,0.0,3.724,20,50,0
44.0,1.0,2.0,1.0,1000.0,200.0,0.01,0.005,0.0,3.724,20,50,0
44.0,1.0,2.0,1.0,1000.0,200.0,0.01,0.005,0.0,3.724,20,50,0
44.0,1.0,2.0,1.0,1000.0,200.0,0.01,0.005,0.0,3.724,20,50,0
56.0,1.0,2.0,0.0,1.0,0.01862835249220578,100.0,50.0,0.0,3.724,11,49,0
44.0,1.0,2.0,1.0,1000.0,200.0,0.01,0.005,0.0,3.724,20,50,0
44.0,1.0,2.0,1.0,1000.0,200.0,0.01,0.005,0.0,3.724,20,50,0
44.0,1.0,2.0,1.0,1000.0,200.0,0.01,0.005,0.0,3.724,20,50,0
42.0,1.0,2.0,1.0,1000.0,200.0,0.01,0.005,0.0,3.724,20,50,0
44.0,1.0,2.0,1.0,1000.0,200.0,0.01,0.005,0.0,3.724,20,50,0
44.0,1.0,2.0,1.0,1000.0,200.0,0.01,0.005,0.0,3.724,20,50,0
42.0,1.0,1.0,1.0,1000.0,200.0,0.01,0.005,0.0,3.724,12,50,0
42.0,1.0,2.0,1.0,1000.0,200.0,0.01,0.005,0.0,3.724,20,50,0
44.0,1.0,2.0,1.0,1000.0,200.0,0.01,0.005,0.0,3.724,20,50,0
44.0,1.0,2.0,1.0,1000.0,200.0,0.01,0.005,0.0,3.724,20,50,0
266.60869565217394,1.0,2.0,0.0,1.0,0.05355825939382761,100.0,50.0,67583.95085066163,3.724,5,50,0
44.0,1.0,2.0,1.0,1000.0,200.0,0.01,0.005,0.0,3.724,20,50,0
44.0,1.0,1.0,1.0,1000.0,200.0,0.01,0.005,0.0,3.724,20,50,0
44.0,1.0,3.0,1.0,1000.0,200.0,0.01,0.005,0.0,3.724,20,50,0
44.0,1.0,2.0,1.0,1000.0,200.0,0.01,0.005,0.0,3.724,20,50,0
44.0,1.0,1.0,1.0,1000.0,200.0,0.01,0.005,0.0,3.724,20,50,0
42.0,1.0,2.0,1.0,1000.0,200.0,0.01,0.005,0.0,3.724,20,50,0
54.666666666666664,1.0,2.0,0.0,1.0,0.013970805673078492,100.0,50.0,0.0,3.724,5,50,0
52.0,1.0,3.0,0.0,1.0,0.023283743616179596,100.0,50.0,0.0,3.724,20,50,0
44.0,1.0,1.0,1.0,1000.0,200.0,0.01,0.005,0.0,3.724,20,50,0
44.0,1.0,1.0,1.0,1000.0,200.0,0.01,0.005,0.0,3.724,20,50,0
93.0,2.0,1.0,1.0,1000.0,200.0,0.0033333333333333335,0.0016666666666666668,0.0,3.724,1,1,0
42.0,1.0,2.0,1.0,1000.0,200.0,0.01,0.005,0.0,3.724,20,50,0
42.0,1.0,2.0,1.0,1000.0,200.0,0.01,0.005,0.0,3.724,20,50,0
206.0,2.0,1.0,1.0,1000.0,200.0,0.01,0.005,25600.0,3.724,11,49,0
44.0,1.0,2.0,1.0,1000.0,200.0,0.01,0.005,0.0,3.724,20,50,0
44.0,1.0,1.0,1.0,1000.0,200.0,0.01,0.005,0.0,3.724,20,50,0
44.0,1.0,1.0,1.0,1000.0,200.0,0.01,0.005,0.0,3.724,20,50,0
44.0,1.0,2.0,1.0,1000.0,200.0,0.01,0.005,0.0,3.724,20,50,0
44.0,1.0,2.0,1.0,1000.0,200.0,0.01,0.005,0.0,3.724,20,50,0
44.0,1.0,2.0,1.0,1000.0,200.0,0.01,0.005,0.0,3.724,20,50,0
63.0,2.0,2.0,1.0,1000.0,200.0,0.01,0.005,0.0,3.724,7,12,0
44.0,1.0,2.0,1.0,1000.0,200.0,0.01,0.005,0.0,3.724,20,50,0
42.0,1.0,2.0,1.0,1000.0,200.0,0.01,0.005,0.0,3.724,20,50,0
44.0,1.0,2.0,1.0,1000.0,200.0,0.01,0.005,0.0,3.724,20,50,0
42.0,1.0,2.0,1.0,1000.0,200.0,0.01,0.005,0.0,3.724,12,50,0
42.0,1.0,2.0,1.0,1000.0,200.0,0.01,0.005,0.0,3.724,12,50,0
44.0,1.0,2.0,1.0,1000.0,200.0,0.01,0.005,0.0,3.724,20,50,0
96.5,2.0,1.0,1.0,1000.0,200.0,0.0033333333333333335,0.0016666666666666668,4096.0,3.724,1,1,0
630.0,2.0,1.0,1.0,1000.0,200.0,0.01,0.005,363006.25,3.724,20,50,0
44.0,1.0,1.0,1.0,1000.0,200.0,0.01,0.005,0.0,3.724,20,50,0
52.0,1.0,2.0,0.0,1000.0,200.0,0.01,0.005,0.0,3.724,11,49,0
44.0,1.0,2.0,1.0,1000.0,200.0,0.01,0.005,0.0,3.724,20,50,0
224.0,1.0,2.0,0.0,1000.0,200.0,0.0033333333333333335,0.0016666666666666668,92928.0,3.724,20,50,0
50.0,1.0,1.0,1.0,1000.0,200.0,0.01,0.005,0.0,3.724,7,36,0
44.0,1.0,2.0,1.0,1000.0,200.0,0.01,0.005,0.0,3.724,20,50,0
44.0,1.0,2.0,1.0,1000.0,200.0,0.01,0.005,0.0,3.724,20,50,0
42.0,1.0,2.0,1.0,1000.0,200.0,0.01,0.005,0.0,3.724,12,50,0
52.0,1.0,3.0,0.0,1000.0,200.0,0.01,0.005,0.0,3.724,5,50,0
529.2142857142857,1.0,2.0,1.0,1000.0,200.0,0.0007692307692307692,0.0003846153846153846,283333.10204081633,3.724,20,30,0
42.0,1.0,2.0,1.0,1000.0,200.0,0.01,0.005,0.0,3.724,20,50,0
136.0,2.0,1.0,1.0,1000.0,200.0,0.01,0.005,4096.0,3.724,20,50,0
52.0,1.0,3.0,0.0,1000.0,200.0,0.01,0.005,0.0,3.724,5,50,0
42.0,1.0,2.0,1.0,1000.0,200.0,0.01,0.005,0.0,3.724,20,50,0
44.0,1.0,1.0,1.0,1000.0,200.0,0.01,0.005,0.0,3.724,20,50,0
42.0,1.0,3.0,1.0,1000.0,200.0,0.01,0.005,0.0,3.724,12,50,0
119.9,1.0,2.0,1.0,1000.0,200.0,0.0011111111111111111,0.0005555555555555556,44277.759999999995,3.724,20,30,0
42.0,1.0,2.0,1.0,1000.0,200.0,0.01,0.005,0.0,3.724,20,50,0
44.0,1.0,2.0,1.0,1000.0,200.0,0.01,0.005,0.0,3.724,12,50,0
44.0,1.0,2.0,1.0,1000.0,200.0,0.01,0.005,0.0,3.724,20,50,0
44.0,1.0,2.0,1.0,1000.0,200.0,0.01,0.005,0.0,3.724,20,50,0
44.0,1.0,2.0,1.0,1000.0,200.0,0.01,0.005,0.0,3.724,20,50,0
42.0,1.0,2.0,1.0,1000.0,200.0,0.01,0.005,0.0,3.724,20,50,0
44.0,1.0,2.0,1.0,1000.0,200.0,0.01,0.005,0.0,3.724,20,50,0
44.0,1.0,2.0,1.0,1000.0,200.0,0.01,0.005,0.0,3.724,20,50,0
44.0,1.0,2.0,1.0,1000.0,200.0,0.01,0.005,0.0,3.724,20,50,0
44.0,1.0,2.0,1.0,1000.0,200.0,0.01,0.005,0.0,3.724,20,50,0
44.0,1.0,2.0,1.0,1000.0,200.0,0.01,0.005,0.0,3.724,20,50,0
42.0,1.0,2.0,1.0,1000.0,200.0,0.01,0.005,0.0,3.724,12,50,0
56.0,1.0,3.0,0.0,1.0,0.00931329360903166,100.0,50.0,0.0,3.724,7,36,0
44.0,1.0,2.0,1.0,1000.0,200.0,0.01,0.005,0.0,3.724,20,50,0
44.0,1.0,2.0,1.0,1000.0,200.0,0.01,0.005,0.0,3.724,12,50,0
54.666666666666664,1.0,3.0,0.0,1.0,0.013971316421675753,100.0,50.0,0.0,3.724,20,50,0
120.5,2.0,1.0,1.0,1000.0,200.0,0.01,0.005,4096.0,3.724,20,50,0
44.0,1.0,2.0,1.0,1000.0,200.0,0.01,0.005,0.0,3.724,20,50,0
44.0,1.0,2.0,1.0,1000.0,200.0,0.01,0.005,0.0,3.724,20,50,0
42.0,1.0,2.0,1.0,1000.0,200.0,0.01,0.005,0.0,3.724,20,50,0
44.0,1.0,2.0,1.0,1000.0,200.0,0.01,0.005,0.0,3.724,20,50,0
52.0,1.0,3.0,0.0,1000.0,200.0,0.01,0.005,0.0,3.724,5,50,0
44.0,1.0,2.0,1.0,1000.0,200.0,0.01,0.005,0.0,3.724,20,50,0
42.0,1.0,2.0,1.0,1000.0,200.0,0.01,0.005,0.0,3.724,20,50,0
44.0,1.0,2.0,1.0,1000.0,200.0,0.01,0.005,0.0,3.724,12,50,0
44.0,1.0,2.0,1.0,1000.0,200.0,0.01,0.005,0.0,3.724,20,50,0
44.0,1.0,3.0,1.0,1000.0,200.0,0.01,0.005,0.0,3.724,12,50,0
44.0,1.0,2.0,1.0,1000.0,200.0,0.01,0.005,0.0,3.724,20,50,0
42.0,1.0,2.0,1.0,1000.0,200.0,0.01,0.005,0.0,3.724,20,50,0
44.0,1.0,2.0,1.0,1000.0,200.0,0.01,0.005,0.0,3.724,20,50,0
44.0,1.0,2.0,1.0,1000.0,200.0,0.01,0.005,0.0,3.724,20,50,0
55.2,1.0,3.0,0.0,1.0,0.011642083243689292,100.0,50.0,0.0,3.724,5,50,0
44.0,1.0,2.0,1.0,1000.0,200.0,0.01,0.005,0.0,3.724,20,50,0
93.0,2.0,1.0,1.0,1000.0,200.0,0.0033333333333333335,0.0016666666666666668,0.0,3.724,1,1,0
44.0,1.0,2.0,1.0,1000.0,200.0,0.01,0.005,0.0,3.724,20,50,0
44.0,1.0,2.0,1.0,1000.0,200.0,0.01,0.005,0.0,3.724,20,50,0
44.0,1.0,2.0,1.0,1000.0,200.0,0.01,0.005,0.0,3.724,20,50,0
44.0,1.0,1.0,1.0,1000.0,200.0,0.01,0.005,0.0,3.724,20,50,0
42.0,1.0,2.0,1.0,1000.0,200.0,0.01,0.005,0.0,3.724,20,50,0
44.0,1.0,2.0,1.0,1000.0,200.0,0.01,0.005,0.0,3.724,20,50,0
42.0,1.0,1.0,1.0,1000.0,200.0,0.01,0.005,0.0,3.724,20,50,0
67.25,1.0,2.0,1.0,1000.0,200.0,0.0014285714285714286,0.0007142857142857143,1792.0,3.724,20,50,0
44.0,1.0,2.0,1.0,1000.0,200.0,0.01,0.005,0.0,3.724,20,50,0
144.88888888888889,1.0,3.0,0.0,1000.0,200.0,0.00125,0.000625,53500.83950617283,3.724,11,49,0
42.0,1.0,2.0,1.0,1000.0,200.0,0.01,0.005,0.0,3.724,20,50,0
42.0,1.0,2.0,1.0,1000.0,200.0,0.01,0.005,0.0,3.724,20,50,0
44.0,1.0,2.0,1.0,1000.0,200.0,0.01,0.005,0.0,3.724,20,50,0
28.0,3.0,1.0,0.0,1.0,0.06521288513448993,100.0,50.0,0.0,3.724,20,50,0
42.0,1.0,3.0,1.0,1000.0,200.0,0.01,0.005,0.0,3.724,12,50,0
42.0,1.0,2.0,1.0,1.0,0.004656962333324407,100.0,50.0,0.0,3.724,20,50,0
44.0,1.0,1.0,1.0,1000.0,200.0,0.01,0.005,0.0,3.724,20,50,0
44.0,1.0,2.0,1.0,1000.0,200.0,0.01,0.005,0.0,3.724,20,50,0
42.0,1.0,2.0,1.0,1000.0,200.0,0.01,0.005,0.0,3.724,12,50,0
44.0,1.0,2.0,1.0,1000.0,200.0,0.01,0.005,0.0,3.724,20,50,0
44.0,1.0,2.0,1.0,1000.0,200.0,0.01,0.005,0.0,3.724,20,50,0
44.0,1.0,2.0,1.0,1000.0,200.0,0.01,0.005,0.0,3.724,20,50,0
304.25,1.0,2.0,1.0,1000.0,200.0,0.0006666666666666666,0.0003333333333333333,215194.43359375,3.724,20,30,0
93.0,2.0,1.0,1.0,1000.0,200.0,0.0033333333333333335,0.0016666666666666668,0.0,3.724,1,1,0
44.0,1.0,2.0,1.0,1000.0,200.0,0.01,0.005,0.0,3.724,20,50,0
44.0,1.0,2.0,1.0,1000.0,200.0,0.01,0.005,0.0,3.724,20,50,0
44.0,1.0,2.0,1.0,1000.0,200.0,0.01,0.005,0.0,3.724,20,50,0
52.0,1.0,2.0,0.0,1000.0,200.0,0.01,0.005,0.0,3.724,5,50,0
44.0,1.0,2.0,1.0,1000.0,200.0,0.01,0.005,0.0,3.724,20,50,0
44.0,1.0,2.0,1.0,1000.0,200.0,0.01,0.005,0.0,3.724,20,50,0
44.0,1.0,2.0,1.0,1000.0,200.0,0.01,0.005,0.0,3.724,20,50,0
319.0,2.0,3.0,1.0,1000.0,200.0,0.01,0.005,0.0,3.724,9,26,0
44.0,1.0,2.0,1.0,1000.0,200.0,0.01,0.005,0.0,3.724,20,50,0
44.0,1.0,3.0,1.0,1000.0,200.0,0.01,0.005,0.0,3.724,12,50,0
44.0,1.0,2.0,1.0,1000.0,200.0,0.01,0.005,0.0,3.724,20,50,0
73.0,2.0,1.0,1.0,1000.0,200.0,0.01,0.005,0.0,3.724,14,12,0
44.0,1.0,2.0,1.0,1000.0,200.0,0.01,0.005,0.0,3.724,20,50,0
42.0,1.0,2.0,1.0,1000.0,200.0,0.01,0.005,0.0,3.724,12,50,0
44.0,1.0,2.0,1.0,1000.0,200.0,0.01,0.005,0.0,3.724,20,50,0
42.0,1.0,2.0,1.0,1.0,0.004656647888734055,100.0,50.0,0.0,3.724,20,50,0
40.0,1.0,1.0,1.0,1000.0,200.0,0.01,0.005,0.0,3.724,1,1,0
60.0,1.0,2.0,1.0,1000.0,200.0,0.0033333333333333335,0.0016666666666666668,0.0,3.724,20,50,0
44.0,1.0,2.0,1.0,1000.0,200.0,0.01,0.005,0.0,3.724,20,50,0
44.0,1.0,3.0,1.0,1000.0,200.0,0.01,0.005,0.0,3.724,12,50,0
44.0,1.0,1.0,1.0,1000.0,200.0,0.01,0.005,0.0,3.724,20,50,0
44.0,1.0,2.0,1.0,1000.0,200.0,0.01,0.005,0.0,3.724,20,50,0
42.0,1.0,2.0,1.0,1000.0,200.0,0.01,0.005,0.0,3.724,20,50,0
44.0,1.0,2.0,1.0,1000.0,200.0,0.01,0.005,0.0,3.724,20,50,0
52.0,1.0,2.0,0.0,1.0,0.009313870448718994,100.0,50.0,0.0,3.724,5,50,0
96.5,2.0,1.0,1.0,1000.0,200.0,0.01,0.005,4096.0,3.724,4,2,0
42.0,1.0,2.0,1.0,1000.0,200.0,0.01,0.005,0.0,3.724,12,50,0
40.0,3.0,1.0,0.0,1.173944853008828,0.1956574755014713,51.72550602409638,25.86275301204819,0.0,3.724,20,50,0
44.0,1.0,1.0,1.0,1000.0,200.0,0.01,0.005,0.0,3.724,20,50,0
55.55555555555556,1.0,2.0,0.0,1.0,0.020956437852635727,100.0,50.0,0.0,3.724,5,50,0
44.0,1.0,2.0,1.0,1000.0,200.0,0.01,0.005,0.0,3.724,20,50,0
42.0,1.0,2.0,1.0,1000.0,200.0,0.01,0.005,0.0,3.724,20,50,0
44.0,1.0,2.0,1.0,1000.0,200.0,0.01,0.005,0.0,3.724,20,50,0
44.0,1.0,2.0,1.0,1000.0,200.0,0.01,0.005,0.0,3.724,20,50,0
44.0,1.0,2.0,1.0,1000.0,200.0,0.01,0.005,0.0,3.724,12,50,0
42.0,1.0,2.0,1.0,1000.0,200.0,0.01,0.005,0.0,3.724,20,50,0
44.0,1.0,2.0,1.0,1000.0,200.0,0.01,0.005,0.0,3.724,20,50,0
42.0,1.0,2.0,1.0,1000.0,200.0,0.01,0.005,0.0,3.724,20,50,0
135.0,2.0,1.0,1.0,1000.0,200.0,0.01,0.005,4096.0,3.724,11,49,0
44.0,1.0,2.0,1.0,1000.0,200.0,0.01,0.005,0.0,3.724,20,50,0
55.142857142857146,1.0,2.0,1.0,1000.0,200.0,0.0016666666666666668,0.0008333333333333334,0.0,3.724,20,50,0
42.0,1.0,2.0,1.0,1000.0,200.0,0.01,0.005,0.0,3.724,20,50,0
42.0,1.0,1.0,1.0,1000.0,200.0,0.01,0.005,0.0,3.724,12,50,0
44.0,1.0,2.0,1.0,1000.0,200.0,0.01,0.005,0.0,3.724,20,50,0
44.0,1.0,2.0,1.0,1000.0,200.0,0.01,0.005,0.0,3.724,20,50,0
44.0,1.0,2.0,1.0,1000.0,200.0,0.01,0.005,0.0,3.724,20,50,0
96.5,2.0,1.0,1.0,1000.0,200.0,0.0033333333333333335,0.0016666666666666668,4096.0,3.724,1,1,0
153.66666666666666,2.0,2.0,1.0,1000.0,200.0,0.0004347826086956522,0.0002173913043478261,0.0,3.724,20,30,0
42.0,1.0,2.0,1.0,1000.0,200.0,0.01,0.005,0.0,3.724,20,50,0
42.0,1.0,2.0,1.0,1000.0,200.0,0.01,0.005,0.0,3.724,20,50,0
86.16666666666667,1.0,2.0,1.0,1000.0,200.0,0.002,0.001,2275.5555555555557,3.724,14,12,0
44.0,1.0,2.0,1.0,1000.0,200.0,0.01,0.005,0.0,3.724,20,50,0
42.0,1.0,1.0,1.0,1000.0,200.0,0.01,0.005,0.0,3.724,20,50,0
44.0,1.0,2.0,1.0,1000.0,200.0,0.01,0.005,0.0,3.724,20,50,0
42.0,1.0,2.0,1.0,1000.0,200.0,0.01,0.005,0.0,3.724,12,50,0
44.0,1.0,2.0,1.0,1000.0,200.0,0.01,0.005,0.0,3.724,20,50,0
42.666666666666664,1.0,1.0,1.0,1000.0,200.0,0.005,0.0025,0.0,3.724,20,50,0
558.5,2.0,1.0,1.0,1000.0,200.0,0.01,0.005,363006.25,3.724,20,50,0
42.0,1.0,1.0,1.0,1000.0,200.0,0.01,0.005,0.0,3.724,20,50,0
55.2,1.0,2.0,0.0,1.0,0.011643056488617166,100.0,50.0,0.0,3.724,5,50,0
96.5,2.0,1.0,1.0,1000.0,200.0,0.0033333333333333335,0.0016666666666666668,4096.0,3.724,1,1,0
42.0,1.0,2.0,1.0,1000.0,200.0,0.01,0.005,0.0,3.724,12,50,0
42.0,1.0,2.0,1.0,1000.0,200.0,0.01,0.005,0.0,3.724,12,50,0
44.0,1.0,2.0,1.0,1000.0,200.0,0.01,0.005,0.0,3.724,20,50,0
44.0,1.0,2.0,1.0,1000.0,200.0,0.01,0.005,0.0,3.724,20,50,0
42.0,1.0,2.0,1.0,1000.0,200.0,0.01,0.005,0.0,3.724,12,50,0
42.0,1.0,2.0,1.0,1000.0,200.0,0.01,0.005,0.0,3.724,12,50,0
44.0,1.0,2.0,1.0,1000.0,200.0,0.01,0.005,0.0,3.724,20,50,0
44.0,1.0,1.0,1.0,1000.0,200.0,0.01,0.005,0.0,3.724,20,50,0
42.0,1.0,2.0,1.0,1000.0,200.0,0.01,0.005,0.0,3.724,20,50,0
42.0,1.0,2.0,1.0,1000.0,200.0,0.01,0.005,0.0,3.724,20,50,0
44.0,1.0,2.0,1.0,1000.0,200.0,0.01,0.005,0.0,3.724,20,50,0
44.0,1.0,3.0,1.0,1000.0,200.0,0.01,0.005,0.0,3.724,20,50,0
44.0,1.0,2.0,1.0,1000.0,200.0,0.01,0.005,0.0,3.724,20,50,0
44.0,1.0,2.0,1.0,1000.0,200.0,0.01,0.005,0.0,3.724,20,50,0
44.0,1.0,2.0,1.0,1000.0,200.0,0.01,0.005,0.0,3.724,20,50,0
44.0,1.0,2.0,1.0,1000.0,200.0,0.01,0.005,0.0,3.724,20,50,0
44.0,1.0,2.0,1.0,1000.0,200.0,0.01,0.005,0.0,3.724,20,50,0
44.0,1.0,2.0,1.0,1000.0,200.0,0.01,0.005,0.0,3.724,20,50,0
42.0,1.0,2.0,1.0,1000.0,200.0,0.01,0.005,0.0,3.724,20,50,0
42.0,1.0,3.0,1.0,1000.0,200.0,0.01,0.005,0.0,3.724,12,50,0
96.5,2.0,1.0,1.0,1000.0,200.0,0.0033333333333333335,0.0016666666666666668,4096.0,3.724,1,1,0
63.22222222222222,1.0,1.0,1.0,1000.0,200.0,0.00125,0.000625,1618.1728395061727,3.724,20,50,0
42.0,1.0,2.0,1.0,1000.0,200.0,0.01,0.005,0.0,3.724,12,50,0
44.0,1.0,1.0,1.0,1000.0,200.0,0.01,0.005,0.0,3.724,12,50,0
1255.6666666666667,1.0,2.0,0.0,1000.0,200.0,0.005,0.0025,55777.99999999999,3.724,20,30,0
42.0,1.0,2.0,1.0,1000.0,200.0,0.01,0.005,0.0,3.724,20,50,0
44.0,1.0,1.0,1.0,1000.0,200.0,0.01,0.005,0.0,3.724,20,50,0
44.0,1.0,2.0,1.0,1000.0,200.0,0.01,0.005,0.0,3.724,20,50,0
42.0,1.0,2.0,1.0,1000.0,200.0,0.01,0.005,0.0,3.724,20,50,0
44.0,1.0,2.0,1.0,1000.0,200.0,0.01,0.005,0.0,3.724,20,50,0
44.0,1.0,2.0,1.0,1000.0,200.0,0.01,0.005,0.0,3.724,20,50,0
252.6153846153846,1.0,1.0,1.0,1000.0,200.0,0.0008333333333333334,0.0004166666666666667,123676.28402366866,3.724,20,50,0
44.0,1.0,2.0,1.0,1000.0,200.0,0.01,0.005,0.0,3.724,20,50,0
96.5,2.0,1.0,1.0,1000.0,200.0,0.01,0.005,4096.0,3.724,4,2,0
44.0,1.0,2.0,1.0,1000.0,200.0,0.01,0.005,0.0,3.724,20,50,0
134.0909090909091,1.0,2.0,1.0,1000.0,200.0,0.001,0.0005,45699.173553719,3.724,14,12,0
42.0,1.0,2.0,1.0,1000.0,200.0,0.01,0.005,0.0,3.724,20,50,0
55.55555555555556,1.0,2.0,0.0,1.0,0.020957496799324515,100.0,50.0,0.0,3.724,5,50,0
44.0,1.0,2.0,1.0,1000.0,200.0,0.01,0.005,0.0,3.724,20,50,0
42.0,1.0,2.0,1.0,1000.0,200.0,0.01,0.005,0.0,3.724,12,50,0
44.0,1.0,2.0,1.0,1000.0,200.0,0.01,0.005,0.0,3.724,20,50,0
44.0,1.0,2.0,1.0,1000.0,200.0,0.01,0.005,0.0,3.724,20,50,0
44.0,1.0,2.0,1.0,1000.0,200.0,0.01,0.005,0.0,3.724,20,50,0
42.0,1.0,1.0,1.0,1000.0,200.0,0.01,0.005,0.0,3.724,20,50,0
286.05555555555554,1.0,3.0,0.0,1.0,0.04191830262545973,100.0,50.0,211965.0524691358,3.724,11,49,0
671.0,2.0,1.0,1.0,1000.0,200.0,0.01,0.005,363006.25,3.724,20,50,0
44.0,1.0,1.0,1.0,1000.0,200.0,0.01,0.005,0.0,3.724,20,50,0
44.0,1.0,1.0,1.0,1000.0,200.0,0.01,0.005,0.0,3.724,20,50,0
93.0,2.0,1.0,1.0,1000.0,200.0,0.01,0.005,0.0,3.724,4,2,0
44.0,1.0,2.0,1.0,1000.0,200.0,0.01,0.005,0.0,3.724,20,50,0
45.333333333333336,1.0,1.0,1.0,1000.0,200.0,0.005,0.0025,0.0,3.724,20,50,0
44.0,1.0,2.0,1.0,1000.0,200.0,0.01,0.005,0.0,3.724,20,50,0
44.0,1.0,2.0,1.0,1000.0,200.0,0.01,0.005,0.0,3.724,12,50,0
54.666666666666664,1.0,3.0,0.0,1.0,0.01397085446910171,100.0,50.0,0.0,3.724,5,50,0
44.0,1.0,2.0,1.0,1000.0,200.0,0.01,0.005,0.0,3.724,20,50,0
135.0,2.0,1.0,1.0,1000.0,200.0,0.01,0.005,4096.0,3.724,11,49,0
44.0,1.0,2.0,1.0,1000.0,200.0,0.01,0.005,0.0,3.724,20,50,0
46.0,1.0,2.0,1.0,1000.0,200.0,0.002,0.001,0.0,3.724,20,30,0
42.0,1.0,2.0,1.0,1000.0,200.0,0.01,0.005,0.0,3.724,12,50,0
44.0,1.0,1.0,1.0,1000.0,200.0,0.01,0.005,0.0,3.724,20,50,0
42.0,1.0,2.0,1.0,1000.0,200.0,0.01,0.005,0.0,3.724,20,50,0
42.0,1.0,2.0,1.0,1000.0,200.0,0.01,0.005,0.0,3.724,12,50,0
42.0,1.0,2.0,1.0,1000.0,200.0,0.01,0.005,0.0,3.724,20,50,0
42.0,1.0,2.0,1.0,1000.0,200.0,0.01,0.005,0.0,3.724,20,50,0
42.0,1.0,2.0,1.0,1000.0,200.0,0.01,0.005,0.0,3.724,20,50,0
52.0,1.0,3.0,0.0,1.0,0.004656630541303032,100.0,50.0,0.0,3.724,20,50,0
42.0,1.0,2.0,1.0,1000.0,200.0,0.01,0.005,0.0,3.724,20,50,0
44.0,1.0,2.0,1.0,1000.0,200.0,0.01,0.005,0.0,3.724,20,50,0
44.0,1.0,1.0,1.0,1000.0,200.0,0.01,0.005,0.0,3.724,20,50,0
42.0,1.0,2.0,1.0,1000.0,200.0,0.01,0.005,0.0,3.724,20,50,0
44.0,1.0,2.0,1.0,1000.0,200.0,0.01,0.005,0.0,3.724,20,50,0
44.0,1.0,2.0,1.0,1000.0,200.0,0.01,0.005,0.0,3.724,20,50,0
44.0,1.0,3.0,1.0,1000.0,200.0,0.01,0.005,0.0,3.724,20,50,0
96.5,2.0,1.0,1.0,1000.0,200.0,0.01,0.005,4096.0,3.724,4,2,0
42.0,1.0,2.0,1.0,1000.0,200.0,0.01,0.005,0.0,3.724,20,50,0
44.0,1.0,2.0,1.0,1000.0,200.0,0.01,0.005,0.0,3.724,12,50,0
42.0,1.0,2.0,1.0,1.0,0.004656631625513685,100.0,50.0,0.0,3.724,12,50,0
44.0,1.0,2.0,1.0,1000.0,200.0,0.01,0.005,0.0,3.724,20,50,0
44.0,1.0,2.0,1.0,1000.0,200.0,0.01,0.005,0.0,3.724,20,50,0
44.0,1.0,2.0,1.0,1000.0,200.0,0.01,0.005,0.0,3.724,20,50,0
42.0,1.0,2.0,1.0,1000.0,200.0,0.01,0.005,0.0,3.724,20,50,0
42.0,1.0,2.0,1.0,1000.0,200.0,0.01,0.005,0.0,3.724,20,50,0
42.0,1.0,2.0,1.0,1000.0,200.0,0.01,0.005,0.0,3.724,20,50,0
44.0,1.0,2.0,1.0,1000.0,200.0,0.01,0.005,0.0,3.724,20,50,0
44.0,1.0,2.0,1.0,1000.0,200.0,0.01,0.005,0.0,3.724,20,50,0
44.0,1.0,2.0,1.0,1000.0,200.0,0.01,0.005,0.0,3.724,20,50,0
44.0,1.0,2.0,1.0,1000.0,200.0,0.01,0.005,0.0,3.724,20,50,0
96.5,2.0,1.0,1.0,1000.0,200.0,0.0033333333333333335,0.0016666666666666668,4096.0,3.724,1,1,0
40.0,1.0,1.0,1.0,1000.0,200.0,0.01,0.005,0.0,3.724,1,1,0
63.0,2.0,2.0,1.0,1000.0,200.0,0.01,0.005,0.0,3.724,7,12,0
44.0,1.0,2.0,1.0,1000.0,200.0,0.01,0.005,0.0,3.724,20,50,0
54.285714285714285,1.0,2.0,0.0,1.0,0.016299451663161123,100.0,50.0,0.0,3.724,5,50,0
42.0,1.0,2.0,1.0,1000.0,200.0,0.01,0.005,0.0,3.724,20,50,0
44.0,1.0,3.0,1.0,1000.0,200.0,0.01,0.005,0.0,3.724,20,50,0
44.0,1.0,2.0,1.0,1000.0,200.0,0.01,0.005,0.0,3.724,20,50,0
93.0,2.0,1.0,1.0,1000.0,200.0,0.01,0.005,0.0,3.724,4,2,0
42.0,1.0,2.0,1.0,1000.0,200.0,0.01,0.005,0.0,3.724,20,50,0
100.0,2.0,2.0,0.0,1000.0,200.0,0.01,0.005,0.0,3.724,9,26,0
44.0,1.0,2.0,1.0,1000.0,200.0,0.01,0.005,0.0,3.724,20,50,0
42.0,1.0,2.0,1.0,1000.0,200.0,0.01,0.005,0.0,3.724,20,50,0
44.0,1.0,2.0,1.0,1000.0,200.0,0.01,0.005,0.0,3.724,20,50,0
44.0,1.0,1.0,1.0,1000.0,200.0,0.01,0.005,0.0,3.724,12,50,0
42.0,1.0,2.0,1.0,1000.0,200.0,0.01,0.005,0.0,3.724,20,50,0
268.4,1.0,2.0,0.0,1.0,0.05821296444631554,100.0,50.0,64751.1424,3.724,5,50,0
65.0,2.0,2.0,0.0,1000.0,200.0,0.01,0.005,0.0,3.724,9,26,0
42.0,1.0,2.0,1.0,1000.0,200.0,0.01,0.005,0.0,3.724,20,50,0
44.0,1.0,1.0,1.0,1000.0,200.0,0.01,0.005,0.0,3.724,20,50,0
44.0,1.0,2.0,1.0,1000.0,200.0,0.01,0.005,0.0,3.724,20,50,0
44.0,1.0,2.0,1.0,1000.0,200.0,0.01,0.005,0.0,3.724,12,50,0
44.0,1.0,2.0,1.0,1000.0,200.0,0.01,0.005,0.0,3.724,20,50,0
42.0,1.0,1.0,1.0,1000.0,200.0,0.01,0.005,0.0,3.724,12,50,0
44.0,1.0,1.0,1.0,1000.0,200.0,0.01,0.005,0.0,3.724,20,50,0
44.0,1.0,2.0,1.0,1000.0,200.0,0.01,0.005,0.0,3.724,20,50,0
44.0,1.0,2.0,1.0,1000.0,200.0,0.01,0.005,0.0,3.724,20,50,0
44.0,1.0,2.0,1.0,1000.0,200.0,0.01,0.005,0.0,3.724,20,50,0
42.0,1.0,3.0,1.0,1000.0,200.0,0.01,0.005,0.0,3.724,20,50,0
44.0,1.0,2.0,1.0,1000.0,200.0,0.01,0.005,0.0,3.724,20,50,0
202.0,2.0,2.0,1.0,1000.0,200.0,0.0033333333333333335,0.0016666666666666668,0.0,3.724,1,2,0
44.0,1.0,2.0,1.0,1000.0,200.0,0.01,0.005,0.0,3.724,20,50,0
42.0,1.0,2.0,1.0,1.0,0.004656647888734055,100.0,50.0,0.0,3.724,20,50,0
54.666666666666664,1.0,2.0,0.0,1.0,0.027942021237333244,100.0,50.0,0.0,3.724,5,50,0
44.0,1.0,2.0,1.0,1000.0,200.0,0.01,0.005,0.0,3.724,20,50,0
44.0,1.0,3.0,1.0,1000.0,200.0,0.01,0.005,0.0,3.724,20,50,0
93.0,2.0,1.0,1.0,1000.0,200.0,0.0033333333333333335,0.0016666666666666668,0.0,3.724,1,1,0
42.0,1.0,1.0,1.0,1000.0,200.0,0.01,0.005,0.0,3.724,20,50,0
44.0,1.0,2.0,1.0,1000.0,200.0,0.01,0.005,0.0,3.724,20,50,0
44.0,1.0,2.0,1.0,1000.0,200.0,0.01,0.005,0.0,3.724,20,50,0
44.0,1.0,2.0,1.0,1000.0,200.0,0.01,0.005,0.0,3.724,20,50,0
901.3714285714286,1.0,2.0,1.0,1000.0,200.0,0.00029411764705882356,0.00014705882352941178,326475.3991836735,3.724,20,30,0
44.0,1.0,2.0,1.0,1000.0,200.0,0.01,0.005,0.0,3.724,20,50,0
44.0,1.0,2.0,1.0,1000.0,200.0,0.01,0.005,0.0,3.724,20,50,0
44.0,1.0,1.0,1.0,1000.0,200.0,0.01,0.005,0.0,3.724,20,50,0
44.0,1.0,1.0,1.0,1000.0,200.0,0.01,0.005,0.0,3.724,20,50,0
72.0,2.0,1.0,1.0,1000.0,200.0,0.005,0.0025,0.0,3.724,4,2,0
44.0,1.0,2.0,1.0,1000.0,200.0,0.01,0.005,0.0,3.724,20,50,0
44.0,1.0,2.0,1.0,1000.0,200.0,0.01,0.005,0.0,3.724,20,50,0
350.0,2.0,3.0,1.0,1000.0,200.0,0.01,0.005,0.0,3.724,7,12,0
42.0,1.0,2.0,1.0,1000.0,200.0,0.01,0.005,0.0,3.724,20,50,0
44.0,1.0,2.0,1.0,1000.0,200.0,0.01,0.005,0.0,3.724,20,50,0
44.0,1.0,2.0,1.0,1000.0,200.0,0.01,0.005,0.0,3.724,20,50,0
44.0,1.0,2.0,1.0,1000.0,200.0,0.01,0.005,0.0,3.724,20,50,0
44.0,1.0,2.0,1.0,1000.0,200.0,0.01,0.005,0.0,3.724,20,50,0
42.0,1.0,2.0,1.0,1000.0,200.0,0.01,0.005,0.0,3.724,12,50,0
276.0,1.0,1.0,1.0,1000.0,200.0,0.001,0.0005,212258.9256198347,3.724,4,2,0
44.0,1.0,1.0,1.0,1000.0,200.0,0.01,0.005,0.0,3.724,20,50,0
72.16666666666667,1.0,1.0,1.0,1000.0,200.0,0.0009090909090909091,0.00045454545454545455,1251.5555555555554,3.724,20,50,0
42.0,1.0,2.0,1.0,1000.0,200.0,0.01,0.005,0.0,3.724,20,50,0
42.0,1.0,2.0,1.0,1000.0,200.0,0.01,0.005,0.0,3.724,20,50,0
84.0,2.0,1.0,1.0,1000.0,200.0,0.01,0.005,0.0,3.724,14,12,0
44.0,1.0,2.0,1.0,1000.0,200.0,0.01,0.005,0.0,3.724,20,50,0
54.285714285714285,1.0,2.0,0.0,1.0,0.01629992609147798,100.0,50.0,0.0,3.724,5,50,0
354.75,1.0,2.0,1.0,1000.0,200.0,0.0009090909090909091,0.00045454545454545455,211680.80555555553,3.724,20,30,0
46.0,1.0,3.0,0.0,1000.0,200.0,0.01,0.005,0.0,3.724,2,3,0
44.0,1.0,2.0,1.0,1000.0,200.0,0.01,0.005,0.0,3.724,20,50,0
44.0,1.0,2.0,1.0,1000.0,200.0,0.01,0.005,0.0,3.724,20,50,0
42.0,1.0,2.0,1.0,1000.0,200.0,0.01,0.005,0.0,3.724,20,50,0
42.0,1.0,2.0,1.0,1000.0,200.0,0.01,0.005,0.0,3.724,20,50,0
56.0,1.0,2.0,0.0,1.0,0.009313261082606064,100.0,50.0,0.0,3.724,7,36,0
44.0,1.0,2.0,1.0,1000.0,200.0,0.01,0.005,0.0,3.724,20,50,0
42.0,1.0,2.0,1.0,1000.0,200.0,0.01,0.005,0.0,3.724,20,50,0
44.0,1.0,2.0,1.0,1000.0,200.0,0.01,0.005,0.0,3.724,20,50,0
44.0,1.0,2.0,1.0,1000.0,200.0,0.01,0.005,0.0,3.724,12,50,0
42.0,1.0,2.0,1.0,1000.0,200.0,0.01,0.005,0.0,3.724,12,50,0
42.0,1.0,2.0,1.0,1000.0,200.0,0.01,0.005,0.0,3.724,20,50,0
54.285714285714285,1.0,2.0,0.0,1.0,0.016298798894941433,100.0,50.0,0.0,3.724,5,50,0
44.0,1.0,2.0,1.0,1000.0,200.0,0.01,0.005,0.0,3.724,12,50,0
44.0,1.0,2.0,1.0,1000.0,200.0,0.01,0.005,0.0,3.724,20,50,0
52.0,1.0,2.0,0.0,1.0,0.0209552180006254,100.0,50.0,0.0,3.724,20,50,0
103.5,2.0,1.0,1.0,1000.0,200.0,0.01,0.005,4096.0,3.724,4,2,0
56.0,1.0,2.0,0.0,1.0,0.009313261082606064,100.0,50.0,0.0,3.724,7,36,0
42.666666666666664,1.0,1.0,1.0,1000.0,200.0,0.005,0.0025,0.0,3.724,20,50,0
44.0,1.0,1.0,1.0,1000.0,200.0,0.01,0.005,0.0,3.724,20,50,0
44.0,1.0,2.0,1.0,1000.0,200.0,0.01,0.005,0.0,3.724,20,50,0
44.0,1.0,2.0,1.0,1000.0,200.0,0.01,0.005,0.0,3.724,12,50,0
44.0,1.0,2.0,1.0,1000.0,200.0,0.01,0.005,0.0,3.724,20,50,0
42.0,1.0,2.0,1.0,1000.0,200.0,0.01,0.005,0.0,3.724,12,50,0
52.0,1.0,2.0,0.0,1.0,0.020955139934931963,100.0,50.0,0.0,3.724,20,50,0
42.0,1.0,2.0,1.0,1000.0,200.0,0.01,0.005,0.0,3.724,20,50,0
71.0,2.0,1.0,1.0,1000.0,200.0,0.0016666666666666668,0.0008333333333333334,0.0,3.724,3,8,0
42.0,1.0,3.0,1.0,1000.0,200.0,0.01,0.005,0.0,3.724,20,50,0
272.3333333333333,1.0,2.0,0.0,1.0,0.04889906092846277,100.0,50.0,71859.3469387755,3.724,5,50,0
44.0,1.0,2.0,1.0,1000.0,200.0,0.01,0.005,0.0,3.724,20,50,0
44.0,1.0,2.0,1.0,1000.0,200.0,0.01,0.005,0.0,3.724,20,50,0
42.0,1.0,2.0,1.0,1000.0,200.0,0.01,0.005,0.0,3.724,20,50,0
196.0,2.0,1.0,1.0,1000.0,200.0,0.01,0.005,25600.0,3.724,20,30,0
44.0,1.0,1.0,1.0,1000.0,200.0,0.01,0.005,0.0,3.724,20,50,0
44.0,1.0,2.0,0.0,1000.0,200.0,0.01,0.005,0.0,3.724,20,50,0
42.0,1.0,2.0,1.0,1000.0,200.0,0.01,0.005,0.0,3.724,12,50,0
42.0,1.0,2.0,1.0,1000.0,200.0,0.01,0.005,0.0,3.724,20,50,0
42.0,1.0,2.0,1.0,1000.0,200.0,0.01,0.005,0.0,3.724,20,50,0
42.0,1.0,2.0,1.0,1000.0,200.0,0.01,0.005,0.0,3.724,20,50,0
42.0,1.0,2.0,1.0,1000.0,200.0,0.01,0.005,0.0,3.724,20,50,0
147.0,1.0,2.0,0.0,1000.0,200.0,0.00125,0.000625,53500.83950617283,3.724,20,50,0
42.0,1.0,2.0,1.0,1000.0,200.0,0.01,0.005,0.0,3.724,20,50,0
44.0,1.0,2.0,1.0,1000.0,200.0,0.01,0.005,0.0,3.724,20,50,0
44.0,1.0,2.0,1.0,1000.0,200.0,0.01,0.005,0.0,3.724,20,50,0
44.0,1.0,2.0,1.0,1000.0,200.0,0.01,0.005,0.0,3.724,20,50,0
42.0,1.0,3.0,1.0,1000.0,200.0,0.01,0.005,0.0,3.724,20,50,0
42.0,1.0,2.0,1.0,1000.0,200.0,0.01,0.005,0.0,3.724,20,50,0
120.3076923076923,1.0,2.0,0.0,1.0,0.03027393486399901,100.0,50.0,39796.63905325445,3.724,11,49,0
44.0,1.0,1.0,1.0,1000.0,200.0,0.01,0.005,0.0,3.724,20,50,0
44.0,1.0,2.0,1.0,1000.0,200.0,0.01,0.005,0.0,3.724,20,50,0
44.0,1.0,2.0,1.0,1000.0,200.0,0.01,0.005,0.0,3.724,20,50,0
42.0,1.0,2.0,1.0,1000.0,200.0,0.01,0.005,0.0,3.724,20,50,0
44.0,1.0,2.0,1.0,1000.0,200.0,0.01,0.005,0.0,3.724,20,50,0
44.0,1.0,2.0,1.0,1000.0,200.0,0.01,0.005,0.0,3.724,20,50,0
44.0,1.0,2.0,1.0,1000.0,200.0,0.01,0.005,0.0,3.724,20,50,0
44.0,1.0,2.0,1.0,1000.0,200.0,0.01,0.005,0.0,3.724,20,50,0
128.0,1.0,2.0,1.0,1000.0,200.0,0.0014285714285714286,0.0007142857142857143,19200.0,3.724,14,12,0
44.0,1.0,2.0,1.0,1000.0,200.0,0.01,0.005,0.0,3.724,20,50,0
42.0,1.0,2.0,1.0,1000.0,200.0,0.01,0.005,0.0,3.724,12,50,0
42.0,1.0,2.0,1.0,1000.0,200.0,0.01,0.005,0.0,3.724,20,50,0
44.0,1.0,1.0,1.0,1000.0,200.0,0.01,0.005,0.0,3.724,20,50,0
55.2,1.0,3.0,0.0,1.0,0.011642210650899699,100.0,50.0,0.0,3.724,5,50,0
93.0,2.0,1.0,1.0,1000.0,200.0,0.0033333333333333335,0.0016666666666666668,0.0,3.724,1,1,0
42.0,1.0,1.0,1.0,1000.0,200.0,0.01,0.005,0.0,3.724,12,50,0
44.0,1.0,2.0,1.0,1000.0,200.0,0.01,0.005,0.0,3.724,20,50,0
48.0,1.0,1.0,1.0,1000.0,200.0,0.01,0.005,0.0,3.724,20,50,0
223.14285714285714,1.0,2.0,0.0,1000.0,200.0,0.0016666666666666668,0.0008333333333333334,64031.34693877552,3.724,20,30,0
344.0,2.0,3.0,1.0,1000.0,200.0,0.01,0.005,0.0,3.724,7,12,0
42.0,1.0,2.0,1.0,1000.0,200.0,0.01,0.005,0.0,3.724,12,50,0
42.0,1.0,2.0,1.0,1000.0,200.0,0.01,0.005,0.0,3.724,12,50,0
42.0,1.0,2.0,1.0,1000.0,200.0,0.01,0.005,0.0,3.724,20,50,0
42.0,1.0,2.0,1.0,1000.0,200.0,0.01,0.005,0.0,3.724,20,50,0
42.0,1.0,1.0,1.0,1000.0,200.0,0.01,0.005,0.0,3.724,20,50,0
44.0,1.0,2.0,1.0,1000.0,200.0,0.01,0.005,0.0,3.724,20,50,0
42.0,1.0,2.0,1.0,1000.0,200.0,0.01,0.005,0.0,3.724,20,50,0
240.24,1.0,2.0,0.0,1.0,0.0582138048682575,100.0,50.0,64751.1424,3.724,5,50,0
42.0,1.0,2.0,1.0,1000.0,200.0,0.01,0.005,0.0,3.724,12,50,0
44.0,1.0,2.0,1.0,1000.0,200.0,0.01,0.005,0.0,3.724,20,50,0
44.0,1.0,2.0,1.0,1000.0,200.0,0.01,0.005,0.0,3.724,20,50,0
42.0,1.0,1.0,1.0,1000.0,200.0,0.01,0.005,0.0,3.724,20,50,0
44.0,1.0,1.0,1.0,1000.0,200.0,0.01,0.005,0.0,3.724,20,50,0
44.0,1.0,2.0,1.0,1000.0,200.0,0.01,0.005,0.0,3.724,20,50,0
54.666666666666664,1.0,3.0,0.0,1.0,0.013970399052806944,100.0,50.0,0.0,3.724,5,50,0
44.0,1.0,2.0,1.0,1000.0,200.0,0.01,0.005,0.0,3.724,20,50,0
42.0,1.0,2.0,1.0,1000.0,200.0,0.01,0.005,0.0,3.724,20,50,0
259.35714285714283,1.0,2.0,0.0,1.0,0.032597362500832394,100.0,50.0,20897.95918367347,3.724,5,50,0
44.0,1.0,2.0,1.0,1000.0,200.0,0.01,0.005,0.0,3.724,20,50,0
44.0,1.0,2.0,1.0,1000.0,200.0,0.01,0.005,0.0,3.724,20,50,0
52.0,1.0,2.0,0.0,1.0,0.020955213121502517,100.0,50.0,0.0,3.724,20,50,0
44.0,1.0,1.0,1.0,1000.0,200.0,0.01,0.005,0.0,3.724,20,50,0
42.0,1.0,2.0,1.0,1000.0,200.0,0.01,0.005,0.0,3.724,20,50,0
42.0,1.0,1.0,1.0,1000.0,200.0,0.01,0.005,0.0,3.724,20,50,0
102.0,2.0,1.0,1.0,1000.0,200.0,0.01,0.005,0.0,3.724,20,50,0
44.0,1.0,2.0,1.0,1000.0,200.0,0.01,0.005,0.0,3.724,20,50,0
149.44444444444446,1.0,2.0,1.0,1000.0,200.0,0.00125,0.000625,53500.83950617283,3.724,10,13,0
44.0,1.0,2.0,1.0,1000.0,200.0,0.01,0.005,0.0,3.724,20,50,0
44.0,1.0,2.0,1.0,1000.0,200.0,0.01,0.005,0.0,3.724,20,50,0
44.0,1.0,2.0,1.0,1000.0,200.0,0.01,0.005,0.0,3.724,20,50,0
42.0,1.0,2.0,1.0,1000.0,200.0,0.01,0.005,0.0,3.724,20,50,0
42.0,1.0,2.0,1.0,1000.0,200.0,0.01,0.005,0.0,3.724,20,50,0
40.0,1.0,3.0,0.0,1000.0,200.0,0.01,0.005,0.0,3.724,20,50,0
44.0,1.0,2.0,1.0,1000.0,200.0,0.01,0.005,0.0,3.724,20,50,0
44.0,1.0,2.0,1.0,1000.0,200.0,0.01,0.005,0.0,3.724,20,50,0
42.0,1.0,1.0,1.0,1000.0,200.0,0.01,0.005,0.0,3.724,12,50,0
44.0,1.0,3.0,1.0,1000.0,200.0,0.01,0.005,0.0,3.724,20,50,0
44.0,1.0,2.0,1.0,1000.0,200.0,0.01,0.005,0.0,3.724,20,50,0
44.0,1.0,2.0,1.0,1000.0,200.0,0.01,0.005,0.0,3.724,20,50,0
42.0,1.0,1.0,1.0,1000.0,200.0,0.01,0.005,0.0,3.724,20,50,0
42.0,1.0,2.0,1.0,1000.0,200.0,0.01,0.005,0.0,3.724,20,50,0
42.0,1.0,2.0,1.0,1000.0,200.0,0.01,0.005,0.0,3.724,12,50,0
63.0,2.0,2.0,1.0,1000.0,200.0,0.01,0.005,0.0,3.724,7,12,0
53.77777777777778,1.0,3.0,0.0,1.0,0.020956364657510135,100.0,50.0,0.0,3.724,5,50,0
44.0,1.0,2.0,1.0,1000.0,200.0,0.01,0.005,0.0,3.724,20,50,0
44.0,1.0,2.0,1.0,1000.0,200.0,0.01,0.005,0.0,3.724,20,50,0
44.0,1.0,2.0,1.0,1000.0,200.0,0.01,0.005,0.0,3.724,12,50,0
42.0,1.0,2.0,1.0,1000.0,200.0,0.01,0.005,0.0,3.724,20,50,0
44.0,1.0,1.0,1.0,1000.0,200.0,0.01,0.005,0.0,3.724,20,50,0
42.0,1.0,2.0,1.0,1000.0,200.0,0.01,0.005,0.0,3.724,12,50,0
44.0,1.0,2.0,1.0,1000.0,200.0,0.01,0.005,0.0,3.724,20,50,0
42.0,1.0,2.0,1.0,1000.0,200.0,0.01,0.005,0.0,3.724,20,50,0
44.0,1.0,2.0,1.0,1000.0,200.0,0.01,0.005,0.0,3.724,20,50,0
42.0,1.0,2.0,1.0,1000.0,200.0,0.01,0.005,0.0,3.724,20,50,0
42.0,1.0,2.0,1.0,1000.0,200.0,0.01,0.005,0.0,3.724,12,50,0
42.0,1.0,2.0,1.0,1000.0,200.0,0.01,0.005,0.0,3.724,12,50,0
44.0,1.0,2.0,1.0,1000.0,200.0,0.01,0.005,0.0,3.724,20,50,0
44.0,1.0,2.0,1.0,1000.0,200.0,0.01,0.005,0.0,3.724,20,50,0
44.0,1.0,2.0,1.0,1000.0,200.0,0.01,0.005,0.0,3.724,20,50,0
44.0,1.0,2.0,1.0,1000.0,200.0,0.01,0.005,0.0,3.724,20,50,0
54.666666666666664,1.0,2.0,0.0,1.0,0.013971771897783451,100.0,50.0,0.0,3.724,5,50,0
830.85,1.0,2.0,1.0,1000.0,200.0,0.0005263157894736842,0.0002631578947368421,351671.22750000004,3.724,20,30,0
42.0,1.0,2.0,1.0,1000.0,200.0,0.01,0.005,0.0,3.724,20,50,0
67.0,2.0,3.0,0.0,1000.0,200.0,0.01,0.005,0.0,3.724,9,26,0
44.0,1.0,2.0,1.0,1000.0,200.0,0.01,0.005,0.0,3.724,20,50,0
44.0,1.0,2.0,1.0,1000.0,200.0,0.01,0.005,0.0,3.724,20,50,0
44.0,1.0,2.0,1.0,1000.0,200.0,0.01,0.005,0.0,3.724,20,50,0
42.0,1.0,2.0,1.0,1000.0,200.0,0.01,0.005,0.0,3.724,20,50,0
44.0,1.0,2.0,1.0,1000.0,200.0,0.01,0.005,0.0,3.724,20,50,0
54.285714285714285,1.0,2.0,0.0,1.0,0.01629968697615426,100.0,50.0,0.0,3.724,5,50,0
44.0,1.0,2.0,1.0,1000.0,200.0,0.01,0.005,0.0,3.724,20,50,0
96.5,2.0,1.0,1.0,1000.0,200.0,0.01,0.005,4096.0,3.724,4,2,0
283.5,2.0,1.0,1.0,1000.0,200.0,0.01,0.005,25600.0,3.724,20,50,0
42.0,1.0,3.0,1.0,1000.0,200.0,0.01,0.005,0.0,3.724,20,50,0
44.0,1.0,1.0,1.0,1000.0,200.0,0.01,0.005,0.0,3.724,20,50,0
42.0,1.0,1.0,1.0,1000.0,200.0,0.01,0.005,0.0,3.724,20,50,0
76.0,2.0,1.0,1.0,1000.0,200.0,0.01,0.005,0.0,3.724,11,49,0
63.0,2.0,2.0,1.0,1000.0,200.0,0.01,0.005,0.0,3.724,7,12,0
42.0,1.0,2.0,1.0,1000.0,200.0,0.01,0.005,0.0,3.724,20,50,0
44.0,1.0,2.0,1.0,1000.0,200.0,0.01,0.005,0.0,3.724,12,50,0
44.0,1.0,2.0,1.0,1000.0,200.0,0.01,0.005,0.0,3.724,20,50,0
44.0,1.0,2.0,1.0,1000.0,200.0,0.01,0.005,0.0,3.724,20,50,0
44.0,1.0,2.0,1.0,1000.0,200.0,0.01,0.005,0.0,3.724,20,50,0
44.0,1.0,2.0,1.0,1000.0,200.0,0.01,0.005,0.0,3.724,20,50,0
44.0,1.0,3.0,1.0,1000.0,200.0,0.01,0.005,0.0,3.724,20,50,0
44.0,1.0,2.0,1.0,1000.0,200.0,0.01,0.005,0.0,3.724,20,50,0
44.0,1.0,3.0,0.0,1000.0,200.0,0.01,0.005,0.0,3.724,20,30,0
44.0,1.0,2.0,1.0,1000.0,200.0,0.01,0.005,0.0,3.724,20,50,0
44.0,1.0,2.0,1.0,1000.0,200.0,0.01,0.005,0.0,3.724,20,50,0
44.0,1.0,2.0,1.0,1000.0,200.0,0.01,0.005,0.0,3.724,20,50,0
42.0,1.0,2.0,1.0,1000.0,200.0,0.01,0.005,0.0,3.724,12,50,0
44.0,1.0,2.0,1.0,1000.0,200.0,0.01,0.005,0.0,3.724,20,50,0
44.0,1.0,2.0,1.0,1000.0,200.0,0.01,0.005,0.0,3.724,20,50,0
44.0,1.0,2.0,1.0,1000.0,200.0,0.01,0.005,0.0,3.724,20,50,0
44.0,1.0,2.0,1.0,1000.0,200.0,0.01,0.005,0.0,3.724,20,50,0
44.0,1.0,2.0,1.0,1000.0,200.0,0.01,0.005,0.0,3.724,12,50,0
42.0,1.0,1.0,1.0,1000.0,200.0,0.01,0.005,0.0,3.724,20,50,0
44.0,1.0,1.0,1.0,1000.0,200.0,0.01,0.005,0.0,3.724,12,50,0
44.0,1.0,2.0,1.0,1000.0,200.0,0.01,0.005,0.0,3.724,12,50,0
93.0,2.0,1.0,1.0,1000.0,200.0,0.0033333333333333335,0.0016666666666666668,0.0,3.724,1,1,0
61.666666666666664,1.0,1.0,1.0,1000.0,200.0,0.002,0.001,2275.5555555555557,3.724,20,50,0
44.0,1.0,1.0,1.0,1000.0,200.0,0.01,0.005,0.0,3.724,20,50,0
54.0,1.0,2.0,0.0,1.0,0.00931329360903166,100.0,50.0,0.0,3.724,11,49,0
515.2727272727273,1.0,3.0,0.0,1000.0,200.0,0.001,0.0005,279115.8347107438,3.724,20,50,0
55.2,1.0,2.0,0.0,1.0,0.0116428043510557,100.0,50.0,0.0,3.724,11,49,0
42.0,1.0,2.0,1.0,1000.0,200.0,0.01,0.005,0.0,3.724,20,50,0
44.0,1.0,2.0,1.0,1000.0,200.0,0.01,0.005,0.0,3.724,20,50,0
205.77272727272728,1.0,2.0,0.0,1.0,0.05122963942018294,100.0,50.0,23941.289256198346,3.724,5,50,0
44.0,1.0,2.0,1.0,1000.0,200.0,0.01,0.005,0.0,3.724,20,50,0
44.0,1.0,2.0,1.0,1000.0,200.0,0.01,0.005,0.0,3.724,20,50,0
44.0,1.0,2.0,1.0,1000.0,200.0,0.01,0.005,0.0,3.724,20,50,0
42.0,1.0,2.0,1.0,1000.0,200.0,0.01,0.005,0.0,3.724,20,50,0
42.0,1.0,2.0,1.0,1000.0,200.0,0.01,0.005,0.0,3.724,20,50,0
54.0,1.0,2.0,0.0,1.0,0.009313395526636428,100.0,50.0,0.0,3.724,5,50,0
42.0,1.0,2.0,1.0,1000.0,200.0,0.01,0.005,0.0,3.724,20,50,0
44.0,1.0,2.0,1.0,1000.0,200.0,0.01,0.005,0.0,3.724,12,50,0
52.0,1.0,3.0,0.0,1000.0,200.0,0.0025,0.00125,0.0,3.724,20,50,0
42.0,1.0,2.0,1.0,1000.0,200.0,0.01,0.005,0.0,3.724,20,50,0
61.375,1.0,2.0,1.0,1000.0,200.0,0.0014285714285714286,0.0007142857142857143,0.0,3.724,20,50,0
42.0,1.0,1.0,1.0,1000.0,200.0,0.01,0.005,0.0,3.724,20,50,0
44.0,1.0,1.0,1.0,1000.0,200.0,0.01,0.005,0.0,3.724,20,50,0
42.0,1.0,2.0,1.0,1000.0,200.0,0.01,0.005,0.0,3.724,20,50,0
236.07692307692307,1.0,3.0,0.0,1.0,0.06054478194796782,100.0,50.0,63728.7825443787,3.724,5,50,0
44.0,1.0,2.0,1.0,1000.0,200.0,0.01,0.005,0.0,3.724,12,50,0
44.0,1.0,2.0,1.0,1000.0,200.0,0.01,0.005,0.0,3.724,20,50,0
42.0,1.0,1.0,1.0,1000.0,200.0,0.01,0.005,0.0,3.724,20,50,0
42.0,1.0,1.0,1.0,1000.0,200.0,0.01,0.005,0.0,3.724,12,50,0
40.0,1.0,2.0,0.0,1000.0,200.0,0.0001,5e-05,0.0,3.724,7,36,0
44.0,1.0,2.0,1.0,1000.0,200.0,0.01,0.005,0.0,3.724,20,50,0
93.0,2.0,1.0,1.0,1000.0,200.0,0.0033333333333333335,0.0016666666666666668,0.0,3.724,1,1,0
44.0,1.0,2.0,1.0,1000.0,200.0,0.01,0.005,0.0,3.724,20,50,0
44.0,1.0,2.0,1.0,1000.0,200.0,0.01,0.005,0.0,3.724,20,50,0
476.5,2.0,1.0,1.0,1000.0,200.0,0.01,0.005,123904.0,3.724,20,50,0
44.0,1.0,2.0,1.0,1000.0,200.0,0.01,0.005,0.0,3.724,20,50,0
70.875,1.0,2.0,1.0,1000.0,200.0,0.0014285714285714286,0.0007142857142857143,1792.0,3.724,20,50,0
93.0,2.0,1.0,1.0,1000.0,200.0,0.0033333333333333335,0.0016666666666666668,0.0,3.724,1,1,0
54.285714285714285,1.0,2.0,0.0,1.0,0.016299330213951996,100.0,50.0,0.0,3.724,5,50,0
44.0,1.0,2.0,1.0,1000.0,200.0,0.01,0.005,0.0,3.724,12,50,0
44.0,1.0,2.0,1.0,1000.0,200.0,0.01,0.005,0.0,3.724,20,50,0
42.0,1.0,2.0,1.0,1000.0,200.0,0.01,0.005,0.0,3.724,20,50,0
44.0,1.0,2.0,1.0,1000.0,200.0,0.01,0.005,0.0,3.724,20,50,0
73.0,2.0,1.0,1.0,1000.0,200.0,0.01,0.005,0.0,3.724,20,50,0
42.0,1.0,2.0,1.0,1000.0,200.0,0.01,0.005,0.0,3.724,20,50,0
52.0,1.0,2.0,0.0,1000.0,200.0,0.01,0.005,0.0,3.724,5,50,0
42.0,1.0,2.0,1.0,1000.0,200.0,0.01,0.005,0.0,3.724,12,50,0
44.0,1.0,2.0,1.0,1000.0,200.0,0.01,0.005,0.0,3.724,20,50,0
44.0,1.0,2.0,1.0,1000.0,200.0,0.01,0.005,0.0,3.724,12,50,0
42.0,1.0,2.0,1.0,1000.0,200.0,0.01,0.005,0.0,3.724,20,50,0
44.0,1.0,2.0,0.0,1000.0,200.0,0.01,0.005,0.0,3.724,5,50,0
222.0,1.0,2.0,0.0,1000.0,200.0,0.005,0.0025,110136.88888888888,3.724,11,49,0
44.0,1.0,1.0,1.0,1000.0,200.0,0.01,0.005,0.0,3.724,20,50,0
44.0,1.0,2.0,1.0,1000.0,200.0,0.01,0.005,0.0,3.724,12,50,0
44.0,1.0,2.0,1.0,1000.0,200.0,0.01,0.005,0.0,3.724,20,50,0
42.0,1.0,1.0,1.0,1000.0,200.0,0.01,0.005,0.0,3.724,20,50,0
44.0,1.0,2.0,1.0,1000.0,200.0,0.01,0.005,0.0,3.724,20,50,0
44.0,1.0,2.0,1.0,1000.0,200.0,0.01,0.005,0.0,3.724,20,50,0
42.0,1.0,2.0,1.0,1000.0,200.0,0.01,0.005,0.0,3.724,20,50,0
52.0,1.0,3.0,0.0,1000.0,200.0,0.01,0.005,0.0,3.724,5,50,0
42.0,1.0,2.0,1.0,1000.0,200.0,0.01,0.005,0.0,3.724,20,50,0
52.0,1.0,3.0,0.0,1000.0,200.0,0.01,0.005,0.0,3.724,5,50,0
42.0,1.0,2.0,1.0,1000.0,200.0,0.01,0.005,0.0,3.724,20,50,0
54.666666666666664,1.0,3.0,0.0,1.0,0.027941201467006214,100.0,50.0,0.0,3.724,5,50,0
73.0,2.0,1.0,1.0,1000.0,200.0,0.01,0.005,0.0,3.724,14,12,0
52.0,1.0,2.0,0.0,1000.0,200.0,0.01,0.005,0.0,3.724,5,50,0
44.0,1.0,1.0,1.0,1000.0,200.0,0.01,0.005,0.0,3.724,20,50,0
52.0,1.0,2.0,0.0,1000.0,200.0,0.01,0.005,0.0,3.724,11,49,0
99.14285714285714,1.0,2.0,0.0,1.0,0.016298977262461035,100.0,50.0,12538.77551020408,3.724,5,50,0
96.5,2.0,1.0,1.0,1000.0,200.0,0.01,0.005,4096.0,3.724,4,2,0
44.0,1.0,2.0,1.0,1000.0,200.0,0.01,0.005,0.0,3.724,20,50,0
52.0,1.0,2.0,0.0,1000.0,200.0,0.01,0.005,0.0,3.724,20,50,0
44.0,1.0,2.0,1.0,1000.0,200.0,0.01,0.005,0.0,3.724,20,50,0
44.0,1.0,2.0,1.0,1000.0,200.0,0.01,0.005,0.0,3.724,20,50,0
44.0,1.0,2.0,1.0,1000.0,200.0,0.01,0.005,0.0,3.724,20,50,0
44.0,1.0,1.0,1.0,1000.0,200.0,0.01,0.005,0.0,3.724,20,50,0
44.0,1.0,1.0,1.0,1000.0,200.0,0.01,0.005,0.0,3.724,20,50,0
44.0,1.0,2.0,1.0,1000.0,200.0,0.01,0.005,0.0,3.724,20,50,0
42.0,1.0,2.0,1.0,1000.0,200.0,0.01,0.005,0.0,3.724,12,50,0
44.0,1.0,2.0,1.0,1000.0,200.0,0.01,0.005,0.0,3.724,20,50,0
42.0,1.0,1.0,1.0,1000.0,200.0,0.01,0.005,0.0,3.724,20,50,0
44.0,1.0,2.0,1.0,1000.0,200.0,0.01,0.005,0.0,3.724,20,50,0
42.0,1.0,2.0,1.0,1000.0,200.0,0.01,0.005,0.0,3.724,20,50,0
213.72727272727272,1.0,2.0,1.0,1000.0,200.0,0.001,0.0005,120218.92561983471,3.724,20,30,0
44.0,1.0,2.0,1.0,1000.0,200.0,0.01,0.005,0.0,3.724,20,50,0
44.0,1.0,2.0,1.0,1000.0,200.0,0.01,0.005,0.0,3.724,12,50,0
42.0,1.0,2.0,1.0,1000.0,200.0,0.01,0.005,0.0,3.724,20,50,0
44.0,1.0,2.0,1.0,1000.0,200.0,0.01,0.005,0.0,3.724,20,50,0
44.0,1.0,3.0,1.0,1000.0,200.0,0.01,0.005,0.0,3.724,20,50,0
44.0,1.0,2.0,1.0,1000.0,200.0,0.01,0.005,0.0,3.724,20,50,0
44.0,1.0,1.0,1.0,1000.0,200.0,0.01,0.005,0.0,3.724,20,50,0
58.0,1.0,2.0,1.0,1000.0,200.0,0.0014285714285714286,0.0007142857142857143,0.0,3.724,20,50,0
54.666666666666664,1.0,2.0,0.0,1.0,0.013970753624362762,100.0,50.0,0.0,3.724,5,50,0
44.0,1.0,2.0,1.0,1000.0,200.0,0.01,0.005,0.0,3.724,20,50,0
304.25,1.0,2.0,1.0,1000.0,200.0,0.0006666666666666666,0.0003333333333333333,167436.234375,3.724,20,30,0
93.0,2.0,1.0,1.0,1000.0,200.0,0.0033333333333333335,0.0016666666666666668,0.0,3.724,1,1,0
42.0,1.0,2.0,1.0,1000.0,200.0,0.01,0.005,0.0,3.724,20,50,0
42.0,1.0,1.0,1.0,1000.0,200.0,0.01,0.005,0.0,3.724,20,50,0
44.0,1.0,2.0,1.0,1000.0,200.0,0.01,0.005,0.0,3.724,20,50,0
44.0,1.0,1.0,1.0,1000.0,200.0,0.01,0.005,0.0,3.724,20,50,0
44.0,1.0,2.0,1.0,1000.0,200.0,0.01,0.005,0.0,3.724,20,50,0
44.0,1.0,2.0,1.0,1000.0,200.0,0.01,0.005,0.0,3.724,20,50,0
44.0,1.0,2.0,1.0,1000.0,200.0,0.01,0.005,0.0,3.724,20,50,0
56.0,1.0,3.0,0.0,1000.0,200.0,0.01,0.005,0.0,3.724,7,36,0
44.0,1.0,2.0,1.0,1000.0,200.0,0.01,0.005,0.0,3.724,12,50,0
44.0,1.0,1.0,1.0,1000.0,200.0,0.01,0.005,0.0,3.724,20,50,0
149.44444444444446,1.0,2.0,1.0,1000.0,200.0,0.00125,0.000625,53500.83950617283,3.724,10,13,0
44.0,1.0,2.0,1.0,1000.0,200.0,0.01,0.005,0.0,3.724,20,50,0
44.0,1.0,2.0,1.0,1000.0,200.0,0.01,0.005,0.0,3.724,20,50,0
44.0,1.0,2.0,1.0,1000.0,200.0,0.01,0.005,0.0,3.724,20,50,0
342.0,1.0,2.0,1.0,1000.0,200.0,0.0007692307692307692,0.0003846153846153846,186583.95918367346,3.724,20,30,0
215.0909090909091,1.0,2.0,1.0,1000.0,200.0,0.001,0.0005,120218.92561983471,3.724,20,30,0
228.0,2.0,1.0,1.0,1000.0,200.0,0.01,0.005,25600.0,3.724,4,2,0
44.0,1.0,2.0,1.0,1000.0,200.0,0.01,0.005,0.0,3.724,20,50,0
44.0,1.0,2.0,1.0,1000.0,200.0,0.01,0.005,0.0,3.724,20,50,0
44.0,1.0,2.0,1.0,1000.0,200.0,0.01,0.005,0.0,3.724,20,50,0
44.0,1.0,2.0,1.0,1000.0,200.0,0.01,0.005,0.0,3.724,12,50,0
44.0,1.0,2.0,1.0,1000.0,200.0,0.01,0.005,0.0,3.724,20,50,0
44.0,1.0,2.0,1.0,1000.0,200.0,0.01,0.005,0.0,3.724,20,50,0
42.0,1.0,2.0,1.0,1000.0,200.0,0.01,0.005,0.0,3.724,20,50,0
42.0,1.0,2.0,1.0,1000.0,200.0,0.01,0.005,0.0,3.724,20,50,0
44.0,1.0,2.0,1.0,1000.0,200.0,0.01,0.005,0.0,3.724,20,50,0
44.0,1.0,2.0,1.0,1000.0,200.0,0.01,0.005,0.0,3.724,20,50,0
44.0,1.0,2.0,1.0,1000.0,200.0,0.01,0.005,0.0,3.724,20,50,0
42.666666666666664,1.0,1.0,1.0,1000.0,200.0,0.005,0.0025,0.0,3.724,12,50,0
57.333333333333336,1.0,3.0,0.0,1000.0,200.0,0.005,0.0025,0.0,3.724,7,36,0
44.0,1.0,2.0,1.0,1000.0,200.0,0.01,0.005,0.0,3.724,20,50,0
44.0,1.0,2.0,1.0,1000.0,200.0,0.01,0.005,0.0,3.724,20,50,0
44.0,1.0,2.0,1.0,1000.0,200.0,0.01,0.005,0.0,3.724,20,50,0
42.0,1.0,1.0,1.0,1000.0,200.0,0.01,0.005,0.0,3.724,20,50,0
44.0,1.0,2.0,1.0,1000.0,200.0,0.01,0.005,0.0,3.724,20,50,0
44.0,1.0,2.0,1.0,1000.0,200.0,0.01,0.005,0.0,3.724,20,50,0
96.5,2.0,1.0,1.0,1000.0,200.0,0.0033333333333333335,0.0016666666666666668,4096.0,3.724,1,1,0
44.0,1.0,2.0,1.0,1000.0,200.0,0.01,0.005,0.0,3.724,20,50,0
42.0,1.0,2.0,1.0,1000.0,200.0,0.01,0.005,0.0,3.724,20,50,0
44.0,1.0,3.0,1.0,1000.0,200.0,0.01,0.005,0.0,3.724,20,50,0
42.0,1.0,2.0,1.0,1000.0,200.0,0.01,0.005,0.0,3.724,20,50,0
44.0,1.0,2.0,1.0,1000.0,200.0,0.01,0.005,0.0,3.724,12,50,0
44.0,1.0,2.0,1.0,1000.0,200.0,0.01,0.005,0.0,3.724,20,50,0
42.0,1.0,1.0,1.0,1000.0,200.0,0.01,0.005,0.0,3.724,20,50,0
109.57142857142857,1.0,1.0,1.0,1000.0,200.0,0.0016666666666666668,0.0008333333333333334,12873.142857142857,3.724,14,12,0
44.0,1.0,3.0,1.0,1000.0,200.0,0.01,0.005,0.0,3.724,20,50,0
42.0,1.0,2.0,1.0,1000.0,200.0,0.01,0.005,0.0,3.724,20,50,0
546.7058823529412,1.0,1.0,1.0,1.0,0.03958135038528952,100.0,50.0,326106.9688581315,3.724,14,12,0
104.25,1.0,2.0,1.0,1000.0,200.0,0.0014285714285714286,0.0007142857142857143,11712.0,3.724,20,50,0
44.0,1.0,2.0,1.0,1000.0,200.0,0.01,0.005,0.0,3.724,20,50,0
42.0,1.0,2.0,1.0,1000.0,200.0,0.01,0.005,0.0,3.724,12,50,0
42.0,1.0,2.0,1.0,1000.0,200.0,0.01,0.005,0.0,3.724,20,50,0
44.0,1.0,3.0,1.0,1000.0,200.0,0.01,0.005,0.0,3.724,20,50,0
62.6,1.0,3.0,0.0,1.0,0.011642210650899699,100.0,50.0,0.0,3.724,5,50,0
44.0,1.0,2.0,1.0,1000.0,200.0,0.01,0.005,0.0,3.724,20,50,0
44.0,1.0,2.0,1.0,1000.0,200.0,0.01,0.005,0.0,3.724,20,50,0
54.714285714285715,1.0,2.0,1.0,1000.0,200.0,0.0016666666666666668,0.0008333333333333334,0.0,3.724,20,50,0
42.0,1.0,2.0,1.0,1000.0,200.0,0.01,0.005,0.0,3.724,20,50,0
42.0,1.0,2.0,1.0,1000.0,200.0,0.01,0.005,0.0,3.724,20,50,0
234.95454545454547,1.0,2.0,1.0,1000.0,200.0,0.0004761904761904762,0.0002380952380952381,118075.71900826444,3.724,20,30,0
42.0,1.0,2.0,1.0,1000.0,200.0,0.01,0.005,0.0,3.724,20,50,0
44.0,1.0,2.0,1.0,1000.0,200.0,0.01,0.005,0.0,3.724,20,50,0
44.0,1.0,2.0,1.0,1000.0,200.0,0.01,0.005,0.0,3.724,20,50,0
413.84615384615387,1.0,3.0,0.0,1000.0,200.0,0.0008333333333333334,0.0004166666666666667,243706.21301775146,3.724,20,30,0
127.0,1.0,2.0,0.0,1.0,0.027943198928098885,100.0,50.0,19200.0,3.724,5,50,0
55.142857142857146,1.0,2.0,1.0,1000.0,200.0,0.0016666666666666668,0.0008333333333333334,0.0,3.724,20,50,0
42.0,1.0,2.0,1.0,1000.0,200.0,0.01,0.005,0.0,3.724,20,50,0
44.0,1.0,2.0,1.0,1000.0,200.0,0.01,0.005,0.0,3.724,20,50,0
44.0,1.0,2.0,1.0,1000.0,200.0,0.01,0.005,0.0,3.724,20,50,0
44.0,1.0,2.0,1.0,1000.0,200.0,0.01,0.005,0.0,3.724,20,50,0
58.57142857142857,1.0,1.0,1.0,1000.0,200.0,0.0016666666666666668,0.0008333333333333334,2006.204081632653,3.724,20,50,0
44.0,1.0,2.0,1.0,1000.0,200.0,0.01,0.005,0.0,3.724,20,50,0
42.0,1.0,2.0,1.0,1000.0,200.0,0.01,0.005,0.0,3.724,20,50,0
44.0,1.0,1.0,1.0,1000.0,200.0,0.01,0.005,0.0,3.724,20,50,0
44.0,1.0,1.0,1.0,1000.0,200.0,0.01,0.005,0.0,3.724,20,50,0
42.0,1.0,2.0,1.0,1000.0,200.0,0.01,0.005,0.0,3.724,12,50,0
44.0,1.0,2.0,1.0,1000.0,200.0,0.01,0.005,0.0,3.724,20,50,0
44.0,1.0,2.0,1.0,1000.0,200.0,0.01,0.005,0.0,3.724,20,50,0
42.0,1.0,2.0,1.0,1000.0,200.0,0.01,0.005,0.0,3.724,20,50,0
44.0,1.0,2.0,1.0,1000.0,200.0,0.01,0.005,0.0,3.724,20,50,0
42.0,1.0,2.0,1.0,1000.0,200.0,0.01,0.005,0.0,3.724,20,50,0
44.0,1.0,3.0,1.0,1000.0,200.0,0.01,0.005,0.0,3.724,20,50,0
42.0,1.0,2.0,1.0,1000.0,200.0,0.01,0.005,0.0,3.724,12,50,0
73.0,2.0,1.0,1.0,1000.0,200.0,0.01,0.005,0.0,3.724,20,50,0
44.0,1.0,2.0,1.0,1000.0,200.0,0.01,0.005,0.0,3.724,20,50,0
44.0,1.0,2.0,1.0,1000.0,200.0,0.01,0.005,0.0,3.724,20,50,0
44.0,1.0,2.0,1.0,1000.0,200.0,0.01,0.005,0.0,3.724,20,50,0
42.0,1.0,2.0,1.0,1.0,0.004656647888734055,100.0,50.0,0.0,3.724,20,50,0
42.0,1.0,1.0,1.0,1000.0,200.0,0.01,0.005,0.0,3.724,20,50,0
44.0,1.0,2.0,1.0,1000.0,200.0,0.01,0.005,0.0,3.724,20,50,0
42.0,1.0,2.0,1.0,1000.0,200.0,0.01,0.005,0.0,3.724,20,50,0
44.0,1.0,1.0,1.0,1000.0,200.0,0.01,0.005,0.0,3.724,20,50,0
42.0,1.0,3.0,1.0,1000.0,200.0,0.01,0.005,0.0,3.724,20,50,0
44.0,1.0,2.0,1.0,1000.0,200.0,0.01,0.005,0.0,3.724,20,50,0
42.0,1.0,2.0,1.0,1000.0,200.0,0.01,0.005,0.0,3.724,20,50,0
42.0,1.0,2.0,1.0,1000.0,200.0,0.01,0.005,0.0,3.724,20,50,0
255.4,1.0,2.0,0.0,1.0,0.05821549934111697,100.0,50.0,65591.84640000001,3.724,5,50,0
44.0,1.0,2.0,1.0,1000.0,200.0,0.01,0.005,0.0,3.724,12,50,0
44.0,1.0,2.0,1.0,1000.0,200.0,0.01,0.005,0.0,3.724,20,50,0
44.0,1.0,1.0,1.0,1000.0,200.0,0.01,0.005,0.0,3.724,12,50,0
44.0,1.0,2.0,1.0,1000.0,200.0,0.01,0.005,0.0,3.724,20,50,0
42.0,1.0,3.0,1.0,1000.0,200.0,0.01,0.005,0.0,3.724,20,50,0
44.0,1.0,2.0,1.0,1000.0,200.0,0.01,0.005,0.0,3.724,20,50,0
44.0,1.0,2.0,1.0,1000.0,200.0,0.01,0.005,0.0,3.724,20,50,0
42.0,1.0,2.0,1.0,1000.0,200.0,0.01,0.005,0.0,3.724,20,50,0
44.0,1.0,2.0,1.0,1000.0,200.0,0.01,0.005,0.0,3.724,20,50,0
44.0,1.0,2.0,1.0,1000.0,200.0,0.01,0.005,0.0,3.724,20,50,0
42.0,1.0,2.0,1.0,1000.0,200.0,0.01,0.005,0.0,3.724,20,50,0
44.0,1.0,1.0,1.0,1000.0,200.0,0.01,0.005,0.0,3.724,20,50,0
44.0,1.0,1.0,1.0,1000.0,200.0,0.01,0.005,0.0,3.724,20,50,0
44.0,1.0,2.0,1.0,1000.0,200.0,0.01,0.005,0.0,3.724,20,50,0
44.0,1.0,1.0,1.0,1000.0,200.0,0.01,0.005,0.0,3.724,12,50,0
44.0,1.0,2.0,1.0,1000.0,200.0,0.01,0.005,0.0,3.724,20,50,0
44.0,1.0,2.0,1.0,1000.0,200.0,0.01,0.005,0.0,3.724,20,50,0
67.0,2.0,1.0,1.0,1000.0,200.0,0.0033333333333333335,0.0016666666666666668,0.0,3.724,3,8,0
42.0,1.0,2.0,1.0,1000.0,200.0,0.01,0.005,0.0,3.724,20,50,0
44.0,1.0,2.0,1.0,1000.0,200.0,0.01,0.005,0.0,3.724,20,50,0
44.0,1.0,1.0,1.0,1000.0,200.0,0.01,0.005,0.0,3.724,20,50,0
44.0,1.0,2.0,1.0,1000.0,200.0,0.01,0.005,0.0,3.724,20,50,0
44.0,1.0,2.0,1.0,1000.0,200.0,0.01,0.005,0.0,3.724,20,50,0
152.66666666666666,1.0,3.0,0.0,1000.0,200.0,0.005,0.0025,22755.555555555555,3.724,20,50,0
42.0,1.0,1.0,1.0,1000.0,200.0,0.01,0.005,0.0,3.724,12,50,0
42.0,1.0,2.0,1.0,1000.0,200.0,0.01,0.005,0.0,3.724,20,50,0
161.0,2.0,2.0,1.0,1.0,0.05588168729166609,100.0,50.0,0.0,3.724,8,9,0
42.0,1.0,2.0,1.0,1000.0,200.0,0.01,0.005,0.0,3.724,20,50,0
44.0,1.0,2.0,1.0,1000.0,200.0,0.01,0.005,0.0,3.724,20,50,0
44.0,1.0,2.0,1.0,1000.0,200.0,0.01,0.005,0.0,3.724,20,50,0
44.0,1.0,2.0,1.0,1000.0,200.0,0.01,0.005,0.0,3.724,20,50,0
42.0,1.0,2.0,1.0,1000.0,200.0,0.01,0.005,0.0,3.724,20,50,0
44.0,1.0,2.0,1.0,1000.0,200.0,0.01,0.005,0.0,3.724,20,50,0
44.0,1.0,2.0,1.0,1000.0,200.0,0.01,0.005,0.0,3.724,20,50,0
52.0,1.0,2.0,0.0,1.0,0.006985199526403472,100.0,50.0,0.0,3.724,20,50,0
52.0,1.0,2.0,0.0,1000.0,200.0,0.01,0.005,0.0,3.724,5,50,0
44.0,1.0,2.0,1.0,1000.0,200.0,0.01,0.005,0.0,3.724,20,50,0
42.0,1.0,2.0,1.0,1000.0,200.0,0.01,0.005,0.0,3.724,20,50,0
44.0,1.0,1.0,1.0,1000.0,200.0,0.01,0.005,0.0,3.724,20,50,0
44.0,1.0,2.0,1.0,1000.0,200.0,0.01,0.005,0.0,3.724,20,50,0
156.55555555555554,1.0,2.0,1.0,1000.0,200.0,0.00125,0.000625,53500.83950617283,3.724,20,50,0
44.0,1.0,2.0,1.0,1000.0,200.0,0.01,0.005,0.0,3.724,20,50,0
42.0,1.0,3.0,1.0,1000.0,200.0,0.01,0.005,0.0,3.724,20,50,0
44.0,1.0,2.0,1.0,1000.0,200.0,0.01,0.005,0.0,3.724,20,50,0
44.0,1.0,2.0,1.0,1000.0,200.0,0.01,0.005,0.0,3.724,20,50,0
44.0,1.0,1.0,1.0,1000.0,200.0,0.01,0.005,0.0,3.724,20,50,0
44.0,1.0,2.0,1.0,1000.0,200.0,0.01,0.005,0.0,3.724,20,50,0
44.0,1.0,2.0,1.0,1000.0,200.0,0.01,0.005,0.0,3.724,20,50,0
44.0,1.0,2.0,1.0,1000.0,200.0,0.01,0.005,0.0,3.724,20,50,0
135.0,2.0,1.0,1.0,1000.0,200.0,0.01,0.005,4096.0,3.724,11,49,0
42.0,1.0,2.0,1.0,1000.0,200.0,0.01,0.005,0.0,3.724,20,50,0
539.7857142857143,1.0,3.0,0.0,1000.0,200.0,0.0007692307692307692,0.0003846153846153846,283333.10204081633,3.724,20,30,0
55.2,1.0,3.0,0.0,1.0,0.011642760973651498,100.0,50.0,0.0,3.724,5,50,0
44.0,1.0,2.0,1.0,1000.0,200.0,0.01,0.005,0.0,3.724,20,50,0
44.0,1.0,2.0,1.0,1000.0,200.0,0.01,0.005,0.0,3.724,20,50,0
42.0,1.0,2.0,1.0,1000.0,200.0,0.01,0.005,0.0,3.724,20,50,0
44.0,1.0,2.0,1.0,1000.0,200.0,0.01,0.005,0.0,3.724,20,50,0
44.0,1.0,2.0,1.0,1000.0,200.0,0.01,0.005,0.0,3.724,20,50,0
44.0,1.0,2.0,1.0,1000.0,200.0,0.01,0.005,0.0,3.724,20,50,0
42.0,1.0,2.0,1.0,1000.0,200.0,0.01,0.005,0.0,3.724,20,50,0
42.0,1.0,2.0,1.0,1000.0,200.0,0.01,0.005,0.0,3.724,20,50,0
42.0,1.0,2.0,1.0,1000.0,200.0,0.01,0.005,0.0,3.724,20,50,0
42.0,1.0,2.0,1.0,1000.0,200.0,0.01,0.005,0.0,3.724,20,50,0
44.0,1.0,2.0,1.0,1000.0,200.0,0.01,0.005,0.0,3.724,20,50,0
44.0,1.0,2.0,1.0,1000.0,200.0,0.01,0.005,0.0,3.724,12,50,0
44.0,1.0,2.0,1.0,1000.0,200.0,0.01,0.005,0.0,3.724,20,50,0
44.0,1.0,2.0,1.0,1000.0,200.0,0.01,0.005,0.0,3.724,20,50,0
44.0,1.0,2.0,1.0,1000.0,200.0,0.01,0.005,0.0,3.724,20,50,0
400.0,2.0,3.0,1.0,1000.0,200.0,0.01,0.005,0.0,3.724,7,12,0
63.0,2.0,2.0,1.0,1000.0,200.0,0.01,0.005,0.0,3.724,7,12,0
44.0,1.0,1.0,1.0,1000.0,200.0,0.01,0.005,0.0,3.724,20,50,0
44.0,1.0,2.0,1.0,1000.0,200.0,0.01,0.005,0.0,3.724,12,50,0
42.0,1.0,2.0,1.0,1000.0,200.0,0.01,0.005,0.0,3.724,20,50,0
44.0,1.0,2.0,1.0,1000.0,200.0,0.01,0.005,0.0,3.724,20,50,0
42.0,1.0,2.0,1.0,1000.0,200.0,0.01,0.005,0.0,3.724,20,50,0
42.0,1.0,2.0,1.0,1000.0,200.0,0.01,0.005,0.0,3.724,12,50,0
42.0,1.0,2.0,1.0,1000.0,200.0,0.01,0.005,0.0,3.724,20,50,0
44.0,1.0,2.0,1.0,1000.0,200.0,0.01,0.005,0.0,3.724,20,50,0
44.0,1.0,2.0,1.0,1000.0,200.0,0.01,0.005,0.0,3.724,20,50,0
52.0,1.0,3.0,0.0,1000.0,200.0,0.01,0.005,0.0,3.724,5,50,0
44.0,1.0,2.0,1.0,1000.0,200.0,0.01,0.005,0.0,3.724,20,50,0
44.0,1.0,2.0,1.0,1000.0,200.0,0.01,0.005,0.0,3.724,20,50,0
44.0,1.0,2.0,1.0,1000.0,200.0,0.01,0.005,0.0,3.724,20,50,0
77.55555555555556,1.0,1.0,1.0,1000.0,200.0,0.00125,0.000625,1618.1728395061727,3.724,20,50,0
44.0,1.0,2.0,1.0,1000.0,200.0,0.01,0.005,0.0,3.724,20,50,0
44.0,1.0,2.0,1.0,1000.0,200.0,0.01,0.005,0.0,3.724,20,50,0
93.27272727272727,1.0,2.0,1.0,1000.0,200.0,0.001,0.0005,9139.8347107438,3.724,20,50,0
96.5,2.0,1.0,1.0,1000.0,200.0,0.01,0.005,0.0,3.724,20,50,0
42.0,1.0,2.0,1.0,1000.0,200.0,0.01,0.005,0.0,3.724,12,50,0
42.666666666666664,1.0,1.0,1.0,1000.0,200.0,0.005,0.0025,0.0,3.724,20,50,0
44.0,1.0,2.0,1.0,1000.0,200.0,0.01,0.005,0.0,3.724,20,50,0
42.0,1.0,3.0,1.0,1000.0,200.0,0.01,0.005,0.0,3.724,20,50,0
44.0,1.0,3.0,1.0,1000.0,200.0,0.01,0.005,0.0,3.724,20,50,0
42.0,1.0,2.0,1.0,1000.0,200.0,0.01,0.005,0.0,3.724,20,50,0
42.0,1.0,2.0,1.0,1000.0,200.0,0.01,0.005,0.0,3.724,20,50,0
493.34615384615387,1.0,2.0,0.0,1.0,0.060538395895496755,100.0,50.0,303967.4556213018,3.724,11,49,0
44.0,1.0,2.0,1.0,1000.0,200.0,0.01,0.005,0.0,3.724,20,50,0
44.0,1.0,2.0,1.0,1000.0,200.0,0.01,0.005,0.0,3.724,12,50,0
44.0,1.0,2.0,1.0,1000.0,200.0,0.01,0.005,0.0,3.724,20,50,0
42.0,1.0,2.0,1.0,1000.0,200.0,0.01,0.005,0.0,3.724,12,50,0
44.0,1.0,2.0,1.0,1000.0,200.0,0.01,0.005,0.0,3.724,20,50,0
44.0,1.0,1.0,1.0,1000.0,200.0,0.01,0.005,0.0,3.724,20,50,0
42.0,1.0,2.0,1.0,1000.0,200.0,0.01,0.005,0.0,3.724,20,50,0
42.0,1.0,2.0,1.0,1000.0,200.0,0.01,0.005,0.0,3.724,20,50,0
93.0,2.0,1.0,1.0,1000.0,200.0,0.0033333333333333335,0.0016666666666666668,0.0,3.724,1,1,0
44.0,1.0,2.0,1.0,1000.0,200.0,0.01,0.005,0.0,3.724,20,50,0
298.5,2.0,1.0,1.0,1000.0,200.0,0.01,0.005,123904.0,3.724,20,50,0
56.0,1.0,2.0,1.0,1000.0,200.0,0.01,0.005,0.0,3.724,20,50,0
42.0,1.0,1.0,1.0,1000.0,200.0,0.01,0.005,0.0,3.724,20,50,0
44.0,1.0,2.0,1.0,1000.0,200.0,0.01,0.005,0.0,3.724,20,50,0
44.0,1.0,2.0,1.0,1000.0,200.0,0.01,0.005,0.0,3.724,20,50,0
44.0,1.0,1.0,1.0,1000.0,200.0,0.01,0.005,0.0,3.724,20,50,0
42.0,1.0,1.0,1.0,1000.0,200.0,0.01,0.005,0.0,3.724,12,50,0
44.0,1.0,2.0,1.0,1000.0,200.0,0.01,0.005,0.0,3.724,20,50,0
42.0,1.0,2.0,1.0,1000.0,200.0,0.01,0.005,0.0,3.724,12,50,0
152.14285714285714,1.0,1.0,1.0,1000.0,200.0,0.0005,0.00025,6687.34693877551,3.724,14,12,0
44.0,1.0,2.0,1.0,1000.0,200.0,0.01,0.005,0.0,3.724,20,50,0
44.0,1.0,2.0,1.0,1000.0,200.0,0.01,0.005,0.0,3.724,20,50,0
67.0,2.0,1.0,1.0,1000.0,200.0,0.0004347826086956522,0.0002173913043478261,0.0,3.724,3,8,0
44.0,1.0,2.0,1.0,1000.0,200.0,0.01,0.005,0.0,3.724,20,50,0
44.0,1.0,1.0,1.0,1000.0,200.0,0.01,0.005,0.0,3.724,20,50,0
104.25,1.0,2.0,1.0,1000.0,200.0,0.0014285714285714286,0.0007142857142857143,11712.0,3.724,20,50,0
42.0,1.0,2.0,1.0,1000.0,200.0,0.01,0.005,0.0,3.724,20,50,0
44.0,1.0,2.0,1.0,1000.0,200.0,0.01,0.005,0.0,3.724,12,50,0
42.0,1.0,2.0,1.0,1000.0,200.0,0.01,0.005,0.0,3.724,20,50,0
44.0,1.0,2.0,1.0,1000.0,200.0,0.01,0.005,0.0,3.724,20,50,0
42.0,1.0,2.0,1.0,1000.0,200.0,0.01,0.005,0.0,3.724,20,50,0
44.0,1.0,1.0,1.0,1000.0,200.0,0.01,0.005,0.0,3.724,20,50,0
44.0,1.0,2.0,1.0,1000.0,200.0,0.01,0.005,0.0,3.724,20,50,0
44.0,1.0,2.0,1.0,1000.0,200.0,0.01,0.005,0.0,3.724,20,50,0
72.0,0.0,1.0,0.0,1.564724405928629,0.2607874009881048,38.690864864864864,19.345432432432432,0.0,3.724,1,1,0
44.0,1.0,2.0,1.0,1000.0,200.0,0.01,0.005,0.0,3.724,20,50,0
42.0,1.0,2.0,1.0,1000.0,200.0,0.01,0.005,0.0,3.724,20,50,0
52.0,1.0,3.0,0.0,1.0,0.009314039610747657,100.0,50.0,0.0,3.724,5,50,0
44.0,1.0,2.0,1.0,1000.0,200.0,0.01,0.005,0.0,3.724,20,50,0
56.0,1.0,3.0,0.0,1000.0,200.0,0.01,0.005,0.0,3.724,20,50,0
44.0,1.0,1.0,1.0,1000.0,200.0,0.01,0.005,0.0,3.724,20,50,0
44.0,1.0,2.0,1.0,1000.0,200.0,0.01,0.005,0.0,3.724,20,50,0
44.0,1.0,2.0,1.0,1000.0,200.0,0.01,0.005,0.0,3.724,20,50,0
44.0,1.0,2.0,1.0,1000.0,200.0,0.01,0.005,0.0,3.724,20,50,0
44.0,1.0,2.0,1.0,1000.0,200.0,0.01,0.005,0.0,3.724,20,50,0
44.0,1.0,2.0,1.0,1000.0,200.0,0.01,0.005,0.0,3.724,20,50,0
44.0,1.0,2.0,1.0,1000.0,200.0,0.01,0.005,0.0,3.724,20,50,0
42.0,1.0,2.0,1.0,1000.0,200.0,0.01,0.005,0.0,3.724,20,50,0
42.666666666666664,1.0,1.0,1.0,1000.0,200.0,0.005,0.0025,0.0,3.724,20,50,0
405.72278664731493,1.0,3.0,1.0,38.506902762851645,6.417817127141941,1.5587277676951,0.77936388384755,183817.7633562661,3.724,11,49,0
44.0,1.0,2.0,1.0,1000.0,200.0,0.01,0.005,0.0,3.724,20,50,0
44.0,1.0,2.0,1.0,1000.0,200.0,0.01,0.005,0.0,3.724,20,50,0
44.0,1.0,2.0,1.0,1000.0,200.0,0.01,0.005,0.0,3.724,20,50,0
44.0,1.0,2.0,1.0,1000.0,200.0,0.01,0.005,0.0,3.724,20,50,0
157.5,2.0,1.0,1.0,1000.0,200.0,0.01,0.005,4096.0,3.724,20,50,0
44.0,1.0,2.0,1.0,1000.0,200.0,0.01,0.005,0.0,3.724,20,50,0
44.0,1.0,2.0,1.0,1000.0,200.0,0.01,0.005,0.0,3.724,12,50,0
44.0,1.0,2.0,1.0,1000.0,200.0,0.01,0.005,0.0,3.724,12,50,0
44.0,1.0,2.0,1.0,1000.0,200.0,0.01,0.005,0.0,3.724,20,50,0
44.0,1.0,3.0,1.0,1000.0,200.0,0.01,0.005,0.0,3.724,20,50,0
44.0,1.0,1.0,1.0,1000.0,200.0,0.01,0.005,0.0,3.724,20,50,0
42.0,1.0,2.0,1.0,1000.0,200.0,0.01,0.005,0.0,3.724,20,50,0
44.0,1.0,2.0,1.0,1000.0,200.0,0.01,0.005,0.0,3.724,20,50,0
42.0,1.0,2.0,1.0,1000.0,200.0,0.01,0.005,0.0,3.724,20,50,0
44.0,1.0,1.0,1.0,1000.0,200.0,0.01,0.005,0.0,3.724,20,50,0
227.0,1.0,2.0,1.0,1000.0,200.0,0.00045454545454545455,0.00022727272727272727,114032.20037807185,3.724,20,30,0
44.0,1.0,2.0,1.0,1000.0,200.0,0.01,0.005,0.0,3.724,20,50,0
42.0,1.0,1.0,1.0,1000.0,200.0,0.01,0.005,0.0,3.724,20,50,0
42.0,1.0,2.0,1.0,1000.0,200.0,0.01,0.005,0.0,3.724,20,50,0
44.0,1.0,2.0,1.0,1000.0,200.0,0.01,0.005,0.0,3.724,20,50,0
61.0,1.0,2.0,1.0,1000.0,200.0,0.0014285714285714286,0.0007142857142857143,1792.0,3.724,20,50,0
44.0,1.0,2.0,1.0,1000.0,200.0,0.01,0.005,0.0,3.724,20,50,0
44.0,1.0,3.0,1.0,1000.0,200.0,0.01,0.005,0.0,3.724,20,50,0
44.0,1.0,2.0,1.0,1000.0,200.0,0.01,0.005,0.0,3.724,12,50,0
44.0,1.0,1.0,1.0,1000.0,200.0,0.01,0.005,0.0,3.724,20,50,0
42.0,1.0,2.0,1.0,1000.0,200.0,0.01,0.005,0.0,3.724,20,50,0
42.0,1.0,2.0,1.0,1000.0,200.0,0.01,0.005,0.0,3.724,12,50,0
44.0,1.0,2.0,1.0,1000.0,200.0,0.01,0.005,0.0,3.724,20,50,0
40.0,1.0,2.0,0.0,1000.0,200.0,0.0001,5e-05,0.0,3.724,7,36,0
44.0,1.0,2.0,1.0,1000.0,200.0,0.01,0.005,0.0,3.724,20,50,0
42.0,1.0,1.0,1.0,1000.0,200.0,0.01,0.005,0.0,3.724,20,50,0
44.0,1.0,2.0,1.0,1000.0,200.0,0.01,0.005,0.0,3.724,12,50,0
54.285714285714285,1.0,2.0,0.0,1.0,0.016300100688050535,100.0,50.0,0.0,3.724,5,50,0
54.666666666666664,1.0,2.0,0.0,1.0,0.006984970206773745,100.0,50.0,0.0,3.724,5,50,0
44.0,1.0,2.0,1.0,1000.0,200.0,0.01,0.005,0.0,3.724,20,50,0
44.0,1.0,2.0,1.0,1000.0,200.0,0.01,0.005,0.0,3.724,20,50,0
42.0,1.0,2.0,1.0,1000.0,200.0,0.01,0.005,0.0,3.724,12,50,0
42.0,1.0,2.0,1.0,1000.0,200.0,0.01,0.005,0.0,3.724,12,50,0
44.0,1.0,2.0,1.0,1000.0,200.0,0.01,0.005,0.0,3.724,20,50,0
42.0,1.0,2.0,1.0,1000.0,200.0,0.01,0.005,0.0,3.724,20,50,0
412.0,2.0,2.0,1.0,1000.0,200.0,0.01,0.005,0.0,3.724,7,12,0
44.0,1.0,2.0,1.0,1000.0,200.0,0.01,0.005,0.0,3.724,12,50,0
42.0,1.0,2.0,1.0,1000.0,200.0,0.01,0.005,0.0,3.724,12,50,0
166.3,1.0,2.0,0.0,1.0,0.09314449528840213,100.0,50.0,71429.74750000001,3.724,5,50,0
44.0,1.0,1.0,1.0,1000.0,200.0,0.01,0.005,0.0,3.724,20,50,0
42.0,1.0,2.0,1.0,1000.0,200.0,0.01,0.005,0.0,3.724,20,50,0
44.0,1.0,2.0,1.0,1000.0,200.0,0.01,0.005,0.0,3.724,20,50,0
44.0,1.0,1.0,1.0,1000.0,200.0,0.01,0.005,0.0,3.724,20,50,0
44.0,1.0,2.0,1.0,1000.0,200.0,0.01,0.005,0.0,3.724,20,50,0
40.0,1.0,1.0,1.0,1000.0,200.0,0.01,0.005,0.0,3.724,1,1,0
44.0,1.0,2.0,1.0,1000.0,200.0,0.01,0.005,0.0,3.724,20,50,0
44.0,1.0,2.0,1.0,1000.0,200.0,0.01,0.005,0.0,3.724,20,50,0
44.0,1.0,1.0,1.0,1000.0,200.0,0.01,0.005,0.0,3.724,12,50,0
44.0,1.0,2.0,1.0,1000.0,200.0,0.01,0.005,0.0,3.724,20,50,0
93.0,2.0,1.0,1.0,1000.0,200.0,0.01,0.005,0.0,3.724,4,2,0
103.5,2.0,1.0,1.0,1000.0,200.0,0.01,0.005,4096.0,3.724,20,50,0
52.0,1.0,2.0,0.0,1.0,0.00698558175924891,100.0,50.0,0.0,3.724,5,50,0
42.0,1.0,2.0,1.0,1000.0,200.0,0.01,0.005,0.0,3.724,12,50,0
44.0,1.0,2.0,1.0,1000.0,200.0,0.01,0.005,0.0,3.724,20,50,0
44.0,1.0,2.0,1.0,1000.0,200.0,0.01,0.005,0.0,3.724,20,50,0
42.0,1.0,2.0,1.0,1000.0,200.0,0.01,0.005,0.0,3.724,20,50,0
42.0,1.0,2.0,1.0,1.0,0.0046566511413917615,100.0,50.0,0.0,3.724,20,50,0
44.0,1.0,1.0,1.0,1000.0,200.0,0.01,0.005,0.0,3.724,20,50,0
42.0,1.0,2.0,1.0,1000.0,200.0,0.01,0.005,0.0,3.724,20,50,0
44.0,1.0,1.0,1.0,1000.0,200.0,0.01,0.005,0.0,3.724,20,50,0
44.0,1.0,2.0,1.0,1000.0,200.0,0.01,0.005,0.0,3.724,20,50,0
40.0,1.0,1.0,1.0,1000.0,200.0,0.01,0.005,0.0,3.724,1,1,0
42.0,1.0,2.0,1.0,1000.0,200.0,0.01,0.005,0.0,3.724,20,50,0
44.0,1.0,2.0,1.0,1000.0,200.0,0.01,0.005,0.0,3.724,20,50,0
42.0,1.0,3.0,1.0,1.0,0.0046566186150191775,100.0,50.0,0.0,3.724,12,50,0
321.8666666666667,1.0,2.0,1.0,1000.0,200.0,0.0007142857142857143,0.00035714285714285714,224955.18222222224,3.724,20,30,0
44.0,1.0,2.0,1.0,1000.0,200.0,0.01,0.005,0.0,3.724,20,50,0
42.0,1.0,2.0,1.0,1000.0,200.0,0.01,0.005,0.0,3.724,12,50,0
42.0,1.0,2.0,1.0,1000.0,200.0,0.01,0.005,0.0,3.724,20,50,0
44.0,1.0,2.0,1.0,1000.0,200.0,0.01,0.005,0.0,3.724,20,50,0
353.0,2.0,2.0,1.0,1000.0,200.0,0.01,0.005,0.0,3.724,7,12,0
44.0,1.0,3.0,1.0,1000.0,200.0,0.01,0.005,0.0,3.724,20,50,0
44.0,1.0,2.0,1.0,1000.0,200.0,0.01,0.005,0.0,3.724,20,50,0
80.0,2.0,3.0,0.0,1000.0,200.0,0.01,0.005,0.0,3.724,9,26,0
44.0,1.0,2.0,1.0,1000.0,200.0,0.01,0.005,0.0,3.724,20,50,0
81.0,2.0,3.0,0.0,1000.0,200.0,0.01,0.005,0.0,3.724,9,26,0
880.75,1.0,2.0,1.0,1000.0,200.0,0.0005263157894736842,0.0002631578947368421,340009.83999999997,3.724,20,30,0
44.0,1.0,1.0,1.0,1000.0,200.0,0.01,0.005,0.0,3.724,12,50,0
42.0,1.0,2.0,1.0,1000.0,200.0,0.01,0.005,0.0,3.724,20,50,0
55.42857142857143,1.0,3.0,0.0,1.0,0.0162998653631121,100.0,50.0,0.0,3.724,11,49,0
44.0,1.0,2.0,1.0,1000.0,200.0,0.01,0.005,0.0,3.724,20,50,0
44.0,1.0,2.0,1.0,1000.0,200.0,0.01,0.005,0.0,3.724,20,50,0
42.0,1.0,2.0,1.0,1000.0,200.0,0.01,0.005,0.0,3.724,20,50,0
44.0,1.0,2.0,1.0,1000.0,200.0,0.01,0.005,0.0,3.724,20,50,0
42.0,1.0,2.0,1.0,1000.0,200.0,0.01,0.005,0.0,3.724,12,50,0
44.0,1.0,2.0,1.0,1000.0,200.0,0.01,0.005,0.0,3.724,20,50,0
44.0,1.0,2.0,1.0,1000.0,200.0,0.01,0.005,0.0,3.724,20,50,0
44.0,1.0,3.0,1.0,1000.0,200.0,0.01,0.005,0.0,3.724,20,50,0
44.0,1.0,2.0,1.0,1000.0,200.0,0.01,0.005,0.0,3.724,20,50,0
44.0,1.0,2.0,1.0,1000.0,200.0,0.01,0.005,0.0,3.724,20,50,0
42.0,1.0,2.0,1.0,1000.0,200.0,0.01,0.005,0.0,3.724,20,50,0
42.0,1.0,1.0,1.0,1000.0,200.0,0.01,0.005,0.0,3.724,20,50,0
44.0,1.0,2.0,1.0,1000.0,200.0,0.01,0.005,0.0,3.724,20,50,0
42.0,1.0,2.0,1.0,1000.0,200.0,0.01,0.005,0.0,3.724,20,50,0
44.0,1.0,2.0,1.0,1000.0,200.0,0.01,0.005,0.0,3.724,20,50,0
293.0,1.0,1.0,1.0,1000.0,200.0,0.001,0.0005,132243.520661157,3.724,10,13,0
44.0,1.0,2.0,1.0,1000.0,200.0,0.01,0.005,0.0,3.724,20,50,0
42.0,1.0,2.0,1.0,1000.0,200.0,0.01,0.005,0.0,3.724,12,50,0
44.0,1.0,2.0,1.0,1000.0,200.0,0.01,0.005,0.0,3.724,20,50,0
42.0,1.0,2.0,1.0,1000.0,200.0,0.01,0.005,0.0,3.724,20,50,0
365.0,2.0,1.0,1.0,1000.0,200.0,0.01,0.005,123904.0,3.724,20,50,0
44.0,1.0,2.0,1.0,1000.0,200.0,0.01,0.005,0.0,3.724,20,50,0
42.0,1.0,2.0,1.0,1000.0,200.0,0.01,0.005,0.0,3.724,20,50,0
44.0,1.0,2.0,1.0,1000.0,200.0,0.01,0.005,0.0,3.724,20,50,0
42.0,1.0,2.0,1.0,1.0,0.0046567563131063245,100.0,50.0,0.0,3.724,20,50,0
42.0,1.0,2.0,1.0,1000.0,200.0,0.01,0.005,0.0,3.724,12,50,0
188.5,2.0,1.0,1.0,1000.0,200.0,0.0033333333333333335,0.0016666666666666668,25600.0,3.724,1,1,0
42.0,1.0,1.0,1.0,1000.0,200.0,0.01,0.005,0.0,3.724,20,50,0
44.0,1.0,2.0,1.0,1000.0,200.0,0.01,0.005,0.0,3.724,20,50,0
44.0,1.0,2.0,1.0,1000.0,200.0,0.01,0.005,0.0,3.724,20,50,0
42.0,1.0,2.0,1.0,1000.0,200.0,0.01,0.005,0.0,3.724,20,50,0
44.0,1.0,2.0,1.0,1000.0,200.0,0.01,0.005,0.0,3.724,20,50,0
96.5,2.0,1.0,1.0,1000.0,200.0,0.01,0.005,4096.0,3.724,4,2,0
44.0,1.0,1.0,1.0,1000.0,200.0,0.01,0.005,0.0,3.724,12,50,0
44.0,1.0,2.0,1.0,1000.0,200.0,0.01,0.005,0.0,3.724,20,50,0
42.0,1.0,2.0,1.0,1000.0,200.0,0.01,0.005,0.0,3.724,20,50,0
42.0,1.0,1.0,1.0,1000.0,200.0,0.01,0.005,0.0,3.724,20,50,0
42.0,1.0,2.0,1.0,1000.0,200.0,0.01,0.005,0.0,3.724,20,50,0
42.0,1.0,2.0,1.0,1.0,0.004656616446610496,100.0,50.0,0.0,3.724,20,50,0
44.0,1.0,3.0,1.0,1000.0,200.0,0.01,0.005,0.0,3.724,20,50,0
44.0,1.0,2.0,1.0,1000.0,200.0,0.01,0.005,0.0,3.724,20,50,0
44.0,1.0,2.0,1.0,1000.0,200.0,0.01,0.005,0.0,3.724,20,50,0
44.0,1.0,2.0,1.0,1000.0,200.0,0.01,0.005,0.0,3.724,20,50,0
42.0,1.0,2.0,1.0,1000.0,200.0,0.01,0.005,0.0,3.724,20,50,0
42.0,1.0,3.0,1.0,1000.0,200.0,0.01,0.005,0.0,3.724,20,50,0
44.0,1.0,2.0,1.0,1000.0,200.0,0.01,0.005,0.0,3.724,20,50,0
44.0,1.0,2.0,1.0,1000.0,200.0,0.01,0.005,0.0,3.724,20,50,0
107.5,2.0,1.0,1.0,1000.0,200.0,0.01,0.005,4096.0,3.724,4,2,0
44.0,1.0,3.0,1.0,1000.0,200.0,0.01,0.005,0.0,3.724,20,50,0
44.0,1.0,2.0,1.0,1000.0,200.0,0.01,0.005,0.0,3.724,20,50,0
44.0,1.0,2.0,1.0,1000.0,200.0,0.01,0.005,0.0,3.724,20,50,0
42.0,1.0,2.0,1.0,1000.0,200.0,0.01,0.005,0.0,3.724,20,50,0
44.0,1.0,2.0,1.0,1000.0,200.0,0.01,0.005,0.0,3.724,20,50,0
28.0,3.0,1.0,0.0,2.305442754459169,0.38424045907652815,26.184060975609754,13.092030487804877,0.0,3.724,20,50,0
42.0,1.0,2.0,1.0,1000.0,200.0,0.01,0.005,0.0,3.724,20,50,0
42.0,1.0,2.0,1.0,1000.0,200.0,0.01,0.005,0.0,3.724,12,50,0
44.0,1.0,1.0,1.0,1000.0,200.0,0.01,0.005,0.0,3.724,20,50,0
44.0,1.0,1.0,1.0,1000.0,200.0,0.01,0.005,0.0,3.724,20,50,0
42.0,1.0,2.0,1.0,1000.0,200.0,0.01,0.005,0.0,3.724,20,50,0
44.0,1.0,2.0,1.0,1000.0,200.0,0.01,0.005,0.0,3.724,20,50,0
42.0,1.0,2.0,1.0,1000.0,200.0,0.01,0.005,0.0,3.724,20,50,0
44.0,1.0,1.0,1.0,1000.0,200.0,0.01,0.005,0.0,3.724,12,50,0
52.0,1.0,2.0,0.0,1000.0,200.0,0.01,0.005,0.0,3.724,20,50,0
128.625,1.0,2.0,1.0,1000.0,200.0,0.0014285714285714286,0.0007142857142857143,19200.0,3.724,20,50,0
44.0,1.0,2.0,1.0,1000.0,200.0,0.01,0.005,0.0,3.724,20,50,0
54.666666666666664,1.0,2.0,0.0,1.0,0.027943745514446686,100.0,50.0,0.0,3.724,5,50,0
44.0,1.0,2.0,1.0,1000.0,200.0,0.01,0.005,0.0,3.724,20,50,0
44.0,1.0,2.0,1.0,1000.0,200.0,0.01,0.005,0.0,3.724,20,50,0
44.0,1.0,2.0,1.0,1000.0,200.0,0.01,0.005,0.0,3.724,20,50,0
42.0,1.0,2.0,1.0,1000.0,200.0,0.01,0.005,0.0,3.724,12,50,0
44.0,1.0,2.0,1.0,1000.0,200.0,0.01,0.005,0.0,3.724,20,50,0
42.0,1.0,2.0,1.0,1000.0,200.0,0.01,0.005,0.0,3.724,12,50,0
42.0,1.0,2.0,1.0,1000.0,200.0,0.01,0.005,0.0,3.724,20,50,0
54.285714285714285,1.0,2.0,0.0,1.0,0.016298620531325716,100.0,50.0,0.0,3.724,5,50,0
44.0,1.0,2.0,1.0,1000.0,200.0,0.01,0.005,0.0,3.724,20,50,0
42.0,1.0,2.0,1.0,1000.0,200.0,0.01,0.005,0.0,3.724,20,50,0
44.0,1.0,1.0,1.0,1000.0,200.0,0.01,0.005,0.0,3.724,20,50,0
42.0,1.0,2.0,1.0,1000.0,200.0,0.01,0.005,0.0,3.724,20,50,0
44.0,1.0,2.0,1.0,1000.0,200.0,0.01,0.005,0.0,3.724,20,50,0
55.2,1.0,2.0,0.0,1.0,0.011642465473686515,100.0,50.0,0.0,3.724,5,50,0
44.0,1.0,1.0,1.0,1000.0,200.0,0.01,0.005,0.0,3.724,20,50,0
54.666666666666664,1.0,3.0,0.0,1.0,0.013971212317020778,100.0,50.0,0.0,3.724,5,50,0
44.0,1.0,2.0,1.0,1000.0,200.0,0.01,0.005,0.0,3.724,20,50,0
44.0,1.0,1.0,1.0,1000.0,200.0,0.01,0.005,0.0,3.724,20,50,0
44.0,1.0,2.0,1.0,1000.0,200.0,0.01,0.005,0.0,3.724,20,50,0
348.5,2.0,1.0,1.0,1000.0,200.0,0.01,0.005,123904.0,3.724,20,50,0
44.0,1.0,2.0,1.0,1000.0,200.0,0.01,0.005,0.0,3.724,20,50,0
44.0,1.0,1.0,1.0,1000.0,200.0,0.01,0.005,0.0,3.724,20,50,0
44.0,1.0,2.0,1.0,1000.0,200.0,0.01,0.005,0.0,3.724,20,50,0
44.0,1.0,2.0,1.0,1000.0,200.0,0.01,0.005,0.0,3.724,20,50,0
42.0,1.0,2.0,1.0,1000.0,200.0,0.01,0.005,0.0,3.724,20,50,0
302.2142857142857,1.0,2.0,1.0,1000.0,200.0,0.0007692307692307692,0.0003846153846153846,190378.24489795917,3.724,20,30,0
44.0,1.0,2.0,1.0,1000.0,200.0,0.01,0.005,0.0,3.724,20,50,0
44.0,1.0,2.0,1.0,1000.0,200.0,0.01,0.005,0.0,3.724,20,50,0
42.0,1.0,2.0,1.0,1000.0,200.0,0.01,0.005,0.0,3.724,20,50,0
55.2,1.0,2.0,0.0,1.0,0.02328679080078616,100.0,50.0,0.0,3.724,5,50,0
42.0,1.0,2.0,1.0,1000.0,200.0,0.01,0.005,0.0,3.724,20,50,0
44.0,1.0,2.0,1.0,1000.0,200.0,0.01,0.005,0.0,3.724,20,50,0
42.0,1.0,2.0,1.0,1000.0,200.0,0.01,0.005,0.0,3.724,20,50,0
63.0,2.0,2.0,1.0,1000.0,200.0,0.01,0.005,0.0,3.724,7,12,0
44.0,1.0,2.0,1.0,1000.0,200.0,0.01,0.005,0.0,3.724,20,50,0
44.0,1.0,2.0,1.0,1000.0,200.0,0.01,0.005,0.0,3.724,20,50,0
55.42857142857143,1.0,3.0,0.0,1.0,0.01630004375397459,100.0,50.0,0.0,3.724,11,49,0
314.5,2.0,3.0,1.0,1000.0,200.0,0.01,0.005,0.0,3.724,9,26,0
44.0,1.0,2.0,1.0,1000.0,200.0,0.01,0.005,0.0,3.724,12,50,0
44.0,1.0,1.0,1.0,1000.0,200.0,0.01,0.005,0.0,3.724,20,50,0
42.0,1.0,2.0,1.0,1000.0,200.0,0.01,0.005,0.0,3.724,20,50,0
56.0,1.0,2.0,0.0,1000.0,200.0,0.01,0.005,0.0,3.724,20,50,0
162.0,2.0,1.0,1.0,1000.0,200.0,0.0033333333333333335,0.0016666666666666668,25600.0,3.724,1,1,0
44.0,1.0,2.0,1.0,1000.0,200.0,0.01,0.005,0.0,3.724,20,50,0
44.0,1.0,2.0,1.0,1000.0,200.0,0.01,0.005,0.0,3.724,20,50,0
44.0,1.0,2.0,1.0,1000.0,200.0,0.01,0.005,0.0,3.724,20,50,0
55.2,1.0,2.0,0.0,1.0,0.011642929062893239,100.0,50.0,0.0,3.724,5,50,0
44.0,1.0,2.0,1.0,1000.0,200.0,0.01,0.005,0.0,3.724,20,50,0
42.0,1.0,2.0,1.0,1000.0,200.0,0.01,0.005,0.0,3.724,20,50,0
44.0,1.0,2.0,1.0,1000.0,200.0,0.01,0.005,0.0,3.724,20,50,0
42.0,1.0,1.0,1.0,1000.0,200.0,0.01,0.005,0.0,3.724,20,50,0
44.0,1.0,2.0,1.0,1000.0,200.0,0.01,0.005,0.0,3.724,12,50,0
44.0,1.0,2.0,1.0,1000.0,200.0,0.01,0.005,0.0,3.724,20,50,0
44.0,1.0,3.0,1.0,1000.0,200.0,0.01,0.005,0.0,3.724,20,50,0
42.0,1.0,2.0,1.0,1000.0,200.0,0.01,0.005,0.0,3.724,20,50,0
42.0,1.0,2.0,1.0,1.0,0.004656979683227585,100.0,50.0,0.0,3.724,20,50,0
56.0,1.0,2.0,0.0,1000.0,200.0,0.01,0.005,0.0,3.724,7,36,0
44.0,1.0,2.0,1.0,1000.0,200.0,0.01,0.005,0.0,3.724,20,50,0
44.0,1.0,2.0,1.0,1000.0,200.0,0.01,0.005,0.0,3.724,12,50,0
54.666666666666664,1.0,2.0,0.0,1.0,0.027942014731030165,100.0,50.0,0.0,3.724,5,50,0
42.0,1.0,2.0,1.0,1000.0,200.0,0.01,0.005,0.0,3.724,20,50,0
44.0,1.0,2.0,1.0,1000.0,200.0,0.01,0.005,0.0,3.724,20,50,0
42.0,1.0,1.0,1.0,1000.0,200.0,0.01,0.005,0.0,3.724,20,50,0
42.0,1.0,1.0,1.0,1000.0,200.0,0.01,0.005,0.0,3.724,12,50,0
44.0,1.0,3.0,1.0,1000.0,200.0,0.01,0.005,0.0,3.724,20,50,0
44.0,1.0,2.0,1.0,1000.0,200.0,0.01,0.005,0.0,3.724,20,50,0
44.0,1.0,2.0,1.0,1000.0,200.0,0.01,0.005,0.0,3.724,20,50,0
44.0,1.0,2.0,1.0,1000.0,200.0,0.01,0.005,0.0,3.724,20,50,0
44.0,1.0,2.0,1.0,1000.0,200.0,0.01,0.005,0.0,3.724,20,50,0
52.0,1.0,3.0,0.0,1000.0,200.0,0.01,0.005,0.0,3.724,5,50,0
44.0,1.0,2.0,1.0,1000.0,200.0,0.01,0.005,0.0,3.724,20,50,0
44.0,1.0,2.0,1.0,1000.0,200.0,0.01,0.005,0.0,3.724,12,50,0
44.0,1.0,2.0,1.0,1000.0,200.0,0.01,0.005,0.0,3.724,12,50,0
44.0,1.0,2.0,1.0,1000.0,200.0,0.01,0.005,0.0,3.724,20,50,0
42.0,1.0,2.0,1.0,1000.0,200.0,0.01,0.005,0.0,3.724,12,50,0
42.0,1.0,2.0,1.0,1000.0,200.0,0.01,0.005,0.0,3.724,12,50,0
42.0,1.0,2.0,1.0,1000.0,200.0,0.01,0.005,0.0,3.724,20,50,0
42.0,1.0,2.0,1.0,1000.0,200.0,0.01,0.005,0.0,3.724,20,50,0
61.0,2.0,2.0,1.0,1000.0,200.0,0.01,0.005,0.0,3.724,20,30,0
44.0,1.0,2.0,1.0,1000.0,200.0,0.01,0.005,0.0,3.724,12,50,0
44.0,1.0,2.0,1.0,1000.0,200.0,0.01,0.005,0.0,3.724,20,50,0
42.666666666666664,1.0,1.0,1.0,1000.0,200.0,0.005,0.0025,0.0,3.724,20,50,0
44.0,1.0,2.0,1.0,1000.0,200.0,0.01,0.005,0.0,3.724,20,50,0
44.0,1.0,2.0,1.0,1000.0,200.0,0.01,0.005,0.0,3.724,20,50,0
42.0,1.0,2.0,1.0,1000.0,200.0,0.01,0.005,0.0,3.724,20,50,0
44.0,1.0,2.0,1.0,1000.0,200.0,0.01,0.005,0.0,3.724,12,50,0
44.0,1.0,2.0,1.0,1000.0,200.0,0.01,0.005,0.0,3.724,20,50,0
44.0,1.0,2.0,1.0,1000.0,200.0,0.01,0.005,0.0,3.724,12,50,0
61.0,2.0,2.0,1.0,1000.0,200.0,0.01,0.005,0.0,3.724,20,30,0
44.0,1.0,2.0,1.0,1000.0,200.0,0.01,0.005,0.0,3.724,20,50,0
44.0,1.0,3.0,1.0,1000.0,200.0,0.01,0.005,0.0,3.724,20,50,0
42.666666666666664,1.0,1.0,1.0,1000.0,200.0,0.005,0.0025,0.0,3.724,12,50,0
42.0,1.0,2.0,1.0,1000.0,200.0,0.01,0.005,0.0,3.724,20,50,0
44.0,1.0,1.0,1.0,1000.0,200.0,0.01,0.005,0.0,3.724,20,50,0
44.0,1.0,1.0,1.0,1000.0,200.0,0.01,0.005,0.0,3.724,20,50,0
28.0,3.0,1.0,0.0,1.0,0.04423991632601931,100.0,50.0,0.0,3.724,20,50,0
347.75,2.0,3.0,1.0,1000.0,200.0,0.0006666666666666666,0.0003333333333333333,0.0,3.724,9,26,0
44.0,1.0,2.0,1.0,1000.0,200.0,0.01,0.005,0.0,3.724,20,50,0
42.0,1.0,1.0,1.0,1000.0,200.0,0.01,0.005,0.0,3.724,12,50,0
42.0,1.0,2.0,1.0,1.0,0.004656647888734055,100.0,50.0,0.0,3.724,20,50,0
52.0,1.0,2.0,0.0,1.0,0.020955598579210418,100.0,50.0,0.0,3.724,20,50,0
42.0,1.0,2.0,1.0,1000.0,200.0,0.01,0.005,0.0,3.724,20,50,0
44.0,1.0,2.0,1.0,1000.0,200.0,0.01,0.005,0.0,3.724,12,50,0
44.0,1.0,2.0,1.0,1000.0,200.0,0.01,0.005,0.0,3.724,20,50,0
71.0,2.0,1.0,1.0,1000.0,200.0,0.01,0.005,0.0,3.724,4,2,0
42.0,1.0,2.0,1.0,1000.0,200.0,0.01,0.005,0.0,3.724,12,50,0
44.0,1.0,2.0,1.0,1000.0,200.0,0.01,0.005,0.0,3.724,20,50,0
42.0,1.0,2.0,1.0,1000.0,200.0,0.01,0.005,0.0,3.724,12,50,0
44.0,1.0,2.0,1.0,1000.0,200.0,0.01,0.005,0.0,3.724,20,50,0
511.95238095238096,1.0,1.0,1.0,1000.0,200.0,0.0005,0.00025,277286.04535147396,3.724,20,30,0
44.0,1.0,2.0,1.0,1000.0,200.0,0.01,0.005,0.0,3.724,20,50,0
44.0,1.0,2.0,1.0,1000.0,200.0,0.01,0.005,0.0,3.724,20,50,0
44.0,1.0,3.0,1.0,1000.0,200.0,0.01,0.005,0.0,3.724,20,50,0
44.0,1.0,1.0,1.0,1000.0,200.0,0.01,0.005,0.0,3.724,20,50,0
42.0,1.0,2.0,1.0,1000.0,200.0,0.01,0.005,0.0,3.724,20,50,0
42.0,1.0,2.0,1.0,1000.0,200.0,0.01,0.005,0.0,3.724,12,50,0
106.0,2.0,1.0,1.0,1000.0,200.0,0.01,0.005,4096.0,3.724,20,50,0
52.0,1.0,2.0,0.0,1000.0,200.0,0.01,0.005,0.0,3.724,5,50,0
44.0,1.0,2.0,1.0,1000.0,200.0,0.01,0.005,0.0,3.724,20,50,0
44.0,1.0,2.0,1.0,1000.0,200.0,0.01,0.005,0.0,3.724,12,50,0
64.92857142857143,1.0,1.0,1.0,1000.0,200.0,0.0007692307692307692,0.0003846153846153846,0.0,3.724,20,50,0
42.0,1.0,2.0,1.0,1000.0,200.0,0.01,0.005,0.0,3.724,20,50,0
42.0,1.0,2.0,1.0,1000.0,200.0,0.01,0.005,0.0,3.724,12,50,0
42.0,1.0,2.0,1.0,1000.0,200.0,0.01,0.005,0.0,3.724,20,50,0
44.0,1.0,2.0,1.0,1000.0,200.0,0.01,0.005,0.0,3.724,20,50,0
44.0,1.0,2.0,1.0,1000.0,200.0,0.01,0.005,0.0,3.724,20,50,0
44.0,1.0,2.0,1.0,1000.0,200.0,0.01,0.005,0.0,3.724,20,50,0
96.5,2.0,1.0,1.0,1000.0,200.0,0.01,0.005,4096.0,3.724,4,2,0
44.0,1.0,2.0,1.0,1000.0,200.0,0.01,0.005,0.0,3.724,20,50,0
60.333333333333336,1.0,1.0,1.0,1000.0,200.0,0.00125,0.000625,0.0,3.724,20,50,0
347.75,2.0,3.0,1.0,1000.0,200.0,0.0006666666666666666,0.0003333333333333333,0.0,3.724,9,26,0
436.85714285714283,1.0,1.0,1.0,1000.0,200.0,0.0007692307692307692,0.0003846153846153846,291122.8163265306,3.724,20,50,0
42.0,1.0,2.0,1.0,1000.0,200.0,0.01,0.005,0.0,3.724,20,50,0
71.0,2.0,2.0,0.0,1000.0,200.0,0.01,0.005,0.0,3.724,9,26,0
44.0,1.0,2.0,1.0,1000.0,200.0,0.01,0.005,0.0,3.724,20,50,0
44.0,1.0,2.0,1.0,1000.0,200.0,0.01,0.005,0.0,3.724,20,50,0
55.55555555555556,1.0,3.0,0.0,1.0,0.020956589124182228,100.0,50.0,0.0,3.724,5,50,0
42.0,1.0,2.0,1.0,1000.0,200.0,0.01,0.005,0.0,3.724,20,50,0
44.0,1.0,2.0,1.0,1000.0,200.0,0.01,0.005,0.0,3.724,20,50,0
44.0,1.0,2.0,1.0,1000.0,200.0,0.01,0.005,0.0,3.724,20,50,0
40.0,1.0,2.0,1.0,1000.0,200.0,0.0001,5e-05,0.0,3.724,5,50,0
42.0,1.0,2.0,1.0,1000.0,200.0,0.01,0.005,0.0,3.724,20,50,0
44.0,1.0,1.0,1.0,1000.0,200.0,0.01,0.005,0.0,3.724,20,50,0
42.0,1.0,2.0,1.0,1000.0,200.0,0.01,0.005,0.0,3.724,20,50,0
42.0,1.0,2.0,1.0,1000.0,200.0,0.01,0.005,0.0,3.724,12,50,0
30.0,2.0,2.0,1.0,1000.0,200.0,0.01,0.005,0.0,3.724,20,50,0
56.0,1.0,2.0,0.0,1000.0,200.0,0.0033333333333333335,0.0016666666666666668,0.0,3.724,7,36,0
44.0,1.0,2.0,1.0,1000.0,200.0,0.01,0.005,0.0,3.724,20,50,0
135.11111111111111,1.0,1.0,1.0,1000.0,200.0,0.00125,0.000625,16485.135802469136,3.724,20,50,0
54.285714285714285,1.0,3.0,0.0,1.0,0.016299330213951996,100.0,50.0,0.0,3.724,5,50,0
96.5,2.0,1.0,1.0,1000.0,200.0,0.0033333333333333335,0.0016666666666666668,4096.0,3.724,1,1,0
135.0,2.0,1.0,1.0,1000.0,200.0,0.01,0.005,4096.0,3.724,11,49,0
44.0,1.0,2.0,1.0,1000.0,200.0,0.01,0.005,0.0,3.724,20,50,0
44.0,1.0,2.0,1.0,1000.0,200.0,0.01,0.005,0.0,3.724,20,50,0
42.0,1.0,2.0,1.0,1000.0,200.0,0.01,0.005,0.0,3.724,20,50,0
54.666666666666664,1.0,2.0,0.0,1.0,0.013970399052806944,100.0,50.0,0.0,3.724,5,50,0
42.0,1.0,2.0,1.0,1000.0,200.0,0.01,0.005,0.0,3.724,20,50,0
44.0,1.0,2.0,1.0,1000.0,200.0,0.01,0.005,0.0,3.724,20,50,0
44.0,1.0,1.0,1.0,1000.0,200.0,0.01,0.005,0.0,3.724,20,50,0
44.0,1.0,2.0,1.0,1000.0,200.0,0.01,0.005,0.0,3.724,20,50,0
44.0,1.0,2.0,1.0,1000.0,200.0,0.01,0.005,0.0,3.724,20,50,0
44.0,1.0,2.0,1.0,1000.0,200.0,0.01,0.005,0.0,3.724,20,50,0
44.0,1.0,1.0,1.0,1000.0,200.0,0.01,0.005,0.0,3.724,20,50,0
44.0,1.0,2.0,1.0,1000.0,200.0,0.01,0.005,0.0,3.724,20,50,0
118.0,1.0,2.0,0.0,1.0,0.011641912468185562,100.0,50.0,16384.0,3.724,5,50,0
42.0,1.0,2.0,1.0,1.0,0.004656659815167858,100.0,50.0,0.0,3.724,12,50,0
44.0,1.0,2.0,1.0,1000.0,200.0,0.01,0.005,0.0,3.724,20,50,0
42.0,1.0,2.0,1.0,1000.0,200.0,0.01,0.005,0.0,3.724,20,50,0
44.0,1.0,2.0,1.0,1000.0,200.0,0.01,0.005,0.0,3.724,20,50,0
44.0,1.0,2.0,1.0,1000.0,200.0,0.01,0.005,0.0,3.724,20,50,0
103.75,1.0,2.0,1.0,1000.0,200.0,0.0014285714285714286,0.0007142857142857143,11712.0,3.724,20,50,0
44.0,1.0,2.0,1.0,1000.0,200.0,0.01,0.005,0.0,3.724,20,50,0
44.0,1.0,2.0,1.0,1000.0,200.0,0.01,0.005,0.0,3.724,20,50,0
44.0,1.0,1.0,1.0,1000.0,200.0,0.01,0.005,0.0,3.724,12,50,0
44.0,1.0,2.0,1.0,1000.0,200.0,0.01,0.005,0.0,3.724,20,50,0
112.8,1.0,1.0,1.0,1000.0,200.0,0.0011111111111111111,0.0005555555555555556,44605.44000000001,3.724,4,2,0
63.0,2.0,2.0,1.0,1000.0,200.0,0.01,0.005,0.0,3.724,7,12,0
44.0,1.0,2.0,1.0,1000.0,200.0,0.01,0.005,0.0,3.724,20,50,0
42.0,1.0,2.0,1.0,1000.0,200.0,0.01,0.005,0.0,3.724,20,50,0
96.5,2.0,1.0,1.0,1000.0,200.0,0.0033333333333333335,0.0016666666666666668,4096.0,3.724,1,1,0
42.0,1.0,2.0,1.0,1000.0,200.0,0.01,0.005,0.0,3.724,12,50,0
44.0,1.0,2.0,1.0,1000.0,200.0,0.01,0.005,0.0,3.724,20,50,0
42.0,1.0,2.0,1.0,1000.0,200.0,0.01,0.005,0.0,3.724,20,50,0
58.0,1.0,2.0,1.0,1000.0,200.0,0.0014285714285714286,0.0007142857142857143,0.0,3.724,20,50,0
42.0,1.0,2.0,1.0,1.0,0.004656614278203831,100.0,50.0,0.0,3.724,20,50,0
71.0,2.0,1.0,1.0,1000.0,200.0,0.00045454545454545455,0.00022727272727272727,0.0,3.724,3,8,0
44.0,1.0,2.0,1.0,1000.0,200.0,0.01,0.005,0.0,3.724,20,50,0
234.0,2.0,1.0,1.0,1000.0,200.0,0.01,0.005,25600.0,3.724,20,50,0
430.6190476190476,1.0,1.0,1.0,1.0,0.04889462068368184,100.0,50.0,223466.60317460317,3.724,20,30,0
44.0,1.0,2.0,1.0,1000.0,200.0,0.01,0.005,0.0,3.724,20,50,0
42.0,1.0,2.0,1.0,1000.0,200.0,0.01,0.005,0.0,3.724,20,50,0
55.2,1.0,3.0,0.0,1.0,0.011642126616043596,100.0,50.0,0.0,3.724,5,50,0
44.0,1.0,1.0,1.0,1000.0,200.0,0.01,0.005,0.0,3.724,20,50,0
42.0,1.0,2.0,1.0,1000.0,200.0,0.01,0.005,0.0,3.724,20,50,0
44.0,1.0,2.0,1.0,1000.0,200.0,0.01,0.005,0.0,3.724,20,50,0
137.4527252502781,2.0,1.0,1.0,75.35385859067516,12.558976431779193,0.7963908770628592,0.3981954385314296,356.3607970831432,3.724,20,50,0
42.0,1.0,2.0,1.0,1000.0,200.0,0.01,0.005,0.0,3.724,12,50,0
44.0,1.0,2.0,1.0,1000.0,200.0,0.01,0.005,0.0,3.724,20,50,0
44.0,1.0,2.0,1.0,1000.0,200.0,0.01,0.005,0.0,3.724,20,50,0
40.0,1.0,1.0,1.0,1000.0,200.0,0.01,0.005,0.0,3.724,1,1,0
42.0,1.0,2.0,1.0,1000.0,200.0,0.01,0.005,0.0,3.724,20,50,0
44.0,1.0,2.0,1.0,1000.0,200.0,0.01,0.005,0.0,3.724,20,50,0
96.5,2.0,1.0,1.0,1000.0,200.0,0.01,0.005,4096.0,3.724,4,2,0
96.5,2.0,1.0,1.0,1000.0,200.0,0.0033333333333333335,0.0016666666666666668,4096.0,3.724,1,1,0
42.0,1.0,2.0,1.0,1000.0,200.0,0.01,0.005,0.0,3.724,20,50,0
44.0,1.0,2.0,1.0,1000.0,200.0,0.01,0.005,0.0,3.724,20,50,0
42.666666666666664,1.0,1.0,1.0,1000.0,200.0,0.005,0.0025,0.0,3.724,20,50,0
44.0,1.0,2.0,1.0,1000.0,200.0,0.01,0.005,0.0,3.724,20,50,0
44.0,1.0,2.0,1.0,1000.0,200.0,0.01,0.005,0.0,3.724,20,50,0
44.0,1.0,1.0,1.0,1000.0,200.0,0.01,0.005,0.0,3.724,20,50,0
44.0,1.0,2.0,1.0,1000.0,200.0,0.01,0.005,0.0,3.724,20,50,0
44.0,1.0,2.0,1.0,1000.0,200.0,0.01,0.005,0.0,3.724,20,50,0
44.0,1.0,2.0,1.0,1000.0,200.0,0.01,0.005,0.0,3.724,20,50,0
305.0,1.0,2.0,1.0,1000.0,200.0,0.0006666666666666666,0.0003333333333333333,215194.43359375,3.724,20,30,0
44.0,1.0,2.0,1.0,1000.0,200.0,0.01,0.005,0.0,3.724,20,50,0
64.92857142857143,1.0,1.0,1.0,1000.0,200.0,0.0007692307692307692,0.0003846153846153846,0.0,3.724,20,50,0
42.0,1.0,2.0,1.0,1000.0,200.0,0.01,0.005,0.0,3.724,20,50,0
44.0,1.0,2.0,1.0,1000.0,200.0,0.01,0.005,0.0,3.724,20,50,0
42.0,1.0,1.0,1.0,1000.0,200.0,0.01,0.005,0.0,3.724,20,50,0
56.0,1.0,2.0,0.0,1000.0,200.0,0.01,0.005,0.0,3.724,11,49,0
44.0,1.0,1.0,1.0,1000.0,200.0,0.01,0.005,0.0,3.724,20,50,0
42.0,1.0,1.0,1.0,1000.0,200.0,0.01,0.005,0.0,3.724,20,50,0
44.0,1.0,2.0,1.0,1000.0,200.0,0.01,0.005,0.0,3.724,20,50,0
44.0,1.0,2.0,1.0,1000.0,200.0,0.01,0.005,0.0,3.724,20,50,0
42.0,1.0,2.0,1.0,1000.0,200.0,0.01,0.005,0.0,3.724,20,50,0
44.0,1.0,3.0,1.0,1000.0,200.0,0.01,0.005,0.0,3.724,12,50,0
44.0,1.0,1.0,1.0,1000.0,200.0,0.01,0.005,0.0,3.724,20,50,0
42.0,1.0,1.0,1.0,1000.0,200.0,0.01,0.005,0.0,3.724,20,50,0
42.0,1.0,2.0,1.0,1000.0,200.0,0.01,0.005,0.0,3.724,12,50,0
44.0,1.0,2.0,1.0,1000.0,200.0,0.01,0.005,0.0,3.724,20,50,0
44.0,1.0,3.0,1.0,1000.0,200.0,0.01,0.005,0.0,3.724,20,50,0
44.0,1.0,1.0,1.0,1000.0,200.0,0.01,0.005,0.0,3.724,20,50,0
42.0,1.0,2.0,1.0,1.0,0.004656614278203831,100.0,50.0,0.0,3.724,12,50,0
44.0,1.0,1.0,1.0,1000.0,200.0,0.01,0.005,0.0,3.724,12,50,0
42.0,1.0,1.0,1.0,1000.0,200.0,0.01,0.005,0.0,3.724,20,50,0
44.0,1.0,2.0,1.0,1000.0,200.0,0.01,0.005,0.0,3.724,20,50,0
44.0,1.0,2.0,1.0,1000.0,200.0,0.01,0.005,0.0,3.724,20,50,0
42.0,1.0,2.0,1.0,1000.0,200.0,0.01,0.005,0.0,3.724,20,50,0
42.0,1.0,2.0,1.0,1000.0,200.0,0.01,0.005,0.0,3.724,20,50,0
44.0,1.0,1.0,1.0,1000.0,200.0,0.01,0.005,0.0,3.724,20,50,0
42.0,1.0,2.0,1.0,1000.0,200.0,0.01,0.005,0.0,3.724,20,50,0
42.0,1.0,2.0,1.0,1000.0,200.0,0.01,0.005,0.0,3.724,20,50,0
44.0,1.0,2.0,1.0,1000.0,200.0,0.01,0.005,0.0,3.724,20,50,0
44.0,1.0,1.0,1.0,1000.0,200.0,0.01,0.005,0.0,3.724,20,50,0
42.0,1.0,2.0,1.0,1000.0,200.0,0.01,0.005,0.0,3.724,20,50,0
44.0,1.0,2.0,1.0,1000.0,200.0,0.01,0.005,0.0,3.724,20,50,0
110.5,2.0,1.0,1.0,1000.0,200.0,0.01,0.005,4096.0,3.724,20,50,0
42.0,1.0,1.0,1.0,1000.0,200.0,0.01,0.005,0.0,3.724,20,50,0
55.2,1.0,3.0,0.0,1.0,0.011642294686968967,100.0,50.0,0.0,3.724,5,50,0
44.0,1.0,2.0,1.0,1000.0,200.0,0.01,0.005,0.0,3.724,20,50,0
44.0,1.0,1.0,1.0,1000.0,200.0,0.01,0.005,0.0,3.724,20,50,0
44.0,1.0,1.0,1.0,1000.0,200.0,0.01,0.005,0.0,3.724,20,50,0
42.0,1.0,2.0,1.0,1000.0,200.0,0.01,0.005,0.0,3.724,12,50,0
42.0,1.0,2.0,1.0,1000.0,200.0,0.01,0.005,0.0,3.724,12,50,0
44.0,1.0,2.0,1.0,1000.0,200.0,0.01,0.005,0.0,3.724,20,50,0
55.5,1.0,1.0,1.0,1000.0,200.0,0.002,0.001,0.0,3.724,9,5,0
44.0,1.0,1.0,1.0,1000.0,200.0,0.01,0.005,0.0,3.724,20,50,0
40.0,3.0,1.0,0.0,1.0,0.11179247590056991,91.35468085106383,45.677340425531916,0.0,3.724,20,50,0
54.285714285714285,1.0,2.0,0.0,1.0,0.016299747703190908,100.0,50.0,0.0,3.724,5,50,0
44.0,1.0,2.0,1.0,1000.0,200.0,0.01,0.005,0.0,3.724,20,50,0
44.0,1.0,2.0,1.0,1000.0,200.0,0.01,0.005,0.0,3.724,20,50,0
93.0,2.0,1.0,1.0,1000.0,200.0,0.0033333333333333335,0.0016666666666666668,0.0,3.724,1,1,0
42.0,1.0,2.0,1.0,1000.0,200.0,0.01,0.005,0.0,3.724,20,50,0
96.5,2.0,1.0,1.0,1000.0,200.0,0.0033333333333333335,0.0016666666666666668,4096.0,3.724,1,1,0
42.0,1.0,2.0,1.0,1000.0,200.0,0.01,0.005,0.0,3.724,20,50,0
44.0,1.0,2.0,1.0,1000.0,200.0,0.01,0.005,0.0,3.724,20,50,0
93.0,2.0,1.0,1.0,1000.0,200.0,0.01,0.005,0.0,3.724,4,2,0
96.5,2.0,1.0,1.0,1000.0,200.0,0.01,0.005,4096.0,3.724,4,2,0
40.0,1.0,2.0,0.0,1000.0,200.0,0.01,0.005,0.0,3.724,8,9,0
42.0,1.0,2.0,1.0,1000.0,200.0,0.01,0.005,0.0,3.724,20,50,0
42.0,1.0,2.0,1.0,1.0,0.004656711858503016,100.0,50.0,0.0,3.724,20,50,0
54.285714285714285,1.0,3.0,0.0,1.0,0.01629998682029637,100.0,50.0,0.0,3.724,5,50,0
42.0,1.0,2.0,1.0,1000.0,200.0,0.01,0.005,0.0,3.724,20,50,0
44.0,1.0,2.0,1.0,1000.0,200.0,0.01,0.005,0.0,3.724,20,50,0
42.0,1.0,2.0,1.0,1000.0,200.0,0.01,0.005,0.0,3.724,20,50,0
44.0,1.0,2.0,1.0,1000.0,200.0,0.01,0.005,0.0,3.724,20,50,0
44.0,1.0,2.0,1.0,1000.0,200.0,0.01,0.005,0.0,3.724,20,50,0
44.0,1.0,2.0,1.0,1000.0,200.0,0.01,0.005,0.0,3.724,20,50,0
44.0,1.0,2.0,1.0,1000.0,200.0,0.01,0.005,0.0,3.724,20,50,0
44.0,1.0,2.0,1.0,1000.0,200.0,0.01,0.005,0.0,3.724,12,50,0
44.0,1.0,2.0,1.0,1000.0,200.0,0.01,0.005,0.0,3.724,20,50,0
44.0,1.0,2.0,1.0,1000.0,200.0,0.01,0.005,0.0,3.724,20,50,0
42.0,1.0,2.0,1.0,1000.0,200.0,0.01,0.005,0.0,3.724,20,50,0
119.9,1.0,2.0,1.0,1000.0,200.0,0.0011111111111111111,0.0005555555555555556,44277.759999999995,3.724,20,30,0
44.0,1.0,1.0,1.0,1000.0,200.0,0.01,0.005,0.0,3.724,20,50,0
44.0,1.0,2.0,1.0,1000.0,200.0,0.01,0.005,0.0,3.724,20,50,0
44.0,1.0,2.0,1.0,1000.0,200.0,0.01,0.005,0.0,3.724,20,50,0
44.0,1.0,2.0,1.0,1000.0,200.0,0.01,0.005,0.0,3.724,20,50,0
44.0,1.0,2.0,1.0,1000.0,200.0,0.01,0.005,0.0,3.724,20,50,0
44.0,1.0,2.0,1.0,1000.0,200.0,0.01,0.005,0.0,3.724,20,50,0
42.0,1.0,1.0,1.0,1000.0,200.0,0.01,0.005,0.0,3.724,20,50,0
44.0,1.0,2.0,1.0,1000.0,200.0,0.01,0.005,0.0,3.724,20,50,0
42.0,1.0,2.0,1.0,1000.0,200.0,0.01,0.005,0.0,3.724,20,50,0
42.0,1.0,2.0,1.0,1000.0,200.0,0.01,0.005,0.0,3.724,20,50,0
257.84444444444443,1.0,3.0,0.0,1.0,0.10478826483208031,97.59940909090909,48.799704545454546,67867.26222222223,3.724,5,50,0
44.0,1.0,2.0,1.0,1000.0,200.0,0.01,0.005,0.0,3.724,20,50,0
42.0,1.0,2.0,1.0,1000.0,200.0,0.01,0.005,0.0,3.724,20,50,0
44.0,1.0,2.0,1.0,1000.0,200.0,0.01,0.005,0.0,3.724,20,50,0
42.0,1.0,2.0,1.0,1000.0,200.0,0.01,0.005,0.0,3.724,12,50,0
63.0,2.0,2.0,1.0,1000.0,200.0,0.01,0.005,0.0,3.724,7,12,0
44.0,1.0,2.0,1.0,1000.0,200.0,0.01,0.005,0.0,3.724,20,50,0
44.0,1.0,3.0,1.0,1000.0,200.0,0.01,0.005,0.0,3.724,20,50,0
44.0,1.0,2.0,1.0,1000.0,200.0,0.01,0.005,0.0,3.724,20,50,0
42.0,1.0,2.0,1.0,1000.0,200.0,0.01,0.005,0.0,3.724,20,50,0
42.0,1.0,2.0,1.0,1000.0,200.0,0.01,0.005,0.0,3.724,20,50,0
40.0,1.0,2.0,1.0,1000.0,200.0,0.0001,5e-05,0.0,3.724,20,50,0
42.0,1.0,2.0,1.0,1000.0,200.0,0.01,0.005,0.0,3.724,12,50,0
44.0,1.0,2.0,1.0,1000.0,200.0,0.01,0.005,0.0,3.724,20,50,0
96.5,2.0,1.0,1.0,1000.0,200.0,0.01,0.005,4096.0,3.724,4,2,0
44.0,1.0,2.0,1.0,1000.0,200.0,0.01,0.005,0.0,3.724,20,50,0
44.0,1.0,2.0,1.0,1000.0,200.0,0.01,0.005,0.0,3.724,20,50,0
42.0,1.0,2.0,1.0,1000.0,200.0,0.01,0.005,0.0,3.724,20,50,0
409.5,2.0,1.0,1.0,1000.0,200.0,0.01,0.005,123904.0,3.724,20,50,0
44.0,1.0,2.0,1.0,1000.0,200.0,0.01,0.005,0.0,3.724,20,50,0
44.0,1.0,2.0,1.0,1000.0,200.0,0.01,0.005,0.0,3.724,20,50,0
54.285714285714285,1.0,2.0,0.0,1.0,0.016299747703190908,100.0,50.0,0.0,3.724,5,50,0
93.0,2.0,1.0,1.0,1000.0,200.0,0.0033333333333333335,0.0016666666666666668,0.0,3.724,1,1,0
56.0,1.0,2.0,0.0,1.0,0.009313634065920505,100.0,50.0,0.0,3.724,5,50,0
55.2,1.0,2.0,0.0,1.0,0.011642338060898741,100.0,50.0,0.0,3.724,5,50,0
110.7,1.0,1.0,1.0,1000.0,200.0,0.0011111111111111111,0.0005555555555555556,9871.36,3.724,14,12,0
157.33333333333334,1.0,2.0,1.0,1000.0,200.0,0.00125,0.000625,53500.83950617283,3.724,20,50,0
44.0,1.0,1.0,1.0,1000.0,200.0,0.01,0.005,0.0,3.724,12,50,0
44.0,1.0,2.0,1.0,1000.0,200.0,0.01,0.005,0.0,3.724,20,50,0
44.0,1.0,1.0,1.0,1000.0,200.0,0.01,0.005,0.0,3.724,12,50,0
42.0,1.0,2.0,1.0,1000.0,200.0,0.01,0.005,0.0,3.724,20,50,0
56.30769230769231,1.0,2.0,0.0,1.0,0.03027106575108336,100.0,50.0,0.0,3.724,7,36,0
42.0,1.0,2.0,1.0,1000.0,200.0,0.01,0.005,0.0,3.724,12,50,0
63.0,2.0,2.0,1.0,1000.0,200.0,0.01,0.005,0.0,3.724,7,12,0
44.0,1.0,2.0,1.0,1000.0,200.0,0.01,0.005,0.0,3.724,20,50,0
44.0,1.0,2.0,1.0,1000.0,200.0,0.01,0.005,0.0,3.724,20,50,0
44.0,1.0,2.0,1.0,1000.0,200.0,0.01,0.005,0.0,3.724,20,50,0
44.0,1.0,2.0,1.0,1000.0,200.0,0.01,0.005,0.0,3.724,20,50,0
44.0,1.0,2.0,1.0,1000.0,200.0,0.01,0.005,0.0,3.724,20,50,0
44.0,1.0,2.0,1.0,1000.0,200.0,0.01,0.005,0.0,3.724,20,50,0
44.0,1.0,2.0,1.0,1000.0,200.0,0.01,0.005,0.0,3.724,20,50,0
124.22222222222223,1.0,3.0,0.0,1000.0,200.0,0.00125,0.000625,17698.765432098764,3.724,1,1,0
44.0,1.0,2.0,1.0,1000.0,200.0,0.01,0.005,0.0,3.724,20,50,0
40.0,1.0,2.0,1.0,1000.0,200.0,0.0001,5e-05,0.0,3.724,5,50,0
44.0,1.0,2.0,1.0,1000.0,200.0,0.01,0.005,0.0,3.724,20,50,0
44.0,1.0,2.0,1.0,1000.0,200.0,0.01,0.005,0.0,3.724,12,50,0
44.0,1.0,2.0,1.0,1000.0,200.0,0.01,0.005,0.0,3.724,20,50,0
52.0,1.0,3.0,0.0,1000.0,200.0,0.01,0.005,0.0,3.724,11,49,0
44.0,1.0,3.0,1.0,1000.0,200.0,0.01,0.005,0.0,3.724,20,50,0
42.0,1.0,2.0,1.0,1000.0,200.0,0.01,0.005,0.0,3.724,12,50,0
44.0,1.0,1.0,1.0,1000.0,200.0,0.01,0.005,0.0,3.724,20,50,0
44.0,1.0,2.0,1.0,1000.0,200.0,0.01,0.005,0.0,3.724,20,50,0
42.0,1.0,3.0,1.0,1.0,0.004656632709724842,100.0,50.0,0.0,3.724,12,50,0
60.333333333333336,1.0,1.0,1.0,1000.0,200.0,0.00125,0.000625,0.0,3.724,20,50,0
44.0,1.0,2.0,1.0,1000.0,200.0,0.01,0.005,0.0,3.724,20,50,0
44.0,1.0,1.0,1.0,1000.0,200.0,0.01,0.005,0.0,3.724,20,50,0
44.0,1.0,2.0,1.0,1000.0,200.0,0.01,0.005,0.0,3.724,20,50,0
56.0,1.0,2.0,0.0,1.0,0.00931325891418577,100.0,50.0,0.0,3.724,7,36,0
42.0,1.0,2.0,1.0,1000.0,200.0,0.01,0.005,0.0,3.724,20,50,0
40.0,1.0,2.0,0.0,1000.0,200.0,0.01,0.005,0.0,3.724,20,30,0
44.0,1.0,2.0,1.0,1000.0,200.0,0.01,0.005,0.0,3.724,20,50,0
40.0,1.0,2.0,0.0,1000.0,200.0,0.01,0.005,0.0,3.724,7,36,0
44.0,1.0,2.0,1.0,1000.0,200.0,0.01,0.005,0.0,3.724,20,50,0
42.0,1.0,1.0,1.0,1000.0,200.0,0.01,0.005,0.0,3.724,20,50,0
42.0,1.0,2.0,1.0,1000.0,200.0,0.01,0.005,0.0,3.724,20,50,0
42.0,1.0,2.0,1.0,1000.0,200.0,0.01,0.005,0.0,3.724,20,50,0
44.0,1.0,2.0,1.0,1000.0,200.0,0.01,0.005,0.0,3.724,12,50,0
42.0,1.0,2.0,1.0,1000.0,200.0,0.01,0.005,0.0,3.724,20,50,0
44.0,1.0,2.0,1.0,1000.0,200.0,0.01,0.005,0.0,3.724,20,50,0
44.0,1.0,2.0,1.0,1000.0,200.0,0.01,0.005,0.0,3.724,20,50,0
42.0,1.0,1.0,1.0,1000.0,200.0,0.01,0.005,0.0,3.724,20,50,0
44.0,1.0,2.0,1.0,1000.0,200.0,0.01,0.005,0.0,3.724,20,50,0
44.0,1.0,2.0,1.0,1000.0,200.0,0.01,0.005,0.0,3.724,20,50,0
44.0,1.0,1.0,1.0,1000.0,200.0,0.01,0.005,0.0,3.724,20,50,0
167.5,1.0,2.0,1.0,1000.0,200.0,0.0014285714285714286,0.0007142857142857143,58368.0,3.724,14,12,0
42.0,1.0,2.0,1.0,1000.0,200.0,0.01,0.005,0.0,3.724,20,50,0
44.0,1.0,2.0,1.0,1000.0,200.0,0.01,0.005,0.0,3.724,12,50,0
42.0,1.0,2.0,1.0,1000.0,200.0,0.01,0.005,0.0,3.724,20,50,0
44.0,1.0,2.0,1.0,1000.0,200.0,0.01,0.005,0.0,3.724,20,50,0
44.0,1.0,2.0,1.0,1000.0,200.0,0.01,0.005,0.0,3.724,20,50,0
44.0,1.0,2.0,1.0,1000.0,200.0,0.01,0.005,0.0,3.724,12,50,0
52.0,2.0,2.0,1.0,1000.0,200.0,0.0033333333333333335,0.0016666666666666668,0.0,3.724,8,9,0
464.5,2.0,1.0,1.0,1000.0,200.0,0.01,0.005,82944.0,3.724,20,50,0
44.0,1.0,1.0,1.0,1000.0,200.0,0.01,0.005,0.0,3.724,20,50,0
44.0,1.0,2.0,1.0,1000.0,200.0,0.01,0.005,0.0,3.724,20,50,0
44.0,1.0,2.0,1.0,1000.0,200.0,0.01,0.005,0.0,3.724,20,50,0
314.5,2.0,3.0,1.0,1000.0,200.0,0.01,0.005,0.0,3.724,9,26,0
44.0,1.0,3.0,1.0,1000.0,200.0,0.01,0.005,0.0,3.724,20,50,0
101.5,1.0,2.0,1.0,1000.0,200.0,0.0014285714285714286,0.0007142857142857143,11712.0,3.724,14,12,0
42.0,1.0,1.0,1.0,1000.0,200.0,0.01,0.005,0.0,3.724,12,50,0
42.0,1.0,2.0,1.0,1000.0,200.0,0.01,0.005,0.0,3.724,20,50,0
42.0,1.0,1.0,1.0,1.0,0.004656637046574519,100.0,50.0,0.0,3.724,20,50,0
135.0,2.0,1.0,1.0,1000.0,200.0,0.01,0.005,4096.0,3.724,11,49,0
93.0,2.0,1.0,1.0,1000.0,200.0,0.01,0.005,0.0,3.724,4,2,0
44.0,1.0,2.0,1.0,1000.0,200.0,0.01,0.005,0.0,3.724,20,50,0
44.0,1.0,1.0,1.0,1000.0,200.0,0.01,0.005,0.0,3.724,20,50,0
42.0,1.0,2.0,1.0,1000.0,200.0,0.01,0.005,0.0,3.724,20,50,0
44.0,1.0,1.0,1.0,1000.0,200.0,0.01,0.005,0.0,3.724,20,50,0
42.0,1.0,2.0,1.0,1000.0,200.0,0.01,0.005,0.0,3.724,12,50,0
44.0,1.0,2.0,1.0,1000.0,200.0,0.01,0.005,0.0,3.724,20,50,0
53.0,2.0,2.0,1.0,1000.0,200.0,0.01,0.005,0.0,3.724,8,9,0
44.0,1.0,2.0,1.0,1000.0,200.0,0.01,0.005,0.0,3.724,20,50,0
42.0,1.0,1.0,1.0,1.0,0.004656631625513685,100.0,50.0,0.0,3.724,12,50,0
42.0,1.0,2.0,1.0,1000.0,200.0,0.01,0.005,0.0,3.724,12,50,0
42.0,1.0,2.0,1.0,1000.0,200.0,0.01,0.005,0.0,3.724,12,50,0
42.0,1.0,2.0,1.0,1000.0,200.0,0.01,0.005,0.0,3.724,20,50,0
73.0,2.0,1.0,1.0,1000.0,200.0,0.01,0.005,0.0,3.724,14,12,0
44.0,1.0,2.0,1.0,1000.0,200.0,0.01,0.005,0.0,3.724,20,50,0
156.95833333333334,1.0,2.0,0.0,1.0,0.05588382126118608,100.0,50.0,62958.83159722222,3.724,5,50,0
44.0,1.0,2.0,1.0,1000.0,200.0,0.01,0.005,0.0,3.724,20,50,0
44.0,1.0,2.0,1.0,1000.0,200.0,0.01,0.005,0.0,3.724,20,50,0
44.0,1.0,2.0,1.0,1000.0,200.0,0.01,0.005,0.0,3.724,20,50,0
42.0,1.0,2.0,1.0,1000.0,200.0,0.01,0.005,0.0,3.724,12,50,0
300.0,2.0,1.0,1.0,1000.0,200.0,0.01,0.005,123904.0,3.724,20,50,0
44.0,1.0,2.0,1.0,1000.0,200.0,0.01,0.005,0.0,3.724,20,50,0
44.0,1.0,1.0,1.0,1000.0,200.0,0.01,0.005,0.0,3.724,20,50,0
193.0,2.0,1.0,1.0,1000.0,200.0,0.01,0.005,25600.0,3.724,4,2,0
42.0,1.0,2.0,1.0,1000.0,200.0,0.01,0.005,0.0,3.724,20,50,0
44.0,1.0,2.0,1.0,1000.0,200.0,0.01,0.005,0.0,3.724,20,50,0
44.0,1.0,2.0,1.0,1000.0,200.0,0.01,0.005,0.0,3.724,20,50,0
42.0,1.0,2.0,1.0,1000.0,200.0,0.01,0.005,0.0,3.724,12,50,0
44.0,1.0,2.0,1.0,1000.0,200.0,0.01,0.005,0.0,3.724,20,50,0
44.0,1.0,2.0,1.0,1000.0,200.0,0.01,0.005,0.0,3.724,20,50,0
44.0,1.0,2.0,1.0,1000.0,200.0,0.01,0.005,0.0,3.724,12,50,0
187.0,3.0,1.0,0.0,1000.0,200.0,0.01,0.005,0.0,3.724,20,50,0
40.0,1.0,3.0,0.0,1.0,0.006985315005108594,100.0,50.0,0.0,3.724,20,30,0
93.0,2.0,1.0,1.0,1000.0,200.0,0.01,0.005,0.0,3.724,4,2,0
44.0,1.0,2.0,1.0,1000.0,200.0,0.01,0.005,0.0,3.724,20,50,0
44.0,1.0,2.0,1.0,1000.0,200.0,0.01,0.005,0.0,3.724,20,50,0
44.0,1.0,2.0,1.0,1000.0,200.0,0.01,0.005,0.0,3.724,20,50,0
44.0,1.0,2.0,1.0,1000.0,200.0,0.01,0.005,0.0,3.724,20,50,0
44.0,1.0,2.0,1.0,1000.0,200.0,0.01,0.005,0.0,3.724,20,50,0
42.0,1.0,3.0,1.0,1000.0,200.0,0.01,0.005,0.0,3.724,12,50,0
44.0,1.0,2.0,1.0,1000.0,200.0,0.01,0.005,0.0,3.724,20,50,0
44.0,1.0,2.0,1.0,1000.0,200.0,0.01,0.005,0.0,3.724,20,50,0
42.0,1.0,2.0,1.0,1000.0,200.0,0.01,0.005,0.0,3.724,20,50,0
76.5,1.0,1.0,1.0,1000.0,200.0,0.0009090909090909091,0.00045454545454545455,1251.5555555555554,3.724,10,13,0
44.0,1.0,2.0,1.0,1000.0,200.0,0.01,0.005,0.0,3.724,12,50,0
44.0,1.0,2.0,1.0,1000.0,200.0,0.01,0.005,0.0,3.724,20,50,0
44.0,1.0,2.0,1.0,1000.0,200.0,0.01,0.005,0.0,3.724,20,50,0
42.0,1.0,2.0,1.0,1000.0,200.0,0.01,0.005,0.0,3.724,12,50,0
44.0,1.0,1.0,1.0,1000.0,200.0,0.01,0.005,0.0,3.724,20,50,0
44.0,1.0,2.0,1.0,1000.0,200.0,0.01,0.005,0.0,3.724,20,50,0
44.0,1.0,2.0,1.0,1000.0,200.0,0.01,0.005,0.0,3.724,20,50,0
44.0,1.0,2.0,1.0,1000.0,200.0,0.01,0.005,0.0,3.724,20,50,0
44.0,1.0,2.0,1.0,1000.0,200.0,0.01,0.005,0.0,3.724,12,50,0
44.0,1.0,2.0,1.0,1000.0,200.0,0.01,0.005,0.0,3.724,20,50,0
55.2,1.0,2.0,0.0,1.0,0.011642590178264354,100.0,50.0,0.0,3.724,5,50,0
44.0,1.0,2.0,1.0,1000.0,200.0,0.01,0.005,0.0,3.724,20,50,0
44.0,1.0,2.0,1.0,1000.0,200.0,0.01,0.005,0.0,3.724,20,50,0
68.0,2.0,1.0,1.0,1000.0,200.0,0.01,0.005,0.0,3.724,1,1,0
176.88888888888889,1.0,2.0,0.0,1.0,0.020956130436544138,100.0,50.0,25283.950617283954,3.724,5,50,0
44.0,1.0,1.0,1.0,1000.0,200.0,0.01,0.005,0.0,3.724,20,50,0
44.0,1.0,1.0,1.0,1000.0,200.0,0.01,0.005,0.0,3.724,12,50,0
44.0,1.0,2.0,1.0,1000.0,200.0,0.01,0.005,0.0,3.724,20,50,0
42.0,1.0,2.0,1.0,1000.0,200.0,0.01,0.005,0.0,3.724,20,50,0
44.0,1.0,2.0,1.0,1000.0,200.0,0.01,0.005,0.0,3.724,20,50,0
44.0,1.0,2.0,1.0,1000.0,200.0,0.01,0.005,0.0,3.724,20,50,0
44.0,1.0,2.0,1.0,1000.0,200.0,0.01,0.005,0.0,3.724,20,50,0
44.0,1.0,2.0,1.0,1000.0,200.0,0.01,0.005,0.0,3.724,20,50,0
55.2,1.0,2.0,0.0,1.0,0.011643227297686118,100.0,50.0,0.0,3.724,5,50,0
44.0,1.0,2.0,1.0,1000.0,200.0,0.01,0.005,0.0,3.724,20,50,0
42.0,1.0,2.0,1.0,1000.0,200.0,0.01,0.005,0.0,3.724,20,50,0
44.0,1.0,2.0,1.0,1000.0,200.0,0.01,0.005,0.0,3.724,20,50,0
44.0,1.0,2.0,1.0,1000.0,200.0,0.01,0.005,0.0,3.724,20,50,0
44.0,1.0,2.0,1.0,1000.0,200.0,0.01,0.005,0.0,3.724,20,50,0
42.0,1.0,2.0,1.0,1000.0,200.0,0.01,0.005,0.0,3.724,12,50,0
44.0,1.0,2.0,1.0,1000.0,200.0,0.01,0.005,0.0,3.724,20,50,0
42.0,1.0,2.0,1.0,1000.0,200.0,0.01,0.005,0.0,3.724,20,50,0
96.5,2.0,1.0,1.0,1000.0,200.0,0.01,0.005,4096.0,3.724,4,2,0
42.0,1.0,2.0,1.0,1000.0,200.0,0.01,0.005,0.0,3.724,20,50,0
44.0,1.0,2.0,1.0,1000.0,200.0,0.01,0.005,0.0,3.724,20,50,0
42.0,1.0,1.0,1.0,1000.0,200.0,0.01,0.005,0.0,3.724,20,50,0
98.5,2.0,1.0,1.0,1000.0,200.0,0.01,0.005,0.0,3.724,4,2,0
44.0,1.0,2.0,1.0,1000.0,200.0,0.01,0.005,0.0,3.724,20,50,0
42.0,1.0,2.0,1.0,1000.0,200.0,0.01,0.005,0.0,3.724,20,50,0
44.0,1.0,2.0,1.0,1000.0,200.0,0.01,0.005,0.0,3.724,20,50,0
44.0,1.0,3.0,1.0,1000.0,200.0,0.01,0.005,0.0,3.724,20,50,0
44.0,1.0,3.0,1.0,1000.0,200.0,0.01,0.005,0.0,3.724,20,50,0
168.0,2.0,1.0,1.0,1000.0,200.0,0.01,0.005,4096.0,3.724,20,50,0
44.0,1.0,2.0,1.0,1000.0,200.0,0.01,0.005,0.0,3.724,20,50,0
28.0,3.0,1.0,0.0,1.0061981339217108,0.1676996889869518,60.47026760563381,30.235133802816904,0.0,3.724,20,50,0
44.0,1.0,1.0,1.0,1000.0,200.0,0.01,0.005,0.0,3.724,20,50,0
44.0,1.0,1.0,1.0,1000.0,200.0,0.01,0.005,0.0,3.724,20,50,0
44.0,1.0,2.0,1.0,1000.0,200.0,0.01,0.005,0.0,3.724,20,50,0
229.125,1.0,2.0,0.0,1.0,0.018627879695564564,100.0,50.0,25600.0,3.724,5,50,0
44.0,1.0,2.0,1.0,1000.0,200.0,0.01,0.005,0.0,3.724,20,50,0
55.2,1.0,3.0,0.0,1.0,0.01164225131336237,100.0,50.0,0.0,3.724,5,50,0
56.0,1.0,2.0,0.0,1.0,0.009313939847782282,100.0,50.0,0.0,3.724,5,50,0
44.0,1.0,2.0,1.0,1000.0,200.0,0.01,0.005,0.0,3.724,20,50,0
42.0,1.0,2.0,1.0,1000.0,200.0,0.01,0.005,0.0,3.724,20,50,0
44.0,1.0,2.0,1.0,1000.0,200.0,0.01,0.005,0.0,3.724,20,50,0
314.5,2.0,3.0,1.0,1000.0,200.0,0.01,0.005,0.0,3.724,9,26,0
42.0,1.0,2.0,1.0,1000.0,200.0,0.01,0.005,0.0,3.724,20,50,0
44.0,1.0,2.0,1.0,1000.0,200.0,0.01,0.005,0.0,3.724,20,50,0
44.0,1.0,1.0,1.0,1000.0,200.0,0.01,0.005,0.0,3.724,20,50,0
42.0,1.0,2.0,1.0,1000.0,200.0,0.01,0.005,0.0,3.724,20,50,0
44.0,1.0,2.0,1.0,1000.0,200.0,0.01,0.005,0.0,3.724,20,50,0
54.666666666666664,1.0,3.0,0.0,1.0,0.01397065278107964,100.0,50.0,0.0,3.724,5,50,0
42.0,1.0,2.0,1.0,1.0,0.004656614278203831,100.0,50.0,0.0,3.724,20,50,0
44.0,1.0,2.0,1.0,1000.0,200.0,0.01,0.005,0.0,3.724,20,50,0
44.0,1.0,2.0,1.0,1000.0,200.0,0.01,0.005,0.0,3.724,20,50,0
44.0,1.0,2.0,1.0,1000.0,200.0,0.01,0.005,0.0,3.724,20,50,0
42.0,1.0,3.0,1.0,1000.0,200.0,0.01,0.005,0.0,3.724,20,50,0
249.23076923076923,1.0,1.0,1.0,1000.0,200.0,0.0008333333333333334,0.0004166666666666667,123676.28402366866,3.724,14,12,0
50.0,2.0,1.0,1.0,1000.0,200.0,0.01,0.005,0.0,3.724,9,5,0
44.0,1.0,2.0,1.0,1000.0,200.0,0.01,0.005,0.0,3.724,20,50,0
44.0,1.0,2.0,1.0,1000.0,200.0,0.01,0.005,0.0,3.724,20,50,0
44.0,1.0,2.0,1.0,1000.0,200.0,0.01,0.005,0.0,3.724,20,50,0
56.0,1.0,3.0,0.0,1000.0,200.0,0.01,0.005,0.0,3.724,11,49,0
44.0,1.0,2.0,1.0,1000.0,200.0,0.01,0.005,0.0,3.724,20,50,0
44.0,1.0,2.0,1.0,1000.0,200.0,0.01,0.005,0.0,3.724,20,50,0
345.9166666666667,1.0,2.0,1.0,1000.0,200.0,0.0009090909090909091,0.00045454545454545455,211680.80555555553,3.724,20,30,0
44.0,1.0,2.0,1.0,1000.0,200.0,0.01,0.005,0.0,3.724,20,50,0
56.0,1.0,2.0,0.0,1.0,0.018628148622820973,100.0,50.0,0.0,3.724,5,50,0
42.0,1.0,1.0,1.0,1000.0,200.0,0.01,0.005,0.0,3.724,12,50,0
42.0,1.0,2.0,1.0,1000.0,200.0,0.01,0.005,0.0,3.724,20,50,0
52.0,1.0,2.0,0.0,1000.0,200.0,0.01,0.005,0.0,3.724,5,50,0
96.5,2.0,1.0,1.0,1000.0,200.0,0.01,0.005,4096.0,3.724,4,2,0
42.0,1.0,2.0,1.0,1000.0,200.0,0.01,0.005,0.0,3.724,20,50,0
44.0,1.0,1.0,1.0,1000.0,200.0,0.01,0.005,0.0,3.724,20,50,0
44.0,1.0,2.0,1.0,1000.0,200.0,0.01,0.005,0.0,3.724,20,50,0
42.0,1.0,2.0,1.0,1000.0,200.0,0.01,0.005,0.0,3.724,12,50,0
44.0,1.0,3.0,1.0,1000.0,200.0,0.01,0.005,0.0,3.724,20,50,0
42.0,1.0,2.0,1.0,1000.0,200.0,0.01,0.005,0.0,3.724,20,50,0
135.0909090909091,1.0,2.0,1.0,1000.0,200.0,0.001,0.0005,45699.173553719,3.724,10,13,0
44.0,1.0,1.0,1.0,1000.0,200.0,0.01,0.005,0.0,3.724,20,50,0
251.41666666666666,1.0,2.0,0.0,1.0,0.0558856560847953,100.0,50.0,65726.16493055556,3.724,5,50,0
44.0,1.0,2.0,1.0,1000.0,200.0,0.01,0.005,0.0,3.724,20,50,0
42.0,1.0,2.0,1.0,1000.0,200.0,0.01,0.005,0.0,3.724,20,50,0
44.0,1.0,2.0,1.0,1000.0,200.0,0.01,0.005,0.0,3.724,20,50,0
44.0,1.0,3.0,1.0,1000.0,200.0,0.01,0.005,0.0,3.724,20,50,0
44.0,1.0,2.0,1.0,1000.0,200.0,0.01,0.005,0.0,3.724,20,50,0
96.5,2.0,1.0,1.0,1000.0,200.0,0.0033333333333333335,0.0016666666666666668,4096.0,3.724,1,1,0
42.0,1.0,2.0,1.0,1000.0,200.0,0.01,0.005,0.0,3.724,12,50,0
44.0,1.0,2.0,1.0,1000.0,200.0,0.01,0.005,0.0,3.724,20,50,0
44.0,1.0,2.0,1.0,1000.0,200.0,0.01,0.005,0.0,3.724,20,50,0
223.14285714285714,1.0,2.0,0.0,1000.0,200.0,0.0016666666666666668,0.0008333333333333334,64031.34693877552,3.724,20,30,0
42.0,1.0,2.0,1.0,1000.0,200.0,0.01,0.005,0.0,3.724,20,50,0
42.0,1.0,2.0,1.0,1000.0,200.0,0.01,0.005,0.0,3.724,20,50,0
135.0,2.0,1.0,1.0,1000.0,200.0,0.01,0.005,4096.0,3.724,11,49,0
42.0,1.0,2.0,1.0,1000.0,200.0,0.01,0.005,0.0,3.724,20,50,0
52.0,1.0,2.0,0.0,1000.0,200.0,0.01,0.005,0.0,3.724,5,50,0
864.7777777777778,1.0,2.0,1.0,1000.0,200.0,0.0003846153846153846,0.0001923076923076923,346953.7722908094,3.724,20,30,0
44.0,1.0,2.0,1.0,1000.0,200.0,0.01,0.005,0.0,3.724,12,50,0
44.0,1.0,2.0,1.0,1000.0,200.0,0.01,0.005,0.0,3.724,12,50,0
44.0,1.0,2.0,1.0,1000.0,200.0,0.01,0.005,0.0,3.724,12,50,0
44.0,1.0,1.0,1.0,1000.0,200.0,0.01,0.005,0.0,3.724,20,50,0
44.0,1.0,2.0,1.0,1000.0,200.0,0.01,0.005,0.0,3.724,12,50,0
44.0,1.0,3.0,1.0,1000.0,200.0,0.01,0.005,0.0,3.724,20,50,0
44.0,1.0,2.0,1.0,1000.0,200.0,0.01,0.005,0.0,3.724,20,50,0
42.0,1.0,2.0,1.0,1000.0,200.0,0.01,0.005,0.0,3.724,12,50,0
44.0,1.0,2.0,1.0,1000.0,200.0,0.01,0.005,0.0,3.724,20,50,0
32.0,0.0,1.0,0.0,1.0,0.009313666594951434,100.0,50.0,0.0,3.724,1,2,0
44.0,1.0,1.0,1.0,1000.0,200.0,0.01,0.005,0.0,3.724,20,50,0
44.0,1.0,2.0,1.0,1000.0,200.0,0.01,0.005,0.0,3.724,12,50,0
42.666666666666664,1.0,2.0,1.0,1000.0,200.0,0.005,0.0025,0.0,3.724,12,50,0
44.0,1.0,2.0,1.0,1000.0,200.0,0.01,0.005,0.0,3.724,12,50,0
45.333333333333336,1.0,1.0,1.0,1000.0,200.0,0.005,0.0025,0.0,3.724,20,50,0
44.0,1.0,2.0,1.0,1000.0,200.0,0.01,0.005,0.0,3.724,20,50,0
42.0,1.0,2.0,1.0,1000.0,200.0,0.01,0.005,0.0,3.724,20,50,0
44.0,1.0,2.0,1.0,1000.0,200.0,0.01,0.005,0.0,3.724,20,50,0
40.0,1.0,2.0,1.0,1000.0,200.0,0.0001,5e-05,0.0,3.724,11,49,0
44.0,1.0,2.0,1.0,1000.0,200.0,0.01,0.005,0.0,3.724,20,50,0
44.0,1.0,2.0,1.0,1000.0,200.0,0.01,0.005,0.0,3.724,12,50,0
42.0,1.0,2.0,1.0,1000.0,200.0,0.01,0.005,0.0,3.724,12,50,0
44.0,1.0,2.0,1.0,1000.0,200.0,0.01,0.005,0.0,3.724,12,50,0
42.0,1.0,2.0,1.0,1000.0,200.0,0.01,0.005,0.0,3.724,20,50,0
44.0,1.0,2.0,1.0,1000.0,200.0,0.01,0.005,0.0,3.724,20,50,0
44.0,1.0,2.0,1.0,1000.0,200.0,0.01,0.005,0.0,3.724,20,50,0
44.0,1.0,2.0,1.0,1000.0,200.0,0.01,0.005,0.0,3.724,12,50,0
42.0,1.0,2.0,1.0,1000.0,200.0,0.01,0.005,0.0,3.724,20,50,0
44.0,1.0,1.0,1.0,1000.0,200.0,0.01,0.005,0.0,3.724,20,50,0
421.5,2.0,1.0,1.0,1000.0,200.0,0.01,0.005,123904.0,3.724,20,50,0
44.0,1.0,2.0,1.0,1000.0,200.0,0.01,0.005,0.0,3.724,20,50,0
44.0,1.0,1.0,1.0,1000.0,200.0,0.01,0.005,0.0,3.724,20,50,0
44.0,1.0,2.0,1.0,1000.0,200.0,0.01,0.005,0.0,3.724,20,50,0
44.0,1.0,2.0,1.0,1000.0,200.0,0.01,0.005,0.0,3.724,20,50,0
44.0,1.0,2.0,1.0,1000.0,200.0,0.01,0.005,0.0,3.724,20,50,0
52.0,1.0,2.0,0.0,1000.0,200.0,0.01,0.005,0.0,3.724,11,49,0
44.0,1.0,2.0,1.0,1000.0,200.0,0.01,0.005,0.0,3.724,20,50,0
44.0,1.0,2.0,1.0,1000.0,200.0,0.01,0.005,0.0,3.724,20,50,0
44.0,1.0,2.0,1.0,1000.0,200.0,0.01,0.005,0.0,3.724,20,50,0
44.0,1.0,2.0,1.0,1000.0,200.0,0.01,0.005,0.0,3.724,20,50,0
55.2,1.0,2.0,0.0,1.0,0.023283998421344907,100.0,50.0,0.0,3.724,5,50,0
44.0,1.0,2.0,1.0,1000.0,200.0,0.01,0.005,0.0,3.724,12,50,0
42.0,1.0,2.0,1.0,1000.0,200.0,0.01,0.005,0.0,3.724,12,50,0
42.0,1.0,2.0,1.0,1000.0,200.0,0.01,0.005,0.0,3.724,20,50,0
42.0,1.0,2.0,1.0,1000.0,200.0,0.01,0.005,0.0,3.724,20,50,0
52.0,1.0,2.0,0.0,1000.0,200.0,0.01,0.005,0.0,3.724,20,50,0
40.0,1.0,3.0,0.0,1000.0,200.0,0.01,0.005,0.0,3.724,11,49,0
44.0,1.0,1.0,1.0,1000.0,200.0,0.01,0.005,0.0,3.724,20,50,0
44.0,1.0,2.0,1.0,1000.0,200.0,0.01,0.005,0.0,3.724,20,50,0
44.0,1.0,1.0,1.0,1000.0,200.0,0.01,0.005,0.0,3.724,20,50,0
44.0,1.0,2.0,1.0,1000.0,200.0,0.01,0.005,0.0,3.724,20,50,0
44.0,1.0,1.0,1.0,1000.0,200.0,0.01,0.005,0.0,3.724,20,50,0
42.0,1.0,1.0,1.0,1000.0,200.0,0.01,0.005,0.0,3.724,20,50,0
44.0,1.0,1.0,1.0,1000.0,200.0,0.01,0.005,0.0,3.724,20,50,0
68.0,2.0,1.0,1.0,1000.0,200.0,0.01,0.005,0.0,3.724,20,50,0
44.0,1.0,3.0,1.0,1000.0,200.0,0.01,0.005,0.0,3.724,20,50,0
52.0,1.0,2.0,0.0,1.0,0.006985223922994891,100.0,50.0,0.0,3.724,20,50,0
44.0,1.0,2.0,1.0,1000.0,200.0,0.01,0.005,0.0,3.724,20,50,0
44.0,1.0,3.0,1.0,1000.0,200.0,0.01,0.005,0.0,3.724,20,50,0
44.0,1.0,2.0,1.0,1000.0,200.0,0.01,0.005,0.0,3.724,20,50,0
44.0,1.0,2.0,1.0,1000.0,200.0,0.01,0.005,0.0,3.724,20,50,0
44.0,1.0,1.0,1.0,1000.0,200.0,0.01,0.005,0.0,3.724,20,50,0
44.0,1.0,3.0,1.0,1000.0,200.0,0.01,0.005,0.0,3.724,20,50,0
44.0,1.0,2.0,1.0,1000.0,200.0,0.01,0.005,0.0,3.724,12,50,0
42.0,1.0,2.0,1.0,1000.0,200.0,0.01,0.005,0.0,3.724,20,50,0
44.0,1.0,2.0,1.0,1000.0,200.0,0.01,0.005,0.0,3.724,20,50,0
44.0,1.0,2.0,1.0,1000.0,200.0,0.01,0.005,0.0,3.724,20,50,0
42.0,1.0,2.0,1.0,1000.0,200.0,0.01,0.005,0.0,3.724,20,50,0
42.0,1.0,2.0,1.0,1000.0,200.0,0.01,0.005,0.0,3.724,20,50,0
44.0,1.0,2.0,1.0,1000.0,200.0,0.01,0.005,0.0,3.724,20,50,0
42.0,1.0,2.0,1.0,1000.0,200.0,0.01,0.005,0.0,3.724,20,50,0
44.0,1.0,2.0,1.0,1000.0,200.0,0.01,0.005,0.0,3.724,20,50,0
42.0,1.0,2.0,1.0,1000.0,200.0,0.01,0.005,0.0,3.724,20,50,0
44.0,1.0,2.0,1.0,1000.0,200.0,0.01,0.005,0.0,3.724,20,50,0
44.0,1.0,2.0,1.0,1000.0,200.0,0.01,0.005,0.0,3.724,20,50,0
42.0,1.0,2.0,1.0,1000.0,200.0,0.01,0.005,0.0,3.724,20,50,0
63.22222222222222,1.0,1.0,1.0,1000.0,200.0,0.00125,0.000625,1618.1728395061727,3.724,20,50,0
276.6875,1.0,2.0,1.0,1000.0,200.0,0.0006666666666666666,0.0003333333333333333,102663.58984375,3.724,20,50,0
42.0,1.0,2.0,1.0,1000.0,200.0,0.01,0.005,0.0,3.724,20,50,0
42.0,1.0,2.0,1.0,1000.0,200.0,0.01,0.005,0.0,3.724,20,50,0
180.0,1.0,3.0,0.0,1000.0,200.0,0.0016666666666666668,0.0008333333333333334,64031.34693877552,3.724,7,36,0
44.0,1.0,2.0,1.0,1000.0,200.0,0.01,0.005,0.0,3.724,20,50,0
44.0,1.0,2.0,1.0,1000.0,200.0,0.01,0.005,0.0,3.724,20,50,0
42.0,1.0,2.0,1.0,1000.0,200.0,0.01,0.005,0.0,3.724,20,50,0
44.0,1.0,2.0,1.0,1000.0,200.0,0.01,0.005,0.0,3.724,12,50,0
211.0909090909091,1.0,3.0,0.0,1000.0,200.0,0.001,0.0005,74743.53719008266,3.724,20,30,0
42.0,1.0,2.0,1.0,1000.0,200.0,0.01,0.005,0.0,3.724,20,50,0
42.0,1.0,2.0,1.0,1000.0,200.0,0.01,0.005,0.0,3.724,20,50,0
44.0,1.0,2.0,1.0,1000.0,200.0,0.01,0.005,0.0,3.724,20,50,0
44.0,1.0,2.0,1.0,1000.0,200.0,0.01,0.005,0.0,3.724,20,50,0
44.0,1.0,2.0,1.0,1000.0,200.0,0.01,0.005,0.0,3.724,12,50,0
44.0,1.0,3.0,1.0,1000.0,200.0,0.01,0.005,0.0,3.724,20,50,0
44.0,1.0,2.0,1.0,1000.0,200.0,0.01,0.005,0.0,3.724,20,50,0
423.4,1.0,2.0,0.0,1000.0,200.0,0.0011111111111111111,0.0005555555555555556,304925.25,3.724,11,49,0
44.0,1.0,2.0,1.0,1000.0,200.0,0.01,0.005,0.0,3.724,20,50,0
214.5,2.0,1.0,1.0,1000.0,200.0,0.01,0.005,25600.0,3.724,8,9,0
44.0,1.0,2.0,1.0,1000.0,200.0,0.01,0.005,0.0,3.724,12,50,0
42.0,1.0,2.0,1.0,1000.0,200.0,0.01,0.005,0.0,3.724,20,50,0
44.0,1.0,1.0,1.0,1000.0,200.0,0.01,0.005,0.0,3.724,20,50,0
44.0,1.0,2.0,1.0,1000.0,200.0,0.01,0.005,0.0,3.724,20,50,0
44.0,1.0,2.0,1.0,1000.0,200.0,0.01,0.005,0.0,3.724,20,50,0
44.0,1.0,2.0,1.0,1000.0,200.0,0.01,0.005,0.0,3.724,20,50,0
101.5,1.0,2.0,1.0,1000.0,200.0,0.0014285714285714286,0.0007142857142857143,11712.0,3.724,14,12,0
42.0,1.0,2.0,1.0,1000.0,200.0,0.01,0.005,0.0,3.724,20,50,0
72.0,2.0,1.0,1.0,1.0,0.009313261082606064,100.0,50.0,0.0,3.724,4,2,0
54.666666666666664,1.0,3.0,0.0,1.0,0.013971062669297261,100.0,50.0,0.0,3.724,5,50,0
44.0,1.0,2.0,1.0,1000.0,200.0,0.01,0.005,0.0,3.724,20,50,0
112.5,2.0,1.0,1.0,1.0,0.004656629457092885,100.0,50.0,4096.0,3.724,20,50,0
64.92857142857143,1.0,1.0,1.0,1000.0,200.0,0.0007692307692307692,0.0003846153846153846,0.0,3.724,20,50,0
135.0,2.0,1.0,1.0,1000.0,200.0,0.01,0.005,4096.0,3.724,11,49,0
44.0,1.0,2.0,1.0,1000.0,200.0,0.01,0.005,0.0,3.724,12,50,0
44.0,1.0,2.0,1.0,1000.0,200.0,0.01,0.005,0.0,3.724,12,50,0
73.0,2.0,1.0,1.0,1000.0,200.0,0.01,0.005,0.0,3.724,4,2,0
44.0,1.0,2.0,1.0,1000.0,200.0,0.01,0.005,0.0,3.724,20,50,0
96.5,2.0,1.0,1.0,1000.0,200.0,0.01,0.005,4096.0,3.724,4,2,0
347.75,2.0,2.0,1.0,1000.0,200.0,0.0014285714285714286,0.0007142857142857143,0.0,3.724,9,26,0
44.0,1.0,2.0,1.0,1000.0,200.0,0.01,0.005,0.0,3.724,20,50,0
42.0,1.0,2.0,1.0,1000.0,200.0,0.01,0.005,0.0,3.724,20,50,0
44.0,1.0,2.0,1.0,1000.0,200.0,0.01,0.005,0.0,3.724,20,50,0
42.0,1.0,3.0,1.0,1000.0,200.0,0.01,0.005,0.0,3.724,12,50,0
464.5,2.0,1.0,1.0,1000.0,200.0,0.01,0.005,82944.0,3.724,20,50,0
42.0,1.0,2.0,1.0,1000.0,200.0,0.01,0.005,0.0,3.724,12,50,0
245.78571428571428,1.0,3.0,0.0,1.0,0.0652013440791358,100.0,50.0,61611.02423469388,3.724,5,50,0
52.0,1.0,2.0,0.0,1000.0,200.0,0.01,0.005,0.0,3.724,11,49,0
135.0,2.0,1.0,1.0,1000.0,200.0,0.01,0.005,4096.0,3.724,11,49,0
42.0,1.0,3.0,1.0,1.0,0.004656711858503016,100.0,50.0,0.0,3.724,20,50,0
44.0,1.0,2.0,1.0,1000.0,200.0,0.01,0.005,0.0,3.724,20,50,0
44.0,1.0,2.0,1.0,1000.0,200.0,0.01,0.005,0.0,3.724,20,50,0
44.0,1.0,2.0,1.0,1000.0,200.0,0.01,0.005,0.0,3.724,20,50,0
44.0,1.0,2.0,1.0,1000.0,200.0,0.01,0.005,0.0,3.724,12,50,0
46.0,1.0,3.0,0.0,1000.0,200.0,0.01,0.005,0.0,3.724,2,3,0
42.0,1.0,2.0,1.0,1000.0,200.0,0.01,0.005,0.0,3.724,20,50,0
44.0,1.0,2.0,1.0,1000.0,200.0,0.01,0.005,0.0,3.724,20,50,0
44.0,1.0,2.0,1.0,1000.0,200.0,0.01,0.005,0.0,3.724,20,50,0
44.0,1.0,2.0,1.0,1000.0,200.0,0.01,0.005,0.0,3.724,20,50,0
44.0,1.0,2.0,1.0,1000.0,200.0,0.01,0.005,0.0,3.724,20,50,0
54.285714285714285,1.0,2.0,0.0,1.0,0.01629950859310093,100.0,50.0,0.0,3.724,5,50,0
42.666666666666664,1.0,1.0,1.0,1000.0,200.0,0.005,0.0025,0.0,3.724,20,50,0
44.0,1.0,2.0,1.0,1000.0,200.0,0.01,0.005,0.0,3.724,20,50,0
44.0,1.0,1.0,1.0,1000.0,200.0,0.01,0.005,0.0,3.724,20,50,0
60.833333333333336,1.0,3.0,0.0,1.0,0.013970906518568848,100.0,50.0,0.0,3.724,5,50,0
44.0,1.0,1.0,1.0,1000.0,200.0,0.01,0.005,0.0,3.724,20,50,0
42.666666666666664,1.0,1.0,1.0,1000.0,200.0,0.005,0.0025,0.0,3.724,20,50,0
42.0,1.0,1.0,1.0,1000.0,200.0,0.01,0.005,0.0,3.724,20,50,0
42.0,1.0,3.0,1.0,1000.0,200.0,0.01,0.005,0.0,3.724,20,50,0
93.0,2.0,1.0,1.0,1000.0,200.0,0.0033333333333333335,0.0016666666666666668,0.0,3.724,1,1,0
42.0,1.0,2.0,1.0,1000.0,200.0,0.01,0.005,0.0,3.724,20,50,0
44.0,1.0,2.0,1.0,1000.0,200.0,0.01,0.005,0.0,3.724,20,50,0
56.0,1.0,3.0,0.0,1000.0,200.0,0.01,0.005,0.0,3.724,20,50,0
42.0,1.0,1.0,1.0,1.0,0.004656647888734055,100.0,50.0,0.0,3.724,20,50,0
40.0,1.0,2.0,1.0,3.352884062391584,0.5588140103985973,17.969916317991633,8.984958158995816,0.0,3.724,20,50,0
44.0,1.0,2.0,1.0,1000.0,200.0,0.01,0.005,0.0,3.724,20,50,0
42.0,1.0,2.0,1.0,1000.0,200.0,0.01,0.005,0.0,3.724,20,50,0
42.0,1.0,2.0,1.0,1000.0,200.0,0.01,0.005,0.0,3.724,20,50,0
345.9166666666667,1.0,2.0,1.0,1000.0,200.0,0.0009090909090909091,0.00045454545454545455,211680.80555555553,3.724,20,30,0
44.0,1.0,1.0,1.0,1000.0,200.0,0.01,0.005,0.0,3.724,20,50,0
42.0,1.0,2.0,1.0,1000.0,200.0,0.01,0.005,0.0,3.724,20,50,0
44.0,1.0,2.0,1.0,1000.0,200.0,0.01,0.005,0.0,3.724,20,50,0
42.0,1.0,2.0,1.0,1000.0,200.0,0.01,0.005,0.0,3.724,20,50,0
44.0,1.0,2.0,1.0,1000.0,200.0,0.01,0.005,0.0,3.724,20,50,0
44.0,1.0,2.0,1.0,1000.0,200.0,0.01,0.005,0.0,3.724,20,50,0
42.0,1.0,2.0,1.0,1000.0,200.0,0.01,0.005,0.0,3.724,20,50,0
319.0,2.0,3.0,1.0,1000.0,200.0,0.01,0.005,0.0,3.724,9,26,0
44.0,1.0,2.0,1.0,1000.0,200.0,0.01,0.005,0.0,3.724,20,50,0
44.0,1.0,2.0,1.0,1000.0,200.0,0.01,0.005,0.0,3.724,20,50,0
44.0,1.0,2.0,1.0,1000.0,200.0,0.01,0.005,0.0,3.724,20,50,0
96.5,2.0,1.0,1.0,1000.0,200.0,0.01,0.005,4096.0,3.724,4,2,0
52.0,1.0,2.0,0.0,1000.0,200.0,0.01,0.005,0.0,3.724,11,49,0
44.0,1.0,1.0,1.0,1000.0,200.0,0.01,0.005,0.0,3.724,20,50,0
44.0,1.0,2.0,1.0,1000.0,200.0,0.01,0.005,0.0,3.724,20,50,0
329.125,1.0,1.0,1.0,1000.0,200.0,0.0014285714285714286,0.0007142857142857143,180669.234375,3.724,14,12,0
44.0,1.0,2.0,1.0,1000.0,200.0,0.01,0.005,0.0,3.724,20,50,0
44.0,1.0,2.0,1.0,1000.0,200.0,0.01,0.005,0.0,3.724,20,50,0
44.0,1.0,2.0,1.0,1000.0,200.0,0.01,0.005,0.0,3.724,20,50,0
44.0,1.0,2.0,1.0,1000.0,200.0,0.01,0.005,0.0,3.724,20,50,0
165.5,2.0,1.0,1.0,1000.0,200.0,0.01,0.005,25600.0,3.724,20,50,0
42.0,1.0,2.0,1.0,1000.0,200.0,0.01,0.005,0.0,3.724,20,50,0
67.0,2.0,1.0,1.0,1000.0,200.0,0.002,0.001,0.0,3.724,3,8,0
44.0,1.0,2.0,1.0,1000.0,200.0,0.01,0.005,0.0,3.724,20,50,0
93.0,2.0,1.0,1.0,1000.0,200.0,0.01,0.005,0.0,3.724,4,2,0
44.0,1.0,2.0,1.0,1000.0,200.0,0.01,0.005,0.0,3.724,20,50,0
44.0,1.0,2.0,1.0,1000.0,200.0,0.01,0.005,0.0,3.724,20,50,0
96.5,2.0,1.0,1.0,1000.0,200.0,0.0033333333333333335,0.0016666666666666668,4096.0,3.724,1,1,0
44.0,1.0,2.0,1.0,1000.0,200.0,0.01,0.005,0.0,3.724,20,50,0
44.0,1.0,2.0,1.0,1000.0,200.0,0.01,0.005,0.0,3.724,20,50,0
42.0,1.0,2.0,1.0,1000.0,200.0,0.01,0.005,0.0,3.724,20,50,0
44.0,1.0,2.0,1.0,1000.0,200.0,0.01,0.005,0.0,3.724,20,50,0
44.0,1.0,2.0,1.0,1000.0,200.0,0.01,0.005,0.0,3.724,20,50,0
44.0,1.0,2.0,1.0,1000.0,200.0,0.01,0.005,0.0,3.724,12,50,0
44.0,1.0,2.0,1.0,1000.0,200.0,0.01,0.005,0.0,3.724,20,50,0
42.0,1.0,2.0,1.0,1000.0,200.0,0.01,0.005,0.0,3.724,20,50,0
42.0,1.0,2.0,1.0,1000.0,200.0,0.01,0.005,0.0,3.724,12,50,0
42.0,1.0,2.0,1.0,1000.0,200.0,0.01,0.005,0.0,3.724,20,50,0
44.0,1.0,3.0,1.0,1000.0,200.0,0.01,0.005,0.0,3.724,20,50,0
42.0,1.0,2.0,1.0,1000.0,200.0,0.01,0.005,0.0,3.724,20,50,0
44.0,1.0,2.0,1.0,1000.0,200.0,0.01,0.005,0.0,3.724,20,50,0
44.0,1.0,2.0,1.0,1000.0,200.0,0.01,0.005,0.0,3.724,20,50,0
44.0,1.0,2.0,1.0,1000.0,200.0,0.01,0.005,0.0,3.724,20,50,0
42.0,1.0,2.0,1.0,1000.0,200.0,0.01,0.005,0.0,3.724,20,50,0
54.0,1.0,3.0,0.0,1.0,0.018627606438725304,100.0,50.0,0.0,3.724,5,50,0
44.0,1.0,1.0,1.0,1000.0,200.0,0.01,0.005,0.0,3.724,20,50,0
44.0,1.0,2.0,1.0,1000.0,200.0,0.01,0.005,0.0,3.724,20,50,0
44.0,1.0,2.0,1.0,1000.0,200.0,0.01,0.005,0.0,3.724,20,50,0
44.0,1.0,2.0,1.0,1000.0,200.0,0.01,0.005,0.0,3.724,20,50,0
44.0,1.0,2.0,1.0,1000.0,200.0,0.01,0.005,0.0,3.724,20,50,0
44.0,1.0,2.0,1.0,1000.0,200.0,0.01,0.005,0.0,3.724,20,50,0
42.0,1.0,2.0,1.0,1000.0,200.0,0.01,0.005,0.0,3.724,20,50,0
44.0,1.0,1.0,1.0,1000.0,200.0,0.01,0.005,0.0,3.724,20,50,0
42.0,1.0,1.0,1.0,1000.0,200.0,0.01,0.005,0.0,3.724,20,50,0
42.0,1.0,2.0,1.0,1000.0,200.0,0.01,0.005,0.0,3.724,20,50,0
44.0,1.0,2.0,1.0,1000.0,200.0,0.01,0.005,0.0,3.724,20,50,0
42.0,1.0,2.0,1.0,1000.0,200.0,0.01,0.005,0.0,3.724,20,50,0
44.0,1.0,2.0,1.0,1000.0,200.0,0.01,0.005,0.0,3.724,20,50,0
44.0,1.0,2.0,1.0,1000.0,200.0,0.01,0.005,0.0,3.724,20,50,0
228.0,2.0,1.0,1.0,1000.0,200.0,0.01,0.005,25600.0,3.724,4,2,0
44.0,1.0,2.0,1.0,1000.0,200.0,0.01,0.005,0.0,3.724,20,50,0
42.0,1.0,2.0,1.0,1000.0,200.0,0.01,0.005,0.0,3.724,20,50,0
42.0,1.0,2.0,1.0,1000.0,200.0,0.01,0.005,0.0,3.724,20,50,0
44.0,1.0,2.0,1.0,1000.0,200.0,0.01,0.005,0.0,3.724,20,50,0
42.0,1.0,2.0,1.0,1000.0,200.0,0.01,0.005,0.0,3.724,20,50,0
44.0,1.0,2.0,1.0,1000.0,200.0,0.01,0.005,0.0,3.724,20,50,0
212.0,1.0,2.0,1.0,1000.0,200.0,0.001,0.0005,120218.92561983471,3.724,20,30,0
44.0,1.0,2.0,1.0,1000.0,200.0,0.01,0.005,0.0,3.724,20,50,0
54.666666666666664,1.0,3.0,0.0,1.0,0.013971010618666622,100.0,50.0,0.0,3.724,5,50,0
44.0,1.0,2.0,1.0,1000.0,200.0,0.01,0.005,0.0,3.724,20,50,0
106.0,2.0,1.0,1.0,1000.0,200.0,0.01,0.005,4096.0,3.724,20,50,0
44.0,1.0,2.0,1.0,1000.0,200.0,0.01,0.005,0.0,3.724,20,50,0
42.0,1.0,2.0,1.0,1000.0,200.0,0.01,0.005,0.0,3.724,12,50,0
42.0,1.0,2.0,1.0,1000.0,200.0,0.01,0.005,0.0,3.724,12,50,0
42.0,1.0,1.0,1.0,1000.0,200.0,0.01,0.005,0.0,3.724,20,50,0
42.0,1.0,1.0,1.0,1000.0,200.0,0.01,0.005,0.0,3.724,12,50,0
42.0,1.0,2.0,1.0,1000.0,200.0,0.01,0.005,0.0,3.724,20,50,0
44.0,1.0,2.0,1.0,1000.0,200.0,0.01,0.005,0.0,3.724,20,50,0
42.0,1.0,3.0,1.0,1000.0,200.0,0.01,0.005,0.0,3.724,20,50,0
111.57142857142857,1.0,1.0,1.0,1000.0,200.0,0.0016666666666666668,0.0008333333333333334,12873.142857142857,3.724,20,50,0
44.0,1.0,2.0,1.0,1000.0,200.0,0.01,0.005,0.0,3.724,20,50,0
44.0,1.0,1.0,1.0,1000.0,200.0,0.01,0.005,0.0,3.724,12,50,0
44.0,1.0,2.0,1.0,1000.0,200.0,0.01,0.005,0.0,3.724,12,50,0
42.0,1.0,2.0,1.0,1000.0,200.0,0.01,0.005,0.0,3.724,20,50,0
44.0,1.0,2.0,1.0,1000.0,200.0,0.01,0.005,0.0,3.724,20,50,0
44.0,1.0,1.0,1.0,1000.0,200.0,0.01,0.005,0.0,3.724,20,50,0
44.0,1.0,2.0,1.0,1000.0,200.0,0.01,0.005,0.0,3.724,20,50,0
44.0,1.0,2.0,1.0,1000.0,200.0,0.01,0.005,0.0,3.724,20,50,0
42.0,1.0,2.0,1.0,1000.0,200.0,0.01,0.005,0.0,3.724,20,50,0
44.0,1.0,2.0,1.0,1000.0,200.0,0.01,0.005,0.0,3.724,20,50,0
42.0,1.0,2.0,1.0,1000.0,200.0,0.01,0.005,0.0,3.724,12,50,0
44.0,1.0,2.0,1.0,1000.0,200.0,0.01,0.005,0.0,3.724,12,50,0
42.0,1.0,1.0,1.0,1000.0,200.0,0.01,0.005,0.0,3.724,20,50,0
96.5,2.0,1.0,1.0,1000.0,200.0,0.0033333333333333335,0.0016666666666666668,4096.0,3.724,1,1,0
242.5,2.0,1.0,1.0,1000.0,200.0,0.01,0.005,25600.0,3.724,20,50,0
42.0,1.0,2.0,1.0,1000.0,200.0,0.01,0.005,0.0,3.724,20,50,0
147.5,2.0,1.0,1.0,1000.0,200.0,0.01,0.005,4096.0,3.724,20,50,0
44.0,1.0,2.0,1.0,1000.0,200.0,0.01,0.005,0.0,3.724,20,50,0
44.0,1.0,1.0,1.0,1000.0,200.0,0.01,0.005,0.0,3.724,20,50,0
44.0,1.0,2.0,1.0,1000.0,200.0,0.01,0.005,0.0,3.724,20,50,0
44.0,1.0,2.0,1.0,1000.0,200.0,0.01,0.005,0.0,3.724,12,50,0
44.0,1.0,2.0,1.0,1000.0,200.0,0.01,0.005,0.0,3.724,20,50,0
44.0,1.0,2.0,1.0,1000.0,200.0,0.01,0.005,0.0,3.724,12,50,0
41.6,1.0,1.0,1.0,1.0,0.011642012764302795,100.0,50.0,0.0,3.724,20,50,0
44.0,1.0,2.0,1.0,1000.0,200.0,0.01,0.005,0.0,3.724,12,50,0
330.53846153846155,1.0,2.0,1.0,1000.0,200.0,0.0008333333333333334,0.0004166666666666667,200580.39053254438,3.724,20,30,0
44.0,1.0,2.0,1.0,1000.0,200.0,0.01,0.005,0.0,3.724,20,50,0
44.0,1.0,2.0,1.0,1000.0,200.0,0.01,0.005,0.0,3.724,20,50,0
77.0,2.0,1.0,1.0,1000.0,200.0,0.01,0.005,0.0,3.724,20,50,0
44.0,1.0,2.0,1.0,1000.0,200.0,0.01,0.005,0.0,3.724,20,50,0
42.0,1.0,2.0,1.0,1000.0,200.0,0.01,0.005,0.0,3.724,20,50,0
44.0,1.0,1.0,1.0,1000.0,200.0,0.01,0.005,0.0,3.724,20,50,0
93.0,2.0,1.0,1.0,1000.0,200.0,0.01,0.005,0.0,3.724,4,2,0
44.0,1.0,1.0,1.0,1000.0,200.0,0.01,0.005,0.0,3.724,20,50,0
56.0,1.0,2.0,0.0,1.0,0.013969891623909096,100.0,50.0,0.0,3.724,7,36,0
54.666666666666664,1.0,3.0,0.0,1000.0,200.0,0.005,0.0025,0.0,3.724,11,49,0
44.0,1.0,2.0,1.0,1000.0,200.0,0.01,0.005,0.0,3.724,12,50,0
42.0,1.0,2.0,1.0,1000.0,200.0,0.01,0.005,0.0,3.724,20,50,0
44.0,1.0,1.0,1.0,1000.0,200.0,0.01,0.005,0.0,3.724,20,50,0
52.0,1.0,2.0,0.0,1000.0,200.0,0.0025,0.00125,0.0,3.724,20,50,0
44.0,1.0,2.0,1.0,1000.0,200.0,0.01,0.005,0.0,3.724,20,50,0
42.0,1.0,2.0,1.0,1000.0,200.0,0.01,0.005,0.0,3.724,20,50,0
44.0,1.0,2.0,1.0,1000.0,200.0,0.01,0.005,0.0,3.724,20,50,0
44.0,1.0,2.0,1.0,1000.0,200.0,0.01,0.005,0.0,3.724,20,50,0
44.0,1.0,2.0,1.0,1000.0,200.0,0.01,0.005,0.0,3.724,20,50,0
44.0,1.0,2.0,1.0,1000.0,200.0,0.01,0.005,0.0,3.724,20,50,0
44.0,1.0,2.0,1.0,1000.0,200.0,0.01,0.005,0.0,3.724,20,50,0
54.0,2.0,1.0,1.0,1000.0,200.0,0.01,0.005,0.0,3.724,20,50,0
42.0,1.0,1.0,1.0,1000.0,200.0,0.01,0.005,0.0,3.724,20,50,0
93.0,2.0,1.0,1.0,1000.0,200.0,0.01,0.005,0.0,3.724,4,2,0
135.11111111111111,1.0,1.0,1.0,1000.0,200.0,0.00125,0.000625,16485.135802469136,3.724,20,50,0
193.0,2.0,1.0,1.0,1000.0,200.0,0.01,0.005,25600.0,3.724,4,2,0
44.0,1.0,2.0,1.0,1000.0,200.0,0.01,0.005,0.0,3.724,20,50,0
44.0,1.0,2.0,1.0,1000.0,200.0,0.01,0.005,0.0,3.724,12,50,0
93.0,2.0,1.0,1.0,1000.0,200.0,0.0033333333333333335,0.0016666666666666668,0.0,3.724,1,1,0
42.0,1.0,1.0,1.0,1000.0,200.0,0.01,0.005,0.0,3.724,20,50,0
28.0,3.0,1.0,0.0,3.535140648761187,0.5891901081268646,17.039801587301586,8.519900793650793,0.0,3.724,20,50,0
44.0,1.0,2.0,1.0,1000.0,200.0,0.01,0.005,0.0,3.724,20,50,0
44.0,1.0,2.0,1.0,1000.0,200.0,0.01,0.005,0.0,3.724,20,50,0
209.0,1.0,3.0,0.0,1.0,0.004656630541303032,100.0,50.0,25600.0,3.724,5,50,0
44.0,1.0,2.0,1.0,1000.0,200.0,0.01,0.005,0.0,3.724,20,50,0
293.0,1.0,1.0,1.0,1000.0,200.0,0.001,0.0005,132243.520661157,3.724,20,50,0
44.0,1.0,2.0,1.0,1000.0,200.0,0.01,0.005,0.0,3.724,20,50,0
44.0,1.0,2.0,1.0,1000.0,200.0,0.01,0.005,0.0,3.724,20,50,0
44.0,1.0,2.0,1.0,1000.0,200.0,0.01,0.005,0.0,3.724,20,50,0
42.0,1.0,2.0,1.0,1000.0,200.0,0.01,0.005,0.0,3.724,20,50,0
93.0,2.0,1.0,1.0,1000.0,200.0,0.01,0.005,0.0,3.724,4,2,0
44.0,1.0,2.0,1.0,1000.0,200.0,0.01,0.005,0.0,3.724,12,50,0
52.0,1.0,2.0,0.0,1000.0,200.0,0.01,0.005,0.0,3.724,5,50,0
44.0,1.0,2.0,1.0,1000.0,200.0,0.01,0.005,0.0,3.724,20,50,0
54.285714285714285,1.0,2.0,0.0,1.0,0.016299922295941856,100.0,50.0,0.0,3.724,5,50,0
67.25,1.0,2.0,1.0,1000.0,200.0,0.0014285714285714286,0.0007142857142857143,1792.0,3.724,20,50,0
44.0,1.0,2.0,1.0,1000.0,200.0,0.01,0.005,0.0,3.724,20,50,0
44.0,1.0,2.0,1.0,1000.0,200.0,0.01,0.005,0.0,3.724,20,50,0
44.0,1.0,2.0,1.0,1000.0,200.0,0.01,0.005,0.0,3.724,20,50,0
81.0,2.0,1.0,1.0,1000.0,200.0,0.01,0.005,0.0,3.724,20,50,0
42.0,1.0,2.0,1.0,1000.0,200.0,0.01,0.005,0.0,3.724,20,50,0
58.416666666666664,1.0,2.0,0.0,1.0,0.027943439683736148,100.0,50.0,0.0,3.724,5,50,0
44.0,1.0,2.0,1.0,1000.0,200.0,0.01,0.005,0.0,3.724,20,50,0
42.0,1.0,2.0,1.0,1000.0,200.0,0.01,0.005,0.0,3.724,20,50,0
44.0,1.0,2.0,1.0,1000.0,200.0,0.01,0.005,0.0,3.724,20,50,0
44.0,1.0,2.0,1.0,1000.0,200.0,0.01,0.005,0.0,3.724,20,50,0
44.0,1.0,2.0,1.0,1000.0,200.0,0.01,0.005,0.0,3.724,20,50,0
44.0,1.0,2.0,1.0,1000.0,200.0,0.01,0.005,0.0,3.724,20,50,0
42.0,1.0,2.0,1.0,1000.0,200.0,0.01,0.005,0.0,3.724,20,50,0
44.0,1.0,2.0,1.0,1000.0,200.0,0.01,0.005,0.0,3.724,20,50,0
93.0,2.0,1.0,1.0,1000.0,200.0,0.0033333333333333335,0.0016666666666666668,0.0,3.724,1,1,0
96.5,2.0,1.0,1.0,1000.0,200.0,0.01,0.005,4096.0,3.724,4,2,0
52.0,1.0,2.0,0.0,1000.0,200.0,0.01,0.005,0.0,3.724,11,49,0
44.0,1.0,2.0,1.0,1000.0,200.0,0.01,0.005,0.0,3.724,20,50,0
44.0,1.0,2.0,1.0,1000.0,200.0,0.01,0.005,0.0,3.724,20,50,0
44.0,1.0,3.0,1.0,1000.0,200.0,0.01,0.005,0.0,3.724,12,50,0
61.0,2.0,2.0,1.0,1000.0,200.0,0.01,0.005,0.0,3.724,20,30,0
44.0,1.0,1.0,1.0,1000.0,200.0,0.01,0.005,0.0,3.724,20,50,0
44.0,1.0,2.0,1.0,1000.0,200.0,0.01,0.005,0.0,3.724,20,50,0
42.0,1.0,2.0,1.0,1000.0,200.0,0.01,0.005,0.0,3.724,20,50,0
44.0,1.0,1.0,1.0,1000.0,200.0,0.01,0.005,0.0,3.724,12,50,0
40.0,1.0,1.0,1.0,1000.0,200.0,0.01,0.005,0.0,3.724,20,30,0
136.05555555555554,1.0,2.0,0.0,1000.0,200.0,0.0005882352941176471,0.00029411764705882356,32831.2098765432,3.724,20,30,0
42.0,1.0,2.0,1.0,1000.0,200.0,0.01,0.005,0.0,3.724,20,50,0
44.0,1.0,2.0,1.0,1000.0,200.0,0.01,0.005,0.0,3.724,20,50,0
42.0,1.0,2.0,1.0,1000.0,200.0,0.01,0.005,0.0,3.724,12,50,0
44.0,1.0,2.0,1.0,1000.0,200.0,0.01,0.005,0.0,3.724,20,50,0
44.0,1.0,2.0,1.0,1000.0,200.0,0.01,0.005,0.0,3.724,20,50,0
44.0,1.0,3.0,1.0,1000.0,200.0,0.01,0.005,0.0,3.724,20,50,0
44.0,1.0,2.0,1.0,1000.0,200.0,0.01,0.005,0.0,3.724,20,50,0
44.0,1.0,2.0,1.0,1000.0,200.0,0.01,0.005,0.0,3.724,20,50,0
44.0,1.0,1.0,1.0,1000.0,200.0,0.01,0.005,0.0,3.724,20,50,0
71.0,2.0,3.0,0.0,1000.0,200.0,0.01,0.005,0.0,3.724,9,26,0
44.0,1.0,2.0,1.0,1000.0,200.0,0.01,0.005,0.0,3.724,20,50,0
54.90909090909091,1.0,2.0,0.0,1.0,0.02561351350344432,100.0,50.0,0.0,3.724,5,50,0
44.0,1.0,2.0,1.0,1000.0,200.0,0.01,0.005,0.0,3.724,20,50,0
44.0,1.0,2.0,1.0,1000.0,200.0,0.01,0.005,0.0,3.724,20,50,0
42.0,1.0,2.0,1.0,1000.0,200.0,0.01,0.005,0.0,3.724,20,50,0
44.0,1.0,3.0,1.0,1000.0,200.0,0.01,0.005,0.0,3.724,20,50,0
44.0,1.0,1.0,1.0,1000.0,200.0,0.01,0.005,0.0,3.724,20,50,0
44.0,1.0,2.0,1.0,1000.0,200.0,0.01,0.005,0.0,3.724,20,50,0
42.0,1.0,2.0,1.0,1000.0,200.0,0.01,0.005,0.0,3.724,20,50,0
67.0,2.0,1.0,1.0,1000.0,200.0,0.0007692307692307692,0.0003846153846153846,0.0,3.724,3,8,0
864.7777777777778,1.0,2.0,1.0,1000.0,200.0,0.0003846153846153846,0.0001923076923076923,346953.7722908094,3.724,20,30,0
44.0,1.0,2.0,1.0,1000.0,200.0,0.01,0.005,0.0,3.724,20,50,0
42.0,1.0,2.0,1.0,1000.0,200.0,0.01,0.005,0.0,3.724,12,50,0
40.0,1.0,2.0,1.0,1000.0,200.0,0.0001,5e-05,0.0,3.724,20,30,0
57.333333333333336,1.0,2.0,1.0,1000.0,200.0,0.005,0.0025,0.0,3.724,14,12,0
44.0,1.0,2.0,1.0,1000.0,200.0,0.01,0.005,0.0,3.724,20,50,0
44.0,1.0,2.0,1.0,1000.0,200.0,0.01,0.005,0.0,3.724,20,50,0
42.0,1.0,2.0,1.0,1000.0,200.0,0.01,0.005,0.0,3.724,20,50,0
44.0,1.0,3.0,1.0,1000.0,200.0,0.01,0.005,0.0,3.724,20,50,0
44.0,1.0,1.0,1.0,1000.0,200.0,0.01,0.005,0.0,3.724,20,50,0
44.0,1.0,2.0,1.0,1000.0,200.0,0.01,0.005,0.0,3.724,20,50,0
42.0,1.0,2.0,1.0,1000.0,200.0,0.01,0.005,0.0,3.724,20,50,0
42.0,1.0,2.0,1.0,1000.0,200.0,0.01,0.005,0.0,3.724,20,50,0
134.9941391941392,1.0,2.0,1.0,114.420472183531,19.07007869725517,0.5244457198681157,0.26222285993405786,22747.214080723235,3.724,1,2,0
42.0,1.0,2.0,1.0,1000.0,200.0,0.01,0.005,0.0,3.724,20,50,0
44.0,1.0,2.0,1.0,1000.0,200.0,0.01,0.005,0.0,3.724,12,50,0
42.0,1.0,2.0,1.0,1000.0,200.0,0.01,0.005,0.0,3.724,20,50,0
44.0,1.0,1.0,1.0,1000.0,200.0,0.01,0.005,0.0,3.724,20,50,0
44.0,1.0,3.0,1.0,1000.0,200.0,0.01,0.005,0.0,3.724,12,50,0
42.0,1.0,2.0,1.0,1000.0,200.0,0.01,0.005,0.0,3.724,12,50,0
44.0,1.0,2.0,1.0,1000.0,200.0,0.01,0.005,0.0,3.724,20,50,0
42.0,1.0,1.0,1.0,1000.0,200.0,0.01,0.005,0.0,3.724,20,50,0
44.0,1.0,3.0,1.0,1000.0,200.0,0.01,0.005,0.0,3.724,20,50,0
52.0,1.0,2.0,0.0,1000.0,200.0,0.01,0.005,0.0,3.724,5,50,0
44.0,1.0,2.0,1.0,1000.0,200.0,0.01,0.005,0.0,3.724,20,50,0
42.0,1.0,2.0,1.0,1000.0,200.0,0.01,0.005,0.0,3.724,20,50,0
42.0,1.0,1.0,1.0,1000.0,200.0,0.01,0.005,0.0,3.724,20,50,0
42.0,1.0,2.0,1.0,1000.0,200.0,0.01,0.005,0.0,3.724,20,50,0
42.0,1.0,2.0,1.0,1000.0,200.0,0.01,0.005,0.0,3.724,20,50,0
42.0,1.0,1.0,1.0,1000.0,200.0,0.01,0.005,0.0,3.724,20,50,0
44.0,1.0,2.0,1.0,1000.0,200.0,0.01,0.005,0.0,3.724,20,50,0
44.0,1.0,2.0,1.0,1000.0,200.0,0.01,0.005,0.0,3.724,20,50,0
42.0,1.0,1.0,1.0,1000.0,200.0,0.01,0.005,0.0,3.724,20,50,0
93.0,2.0,1.0,1.0,1000.0,200.0,0.0033333333333333335,0.0016666666666666668,0.0,3.724,1,1,0
42.0,1.0,2.0,1.0,1000.0,200.0,0.01,0.005,0.0,3.724,20,50,0
44.0,1.0,2.0,1.0,1000.0,200.0,0.01,0.005,0.0,3.724,20,50,0
44.0,1.0,3.0,1.0,1000.0,200.0,0.01,0.005,0.0,3.724,20,50,0
42.0,1.0,2.0,1.0,1000.0,200.0,0.01,0.005,0.0,3.724,20,50,0
50.0,2.0,1.0,1.0,1000.0,200.0,0.01,0.005,0.0,3.724,9,5,0
42.0,1.0,2.0,1.0,1000.0,200.0,0.01,0.005,0.0,3.724,20,50,0
42.0,1.0,2.0,1.0,1000.0,200.0,0.01,0.005,0.0,3.724,20,50,0
44.0,1.0,2.0,1.0,1000.0,200.0,0.01,0.005,0.0,3.724,20,50,0
160.6,1.0,3.0,1.0,1000.0,200.0,0.0011111111111111111,0.0005555555555555556,129072.01000000002,3.724,20,30,0
56.0,1.0,2.0,0.0,1.0,0.009313261082606064,100.0,50.0,0.0,3.724,7,36,0
44.0,1.0,2.0,1.0,1000.0,200.0,0.01,0.005,0.0,3.724,20,50,0
42.0,1.0,2.0,1.0,1000.0,200.0,0.01,0.005,0.0,3.724,20,50,0
44.0,1.0,2.0,1.0,1000.0,200.0,0.01,0.005,0.0,3.724,20,50,0
272.3636363636364,1.0,3.0,0.0,1.0,0.025613817676654427,100.0,50.0,23695.867768595042,3.724,5,50,0
44.0,1.0,2.0,1.0,1000.0,200.0,0.01,0.005,0.0,3.724,20,50,0
44.0,1.0,2.0,1.0,1000.0,200.0,0.01,0.005,0.0,3.724,20,50,0
95.2,1.0,2.0,1.0,1000.0,200.0,0.0011111111111111111,0.0005555555555555556,9871.36,3.724,20,30,0
44.0,1.0,2.0,1.0,1000.0,200.0,0.01,0.005,0.0,3.724,20,50,0
93.0,2.0,1.0,1.0,1000.0,200.0,0.0033333333333333335,0.0016666666666666668,0.0,3.724,1,1,0
44.0,1.0,2.0,1.0,1000.0,200.0,0.01,0.005,0.0,3.724,20,50,0
42.0,1.0,2.0,1.0,1000.0,200.0,0.01,0.005,0.0,3.724,20,50,0
40.0,1.0,3.0,0.0,1000.0,200.0,0.002,0.001,0.0,3.724,20,30,0
44.0,1.0,2.0,1.0,1000.0,200.0,0.01,0.005,0.0,3.724,20,50,0
44.0,1.0,2.0,1.0,1000.0,200.0,0.01,0.005,0.0,3.724,20,50,0
42.0,1.0,2.0,1.0,1000.0,200.0,0.01,0.005,0.0,3.724,20,50,0
42.0,1.0,2.0,1.0,1000.0,200.0,0.01,0.005,0.0,3.724,20,50,0
44.0,1.0,2.0,1.0,1000.0,200.0,0.01,0.005,0.0,3.724,20,50,0
63.22222222222222,1.0,1.0,1.0,1000.0,200.0,0.00125,0.000625,1618.1728395061727,3.724,20,50,0
44.0,1.0,2.0,1.0,1000.0,200.0,0.01,0.005,0.0,3.724,20,50,0
44.0,1.0,2.0,1.0,1000.0,200.0,0.01,0.005,0.0,3.724,20,50,0
42.0,1.0,2.0,1.0,1000.0,200.0,0.01,0.005,0.0,3.724,20,50,0
42.0,1.0,2.0,1.0,1000.0,200.0,0.01,0.005,0.0,3.724,20,50,0
44.0,1.0,2.0,1.0,1000.0,200.0,0.01,0.005,0.0,3.724,12,50,0
44.0,1.0,2.0,1.0,1000.0,200.0,0.01,0.005,0.0,3.724,20,50,0
42.0,1.0,3.0,1.0,1000.0,200.0,0.01,0.005,0.0,3.724,20,50,0
44.0,1.0,2.0,1.0,1000.0,200.0,0.01,0.005,0.0,3.724,20,50,0
44.0,1.0,2.0,1.0,1000.0,200.0,0.01,0.005,0.0,3.724,20,50,0
44.0,1.0,2.0,1.0,1000.0,200.0,0.01,0.005,0.0,3.724,20,50,0
61.0,2.0,2.0,1.0,1000.0,200.0,0.01,0.005,0.0,3.724,20,30,0
42.0,1.0,2.0,1.0,1000.0,200.0,0.01,0.005,0.0,3.724,20,50,0
208.24,1.0,3.0,0.0,1.0,0.05821422508832844,100.0,50.0,55049.76639999999,3.724,5,50,0
234.95454545454547,1.0,2.0,1.0,1000.0,200.0,0.0004761904761904762,0.0002380952380952381,118075.71900826444,3.724,20,30,0
113.0,1.0,1.0,1.0,1000.0,200.0,0.0016666666666666668,0.0008333333333333334,12873.142857142857,3.724,20,50,0
42.0,1.0,2.0,1.0,1000.0,200.0,0.01,0.005,0.0,3.724,20,50,0
52.0,1.0,2.0,0.0,1000.0,200.0,0.01,0.005,0.0,3.724,11,49,0
44.0,1.0,2.0,1.0,1000.0,200.0,0.01,0.005,0.0,3.724,20,50,0
44.0,1.0,2.0,1.0,1000.0,200.0,0.01,0.005,0.0,3.724,20,50,0
44.0,1.0,1.0,1.0,1000.0,200.0,0.01,0.005,0.0,3.724,20,50,0
44.0,1.0,1.0,1.0,1000.0,200.0,0.01,0.005,0.0,3.724,20,50,0
44.0,1.0,2.0,1.0,1000.0,200.0,0.01,0.005,0.0,3.724,20,50,0
44.0,1.0,2.0,1.0,1000.0,200.0,0.01,0.005,0.0,3.724,20,50,0
44.0,1.0,2.0,1.0,1000.0,200.0,0.01,0.005,0.0,3.724,20,50,0
316.0,2.0,2.0,1.0,1000.0,200.0,0.01,0.005,0.0,3.724,20,50,0
42.0,1.0,1.0,1.0,1000.0,200.0,0.01,0.005,0.0,3.724,20,50,0
44.0,1.0,2.0,1.0,1000.0,200.0,0.01,0.005,0.0,3.724,20,50,0
44.0,1.0,2.0,1.0,1.0,0.0046573408074338605,100.0,50.0,0.0,3.724,20,50,0
44.0,1.0,2.0,1.0,1000.0,200.0,0.01,0.005,0.0,3.724,12,50,0
42.0,1.0,2.0,1.0,1000.0,200.0,0.01,0.005,0.0,3.724,12,50,0
42.0,1.0,2.0,1.0,1000.0,200.0,0.01,0.005,0.0,3.724,20,50,0
44.0,1.0,2.0,1.0,1000.0,200.0,0.01,0.005,0.0,3.724,20,50,0
44.0,1.0,1.0,1.0,1000.0,200.0,0.01,0.005,0.0,3.724,20,50,0
44.0,1.0,3.0,1.0,1000.0,200.0,0.01,0.005,0.0,3.724,20,50,0
105.0,1.0,2.0,1.0,1000.0,200.0,0.0014285714285714286,0.0007142857142857143,11712.0,3.724,14,12,0
44.0,1.0,2.0,1.0,1000.0,200.0,0.01,0.005,0.0,3.724,20,50,0
496.6,1.0,2.0,1.0,1000.0,200.0,0.0007142857142857143,0.00035714285714285714,275286.24,3.724,20,30,0
44.0,1.0,2.0,1.0,1000.0,200.0,0.01,0.005,0.0,3.724,20,50,0
44.0,1.0,2.0,1.0,1000.0,200.0,0.01,0.005,0.0,3.724,20,50,0
42.0,1.0,2.0,1.0,1000.0,200.0,0.01,0.005,0.0,3.724,20,50,0
44.0,1.0,1.0,1.0,1000.0,200.0,0.01,0.005,0.0,3.724,20,50,0
44.0,1.0,2.0,1.0,1000.0,200.0,0.01,0.005,0.0,3.724,20,50,0
44.0,1.0,2.0,1.0,1000.0,200.0,0.01,0.005,0.0,3.724,20,50,0
44.0,1.0,2.0,1.0,1000.0,200.0,0.01,0.005,0.0,3.724,20,50,0
44.0,1.0,2.0,1.0,1000.0,200.0,0.01,0.005,0.0,3.724,20,50,0
44.0,1.0,2.0,1.0,1000.0,200.0,0.01,0.005,0.0,3.724,20,50,0
42.0,1.0,1.0,1.0,1000.0,200.0,0.01,0.005,0.0,3.724,20,50,0
44.0,1.0,2.0,1.0,1000.0,200.0,0.01,0.005,0.0,3.724,20,50,0
42.0,1.0,2.0,1.0,1000.0,200.0,0.01,0.005,0.0,3.724,20,50,0
44.0,1.0,2.0,1.0,1000.0,200.0,0.01,0.005,0.0,3.724,20,50,0
44.0,1.0,2.0,1.0,1000.0,200.0,0.01,0.005,0.0,3.724,20,50,0
52.0,1.0,2.0,0.0,1000.0,200.0,0.01,0.005,0.0,3.724,11,49,0
44.0,1.0,2.0,1.0,1000.0,200.0,0.01,0.005,0.0,3.724,12,50,0
44.0,1.0,1.0,1.0,1000.0,200.0,0.01,0.005,0.0,3.724,20,50,0
42.0,1.0,1.0,1.0,1000.0,200.0,0.01,0.005,0.0,3.724,12,50,0
44.0,1.0,2.0,1.0,1000.0,200.0,0.01,0.005,0.0,3.724,20,50,0
42.0,1.0,2.0,1.0,1000.0,200.0,0.01,0.005,0.0,3.724,20,50,0
44.0,1.0,2.0,1.0,1000.0,200.0,0.01,0.005,0.0,3.724,20,50,0
1299.6666666666667,1.0,3.0,0.0,1.0,0.041909977368612225,100.0,50.0,143409.87654320986,3.724,11,49,0
55.2,1.0,2.0,0.0,1.0,0.01164267693085065,100.0,50.0,0.0,3.724,5,50,0
44.0,1.0,2.0,1.0,1000.0,200.0,0.01,0.005,0.0,3.724,20,50,0
44.0,1.0,2.0,1.0,1000.0,200.0,0.01,0.005,0.0,3.724,12,50,0
42.0,1.0,2.0,1.0,1000.0,200.0,0.01,0.005,0.0,3.724,20,50,0
42.0,1.0,3.0,1.0,1000.0,200.0,0.01,0.005,0.0,3.724,20,50,0
130.0,1.0,3.0,0.0,1.0,0.032601036433521136,100.0,50.0,17240.816326530614,3.724,5,50,0
54.285714285714285,1.0,3.0,0.0,1.0,0.016299983024731964,100.0,50.0,0.0,3.724,5,50,0
44.0,1.0,3.0,1.0,1000.0,200.0,0.01,0.005,0.0,3.724,20,50,0
44.0,1.0,2.0,1.0,1000.0,200.0,0.01,0.005,0.0,3.724,20,50,0
42.0,1.0,2.0,1.0,1000.0,200.0,0.01,0.005,0.0,3.724,20,50,0
42.0,1.0,2.0,1.0,1000.0,200.0,0.01,0.005,0.0,3.724,20,50,0
44.0,1.0,2.0,1.0,1000.0,200.0,0.01,0.005,0.0,3.724,20,50,0
54.666666666666664,1.0,3.0,0.0,1.0,0.027941637370636038,100.0,50.0,0.0,3.724,5,50,0
52.0,1.0,2.0,0.0,1.0,0.00931437795323996,100.0,50.0,0.0,3.724,5,50,0
96.5,2.0,1.0,1.0,1000.0,200.0,0.01,0.005,4096.0,3.724,4,2,0
42.0,1.0,2.0,1.0,1000.0,200.0,0.01,0.005,0.0,3.724,12,50,0
293.0,1.0,1.0,1.0,1000.0,200.0,0.0014285714285714286,0.0007142857142857143,186513.234375,3.724,14,12,0
44.0,1.0,2.0,1.0,1000.0,200.0,0.01,0.005,0.0,3.724,12,50,0
44.0,1.0,2.0,1.0,1000.0,200.0,0.01,0.005,0.0,3.724,20,50,0
44.0,1.0,2.0,1.0,1000.0,200.0,0.01,0.005,0.0,3.724,12,50,0
42.666666666666664,1.0,1.0,1.0,1000.0,200.0,0.005,0.0025,0.0,3.724,20,50,0
44.0,1.0,2.0,1.0,1000.0,200.0,0.01,0.005,0.0,3.724,20,50,0
42.0,1.0,2.0,1.0,1000.0,200.0,0.01,0.005,0.0,3.724,20,50,0
56.0,1.0,3.0,0.0,1.0,0.013970607239428966,100.0,50.0,0.0,3.724,5,50,0
42.0,1.0,1.0,1.0,1000.0,200.0,0.01,0.005,0.0,3.724,20,50,0
44.0,1.0,2.0,1.0,1000.0,200.0,0.01,0.005,0.0,3.724,20,50,0
44.0,1.0,2.0,1.0,1000.0,200.0,0.01,0.005,0.0,3.724,20,50,0
44.0,1.0,2.0,1.0,1000.0,200.0,0.01,0.005,0.0,3.724,20,50,0
42.0,1.0,2.0,1.0,1000.0,200.0,0.01,0.005,0.0,3.724,20,50,0
44.0,1.0,2.0,1.0,1000.0,200.0,0.01,0.005,0.0,3.724,20,50,0
44.0,1.0,3.0,1.0,1000.0,200.0,0.01,0.005,0.0,3.724,12,50,0
103.75,1.0,2.0,1.0,1000.0,200.0,0.0014285714285714286,0.0007142857142857143,11712.0,3.724,20,50,0
42.0,1.0,2.0,1.0,1000.0,200.0,0.01,0.005,0.0,3.724,20,50,0
42.0,1.0,2.0,1.0,1000.0,200.0,0.01,0.005,0.0,3.724,20,50,0
44.0,1.0,2.0,1.0,1000.0,200.0,0.01,0.005,0.0,3.724,20,50,0
42.0,1.0,2.0,1.0,1000.0,200.0,0.01,0.005,0.0,3.724,20,50,0
44.0,1.0,2.0,1.0,1000.0,200.0,0.01,0.005,0.0,3.724,20,50,0
44.0,1.0,2.0,1.0,1000.0,200.0,0.01,0.005,0.0,3.724,20,50,0
43.0,1.0,1.0,1.0,1000.0,200.0,0.0033333333333333335,0.0016666666666666668,0.0,3.724,1,1,0
42.0,1.0,2.0,1.0,1000.0,200.0,0.01,0.005,0.0,3.724,20,50,0
44.0,1.0,1.0,1.0,1000.0,200.0,0.01,0.005,0.0,3.724,20,50,0
44.0,1.0,1.0,1.0,1000.0,200.0,0.01,0.005,0.0,3.724,20,50,0
44.0,1.0,2.0,1.0,1000.0,200.0,0.01,0.005,0.0,3.724,20,50,0
243.44,1.0,2.0,0.0,1.0,0.05821253068964618,100.0,50.0,64751.1424,3.724,5,50,0
44.0,1.0,2.0,1.0,1000.0,200.0,0.01,0.005,0.0,3.724,20,50,0
42.0,1.0,2.0,1.0,1000.0,200.0,0.01,0.005,0.0,3.724,20,50,0
44.0,1.0,2.0,1.0,1000.0,200.0,0.01,0.005,0.0,3.724,12,50,0
42.0,1.0,2.0,1.0,1000.0,200.0,0.01,0.005,0.0,3.724,20,50,0
42.0,1.0,2.0,1.0,1000.0,200.0,0.01,0.005,0.0,3.724,20,50,0
44.0,1.0,1.0,1.0,1000.0,200.0,0.01,0.005,0.0,3.724,20,50,0
42.0,1.0,2.0,1.0,1000.0,200.0,0.01,0.005,0.0,3.724,20,50,0
100.5,2.0,1.0,1.0,1000.0,200.0,0.01,0.005,0.0,3.724,4,2,0
71.0,2.0,2.0,0.0,1000.0,200.0,0.01,0.005,0.0,3.724,9,26,0
42.0,1.0,1.0,1.0,1000.0,200.0,0.01,0.005,0.0,3.724,12,50,0
42.0,1.0,2.0,1.0,1000.0,200.0,0.01,0.005,0.0,3.724,20,50,0
44.0,1.0,2.0,1.0,1000.0,200.0,0.01,0.005,0.0,3.724,20,50,0
44.0,1.0,2.0,1.0,1000.0,200.0,0.01,0.005,0.0,3.724,20,50,0
44.0,1.0,2.0,1.0,1000.0,200.0,0.01,0.005,0.0,3.724,20,50,0
44.0,1.0,2.0,1.0,1000.0,200.0,0.01,0.005,0.0,3.724,20,50,0
44.0,1.0,2.0,1.0,1000.0,200.0,0.01,0.005,0.0,3.724,20,50,0
44.0,1.0,2.0,1.0,1000.0,200.0,0.01,0.005,0.0,3.724,20,50,0
54.666666666666664,1.0,2.0,0.0,1.0,0.013971212317020778,100.0,50.0,0.0,3.724,5,50,0
44.0,1.0,2.0,1.0,1000.0,200.0,0.01,0.005,0.0,3.724,20,50,0
242.0,2.0,1.0,1.0,1000.0,200.0,0.01,0.005,25600.0,3.724,8,9,0
42.0,1.0,2.0,1.0,1000.0,200.0,0.01,0.005,0.0,3.724,20,50,0
44.0,1.0,1.0,1.0,1000.0,200.0,0.01,0.005,0.0,3.724,12,50,0
42.0,1.0,3.0,0.0,1000.0,200.0,0.002,0.001,0.0,3.724,20,30,0
42.0,1.0,1.0,1.0,1000.0,200.0,0.01,0.005,0.0,3.724,20,50,0
42.0,1.0,2.0,1.0,1000.0,200.0,0.01,0.005,0.0,3.724,20,50,0
42.0,1.0,2.0,1.0,1000.0,200.0,0.01,0.005,0.0,3.724,20,50,0
42.0,1.0,2.0,1.0,1000.0,200.0,0.01,0.005,0.0,3.724,20,50,0
44.0,1.0,2.0,1.0,1000.0,200.0,0.01,0.005,0.0,3.724,20,50,0
44.0,1.0,2.0,1.0,1000.0,200.0,0.01,0.005,0.0,3.724,20,50,0
44.0,1.0,2.0,1.0,1000.0,200.0,0.01,0.005,0.0,3.724,20,50,0
44.0,1.0,2.0,1.0,1000.0,200.0,0.01,0.005,0.0,3.724,20,50,0
44.0,1.0,2.0,1.0,1000.0,200.0,0.01,0.005,0.0,3.724,20,50,0
44.0,1.0,2.0,1.0,1000.0,200.0,0.01,0.005,0.0,3.724,12,50,0
96.5,2.0,1.0,1.0,1000.0,200.0,0.01,0.005,4096.0,3.724,4,2,0
42.0,1.0,2.0,1.0,1000.0,200.0,0.01,0.005,0.0,3.724,12,50,0
42.0,1.0,2.0,1.0,1000.0,200.0,0.01,0.005,0.0,3.724,20,50,0
44.0,1.0,2.0,1.0,1000.0,200.0,0.01,0.005,0.0,3.724,20,50,0
42.0,1.0,2.0,1.0,1000.0,200.0,0.01,0.005,0.0,3.724,12,50,0
44.0,1.0,2.0,1.0,1000.0,200.0,0.01,0.005,0.0,3.724,20,50,0
42.0,1.0,1.0,1.0,1000.0,200.0,0.01,0.005,0.0,3.724,20,50,0
44.0,1.0,2.0,1.0,1000.0,200.0,0.01,0.005,0.0,3.724,20,50,0
42.0,1.0,1.0,1.0,1000.0,200.0,0.01,0.005,0.0,3.724,20,50,0
44.0,1.0,2.0,1.0,1000.0,200.0,0.01,0.005,0.0,3.724,20,50,0
93.0,2.0,1.0,1.0,1000.0,200.0,0.0033333333333333335,0.0016666666666666668,0.0,3.724,1,1,0
42.0,1.0,2.0,1.0,1000.0,200.0,0.01,0.005,0.0,3.724,20,50,0
44.0,1.0,2.0,1.0,1000.0,200.0,0.01,0.005,0.0,3.724,20,50,0
42.0,1.0,2.0,1.0,1000.0,200.0,0.01,0.005,0.0,3.724,20,50,0
42.0,1.0,2.0,1.0,1000.0,200.0,0.01,0.005,0.0,3.724,20,50,0
44.0,1.0,1.0,1.0,1000.0,200.0,0.01,0.005,0.0,3.724,20,50,0
44.0,1.0,2.0,1.0,1000.0,200.0,0.01,0.005,0.0,3.724,20,50,0
44.0,1.0,2.0,1.0,1000.0,200.0,0.01,0.005,0.0,3.724,20,50,0
42.0,1.0,2.0,1.0,1000.0,200.0,0.01,0.005,0.0,3.724,20,50,0
42.0,1.0,1.0,1.0,1000.0,200.0,0.01,0.005,0.0,3.724,20,50,0
44.0,1.0,1.0,1.0,1000.0,200.0,0.01,0.005,0.0,3.724,20,50,0
220.20833333333334,1.0,2.0,1.0,1000.0,200.0,0.0004347826086956522,0.0002173913043478261,110238.57638888885,3.724,20,30,0
44.0,1.0,2.0,1.0,1000.0,200.0,0.01,0.005,0.0,3.724,20,50,0
42.0,1.0,2.0,1.0,1000.0,200.0,0.01,0.005,0.0,3.724,20,50,0
42.0,1.0,2.0,1.0,1000.0,200.0,0.01,0.005,0.0,3.724,20,50,0
44.0,1.0,1.0,1.0,1000.0,200.0,0.01,0.005,0.0,3.724,20,50,0
44.0,1.0,2.0,1.0,1000.0,200.0,0.01,0.005,0.0,3.724,20,50,0
42.0,1.0,2.0,1.0,1000.0,200.0,0.01,0.005,0.0,3.724,20,50,0
44.0,1.0,2.0,1.0,1000.0,200.0,0.01,0.005,0.0,3.724,20,50,0
67.42857142857143,1.0,1.0,1.0,1000.0,200.0,0.0016666666666666668,0.0008333333333333334,0.0,3.724,9,5,0
42.0,1.0,1.0,1.0,1.0,0.004656631625513685,100.0,50.0,0.0,3.724,12,50,0
44.0,1.0,2.0,1.0,1000.0,200.0,0.01,0.005,0.0,3.724,20,50,0
42.0,1.0,2.0,1.0,1000.0,200.0,0.01,0.005,0.0,3.724,20,50,0
44.0,1.0,2.0,1.0,1000.0,200.0,0.01,0.005,0.0,3.724,20,50,0
44.0,1.0,2.0,1.0,1000.0,200.0,0.01,0.005,0.0,3.724,20,50,0
44.0,1.0,2.0,1.0,1000.0,200.0,0.01,0.005,0.0,3.724,20,50,0
42.0,1.0,2.0,1.0,1000.0,200.0,0.01,0.005,0.0,3.724,20,50,0
44.0,1.0,1.0,1.0,1000.0,200.0,0.01,0.005,0.0,3.724,12,50,0
44.0,1.0,2.0,1.0,1000.0,200.0,0.01,0.005,0.0,3.724,20,50,0
44.0,1.0,2.0,1.0,1000.0,200.0,0.01,0.005,0.0,3.724,20,50,0
44.0,1.0,2.0,1.0,1000.0,200.0,0.01,0.005,0.0,3.724,12,50,0
42.0,1.0,2.0,1.0,1000.0,200.0,0.01,0.005,0.0,3.724,20,50,0
44.0,1.0,2.0,1.0,1000.0,200.0,0.01,0.005,0.0,3.724,20,50,0
44.0,1.0,1.0,1.0,1000.0,200.0,0.01,0.005,0.0,3.724,20,50,0
44.0,1.0,2.0,1.0,1000.0,200.0,0.01,0.005,0.0,3.724,20,50,0
97.5,2.0,1.0,1.0,1000.0,200.0,0.01,0.005,0.0,3.724,20,50,0
42.0,1.0,2.0,1.0,1000.0,200.0,0.01,0.005,0.0,3.724,20,50,0
183.5,2.0,1.0,1.0,1000.0,200.0,0.01,0.005,25600.0,3.724,4,2,0
44.0,1.0,1.0,1.0,1000.0,200.0,0.01,0.005,0.0,3.724,20,50,0
42.0,1.0,2.0,1.0,1000.0,200.0,0.01,0.005,0.0,3.724,20,50,0
52.0,1.0,3.0,0.0,1000.0,200.0,0.01,0.005,0.0,3.724,5,50,0
44.0,1.0,2.0,1.0,1000.0,200.0,0.01,0.005,0.0,3.724,20,50,0
44.0,1.0,2.0,1.0,1000.0,200.0,0.01,0.005,0.0,3.724,20,50,0
44.0,1.0,2.0,1.0,1000.0,200.0,0.01,0.005,0.0,3.724,20,50,0
44.0,1.0,2.0,1.0,1000.0,200.0,0.01,0.005,0.0,3.724,20,50,0
52.0,1.0,3.0,0.0,1.0,0.00931431071655691,100.0,50.0,0.0,3.724,5,50,0
44.0,1.0,2.0,1.0,1000.0,200.0,0.01,0.005,0.0,3.724,20,50,0
40.0,1.0,1.0,1.0,1000.0,200.0,0.01,0.005,0.0,3.724,1,1,0
44.0,1.0,2.0,1.0,1000.0,200.0,0.01,0.005,0.0,3.724,20,50,0
44.0,1.0,2.0,1.0,1000.0,200.0,0.01,0.005,0.0,3.724,20,50,0
44.0,1.0,2.0,1.0,1000.0,200.0,0.01,0.005,0.0,3.724,20,50,0
67.0,2.0,1.0,1.0,1000.0,200.0,0.0014285714285714286,0.0007142857142857143,0.0,3.724,3,8,0
42.0,1.0,2.0,1.0,1000.0,200.0,0.01,0.005,0.0,3.724,20,50,0
44.0,1.0,2.0,1.0,1000.0,200.0,0.01,0.005,0.0,3.724,20,50,0
353.0,2.0,3.0,1.0,1000.0,200.0,0.01,0.005,0.0,3.724,7,12,0
42.0,1.0,2.0,1.0,1000.0,200.0,0.01,0.005,0.0,3.724,20,50,0
42.0,1.0,2.0,1.0,1000.0,200.0,0.01,0.005,0.0,3.724,12,50,0
44.0,1.0,2.0,1.0,1000.0,200.0,0.01,0.005,0.0,3.724,20,50,0
44.0,1.0,1.0,1.0,1000.0,200.0,0.01,0.005,0.0,3.724,20,50,0
44.0,1.0,2.0,1.0,1000.0,200.0,0.01,0.005,0.0,3.724,20,50,0
100.0,2.0,2.0,0.0,1000.0,200.0,0.01,0.005,0.0,3.724,9,26,0
153.66666666666666,2.0,2.0,1.0,1000.0,200.0,0.0004347826086956522,0.0002173913043478261,0.0,3.724,20,30,0
93.0,2.0,1.0,1.0,1000.0,200.0,0.0033333333333333335,0.0016666666666666668,0.0,3.724,1,1,0
44.0,1.0,2.0,1.0,1000.0,200.0,0.01,0.005,0.0,3.724,20,50,0
44.0,1.0,2.0,1.0,1000.0,200.0,0.01,0.005,0.0,3.724,20,50,0
44.0,1.0,1.0,1.0,1000.0,200.0,0.01,0.005,0.0,3.724,20,50,0
44.0,1.0,2.0,1.0,1000.0,200.0,0.01,0.005,0.0,3.724,20,50,0
44.0,1.0,1.0,1.0,1000.0,200.0,0.01,0.005,0.0,3.724,20,50,0
42.0,1.0,2.0,1.0,1000.0,200.0,0.01,0.005,0.0,3.724,20,50,0
44.0,1.0,2.0,1.0,1000.0,200.0,0.01,0.005,0.0,3.724,20,50,0
42.0,1.0,2.0,1.0,1000.0,200.0,0.01,0.005,0.0,3.724,20,50,0
44.0,1.0,2.0,1.0,1000.0,200.0,0.01,0.005,0.0,3.724,20,50,0
44.0,1.0,2.0,1.0,1000.0,200.0,0.01,0.005,0.0,3.724,20,50,0
44.0,1.0,2.0,1.0,1000.0,200.0,0.01,0.005,0.0,3.724,20,50,0
153.88888888888889,1.0,2.0,1.0,1000.0,200.0,0.00125,0.000625,53500.83950617283,3.724,14,12,0
44.0,1.0,2.0,1.0,1000.0,200.0,0.01,0.005,0.0,3.724,20,50,0
42.0,1.0,2.0,1.0,1000.0,200.0,0.01,0.005,0.0,3.724,12,50,0
44.0,1.0,2.0,1.0,1000.0,200.0,0.01,0.005,0.0,3.724,20,50,0
44.0,1.0,3.0,1.0,1000.0,200.0,0.01,0.005,0.0,3.724,20,50,0
44.0,1.0,2.0,1.0,1000.0,200.0,0.01,0.005,0.0,3.724,20,50,0
222.35714285714286,1.0,2.0,0.0,1.0,0.06520113151906526,100.0,50.0,61611.02423469388,3.724,5,50,0
42.0,1.0,2.0,1.0,1000.0,200.0,0.01,0.005,0.0,3.724,12,50,0
42.0,1.0,1.0,1.0,1000.0,200.0,0.01,0.005,0.0,3.724,20,50,0
42.0,1.0,2.0,1.0,1000.0,200.0,0.01,0.005,0.0,3.724,20,50,0
42.0,1.0,3.0,1.0,1000.0,200.0,0.01,0.005,0.0,3.724,20,50,0
54.666666666666664,1.0,2.0,0.0,1.0,0.027941103878504632,100.0,50.0,0.0,3.724,5,50,0
233.11111111111111,1.0,1.0,1.0,1000.0,200.0,0.00125,0.000625,141219.65432098764,3.724,20,50,0
44.0,1.0,2.0,1.0,1000.0,200.0,0.01,0.005,0.0,3.724,20,50,0
42.0,1.0,2.0,1.0,1000.0,200.0,0.01,0.005,0.0,3.724,20,50,0
44.0,1.0,2.0,1.0,1000.0,200.0,0.01,0.005,0.0,3.724,20,50,0
44.0,1.0,2.0,1.0,1000.0,200.0,0.01,0.005,0.0,3.724,20,50,0
42.0,1.0,1.0,1.0,1.0,0.00465662078342988,100.0,50.0,0.0,3.724,20,50,0
44.0,1.0,2.0,1.0,1000.0,200.0,0.01,0.005,0.0,3.724,12,50,0
93.0,2.0,1.0,1.0,1000.0,200.0,0.0033333333333333335,0.0016666666666666668,0.0,3.724,1,1,0
44.0,1.0,2.0,1.0,1000.0,200.0,0.01,0.005,0.0,3.724,12,50,0
54.285714285714285,1.0,3.0,0.0,1.0,0.01629986915862171,100.0,50.0,0.0,3.724,5,50,0
44.0,1.0,2.0,1.0,1000.0,200.0,0.01,0.005,0.0,3.724,20,50,0
44.0,1.0,2.0,1.0,1000.0,200.0,0.01,0.005,0.0,3.724,20,50,0
42.0,1.0,1.0,1.0,1000.0,200.0,0.01,0.005,0.0,3.724,12,50,0
44.0,1.0,2.0,1.0,1000.0,200.0,0.01,0.005,0.0,3.724,20,50,0
44.0,1.0,1.0,1.0,1000.0,200.0,0.01,0.005,0.0,3.724,20,50,0
44.0,1.0,1.0,1.0,1000.0,200.0,0.01,0.005,0.0,3.724,20,50,0
44.0,1.0,2.0,1.0,1000.0,200.0,0.01,0.005,0.0,3.724,20,50,0
44.0,1.0,2.0,1.0,1000.0,200.0,0.01,0.005,0.0,3.724,20,50,0
44.0,1.0,2.0,1.0,1000.0,200.0,0.01,0.005,0.0,3.724,20,50,0
67.0,2.0,3.0,0.0,1000.0,200.0,0.01,0.005,0.0,3.724,9,26,0
44.0,1.0,3.0,1.0,1000.0,200.0,0.01,0.005,0.0,3.724,20,50,0
42.0,1.0,2.0,1.0,1000.0,200.0,0.01,0.005,0.0,3.724,20,50,0
44.0,1.0,2.0,1.0,1000.0,200.0,0.01,0.005,0.0,3.724,20,50,0
44.0,1.0,3.0,1.0,1000.0,200.0,0.01,0.005,0.0,3.724,12,50,0
56.0,1.0,2.0,0.0,1.0,0.009313261082606064,100.0,50.0,0.0,3.724,7,36,0
42.0,1.0,2.0,1.0,1000.0,200.0,0.01,0.005,0.0,3.724,20,50,0
44.0,1.0,2.0,1.0,1000.0,200.0,0.01,0.005,0.0,3.724,20,50,0
42.0,1.0,2.0,1.0,1000.0,200.0,0.01,0.005,0.0,3.724,20,50,0
44.0,1.0,2.0,1.0,1000.0,200.0,0.01,0.005,0.0,3.724,20,50,0
44.0,1.0,3.0,1.0,1000.0,200.0,0.01,0.005,0.0,3.724,20,50,0
44.0,1.0,2.0,1.0,1000.0,200.0,0.01,0.005,0.0,3.724,12,50,0
44.0,1.0,2.0,1.0,1000.0,200.0,0.01,0.005,0.0,3.724,20,50,0
42.0,1.0,1.0,1.0,1000.0,200.0,0.01,0.005,0.0,3.724,20,50,0
42.0,1.0,1.0,1.0,1000.0,200.0,0.01,0.005,0.0,3.724,20,50,0
44.0,1.0,2.0,1.0,1000.0,200.0,0.01,0.005,0.0,3.724,20,50,0
55.2,1.0,2.0,0.0,1.0,0.011642422098807373,100.0,50.0,0.0,3.724,5,50,0
42.0,1.0,2.0,1.0,1000.0,200.0,0.01,0.005,0.0,3.724,20,50,0
44.0,1.0,2.0,1.0,1000.0,200.0,0.01,0.005,0.0,3.724,20,50,0
44.0,1.0,2.0,1.0,1000.0,200.0,0.01,0.005,0.0,3.724,20,50,0
44.0,1.0,2.0,1.0,1000.0,200.0,0.01,0.005,0.0,3.724,20,50,0
44.0,1.0,2.0,1.0,1000.0,200.0,0.01,0.005,0.0,3.724,20,50,0
40.0,1.0,1.0,1.0,1000.0,200.0,0.01,0.005,0.0,3.724,1,1,0
44.0,1.0,2.0,1.0,1000.0,200.0,0.01,0.005,0.0,3.724,20,50,0
243.44,1.0,2.0,0.0,1.0,0.058212124048639256,100.0,50.0,64751.1424,3.724,5,50,0
40.0,1.0,2.0,1.0,1000.0,200.0,0.0001,5e-05,0.0,3.724,20,30,0
44.0,1.0,2.0,1.0,1000.0,200.0,0.01,0.005,0.0,3.724,20,50,0
118.85714285714286,2.0,1.0,1.0,1000.0,200.0,0.0007692307692307692,0.0003846153846153846,3463.8367346938776,3.724,3,8,0
53.6,1.0,3.0,0.0,1.0,0.011643059199833083,100.0,50.0,0.0,3.724,5,50,0
42.0,1.0,2.0,1.0,1000.0,200.0,0.01,0.005,0.0,3.724,20,50,0
42.0,1.0,2.0,1.0,1000.0,200.0,0.01,0.005,0.0,3.724,20,50,0
44.0,1.0,2.0,1.0,1000.0,200.0,0.01,0.005,0.0,3.724,12,50,0
52.0,1.0,3.0,0.0,1000.0,200.0,0.01,0.005,0.0,3.724,5,50,0
44.0,1.0,2.0,1.0,1000.0,200.0,0.01,0.005,0.0,3.724,12,50,0
44.0,1.0,1.0,1.0,1000.0,200.0,0.01,0.005,0.0,3.724,20,50,0
44.0,1.0,2.0,1.0,1000.0,200.0,0.01,0.005,0.0,3.724,20,50,0
44.0,1.0,2.0,1.0,1000.0,200.0,0.01,0.005,0.0,3.724,20,50,0
44.0,1.0,2.0,1.0,1000.0,200.0,0.01,0.005,0.0,3.724,20,50,0
42.0,1.0,2.0,1.0,1000.0,200.0,0.01,0.005,0.0,3.724,20,50,0
44.0,1.0,2.0,1.0,1000.0,200.0,0.01,0.005,0.0,3.724,20,50,0
44.0,1.0,2.0,1.0,1000.0,200.0,0.01,0.005,0.0,3.724,20,50,0
42.0,1.0,2.0,1.0,1000.0,200.0,0.01,0.005,0.0,3.724,20,50,0
44.0,1.0,1.0,1.0,1000.0,200.0,0.01,0.005,0.0,3.724,20,50,0
93.0,2.0,1.0,1.0,1000.0,200.0,0.01,0.005,0.0,3.724,4,2,0
42.666666666666664,1.0,1.0,1.0,1000.0,200.0,0.005,0.0025,0.0,3.724,20,50,0
44.0,1.0,2.0,1.0,1000.0,200.0,0.01,0.005,0.0,3.724,20,50,0
63.0,2.0,2.0,1.0,1000.0,200.0,0.01,0.005,0.0,3.724,7,12,0
44.0,1.0,3.0,1.0,1000.0,200.0,0.01,0.005,0.0,3.724,20,50,0
44.0,1.0,2.0,1.0,1000.0,200.0,0.01,0.005,0.0,3.724,20,50,0
44.0,1.0,2.0,1.0,1000.0,200.0,0.01,0.005,0.0,3.724,20,50,0
93.0,2.0,1.0,1.0,1000.0,200.0,0.0033333333333333335,0.0016666666666666668,0.0,3.724,1,1,0
52.0,1.0,2.0,0.0,1000.0,200.0,0.01,0.005,0.0,3.724,5,50,0
44.0,1.0,1.0,1.0,1000.0,200.0,0.01,0.005,0.0,3.724,20,50,0
44.0,1.0,2.0,1.0,1000.0,200.0,0.01,0.005,0.0,3.724,20,50,0
44.0,1.0,1.0,1.0,1000.0,200.0,0.01,0.005,0.0,3.724,12,50,0
42.0,1.0,2.0,1.0,1000.0,200.0,0.01,0.005,0.0,3.724,12,50,0
42.0,1.0,2.0,1.0,1000.0,200.0,0.01,0.005,0.0,3.724,20,50,0
42.0,1.0,2.0,1.0,1000.0,200.0,0.01,0.005,0.0,3.724,20,50,0
42.0,1.0,2.0,1.0,1000.0,200.0,0.01,0.005,0.0,3.724,20,50,0
40.0,1.0,2.0,1.0,1000.0,200.0,0.0001,5e-05,0.0,3.724,5,50,0
60.333333333333336,1.0,1.0,1.0,1000.0,200.0,0.00125,0.000625,0.0,3.724,20,50,0
157.8,1.0,3.0,0.0,1000.0,200.0,0.0025,0.00125,79298.56000000001,3.724,20,50,0
44.0,1.0,2.0,1.0,1000.0,200.0,0.01,0.005,0.0,3.724,20,50,0
44.0,1.0,2.0,1.0,1000.0,200.0,0.01,0.005,0.0,3.724,20,50,0
44.0,1.0,2.0,1.0,1000.0,200.0,0.01,0.005,0.0,3.724,20,50,0
44.0,1.0,2.0,1.0,1000.0,200.0,0.01,0.005,0.0,3.724,20,50,0
44.0,1.0,2.0,1.0,1000.0,200.0,0.01,0.005,0.0,3.724,20,50,0
44.0,1.0,1.0,1.0,1000.0,200.0,0.01,0.005,0.0,3.724,20,50,0
44.0,1.0,2.0,1.0,1000.0,200.0,0.01,0.005,0.0,3.724,20,50,0
63.0,2.0,2.0,1.0,1000.0,200.0,0.01,0.005,0.0,3.724,7,12,0
44.0,1.0,1.0,1.0,1000.0,200.0,0.01,0.005,0.0,3.724,20,50,0
42.666666666666664,1.0,1.0,1.0,1000.0,200.0,0.005,0.0025,0.0,3.724,20,50,0
44.0,1.0,2.0,1.0,1000.0,200.0,0.01,0.005,0.0,3.724,20,50,0
42.0,1.0,2.0,1.0,1000.0,200.0,0.01,0.005,0.0,3.724,12,50,0
44.0,1.0,2.0,1.0,1000.0,200.0,0.01,0.005,0.0,3.724,12,50,0
44.0,1.0,1.0,1.0,1000.0,200.0,0.01,0.005,0.0,3.724,20,50,0
44.0,1.0,1.0,1.0,1000.0,200.0,0.01,0.005,0.0,3.724,20,50,0
44.0,1.0,2.0,1.0,1000.0,200.0,0.01,0.005,0.0,3.724,20,50,0
42.0,1.0,2.0,1.0,1000.0,200.0,0.01,0.005,0.0,3.724,12,50,0
44.0,1.0,2.0,1.0,1000.0,200.0,0.01,0.005,0.0,3.724,20,50,0
44.0,1.0,3.0,1.0,1000.0,200.0,0.01,0.005,0.0,3.724,12,50,0
44.0,1.0,2.0,1.0,1000.0,200.0,0.01,0.005,0.0,3.724,20,50,0
52.0,1.0,3.0,0.0,1.0,0.0069856565841909,100.0,50.0,0.0,3.724,5,50,0
44.0,1.0,2.0,1.0,1000.0,200.0,0.01,0.005,0.0,3.724,12,50,0
76.66666666666667,1.0,1.0,1.0,1.0,0.01396994041354749,100.0,50.0,2275.5555555555557,3.724,20,50,0
44.0,1.0,1.0,1.0,1000.0,200.0,0.01,0.005,0.0,3.724,20,50,0
44.0,1.0,2.0,1.0,1000.0,200.0,0.01,0.005,0.0,3.724,20,50,0
42.0,1.0,2.0,1.0,1000.0,200.0,0.01,0.005,0.0,3.724,20,50,0
42.0,1.0,2.0,1.0,1000.0,200.0,0.01,0.005,0.0,3.724,20,50,0
42.0,1.0,1.0,1.0,1000.0,200.0,0.01,0.005,0.0,3.724,20,50,0
44.0,1.0,2.0,1.0,1000.0,200.0,0.01,0.005,0.0,3.724,12,50,0
67.77777777777777,1.0,1.0,1.0,1000.0,200.0,0.00125,0.000625,0.0,3.724,14,12,0
44.0,1.0,1.0,1.0,1000.0,200.0,0.01,0.005,0.0,3.724,20,50,0
52.0,1.0,2.0,0.0,1000.0,200.0,0.01,0.005,0.0,3.724,11,49,0
40.0,1.0,1.0,1.0,1.0,0.004656721616757864,100.0,50.0,0.0,3.724,1,1,0
244.23809523809524,1.0,2.0,1.0,1000.0,200.0,0.0005,0.00025,122390.61678004533,3.724,20,30,0
44.0,1.0,2.0,1.0,1000.0,200.0,0.01,0.005,0.0,3.724,20,50,0
44.0,1.0,2.0,1.0,1000.0,200.0,0.01,0.005,0.0,3.724,20,50,0
42.0,1.0,1.0,1.0,1000.0,200.0,0.01,0.005,0.0,3.724,20,50,0
42.0,1.0,2.0,1.0,1000.0,200.0,0.01,0.005,0.0,3.724,20,50,0
44.0,1.0,2.0,1.0,1000.0,200.0,0.01,0.005,0.0,3.724,20,50,0
44.0,1.0,2.0,1.0,1000.0,200.0,0.01,0.005,0.0,3.724,20,50,0
44.0,1.0,2.0,1.0,1000.0,200.0,0.01,0.005,0.0,3.724,12,50,0
350.0,2.0,2.0,1.0,1000.0,200.0,0.01,0.005,0.0,3.724,7,12,0
42.0,1.0,2.0,1.0,1000.0,200.0,0.01,0.005,0.0,3.724,20,50,0
44.0,1.0,2.0,1.0,1000.0,200.0,0.01,0.005,0.0,3.724,20,50,0
71.0,2.0,2.0,0.0,1000.0,200.0,0.01,0.005,0.0,3.724,9,26,0
44.0,1.0,2.0,1.0,1000.0,200.0,0.01,0.005,0.0,3.724,20,50,0
44.0,1.0,2.0,1.0,1000.0,200.0,0.01,0.005,0.0,3.724,20,50,0
42.0,1.0,3.0,1.0,1000.0,200.0,0.01,0.005,0.0,3.724,20,50,0
44.0,1.0,1.0,1.0,1000.0,200.0,0.01,0.005,0.0,3.724,12,50,0
44.0,1.0,2.0,1.0,1000.0,200.0,0.01,0.005,0.0,3.724,20,50,0
44.0,1.0,2.0,1.0,1000.0,200.0,0.01,0.005,0.0,3.724,20,50,0
44.0,1.0,2.0,1.0,1000.0,200.0,0.01,0.005,0.0,3.724,12,50,0
44.0,1.0,2.0,1.0,1000.0,200.0,0.01,0.005,0.0,3.724,20,50,0
42.0,1.0,1.0,1.0,1000.0,200.0,0.01,0.005,0.0,3.724,20,50,0
96.5,2.0,1.0,1.0,1000.0,200.0,0.0033333333333333335,0.0016666666666666668,4096.0,3.724,1,1,0
44.0,1.0,2.0,1.0,1000.0,200.0,0.01,0.005,0.0,3.724,20,50,0
44.0,1.0,1.0,1.0,1000.0,200.0,0.01,0.005,0.0,3.724,20,50,0
44.0,1.0,2.0,1.0,1000.0,200.0,0.01,0.005,0.0,3.724,20,50,0
42.0,1.0,2.0,1.0,1000.0,200.0,0.01,0.005,0.0,3.724,20,50,0
54.285714285714285,1.0,2.0,0.0,1.0,0.01630016141816993,100.0,50.0,0.0,3.724,5,50,0
44.0,1.0,2.0,1.0,1000.0,200.0,0.01,0.005,0.0,3.724,20,50,0
42.0,1.0,2.0,1.0,1000.0,200.0,0.01,0.005,0.0,3.724,12,50,0
44.0,1.0,2.0,1.0,1000.0,200.0,0.01,0.005,0.0,3.724,20,50,0
44.0,1.0,2.0,1.0,1000.0,200.0,0.01,0.005,0.0,3.724,20,50,0
42.0,1.0,1.0,1.0,1000.0,200.0,0.01,0.005,0.0,3.724,12,50,0
44.0,1.0,1.0,1.0,1000.0,200.0,0.01,0.005,0.0,3.724,20,50,0
44.0,1.0,2.0,1.0,1000.0,200.0,0.01,0.005,0.0,3.724,20,50,0
44.0,1.0,2.0,1.0,1000.0,200.0,0.01,0.005,0.0,3.724,20,50,0
44.0,1.0,2.0,1.0,1000.0,200.0,0.01,0.005,0.0,3.724,20,50,0
42.0,1.0,2.0,1.0,1000.0,200.0,0.01,0.005,0.0,3.724,20,50,0
44.0,1.0,2.0,1.0,1000.0,200.0,0.01,0.005,0.0,3.724,12,50,0
56.0,1.0,2.0,0.0,1.0,0.009313261082606064,100.0,50.0,0.0,3.724,7,36,0
54.666666666666664,1.0,3.0,0.0,1.0,0.01397085446910171,100.0,50.0,0.0,3.724,5,50,0
44.0,1.0,2.0,1.0,1000.0,200.0,0.01,0.005,0.0,3.724,20,50,0
44.0,1.0,2.0,1.0,1000.0,200.0,0.01,0.005,0.0,3.724,20,50,0
52.0,1.0,3.0,0.0,1000.0,200.0,0.01,0.005,0.0,3.724,5,50,0
93.0,2.0,1.0,1.0,1000.0,200.0,0.01,0.005,0.0,3.724,4,2,0
44.0,1.0,1.0,1.0,1000.0,200.0,0.01,0.005,0.0,3.724,20,50,0
44.0,1.0,3.0,1.0,1000.0,200.0,0.01,0.005,0.0,3.724,20,50,0
108.28571428571429,1.0,2.0,0.0,1.0,0.016299713544177113,100.0,50.0,12538.77551020408,3.724,5,50,0
42.0,1.0,1.0,1.0,1000.0,200.0,0.01,0.005,0.0,3.724,20,50,0
44.0,1.0,1.0,1.0,1000.0,200.0,0.01,0.005,0.0,3.724,20,50,0
44.0,1.0,1.0,1.0,1000.0,200.0,0.01,0.005,0.0,3.724,20,50,0
44.0,1.0,2.0,1.0,1000.0,200.0,0.01,0.005,0.0,3.724,12,50,0
42.0,1.0,2.0,1.0,1000.0,200.0,0.01,0.005,0.0,3.724,20,50,0
44.0,1.0,2.0,1.0,1000.0,200.0,0.01,0.005,0.0,3.724,20,50,0
52.0,1.0,2.0,0.0,1000.0,200.0,0.01,0.005,0.0,3.724,5,50,0
44.0,1.0,2.0,1.0,1000.0,200.0,0.01,0.005,0.0,3.724,12,50,0
44.0,1.0,2.0,1.0,1000.0,200.0,0.01,0.005,0.0,3.724,20,50,0
44.0,1.0,2.0,1.0,1000.0,200.0,0.01,0.005,0.0,3.724,20,50,0
277.4375,1.0,2.0,1.0,1000.0,200.0,0.0006666666666666666,0.0003333333333333333,102663.58984375,3.724,20,50,0
44.0,1.0,1.0,1.0,1000.0,200.0,0.01,0.005,0.0,3.724,20,50,0
44.0,1.0,2.0,1.0,1000.0,200.0,0.01,0.005,0.0,3.724,20,50,0
44.0,1.0,2.0,1.0,1000.0,200.0,0.01,0.005,0.0,3.724,20,50,0
44.0,1.0,3.0,1.0,1000.0,200.0,0.01,0.005,0.0,3.724,12,50,0
44.0,1.0,1.0,1.0,1000.0,200.0,0.01,0.005,0.0,3.724,20,50,0
43.0,1.0,2.0,1.0,1.0,0.009313519131831,100.0,50.0,0.0,3.724,20,50,0
44.0,1.0,2.0,1.0,1000.0,200.0,0.01,0.005,0.0,3.724,20,50,0
42.0,1.0,2.0,1.0,1000.0,200.0,0.01,0.005,0.0,3.724,20,50,0
44.0,1.0,2.0,1.0,1000.0,200.0,0.01,0.005,0.0,3.724,20,50,0
42.0,1.0,1.0,1.0,1.0,0.004656652225612007,100.0,50.0,0.0,3.724,12,50,0
42.0,1.0,2.0,1.0,1000.0,200.0,0.01,0.005,0.0,3.724,20,50,0
44.0,1.0,3.0,1.0,1000.0,200.0,0.01,0.005,0.0,3.724,20,50,0
44.0,1.0,2.0,1.0,1000.0,200.0,0.01,0.005,0.0,3.724,20,50,0
44.0,1.0,2.0,1.0,1000.0,200.0,0.01,0.005,0.0,3.724,20,50,0
44.0,1.0,1.0,1.0,1000.0,200.0,0.01,0.005,0.0,3.724,20,50,0
44.0,1.0,2.0,1.0,1000.0,200.0,0.01,0.005,0.0,3.724,20,50,0
42.0,1.0,2.0,1.0,1000.0,200.0,0.01,0.005,0.0,3.724,12,50,0
44.0,1.0,1.0,1.0,1000.0,200.0,0.01,0.005,0.0,3.724,20,50,0
44.0,1.0,2.0,1.0,1000.0,200.0,0.01,0.005,0.0,3.724,20,50,0
98.0,1.0,2.0,1.0,1000.0,200.0,0.001,0.0005,9139.8347107438,3.724,10,13,0
55.2,1.0,3.0,0.0,1.0,0.01164225131336237,100.0,50.0,0.0,3.724,5,50,0
42.0,1.0,2.0,1.0,1000.0,200.0,0.01,0.005,0.0,3.724,20,50,0
44.0,1.0,2.0,1.0,1000.0,200.0,0.01,0.005,0.0,3.724,20,50,0
44.0,1.0,2.0,1.0,1000.0,200.0,0.01,0.005,0.0,3.724,12,50,0
40.0,1.0,1.0,0.0,3.3527856992513976,0.5587976165418996,17.97044351464435,8.985221757322176,0.0,3.724,20,50,0
44.0,1.0,2.0,1.0,1000.0,200.0,0.01,0.005,0.0,3.724,20,50,0
44.0,1.0,2.0,1.0,1000.0,200.0,0.01,0.005,0.0,3.724,20,50,0
42.0,1.0,2.0,1.0,1000.0,200.0,0.01,0.005,0.0,3.724,20,50,0
48.0,1.0,1.0,1.0,1000.0,200.0,0.0033333333333333335,0.0016666666666666668,0.0,3.724,20,50,0
44.0,1.0,2.0,1.0,1000.0,200.0,0.01,0.005,0.0,3.724,20,50,0
44.0,1.0,3.0,1.0,1000.0,200.0,0.01,0.005,0.0,3.724,20,50,0
42.0,1.0,2.0,1.0,1000.0,200.0,0.01,0.005,0.0,3.724,12,50,0
590.5,2.0,1.0,1.0,1000.0,200.0,0.01,0.005,363006.25,3.724,20,50,0
44.0,1.0,2.0,1.0,1000.0,200.0,0.01,0.005,0.0,3.724,12,50,0
44.0,1.0,2.0,1.0,1000.0,200.0,0.01,0.005,0.0,3.724,20,50,0
54.666666666666664,1.0,3.0,0.0,1.0,0.02794222293423146,100.0,50.0,0.0,3.724,5,50,0
42.0,1.0,2.0,1.0,1000.0,200.0,0.01,0.005,0.0,3.724,12,50,0
44.0,1.0,2.0,1.0,1000.0,200.0,0.01,0.005,0.0,3.724,20,50,0
44.0,1.0,2.0,1.0,1000.0,200.0,0.01,0.005,0.0,3.724,20,50,0
44.0,1.0,2.0,1.0,1000.0,200.0,0.01,0.005,0.0,3.724,20,50,0
64.92857142857143,1.0,1.0,1.0,1000.0,200.0,0.0007692307692307692,0.0003846153846153846,0.0,3.724,20,50,0
60.0,1.0,2.0,0.0,1000.0,200.0,0.01,0.005,0.0,3.724,11,49,0
96.5,2.0,1.0,1.0,1000.0,200.0,0.01,0.005,4096.0,3.724,4,2,0
44.0,1.0,2.0,1.0,1000.0,200.0,0.01,0.005,0.0,3.724,20,50,0
32.0,3.0,1.0,0.0,1000.0,200.0,0.01,0.005,0.0,3.724,10,13,0
44.0,1.0,2.0,1.0,1000.0,200.0,0.01,0.005,0.0,3.724,20,50,0
42.0,1.0,2.0,1.0,1000.0,200.0,0.01,0.005,0.0,3.724,20,50,0
93.0,2.0,1.0,1.0,1000.0,200.0,0.01,0.005,0.0,3.724,4,2,0
42.0,1.0,2.0,1.0,1000.0,200.0,0.01,0.005,0.0,3.724,12,50,0
44.0,1.0,2.0,1.0,1000.0,200.0,0.01,0.005,0.0,3.724,20,50,0
42.0,1.0,2.0,1.0,1000.0,200.0,0.01,0.005,0.0,3.724,20,50,0
44.0,1.0,2.0,1.0,1000.0,200.0,0.01,0.005,0.0,3.724,20,50,0
44.0,1.0,2.0,1.0,1000.0,200.0,0.01,0.005,0.0,3.724,20,50,0
44.0,1.0,2.0,1.0,1000.0,200.0,0.01,0.005,0.0,3.724,20,50,0
44.0,1.0,2.0,1.0,1000.0,200.0,0.01,0.005,0.0,3.724,20,50,0
229.3448275862069,1.0,2.0,0.0,1.0,0.06752777778424594,100.0,50.0,60158.853745541026,3.724,5,50,0
44.0,1.0,2.0,1.0,1000.0,200.0,0.01,0.005,0.0,3.724,20,50,0
42.0,1.0,2.0,1.0,1000.0,200.0,0.01,0.005,0.0,3.724,20,50,0
44.0,1.0,2.0,1.0,1000.0,200.0,0.01,0.005,0.0,3.724,12,50,0
42.0,1.0,2.0,1.0,1000.0,200.0,0.01,0.005,0.0,3.724,20,50,0
44.0,1.0,2.0,1.0,1000.0,200.0,0.01,0.005,0.0,3.724,20,50,0
40.0,1.0,2.0,0.0,1000.0,200.0,0.0001,5e-05,0.0,3.724,8,9,0
44.0,1.0,1.0,1.0,1000.0,200.0,0.01,0.005,0.0,3.724,20,50,0
93.0,2.0,1.0,1.0,1000.0,200.0,0.0033333333333333335,0.0016666666666666668,0.0,3.724,1,1,0
44.0,1.0,2.0,1.0,1000.0,200.0,0.01,0.005,0.0,3.724,20,50,0
42.0,1.0,3.0,1.0,1000.0,200.0,0.01,0.005,0.0,3.724,20,50,0
44.0,1.0,1.0,1.0,1000.0,200.0,0.01,0.005,0.0,3.724,20,50,0
42.0,1.0,2.0,1.0,1000.0,200.0,0.01,0.005,0.0,3.724,12,50,0
135.0,2.0,1.0,1.0,1000.0,200.0,0.01,0.005,4096.0,3.724,11,49,0
44.0,1.0,1.0,1.0,1000.0,200.0,0.01,0.005,0.0,3.724,20,50,0
44.0,1.0,2.0,1.0,1000.0,200.0,0.01,0.005,0.0,3.724,20,50,0
44.0,1.0,2.0,1.0,1000.0,200.0,0.01,0.005,0.0,3.724,20,50,0
199.25,1.0,2.0,1.0,1000.0,200.0,0.0009090909090909091,0.00045454545454545455,111925.6875,3.724,20,30,0
42.0,1.0,2.0,1.0,1000.0,200.0,0.01,0.005,0.0,3.724,20,50,0
44.0,1.0,2.0,1.0,1000.0,200.0,0.01,0.005,0.0,3.724,20,50,0
44.0,1.0,2.0,1.0,1000.0,200.0,0.01,0.005,0.0,3.724,20,50,0
44.0,1.0,2.0,1.0,1000.0,200.0,0.01,0.005,0.0,3.724,20,50,0
44.0,1.0,1.0,1.0,1000.0,200.0,0.01,0.005,0.0,3.724,20,50,0
42.0,1.0,3.0,1.0,1000.0,200.0,0.01,0.005,0.0,3.724,20,50,0
44.0,1.0,2.0,1.0,1000.0,200.0,0.01,0.005,0.0,3.724,20,50,0
42.0,1.0,2.0,1.0,1000.0,200.0,0.01,0.005,0.0,3.724,20,50,0
71.0,2.0,2.0,0.0,1000.0,200.0,0.01,0.005,0.0,3.724,9,26,0
40.0,1.0,1.0,1.0,1000.0,200.0,0.01,0.005,0.0,3.724,1,1,0
44.0,1.0,2.0,1.0,1000.0,200.0,0.01,0.005,0.0,3.724,20,50,0
42.0,1.0,2.0,1.0,1000.0,200.0,0.01,0.005,0.0,3.724,20,50,0
44.0,1.0,2.0,1.0,1000.0,200.0,0.01,0.005,0.0,3.724,20,50,0
93.0,2.0,1.0,1.0,1000.0,200.0,0.01,0.005,0.0,3.724,4,2,0
44.0,1.0,3.0,1.0,1000.0,200.0,0.01,0.005,0.0,3.724,20,50,0
119.0,2.0,1.0,1.0,1000.0,200.0,0.0033333333333333335,0.0016666666666666668,3540.0332409972298,3.724,20,30,0
42.0,1.0,1.0,1.0,1000.0,200.0,0.01,0.005,0.0,3.724,20,50,0
32.0,0.0,1.0,0.0,1.0,0.05588240293401243,100.0,50.0,0.0,3.724,20,30,0
42.0,1.0,1.0,1.0,1000.0,200.0,0.01,0.005,0.0,3.724,12,50,0
44.0,1.0,2.0,1.0,1000.0,200.0,0.01,0.005,0.0,3.724,20,50,0
42.0,1.0,2.0,1.0,1000.0,200.0,0.01,0.005,0.0,3.724,12,50,0
42.0,1.0,1.0,1.0,1000.0,200.0,0.01,0.005,0.0,3.724,20,50,0
63.0,2.0,2.0,1.0,1000.0,200.0,0.01,0.005,0.0,3.724,7,12,0
96.5,2.0,1.0,1.0,1000.0,200.0,0.01,0.005,4096.0,3.724,4,2,0
44.0,1.0,2.0,1.0,1000.0,200.0,0.01,0.005,0.0,3.724,20,50,0
44.0,1.0,3.0,1.0,1000.0,200.0,0.01,0.005,0.0,3.724,20,50,0
156.6,1.0,2.0,0.0,1.0,0.011641535695509578,100.0,50.0,79298.56000000001,3.724,20,50,0
63.833333333333336,1.0,1.0,1.0,1000.0,200.0,0.0009090909090909091,0.00045454545454545455,0.0,3.724,20,50,0
44.0,1.0,1.0,1.0,1000.0,200.0,0.01,0.005,0.0,3.724,20,50,0
42.0,1.0,2.0,1.0,1000.0,200.0,0.01,0.005,0.0,3.724,20,50,0
44.0,1.0,2.0,1.0,1000.0,200.0,0.01,0.005,0.0,3.724,12,50,0
42.0,1.0,2.0,1.0,1000.0,200.0,0.01,0.005,0.0,3.724,20,50,0
44.0,1.0,2.0,1.0,1000.0,200.0,0.01,0.005,0.0,3.724,20,50,0
529.2142857142857,1.0,2.0,1.0,1000.0,200.0,0.0007692307692307692,0.0003846153846153846,283333.10204081633,3.724,20,30,0
55.2,1.0,2.0,0.0,1.0,0.011642801639958468,100.0,50.0,0.0,3.724,5,50,0
44.0,1.0,2.0,1.0,1000.0,200.0,0.01,0.005,0.0,3.724,20,50,0
42.0,1.0,2.0,1.0,1000.0,200.0,0.01,0.005,0.0,3.724,12,50,0
44.0,1.0,2.0,1.0,1000.0,200.0,0.01,0.005,0.0,3.724,20,50,0
44.0,1.0,2.0,1.0,1000.0,200.0,0.01,0.005,0.0,3.724,20,50,0
44.0,1.0,2.0,1.0,1000.0,200.0,0.01,0.005,0.0,3.724,20,50,0
44.0,1.0,2.0,1.0,1000.0,200.0,0.01,0.005,0.0,3.724,20,50,0
55.2,1.0,3.0,0.0,1.0,0.011643183917130337,100.0,50.0,0.0,3.724,5,50,0
42.0,1.0,2.0,1.0,1000.0,200.0,0.01,0.005,0.0,3.724,20,50,0
40.0,1.0,2.0,0.0,1000.0,200.0,0.0001,5e-05,0.0,3.724,8,9,0
44.0,1.0,1.0,1.0,1000.0,200.0,0.01,0.005,0.0,3.724,20,50,0
44.0,1.0,2.0,1.0,1000.0,200.0,0.01,0.005,0.0,3.724,20,50,0
53.77777777777778,1.0,3.0,0.0,1.0,0.020956286583273063,100.0,50.0,0.0,3.724,5,50,0
42.0,1.0,2.0,1.0,1000.0,200.0,0.01,0.005,0.0,3.724,20,50,0
44.0,1.0,2.0,1.0,1000.0,200.0,0.01,0.005,0.0,3.724,12,50,0
44.0,1.0,2.0,1.0,1000.0,200.0,0.01,0.005,0.0,3.724,12,50,0
44.0,1.0,2.0,1.0,1000.0,200.0,0.01,0.005,0.0,3.724,20,50,0
42.0,1.0,2.0,1.0,1000.0,200.0,0.01,0.005,0.0,3.724,20,50,0
149.22222222222223,1.0,2.0,1.0,1000.0,200.0,0.00125,0.000625,53500.83950617283,3.724,10,13,0
42.0,1.0,2.0,1.0,1000.0,200.0,0.01,0.005,0.0,3.724,12,50,0
44.0,1.0,2.0,1.0,1000.0,200.0,0.01,0.005,0.0,3.724,12,50,0
44.0,1.0,2.0,1.0,1000.0,200.0,0.01,0.005,0.0,3.724,20,50,0
44.0,1.0,2.0,1.0,1000.0,200.0,0.01,0.005,0.0,3.724,20,50,0
44.0,1.0,2.0,1.0,1000.0,200.0,0.01,0.005,0.0,3.724,20,50,0
44.0,1.0,2.0,1.0,1000.0,200.0,0.01,0.005,0.0,3.724,20,50,0
42.0,1.0,2.0,1.0,1000.0,200.0,0.01,0.005,0.0,3.724,20,50,0
