packet_length,protocol_encoding,dst_port_class,src_port_ephemeral,event_rate_1m,burst_rate_10s,inter_arrival_mean,inter_arrival_std,packet_size_variance,payload_entropy,unique_dst_ips,unique_dst_ports,label
43.0,1.0,2.0,1.0,4445.249400000001,740.8749,0.0163353,0.0210040755,0,3.724,1,1,0
822.0769230769231,1.0,2.0,1.0,4708.40232,784.73372,0.0326739325,0.7246026320000001,1110916,3.724,1,6,0
564.5833333333334,1.0,2.0,1.0,850.20966,141.70161000000002,0.167306387,14.300256545,605284,3.724,2,6,0
58.25,1.0,1.0,1.0,820.62648,136.77108,0.1215561365,2.6254324204999997,144,3.724,2,1,0
50.125,1.0,2.0,1.0,2002.42956,333.73826,0.0617049675,1.2658223169999998,64,3.724,2,39,0
50.125,1.0,2.0,1.0,2365.0788000000002,394.1798,0.046084889000000004,1.1531404209999998,64,3.724,2,39,0
49.333333333333336,1.0,2.0,1.0,1600.9819799999998,266.83033,0.0747027445,2.2031256445,81,3.724,1,39,0
49.333333333333336,1.0,2.0,1.0,1955.58156,325.93026000000003,0.0609240705,1.9447716795,81,3.724,3,39,0
49.333333333333336,1.0,2.0,1.0,1878.7818599999998,313.13031,0.0641599445,2.0836185720000002,81,3.724,3,39,0
50.125,1.0,2.0,1.0,3479.1081,579.85135,0.033305956,0.7354434049999999,64,3.724,3,39,0
245.0,1.0,2.0,1.0,3345.87498,557.64583,0.0398088095,0.7760270164999999,90000,3.724,1,6,0
650.4555555555555,1.0,1.0,1.0,2551.2580199999998,425.20966999999996,0.0547026565,1.679696143,688900,3.724,1,1,0
50.125,1.0,2.0,1.0,2158.52178,359.75363000000004,0.0547849885,1.355384609,64,3.724,1,39,0
51.0,1.0,2.0,1.0,1023.86922,170.64487,0.121085611,3.3726241220000004,144,3.724,1,3,0
49.333333333333336,1.0,2.0,1.0,1768.51524,294.75254,0.06817772949999999,2.1555190979999996,81,3.724,1,39,0
69.0,2.0,2.0,1.0,5000.0,1000.0,0.0001,0.0,4761,3.724,1,1,0
50.125,1.0,2.0,1.0,1235.8359600000001,205.97266000000002,0.101689546,2.782802002,64,3.724,2,39,0
108.66666666666667,1.0,1.0,1.0,2591.75316,431.95886,0.04569879450000001,1.09832187,2601,3.724,1,3,0
50.125,1.0,2.0,1.0,2320.4727000000003,386.74545,0.053199434999999996,1.1658118105,64,3.724,2,39,0
49.333333333333336,1.0,2.0,1.0,1896.47478,316.07913,0.06401065149999999,1.999115793,81,3.724,2,39,0
50.125,1.0,2.0,1.0,3850.7615400000004,641.79359,0.0333904445,0.6832220155,64,3.724,2,39,0
79.125,1.0,1.0,1.0,2662.58808,443.76468,0.045898956,1.005286484,3025,3.724,1,3,0
63.07692307692308,1.0,1.0,1.0,1554.9584399999999,259.15974,0.0669525175,1.9676852915,900,3.724,1,1,0
62.875,1.0,2.0,1.0,2001.3208200000001,333.55347,0.055138611,1.2214292875,841,3.724,1,6,0
50.125,1.0,2.0,1.0,977.17218,162.86203,0.13449637949999999,3.4357054395,64,3.724,2,39,0
49.333333333333336,1.0,2.0,1.0,1697.22216,282.87036,0.07198934850000001,2.171104603,81,3.724,2,39,0
50.125,1.0,2.0,1.0,1581.87528,263.64588000000003,0.07633287949999999,1.5546010805,64,3.724,1,39,0
146.375,1.0,2.0,1.0,1808.5508399999999,301.42514,0.06630685650000001,1.3267807955,26244,3.724,1,2,0
122.66666666666667,1.0,1.0,1.0,1866.6789,311.11315,0.06618572950000001,1.621277404,169,3.724,1,8,0
707.0,2.0,2.0,1.0,5000.0,1000.0,0.0001,0.0,499849,3.724,1,3,0
501.61538461538464,1.0,1.0,1.0,2066.12706,344.35451,0.0621370115,4.428043144,465124,3.724,1,1,0
93.5,1.0,1.0,1.0,3277.43478,546.23913,0.036029266,0.760094878,6084,3.724,1,8,0
170.0,1.0,1.0,1.0,3022.6164,503.76939999999996,0.0393825555,1.009534266,41209,3.724,1,8,0
84.0,2.0,2.0,1.0,5000.0,1000.0,0.0001,0.0,7056,3.724,1,5,0
78.5,1.0,1.0,1.0,3033.81684,505.63614,0.041526023,0.819993472,2916,3.724,1,3,0
182.53846153846155,1.0,1.0,1.0,2316.60582,386.10097,0.051027352,1.2452587975000002,14400,3.724,1,2,0
84.0,2.0,2.0,1.0,5000.0,1000.0,0.0001,0.0,7056,3.724,1,3,0
51.0,1.0,2.0,1.0,1301.55006,216.92501,0.0956973485,3.1976382635,144,3.724,1,6,0
80.25,1.0,2.0,1.0,2538.4074,423.0679,0.046125988500000006,0.9922700259999999,3249,3.724,1,5,0
63.875,1.0,1.0,1.0,3115.97658,519.32943,0.040038900499999995,0.8215481159999999,900,3.724,1,1,0
206.75,1.0,2.0,1.0,2829.0588,471.5098,0.044506088000000006,0.8026493825,67081,3.724,1,3,0
114.8,1.0,1.0,1.0,1914.76614,319.12769000000003,0.06423750050000002,2.1235700635000003,3721,3.724,1,8,0
84.0,2.0,2.0,1.0,5000.0,1000.0,0.0001,0.0,7056,3.724,1,2,0
195.44444444444446,1.0,1.0,1.0,2992.94004,498.82334000000003,0.0417489445,0.944786311,67081,3.724,1,8,0
193.9,1.0,1.0,1.0,1918.5620399999998,319.76034,0.0621913335,2.2806743650000003,52900,3.724,1,8,0
900.829268292683,1.0,1.0,1.0,5000.0,844.73814,0.0287210115,1.7984345990000001,1243225,3.724,1,8,0
51.0,1.0,2.0,1.0,1447.49838,241.24973,0.087232985,2.9771124595000003,144,3.724,1,2,0
265.6666666666667,1.0,1.0,1.0,3441.35358,573.55893,0.03472195449999999,1.9636754985000002,101124,3.724,1,1,0
350.6666666666667,1.0,1.0,1.0,2642.82744,440.47123999999997,0.046219113,1.142236989,196249,3.724,2,2,0
84.0,2.0,2.0,1.0,5000.0,1000.0,0.0001,0.0,7056,3.724,2,3,0
136.07142857142858,1.0,2.0,1.0,1971.9069000000002,328.65115000000003,0.061482242,1.6365437040000002,625,3.724,1,6,0
51.0,1.0,2.0,1.0,691.85094,115.30849,0.1843745295,7.005852888,144,3.724,1,2,0
51.0,1.0,2.0,1.0,1468.7078999999999,244.78465,0.0870564515,2.8474511079999996,144,3.724,1,5,0
37.0,0.0,2.0,1.0,4.5378,0.7563,39.66654799999999,0.0062981404999999996,324,3.724,1,1,0
84.0,2.0,2.0,1.0,5000.0,1000.0,0.0001,0.0,7056,3.724,1,1,0
262.0,1.0,2.0,1.0,2341.8875399999997,390.31458999999995,0.052238859500000005,1.247737546,51529,3.724,1,2,0
184.33333333333334,1.0,1.0,1.0,3348.8407199999997,558.14012,0.0374214205,0.8702824015,51076,3.724,1,3,0
46.0,0.0,2.0,1.0,1.0,0.0,0.0001,0.0,2116,3.724,1,2,0
46.0,0.0,2.0,1.0,1.0,0.0,0.0001,0.0,2116,3.724,1,1,0
84.0,2.0,2.0,1.0,5000.0,1000.0,0.0001,0.0,7056,3.724,1,5,0
254.9,1.0,1.0,1.0,3943.6813199999997,657.28022,0.03287776,0.7346124119999999,21904,3.724,1,2,0
51.0,1.0,2.0,1.0,1500.28458,250.04743000000002,0.0849539665,2.841454654,144,3.724,1,2,0
51.0,1.0,2.0,1.0,1441.76136,240.29356,0.08916727800000002,2.8007839839999997,144,3.724,1,3,0
72.0,1.0,1.0,1.0,2276.2929,379.38215,0.055929563,1.6089955745,2500,3.724,1,1,0
281.5,1.0,1.0,1.0,3905.9956800000004,650.99928,0.031223722500000002,1.9131764475,152881,3.724,1,8,0
64.0,0.0,2.0,1.0,5.99946,0.99991,5.000439999999999,0.0,4096,3.724,2,2,0
64.0,0.0,2.0,1.0,5.99946,0.99991,5.000439999999999,0.0,4096,3.724,2,2,0
55.0,1.0,2.0,1.0,3322.1400599999997,553.69001,0.0364325555,0.8936885655,9,3.724,1,5,0
660.0555555555555,1.0,1.0,1.0,4038.59364,673.09894,0.033981700000000004,2.936832713,777924,3.724,1,3,0
37.0,0.0,2.0,1.0,4.28118,0.71353,42.043512,0.0,324,3.724,1,2,0
51.0,1.0,2.0,1.0,259.2459,43.20765,0.49853066649999994,14.8791107725,144,3.724,1,1,0
729.0,2.0,2.0,1.0,5000.0,1000.0,0.0001,0.0,531441,3.724,6,39,0
93.6470588235294,1.0,2.0,1.0,5000.0,1000.0,0.0013577335,0.042606906,25,3.724,7,11,0
681.0,2.0,2.0,1.0,5000.0,1000.0,0.0001,0.0,463761,3.724,6,39,0
219.0,2.0,2.0,1.0,5000.0,1000.0,0.0001,0.0,47961,3.724,6,39,0
37.0,0.0,2.0,1.0,13.55508,2.25918,10.3282475,14.60633,324,3.724,1,1,0
469.0,2.0,2.0,1.0,5000.0,1000.0,0.0001,0.0,219961,3.724,6,39,0
318.0,2.0,2.0,1.0,5000.0,1000.0,0.0001,0.0,101124,3.724,6,39,0
630.0,2.0,2.0,1.0,5000.0,1000.0,0.0001,0.0,396900,3.724,6,39,0
485.0,2.0,2.0,1.0,5000.0,1000.0,0.0001,0.0,235225,3.724,10,39,0
870.0,2.0,2.0,1.0,5000.0,1000.0,0.0001,0.0,756900,3.724,10,39,0
128.0,2.0,2.0,1.0,5000.0,1000.0,0.0001,0.0,16384,3.724,10,39,0
172.0,2.0,2.0,1.0,5000.0,1000.0,0.0001,0.0,29584,3.724,10,39,0
548.0,2.0,2.0,1.0,5000.0,1000.0,0.0001,0.0,300304,3.724,10,39,0
892.0,2.0,2.0,1.0,5000.0,1000.0,0.0001,0.0,795664,3.724,10,39,0
774.0,2.0,2.0,1.0,5000.0,1000.0,0.0001,0.0,599076,3.724,10,39,0
103.0,2.0,2.0,1.0,5000.0,1000.0,0.0001,0.0,10609,3.724,10,39,0
724.0,2.0,2.0,1.0,5000.0,1000.0,0.0001,0.0,524176,3.724,5,39,0
116.0,2.0,2.0,1.0,5000.0,1000.0,0.0001,0.0,13456,3.724,5,39,0
176.0,2.0,2.0,1.0,5000.0,1000.0,0.0001,0.0,30976,3.724,5,39,0
493.0,2.0,2.0,1.0,5000.0,1000.0,0.0001,0.0,243049,3.724,5,39,0
458.7413793103448,1.0,1.0,1.0,3456.84648,576.14108,0.037302396,0.8849185155,370881,3.724,2,2,0
463.0,2.0,2.0,1.0,5000.0,1000.0,0.0001,0.0,214369,3.724,5,39,0
93.6470588235294,1.0,2.0,1.0,5000.0,1000.0,0.001169621,0.03767632,25,3.724,8,9,0
87.0,2.0,2.0,1.0,5000.0,1000.0,0.0001,0.0,7569,3.724,1,39,0
302.0,2.0,2.0,1.0,5000.0,1000.0,0.0001,0.0,91204,3.724,2,39,0
276.0,2.0,2.0,1.0,5000.0,1000.0,0.0001,0.0,76176,3.724,2,39,0
135.47826086956522,1.0,2.0,1.0,71.84898000000001,11.97483,1.711641363,100.0,8649,3.724,10,7,0
877.0,2.0,2.0,1.0,5000.0,1000.0,0.0001,0.0,769129,3.724,8,50,0
371.0,2.0,2.0,1.0,5000.0,1000.0,0.0001,0.0,137641,3.724,8,50,0
370.375,1.0,1.0,1.0,55.049699999999994,9.174949999999999,2.2932501309999997,100.0,198025,3.724,9,5,0
929.0,2.0,2.0,1.0,5000.0,1000.0,0.0001,0.0,863041,3.724,8,50,0
303.0,2.0,2.0,1.0,5000.0,1000.0,0.0001,0.0,91809,3.724,8,50,0
370.375,1.0,1.0,1.0,79.91094000000001,13.31849,1.579782327,100.0,198025,3.724,9,5,0
600.0,2.0,2.0,1.0,5000.0,1000.0,0.0001,0.0,360000,3.724,8,50,0
92.53225806451613,1.0,2.0,1.0,1071.717,178.61950000000002,0.1142871885,14.888975795,3136,3.724,12,10,0
602.0,2.0,2.0,1.0,5000.0,1000.0,0.0001,0.0,362404,3.724,8,50,0
337.0,2.0,2.0,1.0,5000.0,1000.0,0.0001,0.0,113569,3.724,8,50,0
135.47826086956522,1.0,2.0,1.0,98.50572,16.41762,1.2810761474999999,100.0,8649,3.724,4,2,0
1063.0,2.0,2.0,1.0,5000.0,1000.0,0.0001,0.0,1129969,3.724,8,50,0
745.0,2.0,2.0,1.0,5000.0,1000.0,0.0001,0.0,555025,3.724,9,50,0
133.3793103448276,1.0,2.0,1.0,115.29804,19.216340000000002,1.060703561,66.81403345,3969,3.724,9,5,0
145.0,2.0,2.0,1.0,5000.0,1000.0,0.0001,0.0,21025,3.724,9,50,0
370.375,1.0,1.0,1.0,50.34888,8.39148,2.507361269,100.0,198025,3.724,8,1,0
844.0,2.0,2.0,1.0,5000.0,1000.0,0.0001,0.0,712336,3.724,9,50,0
272.0,2.0,2.0,1.0,5000.0,1000.0,0.0001,0.0,73984,3.724,9,50,0
93.6470588235294,1.0,2.0,1.0,5000.0,1000.0,0.001396371,0.045019057499999994,25,3.724,12,10,0
963.0,2.0,2.0,1.0,5000.0,1000.0,0.0001,0.0,927369,3.724,9,50,0
462.4,1.0,2.0,1.0,5000.0,1000.0,0.0008126155,0.013839705,342225,3.724,10,3,0
823.0,2.0,2.0,1.0,5000.0,1000.0,0.0001,0.0,677329,3.724,9,50,0
1076.0,2.0,2.0,1.0,5000.0,1000.0,0.0001,0.0,1157776,3.724,9,50,0
93.6470588235294,1.0,2.0,1.0,5000.0,1000.0,0.0013390395000000002,0.044584332000000004,25,3.724,12,10,0
108.0,2.0,2.0,1.0,5000.0,1000.0,0.0001,0.0,11664,3.724,9,50,0
1063.0,2.0,2.0,1.0,5000.0,1000.0,0.0001,0.0,1129969,3.724,9,50,0
93.6470588235294,1.0,2.0,1.0,5000.0,1000.0,0.0011399780000000003,0.0381267145,25,3.724,8,9,0
570.0,2.0,2.0,1.0,5000.0,1000.0,0.0001,0.0,324900,3.724,9,50,0
268.53846153846155,1.0,2.0,1.0,1444.8006,240.80010000000001,0.08419258049999999,6.405266461499999,159201,3.724,9,5,0
822.0,2.0,2.0,1.0,5000.0,1000.0,0.0001,0.0,675684,3.724,9,50,0
367.0,2.0,2.0,1.0,5000.0,1000.0,0.0001,0.0,134689,3.724,9,50,0
113.05882352941177,1.0,2.0,1.0,212.9877,35.49795,0.5820726625,18.245158004999997,3969,3.724,5,10,0
510.0,2.0,2.0,1.0,5000.0,1000.0,0.0001,0.0,260100,3.724,9,50,0
711.0,2.0,2.0,1.0,5000.0,1000.0,0.0001,0.0,505521,3.724,9,50,0
878.0,2.0,2.0,1.0,5000.0,1000.0,0.0001,0.0,770884,3.724,9,50,0
131.95,1.0,1.0,1.0,2612.0241,435.33735,0.045538342,1.1483876785,4900,3.724,1,1,0
851.0,2.0,2.0,1.0,5000.0,1000.0,0.0001,0.0,724201,3.724,9,50,0
589.0,2.0,2.0,1.0,5000.0,1000.0,0.0001,0.0,346921,3.724,8,50,0
125.0,2.0,2.0,1.0,5000.0,1000.0,0.0001,0.0,15625,3.724,8,50,0
370.375,1.0,1.0,1.0,55.34538,9.22423,2.2809988800000003,100.0,198025,3.724,9,5,0
619.0,2.0,2.0,1.0,5000.0,1000.0,0.0001,0.0,383161,3.724,8,50,0
531.0,2.0,2.0,1.0,5000.0,1000.0,0.0001,0.0,281961,3.724,8,50,0
37.0,0.0,2.0,1.0,5.45148,0.9085799999999999,33.017506999999995,0.0040630935,324,3.724,1,1,0
84.0,3.0,2.0,1.0,5000.0,1000.0,0.0001,0.0,7056,3.724,1,1,0
471.0,2.0,2.0,1.0,5000.0,1000.0,0.0001,0.0,221841,3.724,8,50,0
93.6470588235294,1.0,2.0,1.0,5000.0,1000.0,0.001296127,0.042131609,25,3.724,7,11,0
529.0,2.0,2.0,1.0,5000.0,1000.0,0.0001,0.0,279841,3.724,8,50,0
93.6470588235294,1.0,2.0,1.0,5000.0,1000.0,0.0010401310000000001,0.0385080955,25,3.724,12,10,0
309.0,2.0,2.0,1.0,5000.0,1000.0,0.0001,0.0,95481,3.724,8,50,0
407.0,2.0,2.0,1.0,5000.0,1000.0,0.0001,0.0,165649,3.724,8,50,0
425.09090909090907,1.0,2.0,1.0,5000.0,1000.0,0.0004343585,0.029673085499999998,465124,3.724,10,3,0
82.75,1.0,1.0,1.0,3450.98646,575.16441,0.037056,0.6853119780000001,3721,3.724,2,4,0
80.125,1.0,1.0,1.0,2587.7982,431.29970000000003,0.0501478215,0.9881486085,3136,3.724,2,4,0
93.6470588235294,1.0,2.0,1.0,5000.0,1000.0,0.0011369725000000002,0.03894369599999999,25,3.724,8,9,0
969.0,2.0,2.0,1.0,5000.0,1000.0,0.0001,0.0,938961,3.724,5,50,0
532.0,2.0,2.0,1.0,5000.0,1000.0,0.0001,0.0,283024,3.724,5,50,0
760.0,2.0,2.0,1.0,5000.0,1000.0,0.0001,0.0,577600,3.724,5,50,0
416.5820895522388,1.0,2.0,1.0,1216.98918,202.83153,0.0993671375,3.424825984,495616,3.724,10,7,0
887.0,2.0,2.0,1.0,5000.0,1000.0,0.0001,0.0,786769,3.724,5,50,0
422.1060606060606,1.0,2.0,1.0,303.29159999999996,50.54859999999999,0.4018094005,36.126688325,527076,3.724,10,7,0
1090.0,2.0,2.0,1.0,5000.0,1000.0,0.0001,0.0,1188100,3.724,5,50,0
1060.0,2.0,2.0,1.0,5000.0,1000.0,0.0001,0.0,1123600,3.724,7,50,0
489.62025316455697,1.0,2.0,1.0,307.71282,51.285470000000004,0.397631622,78.73980643,725904,3.724,8,9,0
84.0,2.0,2.0,1.0,5000.0,1000.0,0.0001,0.0,7056,3.724,1,2,0
370.375,1.0,1.0,1.0,54.3102,9.0517,2.3244741720000004,100.0,198025,3.724,10,2,0
830.0,2.0,2.0,1.0,5000.0,1000.0,0.0001,0.0,688900,3.724,7,50,0
1035.0,2.0,2.0,1.0,5000.0,1000.0,0.0001,0.0,1071225,3.724,7,50,0
422.1060606060606,1.0,2.0,1.0,862.689,143.7815,0.1401634815,4.24735643,527076,3.724,5,10,0
615.0,2.0,2.0,1.0,5000.0,1000.0,0.0001,0.0,378225,3.724,7,50,0
51.0,1.0,2.0,1.0,1388.1895200000001,231.36492,0.089227493,2.9017840205,144,3.724,1,3,0
370.375,1.0,1.0,1.0,51.03132,8.50522,2.4738280335,100.0,198025,3.724,10,2,0
1060.0,2.0,2.0,1.0,5000.0,1000.0,0.0001,0.0,1123600,3.724,7,50,0
370.375,1.0,1.0,1.0,90.18563999999999,15.03094,1.3997978835,100.0,198025,3.724,12,2,0
627.0,2.0,2.0,1.0,5000.0,1000.0,0.0001,0.0,393129,3.724,7,50,0
362.0,2.0,2.0,1.0,5000.0,1000.0,0.0001,0.0,131044,3.724,7,50,0
93.6470588235294,1.0,2.0,1.0,5000.0,1000.0,0.0013555835,0.0451450015,25,3.724,7,11,0
575.0,2.0,2.0,1.0,5000.0,1000.0,0.0001,0.0,330625,3.724,6,50,0
509.8333333333333,1.0,2.0,1.0,5000.0,1000.0,0.001457587,0.085659204,550564,3.724,12,10,0
663.0,2.0,2.0,1.0,5000.0,1000.0,0.0001,0.0,439569,3.724,6,50,0
93.6470588235294,1.0,2.0,1.0,5000.0,1000.0,0.0013325925,0.0441930125,25,3.724,12,10,0
166.0,2.0,2.0,1.0,5000.0,1000.0,0.0001,0.0,27556,3.724,1,2,0
285.0,2.0,2.0,1.0,5000.0,1000.0,0.0001,0.0,81225,3.724,6,50,0
104.22222222222223,1.0,1.0,1.0,5000.0,1000.0,0.00043669849999999997,0.0162352695,2500,3.724,1,1,0
751.0,2.0,2.0,1.0,5000.0,1000.0,0.0001,0.0,564001,3.724,6,50,0
649.0,2.0,2.0,1.0,5000.0,1000.0,0.0001,0.0,421201,3.724,6,50,0
93.6470588235294,1.0,2.0,1.0,5000.0,1000.0,0.000808847,0.030239176,25,3.724,8,9,0
980.0,2.0,2.0,1.0,5000.0,1000.0,0.0001,0.0,960400,3.724,6,50,0
261.0,2.0,2.0,1.0,5000.0,1000.0,0.0001,0.0,68121,3.724,5,50,0
203.0,2.0,2.0,1.0,5000.0,1000.0,0.0001,0.0,41209,3.724,5,50,0
577.0,2.0,2.0,1.0,5000.0,1000.0,0.0001,0.0,332929,3.724,5,50,0
307.42857142857144,1.0,2.0,1.0,2461.6128,410.2688,0.04994843400000001,1.648298628,238144,3.724,5,10,0
144.5,2.0,2.0,1.0,16.861439999999998,2.81024,1.779209,2.51617525,21025,3.724,5,50,0
731.0,2.0,2.0,1.0,5000.0,1000.0,0.0001,0.0,534361,3.724,5,50,0
74.0,2.0,1.0,1.0,5000.0,1000.0,0.0001,0.0,256,3.724,2,2,0
74.0,2.0,1.0,1.0,5000.0,1000.0,0.0001,0.0,256,3.724,3,8,0
104.0,2.0,2.0,1.0,5000.0,1000.0,0.000323667,0.000451017,3136,3.724,3,8,0
62.9811320754717,1.0,1.0,1.0,5000.0,1000.0,0.0005085585,0.018884153,169,3.724,10,1,0
81.0,2.0,1.0,1.0,5000.0,1000.0,0.0001,0.0,256,3.724,1,12,0
74.0,2.0,1.0,1.0,5000.0,1000.0,0.0001,0.0,256,3.724,1,3,0
153.28571428571428,1.0,2.0,1.0,5000.0,1000.0,0.0004574285,0.015712063000000002,30625,3.724,10,3,0
81.0,2.0,1.0,1.0,5000.0,1000.0,0.0001,0.0,256,3.724,4,5,0
110.0,2.0,2.0,1.0,5000.0,1000.0,0.0011404999999999998,0.001603719,4096,3.724,3,8,0
391.6,1.0,1.0,1.0,182.31294,30.38549,0.7144926625000001,47.510100845000004,187489,3.724,9,5,0
81.0,2.0,1.0,1.0,5000.0,1000.0,0.0001,0.0,256,3.724,1,10,0
370.375,1.0,1.0,1.0,143.5725,23.92875,0.8792763835,66.75055569999999,198025,3.724,4,2,0
110.0,2.0,2.0,1.0,5000.0,1000.0,0.00117,0.0016450844999999997,4096,3.724,4,2,0
128.8,1.0,2.0,1.0,107.91138000000001,17.98523,1.1371441549999999,72.312145425,7396,3.724,9,5,0
104.0,2.0,2.0,1.0,5000.0,1000.0,0.0003395,0.00047376300000000004,3136,3.724,4,2,0
81.0,2.0,1.0,1.0,5000.0,1000.0,0.0001,0.0,256,3.724,4,5,0
92.53225806451613,1.0,2.0,1.0,458.18466,76.36411,0.26519088199999996,68.135804695,3136,3.724,5,10,0
74.0,2.0,1.0,1.0,5000.0,1000.0,0.0001,0.0,256,3.724,1,9,0
427.8,1.0,2.0,1.0,210.62868,35.10478,0.574305837,100.0,527076,3.724,10,7,0
73.0,2.0,1.0,1.0,5000.0,1000.0,0.0001,0.0,256,3.724,1,7,0
73.0,2.0,1.0,1.0,5000.0,1000.0,0.0001,0.0,256,3.724,1,4,0
81.0,2.0,1.0,1.0,5000.0,1000.0,0.0001,0.0,256,3.724,2,8,0
81.0,2.0,1.0,1.0,5000.0,1000.0,0.0001,0.0,256,3.724,12,2,0
81.0,2.0,1.0,1.0,5000.0,1000.0,0.0001,0.0,256,3.724,2,8,0
93.6470588235294,1.0,2.0,1.0,5000.0,1000.0,0.001272243,0.0438194645,25,3.724,7,11,0
74.0,2.0,1.0,1.0,5000.0,1000.0,0.0001,0.0,256,3.724,1,5,0
74.0,2.0,1.0,1.0,5000.0,1000.0,0.0001,0.0,256,3.724,2,12,0
104.22222222222223,1.0,1.0,1.0,5000.0,1000.0,0.00045688099999999996,0.017069812,2500,3.724,12,2,0
74.0,2.0,1.0,1.0,5000.0,1000.0,0.0001,0.0,256,3.724,2,12,0
74.0,2.0,1.0,1.0,5000.0,1000.0,0.0001,0.0,256,3.724,3,4,0
116.15,1.0,1.0,1.0,5000.0,1000.0,0.0008330330000000001,0.0627670245,1764,3.724,9,1,0
74.0,2.0,1.0,1.0,5000.0,1000.0,0.0001,0.0,256,3.724,1,8,0
74.0,2.0,1.0,1.0,5000.0,1000.0,0.0001,0.0,256,3.724,4,1,0
81.0,2.0,1.0,1.0,5000.0,1000.0,0.0001,0.0,256,3.724,3,4,0
74.0,2.0,1.0,1.0,5000.0,1000.0,0.0001,0.0,256,3.724,1,7,0
93.6470588235294,1.0,2.0,1.0,5000.0,1000.0,0.0011428039999999999,0.037849687,25,3.724,8,9,0
110.0,2.0,2.0,1.0,5000.0,1000.0,0.0011368335,0.001595002,4096,3.724,2,4,0
81.0,2.0,1.0,1.0,5000.0,1000.0,0.0001,0.0,256,3.724,3,4,0
313.6585365853659,1.0,2.0,1.0,3532.3515,588.7252500000001,0.034400138,2.785611978,237169,3.724,1,7,0
81.0,2.0,1.0,1.0,5000.0,1000.0,0.0001,0.0,256,3.724,1,4,0
74.0,2.0,1.0,1.0,5000.0,1000.0,0.0001,0.0,256,3.724,1,9,0
104.0,2.0,2.0,1.0,5000.0,1000.0,0.00031316700000000005,0.0004365205,3136,3.724,2,4,0
307.42857142857144,1.0,2.0,1.0,2314.15542,385.69257,0.05260284950000001,3.4632365165000003,216225,3.724,5,11,0
104.0,2.0,2.0,1.0,5000.0,1000.0,0.0003191665,0.00044535949999999994,3136,3.724,2,4,0
110.0,2.0,2.0,1.0,5000.0,1000.0,0.0011596665000000001,0.001631178,4096,3.724,2,2,0
509.8333333333333,1.0,2.0,1.0,5000.0,1000.0,0.0015297365,0.0934031935,550564,3.724,8,7,0
81.0,2.0,1.0,1.0,5000.0,1000.0,0.0001,0.0,256,3.724,2,10,0
110.0,2.0,2.0,1.0,5000.0,1000.0,0.0011188335,0.001572724,4096,3.724,2,4,0
489.62025316455697,1.0,2.0,1.0,328.76436,54.79406,0.36739543049999995,69.55695344000002,725904,3.724,5,11,0
74.0,2.0,1.0,1.0,5000.0,1000.0,0.0001,0.0,256,3.724,2,7,0
81.0,2.0,1.0,1.0,5000.0,1000.0,0.0001,0.0,256,3.724,1,5,0
427.8,1.0,2.0,1.0,202.395,33.7325,0.602564755,100.0,527076,3.724,7,5,0
81.0,2.0,1.0,1.0,5000.0,1000.0,0.0001,0.0,256,3.724,2,10,0
113.05882352941177,1.0,2.0,1.0,160.13754,26.689590000000003,0.7757720355,23.048931435,3969,3.724,2,9,0
74.0,2.0,1.0,1.0,5000.0,1000.0,0.0001,0.0,256,3.724,2,7,0
104.0,2.0,2.0,1.0,5000.0,1000.0,0.0003258335,0.0004540835,3136,3.724,2,2,0
133.3793103448276,1.0,2.0,1.0,261.68346,43.613910000000004,0.46733920850000005,18.5790280165,3969,3.724,7,5,0
73.0,2.0,1.0,1.0,5000.0,1000.0,0.0001,0.0,256,3.724,1,10,0
81.0,2.0,1.0,1.0,5000.0,1000.0,0.0001,0.0,256,3.724,3,12,0
93.6470588235294,1.0,2.0,1.0,5000.0,1000.0,0.0014624999999999998,0.047009121,25,3.724,6,10,0
104.0,2.0,2.0,1.0,5000.0,1000.0,0.0003775,0.0005198155,3136,3.724,2,8,0
93.6470588235294,1.0,2.0,1.0,5000.0,1000.0,0.0013144510000000001,0.0414169085,25,3.724,8,7,0
93.6470588235294,1.0,2.0,1.0,5000.0,1000.0,0.0012540335,0.042535964999999995,25,3.724,8,7,0
103.0,2.0,2.0,1.0,5000.0,1000.0,0.0004231665,0.0005913775,2916,3.724,3,4,0
74.0,2.0,1.0,1.0,5000.0,1000.0,0.0001,0.0,256,3.724,1,4,0
126.48275862068965,1.0,2.0,1.0,1254.9036,209.1506,0.0974405955,3.208272461,2401,3.724,3,5,0
110.0,2.0,2.0,1.0,5000.0,1000.0,0.001227333,0.0017261660000000001,4096,3.724,2,8,0
268.53846153846155,1.0,2.0,1.0,2009.808,334.968,0.060521693,4.924568497,159201,3.724,8,7,0
109.0,2.0,2.0,1.0,5000.0,1000.0,0.0013705,0.0019286345,4356,3.724,3,4,0
74.0,2.0,1.0,1.0,5000.0,1000.0,0.0001,0.0,256,3.724,2,9,0
103.0,2.0,2.0,1.0,283.5474,47.2579,0.280857172,0.397185656,2916,3.724,4,7,0
109.0,2.0,2.0,1.0,5000.0,1000.0,0.001107333,0.0015571679999999998,4356,3.724,2,8,0
103.0,2.0,2.0,1.0,5000.0,1000.0,0.0003203335,0.00044666,2916,3.724,2,8,0
126.48275862068965,1.0,2.0,1.0,508.01430000000005,84.66905,0.240544074,6.949268825499999,2401,3.724,6,10,0
81.0,2.0,1.0,1.0,5000.0,1000.0,0.0001,0.0,256,3.724,2,9,0
110.0,2.0,2.0,1.0,5000.0,1000.0,0.0011346665,0.001589113,4096,3.724,4,4,0
307.42857142857144,1.0,2.0,1.0,1651.0950599999999,275.18251,0.07355452700000001,2.2778322065,238144,3.724,2,10,0
74.0,2.0,1.0,1.0,5000.0,1000.0,0.0001,0.0,256,3.724,4,10,0
104.0,2.0,2.0,1.0,5000.0,1000.0,0.0003171665,0.00044147399999999997,3136,3.724,4,4,0
81.0,2.0,1.0,1.0,5000.0,1000.0,0.0001,0.0,256,3.724,4,10,0
109.0,2.0,2.0,1.0,130.50558,21.75093,1.042980656,1.4749903125000001,4356,3.724,4,7,0
103.0,2.0,2.0,1.0,5000.0,1000.0,0.000306,0.000426033,2916,3.724,2,8,0
81.0,2.0,1.0,1.0,5000.0,1000.0,0.0001,0.0,256,3.724,1,12,0
427.8,1.0,2.0,1.0,370.22562,61.70427,0.33191957250000004,43.521779755,527076,3.724,2,10,0
104.0,2.0,2.0,1.0,5000.0,1000.0,0.0003345,0.00046633950000000003,3136,3.724,2,2,0
391.6,1.0,1.0,1.0,53.181419999999996,8.86357,2.4494581735,100.0,187489,3.724,8,1,0
109.0,2.0,2.0,1.0,5000.0,1000.0,0.0010739999999999999,0.0015093205000000001,4356,3.724,2,8,0
110.0,2.0,2.0,1.0,5000.0,1000.0,0.0011571665,0.0016269355,4096,3.724,2,2,0
113.05882352941177,1.0,2.0,1.0,79.24253999999999,13.207089999999999,1.5677549874999999,84.73875095,3969,3.724,5,11,0
81.0,2.0,1.0,1.0,5000.0,1000.0,0.0001,0.0,256,3.724,1,9,0
74.0,2.0,1.0,1.0,5000.0,1000.0,0.0001,0.0,256,3.724,1,3,0
427.8,1.0,2.0,1.0,483.62543999999997,80.60423999999999,0.250118049,28.37774492,527076,3.724,7,5,0
74.0,2.0,1.0,1.0,5000.0,1000.0,0.0001,0.0,256,3.724,1,5,0
81.0,2.0,1.0,1.0,5000.0,1000.0,0.0001,0.0,256,3.724,1,10,0
93.6470588235294,1.0,2.0,1.0,5000.0,1000.0,0.0014655,0.045948659999999995,25,3.724,6,10,0
81.0,2.0,1.0,1.0,5000.0,1000.0,0.0001,0.0,256,3.724,1,7,0
74.0,2.0,1.0,1.0,5000.0,1000.0,0.0001,0.0,256,3.724,7,2,0
74.0,2.0,1.0,1.0,5000.0,1000.0,0.0001,0.0,256,3.724,1,4,0
81.0,2.0,1.0,1.0,5000.0,1000.0,0.0001,0.0,256,3.724,8,1,0
73.0,2.0,1.0,1.0,5000.0,1000.0,0.0001,0.0,256,3.724,2,8,0
73.0,2.0,1.0,1.0,5000.0,1000.0,0.0001,0.0,256,3.724,1,7,0
73.0,2.0,1.0,1.0,5000.0,1000.0,0.0001,0.0,256,3.724,4,1,0
74.0,2.0,1.0,1.0,5000.0,1000.0,0.0001,0.0,256,3.724,1,3,0
155.85714285714286,1.0,2.0,1.0,5000.0,1000.0,0.0080603145,0.336635601,32400,3.724,7,1,0
74.0,2.0,1.0,1.0,5000.0,1000.0,0.0001,0.0,256,3.724,1,2,0
391.6,1.0,1.0,1.0,243.10878,40.51813,0.5357314245,38.96067411999999,187489,3.724,7,1,0
74.0,2.0,1.0,1.0,5000.0,1000.0,0.0001,0.0,256,3.724,1,4,0
268.53846153846155,1.0,2.0,1.0,3095.4525,515.9087499999999,0.039853297499999996,2.9034379705,159201,3.724,5,11,0
74.0,2.0,1.0,1.0,5000.0,1000.0,0.0001,0.0,256,3.724,2,8,0
74.0,2.0,1.0,1.0,5000.0,1000.0,0.0001,0.0,256,3.724,1,12,0
307.42857142857144,1.0,2.0,1.0,2739.94752,456.65792000000005,0.044319439,1.2693426995,238144,3.724,2,2,0
74.0,2.0,1.0,1.0,5000.0,1000.0,0.0001,0.0,256,3.724,1,9,0
81.0,2.0,1.0,1.0,5000.0,1000.0,0.0001,0.0,256,3.724,5,12,0
93.6470588235294,1.0,2.0,1.0,5000.0,1000.0,0.0011615549999999999,0.041764629,25,3.724,6,10,0
81.0,2.0,1.0,1.0,5000.0,1000.0,0.0001,0.0,256,3.724,5,12,0
74.0,2.0,1.0,1.0,5000.0,1000.0,0.0001,0.0,256,3.724,1,10,0
74.0,2.0,1.0,1.0,5000.0,1000.0,0.0001,0.0,256,3.724,5,12,0
81.0,2.0,1.0,1.0,5000.0,1000.0,0.0001,0.0,256,3.724,5,1,0
74.0,2.0,1.0,1.0,5000.0,1000.0,0.0001,0.0,256,3.724,5,12,0
110.0,2.0,2.0,1.0,5000.0,1000.0,0.0011619999999999998,0.0016341245,4096,3.724,2,2,0
93.6470588235294,1.0,2.0,1.0,5000.0,1000.0,0.0012372510000000002,0.041043569,25,3.724,8,7,0
104.0,2.0,2.0,1.0,5000.0,1000.0,0.0003303335,0.00045903649999999997,3136,3.724,2,2,0
74.0,2.0,1.0,1.0,5000.0,1000.0,0.0001,0.0,256,3.724,5,12,0
391.6,1.0,1.0,1.0,620.39382,103.39897,0.2099449015,14.822709649999998,187489,3.724,2,2,0
81.0,2.0,1.0,1.0,5000.0,1000.0,0.0001,0.0,256,3.724,2,9,0
313.6585365853659,1.0,2.0,1.0,1898.12676,316.35446,0.064040252,1.807793685,237169,3.724,4,7,0
73.0,2.0,1.0,1.0,5000.0,1000.0,0.0001,0.0,256,3.724,1,8,0
109.0,2.0,2.0,1.0,5000.0,1000.0,0.0010931665,0.0015360719999999999,4356,3.724,2,4,0
489.62025316455697,1.0,2.0,1.0,2761.5870600000003,460.26451000000003,0.043731833,2.74151199,725904,3.724,6,10,0
103.0,2.0,2.0,1.0,5000.0,1000.0,0.0003205,0.000446187,2916,3.724,2,4,0
135.47826086956522,1.0,2.0,1.0,153.56322,25.593870000000003,0.8008089865,70.65446419,8649,3.724,8,7,0
81.0,2.0,1.0,1.0,5000.0,1000.0,0.0001,0.0,256,3.724,1,2,0
74.0,2.0,1.0,1.0,5000.0,1000.0,0.0001,0.0,256,3.724,3,12,0
93.6470588235294,1.0,2.0,1.0,5000.0,1000.0,0.001469153,0.0479441795,25,3.724,6,10,0
104.0,2.0,2.0,1.0,5000.0,1000.0,0.0003066665,0.0004273305,3136,3.724,3,4,0
81.0,2.0,1.0,1.0,5000.0,1000.0,0.0001,0.0,256,3.724,2,9,0
74.0,2.0,1.0,1.0,5000.0,1000.0,0.0001,0.0,256,3.724,3,1,0
110.0,2.0,2.0,1.0,5000.0,1000.0,0.001106833,0.001556107,4096,3.724,3,4,0
74.0,2.0,1.0,1.0,5000.0,1000.0,0.0001,0.0,256,3.724,1,10,0
90.12096774193549,1.0,2.0,1.0,5000.0,1000.0,0.012345834,0.8301715709999999,2601,3.724,7,5,0
81.0,2.0,1.0,1.0,5000.0,1000.0,0.0001,0.0,256,3.724,1,8,0
81.0,2.0,1.0,1.0,5000.0,1000.0,0.0001,0.0,256,3.724,1,9,0
484.15,1.0,2.0,1.0,509.49516,84.91586,0.23701200649999998,16.1764115715,725904,3.724,2,9,0
74.0,2.0,1.0,1.0,5000.0,1000.0,0.0001,0.0,256,3.724,1,7,0
422.1060606060606,1.0,2.0,1.0,245.84574,40.974289999999996,0.499665709,90.508053275,495616,3.724,3,5,0
74.0,2.0,1.0,1.0,5000.0,1000.0,0.0001,0.0,256,3.724,1,1,0
74.0,2.0,1.0,1.0,5000.0,1000.0,0.0001,0.0,256,3.724,1,1,0
110.0,2.0,2.0,1.0,176.81376,29.468960000000003,0.780673344,1.1040341875,4096,3.724,7,8,0
110.0,2.0,2.0,1.0,5000.0,1000.0,0.0011036665,0.0015519820000000001,4096,3.724,2,2,0
509.8333333333333,1.0,2.0,1.0,5000.0,1000.0,0.001579796,0.0886902295,550564,3.724,3,2,0
73.0,2.0,1.0,1.0,5000.0,1000.0,0.0001,0.0,256,3.724,2,3,0
104.0,2.0,2.0,1.0,5000.0,1000.0,0.000319167,0.0004450105,3136,3.724,2,2,0
93.6470588235294,1.0,2.0,1.0,5000.0,1000.0,0.0014613114999999998,0.047143186499999996,25,3.724,3,2,0
81.0,2.0,1.0,1.0,5000.0,1000.0,0.0001,0.0,256,3.724,2,3,0
73.0,2.0,1.0,1.0,5000.0,1000.0,0.0001,0.0,256,3.724,2,2,0
93.6470588235294,1.0,2.0,1.0,5000.0,1000.0,0.0012169354999999999,0.038754120499999996,25,3.724,2,6,0
73.0,2.0,1.0,1.0,5000.0,1000.0,0.0001,0.0,256,3.724,2,2,0
81.0,2.0,1.0,1.0,5000.0,1000.0,0.0001,0.0,256,3.724,1,1,0
104.22222222222223,1.0,1.0,1.0,5000.0,1000.0,0.00044138900000000004,0.016568028000000002,2500,3.724,2,5,0
81.0,2.0,1.0,1.0,5000.0,1000.0,0.0001,0.0,256,3.724,2,3,0
81.0,2.0,1.0,1.0,5000.0,1000.0,0.0001,0.0,256,3.724,1,2,0
81.0,2.0,1.0,1.0,5000.0,1000.0,0.0001,0.0,256,3.724,2,3,0
93.6470588235294,1.0,2.0,1.0,5000.0,981.7484000000001,0.022378267,0.963546223,25,3.724,11,5,0
104.22222222222223,1.0,1.0,1.0,561.49374,93.58229,0.2234972645,10.328147923500001,2500,3.724,11,5,0
104.22222222222223,1.0,1.0,1.0,222.03822,37.00637,0.5832275625,27.096138270000004,2500,3.724,9,6,0
104.22222222222223,1.0,1.0,1.0,67.77912,11.296520000000001,1.910850875,92.0091607,2500,3.724,13,7,0
104.22222222222223,1.0,1.0,1.0,5000.0,1000.0,0.000567278,0.0218631445,2500,3.724,3,2,0
104.22222222222223,1.0,1.0,1.0,184.25616,30.70936,0.7022849285,33.09642461,2500,3.724,6,6,0
104.22222222222223,1.0,1.0,1.0,50.339940000000006,8.389990000000001,2.572925018,100.0,2500,3.724,7,7,0
93.6470588235294,1.0,2.0,1.0,5000.0,1000.0,0.0008527530000000001,0.031885723000000005,25,3.724,2,6,0
104.22222222222223,1.0,1.0,1.0,42.59754,7.09959,3.040546107,100.0,2500,3.724,14,4,0
370.375,1.0,1.0,1.0,71.99759999999999,11.9996,1.753423482,100.0,198025,3.724,2,5,0
104.22222222222223,1.0,1.0,1.0,40.56156,6.760260000000001,3.36781775,100.0,2500,3.724,6,6,0
104.22222222222223,1.0,1.0,1.0,37.38066,6.23011,3.463886268,100.0,2500,3.724,7,7,0
489.62025316455697,1.0,2.0,1.0,339.19710000000003,56.53285,0.3607229185,65.44078099,725904,3.724,2,10,0
155.85714285714286,1.0,2.0,1.0,5000.0,1000.0,0.00046155699999999997,0.015474209000000001,32400,3.724,14,1,0
391.6,1.0,1.0,1.0,156.93738,26.156229999999997,0.83002625,53.108448945,187489,3.724,2,2,0
93.6470588235294,1.0,2.0,1.0,5000.0,1000.0,0.003301754,0.1132117885,25,3.724,14,9,0
93.6470588235294,1.0,2.0,1.0,5000.0,1000.0,0.0013424255000000001,0.043692047500000004,25,3.724,13,10,0
104.22222222222223,1.0,1.0,1.0,5000.0,1000.0,0.0030511985,0.1895031935,2500,3.724,13,7,0
155.85714285714286,1.0,2.0,1.0,5000.0,1000.0,0.0005778714999999999,0.019141103,32400,3.724,9,2,0
93.6470588235294,1.0,2.0,1.0,5000.0,1000.0,0.0009321275,0.0339466655,25,3.724,13,10,0
104.22222222222223,1.0,1.0,1.0,95.80332,15.96722,1.3519074105,65.03531845,2500,3.724,14,4,0
104.22222222222223,1.0,1.0,1.0,98.22672,16.371119999999998,1.318562348,63.646943075,2500,3.724,6,6,0
93.6470588235294,1.0,2.0,1.0,5000.0,1000.0,0.0013311875,0.044077407,25,3.724,13,10,0
104.22222222222223,1.0,1.0,1.0,84.56382,14.09397,1.6153168660000001,74.03188349999999,2500,3.724,9,6,0
104.22222222222223,1.0,1.0,1.0,403.87002,67.31167,0.3205968665,13.233206661,2500,3.724,6,5,0
509.8333333333333,1.0,2.0,1.0,5000.0,1000.0,0.00133448,0.078494459,550564,3.724,13,10,0
104.22222222222223,1.0,1.0,1.0,58.50036,9.750060000000001,2.3344774999999998,100.0,2500,3.724,13,7,0
104.22222222222223,1.0,1.0,1.0,65.3811,10.89685,1.980952607,94.9621202,2500,3.724,14,4,0
74.0,2.0,1.0,1.0,5000.0,1000.0,0.0001,0.0,256,3.724,12,1,0
104.22222222222223,1.0,1.0,1.0,1342.58754,223.76459,0.096361468,3.3092703305,2500,3.724,6,5,0
93.6470588235294,1.0,2.0,1.0,5000.0,1000.0,0.0008983509999999999,0.031728715,25,3.724,24,21,0
74.0,2.0,1.0,1.0,5000.0,1000.0,0.0001,0.0,256,3.724,5,1,0
93.6470588235294,1.0,2.0,1.0,5000.0,1000.0,0.001289343,0.0447758505,25,3.724,12,12,0
509.8333333333333,1.0,2.0,1.0,5000.0,1000.0,0.0014246590000000002,0.08409077350000001,550564,3.724,12,12,0
433.3829787234043,1.0,1.0,1.0,5000.0,1000.0,0.0020739215,0.11601138750000001,407044,3.724,7,2,0
313.6585365853659,1.0,2.0,1.0,4645.875959999999,774.3126599999999,0.026155931000000004,1.7035639059999999,237169,3.724,6,2,0
313.6585365853659,1.0,2.0,1.0,2413.43772,402.23962,0.0503569575,3.5613176905,237169,3.724,6,5,0
268.53846153846155,1.0,2.0,1.0,4622.5332,770.4222,0.027020120499999998,1.7595904070000001,159201,3.724,6,5,0
104.22222222222223,1.0,1.0,1.0,5000.0,1000.0,0.0004538255,0.0169884305,2500,3.724,6,2,0
509.8333333333333,1.0,2.0,1.0,5000.0,1000.0,0.0013860994999999997,0.083419177,550564,3.724,24,21,0
93.6470588235294,1.0,2.0,1.0,5000.0,1000.0,0.001192422,0.039791283,25,3.724,24,21,0
509.8333333333333,1.0,2.0,1.0,5000.0,1000.0,0.0014266749999999999,0.08605910900000001,550564,3.724,24,21,0
74.0,2.0,1.0,1.0,5000.0,1000.0,0.0001,0.0,256,3.724,6,1,0
81.0,2.0,1.0,1.0,5000.0,1000.0,0.0001,0.0,256,3.724,24,2,0
313.6585365853659,1.0,2.0,1.0,1687.4262,281.2377,0.07203701900000001,4.3506674095,237169,3.724,7,3,0
484.15,1.0,2.0,1.0,2652.3525,442.05875,0.045519690499999994,0.03501659,725904,3.724,7,5,0
370.375,1.0,1.0,1.0,307.0731,51.178850000000004,0.42220973000000006,24.309550239999997,198025,3.724,7,2,0
427.8,1.0,2.0,1.0,730.7896800000001,121.79828,0.1680429065,10.35539138,527076,3.724,7,3,0
313.6585365853659,1.0,2.0,1.0,3217.31778,536.21963,0.037769628,1.1376441675000002,237169,3.724,12,12,0
484.15,1.0,2.0,1.0,2317.74552,386.29092,0.0524294145,1.9567366105000001,725904,3.724,7,3,0
132.0,1.0,2.0,1.0,400.51890000000003,66.75315,0.314301927,18.31016404,6889,3.724,4,6,0
126.48275862068965,1.0,2.0,1.0,101.09502,16.84917,1.209725993,72.622027475,2401,3.724,7,5,0
104.22222222222223,1.0,1.0,1.0,5000.0,1000.0,0.00047036500000000004,0.017905918500000003,2500,3.724,13,2,0
462.4,1.0,2.0,1.0,5000.0,841.028,0.031216099499999997,0.831666165,342225,3.724,13,2,0
93.6470588235294,1.0,2.0,1.0,5000.0,1000.0,0.0013624849999999999,0.044783290999999996,25,3.724,24,21,0
93.6470588235294,1.0,2.0,1.0,5000.0,1000.0,0.001516155,0.0537732305,25,3.724,24,21,0
93.6470588235294,1.0,2.0,1.0,5000.0,1000.0,0.0013541335000000002,0.045485861,25,3.724,24,21,0
370.375,1.0,1.0,1.0,91.09002000000001,15.18167,1.385900913,100.0,198025,3.724,24,2,0
113.05882352941177,1.0,2.0,1.0,87.64758,14.60793,1.471198598,63.97800575,3969,3.724,6,5,0
422.1060606060606,1.0,2.0,1.0,196.06674,32.67779,0.6215531415000001,58.062739725,527076,3.724,12,12,0
93.6470588235294,1.0,2.0,1.0,5000.0,1000.0,0.001291843,0.043587162,25,3.724,13,10,0
115.09836065573771,1.0,1.0,1.0,5000.0,1000.0,0.00020048450000000002,0.0072862965,1521,3.724,12,1,0
74.0,2.0,1.0,1.0,5000.0,1000.0,0.0001,0.0,256,3.724,24,2,0
93.6470588235294,1.0,2.0,1.0,5000.0,1000.0,0.0012465915,0.0405436745,25,3.724,24,21,0
93.6470588235294,1.0,2.0,1.0,5000.0,1000.0,0.0009713135,0.032909085500000004,25,3.724,24,21,0
93.6470588235294,1.0,2.0,1.0,5000.0,1000.0,0.002470378,0.083167974,25,3.724,14,9,0
93.6470588235294,1.0,2.0,1.0,5000.0,1000.0,0.0013260334999999999,0.04518168,25,3.724,24,21,0
93.6470588235294,1.0,2.0,1.0,5000.0,1000.0,0.0034733885,0.150759567,25,3.724,9,3,0
93.6470588235294,1.0,2.0,1.0,5000.0,1000.0,0.001282559,0.04350031050000001,25,3.724,12,12,0
93.6470588235294,1.0,2.0,1.0,5000.0,1000.0,0.0022316555,0.0745452195,25,3.724,13,6,0
484.15,1.0,2.0,1.0,1141.3989,190.23315,0.1064717665,3.3127349435,725904,3.724,13,10,0
93.6470588235294,1.0,2.0,1.0,5000.0,1000.0,0.020397589,0.9934765475,25,3.724,11,5,0
93.6470588235294,1.0,2.0,1.0,5000.0,980.7068200000001,0.0223896995,0.814927635,25,3.724,11,5,0
307.42857142857144,1.0,2.0,1.0,616.90662,102.81777,0.20230318699999997,15.561392739999999,216225,3.724,6,5,0
104.22222222222223,1.0,1.0,1.0,258.56687999999997,43.09448,0.5008410625,23.8324446275,2500,3.724,9,6,0
104.22222222222223,1.0,1.0,1.0,52.16874,8.69479,2.482669625,100.0,2500,3.724,7,7,0
104.22222222222223,1.0,1.0,1.0,37.8309,6.30515,3.610922732,100.0,2500,3.724,7,7,0
93.6470588235294,1.0,2.0,1.0,5000.0,1000.0,0.001355746,0.0434749075,25,3.724,24,21,0
104.22222222222223,1.0,1.0,1.0,128.75256,21.458759999999998,1.0059320665,47.954873764999995,2500,3.724,13,7,0
104.22222222222223,1.0,1.0,1.0,49.25574,8.20929,2.629554893,100.0,2500,3.724,11,5,0
93.6470588235294,1.0,2.0,1.0,5000.0,1000.0,0.000989212,0.036206175,25,3.724,24,21,0
104.22222222222223,1.0,1.0,1.0,43.12704,7.18784,3.1673598395,100.0,2500,3.724,9,6,0
427.8,1.0,2.0,1.0,798.01578,133.00262999999998,0.151577331,12.93378684,527076,3.724,7,5,0
104.22222222222223,1.0,1.0,1.0,35.38176,5.89696,3.660626768,100.0,2500,3.724,5,4,0
104.22222222222223,1.0,1.0,1.0,38.66268,6.44378,3.3499792855,100.0,2500,3.724,13,7,0
370.375,1.0,1.0,1.0,66.96084,11.16014,1.8853146855,100.0,198025,3.724,7,5,0
104.22222222222223,1.0,1.0,1.0,38.60454,6.43409,3.3550345,100.0,2500,3.724,7,7,0
370.375,1.0,1.0,1.0,49.530480000000004,8.25508,2.5487918255,100.0,198025,3.724,7,2,0
104.22222222222223,1.0,1.0,1.0,41.20386,6.86731,3.1433734104999997,100.0,2500,3.724,9,6,0
104.22222222222223,1.0,1.0,1.0,39.83856,6.63976,3.2511570714999998,100.0,2500,3.724,7,7,0
268.53846153846155,1.0,2.0,1.0,1118.28588,186.38098,0.11033426800000001,6.8106659044999995,159201,3.724,4,6,0
104.22222222222223,1.0,1.0,1.0,36.51354,6.08559,3.5471861785,100.0,2500,3.724,7,7,0
104.22222222222223,1.0,1.0,1.0,36.68016,6.11336,3.5310479464999998,100.0,2500,3.724,6,5,0
104.22222222222223,1.0,1.0,1.0,216.20322000000002,36.03387,0.631730393,26.125560474999997,2500,3.724,9,6,0
93.6470588235294,1.0,2.0,1.0,5000.0,1000.0,0.0012933725,0.043689841,25,3.724,13,10,0
104.22222222222223,1.0,1.0,1.0,157.5573,26.259549999999997,0.8219647274999999,38.08985663250001,2500,3.724,6,6,0
74.0,2.0,1.0,1.0,5000.0,1000.0,0.0001,0.0,256,3.724,6,2,0
104.22222222222223,1.0,1.0,1.0,112.74624,18.791040000000002,1.1487344415,55.223218825000004,2500,3.724,6,6,0
104.22222222222223,1.0,1.0,1.0,77.65512,12.94252,1.6678506875,80.31977339999999,2500,3.724,5,4,0
103.0,2.0,2.0,1.0,1572.1623000000002,262.02705000000003,0.059181333999999995,0.0836893865,2916,3.724,12,12,0
93.6470588235294,1.0,2.0,1.0,5000.0,1000.0,0.002736237,0.108244969,25,3.724,14,9,0
93.6470588235294,1.0,2.0,1.0,5000.0,1000.0,0.0088828865,0.33629126249999997,25,3.724,9,3,0
93.6470588235294,1.0,2.0,1.0,5000.0,1000.0,0.0015593635,0.0559363405,25,3.724,24,21,0
93.6470588235294,1.0,2.0,1.0,5000.0,1000.0,0.0029517499999999995,0.114093875,25,3.724,13,6,0
133.3793103448276,1.0,2.0,1.0,1318.35594,219.72599,0.0927467095,2.9946411335,3969,3.724,4,6,0
104.22222222222223,1.0,1.0,1.0,540.21708,90.03618,0.239697143,9.5191649685,2500,3.724,6,6,0
489.62025316455697,1.0,2.0,1.0,4845.61422,807.6023700000001,0.025079788999999998,1.4259249975000001,725904,3.724,13,10,0
104.22222222222223,1.0,1.0,1.0,204.66564,34.11094,0.6327931605,29.0255539775,2500,3.724,7,7,0
104.22222222222223,1.0,1.0,1.0,70.49124,11.74854,1.8373326965,86.06593145000001,2500,3.724,9,6,0
133.3793103448276,1.0,2.0,1.0,1051.21836,175.20306000000002,0.116325702,3.7491438879999994,3969,3.724,4,6,0
104.22222222222223,1.0,1.0,1.0,63.59178,10.59863,2.036683759,97.41449555000001,2500,3.724,9,6,0
104.22222222222223,1.0,1.0,1.0,70.08888,11.68148,1.8478829195000002,89.00360315,2500,3.724,6,5,0
93.6470588235294,1.0,2.0,1.0,5000.0,1000.0,0.001240654,0.040312008499999996,25,3.724,24,21,0
104.22222222222223,1.0,1.0,1.0,47.90544,7.98424,2.703483607,100.0,2500,3.724,5,4,0
522.9142857142857,1.0,2.0,1.0,5000.0,1000.0,0.020048216,1.5344955785000003,547600,3.724,14,9,0
93.6470588235294,1.0,2.0,1.0,5000.0,1000.0,0.0011948665000000001,0.0402542435,25,3.724,24,21,0
93.6470588235294,1.0,2.0,1.0,5000.0,1000.0,0.0032409885000000004,0.110397805,25,3.724,14,9,0
509.8333333333333,1.0,2.0,1.0,5000.0,1000.0,0.00151472,0.09432017899999999,550564,3.724,24,21,0
462.4,1.0,2.0,1.0,5000.0,1000.0,0.012742042999999998,0.9446493564999999,465124,3.724,9,2,0
81.0,2.0,1.0,1.0,5000.0,1000.0,0.0001,0.0,256,3.724,6,1,0
93.6470588235294,1.0,2.0,1.0,5000.0,1000.0,0.001326551,0.045617110999999995,25,3.724,24,21,0
509.8333333333333,1.0,2.0,1.0,5000.0,1000.0,0.0137804055,0.9534473960000001,550564,3.724,13,6,0
93.6470588235294,1.0,2.0,1.0,5000.0,1000.0,0.0013220624999999999,0.043685016,25,3.724,12,12,0
93.6470588235294,1.0,2.0,1.0,5000.0,1000.0,0.001784569,0.061435554,25,3.724,13,6,0
81.0,2.0,1.0,1.0,5000.0,1000.0,0.0001,0.0,256,3.724,11,3,0
93.6470588235294,1.0,2.0,1.0,5000.0,1000.0,0.001324279,0.044348277500000005,25,3.724,12,12,0
104.22222222222223,1.0,1.0,1.0,325.78638,54.29773,0.39738650000000003,18.928331749,2500,3.724,7,7,0
104.22222222222223,1.0,1.0,1.0,159.07998,26.513330000000003,0.814090254,38.68056839,2500,3.724,9,6,0
93.6470588235294,1.0,2.0,1.0,5000.0,1000.0,0.000940957,0.0363632485,25,3.724,12,12,0
74.0,2.0,1.0,1.0,2267.65932,377.94322,0.0001,0.0,256,3.724,9,3,0
93.6470588235294,1.0,2.0,1.0,5000.0,1000.0,0.0019964175,0.0726771355,25,3.724,14,9,0
93.6470588235294,1.0,2.0,1.0,5000.0,1000.0,0.0014835885,0.055067031,25,3.724,24,21,0
93.6470588235294,1.0,2.0,1.0,5000.0,1000.0,0.0026452999999999997,0.086065922,25,3.724,14,9,0
93.6470588235294,1.0,2.0,1.0,5000.0,1000.0,0.008730402000000002,0.391343029,25,3.724,9,3,0
74.0,2.0,1.0,1.0,5000.0,1000.0,0.0001,0.0,256,3.724,6,2,0
93.6470588235294,1.0,2.0,1.0,5000.0,1000.0,0.0022072775,0.07549383900000001,25,3.724,13,6,0
113.05882352941177,1.0,2.0,1.0,85.18548,14.19758,1.4583509915,67.6303079,3969,3.724,6,5,0
93.6470588235294,1.0,2.0,1.0,5000.0,981.3513899999999,0.021055161,0.8102262840000001,25,3.724,11,5,0
93.6470588235294,1.0,2.0,1.0,5000.0,1000.0,0.0035149235000000003,0.134006236,25,3.724,13,6,0
370.375,1.0,1.0,1.0,65.98386,10.99731,1.9132299684999998,100.0,198025,3.724,6,2,0
93.6470588235294,1.0,2.0,1.0,5000.0,978.7927999999999,0.021692263,0.959787641,25,3.724,11,5,0
422.1060606060606,1.0,2.0,1.0,230.4684,38.4114,0.5287752349999999,91.82028142499999,527076,3.724,24,21,0
104.22222222222223,1.0,1.0,1.0,51.51132,8.58522,2.5144118395,100.0,2500,3.724,9,6,0
391.6,1.0,1.0,1.0,48.14712,8.02452,2.7055805055,100.0,187489,3.724,7,5,0
104.22222222222223,1.0,1.0,1.0,39.45486,6.57581,3.2827752855,100.0,2500,3.724,7,7,0
104.22222222222223,1.0,1.0,1.0,85.61861999999999,14.26977,1.5127373395,72.51286387500001,2500,3.724,11,5,0
104.22222222222223,1.0,1.0,1.0,97.60860000000001,16.2681,1.523798854,68.921302425,2500,3.724,7,7,0
104.22222222222223,1.0,1.0,1.0,94.58033999999999,15.76339,1.3693973215000002,66.10692184999999,2500,3.724,9,6,0
391.6,1.0,1.0,1.0,141.00414,23.50069,0.9238224885,59.023010475,187489,3.724,12,1,0
104.22222222222223,1.0,1.0,1.0,70.39842,11.733070000000001,1.9403678304999998,87.7822618,2500,3.724,14,4,0
104.22222222222223,1.0,1.0,1.0,56.102819999999994,9.35047,2.3032181069999997,100.0,2500,3.724,11,5,0
391.6,1.0,1.0,1.0,50.61444,8.435740000000001,2.5736864795,100.0,187489,3.724,24,2,0
104.22222222222223,1.0,1.0,1.0,45.726780000000005,7.621130000000001,2.8324945715,100.0,2500,3.724,5,4,0
93.6470588235294,1.0,2.0,1.0,5000.0,1000.0,0.003304922,0.11306556400000001,25,3.724,14,9,0
484.15,1.0,2.0,1.0,503.09724000000006,83.84954,0.2415642895,15.623637099,725904,3.724,24,21,0
104.22222222222223,1.0,1.0,1.0,3434.0775,572.34625,0.037655817,1.3168733625,2500,3.724,7,7,0
93.6470588235294,1.0,2.0,1.0,5000.0,1000.0,0.010983241500000001,0.5757222280000001,25,3.724,14,9,0
113.05882352941177,1.0,2.0,1.0,70.09194,11.681989999999999,1.7724292,84.68642955,3969,3.724,6,2,0
104.22222222222223,1.0,1.0,1.0,415.68336,69.28056,0.31134578999999996,14.714474894999999,2500,3.724,11,5,0
62.9622641509434,1.0,1.0,1.0,5000.0,1000.0,0.016438623,0.7491079085,169,3.724,13,1,0
104.22222222222223,1.0,1.0,1.0,224.08625999999998,37.34771,0.5778233775,27.668942825000002,2500,3.724,7,7,0
104.22222222222223,1.0,1.0,1.0,201.42372,33.57062,0.642919362,29.578434357499997,2500,3.724,9,6,0
462.4,1.0,2.0,1.0,5000.0,847.30644,0.026157421499999996,1.9409920829999998,465124,3.724,13,2,0
104.22222222222223,1.0,1.0,1.0,190.72938,31.78823,0.6790073480000001,32.5211326825,2500,3.724,7,7,0
104.22222222222223,1.0,1.0,1.0,67.6077,11.267949999999999,1.9147043305,90.3378417,2500,3.724,13,7,0
104.22222222222223,1.0,1.0,1.0,5000.0,1000.0,0.0004926350000000001,0.0189360845,2500,3.724,7,5,0
104.22222222222223,1.0,1.0,1.0,68.361,11.393500000000001,1.8945948215,90.69347705,2500,3.724,13,7,0
104.22222222222223,1.0,1.0,1.0,5000.0,1000.0,0.000476746,0.018255033,2500,3.724,1,2,0
104.22222222222223,1.0,1.0,1.0,69.62382,11.603969999999999,1.961946384,89.59422045,2500,3.724,6,5,0
74.0,2.0,1.0,1.0,5000.0,1000.0,0.0001,0.0,256,3.724,7,2,0
104.22222222222223,1.0,1.0,1.0,45.77688,7.629479999999999,2.8276265714999997,100.0,2500,3.724,6,3,0
104.22222222222223,1.0,1.0,1.0,273.16674,45.52779,0.473966375,21.0015177075,2500,3.724,1,1,0
104.22222222222223,1.0,1.0,1.0,5000.0,1000.0,0.000453,0.016812898,2500,3.724,1,1,0
104.22222222222223,1.0,1.0,1.0,206.15484,34.35914,0.6625209465,30.1306711875,2500,3.724,4,4,0
104.22222222222223,1.0,1.0,1.0,135.01193999999998,22.50199,1.049159458,49.716319315,2500,3.724,1,1,0
268.53846153846155,1.0,2.0,1.0,1685.72964,280.95493999999997,0.0721611565,5.007906835,159201,3.724,7,5,0
104.22222222222223,1.0,1.0,1.0,90.25037999999999,15.04173,1.4350571340000002,66.849391575,2500,3.724,6,3,0
301.48837209302326,1.0,2.0,1.0,2891.4547199999997,481.90912,0.043035595999999995,1.209486782,217156,3.724,13,10,0
104.22222222222223,1.0,1.0,1.0,100.05018,16.67503,1.2944818125000002,61.294242675,2500,3.724,1,1,0
104.22222222222223,1.0,1.0,1.0,82.70526,13.784209999999998,1.5660041784999998,75.37637185000001,2500,3.724,4,4,0
313.6585365853659,1.0,2.0,1.0,1886.43876,314.40646000000004,0.06529505899999999,4.411067032,237169,3.724,3,12,0
104.22222222222223,1.0,1.0,1.0,59.01384,9.83564,2.3147752145,100.0,2500,3.724,1,1,0
313.6585365853659,1.0,2.0,1.0,1206.8060400000002,201.13434,0.10352150499999999,5.662618889,237169,3.724,2,5,0
104.22222222222223,1.0,1.0,1.0,47.8398,7.9733,2.96113375,100.0,2500,3.724,4,4,0
462.4,1.0,2.0,1.0,5000.0,1000.0,0.0059858635,0.419497495,465124,3.724,6,1,0
93.6470588235294,1.0,2.0,1.0,5000.0,1000.0,0.003349204,0.11256236850000001,25,3.724,6,8,0
74.0,2.0,1.0,1.0,5000.0,1000.0,0.0001,0.0,256,3.724,2,1,0
313.6585365853659,1.0,2.0,1.0,2898.2430600000002,483.04051000000004,0.0419377805,2.810124659,237169,3.724,3,12,0
93.6470588235294,1.0,2.0,1.0,5000.0,1000.0,0.0027749959999999996,0.0891900115,25,3.724,6,8,0
93.6470588235294,1.0,2.0,1.0,5000.0,1000.0,0.007399931,0.313821011,25,3.724,2,17,0
432.02127659574467,1.0,1.0,1.0,5000.0,1000.0,0.000589395,0.0159923405,404496,3.724,1,2,0
93.6470588235294,1.0,2.0,1.0,5000.0,1000.0,0.007633485500000001,0.3235212545,25,3.724,2,17,0
104.22222222222223,1.0,1.0,1.0,35.690400000000004,5.9484,3.6290301250000003,100.0,2500,3.724,6,3,0
155.85714285714286,1.0,2.0,1.0,5000.0,1000.0,0.00047819999999999997,0.016213726,32400,3.724,2,1,0
104.22222222222223,1.0,1.0,1.0,68.361,11.393500000000001,1.8945948215,90.69347705,2500,3.724,2,1,0
93.6470588235294,1.0,2.0,1.0,5000.0,1000.0,0.0012885255,0.045324528,25,3.724,1,1,0
104.22222222222223,1.0,1.0,1.0,37.38066,6.23011,3.463886268,100.0,2500,3.724,4,4,0
37.0,0.0,2.0,1.0,9.87786,1.64631,15.185487499999999,15.185416000000002,324,3.724,1,1,0
126.48275862068965,1.0,2.0,1.0,119.89758,19.98293,1.0198030425,55.394606225000004,2401,3.724,3,12,0
93.6470588235294,1.0,2.0,1.0,2184.81798,364.13633,0.056751004499999994,2.1646778065,25,3.724,9,8,0
93.6470588235294,1.0,2.0,1.0,2904.1371,484.02285,0.0439719485,1.4377666395,25,3.724,15,17,0
132.0,1.0,2.0,1.0,73.51464,12.25244,1.6677902039999999,95.94756290000001,9216,3.724,1,21,0
93.6470588235294,1.0,2.0,1.0,1713.84054,285.64009,0.072446349,4.418978796499999,25,3.724,12,10,0
370.375,1.0,1.0,1.0,50.89002,8.48167,2.480700525,100.0,198025,3.724,10,1,0
93.6470588235294,1.0,2.0,1.0,2303.68908,383.94818,0.054942804500000005,2.3781985684999998,25,3.724,17,16,0
93.6470588235294,1.0,2.0,1.0,1591.38528,265.23088,0.079614287,2.82486234,25,3.724,15,17,0
484.15,1.0,2.0,1.0,711.8788800000001,118.64648000000001,0.1696290705,10.58586859,725904,3.724,14,13,0
93.6470588235294,1.0,2.0,1.0,1815.54594,302.59099,0.0703886865,2.9091021555,25,3.724,15,17,0
93.6470588235294,1.0,2.0,1.0,2830.43952,471.73992,0.04316215599999999,1.4741487155,25,3.724,11,11,0
93.6470588235294,1.0,2.0,1.0,2808.08832,468.01471999999995,0.0432853575,1.424569102,25,3.724,12,10,0
370.375,1.0,1.0,1.0,153.15924,25.52654,0.8465603,71.140821015,198025,3.724,14,1,0
93.6470588235294,1.0,2.0,1.0,2495.4816,415.91360000000003,0.049349513000000005,1.7054914724999999,25,3.724,11,11,0
62.9622641509434,1.0,1.0,1.0,5000.0,1000.0,0.0005461339999999999,0.0234993365,169,3.724,5,1,0
93.6470588235294,1.0,2.0,1.0,3274.33464,545.72244,0.035159750000000004,1.5045431525,25,3.724,17,16,0
462.4,1.0,2.0,1.0,5000.0,1000.0,0.001051169,0.018852551999999998,342225,3.724,5,2,0
509.8333333333333,1.0,2.0,1.0,5000.0,1000.0,0.0186145885,1.6851757699999999,550564,3.724,6,8,0
93.6470588235294,1.0,2.0,1.0,5000.0,1000.0,0.00129609,0.0474568285,25,3.724,14,13,0
93.6470588235294,1.0,2.0,1.0,1294.20732,215.70122,0.0947821,3.4709793235,25,3.724,1,1,0
93.6470588235294,1.0,2.0,1.0,1372.9548599999998,228.82581,0.084361642,3.143126444,25,3.724,11,11,0
104.22222222222223,1.0,1.0,1.0,5000.0,1000.0,0.0004381825,0.016495908500000003,2500,3.724,7,2,0
93.6470588235294,1.0,2.0,1.0,1975.56684,329.26113999999995,0.063041392,2.4619278999999996,25,3.724,17,16,0
509.8333333333333,1.0,2.0,1.0,5000.0,1000.0,0.001373605,0.0799209015,550564,3.724,10,10,0
153.28571428571428,1.0,2.0,1.0,1897.91184,316.31864,0.06884190000000001,2.6147600975,30625,3.724,2,1,0
93.6470588235294,1.0,2.0,1.0,2204.67396,367.44566,0.056307207500000005,2.2228322665,25,3.724,17,16,0
93.6470588235294,1.0,2.0,1.0,5000.0,1000.0,0.001187737,0.039753009,25,3.724,10,10,0
93.6470588235294,1.0,2.0,1.0,1732.82022,288.80337000000003,0.070807407,2.4388242485,25,3.724,17,16,0
93.6470588235294,1.0,2.0,1.0,1603.64148,267.27358,0.08036546,3.0249371624999997,25,3.724,17,16,0
370.375,1.0,1.0,1.0,947.03958,157.83993,0.13326510200000002,11.392427900000001,198025,3.724,9,5,0
93.6470588235294,1.0,2.0,1.0,2270.22822,378.37136999999996,0.054654866499999996,1.8980896219999999,25,3.724,11,11,0
536.7647058823529,1.0,2.0,1.0,2887.89996,481.31666,0.044794472,2.906921691,544644,3.724,12,10,0
93.6470588235294,1.0,2.0,1.0,2108.3680200000003,351.39467,0.062551234,2.096321474,25,3.724,6,8,0
126.48275862068965,1.0,2.0,1.0,1043.51994,173.91998999999998,0.11718242100000001,3.2904696765,2401,3.724,2,6,0
93.6470588235294,1.0,2.0,1.0,2460.1376999999998,410.02295,0.0493787065,2.1458843295000003,25,3.724,15,17,0
313.6585365853659,1.0,2.0,1.0,633.11682,105.51947,0.1920062605,11.53515919,237169,3.724,14,13,0
93.6470588235294,1.0,2.0,1.0,2185.9950599999997,364.33250999999996,0.058445942,2.178626262,25,3.724,9,8,0
93.6470588235294,1.0,2.0,1.0,2318.15922,386.35987,0.056931481,2.0024295965000003,25,3.724,11,11,0
81.0,2.0,1.0,1.0,5000.0,1000.0,0.0001,0.0,256,3.724,5,1,0
93.6470588235294,1.0,2.0,1.0,1400.9160000000002,233.48600000000002,0.0865756605,2.6854348784999997,25,3.724,11,11,0
81.0,2.0,1.0,1.0,5000.0,1000.0,0.0001,0.0,256,3.724,9,2,0
93.6470588235294,1.0,2.0,1.0,2550.7017,425.11695000000003,0.0458766455,1.59535606,25,3.724,12,10,0
93.6470588235294,1.0,2.0,1.0,1317.2005199999999,219.53341999999998,0.09640358,3.258180136,25,3.724,12,10,0
73.0,2.0,1.0,1.0,5000.0,1000.0,0.0001,0.0,256,3.724,9,2,0
93.6470588235294,1.0,2.0,1.0,2107.85844,351.30974000000003,0.0589124575,2.0634876835,25,3.724,6,8,0
462.4,1.0,2.0,1.0,5000.0,1000.0,0.0006431945,0.035778857000000004,465124,3.724,5,2,0
536.7647058823529,1.0,2.0,1.0,2550.0528,425.0088,0.0509469225,3.5194657394999997,544644,3.724,9,8,0
93.6470588235294,1.0,2.0,1.0,5000.0,1000.0,0.0012277899999999999,0.040260656000000006,25,3.724,10,10,0
114.08064516129032,1.0,1.0,1.0,910.79052,151.79842000000002,0.1346702095,13.979755035,2025,3.724,12,1,0
73.0,2.0,1.0,1.0,5000.0,1000.0,0.0001,0.0,256,3.724,9,1,0
74.0,2.0,1.0,1.0,5000.0,1000.0,0.0001,0.0,256,3.724,14,2,0
113.05882352941177,1.0,2.0,1.0,70.59696000000001,11.766160000000001,1.7597513165,84.5442189,3969,3.724,14,13,0
93.6470588235294,1.0,2.0,1.0,2766.34062,461.05677000000003,0.0456227235,1.5532281365,25,3.724,15,17,0
509.8333333333333,1.0,2.0,1.0,3190.6957199999997,531.78262,0.0392513155,2.3545670019999996,550564,3.724,15,17,0
113.05882352941177,1.0,2.0,1.0,96.31026,16.05171,1.2899184460000002,48.364079175,3969,3.724,5,3,0
93.6470588235294,1.0,2.0,1.0,2172.7608,362.1268,0.056814583499999995,2.1959864425,25,3.724,17,16,0
93.6470588235294,1.0,2.0,1.0,1583.5477199999998,263.92462,0.07841008449999999,4.422232091,25,3.724,12,10,0
136.28571428571428,1.0,2.0,1.0,163.63464,27.272439999999996,0.7469049505,39.298665650000004,3600,3.724,7,7,0
93.6470588235294,1.0,2.0,1.0,2018.1120600000002,336.35201,0.06358791700000001,3.1912237930000003,25,3.724,15,17,0
113.05882352941177,1.0,2.0,1.0,172.5969,28.766150000000003,0.7394964275,26.2623990275,3969,3.724,2,6,0
93.6470588235294,1.0,2.0,1.0,2454.3892800000003,409.06488,0.050591884000000004,1.9728462045000001,25,3.724,11,11,0
93.6470588235294,1.0,2.0,1.0,1350.01536,225.00256000000002,0.0941939,3.6910417769999997,25,3.724,3,3,0
301.48837209302326,1.0,2.0,1.0,755.01954,125.83659,0.16090510949999998,6.29088967,217156,3.724,2,4,0
93.6470588235294,1.0,2.0,1.0,2473.2501,412.20835,0.051660791500000004,2.3466191555,25,3.724,3,3,0
93.6470588235294,1.0,2.0,1.0,1536.4476,256.0746,0.08388200700000001,3.0731591750000002,25,3.724,4,4,0
93.6470588235294,1.0,2.0,1.0,2784.41856,464.06976,0.046892967,1.3480034145,25,3.724,9,8,0
489.62025316455697,1.0,2.0,1.0,1627.28784,271.21464,0.07516878249999999,5.903697805,725904,3.724,10,10,0
93.6470588235294,1.0,2.0,1.0,4802.66628,800.44438,0.0268213115,1.0790391615000001,25,3.724,9,8,0
307.42857142857144,1.0,2.0,1.0,840.65124,140.10854,0.14482063750000002,10.65496891,216225,3.724,7,7,0
93.6470588235294,1.0,2.0,1.0,4392.0456,732.0076,0.0290866,1.0266586435,25,3.724,9,8,0
93.6470588235294,1.0,2.0,1.0,3887.90286,647.9838100000001,0.030318716,1.2774518545,25,3.724,15,17,0
370.375,1.0,1.0,1.0,125.2188,20.8698,1.008160087,62.809347079999995,198025,3.724,7,2,0
74.0,2.0,1.0,1.0,5000.0,1000.0,0.0001,0.0,256,3.724,17,1,0
93.6470588235294,1.0,2.0,1.0,2908.5055199999997,484.75091999999995,0.044290562,1.5501791310000002,25,3.724,15,17,0
391.6,1.0,1.0,1.0,85.16886,14.19481,1.5294856465,100.0,187489,3.724,9,3,0
93.6470588235294,1.0,2.0,1.0,2813.25126,468.87521,0.044133001,2.0251745645,25,3.724,11,11,0
268.53846153846155,1.0,2.0,1.0,5000.0,1000.0,0.019803457,1.4301914354999998,159201,3.724,7,8,0
93.6470588235294,1.0,2.0,1.0,1541.87706,256.97951,0.080502041,2.7193388659999997,25,3.724,11,11,0
307.42857142857144,1.0,2.0,1.0,5000.0,903.3866,0.0226787165,0.7117115245,238144,3.724,14,13,0
93.6470588235294,1.0,2.0,1.0,2734.2023400000003,455.70039,0.045128291,1.437356621,25,3.724,15,17,0
93.6470588235294,1.0,2.0,1.0,1767.85074,294.64179,0.07285328049999999,2.5058707370000004,25,3.724,17,16,0
268.53846153846155,1.0,2.0,1.0,2282.12622,380.35437,0.053299624999999996,4.5321825360000005,159201,3.724,9,4,0
93.6470588235294,1.0,2.0,1.0,1629.11346,271.51891,0.078446296,4.4272450525,25,3.724,12,10,0
93.6470588235294,1.0,2.0,1.0,1541.6237999999998,256.9373,0.08137233299999999,3.8012314805000003,25,3.724,12,10,0
313.6585365853659,1.0,2.0,1.0,2609.8316999999997,434.97195,0.04657324300000001,1.4566968415,237169,3.724,10,10,0
93.6470588235294,1.0,2.0,1.0,1723.54512,287.25752,0.07099465599999999,2.6762566444999996,25,3.724,17,16,0
268.53846153846155,1.0,2.0,1.0,5000.0,890.0550900000001,0.023095954499999998,1.3825414935,159201,3.724,5,3,0
93.6470588235294,1.0,2.0,1.0,2082.67818,347.11303,0.0572797215,2.1001317375,25,3.724,17,16,0
93.6470588235294,1.0,2.0,1.0,2473.68276,412.28046,0.0516533175,1.9662533045,25,3.724,11,11,0
103.0,2.0,2.0,1.0,457.93338,76.32222999999999,0.258159828,0.365089594,2916,3.724,9,5,0
93.6470588235294,1.0,2.0,1.0,1311.5475,218.59125,0.0910662555,3.525011343,25,3.724,3,3,0
104.0,2.0,2.0,1.0,1596.42408,266.07068000000004,0.073835502,0.104412449,3136,3.724,9,4,0
93.6470588235294,1.0,2.0,1.0,3338.2509,556.37515,0.036125223,1.505288364,25,3.724,12,10,0
93.6470588235294,1.0,2.0,1.0,3774.40482,629.0674700000001,0.0321719985,1.0852673364999998,25,3.724,9,8,0
110.0,2.0,2.0,1.0,844.3416,140.7236,0.143518172,0.20296074249999999,4096,3.724,9,4,0
93.6470588235294,1.0,2.0,1.0,4470.29292,745.04882,0.027759052,1.708944657,25,3.724,15,17,0
93.6470588235294,1.0,2.0,1.0,5000.0,1000.0,0.001024669,0.038581711000000005,25,3.724,14,13,0
509.8333333333333,1.0,2.0,1.0,3130.5207,521.75345,0.040882262499999995,3.4994522695,550564,3.724,15,17,0
73.0,2.0,1.0,1.0,5000.0,1000.0,0.0001,0.0,256,3.724,12,1,0
93.6470588235294,1.0,2.0,1.0,5000.0,1000.0,0.0012633394999999998,0.042364595,25,3.724,10,10,0
93.6470588235294,1.0,2.0,1.0,1402.48278,233.74713,0.0913510585,3.2568992555,25,3.724,17,16,0
93.6470588235294,1.0,2.0,1.0,2036.5739399999998,339.42899,0.060360512,2.2063417469999997,25,3.724,17,16,0
370.375,1.0,1.0,1.0,52.538819999999994,8.75647,2.4028476765,100.0,198025,3.724,5,1,0
93.6470588235294,1.0,2.0,1.0,1845.12678,307.52113,0.07276035400000001,3.031204619,25,3.724,15,17,0
268.53846153846155,1.0,2.0,1.0,4615.56906,769.26151,0.026315345,1.71674645,159201,3.724,7,7,0
93.6470588235294,1.0,2.0,1.0,1810.60026,301.76671,0.06934963400000001,2.741168083,25,3.724,15,17,0
93.6470588235294,1.0,2.0,1.0,2402.07006,400.34501,0.0526274995,2.9817096345,25,3.724,17,16,0
74.0,2.0,1.0,1.0,5000.0,1000.0,0.0001,0.0,256,3.724,9,1,0
93.6470588235294,1.0,2.0,1.0,1928.8337400000003,321.47229000000004,0.0662072115,2.6999556630000003,25,3.724,12,10,0
370.375,1.0,1.0,1.0,145.2273,24.20455,0.869257742,58.121301845,198025,3.724,9,3,0
93.6470588235294,1.0,2.0,1.0,2177.30526,362.88421,0.057034242000000006,2.6492140909999997,25,3.724,6,8,0
93.6470588235294,1.0,2.0,1.0,2125.26168,354.21028,0.058413137,2.087528988,25,3.724,6,8,0
93.6470588235294,1.0,2.0,1.0,2447.12124,407.85353999999995,0.05407403100000001,2.1495379939999997,25,3.724,4,4,0
93.6470588235294,1.0,2.0,1.0,1502.09376,250.34896,0.0867993785,2.7165993019999997,25,3.724,4,4,0
268.53846153846155,1.0,2.0,1.0,794.5592999999999,132.42655,0.155291267,10.52114856,159201,3.724,7,7,0
93.6470588235294,1.0,2.0,1.0,1824.6527999999998,304.1088,0.070040679,2.8952110195,25,3.724,6,8,0
93.6470588235294,1.0,2.0,1.0,4394.8629,732.4771499999999,0.029054043499999998,1.0218312285,25,3.724,9,8,0
268.53846153846155,1.0,2.0,1.0,1210.2681,201.71134999999998,0.1004637315,6.15779777,159201,3.724,7,7,0
93.6470588235294,1.0,2.0,1.0,4379.8818599999995,729.9803099999999,0.029124651499999998,1.2759151905000001,25,3.724,15,17,0
370.375,1.0,1.0,1.0,266.95074,44.49179,0.47288297,35.95631807,198025,3.724,9,5,0
74.0,2.0,1.0,1.0,1495.22772,249.20462,0.0001,0.0,256,3.724,2,1,0
93.6470588235294,1.0,2.0,1.0,1485.3357,247.55595,0.0867902985,3.4463987045,25,3.724,11,11,0
93.6470588235294,1.0,2.0,1.0,1502.68206,250.44701,0.08263044750000001,3.6312388985,25,3.724,4,4,0
370.375,1.0,1.0,1.0,84.10146,14.01691,1.5416803045,100.0,198025,3.724,9,3,0
93.6470588235294,1.0,2.0,1.0,1560.13986,260.02331000000004,0.0795933925,2.9540051624999997,25,3.724,17,16,0
93.6470588235294,1.0,2.0,1.0,1765.5288600000001,294.25481,0.0708196765,2.4705799805,25,3.724,17,16,0
139.40740740740742,1.0,2.0,1.0,119.75099999999999,19.9585,1.022846785,49.490893005,4761,3.724,14,13,0
93.6470588235294,1.0,2.0,1.0,2036.62842,339.43807,0.062713051,2.2629935155,25,3.724,17,16,0
93.6470588235294,1.0,2.0,1.0,1698.16128,283.02688,0.0752571155,2.631977096,25,3.724,2,2,0
391.6,1.0,1.0,1.0,57.0972,9.5162,2.2814709229999997,100.0,187489,3.724,9,5,0
93.6470588235294,1.0,2.0,1.0,1482.60294,247.10049,0.0880283995,3.3566729664999997,25,3.724,1,11,0
422.1060606060606,1.0,2.0,1.0,198.68946,33.11491,0.618104477,100.0,527076,3.724,7,8,0
93.6470588235294,1.0,2.0,1.0,2546.8236,424.4706,0.048734479,1.6940204145,25,3.724,3,5,0
509.8333333333333,1.0,2.0,1.0,5000.0,865.06665,0.024147592500000002,1.9659553055,550564,3.724,4,8,0
93.6470588235294,1.0,2.0,1.0,1393.41624,232.23604,0.086790276,3.1566794360000006,25,3.724,4,18,0
113.05882352941177,1.0,2.0,1.0,1234.90518,205.81752999999998,0.104387797,3.2224039965,3969,3.724,9,5,0
522.9142857142857,1.0,2.0,1.0,3159.4467,526.5744500000001,0.0411617325,2.7046080295,547600,3.724,3,8,0
109.0,2.0,2.0,1.0,709.30014,118.21669,0.156472836,0.221278578,4356,3.724,2,4,0
104.22222222222223,1.0,1.0,1.0,67.15397999999999,11.192329999999998,1.9167165089999998,88.48690284999999,2500,3.724,8,1,0
62.9622641509434,1.0,1.0,1.0,3159.92376,526.65396,0.039144064,2.3767263310000004,169,3.724,4,1,0
93.6470588235294,1.0,2.0,1.0,5000.0,1000.0,0.001288945,0.046371593499999995,25,3.724,14,13,0
81.0,2.0,1.0,1.0,5000.0,1000.0,0.0001,0.0,256,3.724,10,1,0
104.22222222222223,1.0,1.0,1.0,5000.0,1000.0,0.0093688805,0.3720248795,2500,3.724,4,1,0
93.6470588235294,1.0,2.0,1.0,5000.0,1000.0,0.001289143,0.044315865,25,3.724,14,13,0
104.22222222222223,1.0,1.0,1.0,5000.0,1000.0,0.010885285499999998,0.32869387800000005,2500,3.724,2,1,0
93.6470588235294,1.0,2.0,1.0,2435.00208,405.83368,0.054935196,1.96478854,25,3.724,3,8,0
313.6585365853659,1.0,2.0,1.0,2649.45,441.575,0.047147304499999994,3.7620691065000003,237169,3.724,5,3,0
93.6470588235294,1.0,2.0,1.0,3233.22846,538.87141,0.037937175,1.5082370455,25,3.724,4,8,0
93.6470588235294,1.0,2.0,1.0,1541.6046000000001,256.9341,0.085115235,3.2658719285,25,3.724,8,14,0
313.6585365853659,1.0,2.0,1.0,1743.4670999999998,290.57785,0.070661648,5.1925512959999995,237169,3.724,14,13,0
93.6470588235294,1.0,2.0,1.0,2519.97522,419.99586999999997,0.0425727555,1.755009998,25,3.724,3,5,0
93.6470588235294,1.0,2.0,1.0,1472.70594,245.45099,0.0867806785,3.02133042,25,3.724,8,14,0
93.6470588235294,1.0,2.0,1.0,1471.93068,245.32178,0.083673518,2.574632961,25,3.724,8,14,0
126.48275862068965,1.0,2.0,1.0,1881.5421,313.59035,0.06610188550000001,1.9715188075,2401,3.724,7,8,0
93.6470588235294,1.0,2.0,1.0,1738.15644,289.69273999999996,0.071446275,2.419864923,25,3.724,8,14,0
462.4,1.0,2.0,1.0,2239.62402,373.27067,0.10324546150000001,1.3958936764999998,342225,3.724,4,1,0
93.6470588235294,1.0,2.0,1.0,2677.6333200000004,446.27222000000006,0.046354220999999994,1.69698109,25,3.724,3,5,0
370.375,1.0,1.0,1.0,921.59868,153.59978,0.13695611800000002,10.934580129999999,198025,3.724,9,5,0
93.6470588235294,1.0,2.0,1.0,1982.0574,330.3429,0.0664116085,3.3013566274999997,25,3.724,8,14,0
93.6470588235294,1.0,2.0,1.0,2504.7153599999997,417.45255999999995,0.0473833645,2.6610548765,25,3.724,8,14,0
93.6470588235294,1.0,2.0,1.0,1982.7541199999998,330.45902,0.0644666615,3.7633708025,25,3.724,8,14,0
132.0,1.0,2.0,1.0,321.52146000000005,53.58691,0.381319127,25.01024263,9216,3.724,7,7,0
93.6470588235294,1.0,2.0,1.0,2066.4219599999997,344.40365999999995,0.0618442795,2.113721318,25,3.724,1,9,0
93.6470588235294,1.0,2.0,1.0,2184.81798,364.13633,0.056751004499999994,2.1646778065,25,3.724,3,8,0
93.6470588235294,1.0,2.0,1.0,2760.32814,460.05469,0.04195885,1.6889048375,25,3.724,4,8,0
113.05882352941177,1.0,2.0,1.0,58.45782,9.74297,2.1874303,100.0,3969,3.724,7,7,0
93.6470588235294,1.0,2.0,1.0,1845.12678,307.52113,0.07276035400000001,3.031204619,25,3.724,4,8,0
126.48275862068965,1.0,2.0,1.0,163.1316,27.188599999999997,0.7496796365,42.94849366,2401,3.724,9,5,0
93.6470588235294,1.0,2.0,1.0,899.94606,149.99101,0.1363023565,4.763690815,25,3.724,7,14,0
427.8,1.0,2.0,1.0,455.64288,75.94048,0.2696950585,24.669735945,527076,3.724,9,4,0
93.6470588235294,1.0,2.0,1.0,1319.1794399999999,219.86324,0.094145719,3.3693965464999995,25,3.724,7,6,0
93.6470588235294,1.0,2.0,1.0,950.3558999999999,158.39265,0.1356396425,4.4431687645,25,3.724,7,6,0
109.0,2.0,2.0,1.0,358.62768000000005,59.771280000000004,0.361810172,0.511670828,4356,3.724,9,5,0
93.6470588235294,1.0,2.0,1.0,1729.10664,288.18444,0.0711909,3.1565149485,25,3.724,5,8,0
93.6470588235294,1.0,2.0,1.0,1202.20182,200.36697,0.1074720675,3.650787416,25,3.724,17,18,0
104.0,2.0,2.0,1.0,346.49178,57.74863,0.33133617200000004,0.46857124999999994,3136,3.724,7,8,0
93.6470588235294,1.0,2.0,1.0,1232.0136599999998,205.33560999999997,0.111734475,3.4138173794999997,25,3.724,9,9,0
93.6470588235294,1.0,2.0,1.0,972.4330199999999,162.07217,0.1283248455,4.207000324,25,3.724,17,18,0
93.6470588235294,1.0,2.0,1.0,1677.9348,279.6558,0.0720992755,2.791223811,25,3.724,9,9,0
536.7647058823529,1.0,2.0,1.0,1991.2139399999999,331.86898999999994,0.0664568305,6.099854437,544644,3.724,7,14,0
268.53846153846155,1.0,2.0,1.0,5000.0,1000.0,0.0141763065,1.0888526280000002,159201,3.724,14,13,0
93.6470588235294,1.0,2.0,1.0,1384.02792,230.67132,0.0957491785,3.9923274134999995,25,3.724,10,9,0
93.6470588235294,1.0,2.0,1.0,1187.99262,197.99876999999998,0.107199218,4.537405474,25,3.724,10,11,0
433.3829787234043,1.0,1.0,1.0,5000.0,1000.0,0.0008371435,0.027157933500000002,407044,3.724,5,1,0
489.62025316455697,1.0,2.0,1.0,450.30528,75.05087999999999,0.27373893150000006,67.01063339500001,725904,3.724,7,14,0
62.9811320754717,1.0,1.0,1.0,1213.6383,202.27305,0.103977518,6.965475988000001,169,3.724,7,1,0
427.8,1.0,2.0,1.0,553.31994,92.21999,0.223797172,48.82900219,527076,3.724,10,9,0
509.8333333333333,1.0,2.0,1.0,5000.0,1000.0,0.001368734,0.0792314555,550564,3.724,14,13,0
427.8,1.0,2.0,1.0,719.18058,119.86343,0.1722810905,35.48189166,527076,3.724,5,8,0
93.6470588235294,1.0,2.0,1.0,1306.29864,217.71643999999998,0.0914729425,3.2302570965,25,3.724,9,9,0
104.22222222222223,1.0,1.0,1.0,5000.0,1000.0,0.0004270635,0.0160515935,2500,3.724,5,1,0
93.6470588235294,1.0,2.0,1.0,1028.22906,171.37151,0.130299766,0.22944992949999998,25,3.724,5,8,0
440.2826086956522,1.0,1.0,1.0,654.22806,109.03801,0.188806421,13.297277885,401956,3.724,5,1,0
93.6470588235294,1.0,2.0,1.0,5000.0,1000.0,0.0008849295,0.034251529999999995,25,3.724,10,10,0
93.6470588235294,1.0,2.0,1.0,1335.36654,222.56108999999998,0.09298345100000001,3.1841980895,25,3.724,7,14,0
64.0,0.0,2.0,1.0,5.99946,0.99991,5.0004365,0.0,4096,3.724,2,2,0
93.6470588235294,1.0,2.0,1.0,1204.24764,200.70794,0.1065356525,3.9930176244999998,25,3.724,10,9,0
64.0,0.0,2.0,1.0,5.99946,0.99991,5.000435,0.0015812159999999999,4096,3.724,2,2,0
93.6470588235294,1.0,2.0,1.0,1281.49866,213.58311,0.0965828185,3.6121635695,25,3.724,17,18,0
93.6470588235294,1.0,2.0,1.0,5000.0,1000.0,0.0011849335000000002,0.039903561500000004,25,3.724,10,10,0
93.6470588235294,1.0,2.0,1.0,1085.1408,180.8568,0.119438259,4.226512007,25,3.724,10,11,0
93.6470588235294,1.0,2.0,1.0,1044.78378,174.13063,0.125673788,4.542565302,25,3.724,10,11,0
73.0,2.0,1.0,1.0,5000.0,1000.0,0.0001,0.0,256,3.724,3,1,0
522.9142857142857,1.0,2.0,1.0,1979.8572,329.97619999999995,0.0642090305,5.2372896010000005,547600,3.724,10,9,0
110.0,2.0,2.0,1.0,206.45579999999998,34.4093,0.556328484,0.786763781,4096,3.724,2,10,0
93.6470588235294,1.0,2.0,1.0,969.6096000000001,161.60160000000002,0.1317980675,4.7680527395,25,3.724,10,9,0
93.6470588235294,1.0,2.0,1.0,932.5164599999999,155.41941,0.1358121295,5.2513576665,25,3.724,9,9,0
268.53846153846155,1.0,2.0,1.0,1582.87698,263.81283,0.0768511015,5.786332113,159201,3.724,2,13,0
93.6470588235294,1.0,2.0,1.0,992.9122199999999,165.48537,0.132883328,4.574619289999999,25,3.724,10,11,0
93.6470588235294,1.0,2.0,1.0,926.47752,154.41292,0.13406903750000002,5.001459227000001,25,3.724,17,18,0
268.53846153846155,1.0,2.0,1.0,5000.0,975.2946400000001,0.021045735,0.65921653,159201,3.724,3,8,0
93.6470588235294,1.0,2.0,1.0,1244.6349,207.43915,0.098874527,3.9353840845,25,3.724,10,11,0
92.53225806451613,1.0,2.0,1.0,5000.0,1000.0,0.000299927,0.0182919045,3136,3.724,1,5,0
93.6470588235294,1.0,2.0,1.0,1183.4510400000001,197.24184000000002,0.1035113875,3.8703524895,25,3.724,5,8,0
113.05882352941177,1.0,2.0,1.0,272.04456,45.340759999999996,0.4566088585,19.143600942499997,3969,3.724,3,8,0
93.6470588235294,1.0,2.0,1.0,1199.68956,199.94826,0.1054899205,3.6832098355,25,3.724,9,9,0
93.6470588235294,1.0,2.0,1.0,1031.6938799999998,171.94897999999998,0.12427460700000001,5.071881905000001,25,3.724,3,5,0
391.6,1.0,1.0,1.0,109.56516,18.26086,1.188917645,91.21521777,187489,3.724,3,5,0
441.67391304347825,1.0,1.0,1.0,379.30032,63.21672,0.330514957,29.174678229999998,404496,3.724,10,1,0
93.6470588235294,1.0,2.0,1.0,863.56044,143.92674,0.147467452,4.7449174365,25,3.724,10,9,0
128.8,1.0,2.0,1.0,82.17624,13.69604,1.4932698995,91.42143585000001,7396,3.724,3,3,0
93.6470588235294,1.0,2.0,1.0,1226.54388,204.42398,0.10593621350000001,3.7978948215,25,3.724,5,8,0
489.62025316455697,1.0,2.0,1.0,5000.0,1000.0,0.0185098525,1.14576538,725904,3.724,3,8,0
432.02127659574467,1.0,1.0,1.0,417.69432,69.61572000000001,0.29922131,25.143603115,404496,3.724,3,1,0
93.6470588235294,1.0,2.0,1.0,957.33066,159.55510999999998,0.13354850899999998,4.763603559,25,3.724,10,11,0
73.0,2.0,1.0,1.0,5000.0,1000.0,0.0001,0.0,256,3.724,2,2,0
93.6470588235294,1.0,2.0,1.0,1201.20192,200.20032,0.10338106400000001,3.5506912330000002,25,3.724,10,11,0
81.0,2.0,1.0,1.0,5000.0,1000.0,0.0001,0.0,256,3.724,5,1,0
93.6470588235294,1.0,2.0,1.0,1185.0171,197.50285000000002,0.108752907,3.4997959585000005,25,3.724,17,18,0
93.6470588235294,1.0,2.0,1.0,875.3741399999999,145.89569,0.14187835000000001,5.4414379660000005,25,3.724,17,18,0
93.6470588235294,1.0,2.0,1.0,1006.5855,167.76425,0.1233984405,4.3637322030000005,25,3.724,10,11,0
93.6470588235294,1.0,2.0,1.0,1339.13898,223.18983,0.09270075700000001,3.6410557755,25,3.724,17,18,0
116.15,1.0,1.0,1.0,5000.0,1000.0,0.0004520015,0.053210038499999994,1764,3.724,3,1,0
93.6470588235294,1.0,2.0,1.0,957.83262,159.63877,0.136208459,4.879511296999999,25,3.724,7,14,0
263.125,1.0,2.0,1.0,2764.48998,460.74833,0.0445302095,0.0359699415,159201,3.724,3,4,0
93.6470588235294,1.0,2.0,1.0,908.47656,151.41276,0.1497559745,5.256158600000001,25,3.724,7,14,0
93.6470588235294,1.0,2.0,1.0,1229.88852,204.98142,0.1034359515,3.6263016359999996,25,3.724,17,18,0
313.6585365853659,1.0,2.0,1.0,3069.00918,511.50153,0.039603591,3.445085507,237169,3.724,5,6,0
93.6470588235294,1.0,2.0,1.0,1254.95082,209.15847,0.0975681665,3.433460765,25,3.724,10,9,0
93.6470588235294,1.0,2.0,1.0,914.36508,152.39418,0.135812366,5.1293463195,25,3.724,7,6,0
370.375,1.0,1.0,1.0,870.32442,145.05407,0.14502744999999997,10.751432955,198025,3.724,3,1,0
93.6470588235294,1.0,2.0,1.0,1166.42184,194.40364,0.1063006015,4.3353851235,25,3.724,5,8,0
93.6470588235294,1.0,2.0,1.0,1012.46868,168.74478,0.1251874995,4.5955357185,25,3.724,7,6,0
113.05882352941177,1.0,2.0,1.0,342.00960000000003,57.0016,0.36322137150000006,12.458892799000001,3969,3.724,3,3,0
93.6470588235294,1.0,2.0,1.0,1263.5359199999998,210.58932,0.0971115245,3.815846062,25,3.724,17,18,0
522.9142857142857,1.0,2.0,1.0,2204.2722,367.3787,0.0573724845,4.323808348000001,547600,3.724,7,14,0
391.6,1.0,1.0,1.0,75.73392,12.62232,1.7199927965,100.0,187489,3.724,1,1,0
93.6470588235294,1.0,2.0,1.0,950.82876,158.47146,0.1325974615,4.524653819999999,25,3.724,17,18,0
93.6470588235294,1.0,2.0,1.0,1117.7706600000001,186.29511000000002,0.11089336500000001,4.26698732,25,3.724,17,18,0
104.0,2.0,2.0,1.0,918.7376399999999,153.12294,0.108174836,0.15297489050000002,3136,3.724,2,10,0
93.6470588235294,1.0,2.0,1.0,1012.8892800000001,168.81488000000002,0.1241037905,4.1266554035,25,3.724,17,18,0
93.6470588235294,1.0,2.0,1.0,1416.7346400000001,236.12244,0.08716264850000001,3.515263515,25,3.724,10,9,0
489.62025316455697,1.0,2.0,1.0,5000.0,993.66524,0.0202546325,1.203705297,725904,3.724,5,6,0
509.8333333333333,1.0,2.0,1.0,1709.1808199999998,284.86347,0.0720372105,5.219957206999999,550564,3.724,9,9,0
93.6470588235294,1.0,2.0,1.0,863.56044,143.92674,0.147467452,4.7449174365,25,3.724,10,9,0
104.0,2.0,2.0,1.0,579.23922,96.53987000000001,0.132833996,0.187851758,3136,3.724,5,6,0
93.6470588235294,1.0,2.0,1.0,1141.62492,190.27082000000001,0.12383124799999999,3.8203011530000004,25,3.724,10,11,0
93.6470588235294,1.0,2.0,1.0,1462.2128400000001,243.70214,0.087399592,2.8540456084999994,25,3.724,17,18,0
313.6585365853659,1.0,2.0,1.0,3211.8279599999996,535.30466,0.039918914,3.4822770855,237169,3.724,1,3,0
93.6470588235294,1.0,2.0,1.0,1004.24166,167.37360999999999,0.1236845085,4.6086539795,25,3.724,10,11,0
93.6470588235294,1.0,2.0,1.0,1511.45262,251.90877,0.084558854,3.2410601045,25,3.724,9,9,0
93.6470588235294,1.0,2.0,1.0,1153.76886,192.29480999999998,0.11485287500000001,4.562072596,25,3.724,5,8,0
93.6470588235294,1.0,2.0,1.0,1123.32648,187.22107999999997,0.11055263500000001,3.7083149750000004,25,3.724,5,8,0
74.0,2.0,1.0,1.0,5000.0,1000.0,0.0001,0.0,256,3.724,9,1,0
93.6470588235294,1.0,2.0,1.0,1226.66094,204.44349,0.103737145,3.766679433,25,3.724,17,18,0
93.6470588235294,1.0,2.0,1.0,1239.5383199999999,206.58972,0.106478716,3.8948568505,25,3.724,7,6,0
93.6470588235294,1.0,2.0,1.0,1192.32498,198.72083,0.1018615425,4.087611127500001,25,3.724,5,8,0
93.6470588235294,1.0,2.0,1.0,941.784,156.964,0.133988823,4.400149546,25,3.724,7,6,0
522.9142857142857,1.0,2.0,1.0,2326.3627800000004,387.72713000000005,0.053945770000000004,3.651570193,547600,3.724,1,2,0
93.6470588235294,1.0,2.0,1.0,1107.60492,184.60082,0.11213930350000001,3.993449595,25,3.724,17,18,0
93.6470588235294,1.0,2.0,1.0,1008.4881,168.08135,0.125120878,4.626312361,25,3.724,3,5,0
93.6470588235294,1.0,2.0,1.0,992.93358,165.48892999999998,0.1250956825,5.011168216,25,3.724,9,9,0
93.6470588235294,1.0,2.0,1.0,870.85068,145.14177999999998,0.14749764199999998,5.5705159895,25,3.724,17,18,0
93.6470588235294,1.0,2.0,1.0,1154.3944199999999,192.39907,0.1054436005,4.097828485,25,3.724,17,18,0
93.6470588235294,1.0,2.0,1.0,1651.5703800000001,275.26173,0.077571202,2.40962936,25,3.724,9,12,0
93.6470588235294,1.0,2.0,1.0,1240.06536,206.67756,0.10395787050000001,5.058912130999999,25,3.724,9,8,0
93.6470588235294,1.0,2.0,1.0,1155.77646,192.62941,0.1058854025,4.4238875125,25,3.724,9,12,0
462.4,1.0,2.0,1.0,1152.73188,192.12198,0.149727105,3.3749054354999997,342225,3.724,11,1,0
93.6470588235294,1.0,2.0,1.0,1128.13956,188.02326,0.11327862600000001,3.9989881460000003,25,3.724,15,16,0
93.6470588235294,1.0,2.0,1.0,1209.90438,201.65073,0.10221733399999999,4.278695041999999,25,3.724,3,4,0
93.6470588235294,1.0,2.0,1.0,1577.1564,262.8594,0.08665467799999998,3.3835740524999998,25,3.724,8,10,0
522.9142857142857,1.0,2.0,1.0,1957.62444,326.27074,0.0664390235,5.191084892,547600,3.724,9,8,0
93.6470588235294,1.0,2.0,1.0,1385.7453600000001,230.95756,0.08923102349999999,3.4684814029999997,25,3.724,11,9,0
93.6470588235294,1.0,2.0,1.0,1098.92976,183.15496,0.1187646695,4.682816011,25,3.724,15,16,0
522.9142857142857,1.0,2.0,1.0,1994.5886999999998,332.43145,0.06650440449999999,4.382870856499999,547600,3.724,5,7,0
93.6470588235294,1.0,2.0,1.0,1061.08188,176.84698,0.117058475,5.1065335305,25,3.724,8,8,0
93.6470588235294,1.0,2.0,1.0,1067.8384800000001,177.97308,0.1207165885,4.09988349,25,3.724,8,10,0
93.6470588235294,1.0,2.0,1.0,1149.7603800000002,191.62673,0.105737989,3.609874068,25,3.724,9,8,0
93.6470588235294,1.0,2.0,1.0,990.7887000000001,165.13145000000003,0.1253613795,4.959743145500001,25,3.724,11,9,0
93.6470588235294,1.0,2.0,1.0,1018.6039199999999,169.76731999999998,0.13416728849999998,5.514962925000001,25,3.724,8,10,0
93.6470588235294,1.0,2.0,1.0,1086.2600400000001,181.04334,0.1186572,4.61139788,25,3.724,11,9,0
155.85714285714286,1.0,2.0,1.0,5000.0,1000.0,0.007118357,0.29695217150000003,32400,3.724,3,1,0
93.6470588235294,1.0,2.0,1.0,1126.80096,187.80016,0.10835629000000001,3.511704961,25,3.724,8,8,0
93.6470588235294,1.0,2.0,1.0,1218.60558,203.10092999999998,0.10092670749999999,3.89713945,25,3.724,15,16,0
422.1060606060606,1.0,2.0,1.0,304.04544,50.67424,0.4107462685,29.746173847500003,527076,3.724,3,4,0
93.6470588235294,1.0,2.0,1.0,1460.10594,243.35099,0.087550203,3.1903152584999996,25,3.724,11,9,0
93.6470588235294,1.0,2.0,1.0,957.71772,159.61962,0.1379884045,5.252717758,25,3.724,9,8,0
427.8,1.0,2.0,1.0,190.83132,31.80522,0.6338871420000001,100.0,527076,3.724,5,6,0
509.8333333333333,1.0,2.0,1.0,2400.37452,400.06242,0.0555961815,3.739503893,550564,3.724,9,12,0
93.6470588235294,1.0,2.0,1.0,1460.32998,243.38833,0.09195934800000001,3.6792955785,25,3.724,9,12,0
263.125,1.0,2.0,1.0,1557.84744,259.64124000000004,0.07800570500000001,2.6833195880000003,159201,3.724,1,10,0
93.6470588235294,1.0,2.0,1.0,2057.9617200000002,342.99362,0.059356403999999995,2.0822951095000004,25,3.724,8,6,0
93.6470588235294,1.0,2.0,1.0,1019.3979,169.89965,0.1248952405,3.8714725605000004,25,3.724,9,12,0
133.3793103448276,1.0,2.0,1.0,3322.45608,553.7426800000001,0.0367937505,1.0968239215000002,3969,3.724,13,11,0
62.9622641509434,1.0,1.0,1.0,2259.6139200000002,376.60232,0.05474365849999999,2.7768034299999997,169,3.724,11,1,0
509.8333333333333,1.0,2.0,1.0,1790.1567,298.35945,0.0736761135,2.995094887,550564,3.724,8,6,0
422.1060606060606,1.0,2.0,1.0,218.4027,36.40045,0.5579887120000001,48.25354553500001,527076,3.724,8,21,0
422.1060606060606,1.0,2.0,1.0,835.92768,139.32128,0.145780687,12.102415545,527076,3.724,3,3,0
93.6470588235294,1.0,2.0,1.0,1601.65926,266.94320999999997,0.07751361650000001,2.4895753205,25,3.724,4,7,0
104.22222222222223,1.0,1.0,1.0,5000.0,1000.0,0.000436952,0.016426991999999998,2500,3.724,4,1,0
509.8333333333333,1.0,2.0,1.0,1726.3137000000002,287.71895,0.0748247315,5.035828632,550564,3.724,4,7,0
93.6470588235294,1.0,2.0,1.0,1432.0482,238.6747,0.0867104985,3.390185844,25,3.724,8,10,0
370.375,1.0,1.0,1.0,47.2572,7.8762,2.6713999795,100.0,198025,3.724,3,2,0
93.6470588235294,1.0,2.0,1.0,1405.7567999999999,234.2928,0.0904452675,3.3700430675,25,3.724,8,10,0
93.6470588235294,1.0,2.0,1.0,1184.11992,197.35332,0.1036171765,3.562220129,25,3.724,15,16,0
93.6470588235294,1.0,2.0,1.0,1484.32686,247.38781,0.0836714245,3.9276256905,25,3.724,15,16,0
93.6470588235294,1.0,2.0,1.0,1254.5772,209.0962,0.098362757,3.4789138105,25,3.724,8,10,0
93.6470588235294,1.0,2.0,1.0,1708.3691999999999,284.7282,0.0711261995,3.375047968,25,3.724,8,10,0
422.1060606060606,1.0,2.0,1.0,248.87952,41.47992000000001,0.48965810550000005,38.832252625,527076,3.724,4,10,0
93.6470588235294,1.0,2.0,1.0,1435.32036,239.22006,0.0890411585,3.2473215985,25,3.724,5,7,0
93.6470588235294,1.0,2.0,1.0,1070.88732,178.48122,0.11936195599999999,4.8586327205,25,3.724,9,8,0
422.1060606060606,1.0,2.0,1.0,5000.0,984.2519400000001,0.020469131,0.5946330515,527076,3.724,5,7,0
93.6470588235294,1.0,2.0,1.0,1000.3410000000001,166.7235,0.1277884235,4.885091533,25,3.724,11,9,0
93.6470588235294,1.0,2.0,1.0,1093.4375400000001,182.23959000000002,0.11359023500000001,3.8109108505,25,3.724,8,8,0
113.05882352941177,1.0,2.0,1.0,290.65134,48.44189,0.427410773,15.75412321,3969,3.724,5,8,0
93.6470588235294,1.0,2.0,1.0,1465.68522,244.28087000000002,0.08602302199999999,2.8846091225,25,3.724,11,9,0
509.8333333333333,1.0,2.0,1.0,5000.0,1000.0,0.0014457374999999998,0.08546891250000001,550564,3.724,8,21,0
93.6470588235294,1.0,2.0,1.0,961.7388600000002,160.28981000000002,0.127870513,5.397501929500001,25,3.724,9,8,0
93.6470588235294,1.0,2.0,1.0,5000.0,1000.0,0.0012317925000000002,0.049701753499999994,25,3.724,13,11,0
509.8333333333333,1.0,2.0,1.0,1714.87086,285.81181000000004,0.07461633000000001,6.717493627,550564,3.724,9,8,0
93.6470588235294,1.0,2.0,1.0,1084.34808,180.72468,0.1139772995,3.818379483,25,3.724,15,16,0
93.6470588235294,1.0,2.0,1.0,5000.0,1000.0,0.0015931175,0.059187357499999996,25,3.724,13,11,0
93.6470588235294,1.0,2.0,1.0,1253.8629,208.97715000000002,0.102770256,3.7144299335,25,3.724,15,16,0
93.6470588235294,1.0,2.0,1.0,1057.5646199999999,176.26076999999998,0.127479963,3.970822738,25,3.724,15,16,0
489.62025316455697,1.0,2.0,1.0,1199.4006000000002,199.9001,0.1007016785,7.856327979,725904,3.724,3,6,0
93.6470588235294,1.0,2.0,1.0,1036.2011400000001,172.70019000000002,0.12440113650000001,4.239445010500001,25,3.724,15,16,0
93.6470588235294,1.0,2.0,1.0,1384.75578,230.79263,0.08965461100000001,3.594935184,25,3.724,11,9,0
93.6470588235294,1.0,2.0,1.0,1105.9827,184.33044999999998,0.11528971149999999,4.427491766999999,25,3.724,8,8,0
263.125,1.0,2.0,1.0,1006.5186000000001,167.75310000000002,0.122316854,3.846584059,159201,3.724,5,7,0
522.9142857142857,1.0,2.0,1.0,2696.3833200000004,449.39722000000006,0.047137029,3.7283984695,547600,3.724,11,9,0
93.6470588235294,1.0,2.0,1.0,866.27436,144.37906,0.14338816450000003,5.260599361,25,3.724,15,16,0
135.47826086956522,1.0,2.0,1.0,568.4990399999999,94.74983999999999,0.2163049885,11.914289685,8649,3.724,5,8,0
509.8333333333333,1.0,2.0,1.0,1802.54052,300.42342,0.068992773,5.3588183014999995,550564,3.724,15,16,0
116.15,1.0,1.0,1.0,5000.0,1000.0,0.002477585,0.235209566,1764,3.724,5,1,0
93.6470588235294,1.0,2.0,1.0,846.51774,141.08629000000002,0.14662151499999998,5.404353617500001,25,3.724,15,16,0
93.6470588235294,1.0,2.0,1.0,998.5359599999999,166.42266,0.12204831099999999,4.283843424,25,3.724,8,8,0
113.05882352941177,1.0,2.0,1.0,99.55788,16.59298,1.2843957000000001,52.302020375,3969,3.724,13,11,0
93.6470588235294,1.0,2.0,1.0,1393.14966,232.19161,0.08912310999999999,3.3106795185,25,3.724,15,16,0
116.15,1.0,1.0,1.0,304.01484,50.66914,0.401721913,89.51098062,1764,3.724,9,1,0
370.375,1.0,1.0,1.0,49.249320000000004,8.20822,2.6327309914999995,100.0,198025,3.724,5,2,0
462.4,1.0,2.0,1.0,1865.45184,310.90864,0.0742382075,3.9715427014999998,465124,3.724,8,2,0
103.0,2.0,2.0,1.0,613.8915,102.31524999999999,0.150335172,0.2125971955,2916,3.724,9,12,0
427.8,1.0,2.0,1.0,2040.4204200000001,340.07007,0.059250341000000005,5.2914844345,527076,3.724,3,3,0
93.6470588235294,1.0,2.0,1.0,1501.69056,250.28176,0.085839,3.102668026,25,3.724,8,6,0
93.6470588235294,1.0,2.0,1.0,1686.36498,281.06083,0.072953532,2.8781160465,25,3.724,8,6,0
313.6585365853659,1.0,2.0,1.0,935.46348,155.91058,0.1317047885,4.625398889,237169,3.724,5,7,0
93.6470588235294,1.0,2.0,1.0,1627.4811,271.24685,0.0778380995,3.0092597014999996,25,3.724,15,16,0
93.6470588235294,1.0,2.0,1.0,1908.0954000000002,318.0159,0.06690759650000001,2.5033870934999998,25,3.724,15,16,0
427.8,1.0,2.0,1.0,1467.23316,244.53886,0.0824372865,6.396567364,527076,3.724,4,1,0
93.6470588235294,1.0,2.0,1.0,1717.3829400000002,286.23049000000003,0.0747448805,2.8233512325000003,25,3.724,9,12,0
462.4,1.0,2.0,1.0,4161.8901,693.6483499999999,0.038209335500000004,0.8912130259999999,342225,3.724,8,2,0
432.02127659574467,1.0,1.0,1.0,5000.0,1000.0,0.010809631,0.40317157049999996,404496,3.724,4,1,0
93.6470588235294,1.0,2.0,1.0,927.87204,154.64534,0.135898128,4.890702774499999,25,3.724,4,7,0
522.9142857142857,1.0,2.0,1.0,1799.9961,299.99935,0.0712099655,5.192967652499999,547600,3.724,5,7,0
133.3793103448276,1.0,2.0,1.0,2334.08388,389.01398,0.0523815715,1.83313377,3969,3.724,5,8,0
93.6470588235294,1.0,2.0,1.0,1291.0798200000002,215.17997000000003,0.092858559,3.504397966,25,3.724,4,7,0
93.6470588235294,1.0,2.0,1.0,1391.20164,231.86694,0.091309962,3.5007687065,25,3.724,5,7,0
93.6470588235294,1.0,2.0,1.0,5000.0,1000.0,0.0011131725000000001,0.044998335,25,3.724,8,21,0
93.6470588235294,1.0,2.0,1.0,1288.14162,214.69027,0.09758100400000001,3.0851635930000003,25,3.724,8,6,0
93.6470588235294,1.0,2.0,1.0,1293.17862,215.52976999999998,0.10407743550000001,3.5102773884999996,25,3.724,8,6,0
93.6470588235294,1.0,2.0,1.0,5000.0,1000.0,0.001390596,0.048989016499999996,25,3.724,8,21,0
93.6470588235294,1.0,2.0,1.0,1277.4795,212.91325,0.100912143,4.4294132885,25,3.724,3,4,0
522.9142857142857,1.0,2.0,1.0,2015.2016999999998,335.86695,0.0630768545,4.2955298145,547600,3.724,3,4,0
93.6470588235294,1.0,2.0,1.0,5000.0,1000.0,0.0013926295,0.0476051335,25,3.724,8,21,0
93.6470588235294,1.0,2.0,1.0,1207.2825,201.21375,0.10678331449999999,4.1846294025,25,3.724,8,8,0
93.6470588235294,1.0,2.0,1.0,1384.2621,230.71034999999998,0.08970291650000001,3.3511960365,25,3.724,11,9,0
370.375,1.0,1.0,1.0,1143.21894,190.53649000000001,0.1103977895,8.955834523000002,198025,3.724,5,2,0
93.6470588235294,1.0,2.0,1.0,1435.77828,239.29638,0.0856079755,3.188707227,25,3.724,5,7,0
93.6470588235294,1.0,2.0,1.0,1008.2051400000001,168.03419000000002,0.1252172425,4.1812930889999995,25,3.724,8,10,0
268.53846153846155,1.0,2.0,1.0,5000.0,1000.0,0.017404380500000004,1.128642613,159201,3.724,4,10,0
93.6470588235294,1.0,2.0,1.0,951.37374,158.56229000000002,0.1305459325,5.0060229875,25,3.724,8,8,0
313.6585365853659,1.0,2.0,1.0,1949.5859999999998,324.931,0.062338367500000005,4.185043888,237169,3.724,13,11,0
93.6470588235294,1.0,2.0,1.0,996.1667400000001,166.02779,0.12832162349999998,3.9718970605,25,3.724,8,8,0
522.9142857142857,1.0,2.0,1.0,2033.37786,338.89631,0.066149535,5.402036355,547600,3.724,9,12,0
93.6470588235294,1.0,2.0,1.0,1356.0157800000002,226.00263,0.10170080949999999,3.659642158,25,3.724,9,12,0
93.6470588235294,1.0,2.0,1.0,999.1592999999999,166.52655,0.12431088399999998,4.686353832,25,3.724,9,8,0
93.6470588235294,1.0,2.0,1.0,5000.0,1000.0,0.0013912059999999999,0.04829346649999999,25,3.724,8,21,0
46.0,0.0,2.0,1.0,1.0,0.0,30.000284,0.0,2116,3.724,1,1,0
46.0,0.0,2.0,1.0,1.0,0.0,30.000274,0.0,2116,3.724,1,1,0
74.0,2.0,1.0,1.0,5000.0,1000.0,0.0001,0.0,256,3.724,5,1,0
509.8333333333333,1.0,2.0,1.0,1546.77192,257.79532,0.08253105349999999,5.9954422974999995,550564,3.724,2,10,0
93.6470588235294,1.0,2.0,1.0,604.25652,100.70942000000001,0.219399913,11.173931345000002,25,3.724,2,10,0
509.8333333333333,1.0,2.0,1.0,5000.0,1000.0,0.0016695415,0.113233347,550564,3.724,13,11,0
509.8333333333333,1.0,2.0,1.0,1572.6956400000001,262.11594,0.082208294,6.508077038,550564,3.724,3,16,0
93.6470588235294,1.0,2.0,1.0,5000.0,1000.0,0.0015607134999999998,0.0604441055,25,3.724,13,11,0
522.9142857142857,1.0,2.0,1.0,1192.8072000000002,198.80120000000002,0.11278159500000001,9.819817671500001,547600,3.724,3,12,0
93.6470588235294,1.0,2.0,1.0,633.1653600000001,105.52756000000001,0.193330864,7.505288143,25,3.724,3,12,0
104.0,2.0,2.0,1.0,1778.8620600000002,296.47701,0.040501333,0.0572683405,3136,3.724,3,6,0
93.6470588235294,1.0,2.0,1.0,655.03488,109.17248000000001,0.195190677,6.776070518,25,3.724,3,7,0
93.6470588235294,1.0,2.0,1.0,652.78176,108.79695999999998,0.1958659085,6.8415418275,25,3.724,3,7,0
93.6470588235294,1.0,2.0,1.0,1196.2098,199.3683,0.1012530975,4.1386245865,25,3.724,3,7,0
93.6470588235294,1.0,2.0,1.0,1321.6811400000001,220.28019,0.0916855065,3.4562145840000005,25,3.724,3,7,0
93.6470588235294,1.0,2.0,1.0,5000.0,1000.0,0.001599716,0.058540349500000005,25,3.724,13,11,0
93.6470588235294,1.0,2.0,1.0,925.0866,154.18110000000001,0.13401531149999998,4.408457219999999,25,3.724,1,4,0
74.0,2.0,1.0,1.0,5000.0,1000.0,0.0001,0.0,256,3.724,3,1,0
427.8,1.0,2.0,1.0,1094.1320999999998,182.35535,0.11055314150000001,8.684069886,527076,3.724,5,8,0
104.22222222222223,1.0,1.0,1.0,5000.0,1000.0,0.008228754,0.377063108,2500,3.724,1,1,0
62.9811320754717,1.0,1.0,1.0,5000.0,1000.0,0.003978555999999999,0.20783563849999998,169,3.724,1,1,0
462.4,1.0,2.0,1.0,5000.0,850.62568,0.0308674615,0.8173898329999999,342225,3.724,13,2,0
74.0,2.0,1.0,1.0,5000.0,1000.0,0.0001,0.0,256,3.724,3,1,0
104.22222222222223,1.0,1.0,1.0,5000.0,1000.0,0.006459436,0.29965484600000003,2500,3.724,3,1,0
93.6470588235294,1.0,2.0,1.0,5000.0,1000.0,0.0015981450000000003,0.057367914,25,3.724,13,11,0
93.6470588235294,1.0,2.0,1.0,739.2798600000001,123.21331,0.166249596,6.442507846500001,25,3.724,3,12,0
93.6470588235294,1.0,2.0,1.0,1129.57932,188.26322000000002,0.113181186,3.7981763379999998,25,3.724,3,7,0
135.47826086956522,1.0,2.0,1.0,493.12626,82.18771000000001,0.2547821435,9.313263585000001,8649,3.724,5,8,0
81.0,2.0,1.0,1.0,5000.0,1000.0,0.0001,0.0,256,3.724,10,1,0
92.53225806451613,1.0,2.0,1.0,1143.48612,190.58102000000002,0.1077008575,27.01551657,3136,3.724,8,5,0
422.1060606060606,1.0,2.0,1.0,520.26306,86.71051,0.23423550850000002,10.3625039085,527076,3.724,3,6,0
93.6470588235294,1.0,2.0,1.0,668.24298,111.37383,0.18418569050000003,7.5657252505,25,3.724,18,17,0
110.0,2.0,2.0,1.0,329.08164,54.846940000000004,0.40282550000000006,0.5696738434999999,4096,3.724,8,21,0
93.6470588235294,1.0,2.0,1.0,883.89858,147.31643,0.14541853350000003,4.95755094,25,3.724,6,6,0
93.6470588235294,1.0,2.0,1.0,605.46978,100.91163,0.2129037325,11.249564863000002,25,3.724,7,6,0
62.9622641509434,1.0,1.0,1.0,5000.0,1000.0,0.0162166925,0.7239358690000001,169,3.724,13,1,0
509.8333333333333,1.0,2.0,1.0,1485.7716,247.6286,0.085236831,6.4131785065,550564,3.724,9,9,0
93.6470588235294,1.0,2.0,1.0,733.04256,122.17376,0.17573767699999998,6.6468971230000005,25,3.724,10,9,0
81.0,2.0,1.0,1.0,5000.0,1000.0,0.0001,0.0,256,3.724,4,3,0
509.8333333333333,1.0,2.0,1.0,1443.71292,240.61882,0.089562742,6.487064179999999,550564,3.724,7,6,0
93.6470588235294,1.0,2.0,1.0,672.6226800000001,112.10378,0.1839584115,7.957135099499999,25,3.724,7,6,0
93.6470588235294,1.0,2.0,1.0,5000.0,1000.0,0.0013922195,0.0484283655,25,3.724,8,21,0
93.6470588235294,1.0,2.0,1.0,756.28116,126.04686,0.173981681,5.9834696555,25,3.724,12,11,0
93.6470588235294,1.0,2.0,1.0,820.4890800000001,136.74818,0.15119846999999997,5.439057028,25,3.724,12,11,0
104.22222222222223,1.0,1.0,1.0,5000.0,1000.0,0.000559389,0.018381248999999995,2500,3.724,13,2,0
93.6470588235294,1.0,2.0,1.0,842.96208,140.49367999999998,0.15997144450000003,5.025914047500001,25,3.724,11,9,0
93.6470588235294,1.0,2.0,1.0,634.41,105.73499999999999,0.203180294,6.821280562,25,3.724,10,9,0
313.6585365853659,1.0,2.0,1.0,5000.0,1000.0,0.016130637,0.498115068,237169,3.724,5,8,0
489.62025316455697,1.0,2.0,1.0,1028.8174800000002,171.46958,0.1197270575,22.446770774999997,725904,3.724,12,11,0
74.0,2.0,1.0,1.0,5000.0,1000.0,0.0001,0.0,256,3.724,4,3,0
509.8333333333333,1.0,2.0,1.0,1474.26426,245.71071,0.085029125,5.8689175035000005,550564,3.724,9,9,0
509.8333333333333,1.0,2.0,1.0,1575.61218,262.60203,0.078459118,5.6132246015,550564,3.724,9,9,0
132.0,1.0,2.0,1.0,65.96303999999999,10.993839999999999,1.9009676025,100.0,9216,3.724,5,7,0
93.6470588235294,1.0,2.0,1.0,705.62148,117.60358,0.176019103,6.7213604335,25,3.724,10,9,0
93.6470588235294,1.0,2.0,1.0,691.11324,115.18554,0.1850013965,8.058793617000001,25,3.724,9,9,0
93.6470588235294,1.0,2.0,1.0,641.62638,106.93773,0.192465315,7.62615509,25,3.724,18,17,0
268.53846153846155,1.0,2.0,1.0,5000.0,1000.0,0.013750555999999999,0.9167594285,159201,3.724,5,7,0
93.6470588235294,1.0,2.0,1.0,724.9908,120.8318,0.182034865,7.9723929995,25,3.724,7,6,0
509.8333333333333,1.0,2.0,1.0,1458.1251000000002,243.02085000000002,0.08598208149999999,7.628154364,550564,3.724,12,11,0
462.4,1.0,2.0,1.0,5000.0,850.35157,0.0260680715,1.9470829855,465124,3.724,13,2,0
509.8333333333333,1.0,2.0,1.0,1378.7586000000001,229.7931,0.094725528,6.7873912635,550564,3.724,8,5,0
104.22222222222223,1.0,1.0,1.0,5000.0,1000.0,0.0077689685,0.309010514,2500,3.724,2,1,0
268.53846153846155,1.0,2.0,1.0,2658.37476,443.06246,0.0457553765,3.6851348969999997,159201,3.724,4,10,0
153.28571428571428,1.0,2.0,1.0,5000.0,1000.0,0.012048985500000001,0.501023601,30625,3.724,8,3,0
133.3793103448276,1.0,2.0,1.0,2405.8839,400.98064999999997,0.05081845199999999,1.554683664,3969,3.724,2,7,0
93.6470588235294,1.0,2.0,1.0,839.80548,139.96758,0.144207533,6.854283043000001,25,3.724,18,17,0
93.6470588235294,1.0,2.0,1.0,876.06168,146.01028,0.141369927,4.653321941500001,25,3.724,6,6,0
313.6585365853659,1.0,2.0,1.0,3547.77678,591.29613,0.034257528,2.2837700685,237169,3.724,6,8,0
93.6470588235294,1.0,2.0,1.0,746.8846199999999,124.48076999999999,0.172509454,5.913844988,25,3.724,18,17,0
93.6470588235294,1.0,2.0,1.0,911.69538,151.94923,0.144758562,5.4829004805,25,3.724,6,6,0
489.62025316455697,1.0,2.0,1.0,5000.0,891.0829699999999,0.0225863645,1.3251619270000001,725904,3.724,4,8,0
93.6470588235294,1.0,2.0,1.0,1137.2852400000002,189.54754000000003,0.112401284,3.6019011730000003,25,3.724,16,16,0
74.0,2.0,1.0,1.0,5000.0,1000.0,0.0001,0.0,256,3.724,7,1,0
462.4,1.0,2.0,1.0,5000.0,1000.0,0.0050110415000000005,0.1165755455,342225,3.724,8,3,0
81.0,2.0,1.0,1.0,5000.0,1000.0,0.0001,0.0,256,3.724,11,1,0
97.79464285714286,1.0,1.0,1.0,5000.0,1000.0,0.001656793,0.1366106225,441,3.724,3,1,0
536.7647058823529,1.0,2.0,1.0,1512.9971400000002,252.16619000000003,0.09188746399999999,5.6942795655,544644,3.724,16,16,0
93.6470588235294,1.0,2.0,1.0,837.65094,139.60849,0.14444381850000002,4.969239531,25,3.724,16,16,0
93.6470588235294,1.0,2.0,1.0,676.01154,112.66859,0.18311393750000002,7.885385647500001,25,3.724,9,9,0
509.8333333333333,1.0,2.0,1.0,1440.47682,240.07947000000001,0.088863477,6.363604153,550564,3.724,8,5,0
104.0,2.0,2.0,1.0,565.95534,94.32589,0.16149883199999998,0.22838182,3136,3.724,5,3,0
93.6470588235294,1.0,2.0,1.0,712.56012,118.76002,0.179355916,6.7628102045,25,3.724,16,16,0
509.8333333333333,1.0,2.0,1.0,1632.0726,272.0121,0.07609502950000001,6.1754406495000005,550564,3.724,11,9,0
104.22222222222223,1.0,1.0,1.0,5000.0,1000.0,0.00044088899999999997,0.016660673,2500,3.724,3,2,0
93.6470588235294,1.0,2.0,1.0,715.67112,119.27852,0.1831321695,8.122002781,25,3.724,7,6,0
509.8333333333333,1.0,2.0,1.0,1463.4765,243.91275000000002,0.0854963165,7.4157547535,550564,3.724,11,9,0
93.6470588235294,1.0,2.0,1.0,5000.0,1000.0,0.0011643590000000002,0.039106606499999995,25,3.724,14,21,0
93.6470588235294,1.0,2.0,1.0,655.21584,109.20264,0.196774314,6.6618391855,25,3.724,10,9,0
73.0,2.0,1.0,1.0,5000.0,1000.0,0.0001,0.0,256,3.724,12,1,0
93.6470588235294,1.0,2.0,1.0,5000.0,1000.0,0.0014504925,0.0500843685,25,3.724,6,8,0
93.6470588235294,1.0,2.0,1.0,731.7257400000001,121.95429000000001,0.174710609,7.0132151910000005,25,3.724,18,17,0
104.0,2.0,2.0,1.0,4873.2377400000005,812.2062900000001,0.024173334,0.0341798925,3136,3.724,7,10,0
93.6470588235294,1.0,2.0,1.0,882.73212,147.12202,0.139072746,5.2816336975,25,3.724,6,6,0
509.8333333333333,1.0,2.0,1.0,5000.0,1000.0,0.0014626035,0.087387886,550564,3.724,14,21,0
93.6470588235294,1.0,2.0,1.0,959.61894,159.93649,0.1318028865,4.8823941635,25,3.724,16,16,0
93.6470588235294,1.0,2.0,1.0,955.2555,159.20925,0.12966867099999999,4.071113453000001,25,3.724,12,11,0
509.8333333333333,1.0,2.0,1.0,5000.0,1000.0,0.001528852,0.088110827,550564,3.724,14,21,0
93.6470588235294,1.0,2.0,1.0,725.96826,120.99471,0.17110590000000003,6.484403003000001,25,3.724,10,9,0
509.8333333333333,1.0,2.0,1.0,1207.83972,201.30662,0.102788313,8.3829229225,550564,3.724,10,9,0
93.6470588235294,1.0,2.0,1.0,5000.0,1000.0,0.0011572235,0.047405462,25,3.724,6,8,0
93.6470588235294,1.0,2.0,1.0,682.01004,113.66834,0.192673539,6.555256233,25,3.724,10,9,0
509.8333333333333,1.0,2.0,1.0,1432.3857600000001,238.73096,0.0931337675,7.530156084000001,550564,3.724,18,17,0
313.6585365853659,1.0,2.0,1.0,1425.9989999999998,237.66649999999998,0.08524610949999999,2.405784897,237169,3.724,2,7,0
509.8333333333333,1.0,2.0,1.0,1453.7726400000001,242.29544,0.0890613235,6.4667040215,550564,3.724,2,1,0
93.6470588235294,1.0,2.0,1.0,641.26398,106.87733,0.19938493599999998,7.039661149,25,3.724,18,17,0
313.6585365853659,1.0,2.0,1.0,5000.0,952.1749699999999,0.0215295615,1.4523903585,237169,3.724,3,3,0
93.6470588235294,1.0,2.0,1.0,765.78678,127.63113000000001,0.1669586035,5.6400801849999995,25,3.724,12,11,0
509.8333333333333,1.0,2.0,1.0,1552.33224,258.72204,0.0817447445,5.9416942975,550564,3.724,9,9,0
133.3793103448276,1.0,2.0,1.0,2088.5980799999998,348.09968,0.0585409875,2.1559916894999995,3969,3.724,14,21,0
509.8333333333333,1.0,2.0,1.0,1468.14642,244.69107000000002,0.0850882145,6.2188353105,550564,3.724,11,9,0
509.8333333333333,1.0,2.0,1.0,1491.64476,248.60746,0.08650160750000001,6.4933525115,550564,3.724,18,17,0
427.8,1.0,2.0,1.0,5000.0,1000.0,0.015968613,0.92811725,527076,3.724,4,8,0
489.62025316455697,1.0,2.0,1.0,395.21298,65.86883,0.307660698,75.39788691,725904,3.724,6,6,0
104.22222222222223,1.0,1.0,1.0,1673.4397199999999,278.90662,0.077314669,3.1733401535,2500,3.724,18,1,0
307.42857142857144,1.0,2.0,1.0,5000.0,923.15258,0.0219180615,0.0193688615,238144,3.724,3,6,0
93.6470588235294,1.0,2.0,1.0,738.8415,123.14025000000001,0.16789656249999999,6.8943144069999995,25,3.724,18,17,0
93.6470588235294,1.0,2.0,1.0,835.66308,139.27718000000002,0.165122531,0.32109580449999997,25,3.724,16,16,0
93.6470588235294,1.0,2.0,1.0,5000.0,1000.0,0.0013315075000000002,0.042588074999999996,25,3.724,14,21,0
93.6470588235294,1.0,2.0,1.0,1196.47944,199.41324000000003,0.103757349,3.365078507,25,3.724,16,16,0
93.6470588235294,1.0,2.0,1.0,1198.92894,199.82148999999998,0.1100214325,4.070983382,25,3.724,12,11,0
93.6470588235294,1.0,2.0,1.0,911.26536,151.87756000000002,0.1348991345,4.730545092500001,25,3.724,12,11,0
93.6470588235294,1.0,2.0,1.0,5000.0,1000.0,0.0014815529999999998,0.045711312,25,3.724,14,21,0
93.6470588235294,1.0,2.0,1.0,965.64972,160.94162,0.1286306295,4.2417948845,25,3.724,18,17,0
93.6470588235294,1.0,2.0,1.0,5000.0,1000.0,0.0011654884999999999,0.0390348075,25,3.724,14,21,0
509.8333333333333,1.0,2.0,1.0,1499.79984,249.96663999999998,0.08359078099999999,6.816819703999999,550564,3.724,16,16,0
509.8333333333333,1.0,2.0,1.0,1314.3556199999998,219.05926999999997,0.0953957285,7.3882148215,550564,3.724,12,11,0
489.62025316455697,1.0,2.0,1.0,4881.059160000001,813.5098600000001,0.024905319,1.630933775,725904,3.724,7,10,0
509.8333333333333,1.0,2.0,1.0,1516.72128,252.78688,0.0826623205,6.668636802999999,550564,3.724,6,6,0
509.8333333333333,1.0,2.0,1.0,1462.61118,243.76853,0.086534205,7.182766697499999,550564,3.724,16,16,0
135.47826086956522,1.0,2.0,1.0,88.47341999999999,14.745569999999999,1.390015184,100.0,8649,3.724,7,10,0
93.6470588235294,1.0,2.0,1.0,694.38768,115.73128,0.18302829250000002,8.333920061,25,3.724,9,9,0
93.6470588235294,1.0,2.0,1.0,804.40164,134.06694,0.157792846,5.7392092785,25,3.724,18,17,0
135.47826086956522,1.0,2.0,1.0,443.46288,73.91047999999999,0.27730176800000006,17.860437559999998,8649,3.724,3,11,0
93.6470588235294,1.0,2.0,1.0,745.2106200000001,124.20177000000001,0.171296338,5.7752319315000005,25,3.724,18,17,0
93.6470588235294,1.0,2.0,1.0,737.38788,122.89797999999999,0.1789673665,5.7456659335,25,3.724,18,17,0
93.6470588235294,1.0,2.0,1.0,735.14178,122.52363000000001,0.1675948635,5.8322505725000005,25,3.724,18,17,0
93.6470588235294,1.0,2.0,1.0,740.0901,123.34835,0.17910324600000002,7.010179388500001,25,3.724,16,16,0
93.6470588235294,1.0,2.0,1.0,866.55984,144.42664000000002,0.1475100295,4.857981360999999,25,3.724,12,11,0
110.0,2.0,2.0,1.0,531.3873,88.56455,0.160685164,0.2272353595,4096,3.724,7,10,0
93.6470588235294,1.0,2.0,1.0,798.5928600000001,133.09881000000001,0.15553413749999997,5.214984617,25,3.724,11,9,0
93.6470588235294,1.0,2.0,1.0,791.85624,131.97604,0.1614609105,5.69340243,25,3.724,11,9,0
509.8333333333333,1.0,2.0,1.0,1542.40758,257.06793,0.0821260905,5.4754028485,550564,3.724,8,5,0
313.6585365853659,1.0,2.0,1.0,2096.76438,349.46073,0.05875387,3.4322105554999998,237169,3.724,7,10,0
93.6470588235294,1.0,2.0,1.0,663.3135,110.55225,0.1855734935,7.171967611,25,3.724,10,9,0
509.8333333333333,1.0,2.0,1.0,1708.57692,284.76282000000003,0.07231396100000001,5.5204473865,550564,3.724,16,16,0
93.6470588235294,1.0,2.0,1.0,692.4888,115.4148,0.19104691550000003,8.686634405000001,25,3.724,9,9,0
110.0,2.0,2.0,1.0,249.65448,41.60908,0.482330672,0.6821104375,4096,3.724,3,6,0
93.6470588235294,1.0,2.0,1.0,680.4653999999999,113.4109,0.20693964750000002,8.489216847,25,3.724,18,17,0
93.6470588235294,1.0,2.0,1.0,645.28998,107.54832999999999,0.192482395,7.654213449000001,25,3.724,18,17,0
74.0,2.0,1.0,1.0,5000.0,1000.0,0.0001,0.0,256,3.724,7,1,0
136.28571428571428,1.0,2.0,1.0,231.99251999999998,38.66542,0.5268197290000001,34.699388835,3600,3.724,11,9,0
268.53846153846155,1.0,2.0,1.0,5000.0,1000.0,0.018961848,0.5408889235000001,159201,3.724,3,6,0
93.6470588235294,1.0,2.0,1.0,1004.4301800000001,167.40503,0.1266721145,4.7470813665,25,3.724,16,16,0
93.6470588235294,1.0,2.0,1.0,5000.0,1000.0,0.001451778,0.048164432,25,3.724,6,8,0
416.5820895522388,1.0,2.0,1.0,304.82214,50.80369,0.402844739,46.57562583,495616,3.724,16,16,0
116.15,1.0,1.0,1.0,1541.92284,256.98714,0.08082502750000001,7.3889797915,1764,3.724,11,1,0
422.1060606060606,1.0,2.0,1.0,195.0654,32.5109,0.629742746,53.926098425000006,527076,3.724,4,8,0
462.4,1.0,2.0,1.0,5000.0,1000.0,0.003862557,0.304478696,465124,3.724,8,3,0
113.05882352941177,1.0,2.0,1.0,76.5216,12.7536,1.671064825,100.0,3969,3.724,11,9,0
427.8,1.0,2.0,1.0,361.743,60.290499999999994,0.3343929875,48.162309809999996,527076,3.724,3,11,0
93.6470588235294,1.0,2.0,1.0,800.90022,133.48337,0.1546071235,6.108648634,25,3.724,10,9,0
93.6470588235294,1.0,2.0,1.0,746.8846199999999,124.48076999999999,0.172509454,5.913844988,25,3.724,18,17,0
313.6585365853659,1.0,2.0,1.0,2647.07334,441.17888999999997,0.0459180755,1.393229699,237169,3.724,4,8,0
93.6470588235294,1.0,2.0,1.0,694.13478,115.68913,0.17895028100000002,6.7151037745,25,3.724,7,6,0
93.6470588235294,1.0,2.0,1.0,755.1824399999999,125.86373999999999,0.165626365,5.5064774855,25,3.724,12,11,0
93.6470588235294,1.0,2.0,1.0,5000.0,1000.0,0.0013752550000000001,0.046784066,25,3.724,14,21,0
93.6470588235294,1.0,2.0,1.0,768.44676,128.07446000000002,0.163056977,5.5834394375,25,3.724,11,9,0
509.8333333333333,1.0,2.0,1.0,1481.5299,246.92165,0.0847093335,6.9717127465,550564,3.724,9,9,0
74.0,2.0,1.0,1.0,5000.0,1000.0,0.0001,0.0,256,3.724,5,1,0
509.8333333333333,1.0,2.0,1.0,1472.93022,245.48836999999997,0.086003644,6.208694074,550564,3.724,8,5,0
93.6470588235294,1.0,2.0,1.0,5000.0,1000.0,0.0008634865000000001,0.031543120499999994,25,3.724,14,21,0
93.6470588235294,1.0,2.0,1.0,934.46736,155.74456,0.1361396795,4.8879377015,25,3.724,16,16,0
93.6470588235294,1.0,2.0,1.0,5000.0,1000.0,0.0011605690000000002,0.038851063500000005,25,3.724,14,21,0
93.6470588235294,1.0,2.0,1.0,725.54868,120.92478,0.1755443575,6.2141514595,25,3.724,16,16,0
93.6470588235294,1.0,2.0,1.0,1291.08312,215.18052,0.0998490655,3.3879576580000004,25,3.724,16,16,0
104.22222222222223,1.0,1.0,1.0,5000.0,1000.0,0.00043276999999999996,0.016173072,2500,3.724,14,1,0
93.6470588235294,1.0,2.0,1.0,962.53878,160.42313000000001,0.1290403195,4.3928412165,25,3.724,1,3,0
109.0,2.0,2.0,1.0,223.98306,37.330510000000004,0.5916385005,0.8366996245,4356,3.724,2,8,0
93.6470588235294,1.0,2.0,1.0,5000.0,1000.0,0.0009146395,0.0329193425,25,3.724,14,21,0
427.8,1.0,2.0,1.0,245.56938,40.92823,0.5002838045,100.0,527076,3.724,1,6,0
427.8,1.0,2.0,1.0,309.54702000000003,51.591170000000005,0.393784797,86.954300695,527076,3.724,1,19,0
81.0,2.0,1.0,1.0,5000.0,1000.0,0.0001,0.0,256,3.724,4,1,0
150.33333333333334,1.0,2.0,1.0,106.69445999999999,17.78241,1.1491368994999998,80.2796596,4900,3.724,1,11,0
489.62025316455697,1.0,2.0,1.0,743.42934,123.90489000000001,0.1635520715,34.229649789999996,725904,3.724,2,8,0
422.1060606060606,1.0,2.0,1.0,359.54699999999997,59.924499999999995,0.3423205305,73.86020518,495616,3.724,1,14,0
116.15,1.0,1.0,1.0,305.65680000000003,50.942800000000005,0.4000311485,81.11319231,1764,3.724,7,1,0
93.6470588235294,1.0,2.0,1.0,550.63464,91.77244,0.22557911749999998,9.373028932999999,25,3.724,16,14,0
370.375,1.0,1.0,1.0,1760.0136,293.3356,0.07154070350000001,8.228375350999999,198025,3.724,3,2,0
93.6470588235294,1.0,2.0,1.0,558.04386,93.00731,0.2240853465,9.859508434000002,25,3.724,16,14,0
93.6470588235294,1.0,2.0,1.0,654.9251999999999,109.15419999999999,0.1889320655,6.6013812575,25,3.724,21,19,0
307.42857142857144,1.0,2.0,1.0,5000.0,982.41945,0.020595950999999998,0.017680781,238144,3.724,7,10,0
93.6470588235294,1.0,2.0,1.0,659.80296,109.96715999999999,0.1924784485,8.900652459500002,25,3.724,5,4,0
93.6470588235294,1.0,2.0,1.0,3420.57546,570.09591,0.037183443499999996,1.30422718,25,3.724,15,15,0
110.0,2.0,2.0,1.0,423.22668000000004,70.53778,0.32083565599999997,0.4537266095,4096,3.724,5,3,0
93.6470588235294,1.0,2.0,1.0,2798.20686,466.36780999999996,0.04435482550000001,1.8075012490000002,25,3.724,10,11,0
104.22222222222223,1.0,1.0,1.0,5000.0,1000.0,0.001246722,0.0493240105,2500,3.724,3,1,0
93.6470588235294,1.0,2.0,1.0,5000.0,1000.0,0.00137399,0.0452619235,25,3.724,14,21,0
93.6470588235294,1.0,2.0,1.0,537.9843,89.66405,0.2304465335,9.309761525,25,3.724,7,6,0
93.6470588235294,1.0,2.0,1.0,499.4991,83.24985,0.25595255,8.936218991,25,3.724,7,6,0
93.6470588235294,1.0,2.0,1.0,5000.0,1000.0,0.0013756254999999998,0.0464852765,25,3.724,14,21,0
93.6470588235294,1.0,2.0,1.0,544.7637599999999,90.79396,0.232881901,9.651378068999998,25,3.724,5,4,0
313.6585365853659,1.0,2.0,1.0,2962.9251,493.82084999999995,0.0410210305,2.5806026065,237169,3.724,5,3,0
522.9142857142857,1.0,2.0,1.0,1199.5225799999998,199.92042999999998,0.111073095,4.079778278999999,547600,3.724,15,15,0
441.67391304347825,1.0,1.0,1.0,5000.0,1000.0,0.0007012575000000001,0.024968828,404496,3.724,5,1,0
93.6470588235294,1.0,2.0,1.0,494.83727999999996,82.47287999999999,0.2491968625,9.440105115999998,25,3.724,15,15,0
113.05882352941177,1.0,2.0,1.0,264.0297,44.00495,0.48427293099999996,22.505873835,3969,3.724,16,14,0
81.0,2.0,1.0,1.0,5000.0,1000.0,0.0001,0.0,256,3.724,1,3,0
133.3793103448276,1.0,2.0,1.0,169.94598,28.32433,0.7196181644999999,49.66692082,3969,3.724,3,3,0
422.1060606060606,1.0,2.0,1.0,355.9896,59.3316,0.35328358849999997,1.125972,527076,3.724,3,3,0
509.8333333333333,1.0,2.0,1.0,5000.0,1000.0,0.0014874315,0.0919201105,550564,3.724,6,8,0
484.15,1.0,2.0,1.0,545.85468,90.97578,0.2213659635,47.90985897,690561,3.724,7,6,0
440.2826086956522,1.0,1.0,1.0,304.29828,50.71638,0.40593530499999997,31.350229789999997,401956,3.724,4,1,0
93.6470588235294,1.0,2.0,1.0,5000.0,1000.0,0.0014486764999999998,0.0513181625,25,3.724,6,8,0
98.62727272727273,1.0,1.0,1.0,746.5431,124.42385,0.163900868,21.327187105,361,3.724,16,2,0
113.05882352941177,1.0,2.0,1.0,72.34602,12.05767,1.7171375085,100.0,3969,3.724,16,14,0
74.0,2.0,1.0,1.0,5000.0,1000.0,0.0001,0.0,256,3.724,3,2,0
422.1060606060606,1.0,2.0,1.0,498.51156000000003,83.08526,0.24279074400000003,45.42998056,495616,3.724,5,5,0
104.22222222222223,1.0,1.0,1.0,5000.0,1000.0,0.00043758750000000003,0.016597922999999997,2500,3.724,3,1,0
93.6470588235294,1.0,2.0,1.0,2861.9211,476.98685,0.043383679,1.655334449,25,3.724,10,11,0
93.6470588235294,1.0,2.0,1.0,3186.83028,531.13838,0.038821982500000005,1.4556718435,25,3.724,10,11,0
113.05882352941177,1.0,2.0,1.0,60.81348,10.13558,2.042861646,84.03616584999999,3969,3.724,3,4,0
509.8333333333333,1.0,2.0,1.0,4120.0621200000005,686.6770200000001,0.030422575,3.4449255685,550564,3.724,21,19,0
103.0,2.0,2.0,1.0,243.73446,40.62241,0.328517828,0.46458978100000003,2916,3.724,21,19,0
427.8,1.0,2.0,1.0,188.50536,31.41756,0.6580019724999999,100.0,527076,3.724,1,4,0
93.6470588235294,1.0,2.0,1.0,2213.3885999999998,368.8981,0.056087157,2.4750503824999996,25,3.724,21,19,0
93.6470588235294,1.0,2.0,1.0,5000.0,1000.0,0.0119160625,0.372714204,25,3.724,16,14,0
132.0,1.0,2.0,1.0,76.09644,12.682739999999999,1.6234798225,100.0,6889,3.724,3,17,0
93.6470588235294,1.0,2.0,1.0,5000.0,1000.0,0.0038078335000000002,0.13381295650000002,25,3.724,21,19,0
509.8333333333333,1.0,2.0,1.0,5000.0,1000.0,0.0073271544999999995,0.4532234365,550564,3.724,15,15,0
427.8,1.0,2.0,1.0,441.73278,73.62213,0.27594480499999996,16.38450005,527076,3.724,3,17,0
93.6470588235294,1.0,2.0,1.0,614.80146,102.46691,0.20202970299999998,6.320792495,25,3.724,21,19,0
93.6470588235294,1.0,2.0,1.0,559.26282,93.21047,0.22206674550000002,8.570599801,25,3.724,15,15,0
268.53846153846155,1.0,2.0,1.0,5000.0,1000.0,0.018071506,1.066552103,159201,3.724,4,10,0
93.6470588235294,1.0,2.0,1.0,515.5747799999999,85.92912999999999,0.2471626815,7.705248706,25,3.724,6,8,0
93.6470588235294,1.0,2.0,1.0,5000.0,1000.0,0.001506441,0.0518581175,25,3.724,4,10,0
509.8333333333333,1.0,2.0,1.0,1184.99892,197.49982,0.106886637,9.2800711995,550564,3.724,21,19,0
93.6470588235294,1.0,2.0,1.0,545.62578,90.93762999999998,0.227666771,9.7296121005,25,3.724,5,4,0
126.48275862068965,1.0,2.0,1.0,1454.91612,242.48602000000002,0.084044027,2.7801671389999996,2401,3.724,4,10,0
93.6470588235294,1.0,2.0,1.0,560.5353,93.42255,0.23543733249999999,9.913344185,25,3.724,6,8,0
93.6470588235294,1.0,2.0,1.0,538.18194,89.69699,0.230528952,8.716817433000001,25,3.724,16,14,0
126.48275862068965,1.0,2.0,1.0,1145.7447599999998,190.95745999999997,0.106716665,3.6075749485,2401,3.724,3,17,0
509.8333333333333,1.0,2.0,1.0,1044.08034,174.01339000000002,0.120083801,12.740537955,550564,3.724,16,14,0
509.8333333333333,1.0,2.0,1.0,1217.31534,202.88589000000002,0.10500500249999999,8.628037516000001,550564,3.724,4,3,0
422.1060606060606,1.0,2.0,1.0,5000.0,1000.0,0.0201019505,0.606378347,527076,3.724,4,10,0
93.6470588235294,1.0,2.0,1.0,604.97082,100.82847,0.2131052065,6.838777067500001,25,3.724,21,19,0
93.6470588235294,1.0,2.0,1.0,602.02224,100.33704,0.20628623249999997,7.0200521275000005,25,3.724,21,19,0
307.42857142857144,1.0,2.0,1.0,1314.34032,219.05671999999998,0.09239027,3.1382275085,238144,3.724,1,12,0
93.6470588235294,1.0,2.0,1.0,499.35636,83.22606,0.2546770565,8.3096598665,25,3.724,15,15,0
307.42857142857144,1.0,2.0,1.0,2931.6121200000002,488.60202000000004,0.041422623,2.109670208,238144,3.724,5,4,0
509.8333333333333,1.0,2.0,1.0,1958.2191000000003,326.36985000000004,0.065816856,4.778227466500001,550564,3.724,4,3,0
115.09836065573771,1.0,1.0,1.0,679.65906,113.27651,0.181249447,29.49453458,1521,3.724,21,1,0
74.0,2.0,1.0,1.0,5000.0,1000.0,0.0001,0.0,256,3.724,15,2,0
93.6470588235294,1.0,2.0,1.0,3397.01892,566.16982,0.036528172,1.3008590365,25,3.724,15,15,0
93.6470588235294,1.0,2.0,1.0,4001.2285800000004,666.87143,0.0310238455,1.1084799744999998,25,3.724,5,5,0
93.6470588235294,1.0,2.0,1.0,5000.0,1000.0,0.0015296490000000001,0.0502437725,25,3.724,15,17,0
93.6470588235294,1.0,2.0,1.0,3762.03438,627.00573,0.032889871999999994,1.1130184935,25,3.724,15,15,0
509.8333333333333,1.0,2.0,1.0,5000.0,1000.0,0.019209885,1.4945698045,550564,3.724,5,5,0
109.0,2.0,2.0,1.0,912.62688,152.10448,0.11798416399999999,0.166844906,4356,3.724,15,17,0
509.8333333333333,1.0,2.0,1.0,4528.3983,754.7330499999999,0.027679882,2.49209658,550564,3.724,10,11,0
93.6470588235294,1.0,2.0,1.0,2584.00638,430.66773,0.04805323749999999,2.0986760815000003,25,3.724,21,19,0
132.0,1.0,2.0,1.0,257.32452,42.88742,0.480082942,34.738317609999996,6889,3.724,15,17,0
93.6470588235294,1.0,2.0,1.0,1498.96434,249.82738999999998,0.08597919500000001,3.5924056540000002,25,3.724,10,11,0
113.05882352941177,1.0,2.0,1.0,322.02042,53.67007,0.400407195,15.978300811,3969,3.724,10,11,0
104.22222222222223,1.0,1.0,1.0,5000.0,1000.0,0.0020650235,0.07588822949999999,2500,3.724,21,1,0
93.6470588235294,1.0,2.0,1.0,5000.0,1000.0,0.004790019499999999,0.1613670055,25,3.724,21,19,0
509.8333333333333,1.0,2.0,1.0,1311.01008,218.50168,0.09649569,10.48263926,550564,3.724,6,8,0
132.0,1.0,2.0,1.0,76.96122,12.82687,1.6488595415,100.0,6889,3.724,3,4,0
93.6470588235294,1.0,2.0,1.0,518.09568,86.34928000000001,0.2397666645,8.6116729215,25,3.724,6,8,0
93.6470588235294,1.0,2.0,1.0,560.43372,93.40562,0.2204852535,9.970781247500001,25,3.724,6,8,0
1000.9873417721519,1.0,1.0,1.0,1522.68282,253.78046999999998,0.089864547,39.36778277,1974025,3.724,5,3,0
509.8333333333333,1.0,2.0,1.0,1114.1671199999998,185.69451999999998,0.113399869,11.657666625,550564,3.724,21,19,0
509.8333333333333,1.0,2.0,1.0,1207.5212999999999,201.25355,0.1049039445,8.504203912000001,550564,3.724,21,19,0
93.6470588235294,1.0,2.0,1.0,488.44728000000003,81.40788,0.25333392450000003,9.045375841499999,25,3.724,7,6,0
1006.1636363636363,1.0,1.0,1.0,1524.981,254.1635,0.0906145585,38.162973675,1974025,3.724,5,3,0
509.8333333333333,1.0,2.0,1.0,981.19602,163.53267,0.129114758,12.167385054999999,550564,3.724,7,6,0
93.6470588235294,1.0,2.0,1.0,617.64438,102.94072999999999,0.20658245449999998,9.843191130000001,25,3.724,16,14,0
268.53846153846155,1.0,2.0,1.0,5000.0,1000.0,0.016839519000000004,1.0257575775,159201,3.724,6,12,0
93.6470588235294,1.0,2.0,1.0,540.15918,90.02653000000001,0.23870064700000002,10.903294722499998,25,3.724,16,14,0
93.6470588235294,1.0,2.0,1.0,521.1582,86.85969999999999,0.23763668899999998,8.3818941965,25,3.724,15,15,0
93.6470588235294,1.0,2.0,1.0,5000.0,1000.0,0.0015242979999999999,0.049213348999999997,25,3.724,15,17,0
509.8333333333333,1.0,2.0,1.0,1689.58182,281.59697,0.07562922500000001,8.063484066,550564,3.724,10,11,0
93.6470588235294,1.0,2.0,1.0,3594.74502,599.1241699999999,0.034534865,1.8345879625000001,25,3.724,21,19,0
81.0,2.0,1.0,1.0,5000.0,1000.0,0.0001,0.0,256,3.724,15,2,0
93.6470588235294,1.0,2.0,1.0,2371.7630999999997,395.29384999999996,0.052353328000000005,2.296839481,25,3.724,21,19,0
74.0,2.0,1.0,1.0,5000.0,1000.0,0.0001,0.0,256,3.724,21,1,0
103.0,2.0,2.0,1.0,4152.41346,692.06891,0.028839167000000002,0.0407759025,2916,3.724,15,17,0
93.6470588235294,1.0,2.0,1.0,5000.0,1000.0,0.011402599,0.38752361150000003,25,3.724,16,14,0
93.6470588235294,1.0,2.0,1.0,5000.0,1000.0,0.00433149,0.15344846050000002,25,3.724,21,19,0
133.3793103448276,1.0,2.0,1.0,3198.30006,533.0500099999999,0.0382238385,1.2102929974999999,3969,3.724,15,17,0
93.6470588235294,1.0,2.0,1.0,5000.0,1000.0,0.0015299745,0.049567694499999995,25,3.724,15,17,0
104.22222222222223,1.0,1.0,1.0,5000.0,1000.0,0.000483984,0.0186771785,2500,3.724,4,1,0
307.42857142857144,1.0,2.0,1.0,2786.63448,464.43908,0.043576267,1.4802707855000001,238144,3.724,6,12,0
422.1060606060606,1.0,2.0,1.0,4672.94166,778.82361,0.0258691925,0.7682651245,527076,3.724,3,4,0
132.0,1.0,2.0,1.0,152.26404,25.37734,0.8052156875,82.36768714,9216,3.724,15,17,0
135.47826086956522,1.0,2.0,1.0,172.79058,28.798430000000003,0.711636481,68.04143979,8649,3.724,4,7,0
427.8,1.0,2.0,1.0,270.55830000000003,45.093050000000005,0.450756361,61.62034816,527076,3.724,15,17,0
113.05882352941177,1.0,2.0,1.0,1270.2168000000001,211.70280000000002,0.097775551,3.2753942065,3969,3.724,6,12,0
81.0,2.0,1.0,1.0,5000.0,1000.0,0.0001,0.0,256,3.724,5,1,0
268.53846153846155,1.0,2.0,1.0,5000.0,1000.0,0.009666026000000001,0.5735581574999999,159201,3.724,3,4,0
427.8,1.0,2.0,1.0,799.2432600000001,133.20721,0.151324728,11.23538864,527076,3.724,6,12,0
427.8,1.0,2.0,1.0,2156.964,359.49399999999997,0.056074349999999995,4.2705570525,527076,3.724,5,4,0
1000.9873417721519,1.0,1.0,1.0,1746.8001,291.13335,0.078334732,30.89200034,1974025,3.724,15,2,0
995.8669064748201,1.0,1.0,1.0,1596.68814,266.11469,0.08552406500000001,35.73877516,1974025,3.724,5,1,0
313.6585365853659,1.0,2.0,1.0,5000.0,1000.0,0.014600909999999998,0.9412397969999999,237169,3.724,3,10,0
313.6585365853659,1.0,2.0,1.0,3524.95494,587.49249,0.034943883999999995,2.6058097165,237169,3.724,6,12,0
427.8,1.0,2.0,1.0,919.0112399999999,153.16854,0.13367694449999998,8.9030455705,527076,3.724,3,5,0
113.05882352941177,1.0,2.0,1.0,172.27380000000002,28.712300000000003,0.7211217915,21.210540676499996,3969,3.724,6,12,0
484.15,1.0,2.0,1.0,5000.0,1000.0,0.013081386,0.4301693735,725904,3.724,5,4,0
313.6585365853659,1.0,2.0,1.0,2895.82542,482.63757,0.041973351,1.558318174,237169,3.724,4,7,0
93.6470588235294,1.0,2.0,1.0,5000.0,1000.0,0.0011839605,0.043117187,25,3.724,15,17,0
133.3793103448276,1.0,2.0,1.0,3127.4318399999997,521.23864,0.039090831,1.346350661,3969,3.724,3,5,0
313.6585365853659,1.0,2.0,1.0,5000.0,1000.0,0.011734773,0.8177535965,237169,3.724,3,4,0
93.6470588235294,1.0,2.0,1.0,5000.0,1000.0,0.008408196,0.28885931500000006,25,3.724,15,15,0
509.8333333333333,1.0,2.0,1.0,5000.0,1000.0,0.001438844,0.08556451200000001,550564,3.724,15,17,0
93.6470588235294,1.0,2.0,1.0,5000.0,1000.0,0.0053960025,0.181735303,25,3.724,15,15,0
98.62727272727273,1.0,1.0,1.0,5000.0,1000.0,0.0001934655,0.012285506,361,3.724,5,1,0
93.6470588235294,1.0,2.0,1.0,560.97132,93.49522,0.22139745400000002,9.4382570715,25,3.724,6,8,0
432.02127659574467,1.0,1.0,1.0,1288.1014799999998,214.68357999999998,0.09473277899999999,2.8379854524999995,404496,3.724,7,1,0
81.0,2.0,1.0,1.0,5000.0,1000.0,0.0001,0.0,256,3.724,3,2,0
93.6470588235294,1.0,2.0,1.0,506.05932,84.34322,0.24546476250000002,8.673379876499999,25,3.724,15,15,0
93.6470588235294,1.0,2.0,1.0,3362.72604,560.45434,0.036920209,1.2266095714999998,25,3.724,15,15,0
313.6585365853659,1.0,2.0,1.0,4359.90552,726.65092,0.027874905999999998,1.7533729949999999,237169,3.724,5,3,0
93.6470588235294,1.0,2.0,1.0,2855.52768,475.92128,0.043476657,1.8863499945000002,25,3.724,21,19,0
133.3793103448276,1.0,2.0,1.0,2366.10576,394.35096,0.051669467999999996,1.6091371495,3969,3.724,3,4,0
155.85714285714286,1.0,2.0,1.0,5000.0,1000.0,0.007367843,0.3011334395,32400,3.724,5,1,0
93.6470588235294,1.0,2.0,1.0,5000.0,1000.0,0.008523706,0.29860290300000003,25,3.724,16,14,0
307.42857142857144,1.0,2.0,1.0,2472.1351799999998,412.02252999999996,0.049240083,3.780462934,216225,3.724,5,3,0
489.62025316455697,1.0,2.0,1.0,5000.0,1000.0,0.018438089,1.0720363525,725904,3.724,1,7,0
74.0,2.0,1.0,1.0,5000.0,1000.0,0.0001,0.0,256,3.724,16,1,0
93.6470588235294,1.0,2.0,1.0,538.61442,89.76907,0.23585784799999998,10.145235979999999,25,3.724,16,14,0
268.53846153846155,1.0,2.0,1.0,3907.4029200000004,651.23382,0.031944676,1.9998217315000002,159201,3.724,15,15,0
433.3829787234043,1.0,1.0,1.0,5000.0,1000.0,0.0006596219999999999,0.018601611499999997,407044,3.724,3,1,0
114.08064516129032,1.0,1.0,1.0,4175.982,695.997,0.029273004000000002,1.8942688619999999,1681,3.724,16,2,0
93.6470588235294,1.0,2.0,1.0,5000.0,1000.0,0.0015245645,0.0475428265,25,3.724,15,17,0
93.6470588235294,1.0,2.0,1.0,1250.1018,208.3503,0.09935382350000001,3.7338534174999998,25,3.724,10,11,0
509.8333333333333,1.0,2.0,1.0,1184.99892,197.49982,0.106886637,9.2800711995,550564,3.724,21,19,0
268.53846153846155,1.0,2.0,1.0,5000.0,1000.0,0.008454851000000001,0.5714592585,159201,3.724,3,10,0
93.6470588235294,1.0,2.0,1.0,669.8007,111.63345,0.203911382,6.377222897499999,25,3.724,4,3,0
313.6585365853659,1.0,2.0,1.0,5000.0,1000.0,0.011142566,0.772898432,237169,3.724,3,5,0
93.6470588235294,1.0,2.0,1.0,547.4796,91.2466,0.226898,10.641172215,25,3.724,16,14,0
93.6470588235294,1.0,2.0,1.0,571.57518,95.26253,0.22031474300000004,7.8960742295,25,3.724,5,4,0
268.53846153846155,1.0,2.0,1.0,5000.0,1000.0,0.0064905485,0.3847364785,159201,3.724,7,7,0
93.6470588235294,1.0,2.0,1.0,853.85088,142.30848,0.13948286050000003,5.406843793,25,3.724,10,11,0
313.6585365853659,1.0,2.0,1.0,5000.0,1000.0,0.0101416295,0.5958739795,237169,3.724,7,7,0
422.1060606060606,1.0,2.0,1.0,5000.0,1000.0,0.007141476,0.43590733649999996,495616,3.724,5,5,0
103.0,2.0,2.0,1.0,5000.0,1000.0,0.0003166665,0.000440765,2916,3.724,5,12,0
93.6470588235294,1.0,2.0,1.0,5000.0,1000.0,0.0012877885,0.042676066,25,3.724,5,7,0
509.8333333333333,1.0,2.0,1.0,5000.0,997.00195,0.020939688,1.6966298350000002,550564,3.724,15,15,0
93.6470588235294,1.0,2.0,1.0,4927.3218,821.2203,0.0251884645,0.833482213,25,3.724,5,5,0
313.6585365853659,1.0,2.0,1.0,4474.84548,745.80758,0.027524931000000002,1.7629688725000001,237169,3.724,7,7,0
93.6470588235294,1.0,2.0,1.0,5000.0,992.16192,0.020824798000000002,0.7467472735,25,3.724,5,5,0
93.6470588235294,1.0,2.0,1.0,2934.03306,489.00551,0.0422987955,1.7126440635000002,25,3.724,10,11,0
113.05882352941177,1.0,2.0,1.0,1019.22216,169.87036,0.12186367849999999,3.8108384375,3969,3.724,6,10,0
93.6470588235294,1.0,2.0,1.0,3673.24452,612.20742,0.033787641,1.525142392,25,3.724,5,8,0
391.6,1.0,1.0,1.0,1730.19318,288.36553,0.07526068150000001,8.6027658215,187489,3.724,5,3,0
73.0,2.0,1.0,1.0,5000.0,1000.0,0.0001,0.0,256,3.724,3,1,0
74.0,2.0,1.0,1.0,5000.0,1000.0,0.0001,0.0,256,3.724,2,2,0
93.6470588235294,1.0,2.0,1.0,5000.0,1000.0,0.0012367530000000002,0.041892956499999995,25,3.724,7,7,0
509.8333333333333,1.0,2.0,1.0,5000.0,1000.0,0.0072792605,0.531872797,550564,3.724,7,7,0
93.6470588235294,1.0,2.0,1.0,5000.0,1000.0,0.0117457155,0.3527861885,25,3.724,7,7,0
74.0,2.0,1.0,1.0,5000.0,1000.0,0.0001,0.0,256,3.724,6,1,0
104.22222222222223,1.0,1.0,1.0,5000.0,1000.0,0.0033006745,0.13300431000000001,2500,3.724,5,3,0
74.0,2.0,1.0,1.0,5000.0,1000.0,0.0001,0.0,256,3.724,7,1,0
104.22222222222223,1.0,1.0,1.0,5000.0,1000.0,0.000437905,0.016526950500000002,2500,3.724,7,1,0
484.15,1.0,2.0,1.0,920.63562,153.43927000000002,0.13200318249999998,12.407497875999999,725904,3.724,5,3,0
132.0,1.0,2.0,1.0,1286.96658,214.49443,0.09741351399999999,3.3014752145,9216,3.724,2,3,0
93.6470588235294,1.0,2.0,1.0,504.6567,84.10945,0.25295675999999995,9.3010355765,25,3.724,9,18,0
93.6470588235294,1.0,2.0,1.0,521.12778,86.85463,0.23574556949999997,9.6467091155,25,3.724,7,7,0
489.62025316455697,1.0,2.0,1.0,5000.0,1000.0,0.008341542499999998,0.5898725895,725904,3.724,6,10,0
370.375,1.0,1.0,1.0,1848.42528,308.07088,0.06827098399999999,8.2205663045,198025,3.724,2,3,0
93.6470588235294,1.0,2.0,1.0,583.62474,97.27079,0.21908046150000002,11.0525817235,25,3.724,6,10,0
93.6470588235294,1.0,2.0,1.0,5000.0,1000.0,0.0012183815,0.0393623865,25,3.724,5,12,0
93.6470588235294,1.0,2.0,1.0,509.67558,84.94593,0.25295953000000004,9.070266050999999,25,3.724,6,5,0
432.02127659574467,1.0,1.0,1.0,239.44242,39.90707,0.524328389,44.589103789999996,404496,3.724,6,1,0
93.6470588235294,1.0,2.0,1.0,5000.0,1000.0,0.001196184,0.0419304505,25,3.724,5,7,0
133.3793103448276,1.0,2.0,1.0,188.70102,31.45017,0.6610023265,43.715217655000004,3969,3.724,3,7,0
135.47826086956522,1.0,2.0,1.0,170.1612,28.3602,0.7555502795,91.72597839000001,8649,3.724,3,3,0
93.6470588235294,1.0,2.0,1.0,5000.0,1000.0,0.0110997295,0.3634393595,25,3.724,7,7,0
93.6470588235294,1.0,2.0,1.0,5000.0,1000.0,0.0095599145,0.3241840935,25,3.724,5,8,0
104.22222222222223,1.0,1.0,1.0,5000.0,1000.0,0.0008409285,0.0265362735,2500,3.724,3,2,0
93.6470588235294,1.0,2.0,1.0,5000.0,1000.0,0.0084334175,0.318953979,25,3.724,5,8,0
74.0,2.0,1.0,1.0,5000.0,1000.0,0.0001,0.0,256,3.724,9,1,0
93.6470588235294,1.0,2.0,1.0,5000.0,1000.0,0.0013372115,0.044315297000000003,25,3.724,5,7,0
93.6470588235294,1.0,2.0,1.0,5000.0,1000.0,0.0050589829999999995,0.19150712649999999,25,3.724,6,10,0
93.6470588235294,1.0,2.0,1.0,540.867,90.1445,0.2448464945,9.227673733,25,3.724,9,18,0
135.47826086956522,1.0,2.0,1.0,65.73522,10.95587,1.8708362655000002,100.0,8649,3.724,6,10,0
509.8333333333333,1.0,2.0,1.0,1135.47192,189.24532,0.11042656499999999,11.6444126745,550564,3.724,9,18,0
104.22222222222223,1.0,1.0,1.0,5000.0,1000.0,0.00045825400000000006,0.017590593499999998,2500,3.724,5,3,0
93.6470588235294,1.0,2.0,1.0,518.35842,86.39307000000001,0.2396241835,8.8214182725,25,3.724,9,18,0
132.0,1.0,2.0,1.0,151.34016,25.22336,0.824309035,54.934522875,2916,3.724,9,18,0
93.6470588235294,1.0,2.0,1.0,5000.0,1000.0,0.00112049,0.036378649000000006,25,3.724,5,12,0
422.1060606060606,1.0,2.0,1.0,371.8968,61.9828,0.32768479500000003,34.212354305,527076,3.724,6,5,0
74.0,2.0,1.0,1.0,5000.0,1000.0,0.0001,0.0,256,3.724,3,2,0
93.6470588235294,1.0,2.0,1.0,3390.2892,565.0482000000001,0.036586663,1.3139094005000003,25,3.724,5,8,0
93.6470588235294,1.0,2.0,1.0,5000.0,1000.0,0.0012265375000000002,0.041300117,25,3.724,5,7,0
93.6470588235294,1.0,2.0,1.0,547.24086,91.20680999999999,0.224185811,8.6571798125,25,3.724,7,7,0
509.8333333333333,1.0,2.0,1.0,1462.09368,243.68228,0.085588748,6.931751401,550564,3.724,2,8,0
93.6470588235294,1.0,2.0,1.0,1287.71358,214.61893,0.100111138,3.6626546815000003,25,3.724,5,8,0
489.62025316455697,1.0,2.0,1.0,5000.0,1000.0,0.007431908,0.4460958815,725904,3.724,3,4,0
93.6470588235294,1.0,2.0,1.0,998.3320799999999,166.38868,0.11848769199999999,4.418762966499999,25,3.724,5,8,0
93.6470588235294,1.0,2.0,1.0,537.9843,89.66405,0.2304465335,9.309761525,25,3.724,6,5,0
93.6470588235294,1.0,2.0,1.0,5000.0,1000.0,0.001332741,0.0431468475,25,3.724,5,7,0
93.6470588235294,1.0,2.0,1.0,3925.98522,654.33087,0.0334041,1.1022048129999997,25,3.724,3,3,0
1006.1636363636363,1.0,1.0,1.0,2698.82328,449.80388,0.051004582,10.556373891,1974025,3.724,5,3,0
93.6470588235294,1.0,2.0,1.0,4018.6319399999998,669.77199,0.030887387500000002,1.0840574700000003,25,3.724,3,3,0
257.9756097560976,1.0,2.0,1.0,2867.61696,477.93616,0.04238626050000001,1.4743207465000001,143641,3.724,5,8,0
427.8,1.0,2.0,1.0,5000.0,1000.0,0.0144026245,0.873332616,527076,3.724,1,4,0
104.22222222222223,1.0,1.0,1.0,3373.9752599999997,562.32921,0.03833119050000001,1.3169112715,2500,3.724,6,1,0
93.6470588235294,1.0,2.0,1.0,5000.0,1000.0,0.008662191500000001,0.0144464325,25,3.724,5,8,0
104.22222222222223,1.0,1.0,1.0,5000.0,1000.0,0.002431738,0.0843243035,2500,3.724,5,3,0
307.42857142857144,1.0,2.0,1.0,5000.0,841.1647800000001,0.0243574725,0.891300759,238144,3.724,5,5,0
93.6470588235294,1.0,2.0,1.0,5000.0,1000.0,0.004221333,0.15750839049999998,25,3.724,6,10,0
93.6470588235294,1.0,2.0,1.0,628.94982,104.82497000000001,0.197487998,8.587913513,25,3.724,7,7,0
135.47826086956522,1.0,2.0,1.0,65.73522,10.95587,1.8708362655000002,100.0,8649,3.724,6,10,0
93.6470588235294,1.0,2.0,1.0,614.7327,102.45545,0.202053719,6.482435285499999,25,3.724,6,10,0
93.6470588235294,1.0,2.0,1.0,567.23904,94.53984,0.2185020165,8.393995015499998,25,3.724,5,3,0
113.05882352941177,1.0,2.0,1.0,267.42804,44.57134,0.46451005999999995,16.7492567665,3969,3.724,3,17,0
307.42857142857144,1.0,2.0,1.0,2285.67546,380.94591,0.053121998499999996,1.6692390129999999,238144,3.724,3,7,0
509.8333333333333,1.0,2.0,1.0,1032.0074399999999,172.00124,0.12149110000000002,12.288207455,550564,3.724,9,18,0
93.6470588235294,1.0,2.0,1.0,5000.0,1000.0,0.0012602335,0.0414147065,25,3.724,7,7,0
93.6470588235294,1.0,2.0,1.0,5000.0,1000.0,0.0011575645,0.0388683235,25,3.724,5,12,0
93.6470588235294,1.0,2.0,1.0,600.96954,100.16159,0.2143507075,9.840872763,25,3.724,9,18,0
93.6470588235294,1.0,2.0,1.0,552.2027999999999,92.03379999999999,0.22337943300000002,9.908713243,25,3.724,9,18,0
1007.9016393442623,1.0,1.0,1.0,1538.3607,256.39345,0.089837122,37.112986065,1974025,3.724,6,1,0
522.9142857142857,1.0,2.0,1.0,1284.75984,214.12664,0.1012538775,8.3595734225,547600,3.724,6,5,0
93.6470588235294,1.0,2.0,1.0,583.7841,97.29735,0.21278104050000002,10.749840827,25,3.724,6,10,0
313.6585365853659,1.0,2.0,1.0,4577.2539,762.87565,0.0265498635,2.140610365,237169,3.724,5,12,0
509.8333333333333,1.0,2.0,1.0,1187.712,197.952,0.10887090699999999,9.251564819499999,550564,3.724,5,8,0
93.6470588235294,1.0,2.0,1.0,489.74658,81.62442999999999,0.26055726900000004,8.8593645775,25,3.724,6,5,0
522.9142857142857,1.0,2.0,1.0,1042.9874399999999,173.83123999999998,0.1212582065,11.168069162,547600,3.724,5,3,0
126.48275862068965,1.0,2.0,1.0,5000.0,1000.0,0.0133061945,0.36707340299999996,2401,3.724,3,17,0
509.8333333333333,1.0,2.0,1.0,996.77874,166.12978999999999,0.125735487,12.503332695000001,550564,3.724,5,8,0
432.02127659574467,1.0,1.0,1.0,222.62586,37.10431,0.551384554,46.2598747,404496,3.724,9,1,0
93.6470588235294,1.0,2.0,1.0,5000.0,1000.0,0.001259041,0.04278744949999999,25,3.724,7,7,0
139.40740740740742,1.0,2.0,1.0,211.24194,35.20699,0.5798343024999999,33.61124780749999,4761,3.724,9,10,0
81.0,2.0,1.0,1.0,5000.0,1000.0,0.0001,0.0,256,3.724,3,2,0
98.2072072072072,1.0,1.0,1.0,1256.14188,209.35698,0.0969135185,9.635900555000001,400,3.724,3,1,0
109.0,2.0,2.0,1.0,166.06548,27.677580000000003,0.7726261875,1.092654125,4356,3.724,9,10,0
509.8333333333333,1.0,2.0,1.0,5000.0,1000.0,0.0013599285,0.0794822155,550564,3.724,7,14,0
93.6470588235294,1.0,2.0,1.0,5000.0,1000.0,0.004860347,0.2055803625,25,3.724,12,18,0
425.09090909090907,1.0,2.0,1.0,5000.0,1000.0,0.005361747,0.2098496315,342225,3.724,3,1,0
93.6470588235294,1.0,2.0,1.0,5000.0,1000.0,0.0011898335,0.0404530835,25,3.724,7,14,0
81.0,2.0,1.0,1.0,5000.0,1000.0,0.0001,0.0,256,3.724,9,2,0
109.0,2.0,2.0,1.0,5000.0,1000.0,0.001043167,0.001469604,4356,3.724,6,12,0
104.22222222222223,1.0,1.0,1.0,5000.0,1000.0,0.0005244375,0.01677077,2500,3.724,2,1,0
93.6470588235294,1.0,2.0,1.0,5000.0,1000.0,0.001219649,0.0432294805,25,3.724,12,18,0
93.6470588235294,1.0,2.0,1.0,5000.0,1000.0,0.0009372369999999998,0.036718781,25,3.724,7,14,0
509.8333333333333,1.0,2.0,1.0,5000.0,1000.0,0.0017637719999999998,0.112264319,550564,3.724,12,18,0
74.0,2.0,1.0,1.0,5000.0,1000.0,0.0001,0.0,256,3.724,9,3,0
93.6470588235294,1.0,2.0,1.0,5000.0,1000.0,0.0066016665000000006,0.2150944965,25,3.724,3,8,0
81.0,2.0,1.0,1.0,5000.0,1000.0,0.0001,0.0,256,3.724,9,3,0
93.6470588235294,1.0,2.0,1.0,4141.2198,690.2033,0.029962767999999997,1.0726573620000002,25,3.724,9,8,0
93.6470588235294,1.0,2.0,1.0,5000.0,1000.0,0.0008212,0.0302417035,25,3.724,6,12,0
313.6585365853659,1.0,2.0,1.0,2382.33546,397.05591,0.051021492,3.3129897875000003,237169,3.724,12,18,0
93.6470588235294,1.0,2.0,1.0,5000.0,1000.0,0.001184837,0.04115939750000001,25,3.724,6,12,0
432.02127659574467,1.0,1.0,1.0,288.96516,48.16086,0.430684645,33.303129345,404496,3.724,9,1,0
263.125,1.0,2.0,1.0,3144.31404,524.05234,0.038626655499999996,1.2261944475,159201,3.724,4,8,0
509.8333333333333,1.0,2.0,1.0,5000.0,1000.0,0.0016351170000000002,0.09650155,550564,3.724,6,12,0
93.6470588235294,1.0,2.0,1.0,3864.1760400000003,644.02934,0.033059812,1.2794427499999999,25,3.724,9,8,0
93.6470588235294,1.0,2.0,1.0,3489.85992,581.64332,0.035563404500000007,1.368858573,25,3.724,9,8,0
93.6470588235294,1.0,2.0,1.0,5000.0,1000.0,0.010563853,0.4205961725,25,3.724,6,7,0
93.6470588235294,1.0,2.0,1.0,5000.0,1000.0,0.0008234175000000001,0.0308032435,25,3.724,7,6,0
104.22222222222223,1.0,1.0,1.0,5000.0,1000.0,0.001768982,0.06038203300000001,2500,3.724,12,1,0
93.6470588235294,1.0,2.0,1.0,5000.0,1000.0,0.0014917354999999998,0.04772656199999999,25,3.724,9,10,0
313.6585365853659,1.0,2.0,1.0,5000.0,1000.0,0.00671567,0.40970651999999996,237169,3.724,1,4,0
93.6470588235294,1.0,2.0,1.0,5000.0,1000.0,0.0015534255,0.051492025500000004,25,3.724,9,10,0
74.0,2.0,1.0,1.0,5000.0,1000.0,0.0001,0.0,256,3.724,6,2,0
489.62025316455697,1.0,2.0,1.0,5000.0,1000.0,0.008468482,0.4905053835,725904,3.724,3,12,0
93.6470588235294,1.0,2.0,1.0,5000.0,1000.0,0.0016202335,0.053632888000000004,25,3.724,9,10,0
93.6470588235294,1.0,2.0,1.0,5000.0,1000.0,0.001186616,0.039900434,25,3.724,7,14,0
113.05882352941177,1.0,2.0,1.0,275.93255999999997,45.98876,0.45020890299999994,19.480985955,3969,3.724,4,8,0
128.8,1.0,2.0,1.0,174.99143999999998,29.165239999999997,0.7012317175,89.323727525,7396,3.724,4,8,0
145.91304347826087,1.0,2.0,1.0,5000.0,1000.0,0.008891564000000001,0.3378355335,4096,3.724,6,12,0
484.15,1.0,2.0,1.0,542.84172,90.47362,0.224095732,44.738480125,690561,3.724,2,7,0
115.09836065573771,1.0,1.0,1.0,5000.0,1000.0,0.019606026,1.4252738135,1521,3.724,4,1,0
509.8333333333333,1.0,2.0,1.0,5000.0,1000.0,0.001430024,0.0871122525,550564,3.724,7,14,0
509.8333333333333,1.0,2.0,1.0,5000.0,1000.0,0.0067033825,0.5709814280000001,550564,3.724,6,7,0
93.6470588235294,1.0,2.0,1.0,5000.0,1000.0,0.0039470825,0.1932041015,25,3.724,12,18,0
427.8,1.0,2.0,1.0,3764.5181399999997,627.41969,0.0323897325,2.7270357494999997,527076,3.724,7,6,0
93.6470588235294,1.0,2.0,1.0,5000.0,1000.0,0.0047469454999999995,0.202552134,25,3.724,12,18,0
74.0,2.0,1.0,1.0,5000.0,1000.0,0.0001,0.0,256,3.724,1,1,0
999.2743682310469,1.0,1.0,1.0,1519.15722,253.19287,0.08989882249999999,38.18879879,1974025,3.724,1,1,0
93.6470588235294,1.0,2.0,1.0,5000.0,1000.0,0.001746101,0.054447844,25,3.724,12,18,0
93.6470588235294,1.0,2.0,1.0,5000.0,1000.0,0.0059827000000000005,0.2167497655,25,3.724,3,8,0
313.6585365853659,1.0,2.0,1.0,5000.0,1000.0,0.0092905785,0.548245064,237169,3.724,3,12,0
104.22222222222223,1.0,1.0,1.0,5000.0,1000.0,0.0023778810000000005,0.090504867,2500,3.724,6,1,0
370.375,1.0,1.0,1.0,1836.4041,306.06735000000003,0.06871821800000001,8.2272929275,198025,3.724,7,4,0
422.1060606060606,1.0,2.0,1.0,267.08622,44.51437,0.452741591,49.464829575,527076,3.724,6,7,0
93.6470588235294,1.0,2.0,1.0,5000.0,1000.0,0.001219649,0.0432294805,25,3.724,12,18,0
93.6470588235294,1.0,2.0,1.0,5000.0,1000.0,0.001262643,0.042977808,25,3.724,7,6,0
93.6470588235294,1.0,2.0,1.0,3897.53022,649.58837,0.031847853,1.310843331,25,3.724,9,8,0
268.53846153846155,1.0,2.0,1.0,2818.7988,469.7998,0.04376508850000001,2.6509903775000003,159201,3.724,9,8,0
74.0,2.0,1.0,1.0,5000.0,1000.0,0.0001,0.0,256,3.724,6,1,0
522.9142857142857,1.0,2.0,1.0,5000.0,1000.0,0.0013699855,0.0855726595,547600,3.724,7,6,0
93.6470588235294,1.0,2.0,1.0,5000.0,1000.0,0.0046788455,0.199078306,25,3.724,12,18,0
104.22222222222223,1.0,1.0,1.0,5000.0,1000.0,0.0004405075,0.016559413499999998,2500,3.724,7,4,0
93.6470588235294,1.0,2.0,1.0,5000.0,1000.0,0.001639878,0.057011736,25,3.724,12,18,0
104.22222222222223,1.0,1.0,1.0,5000.0,1000.0,0.0004227935,0.015934041,2500,3.724,3,3,0
268.53846153846155,1.0,2.0,1.0,5000.0,1000.0,0.004977904000000001,0.3128243465000001,159201,3.724,3,12,0
509.8333333333333,1.0,2.0,1.0,5000.0,1000.0,0.004608615999999999,0.31192609200000004,550564,3.724,3,8,0
509.8333333333333,1.0,2.0,1.0,5000.0,944.84627,0.022108797,2.523781459,550564,3.724,9,8,0
93.6470588235294,1.0,2.0,1.0,5000.0,1000.0,0.0008991979999999999,0.031217004,25,3.724,7,14,0
93.6470588235294,1.0,2.0,1.0,3615.54042,602.59007,0.034337632,1.3464435795000003,25,3.724,9,8,0
93.6470588235294,1.0,2.0,1.0,5000.0,1000.0,0.0105607875,0.39537616449999996,25,3.724,6,7,0
93.6470588235294,1.0,2.0,1.0,5000.0,1000.0,0.0012938429999999998,0.043268759000000004,25,3.724,7,14,0
93.6470588235294,1.0,2.0,1.0,5000.0,1000.0,0.010860110000000001,0.4146668045,25,3.724,6,7,0
74.0,2.0,1.0,1.0,5000.0,1000.0,0.0001,0.0,256,3.724,1,3,0
81.0,2.0,1.0,1.0,5000.0,1000.0,0.0001,0.0,256,3.724,9,3,0
432.02127659574467,1.0,1.0,1.0,214.68972,35.78162,0.5796904095,48.40533457,404496,3.724,12,1,0
370.375,1.0,1.0,1.0,1836.4041,306.06735000000003,0.06871821800000001,8.2272929275,198025,3.724,7,4,0
462.4,1.0,2.0,1.0,4941.6538199999995,823.60897,0.027966207500000003,1.9381974640000001,465124,3.724,4,1,0
509.8333333333333,1.0,2.0,1.0,5000.0,1000.0,0.0051101875,0.292886482,550564,3.724,4,6,0
93.6470588235294,1.0,2.0,1.0,5000.0,1000.0,0.009994588499999998,0.3731117465,25,3.724,3,14,0
93.6470588235294,1.0,2.0,1.0,5000.0,1000.0,0.004819248999999999,0.19952084099999998,25,3.724,6,8,0
93.6470588235294,1.0,2.0,1.0,5000.0,1000.0,0.0016600235,0.0572400345,25,3.724,6,8,0
93.6470588235294,1.0,2.0,1.0,5000.0,1000.0,0.001499406,0.053833065,25,3.724,9,14,0
93.6470588235294,1.0,2.0,1.0,5000.0,1000.0,0.0015430234999999999,0.050750201,25,3.724,4,6,0
93.6470588235294,1.0,2.0,1.0,5000.0,1000.0,0.0053377879999999996,0.2367201185,25,3.724,4,8,0
93.6470588235294,1.0,2.0,1.0,5000.0,1000.0,0.0012860355000000002,0.04502611299999999,25,3.724,10,7,0
93.6470588235294,1.0,2.0,1.0,5000.0,1000.0,0.0040293625,0.1656331395,25,3.724,4,8,0
93.6470588235294,1.0,2.0,1.0,5000.0,1000.0,0.005907733,0.2463692055,25,3.724,4,8,0
93.6470588235294,1.0,2.0,1.0,5000.0,1000.0,0.006555488000000001,0.223244125,25,3.724,3,14,0
427.8,1.0,2.0,1.0,5000.0,1000.0,0.0005197095000000001,0.032516500000000004,527076,3.724,11,8,0
433.3829787234043,1.0,1.0,1.0,797.0721599999999,132.84536,0.153996906,6.2445453035,407044,3.724,3,2,0
104.22222222222223,1.0,1.0,1.0,5000.0,1000.0,0.000441635,0.016577946,2500,3.724,10,2,0
313.6585365853659,1.0,2.0,1.0,3083.28876,513.88146,0.0404316845,2.5827074635,237169,3.724,3,11,0
133.3793103448276,1.0,2.0,1.0,278.02937999999995,46.338229999999996,0.4474365395,23.093968045,3969,3.724,1,6,0
74.0,2.0,1.0,1.0,5000.0,1000.0,0.0001,0.0,256,3.724,4,3,0
92.53225806451613,1.0,2.0,1.0,1402.50012,233.75001999999998,0.087761756,15.115394315,3136,3.724,3,11,0
93.6470588235294,1.0,2.0,1.0,5000.0,1000.0,0.001499406,0.053833065,25,3.724,9,14,0
509.8333333333333,1.0,2.0,1.0,1122.02052,187.00342,0.1189507445,11.7608998495,550564,3.724,4,7,0
113.05882352941177,1.0,2.0,1.0,233.76131999999998,38.96022,0.5314319445,24.0879891025,3969,3.724,4,3,0
93.6470588235294,1.0,2.0,1.0,5000.0,1000.0,0.0008544605,0.033487460499999996,25,3.724,7,7,0
126.48275862068965,1.0,2.0,1.0,129.069,21.511499999999998,0.9475316519999999,69.528438375,2401,3.724,1,5,0
93.6470588235294,1.0,2.0,1.0,5000.0,1000.0,0.001218241,0.0418606045,25,3.724,11,12,0
62.9622641509434,1.0,1.0,1.0,5000.0,1000.0,0.017209909500000002,0.839675105,169,3.724,4,1,0
509.8333333333333,1.0,2.0,1.0,5000.0,1000.0,0.0033945885,0.27145869,550564,3.724,6,8,0
132.0,1.0,2.0,1.0,95.00166,15.83361,1.290574356,99.97483856999999,9216,3.724,10,7,0
93.6470588235294,1.0,2.0,1.0,5000.0,1000.0,0.0016385040000000003,0.0570352145,25,3.724,6,8,0
93.6470588235294,1.0,2.0,1.0,5000.0,1000.0,0.0011858185,0.041903928,25,3.724,4,6,0
370.375,1.0,1.0,1.0,1847.61366,307.93561,0.06829952850000001,8.219802868,198025,3.724,9,1,0
489.62025316455697,1.0,2.0,1.0,691.23348,115.20558,0.17832487350000004,30.712116655,725904,3.724,3,14,0
138.4,1.0,2.0,1.0,138.91896,23.15316,0.9042358465,55.361392675,3481,3.724,4,8,0
74.0,2.0,1.0,1.0,5000.0,1000.0,0.0001,0.0,256,3.724,11,3,0
484.15,1.0,2.0,1.0,761.30844,126.88474,0.1606483925,13.084351263999999,725904,3.724,4,7,0
93.6470588235294,1.0,2.0,1.0,5000.0,1000.0,0.001136957,0.043865703,25,3.724,9,14,0
489.62025316455697,1.0,2.0,1.0,400.88544,66.81424,0.30536833249999995,67.54995298,725904,3.724,1,7,0
113.05882352941177,1.0,2.0,1.0,166.81668,27.80278,0.7447103850000001,37.05679498999999,3969,3.724,6,8,0
93.6470588235294,1.0,2.0,1.0,5000.0,1000.0,0.0008948175000000001,0.0321306415,25,3.724,11,12,0
74.0,2.0,1.0,1.0,5000.0,1000.0,0.0001,0.0,256,3.724,4,1,0
509.8333333333333,1.0,2.0,1.0,5000.0,1000.0,0.0016562695,0.09440764250000001,550564,3.724,4,6,0
74.0,2.0,1.0,1.0,5000.0,1000.0,0.0001,0.0,256,3.724,11,3,0
391.6,1.0,1.0,1.0,69.11766,11.51961,1.8846882135,100.0,187489,3.724,4,2,0
391.6,1.0,1.0,1.0,86.02146,14.33691,1.5143256660000002,100.0,187489,3.724,4,2,0
93.6470588235294,1.0,2.0,1.0,5000.0,1000.0,0.0011790764999999998,0.0397122035,25,3.724,11,8,0
133.3793103448276,1.0,2.0,1.0,216.1524,36.0254,0.5657821575,31.554367285,3969,3.724,3,8,0
313.6585365853659,1.0,2.0,1.0,5000.0,1000.0,0.000396085,0.0243418395,237169,3.724,2,4,0
422.1060606060606,1.0,2.0,1.0,235.55964,39.25994,0.521866544,100.0,495616,3.724,5,6,0
93.6470588235294,1.0,2.0,1.0,5000.0,1000.0,0.0014424490000000002,0.0510430655,25,3.724,8,11,0
93.6470588235294,1.0,2.0,1.0,5000.0,1000.0,0.0011837065,0.038489192000000005,25,3.724,7,12,0
74.0,2.0,1.0,1.0,5000.0,1000.0,0.0001,0.0,256,3.724,5,1,0
93.6470588235294,1.0,2.0,1.0,5000.0,1000.0,0.0014579724999999998,0.049880666500000004,25,3.724,8,14,0
93.6470588235294,1.0,2.0,1.0,5000.0,1000.0,0.001144078,0.038497811,25,3.724,7,12,0
489.62025316455697,1.0,2.0,1.0,2190.12222,365.02037,0.055464262,4.084111060500001,725904,3.724,4,8,0
370.375,1.0,1.0,1.0,109.04472,18.174120000000002,1.1576990815,97.30622505000001,198025,3.724,5,2,0
104.22222222222223,1.0,1.0,1.0,5000.0,1000.0,0.000449238,0.0170468525,2500,3.724,1,4,0
126.48275862068965,1.0,2.0,1.0,231.5043,38.58405,0.5387854959999999,27.30712259,2401,3.724,8,14,0
81.0,2.0,1.0,1.0,5000.0,1000.0,0.0001,0.0,256,3.724,4,3,0
484.15,1.0,2.0,1.0,1209.94404,201.65734,0.101145685,10.128157765,690561,3.724,4,8,0
427.8,1.0,2.0,1.0,395.59908,65.93318,0.30827808149999997,55.019895155,527076,3.724,4,8,0
93.6470588235294,1.0,2.0,1.0,5000.0,1000.0,0.0011811974999999999,0.038656496500000005,25,3.724,7,7,0
113.05882352941177,1.0,2.0,1.0,295.80989999999997,49.301649999999995,0.4199525915,15.536919656,3969,3.724,3,7,0
370.375,1.0,1.0,1.0,174.46908,29.078179999999996,0.7431302224999999,46.440693169999996,198025,3.724,3,2,0
135.47826086956522,1.0,2.0,1.0,213.73056,35.62176,0.5753702095,62.10835412,8649,3.724,11,12,0
113.05882352941177,1.0,2.0,1.0,82.41252,13.735420000000001,1.5074491415,84.21261745000001,3969,3.724,8,11,0
313.6585365853659,1.0,2.0,1.0,5000.0,1000.0,0.003329417,0.19924751100000002,237169,3.724,11,8,0
307.42857142857144,1.0,2.0,1.0,1109.97372,184.99562,0.1102830195,3.8926805475,238144,3.724,2,3,0
433.3829787234043,1.0,1.0,1.0,211.57986,35.26331,0.588211321,46.788486835,407044,3.724,4,1,0
74.0,2.0,1.0,1.0,5000.0,1000.0,0.0001,0.0,256,3.724,4,3,0
93.6470588235294,1.0,2.0,1.0,5000.0,1000.0,0.0014988570000000001,0.05207812850000001,25,3.724,8,11,0
93.6470588235294,1.0,2.0,1.0,5000.0,1000.0,0.001443557,0.052887604000000005,25,3.724,8,11,0
104.22222222222223,1.0,1.0,1.0,5000.0,1000.0,0.000459262,0.0171447135,2500,3.724,5,2,0
509.8333333333333,1.0,2.0,1.0,5000.0,1000.0,0.001137032,0.0694183925,550564,3.724,7,12,0
74.0,2.0,1.0,1.0,5000.0,1000.0,0.0001,0.0,256,3.724,4,2,0
93.6470588235294,1.0,2.0,1.0,5000.0,1000.0,0.00158221,0.05293476500000001,25,3.724,8,14,0
93.6470588235294,1.0,2.0,1.0,5000.0,1000.0,0.0008525825,0.033038043,25,3.724,7,12,0
104.22222222222223,1.0,1.0,1.0,5000.0,1000.0,0.0004480395,0.0168261785,2500,3.724,8,1,0
104.22222222222223,1.0,1.0,1.0,5000.0,1000.0,0.0004984999999999999,0.019340175,2500,3.724,10,2,0
489.62025316455697,1.0,2.0,1.0,322.38534000000004,53.73089,0.3797263145,84.238476765,725904,3.724,2,3,0
509.8333333333333,1.0,2.0,1.0,5000.0,1000.0,0.001326481,0.0808910685,550564,3.724,9,14,0
93.6470588235294,1.0,2.0,1.0,5000.0,1000.0,0.001139002,0.0399238965,25,3.724,8,11,0
93.6470588235294,1.0,2.0,1.0,5000.0,1000.0,0.00114009,0.0417978995,25,3.724,8,14,0
74.0,2.0,1.0,1.0,5000.0,1000.0,0.0001,0.0,256,3.724,9,1,0
489.62025316455697,1.0,2.0,1.0,442.28976,73.71495999999999,0.273093459,55.81218791,725904,3.724,3,7,0
132.0,1.0,2.0,1.0,1692.42408,282.07068,0.0724254095,2.2563198865,9216,3.724,11,12,0
427.8,1.0,2.0,1.0,304.7199,50.78665,0.4002216785,78.38415859000001,527076,3.724,5,6,0
136.28571428571428,1.0,2.0,1.0,111.64374000000001,18.60729,1.0947344700000001,74.72890555,3600,3.724,3,7,0
93.6470588235294,1.0,2.0,1.0,5000.0,1000.0,0.0012815765,0.0452571645,25,3.724,10,7,0
126.48275862068965,1.0,2.0,1.0,367.65456,61.275760000000005,0.3326300295,11.6099101775,2401,3.724,3,8,0
522.9142857142857,1.0,2.0,1.0,5000.0,1000.0,0.0011228535000000002,0.06904632449999999,547600,3.724,11,8,0
391.6,1.0,1.0,1.0,72.31818,12.05303,1.801273264,100.0,187489,3.724,3,2,0
484.15,1.0,2.0,1.0,423.17958,70.52993,0.2890144095,30.0271145225,725904,3.724,2,7,0
93.6470588235294,1.0,2.0,1.0,5000.0,1000.0,0.0011496725,0.038606566,25,3.724,7,12,0
93.6470588235294,1.0,2.0,1.0,5000.0,1000.0,0.001444649,0.049697198,25,3.724,8,14,0
93.6470588235294,1.0,2.0,1.0,5000.0,1000.0,0.001515998,0.050816284,25,3.724,8,14,0
263.125,1.0,2.0,1.0,1705.08018,284.18003,0.073140251,2.6180980249999997,159201,3.724,4,5,0
313.6585365853659,1.0,2.0,1.0,2374.0624199999997,395.67706999999996,0.051199536,3.7343050735000003,237169,3.724,2,7,0
93.6470588235294,1.0,2.0,1.0,5000.0,1000.0,0.0015005630000000001,0.051803135,25,3.724,9,14,0
132.0,1.0,2.0,1.0,273.5007,45.58345,0.4584596835,18.275310452499998,9216,3.724,8,14,0
136.28571428571428,1.0,2.0,1.0,325.63938,54.273230000000005,0.382530975,14.410644981499999,3600,3.724,4,5,0
93.6470588235294,1.0,2.0,1.0,5000.0,1000.0,0.0014817510000000001,0.051278459,25,3.724,9,14,0
370.375,1.0,1.0,1.0,198.3792,33.0632,0.636347328,44.609834709999994,198025,3.724,4,2,0
93.6470588235294,1.0,2.0,1.0,5000.0,1000.0,0.0014851665,0.05189612800000001,25,3.724,8,11,0
93.6470588235294,1.0,2.0,1.0,5000.0,1000.0,0.0011510354999999999,0.038858184000000004,25,3.724,7,7,0
522.9142857142857,1.0,2.0,1.0,5000.0,1000.0,0.0016410185,0.0947641455,547600,3.724,8,11,0
81.0,2.0,1.0,1.0,5000.0,1000.0,0.0001,0.0,256,3.724,11,2,0
135.47826086956522,1.0,2.0,1.0,334.68564000000003,55.78094,0.3770355525,23.245490035,8649,3.724,2,4,0
509.8333333333333,1.0,2.0,1.0,5000.0,1000.0,0.001643786,0.0969167215,550564,3.724,8,14,0
113.05882352941177,1.0,2.0,1.0,124.78787999999999,20.79798,0.9955412225,48.383644125,3969,3.724,3,8,0
93.6470588235294,1.0,2.0,1.0,5000.0,1000.0,0.0012812000000000001,0.044531736,25,3.724,10,7,0
484.15,1.0,2.0,1.0,1583.37564,263.89594,0.076701028,2.4459714599999995,725904,3.724,3,6,0
432.02127659574467,1.0,1.0,1.0,433.1382,72.1897,0.2833962765,15.3014065535,404496,3.724,2,1,0
93.6470588235294,1.0,2.0,1.0,5000.0,1000.0,0.0012829195,0.044186437499999995,25,3.724,10,7,0
370.375,1.0,1.0,1.0,68.6541,11.44235,1.8388173234999998,100.0,198025,3.724,2,1,0
93.6470588235294,1.0,2.0,1.0,5000.0,1000.0,0.0009917980000000001,0.041810659,25,3.724,10,7,0
489.62025316455697,1.0,2.0,1.0,476.09015999999997,79.34836,0.25700059700000005,47.66572967,725904,3.724,3,14,0
93.6470588235294,1.0,2.0,1.0,5000.0,1000.0,0.0011395115,0.038914977499999996,25,3.724,5,7,0
93.6470588235294,1.0,2.0,1.0,5000.0,1000.0,0.0011763075,0.039431221,25,3.724,11,8,0
93.6470588235294,1.0,2.0,1.0,5000.0,1000.0,0.0008208960000000001,0.0297681155,25,3.724,4,6,0
93.6470588235294,1.0,2.0,1.0,5000.0,1000.0,0.00116391,0.038787007000000005,25,3.724,4,6,0
93.6470588235294,1.0,2.0,1.0,5000.0,1000.0,0.0011948175,0.038707829,25,3.724,7,7,0
370.375,1.0,1.0,1.0,59.26542,9.87757,2.1300888099999997,100.0,198025,3.724,2,1,0
93.6470588235294,1.0,2.0,1.0,5000.0,1000.0,0.001202443,0.041130086999999996,25,3.724,7,7,0
109.0,2.0,2.0,1.0,102.83538,17.13923,0.9858119685000001,1.39414725,4356,3.724,4,5,0
104.0,2.0,2.0,1.0,621.24846,103.54141,0.163493832,0.2312088355,3136,3.724,3,14,0
93.6470588235294,1.0,2.0,1.0,5000.0,1000.0,0.0011972195000000002,0.0402455165,25,3.724,11,12,0
263.125,1.0,2.0,1.0,2529.21678,421.53613,0.048043756,1.6454360695,159201,3.724,2,7,0
422.1060606060606,1.0,2.0,1.0,233.05224,38.84204,0.532734301,100.0,495616,3.724,4,5,0
81.0,2.0,1.0,1.0,5000.0,1000.0,0.0001,0.0,256,3.724,4,1,0
93.6470588235294,1.0,2.0,1.0,5000.0,1000.0,0.0012175254999999999,0.040657616,25,3.724,11,12,0
307.42857142857144,1.0,2.0,1.0,1431.71454,238.61909,0.085887993,2.5324640535000005,238144,3.724,3,11,0
104.22222222222223,1.0,1.0,1.0,5000.0,1000.0,0.00042553949999999996,0.016035116999999998,2500,3.724,11,1,0
113.05882352941177,1.0,2.0,1.0,145.33884,24.22314,0.8798089290000001,36.2552064275,3969,3.724,2,7,0
432.02127659574467,1.0,1.0,1.0,177.8589,29.64315,0.696321217,57.5655081,404496,3.724,3,2,0
93.6470588235294,1.0,2.0,1.0,5000.0,1000.0,0.0012161255,0.0425135625,25,3.724,11,12,0
313.6585365853659,1.0,2.0,1.0,2384.11536,397.35256,0.051672338,3.1521568425,237169,3.724,3,11,0
509.8333333333333,1.0,2.0,1.0,5000.0,1000.0,0.0014282110000000002,0.1002007845,550564,3.724,5,7,0
113.05882352941177,1.0,2.0,1.0,687.65544,114.60924,0.180634514,5.4864272000000005,3969,3.724,4,2,0
93.6470588235294,1.0,2.0,1.0,5000.0,1000.0,0.0008370074999999999,0.031186244999999998,25,3.724,5,7,0
74.0,2.0,1.0,1.0,5000.0,1000.0,0.0001,0.0,256,3.724,5,1,0
489.62025316455697,1.0,2.0,1.0,5000.0,1000.0,0.004265809,0.24840290800000003,725904,3.724,7,7,0
93.6470588235294,1.0,2.0,1.0,5000.0,1000.0,0.001180396,0.0406605315,25,3.724,5,7,0
104.0,2.0,2.0,1.0,1764.25374,294.04229,0.043313167,0.06125018,3136,3.724,3,14,0
268.53846153846155,1.0,2.0,1.0,5000.0,1000.0,0.0045617895,0.30616915,159201,3.724,7,12,0
104.22222222222223,1.0,1.0,1.0,5000.0,1000.0,0.00043840500000000006,0.016268535,2500,3.724,4,2,0
93.6470588235294,1.0,2.0,1.0,5000.0,1000.0,0.0011924195,0.039498139,25,3.724,4,6,0
268.53846153846155,1.0,2.0,1.0,5000.0,1000.0,0.0010879365,0.06814347750000001,159201,3.724,3,1,0
422.1060606060606,1.0,2.0,1.0,1471.53648,245.25608,0.082168115,2.6516983855000005,527076,3.724,4,6,0
416.5820895522388,1.0,2.0,1.0,2398.50252,399.75042,0.050762439,1.5604743349999999,495616,3.724,2,8,0
93.6470588235294,1.0,2.0,1.0,5000.0,1000.0,0.001182955,0.040532077,25,3.724,11,8,0
263.125,1.0,2.0,1.0,3191.96016,531.99336,0.03861914450000001,2.8400040339999997,143641,3.724,2,10,0
93.6470588235294,1.0,2.0,1.0,5000.0,1000.0,0.0011829174999999999,0.040018975000000005,25,3.724,11,8,0
268.53846153846155,1.0,2.0,1.0,2354.41002,392.40166999999997,0.0524003965,3.832147391,159201,3.724,4,11,0
391.6,1.0,1.0,1.0,107.8656,17.9776,1.2076488654999997,96.10893603499999,187489,3.724,2,3,0
92.53225806451613,1.0,2.0,1.0,744.69216,124.11536,0.161834587,38.028871695,3136,3.724,1,17,0
103.0,2.0,2.0,1.0,244.16760000000002,40.6946,0.32400434399999994,0.4582063755,2916,3.724,2,10,0
432.02127659574467,1.0,1.0,1.0,1789.5783000000001,298.26305,0.068516065,2.3902563504999996,404496,3.724,2,1,0
93.6470588235294,1.0,2.0,1.0,5000.0,1000.0,0.0011767,0.040304586,25,3.724,3,10,0
509.8333333333333,1.0,2.0,1.0,5000.0,1000.0,0.0015165455,0.09543068550000001,550564,3.724,4,11,0
93.6470588235294,1.0,2.0,1.0,5000.0,1000.0,0.0011738309999999997,0.038580794,25,3.724,3,10,0
93.6470588235294,1.0,2.0,1.0,5000.0,1000.0,0.001148316,0.038019623,25,3.724,4,11,0
93.6470588235294,1.0,2.0,1.0,5000.0,1000.0,0.001151345,0.038941237499999996,25,3.724,4,11,0
263.125,1.0,2.0,1.0,2773.82772,462.30462,0.0439184595,3.2488227000000003,143641,3.724,3,10,0
263.125,1.0,2.0,1.0,2556.05256,426.00876,0.047538359,1.546855728,159201,3.724,2,4,0
263.125,1.0,2.0,1.0,1893.07638,315.51273,0.06419137000000001,2.8996977569999998,159201,3.724,2,5,0
370.375,1.0,1.0,1.0,59.26542,9.87757,2.1300888099999997,100.0,198025,3.724,2,1,0
132.0,1.0,2.0,1.0,215.79102,35.96517,0.5676108865,25.8011149925,2916,3.724,1,6,0
135.47826086956522,1.0,2.0,1.0,199.18416,33.197359999999996,0.6173832815000001,57.61601047,8649,3.724,2,5,0
93.6470588235294,1.0,2.0,1.0,5000.0,1000.0,0.0011515885,0.038828215,25,3.724,7,12,0
92.53225806451613,1.0,2.0,1.0,628.44162,104.74027,0.193344564,47.02265877,3136,3.724,2,2,0
427.8,1.0,2.0,1.0,490.87332,81.81222,0.2502751285,36.144375694999994,527076,3.724,2,5,0
440.2826086956522,1.0,1.0,1.0,5000.0,1000.0,0.011077703500000001,0.46140160049999995,401956,3.724,11,1,0
104.22222222222223,1.0,1.0,1.0,5000.0,1000.0,0.0004322065,0.016338567000000002,2500,3.724,2,1,0
536.7647058823529,1.0,2.0,1.0,5000.0,1000.0,0.0014310100000000001,0.08679995650000001,544644,3.724,11,12,0
74.0,2.0,1.0,1.0,5000.0,1000.0,0.0001,0.0,256,3.724,2,1,0
93.6470588235294,1.0,2.0,1.0,5000.0,1000.0,0.001154255,0.03904737,25,3.724,8,10,0
509.8333333333333,1.0,2.0,1.0,5000.0,1000.0,0.0011943029999999999,0.07859723600000001,550564,3.724,10,7,0
93.6470588235294,1.0,2.0,1.0,5000.0,1000.0,0.0011258355,0.037989006000000006,25,3.724,8,10,0
104.22222222222223,1.0,1.0,1.0,5000.0,1000.0,0.00043769049999999997,0.016482304500000003,2500,3.724,3,2,0
74.0,2.0,1.0,1.0,5000.0,1000.0,0.0001,0.0,256,3.724,8,2,0
93.6470588235294,1.0,2.0,1.0,5000.0,1000.0,0.0008835765,0.033699586000000004,25,3.724,11,8,0
81.0,2.0,1.0,1.0,5000.0,1000.0,0.0001,0.0,256,3.724,8,2,0
93.6470588235294,1.0,2.0,1.0,5000.0,1000.0,0.0014980644999999999,0.052666888999999995,25,3.724,9,14,0
93.6470588235294,1.0,2.0,1.0,5000.0,1000.0,0.001279053,0.043629609,25,3.724,18,17,0
81.0,2.0,1.0,1.0,5000.0,1000.0,0.0001,0.0,256,3.724,10,1,0
93.6470588235294,1.0,2.0,1.0,5000.0,1000.0,0.001240953,0.041538115,25,3.724,9,10,0
93.6470588235294,1.0,2.0,1.0,5000.0,1000.0,0.0011944395,0.040419434500000004,25,3.724,9,10,0
509.8333333333333,1.0,2.0,1.0,5000.0,1000.0,0.001154165,0.069670354,550564,3.724,7,7,0
132.0,1.0,2.0,1.0,110.98998,18.49833,1.104658685,100.0,9216,3.724,8,10,0
427.8,1.0,2.0,1.0,478.57097999999996,79.76183,0.254703536,34.516471445,527076,3.724,18,17,0
104.22222222222223,1.0,1.0,1.0,5000.0,1000.0,0.000444746,0.016687680500000003,2500,3.724,3,2,0
370.375,1.0,1.0,1.0,68.44200000000001,11.407,1.844513855,100.0,198025,3.724,3,3,0
92.53225806451613,1.0,2.0,1.0,562.2986999999999,93.71645,0.21604441250000003,52.764414820000006,3136,3.724,3,2,0
74.0,2.0,1.0,1.0,5000.0,1000.0,0.0001,0.0,256,3.724,11,2,0
391.6,1.0,1.0,1.0,147.6333,24.605549999999997,0.882338571,52.15168026,187489,3.724,9,3,0
37.0,0.0,2.0,1.0,7.09548,1.18258,21.140212,0.003989964,324,3.724,1,1,0
133.3793103448276,1.0,2.0,1.0,370.0419,61.67365,0.330484938,10.4338771715,3969,3.724,4,4,0
427.8,1.0,2.0,1.0,628.65834,104.77638999999999,0.192413628,20.624258605,527076,3.724,4,5,0
135.47826086956522,1.0,2.0,1.0,99.15162000000001,16.52527,1.2403138610000002,70.4952434,8649,3.724,10,11,0
433.3829787234043,1.0,1.0,1.0,5000.0,1000.0,0.0113587265,0.3994730605,407044,3.724,1,1,0
370.375,1.0,1.0,1.0,64.28124,10.713539999999998,1.9639095905,100.0,198025,3.724,8,3,0
268.53846153846155,1.0,2.0,1.0,2248.74204,374.79034,0.0540907995,4.190183316500001,159201,3.724,4,5,0
103.0,2.0,2.0,1.0,5000.0,1000.0,0.0003353335,0.000468222,2916,3.724,1,2,0
103.0,2.0,2.0,1.0,162.90732,27.151220000000002,0.44867015600000004,0.634513289,2916,3.724,18,17,0
92.53225806451613,1.0,2.0,1.0,2041.9410599999999,340.32351,0.0609950575,3.856830333,3136,3.724,3,3,0
93.6470588235294,1.0,2.0,1.0,5000.0,1000.0,0.0008765395,0.0321165885,25,3.724,2,6,0
93.6470588235294,1.0,2.0,1.0,5000.0,1000.0,0.0012041835000000001,0.039155333,25,3.724,2,6,0
104.22222222222223,1.0,1.0,1.0,5000.0,1000.0,0.0004292145,0.0161255485,2500,3.724,3,3,0
104.22222222222223,1.0,1.0,1.0,5000.0,1000.0,0.0005694285,0.018654089500000002,2500,3.724,9,3,0
81.0,2.0,1.0,1.0,5000.0,1000.0,0.0001,0.0,256,3.724,2,1,0
93.6470588235294,1.0,2.0,1.0,5000.0,1000.0,0.0013200665000000001,0.0427392815,25,3.724,18,17,0
93.6470588235294,1.0,2.0,1.0,5000.0,1000.0,0.001331678,0.0428017,25,3.724,18,17,0
268.53846153846155,1.0,2.0,1.0,5000.0,1000.0,0.0008934575,0.0615163065,159201,3.724,1,12,0
370.375,1.0,1.0,1.0,487.2249,81.20415,0.2660957865,16.179068655,198025,3.724,8,3,0
313.6585365853659,1.0,2.0,1.0,5000.0,1000.0,0.00037104400000000006,0.0213416565,237169,3.724,2,4,0
268.53846153846155,1.0,2.0,1.0,1626.768,271.128,0.07476965899999999,4.4717764045,159201,3.724,3,3,0
113.05882352941177,1.0,2.0,1.0,433.18626,72.19771,0.29516664749999993,11.3290580825,3969,3.724,4,4,0
93.6470588235294,1.0,2.0,1.0,5000.0,1000.0,0.0011764510000000002,0.039242069,25,3.724,6,7,0
116.15,1.0,1.0,1.0,5000.0,1000.0,0.0002037545,0.0062269385,1764,3.724,9,1,0
93.6470588235294,1.0,2.0,1.0,5000.0,1000.0,0.000926115,0.0329678865,25,3.724,9,10,0
93.6470588235294,1.0,2.0,1.0,5000.0,1000.0,0.001172059,0.0387728315,25,3.724,6,7,0
93.6470588235294,1.0,2.0,1.0,5000.0,1000.0,0.0009405840000000001,0.034516917,25,3.724,18,17,0
74.0,2.0,1.0,1.0,5000.0,1000.0,0.0001,0.0,256,3.724,3,3,0
93.6470588235294,1.0,2.0,1.0,5000.0,1000.0,0.0014740744999999999,0.045775656500000005,25,3.724,9,10,0
93.6470588235294,1.0,2.0,1.0,5000.0,1000.0,0.0012995195,0.0440564225,25,3.724,18,17,0
432.02127659574467,1.0,1.0,1.0,5000.0,1000.0,0.004036449,0.2207542255,404496,3.724,10,1,0
93.6470588235294,1.0,2.0,1.0,5000.0,1000.0,0.0009194234999999999,0.034068506,25,3.724,18,17,0
509.8333333333333,1.0,2.0,1.0,5000.0,1000.0,0.001452374,0.0866211275,550564,3.724,18,17,0
104.22222222222223,1.0,1.0,1.0,5000.0,1000.0,0.00043674599999999996,0.0163613435,2500,3.724,2,1,0
104.22222222222223,1.0,1.0,1.0,5000.0,1000.0,0.0006458494999999999,0.021682524499999998,2500,3.724,18,2,0
391.6,1.0,1.0,1.0,125.55846,20.92641,1.037471568,72.594239365,187489,3.724,18,2,0
433.3829787234043,1.0,1.0,1.0,5000.0,1000.0,0.011667657,0.4048359145,407044,3.724,2,2,0
92.53225806451613,1.0,2.0,1.0,2234.2309800000003,372.37183000000005,0.053754614000000006,4.0164003865,3136,3.724,10,11,0
370.375,1.0,1.0,1.0,62.82036000000001,10.47006,2.0095413935,100.0,198025,3.724,9,3,0
132.0,1.0,2.0,1.0,67.69266,11.282110000000001,1.8112340135,94.3034551,9216,3.724,6,7,0
113.05882352941177,1.0,2.0,1.0,113.84328000000001,18.97388,1.091253021,46.620014095,3969,3.724,10,11,0
132.0,1.0,2.0,1.0,59.262480000000004,9.87708,2.1159065714999996,100.0,9216,3.724,2,3,0
484.15,1.0,2.0,1.0,406.55472,67.75912,0.2992207805,55.58478281000001,690561,3.724,4,5,0
132.0,1.0,2.0,1.0,93.13362000000001,15.52227,1.316460125,51.971355024999994,9216,3.724,1,4,0
110.0,2.0,2.0,1.0,185.9736,30.9956,0.612328828,0.8659598439999999,4096,3.724,9,6,0
263.125,1.0,2.0,1.0,2509.61616,418.26936,0.048546783,2.876453333,143641,3.724,8,10,0
93.6470588235294,1.0,2.0,1.0,5000.0,1000.0,0.0011763664999999998,0.03946276,25,3.724,6,7,0
509.8333333333333,1.0,2.0,1.0,5000.0,1000.0,0.0014542505000000002,0.08476614699999999,550564,3.724,8,10,0
489.62025316455697,1.0,2.0,1.0,5000.0,1000.0,0.000573709,0.034569566,725904,3.724,3,5,0
432.02127659574467,1.0,1.0,1.0,5000.0,1000.0,0.0008147504999999999,0.0258574525,404496,3.724,4,1,0
93.6470588235294,1.0,2.0,1.0,5000.0,1000.0,0.0012832865,0.043292545499999995,25,3.724,18,17,0
427.8,1.0,2.0,1.0,5000.0,1000.0,0.00046996400000000007,0.0276253405,527076,3.724,2,7,0
509.8333333333333,1.0,2.0,1.0,5000.0,1000.0,0.0015546905,0.097923755,550564,3.724,9,10,0
313.6585365853659,1.0,2.0,1.0,5000.0,1000.0,0.000385051,0.022257175500000004,237169,3.724,2,4,0
81.0,2.0,1.0,1.0,5000.0,1000.0,0.0001,0.0,256,3.724,6,3,0
135.47826086956522,1.0,2.0,1.0,407.49978,67.91663,0.30832120399999996,23.12920071,8649,3.724,3,4,0
135.47826086956522,1.0,2.0,1.0,197.95266,32.992110000000004,0.6212463800000001,60.048491444999996,8649,3.724,3,3,0
509.8333333333333,1.0,2.0,1.0,5000.0,1000.0,0.001191505,0.0714184095,550564,3.724,6,7,0
391.6,1.0,1.0,1.0,1689.36792,281.56132,0.0770784035,8.6775680875,187489,3.724,3,1,0
172.0,1.0,2.0,1.0,5000.0,1000.0,0.00025379399999999995,0.0065308295,5184,3.724,3,3,0
81.0,2.0,1.0,1.0,5000.0,1000.0,0.0001,0.0,256,3.724,3,2,0
109.0,2.0,2.0,1.0,5000.0,1000.0,0.0011238335,0.0015805024999999999,4356,3.724,3,3,0
81.0,2.0,1.0,1.0,5000.0,1000.0,0.0001,0.0,256,3.724,3,2,0
427.8,1.0,2.0,1.0,5000.0,1000.0,0.000508298,0.028247453,527076,3.724,2,4,0
433.3829787234043,1.0,1.0,1.0,5000.0,1000.0,0.01167083,0.4165075175,407044,3.724,2,1,0
81.0,2.0,1.0,1.0,5000.0,1000.0,0.0001,0.0,256,3.724,1,1,0
489.62025316455697,1.0,2.0,1.0,5000.0,1000.0,0.0007474515,0.022730251,725904,3.724,1,4,0
172.0,1.0,2.0,1.0,5000.0,1000.0,0.0003581175,0.0101570185,5184,3.724,4,5,0
427.8,1.0,2.0,1.0,5000.0,1000.0,0.00045593649999999995,0.025131518499999998,527076,3.724,3,12,0
73.0,2.0,1.0,1.0,5000.0,1000.0,0.0001,0.0,256,3.724,2,3,0
90.12096774193549,1.0,2.0,1.0,5000.0,1000.0,0.0061843374999999996,0.40659423400000005,2601,3.724,4,5,0
433.3829787234043,1.0,1.0,1.0,5000.0,1000.0,0.016347686500000003,0.689069955,407044,3.724,2,1,0
103.0,2.0,2.0,1.0,5000.0,1000.0,0.0003205,0.0004468945,2916,3.724,4,5,0
81.0,2.0,1.0,1.0,5000.0,1000.0,0.0001,0.0,256,3.724,2,1,0
81.0,2.0,1.0,1.0,5000.0,1000.0,0.0001,0.0,256,3.724,2,1,0
268.53846153846155,1.0,2.0,1.0,5000.0,1000.0,0.0011000225000000001,0.06881966249999999,159201,3.724,2,3,0
391.6,1.0,1.0,1.0,1731.7465200000001,288.62442,0.075191417,8.6019469255,187489,3.724,3,1,0
93.6470588235294,1.0,2.0,1.0,5000.0,1000.0,0.0014409235,0.047787802500000004,25,3.724,18,17,0
313.6585365853659,1.0,2.0,1.0,5000.0,1000.0,0.0010002655000000001,0.067800256,237169,3.724,2,7,0
93.6470588235294,1.0,2.0,1.0,5000.0,1000.0,0.00142409,0.0460343915,25,3.724,18,17,0
489.62025316455697,1.0,2.0,1.0,1644.4494,274.0749,0.0739365335,4.3859381395,725904,3.724,8,5,0
74.0,2.0,1.0,1.0,5000.0,1000.0,0.0001,0.0,256,3.724,10,2,0
115.09836065573771,1.0,1.0,1.0,5000.0,1000.0,0.0058929165,0.3854677965,1521,3.724,2,1,0
126.48275862068965,1.0,2.0,1.0,919.83552,153.30592,0.13293564,4.4021968145,2401,3.724,18,17,0
427.8,1.0,2.0,1.0,2231.59584,371.93264,0.054199753,3.5303495055000003,527076,3.724,18,17,0
110.0,2.0,2.0,1.0,239.94984,39.99164,0.4618275,0.653114594,4096,3.724,9,6,0
109.0,2.0,2.0,1.0,5000.0,1000.0,0.0010674999999999999,0.0014969550000000001,4356,3.724,4,5,0
313.6585365853659,1.0,2.0,1.0,1243.9520400000001,207.32534,0.10043079299999999,6.208045062499999,237169,3.724,8,5,0
92.53225806451613,1.0,2.0,1.0,697.82028,116.30338,0.1755250375,37.49919487,3136,3.724,10,11,0
138.5,1.0,2.0,1.0,5000.0,1000.0,0.00042449999999999996,0.010856616000000001,9801,3.724,3,12,0
370.375,1.0,1.0,1.0,116.94420000000001,19.4907,1.0794967905,75.174479125,198025,3.724,9,1,0
391.6,1.0,1.0,1.0,1730.2259999999999,288.371,0.07525741899999999,8.601976608000001,187489,3.724,6,3,0
104.22222222222223,1.0,1.0,1.0,5000.0,1000.0,0.0005634285,0.018429362999999997,2500,3.724,6,3,0
73.0,2.0,1.0,1.0,5000.0,1000.0,0.0001,0.0,256,3.724,3,3,0
93.6470588235294,1.0,2.0,1.0,5000.0,1000.0,0.0012895690000000002,0.0447211125,25,3.724,7,7,0
313.6585365853659,1.0,2.0,1.0,5000.0,1000.0,0.000408752,0.027164973,237169,3.724,2,3,0
93.6470588235294,1.0,2.0,1.0,5000.0,1000.0,0.001123953,0.036681016,25,3.724,8,10,0
93.6470588235294,1.0,2.0,1.0,5000.0,1000.0,0.0012852645,0.0419925165,25,3.724,9,10,0
93.6470588235294,1.0,2.0,1.0,5000.0,1000.0,0.000981304,0.033546463,25,3.724,7,7,0
509.8333333333333,1.0,2.0,1.0,5000.0,1000.0,0.0015887575,0.10259643,550564,3.724,18,17,0
81.0,2.0,1.0,1.0,5000.0,1000.0,0.0001,0.0,256,3.724,9,1,0
462.4,1.0,2.0,1.0,5000.0,1000.0,0.0005248844999999999,0.0089125105,342225,3.724,4,3,0
489.62025316455697,1.0,2.0,1.0,322.25034,53.70839,0.37482355100000003,76.160486925,725904,3.724,3,3,0
92.53225806451613,1.0,2.0,1.0,697.82028,116.30338,0.1755250375,37.49919487,3136,3.724,10,11,0
132.0,1.0,2.0,1.0,5000.0,1000.0,0.0004114485,0.027851975000000005,6889,3.724,6,7,0
427.8,1.0,2.0,1.0,312.10128,52.01688,0.3905617585,65.64702668000001,527076,3.724,8,5,0
441.67391304347825,1.0,1.0,1.0,5000.0,1000.0,0.0063312214999999995,0.300046339,404496,3.724,3,1,0
370.375,1.0,1.0,1.0,1842.228,307.038,0.0684981765,8.2208235515,198025,3.724,1,1,0
135.47826086956522,1.0,2.0,1.0,130.68486000000001,21.780810000000002,0.9410103175,100.0,8649,3.724,10,11,0
74.0,2.0,1.0,1.0,5000.0,1000.0,0.0001,0.0,256,3.724,4,1,0
133.3793103448276,1.0,2.0,1.0,202.29863999999998,33.71644,0.6045309259999999,33.6896054725,3969,3.724,9,6,0
90.12096774193549,1.0,2.0,1.0,540.95394,90.15898999999999,0.22278714200000002,54.563621285,2601,3.724,4,5,0
93.6470588235294,1.0,2.0,1.0,5000.0,1000.0,0.0012937134999999999,0.04496595850000001,25,3.724,7,7,0
93.6470588235294,1.0,2.0,1.0,5000.0,1000.0,0.0011038369999999999,0.036637366,25,3.724,8,10,0
462.4,1.0,2.0,1.0,5000.0,1000.0,0.000530857,0.031521323000000004,465124,3.724,4,3,0
93.6470588235294,1.0,2.0,1.0,5000.0,1000.0,0.0007725605,0.028991621500000002,25,3.724,8,10,0
74.0,2.0,1.0,1.0,5000.0,1000.0,0.0001,0.0,256,3.724,10,2,0
155.85714285714286,1.0,2.0,1.0,5000.0,1000.0,0.0005818855,0.020689001,32400,3.724,4,3,0
104.22222222222223,1.0,1.0,1.0,5000.0,1000.0,0.0005477065,0.0177525245,2500,3.724,8,3,0
74.0,2.0,1.0,1.0,5000.0,1000.0,0.0001,0.0,256,3.724,9,1,0
93.6470588235294,1.0,2.0,1.0,5000.0,1000.0,0.001278516,0.0416396175,25,3.724,18,17,0
313.6585365853659,1.0,2.0,1.0,2012.37414,335.39569,0.0604007535,4.201371204999999,237169,3.724,9,6,0
422.1060606060606,1.0,2.0,1.0,1495.4200799999999,249.23667999999998,0.080851111,3.4753912569999996,527076,3.724,9,10,0
103.0,2.0,2.0,1.0,5000.0,1000.0,0.00028700000000000004,0.000401636,2916,3.724,4,3,0
427.8,1.0,2.0,1.0,277.14708,46.19118,0.44373171100000003,78.10817589,527076,3.724,10,11,0
489.62025316455697,1.0,2.0,1.0,506.98482,84.49747,0.239828977,39.636673515000005,725904,3.724,4,4,0
1016.6875,1.0,1.0,1.0,1372.6749599999998,228.77916,0.1019654475,38.474373185000005,1974025,3.724,3,3,0
422.1060606060606,1.0,2.0,1.0,872.9049,145.48415,0.1385222995,6.462696425,527076,3.724,1,6,0
307.42857142857144,1.0,2.0,1.0,2805.28134,467.54688999999996,0.043287402,1.4487309805,238144,3.724,2,5,0
98.62727272727273,1.0,1.0,1.0,5000.0,1000.0,0.012647182000000002,0.7889043715,361,3.724,3,1,0
93.6470588235294,1.0,2.0,1.0,5000.0,1000.0,0.0009438605,0.035875179,25,3.724,7,11,0
81.0,2.0,1.0,1.0,5000.0,1000.0,0.0001,0.0,256,3.724,6,3,0
509.8333333333333,1.0,2.0,1.0,5000.0,1000.0,0.001445157,0.083914625,550564,3.724,7,11,0
432.02127659574467,1.0,1.0,1.0,5000.0,1000.0,0.002250196,0.158530414,404496,3.724,2,2,0
433.3829787234043,1.0,1.0,1.0,5000.0,1000.0,0.0008639955,0.027253722,407044,3.724,4,1,0
74.0,2.0,1.0,1.0,5000.0,1000.0,0.0001,0.0,256,3.724,5,1,0
73.0,2.0,1.0,1.0,5000.0,1000.0,0.0001,0.0,256,3.724,7,1,0
93.6470588235294,1.0,2.0,1.0,5000.0,1000.0,0.001338045,0.0439590385,25,3.724,12,10,0
73.0,2.0,1.0,1.0,5000.0,1000.0,0.0001,0.0,256,3.724,12,2,0
104.22222222222223,1.0,1.0,1.0,5000.0,1000.0,0.000554246,0.018305108999999996,2500,3.724,9,5,0
135.47826086956522,1.0,2.0,1.0,5000.0,1000.0,0.00023824300000000002,0.014298120000000001,8649,3.724,3,4,0
509.8333333333333,1.0,2.0,1.0,5000.0,1000.0,0.001357631,0.08176687,550564,3.724,8,9,0
109.0,2.0,2.0,1.0,95.99610000000001,15.999350000000002,1.3469793749999999,1.9049122499999998,4356,3.724,7,11,0
93.6470588235294,1.0,2.0,1.0,5000.0,1000.0,0.0013171184999999999,0.044475724,25,3.724,7,7,0
113.05882352941177,1.0,2.0,1.0,325.78056,54.29676,0.38131944250000005,16.994926884999998,3969,3.724,12,10,0
73.0,2.0,1.0,1.0,5000.0,1000.0,0.0001,0.0,256,3.724,1,2,0
427.8,1.0,2.0,1.0,5000.0,1000.0,0.00047989749999999997,0.0274530875,527076,3.724,1,4,0
116.15,1.0,1.0,1.0,5000.0,1000.0,0.013649409999999999,0.915602201,1764,3.724,6,1,0
93.6470588235294,1.0,2.0,1.0,5000.0,1000.0,0.001278316,0.044819739500000004,25,3.724,7,7,0
509.8333333333333,1.0,2.0,1.0,5000.0,1000.0,0.001212553,0.077556875,550564,3.724,7,7,0
62.9622641509434,1.0,1.0,1.0,5000.0,1000.0,0.00045077400000000003,0.0169858945,169,3.724,4,1,0
90.12096774193549,1.0,2.0,1.0,5000.0,1000.0,0.004790128,0.47361021400000003,2601,3.724,4,3,0
109.0,2.0,2.0,1.0,5000.0,1000.0,0.0010633335,0.001493174,4356,3.724,4,3,0
1025.6363636363637,1.0,1.0,1.0,1366.4278199999999,227.73797,0.103175007,38.25328103,1974025,3.724,3,3,0
1022.0369685767098,1.0,1.0,1.0,1358.00694,226.33449,0.10333893100000001,38.636255430000006,1974025,3.724,6,3,0
93.6470588235294,1.0,2.0,1.0,5000.0,1000.0,0.0012109935,0.038396023,25,3.724,11,12,0
93.6470588235294,1.0,2.0,1.0,5000.0,1000.0,0.000876251,0.032457968499999997,25,3.724,11,12,0
509.8333333333333,1.0,2.0,1.0,5000.0,1000.0,0.0011373630000000002,0.0686067275,550564,3.724,11,12,0
73.0,2.0,1.0,1.0,5000.0,1000.0,0.0001,0.0,256,3.724,2,3,0
93.6470588235294,1.0,2.0,1.0,5000.0,1000.0,0.0010021235000000001,0.04109887699999999,25,3.724,11,12,0
462.4,1.0,2.0,1.0,5000.0,850.1689399999999,0.026072864,1.937450155,465124,3.724,4,2,0
93.6470588235294,1.0,2.0,1.0,5000.0,1000.0,0.0011687590000000001,0.0386318315,25,3.724,11,12,0
74.0,2.0,1.0,1.0,5000.0,1000.0,0.0001,0.0,256,3.724,1,3,0
509.8333333333333,1.0,2.0,1.0,5000.0,1000.0,0.001172606,0.07049448,550564,3.724,4,4,0
74.0,2.0,1.0,1.0,5000.0,1000.0,0.0001,0.0,256,3.724,11,2,0
138.5,1.0,2.0,1.0,5000.0,1000.0,0.00032536399999999997,0.0086525435,9801,3.724,11,12,0
74.0,2.0,1.0,1.0,5000.0,1000.0,0.0001,0.0,256,3.724,2,3,0
93.6470588235294,1.0,2.0,1.0,5000.0,1000.0,0.001153498,0.036628187500000006,25,3.724,4,4,0
263.125,1.0,2.0,1.0,5000.0,1000.0,0.000318487,0.0102579005,159201,3.724,1,4,0
509.8333333333333,1.0,2.0,1.0,5000.0,1000.0,0.001174323,0.0732665135,550564,3.724,11,12,0
93.6470588235294,1.0,2.0,1.0,5000.0,1000.0,0.0013175335000000002,0.044932341,25,3.724,11,12,0
74.0,2.0,1.0,1.0,5000.0,1000.0,0.0001,0.0,256,3.724,4,3,0
93.6470588235294,1.0,2.0,1.0,5000.0,1000.0,0.001166096,0.037714638,25,3.724,4,4,0
116.15,1.0,1.0,1.0,5000.0,1000.0,0.00023128349999999997,0.0077691489999999995,1764,3.724,1,1,0
116.15,1.0,1.0,1.0,5000.0,1000.0,0.012171921999999998,0.7593515595,1764,3.724,1,1,0
93.6470588235294,1.0,2.0,1.0,5000.0,1000.0,0.0013044275,0.0448057315,25,3.724,11,12,0
155.85714285714286,1.0,2.0,1.0,5000.0,1000.0,0.0078768,0.328278795,32400,3.724,4,2,0
93.6470588235294,1.0,2.0,1.0,5000.0,1000.0,0.0008668215,0.0333177905,25,3.724,11,12,0
104.22222222222223,1.0,1.0,1.0,5000.0,1000.0,0.0004395,0.0164474035,2500,3.724,4,3,0
93.6470588235294,1.0,2.0,1.0,5000.0,1000.0,0.00081889,0.0307988365,25,3.724,4,4,0
509.8333333333333,1.0,2.0,1.0,5000.0,1000.0,0.00106121,0.0662905085,550564,3.724,11,10,0
93.6470588235294,1.0,2.0,1.0,5000.0,1000.0,0.0012105415,0.0394670955,25,3.724,11,10,0
93.6470588235294,1.0,2.0,1.0,5000.0,1000.0,0.00117461,0.039324408000000005,25,3.724,11,10,0
93.6470588235294,1.0,2.0,1.0,5000.0,1000.0,0.0008003745,0.0301365695,25,3.724,5,11,0
509.8333333333333,1.0,2.0,1.0,5000.0,1000.0,0.0011292275,0.06788141300000002,550564,3.724,5,11,0
92.53225806451613,1.0,2.0,1.0,5000.0,1000.0,0.0078608705,0.49051099249999996,3136,3.724,5,16,0
73.0,2.0,1.0,1.0,5000.0,1000.0,0.0001,0.0,256,3.724,11,1,0
93.6470588235294,1.0,2.0,1.0,5000.0,1000.0,0.0012165025,0.03967698,25,3.724,11,10,0
93.6470588235294,1.0,2.0,1.0,5000.0,1000.0,0.0011349765,0.038329788000000004,25,3.724,5,16,0
104.22222222222223,1.0,1.0,1.0,5000.0,1000.0,0.00043811900000000005,0.0165024195,2500,3.724,2,3,0
93.6470588235294,1.0,2.0,1.0,5000.0,1000.0,0.0011565314999999999,0.037770305,25,3.724,5,11,0
93.6470588235294,1.0,2.0,1.0,5000.0,1000.0,0.001315416,0.04573872749999999,25,3.724,11,10,0
93.6470588235294,1.0,2.0,1.0,5000.0,1000.0,0.001303078,0.0444176235,25,3.724,11,10,0
104.22222222222223,1.0,1.0,1.0,5000.0,1000.0,0.000446778,0.0166243955,2500,3.724,1,2,0
93.6470588235294,1.0,2.0,1.0,5000.0,1000.0,0.001181559,0.0392370485,25,3.724,11,10,0
93.6470588235294,1.0,2.0,1.0,5000.0,1000.0,0.001175669,0.039626062,25,3.724,11,10,0
93.6470588235294,1.0,2.0,1.0,5000.0,1000.0,0.0011711049999999998,0.0382761895,25,3.724,5,16,0
104.22222222222223,1.0,1.0,1.0,5000.0,1000.0,0.0004338095,0.016338752999999998,2500,3.724,11,1,0
132.0,1.0,2.0,1.0,5000.0,1000.0,0.010899427,0.3454592325,2916,3.724,1,7,0
489.62025316455697,1.0,2.0,1.0,5000.0,1000.0,0.0005817464999999999,0.0320627225,725904,3.724,1,1,0
74.0,2.0,1.0,1.0,5000.0,1000.0,0.0001,0.0,256,3.724,5,3,0
104.22222222222223,1.0,1.0,1.0,5000.0,1000.0,0.00043874599999999995,0.016489152,2500,3.724,2,3,0
74.0,2.0,1.0,1.0,5000.0,1000.0,0.0001,0.0,256,3.724,2,3,0
93.6470588235294,1.0,2.0,1.0,5000.0,1000.0,0.0011149979999999999,0.0370924955,25,3.724,5,16,0
93.6470588235294,1.0,2.0,1.0,5000.0,1000.0,0.0011719115,0.039415604,25,3.724,11,10,0
93.6470588235294,1.0,2.0,1.0,5000.0,1000.0,0.0011604415,0.0383518075,25,3.724,5,11,0
93.6470588235294,1.0,2.0,1.0,5000.0,1000.0,0.0010948940000000001,0.036497308000000006,25,3.724,5,11,0
81.0,2.0,1.0,1.0,5000.0,1000.0,0.0001,0.0,256,3.724,10,3,0
81.0,2.0,1.0,1.0,5000.0,1000.0,0.0001,0.0,256,3.724,6,1,0
104.22222222222223,1.0,1.0,1.0,5000.0,1000.0,0.00043426200000000004,0.016331697,2500,3.724,1,2,0
93.6470588235294,1.0,2.0,1.0,5000.0,1000.0,0.00114101,0.038765838500000004,25,3.724,10,16,0
441.67391304347825,1.0,1.0,1.0,5000.0,1000.0,0.0005624035,0.015891712,404496,3.724,2,2,0
268.53846153846155,1.0,2.0,1.0,5000.0,1000.0,0.0002684435,0.0071538135,159201,3.724,6,11,0
268.53846153846155,1.0,2.0,1.0,5000.0,1000.0,0.0002583165,0.01668878,159201,3.724,10,16,0
90.12096774193549,1.0,2.0,1.0,5000.0,1000.0,0.0068903145,0.41604969599999997,2601,3.724,6,11,0
93.6470588235294,1.0,2.0,1.0,5000.0,1000.0,0.0011337839999999999,0.03783235050000001,25,3.724,10,16,0
489.62025316455697,1.0,2.0,1.0,5000.0,1000.0,0.00042864400000000005,0.022605862,725904,3.724,1,2,0
110.0,2.0,2.0,1.0,5000.0,1000.0,0.0011793335,0.001658284,4096,3.724,5,6,0
1047.8064516129032,1.0,1.0,1.0,1715.40222,285.90037,0.084703265,22.24449129,1971216,3.724,10,2,0
462.4,1.0,2.0,1.0,5000.0,852.24343,0.0308073525,0.826570263,342225,3.724,6,1,0
74.0,2.0,1.0,1.0,5000.0,1000.0,0.0001,0.0,256,3.724,5,3,0
81.0,2.0,1.0,1.0,5000.0,1000.0,0.0001,0.0,256,3.724,5,3,0
183.11111111111111,1.0,2.0,1.0,5000.0,1000.0,0.00025379399999999995,0.0066614465,8836,3.724,5,6,0
104.0,2.0,2.0,1.0,5000.0,1000.0,0.000343167,0.0004789465,3136,3.724,5,6,0
93.6470588235294,1.0,2.0,1.0,5000.0,1000.0,0.0011333449999999998,0.037895636499999996,25,3.724,10,16,0
93.6470588235294,1.0,2.0,1.0,5000.0,1000.0,0.001173179,0.037565775,25,3.724,10,16,0
93.6470588235294,1.0,2.0,1.0,5000.0,1000.0,0.000816547,0.0310159215,25,3.724,10,16,0
138.5,1.0,2.0,1.0,5000.0,1000.0,0.000321091,0.008603650999999999,9801,3.724,6,11,0
433.3829787234043,1.0,1.0,1.0,5000.0,1000.0,0.000580773,0.0147989005,407044,3.724,2,1,0
489.62025316455697,1.0,2.0,1.0,5000.0,1000.0,0.0004575995,0.024224558,725904,3.724,1,5,0
450.3333333333333,1.0,1.0,1.0,5000.0,1000.0,0.0114093035,0.5173925345,403225,3.724,2,2,0
62.9622641509434,1.0,1.0,1.0,5000.0,1000.0,0.01636723,0.7414219000000001,169,3.724,6,1,0
81.0,2.0,1.0,1.0,5000.0,1000.0,0.0001,0.0,256,3.724,2,1,0
522.9142857142857,1.0,2.0,1.0,5000.0,1000.0,0.0010717284999999998,0.06755750549999999,547600,3.724,10,16,0
81.0,2.0,1.0,1.0,5000.0,1000.0,0.0001,0.0,256,3.724,10,3,0
73.0,2.0,1.0,1.0,5000.0,1000.0,0.0001,0.0,256,3.724,1,1,0
110.0,2.0,2.0,1.0,5000.0,1000.0,0.001144,0.0016083150000000001,4096,3.724,3,6,0
93.6470588235294,1.0,2.0,1.0,5000.0,1000.0,0.001152952,0.037324420000000004,25,3.724,8,7,0
391.6,1.0,1.0,1.0,1731.96186,288.66031,0.075181881,8.6002667085,187489,3.724,8,2,0
427.8,1.0,2.0,1.0,5000.0,1000.0,0.00041418250000000003,0.0224563355,527076,3.724,8,7,0
74.0,2.0,1.0,1.0,5000.0,1000.0,0.0001,0.0,256,3.724,3,2,0
93.6470588235294,1.0,2.0,1.0,5000.0,1000.0,0.0011209335000000001,0.037346298,25,3.724,8,7,0
313.6585365853659,1.0,2.0,1.0,5000.0,1000.0,0.00118847,0.07236947499999999,237169,3.724,3,2,0
509.8333333333333,1.0,2.0,1.0,5000.0,1000.0,0.001036362,0.0642605365,550564,3.724,8,7,0
450.3333333333333,1.0,1.0,1.0,5000.0,1000.0,0.011711717,0.52163525,403225,3.724,1,1,0
73.0,2.0,1.0,1.0,5000.0,1000.0,0.0001,0.0,256,3.724,3,2,0
138.5,1.0,2.0,1.0,5000.0,1000.0,0.0003448635,0.0093633375,9801,3.724,1,16,0
183.11111111111111,1.0,2.0,1.0,5000.0,1000.0,0.0002538235,0.006691226,8836,3.724,3,6,0
90.12096774193549,1.0,2.0,1.0,5000.0,1000.0,0.0027790840000000002,0.30759443999999997,2601,3.724,1,10,0
135.47826086956522,1.0,2.0,1.0,5000.0,1000.0,0.0002484915,0.00647933,8649,3.724,1,7,0
81.0,2.0,1.0,1.0,5000.0,1000.0,0.0001,0.0,256,3.724,3,3,0
93.6470588235294,1.0,2.0,1.0,5000.0,1000.0,0.001132184,0.037747909499999996,25,3.724,8,7,0
81.0,2.0,1.0,1.0,5000.0,1000.0,0.0001,0.0,256,3.724,3,3,0
104.0,2.0,2.0,1.0,5000.0,1000.0,0.00032983299999999997,0.00045938500000000003,3136,3.724,3,6,0
93.6470588235294,1.0,2.0,1.0,5000.0,1000.0,0.0008178255,0.030982004,25,3.724,8,7,0
93.6470588235294,1.0,2.0,1.0,5000.0,1000.0,0.0011200605000000001,0.037251485,25,3.724,8,7,0
104.22222222222223,1.0,1.0,1.0,5000.0,1000.0,0.000473841,0.017532554000000002,2500,3.724,3,2,0
98.62727272727273,1.0,1.0,1.0,5000.0,1000.0,0.0060239975,0.37899523799999996,361,3.724,5,1,0
104.22222222222223,1.0,1.0,1.0,5000.0,1000.0,0.00045289650000000006,0.0168544275,2500,3.724,1,1,0
509.8333333333333,1.0,2.0,1.0,5000.0,1000.0,0.001078348,0.068009556,550564,3.724,5,16,0
93.6470588235294,1.0,2.0,1.0,5000.0,1000.0,0.0008228370000000001,0.031393202,25,3.724,5,7,0
509.8333333333333,1.0,2.0,1.0,5000.0,1000.0,0.001032173,0.0647258585,550564,3.724,5,7,0
93.6470588235294,1.0,2.0,1.0,5000.0,1000.0,0.001121459,0.0379102355,25,3.724,5,7,0
104.22222222222223,1.0,1.0,1.0,5000.0,1000.0,0.000438381,0.0163683895,2500,3.724,5,2,0
93.6470588235294,1.0,2.0,1.0,5000.0,1000.0,0.0011581645,0.038598335,25,3.724,5,16,0
509.8333333333333,1.0,2.0,1.0,5000.0,1000.0,0.0010135290000000002,0.0635430045,550564,3.724,5,16,0
370.375,1.0,1.0,1.0,1851.62328,308.60388,0.06815176099999999,8.217326564999999,198025,3.724,2,2,0
93.6470588235294,1.0,2.0,1.0,5000.0,1000.0,0.0011173665,0.037499151,25,3.724,5,5,0
93.6470588235294,1.0,2.0,1.0,5000.0,1000.0,0.0011441085,0.03711048299999999,25,3.724,5,5,0
81.0,2.0,1.0,1.0,5000.0,1000.0,0.0001,0.0,256,3.724,2,3,0
104.22222222222223,1.0,1.0,1.0,5000.0,1000.0,0.00043183349999999996,0.0162758505,2500,3.724,1,2,0
93.6470588235294,1.0,2.0,1.0,5000.0,1000.0,0.001191031,0.0399495795,25,3.724,5,16,0
135.47826086956522,1.0,2.0,1.0,5000.0,1000.0,0.0002445725,0.0146573775,8649,3.724,3,11,0
104.22222222222223,1.0,1.0,1.0,5000.0,1000.0,0.000446365,0.0167747935,2500,3.724,2,3,0
93.6470588235294,1.0,2.0,1.0,5000.0,1000.0,0.0008147135000000001,0.0304679195,25,3.724,3,11,0
313.6585365853659,1.0,2.0,1.0,5000.0,1000.0,0.0002934565,0.01733996,237169,3.724,5,5,0
90.12096774193549,1.0,2.0,1.0,5000.0,1000.0,0.0043695835,0.37355223,2601,3.724,5,7,0
93.6470588235294,1.0,2.0,1.0,5000.0,1000.0,0.00111089,0.0371186995,25,3.724,5,5,0
522.9142857142857,1.0,2.0,1.0,5000.0,1000.0,0.0010563310000000002,0.065842027,547600,3.724,3,11,0
489.62025316455697,1.0,2.0,1.0,5000.0,1000.0,0.0004475715,0.022970714,725904,3.724,5,7,0
81.0,2.0,1.0,1.0,5000.0,1000.0,0.0001,0.0,256,3.724,2,3,0
93.6470588235294,1.0,2.0,1.0,5000.0,1000.0,0.0011367175000000001,0.03798399000000001,25,3.724,3,10,0
93.6470588235294,1.0,2.0,1.0,5000.0,1000.0,0.001099643,0.03641687450000001,25,3.724,10,9,0
93.6470588235294,1.0,2.0,1.0,5000.0,1000.0,0.0011002195,0.03646955,25,3.724,10,9,0
74.0,2.0,1.0,1.0,5000.0,1000.0,0.0001,0.0,256,3.724,2,2,0
93.6470588235294,1.0,2.0,1.0,5000.0,1000.0,0.0011904645,0.0399951685,25,3.724,10,9,0
93.6470588235294,1.0,2.0,1.0,5000.0,1000.0,0.001188641,0.040079978,25,3.724,10,9,0
104.22222222222223,1.0,1.0,1.0,5000.0,1000.0,0.00043812700000000007,0.0163058205,2500,3.724,6,1,0
93.6470588235294,1.0,2.0,1.0,5000.0,1000.0,0.0011623190000000002,0.037432501,25,3.724,3,10,0
93.6470588235294,1.0,2.0,1.0,5000.0,1000.0,0.001153223,0.037421958,25,3.724,3,10,0
509.8333333333333,1.0,2.0,1.0,5000.0,1000.0,0.001032705,0.064015024,550564,3.724,3,10,0
74.0,2.0,1.0,1.0,5000.0,1000.0,0.0001,0.0,256,3.724,2,3,0
93.6470588235294,1.0,2.0,1.0,5000.0,1000.0,0.00111571,0.0372379605,25,3.724,3,10,0
93.6470588235294,1.0,2.0,1.0,5000.0,1000.0,0.0008435509999999999,0.031678094500000004,25,3.724,10,9,0
93.6470588235294,1.0,2.0,1.0,5000.0,1000.0,0.0011183355,0.037177569,25,3.724,6,11,0
93.6470588235294,1.0,2.0,1.0,5000.0,1000.0,0.001110859,0.036926753,25,3.724,6,11,0
93.6470588235294,1.0,2.0,1.0,5000.0,1000.0,0.0011096370000000001,0.036865478,25,3.724,6,11,0
268.53846153846155,1.0,2.0,1.0,5000.0,1000.0,0.00027431499999999996,0.016760779999999996,159201,3.724,1,7,0
93.6470588235294,1.0,2.0,1.0,5000.0,1000.0,0.0007980704999999999,0.030357584,25,3.724,10,9,0
116.15,1.0,1.0,1.0,5000.0,1000.0,0.011258344000000002,0.739448645,1764,3.724,2,1,0
93.6470588235294,1.0,2.0,1.0,5000.0,1000.0,0.0008180215,0.0313443865,25,3.724,3,10,0
74.0,2.0,1.0,1.0,5000.0,1000.0,0.0001,0.0,256,3.724,6,1,0
93.6470588235294,1.0,2.0,1.0,5000.0,1000.0,0.001151571,0.0378706635,25,3.724,6,11,0
74.0,2.0,1.0,1.0,5000.0,1000.0,0.0001,0.0,256,3.724,10,2,0
93.6470588235294,1.0,2.0,1.0,5000.0,1000.0,0.001135729,0.037049032,25,3.724,10,9,0
93.6470588235294,1.0,2.0,1.0,5000.0,1000.0,0.0011009765,0.0371010975,25,3.724,10,9,0
427.8,1.0,2.0,1.0,5000.0,1000.0,0.0003820335,0.020798912000000003,527076,3.724,10,9,0
93.6470588235294,1.0,2.0,1.0,5000.0,1000.0,0.0011568435,0.03749446349999999,25,3.724,10,10,0
93.6470588235294,1.0,2.0,1.0,5000.0,1000.0,0.001120006,0.037110668,25,3.724,10,10,0
93.6470588235294,1.0,2.0,1.0,5000.0,1000.0,0.0011330835,0.0371041605,25,3.724,7,11,0
93.6470588235294,1.0,2.0,1.0,5000.0,1000.0,0.0011171174999999999,0.037132884000000005,25,3.724,9,11,0
93.6470588235294,1.0,2.0,1.0,5000.0,1000.0,0.0011214825,0.037737468499999996,25,3.724,9,11,0
489.62025316455697,1.0,2.0,1.0,5000.0,1000.0,0.000441511,0.0232920205,725904,3.724,10,10,0
93.6470588235294,1.0,2.0,1.0,5000.0,1000.0,0.0011257645,0.037950956499999994,25,3.724,8,10,0
104.22222222222223,1.0,1.0,1.0,5000.0,1000.0,0.000466873,0.0174665555,2500,3.724,1,1,0
74.0,2.0,1.0,1.0,5000.0,1000.0,0.0001,0.0,256,3.724,5,3,0
93.6470588235294,1.0,2.0,1.0,5000.0,1000.0,0.000823359,0.031140473,25,3.724,10,10,0
509.8333333333333,1.0,2.0,1.0,5000.0,1000.0,0.001028831,0.0637561555,550564,3.724,7,11,0
93.6470588235294,1.0,2.0,1.0,5000.0,1000.0,0.0008017704999999999,0.0304126605,25,3.724,7,11,0
135.47826086956522,1.0,2.0,1.0,5000.0,1000.0,0.0002531055,0.0150037905,8649,3.724,2,5,0
427.8,1.0,2.0,1.0,5000.0,1000.0,0.000391078,0.021018541499999998,527076,3.724,9,11,0
74.0,2.0,1.0,1.0,5000.0,1000.0,0.0001,0.0,256,3.724,10,3,0
104.22222222222223,1.0,1.0,1.0,5000.0,1000.0,0.0004400715,0.0163624795,2500,3.724,10,1,0
93.6470588235294,1.0,2.0,1.0,5000.0,1000.0,0.0011194395,0.037100175,25,3.724,9,11,0
93.6470588235294,1.0,2.0,1.0,5000.0,1000.0,0.0011173570000000002,0.037183046000000004,25,3.724,7,7,0
93.6470588235294,1.0,2.0,1.0,5000.0,1000.0,0.0011532225000000001,0.0375985715,25,3.724,7,7,0
81.0,2.0,1.0,1.0,5000.0,1000.0,0.0001,0.0,256,3.724,3,3,0
391.6,1.0,1.0,1.0,1729.89564,288.31594,0.0752735085,8.602397650999999,187489,3.724,3,1,0
509.8333333333333,1.0,2.0,1.0,5000.0,1000.0,0.0010147580000000002,0.0634402455,550564,3.724,9,11,0
93.6470588235294,1.0,2.0,1.0,5000.0,1000.0,0.0008241545,0.031209186000000003,25,3.724,9,11,0
104.22222222222223,1.0,1.0,1.0,5000.0,1000.0,0.000440365,0.0164643615,2500,3.724,2,1,0
522.9142857142857,1.0,2.0,1.0,5000.0,1000.0,0.001077488,0.0669530595,547600,3.724,8,10,0
391.6,1.0,1.0,1.0,1730.57004,288.42834,0.0752435315,8.6023577325,187489,3.724,7,1,0
93.6470588235294,1.0,2.0,1.0,5000.0,1000.0,0.0011214745,0.0370207315,25,3.724,10,10,0
104.22222222222223,1.0,1.0,1.0,5000.0,1000.0,0.000439421,0.016491294500000003,2500,3.724,8,1,0
93.6470588235294,1.0,2.0,1.0,5000.0,1000.0,0.001120963,0.037321266,25,3.724,9,11,0
93.6470588235294,1.0,2.0,1.0,5000.0,1000.0,0.0008179214999999999,0.031164674,25,3.724,8,10,0
81.0,2.0,1.0,1.0,5000.0,1000.0,0.0001,0.0,256,3.724,3,3,0
268.53846153846155,1.0,2.0,1.0,5000.0,1000.0,0.0002709515,0.007874422,159201,3.724,2,5,0
93.6470588235294,1.0,2.0,1.0,5000.0,1000.0,0.0011002135000000002,0.036638177,25,3.724,7,11,0
93.6470588235294,1.0,2.0,1.0,5000.0,1000.0,0.001139154,0.0369522655,25,3.724,7,11,0
93.6470588235294,1.0,2.0,1.0,5000.0,1000.0,0.001115951,0.0371911625,25,3.724,7,7,0
509.8333333333333,1.0,2.0,1.0,5000.0,1000.0,0.0010280534999999999,0.0637438035,550564,3.724,7,7,0
74.0,2.0,1.0,1.0,5000.0,1000.0,0.0001,0.0,256,3.724,8,2,0
74.0,2.0,1.0,1.0,5000.0,1000.0,0.0001,0.0,256,3.724,10,3,0
489.62025316455697,1.0,2.0,1.0,5000.0,1000.0,0.00044076550000000003,0.022643233500000002,725904,3.724,9,11,0
313.6585365853659,1.0,2.0,1.0,5000.0,1000.0,0.0003170185,0.018047973499999998,237169,3.724,9,11,0
93.6470588235294,1.0,2.0,1.0,5000.0,1000.0,0.001124745,0.0378778945,25,3.724,10,10,0
74.0,2.0,1.0,1.0,5000.0,1000.0,0.0001,0.0,256,3.724,2,3,0
104.22222222222223,1.0,1.0,1.0,5000.0,1000.0,0.0004386505,0.01628224,2500,3.724,2,2,0
93.6470588235294,1.0,2.0,1.0,5000.0,1000.0,0.001121337,0.037274710499999995,25,3.724,8,10,0
93.6470588235294,1.0,2.0,1.0,5000.0,1000.0,0.001115784,0.037257003999999996,25,3.724,8,10,0
509.8333333333333,1.0,2.0,1.0,5000.0,1000.0,0.0010583629999999999,0.06467892,550564,3.724,10,10,0
93.6470588235294,1.0,2.0,1.0,5000.0,1000.0,0.001107802,0.036886459,25,3.724,7,11,0
74.0,2.0,1.0,1.0,5000.0,1000.0,0.0001,0.0,256,3.724,2,2,0
93.6470588235294,1.0,2.0,1.0,5000.0,1000.0,0.0011160805,0.0371720045,25,3.724,7,7,0
93.6470588235294,1.0,2.0,1.0,5000.0,1000.0,0.0008242645,0.031128427499999996,25,3.724,7,7,0
268.53846153846155,1.0,2.0,1.0,5000.0,1000.0,0.00026665700000000006,0.0072260879999999994,159201,3.724,7,11,0
93.6470588235294,1.0,2.0,1.0,5000.0,1000.0,0.0011170925,0.037067149,25,3.724,8,10,0
81.0,2.0,1.0,1.0,5000.0,1000.0,0.0001,0.0,256,3.724,1,3,0
74.0,2.0,1.0,1.0,5000.0,1000.0,0.0001,0.0,256,3.724,2,2,0
90.12096774193549,1.0,2.0,1.0,5000.0,1000.0,0.000258595,0.015400784999999998,2601,3.724,4,5,0
93.6470588235294,1.0,2.0,1.0,5000.0,1000.0,0.0011014355,0.036528252500000004,25,3.724,4,5,0
74.0,2.0,1.0,1.0,5000.0,1000.0,0.0001,0.0,256,3.724,1,2,0
93.6470588235294,1.0,2.0,1.0,5000.0,1000.0,0.0011343925,0.037683910999999994,25,3.724,5,4,0
93.6470588235294,1.0,2.0,1.0,5000.0,1000.0,0.0008150865000000001,0.030953090500000002,25,3.724,5,4,0
93.6470588235294,1.0,2.0,1.0,5000.0,1000.0,0.0008299135,0.0316698745,25,3.724,4,5,0
138.5,1.0,2.0,1.0,5000.0,1000.0,0.0003264095,0.0086551575,9801,3.724,2,11,0
427.8,1.0,2.0,1.0,5000.0,1000.0,0.0004014955,0.021529129,527076,3.724,2,10,0
93.6470588235294,1.0,2.0,1.0,5000.0,1000.0,0.0011030605,0.036732482500000004,25,3.724,4,5,0
93.6470588235294,1.0,2.0,1.0,5000.0,1000.0,0.001104269,0.037095521,25,3.724,4,5,0
433.3829787234043,1.0,1.0,1.0,5000.0,1000.0,0.0004674825,0.011676154999999999,407044,3.724,2,1,0
93.6470588235294,1.0,2.0,1.0,5000.0,1000.0,0.0011371449999999998,0.038145888499999996,25,3.724,4,5,0
93.6470588235294,1.0,2.0,1.0,5000.0,1000.0,0.0011288665,0.0375858955,25,3.724,4,5,0
313.6585365853659,1.0,2.0,1.0,5000.0,1000.0,0.0003065675,0.008286132500000001,237169,3.724,2,11,0
104.22222222222223,1.0,1.0,1.0,5000.0,1000.0,0.000450579,0.016892900000000002,2500,3.724,2,2,0
93.6470588235294,1.0,2.0,1.0,5000.0,1000.0,0.0011164645,0.037096022,25,3.724,5,4,0
93.6470588235294,1.0,2.0,1.0,5000.0,1000.0,0.001133043,0.0384756,25,3.724,5,4,0
93.6470588235294,1.0,2.0,1.0,5000.0,1000.0,0.001129937,0.038088010500000005,25,3.724,4,5,0
93.6470588235294,1.0,2.0,1.0,5000.0,1000.0,0.0011334665,0.037551390999999996,25,3.724,2,2,0
104.22222222222223,1.0,1.0,1.0,5000.0,1000.0,0.00045280149999999997,0.016818448500000003,2500,3.724,4,3,0
93.6470588235294,1.0,2.0,1.0,5000.0,1000.0,0.001105457,0.036853835499999994,25,3.724,4,9,0
93.6470588235294,1.0,2.0,1.0,5000.0,1000.0,0.0011252255,0.03748958299999999,25,3.724,4,3,0
509.8333333333333,1.0,2.0,1.0,5000.0,1000.0,0.001041434,0.0649647475,550564,3.724,2,2,0
104.22222222222223,1.0,1.0,1.0,5000.0,1000.0,0.00045515050000000004,0.016955274500000003,2500,3.724,4,2,0
73.0,2.0,1.0,1.0,5000.0,1000.0,0.0001,0.0,256,3.724,1,3,0
370.375,1.0,1.0,1.0,1847.9202,307.98670000000004,0.06828751350000001,8.2253658775,198025,3.724,1,3,0
427.8,1.0,2.0,1.0,5000.0,1000.0,0.000385007,0.0211474875,527076,3.724,1,9,0
313.6585365853659,1.0,2.0,1.0,5000.0,1000.0,0.00030335999999999997,0.0175390725,237169,3.724,4,3,0
81.0,2.0,1.0,1.0,5000.0,1000.0,0.0001,0.0,256,3.724,1,1,0
138.5,1.0,2.0,1.0,5000.0,1000.0,0.000326318,0.008727660500000001,9801,3.724,1,2,0
522.9142857142857,1.0,2.0,1.0,5000.0,1000.0,0.0010836545,0.0668725375,547600,3.724,4,9,0
93.6470588235294,1.0,2.0,1.0,5000.0,1000.0,0.000804206,0.0306673185,25,3.724,4,9,0
509.8333333333333,1.0,2.0,1.0,5000.0,1000.0,0.0010136034999999998,0.0637695055,550564,3.724,4,3,0
93.6470588235294,1.0,2.0,1.0,5000.0,1000.0,0.0008410210000000001,0.031143648000000003,25,3.724,18,18,0
81.0,2.0,1.0,1.0,5000.0,1000.0,0.0001,0.0,256,3.724,3,3,0
93.6470588235294,1.0,2.0,1.0,5000.0,1000.0,0.0008284805,0.0315236885,25,3.724,12,9,0
74.0,2.0,1.0,1.0,5000.0,1000.0,0.0001,0.0,256,3.724,3,3,0
93.6470588235294,1.0,2.0,1.0,5000.0,1000.0,0.001107053,0.036813786,25,3.724,18,18,0
93.6470588235294,1.0,2.0,1.0,5000.0,1000.0,0.0011158429999999998,0.0369979255,25,3.724,7,15,0
93.6470588235294,1.0,2.0,1.0,5000.0,1000.0,0.0011730875,0.037873452,25,3.724,12,9,0
104.22222222222223,1.0,1.0,1.0,5000.0,1000.0,0.0004545235,0.016958378999999996,2500,3.724,1,1,0
104.22222222222223,1.0,1.0,1.0,5000.0,1000.0,0.000453373,0.0170328285,2500,3.724,18,3,0
509.8333333333333,1.0,2.0,1.0,5000.0,1000.0,0.001024837,0.0636850705,550564,3.724,7,15,0
93.6470588235294,1.0,2.0,1.0,5000.0,1000.0,0.0011730875,0.037873452,25,3.724,12,9,0
93.6470588235294,1.0,2.0,1.0,5000.0,1000.0,0.0011439705,0.0381852415,25,3.724,12,9,0
93.6470588235294,1.0,2.0,1.0,5000.0,1000.0,0.001129898,0.038140778,25,3.724,12,9,0
104.22222222222223,1.0,1.0,1.0,5000.0,1000.0,0.00044596800000000004,0.016566467999999997,2500,3.724,12,2,0
509.8333333333333,1.0,2.0,1.0,5000.0,1000.0,0.001040406,0.064505773,550564,3.724,6,9,0
74.0,2.0,1.0,1.0,5000.0,1000.0,0.0001,0.0,256,3.724,18,2,0
509.8333333333333,1.0,2.0,1.0,5000.0,1000.0,0.001011481,0.0633055435,550564,3.724,18,18,0
93.6470588235294,1.0,2.0,1.0,5000.0,1000.0,0.0011162394999999997,0.0371453285,25,3.724,18,18,0
427.8,1.0,2.0,1.0,5000.0,1000.0,0.00038135649999999997,0.0209233285,527076,3.724,4,1,0
93.6470588235294,1.0,2.0,1.0,5000.0,1000.0,0.0011068925,0.036800075,25,3.724,7,15,0
93.6470588235294,1.0,2.0,1.0,5000.0,1000.0,0.0011158429999999998,0.0369979255,25,3.724,7,15,0
93.6470588235294,1.0,2.0,1.0,5000.0,1000.0,0.0011046040000000001,0.036903759,25,3.724,18,18,0
522.9142857142857,1.0,2.0,1.0,5000.0,1000.0,0.0010564695,0.06723355600000001,547600,3.724,12,9,0
93.6470588235294,1.0,2.0,1.0,5000.0,1000.0,0.001132541,0.0377529625,25,3.724,6,9,0
93.6470588235294,1.0,2.0,1.0,5000.0,1000.0,0.0011150115000000001,0.03710994,25,3.724,18,18,0
509.8333333333333,1.0,2.0,1.0,5000.0,1000.0,0.001019374,0.063372614,550564,3.724,18,18,0
93.6470588235294,1.0,2.0,1.0,5000.0,1000.0,0.0011079075,0.03691851699999999,25,3.724,18,18,0
93.6470588235294,1.0,2.0,1.0,5000.0,1000.0,0.001135459,0.038238505,25,3.724,6,9,0
391.6,1.0,1.0,1.0,1652.69166,275.44861000000003,0.07879071500000001,8.6135998055,187489,3.724,4,2,0
93.6470588235294,1.0,2.0,1.0,5000.0,1000.0,0.0011162394999999997,0.0371453285,25,3.724,18,18,0
104.22222222222223,1.0,1.0,1.0,5000.0,1000.0,0.000453373,0.0170328285,2500,3.724,18,3,0
98.62727272727273,1.0,1.0,1.0,5000.0,1000.0,0.00017343,0.010695370499999999,361,3.724,12,1,0
93.6470588235294,1.0,2.0,1.0,5000.0,1000.0,0.0011146370000000001,0.037017394,25,3.724,18,18,0
74.0,2.0,1.0,1.0,5000.0,1000.0,0.0001,0.0,256,3.724,12,2,0
313.6585365853659,1.0,2.0,1.0,5000.0,1000.0,0.0003025275,0.017501118,237169,3.724,18,18,0
93.6470588235294,1.0,2.0,1.0,5000.0,1000.0,0.0011064885,0.0369561165,25,3.724,7,15,0
391.6,1.0,1.0,1.0,1652.69166,275.44861000000003,0.07879071500000001,8.6135998055,187489,3.724,4,2,0
93.6470588235294,1.0,2.0,1.0,5000.0,1000.0,0.001117969,0.037713977999999995,25,3.724,7,15,0
104.22222222222223,1.0,1.0,1.0,5000.0,1000.0,0.00043837300000000004,0.0163451495,2500,3.724,2,3,0
74.0,2.0,1.0,1.0,5000.0,1000.0,0.0001,0.0,256,3.724,2,2,0
93.6470588235294,1.0,2.0,1.0,5000.0,1000.0,0.0011321159999999999,0.03757615550000001,25,3.724,6,9,0
93.6470588235294,1.0,2.0,1.0,5000.0,1000.0,0.0008418060000000001,0.0313443505,25,3.724,6,9,0
93.6470588235294,1.0,2.0,1.0,5000.0,1000.0,0.0011162135000000002,0.037521353,25,3.724,18,18,0
74.0,2.0,1.0,1.0,5000.0,1000.0,0.0001,0.0,256,3.724,12,2,0
427.8,1.0,2.0,1.0,5000.0,1000.0,0.00038440450000000004,0.020805616,527076,3.724,1,2,0
93.6470588235294,1.0,2.0,1.0,5000.0,1000.0,0.0011092489999999999,0.037355779,25,3.724,18,18,0
93.6470588235294,1.0,2.0,1.0,5000.0,1000.0,0.0011426354999999999,0.0382454535,25,3.724,12,9,0
93.6470588235294,1.0,2.0,1.0,5000.0,1000.0,0.0008087690000000001,0.030687472,25,3.724,18,18,0
93.6470588235294,1.0,2.0,1.0,5000.0,1000.0,0.0011311309999999998,0.03772694100000001,25,3.724,6,9,0
81.0,2.0,1.0,1.0,5000.0,1000.0,0.0001,0.0,256,3.724,4,1,0
93.6470588235294,1.0,2.0,1.0,5000.0,1000.0,0.000807253,0.0306680755,25,3.724,7,15,0
313.6585365853659,1.0,2.0,1.0,5000.0,1000.0,0.0010791369999999998,0.0698383155,237169,3.724,3,6,0
104.22222222222223,1.0,1.0,1.0,5000.0,1000.0,0.00044838900000000005,0.0166641625,2500,3.724,12,2,0
93.6470588235294,1.0,2.0,1.0,5000.0,1000.0,0.0008087690000000001,0.030687472,25,3.724,18,18,0
391.6,1.0,1.0,1.0,1731.73956,288.62326,0.07518975850000001,8.601834382,187489,3.724,2,3,0
110.0,2.0,2.0,1.0,5000.0,1000.0,0.0011363335000000002,0.0015978265,4096,3.724,8,15,0
93.6470588235294,1.0,2.0,1.0,5000.0,1000.0,0.0011856355000000002,0.039806839000000004,25,3.724,5,6,0
427.8,1.0,2.0,1.0,5000.0,1000.0,0.0003886605,0.020557679,527076,3.724,6,1,0
104.22222222222223,1.0,1.0,1.0,5000.0,1000.0,0.00045453949999999996,0.017035719,2500,3.724,6,2,0
93.6470588235294,1.0,2.0,1.0,5000.0,1000.0,0.000799102,0.0303254825,25,3.724,4,18,0
81.0,2.0,1.0,1.0,5000.0,1000.0,0.0001,0.0,256,3.724,6,2,0
74.0,2.0,1.0,1.0,5000.0,1000.0,0.0001,0.0,256,3.724,4,2,0
93.6470588235294,1.0,2.0,1.0,5000.0,1000.0,0.000830577,0.030844769,25,3.724,8,15,0
448.9111111111111,1.0,1.0,1.0,5000.0,1000.0,0.0107771595,0.516375069,400689,3.724,6,1,0
509.8333333333333,1.0,2.0,1.0,5000.0,1000.0,0.0010136745,0.0633737845,550564,3.724,8,15,0
104.0,2.0,2.0,1.0,5000.0,1000.0,0.000329,0.000458562,3136,3.724,8,15,0
93.6470588235294,1.0,2.0,1.0,5000.0,1000.0,0.0008828745,0.033552214999999996,25,3.724,5,6,0
138.5,1.0,2.0,1.0,5000.0,1000.0,0.00031863649999999997,0.008522011,9801,3.724,1,9,0
93.6470588235294,1.0,2.0,1.0,5000.0,1000.0,0.0011106780000000001,0.036711471,25,3.724,8,15,0
93.6470588235294,1.0,2.0,1.0,5000.0,1000.0,0.0011028665,0.0369821935,25,3.724,8,15,0
432.02127659574467,1.0,1.0,1.0,5000.0,1000.0,0.0005324774999999999,0.014954812,404496,3.724,2,1,0
81.0,2.0,1.0,1.0,5000.0,1000.0,0.0001,0.0,256,3.724,6,2,0
93.6470588235294,1.0,2.0,1.0,5000.0,1000.0,0.0010932295,0.0363960805,25,3.724,4,18,0
104.22222222222223,1.0,1.0,1.0,5000.0,1000.0,0.0004464765,0.016659456499999996,2500,3.724,2,2,0
133.3793103448276,1.0,2.0,1.0,5000.0,1000.0,0.0124331185,0.3833760035,3969,3.724,8,15,0
93.6470588235294,1.0,2.0,1.0,5000.0,1000.0,0.0011864,0.039685885,25,3.724,5,6,0
93.6470588235294,1.0,2.0,1.0,5000.0,1000.0,0.0011866235,0.0400110655,25,3.724,5,6,0
93.6470588235294,1.0,2.0,1.0,5000.0,1000.0,0.0010936925,0.036347279,25,3.724,4,18,0
93.6470588235294,1.0,2.0,1.0,5000.0,1000.0,0.0011025040000000002,0.036689739,25,3.724,8,15,0
509.8333333333333,1.0,2.0,1.0,5000.0,1000.0,0.001101529,0.06781727750000001,550564,3.724,5,6,0
81.0,2.0,1.0,1.0,5000.0,1000.0,0.0001,0.0,256,3.724,2,2,0
370.375,1.0,1.0,1.0,1624.94802,270.82467,0.0776619015,8.285393257499999,198025,3.724,6,2,0
93.6470588235294,1.0,2.0,1.0,5000.0,1000.0,0.001188078,0.04047531150000001,25,3.724,2,6,0
104.22222222222223,1.0,1.0,1.0,5000.0,1000.0,0.00046919050000000003,0.0174088615,2500,3.724,1,1,0
313.6585365853659,1.0,2.0,1.0,5000.0,1000.0,0.0005951985,0.022874201,237169,3.724,2,6,0
74.0,2.0,1.0,1.0,5000.0,1000.0,0.0001,0.0,256,3.724,5,5,0
93.6470588235294,1.0,2.0,1.0,5000.0,1000.0,0.0010928529999999997,0.036771684,25,3.724,3,5,0
74.0,2.0,1.0,1.0,5000.0,1000.0,0.0001,0.0,256,3.724,3,3,0
93.6470588235294,1.0,2.0,1.0,5000.0,1000.0,0.00111141,0.037410689500000004,25,3.724,3,2,0
74.0,2.0,1.0,1.0,5000.0,1000.0,0.0001,0.0,256,3.724,3,3,0
522.9142857142857,1.0,2.0,1.0,5000.0,1000.0,0.0010627525,0.065778813,547600,3.724,3,5,0
93.6470588235294,1.0,2.0,1.0,5000.0,1000.0,0.0010925275,0.036528574,25,3.724,3,5,0
116.15,1.0,1.0,1.0,5000.0,1000.0,0.005624294,0.37874800300000006,1764,3.724,8,2,0
74.0,2.0,1.0,1.0,5000.0,1000.0,0.0001,0.0,256,3.724,1,4,0
93.6470588235294,1.0,2.0,1.0,5000.0,1000.0,0.0011331899999999998,0.0378837485,25,3.724,8,14,0
93.6470588235294,1.0,2.0,1.0,5000.0,1000.0,0.0008010705,0.030294370999999997,25,3.724,6,6,0
104.22222222222223,1.0,1.0,1.0,5000.0,1000.0,0.000468143,0.0172048725,2500,3.724,3,1,0
93.6470588235294,1.0,2.0,1.0,5000.0,1000.0,0.0012983864999999999,0.0425933855,25,3.724,8,8,0
93.6470588235294,1.0,2.0,1.0,5000.0,1000.0,0.0012928310000000001,0.0429869975,25,3.724,8,8,0
104.22222222222223,1.0,1.0,1.0,5000.0,1000.0,0.00043339649999999996,0.0164506935,2500,3.724,8,1,0
104.22222222222223,1.0,1.0,1.0,5000.0,1000.0,0.000453079,0.016960379499999997,2500,3.724,8,1,0
93.6470588235294,1.0,2.0,1.0,5000.0,1000.0,0.0011296395000000002,0.037655023999999995,25,3.724,8,7,0
104.22222222222223,1.0,1.0,1.0,5000.0,1000.0,0.00045318250000000006,0.016972154500000003,2500,3.724,1,1,0
93.6470588235294,1.0,2.0,1.0,5000.0,1000.0,0.0011127690000000002,0.0370257365,25,3.724,6,6,0
73.0,2.0,1.0,1.0,5000.0,1000.0,0.0001,0.0,256,3.724,8,3,0
93.6470588235294,1.0,2.0,1.0,5000.0,1000.0,0.0008205430000000001,0.030699995,25,3.724,8,7,0
509.8333333333333,1.0,2.0,1.0,5000.0,1000.0,0.0010109820000000001,0.06393173849999999,550564,3.724,8,7,0
81.0,2.0,1.0,1.0,5000.0,1000.0,0.0001,0.0,256,3.724,5,5,0
93.6470588235294,1.0,2.0,1.0,5000.0,1000.0,0.0009759430000000001,0.034246906,25,3.724,8,8,0
135.47826086956522,1.0,2.0,1.0,5000.0,1000.0,0.0002381315,0.014416054499999999,8649,3.724,8,8,0
74.0,2.0,1.0,1.0,5000.0,1000.0,0.0001,0.0,256,3.724,5,5,0
448.9111111111111,1.0,1.0,1.0,5000.0,1000.0,0.012998177500000001,0.534705722,400689,3.724,3,3,0
522.9142857142857,1.0,2.0,1.0,5000.0,1000.0,0.001127147,0.0691667615,547600,3.724,8,14,0
93.6470588235294,1.0,2.0,1.0,5000.0,1000.0,0.0011351805,0.038171552,25,3.724,8,14,0
81.0,2.0,1.0,1.0,5000.0,1000.0,0.0001,0.0,256,3.724,5,5,0
93.6470588235294,1.0,2.0,1.0,5000.0,1000.0,0.0011399745000000001,0.036857078,25,3.724,6,6,0
93.6470588235294,1.0,2.0,1.0,5000.0,1000.0,0.0011343529999999998,0.0381537875,25,3.724,8,14,0
93.6470588235294,1.0,2.0,1.0,5000.0,1000.0,0.0011679314999999998,0.0379281255,25,3.724,8,14,0
93.6470588235294,1.0,2.0,1.0,5000.0,1000.0,0.0011260195,0.03773533900000001,25,3.724,8,7,0
93.6470588235294,1.0,2.0,1.0,5000.0,1000.0,0.0011453895,0.0370827895,25,3.724,6,6,0
93.6470588235294,1.0,2.0,1.0,5000.0,1000.0,0.0011663,0.040158237,25,3.724,6,6,0
93.6470588235294,1.0,2.0,1.0,5000.0,1000.0,0.000837043,0.032254441,25,3.724,8,14,0
93.6470588235294,1.0,2.0,1.0,5000.0,1000.0,0.001127841,0.037631532,25,3.724,8,7,0
93.6470588235294,1.0,2.0,1.0,5000.0,1000.0,0.0011296605,0.038107006000000006,25,3.724,8,7,0
93.6470588235294,1.0,2.0,1.0,5000.0,1000.0,0.001275541,0.043556883,25,3.724,8,8,0
509.8333333333333,1.0,2.0,1.0,5000.0,1000.0,0.0010933865,0.0683561115,550564,3.724,8,8,0
509.8333333333333,1.0,2.0,1.0,5000.0,1000.0,0.0011360379999999998,0.0701218625,550564,3.724,6,6,0
74.0,2.0,1.0,1.0,5000.0,1000.0,0.0001,0.0,256,3.724,5,5,0
81.0,2.0,1.0,1.0,5000.0,1000.0,0.0001,0.0,256,3.724,8,1,0
135.47826086956522,1.0,2.0,1.0,5000.0,1000.0,0.0061598005,0.444759163,8649,3.724,1,3,0
93.6470588235294,1.0,2.0,1.0,5000.0,1000.0,0.0012743549999999998,0.04332973,25,3.724,8,8,0
448.9111111111111,1.0,1.0,1.0,5000.0,1000.0,0.019006179499999998,0.8471516845,400689,3.724,3,3,0
457.9318181818182,1.0,1.0,1.0,5000.0,1000.0,0.015864321,0.6742627115000001,398161,3.724,4,3,0
509.8333333333333,1.0,2.0,1.0,5000.0,1000.0,0.00106961,0.06571733349999999,550564,3.724,11,14,0
73.0,2.0,1.0,1.0,5000.0,1000.0,0.0001,0.0,256,3.724,13,4,0
427.8,1.0,2.0,1.0,5000.0,1000.0,0.00038587450000000003,0.021293016999999997,527076,3.724,1,5,0
93.6470588235294,1.0,2.0,1.0,5000.0,1000.0,0.0008186234999999999,0.030935827500000002,25,3.724,13,6,0
153.28571428571428,1.0,2.0,1.0,5000.0,1000.0,0.0003932,0.013324159,30625,3.724,13,3,0
74.0,2.0,1.0,1.0,5000.0,1000.0,0.0001,0.0,256,3.724,3,1,0
93.6470588235294,1.0,2.0,1.0,5000.0,1000.0,0.0011538415,0.037941436999999995,25,3.724,13,6,0
62.9811320754717,1.0,1.0,1.0,5000.0,1000.0,0.000394528,0.014197439,169,3.724,13,1,0
93.6470588235294,1.0,2.0,1.0,5000.0,1000.0,0.0008297605,0.032029439,25,3.724,11,14,0
116.15,1.0,1.0,1.0,5000.0,1000.0,0.00017566550000000001,0.0055123115,1764,3.724,11,2,0
509.8333333333333,1.0,2.0,1.0,5000.0,1000.0,0.001073971,0.0656613875,550564,3.724,13,6,0
268.53846153846155,1.0,2.0,1.0,5000.0,1000.0,0.000254764,0.006930008,159201,3.724,1,8,0
462.4,1.0,2.0,1.0,5000.0,1000.0,0.000513246,0.0089390845,342225,3.724,13,3,0
81.0,2.0,1.0,1.0,5000.0,1000.0,0.0001,0.0,256,3.724,11,3,0
93.6470588235294,1.0,2.0,1.0,5000.0,1000.0,0.0011636815000000001,0.038106361,25,3.724,11,14,0
93.6470588235294,1.0,2.0,1.0,5000.0,1000.0,0.0011244,0.0374315715,25,3.724,13,6,0
81.0,2.0,1.0,1.0,5000.0,1000.0,0.0001,0.0,256,3.724,11,3,0
391.6,1.0,1.0,1.0,1732.11888,288.68648,0.0751750235,8.600911395999999,187489,3.724,2,1,0
74.0,2.0,1.0,1.0,5000.0,1000.0,0.0001,0.0,256,3.724,1,1,0
92.53225806451613,1.0,2.0,1.0,5000.0,1000.0,0.006572883,0.448036811,3136,3.724,11,14,0
93.6470588235294,1.0,2.0,1.0,5000.0,1000.0,0.0011627335000000002,0.037830579999999996,25,3.724,11,14,0
93.6470588235294,1.0,2.0,1.0,5000.0,1000.0,0.001124384,0.037547304499999996,25,3.724,13,6,0
427.8,1.0,2.0,1.0,5000.0,1000.0,0.00040186100000000005,0.021805483,527076,3.724,2,6,0
313.6585365853659,1.0,2.0,1.0,5000.0,1000.0,0.0004199965,0.012593386,237169,3.724,3,3,0
93.6470588235294,1.0,2.0,1.0,5000.0,1000.0,0.0011247355,0.0373392055,25,3.724,13,6,0
462.4,1.0,2.0,1.0,5000.0,1000.0,0.0003827725,0.024508094,465124,3.724,13,3,0
73.0,2.0,1.0,1.0,5000.0,1000.0,0.0001,0.0,256,3.724,13,4,0
104.0,2.0,2.0,1.0,5000.0,1000.0,0.00033016649999999996,0.000460212,3136,3.724,4,3,0
183.11111111111111,1.0,2.0,1.0,5000.0,1000.0,0.000256353,0.006697026,8836,3.724,4,3,0
93.6470588235294,1.0,2.0,1.0,5000.0,1000.0,0.0011307885,0.03769143949999999,25,3.724,11,14,0
104.22222222222223,1.0,1.0,1.0,5000.0,1000.0,0.000439548,0.01653136,2500,3.724,11,1,0
73.0,2.0,1.0,1.0,5000.0,1000.0,0.0001,0.0,256,3.724,13,4,0
110.0,2.0,2.0,1.0,5000.0,1000.0,0.0011538335,0.0016222215,4096,3.724,4,3,0
93.6470588235294,1.0,2.0,1.0,5000.0,1000.0,0.0011318925,0.0377067655,25,3.724,11,14,0
104.22222222222223,1.0,1.0,1.0,5000.0,1000.0,0.000441778,0.0167198725,2500,3.724,2,1,0
313.6585365853659,1.0,2.0,1.0,5000.0,1000.0,0.000288734,0.017027768500000002,237169,3.724,3,3,0
489.62025316455697,1.0,2.0,1.0,5000.0,1000.0,0.00044290850000000006,0.0231403765,725904,3.724,2,2,0
93.6470588235294,1.0,2.0,1.0,5000.0,1000.0,0.0011036665,0.0368368575,25,3.724,7,8,0
93.6470588235294,1.0,2.0,1.0,5000.0,1000.0,0.001120349,0.037524151000000006,25,3.724,1,14,0
93.6470588235294,1.0,2.0,1.0,5000.0,1000.0,0.0008019724999999999,0.030465305499999998,25,3.724,3,6,0
93.6470588235294,1.0,2.0,1.0,5000.0,1000.0,0.0010978725000000001,0.036643156999999996,25,3.724,3,6,0
462.4,1.0,2.0,1.0,5000.0,854.8892999999999,0.025930455,1.9245219780000002,465124,3.724,2,1,0
440.2826086956522,1.0,1.0,1.0,5000.0,1000.0,0.0004603385,0.011597677,401956,3.724,1,1,0
81.0,2.0,1.0,1.0,5000.0,1000.0,0.0001,0.0,256,3.724,1,1,0
313.6585365853659,1.0,2.0,1.0,5000.0,1000.0,0.000294937,0.017124883,237169,3.724,2,5,0
427.8,1.0,2.0,1.0,5000.0,1000.0,0.00041258,0.021938496499999998,527076,3.724,1,7,0
73.0,2.0,1.0,1.0,5000.0,1000.0,0.0001,0.0,256,3.724,1,3,0
509.8333333333333,1.0,2.0,1.0,5000.0,1000.0,0.0010207725,0.06323865349999999,550564,3.724,3,6,0
93.6470588235294,1.0,2.0,1.0,5000.0,1000.0,0.00115066,0.0380586715,25,3.724,6,7,0
104.22222222222223,1.0,1.0,1.0,5000.0,1000.0,0.0004487145,0.016892291999999996,2500,3.724,2,2,0
98.62727272727273,1.0,1.0,1.0,5000.0,1000.0,0.0030364990000000002,0.192870572,361,3.724,2,1,0
92.53225806451613,1.0,2.0,1.0,5000.0,1000.0,0.0006094515000000001,0.0652251305,3136,3.724,2,4,0
92.53225806451613,1.0,2.0,1.0,5000.0,1000.0,0.0077671165,0.510103832,3136,3.724,5,11,0
93.6470588235294,1.0,2.0,1.0,5000.0,1000.0,0.0008088234999999999,0.030764920499999997,25,3.724,7,8,0
93.6470588235294,1.0,2.0,1.0,5000.0,1000.0,0.0008169960000000001,0.0304965705,25,3.724,6,7,0
93.6470588235294,1.0,2.0,1.0,5000.0,1000.0,0.0011099,0.0370214965,25,3.724,7,8,0
74.0,2.0,1.0,1.0,5000.0,1000.0,0.0001,0.0,256,3.724,2,1,0
93.6470588235294,1.0,2.0,1.0,5000.0,1000.0,0.001108457,0.037024441000000005,25,3.724,6,7,0
522.9142857142857,1.0,2.0,1.0,5000.0,1000.0,0.0010580045,0.065481649,547600,3.724,7,10,0
93.6470588235294,1.0,2.0,1.0,5000.0,1000.0,0.001140944,0.03705401999999999,25,3.724,6,7,0
138.5,1.0,2.0,1.0,5000.0,1000.0,0.00033995450000000007,0.009040292500000002,9801,3.724,2,3,0
93.6470588235294,1.0,2.0,1.0,5000.0,1000.0,0.0011154925,0.036816971999999996,25,3.724,6,11,0
103.0,2.0,2.0,1.0,5000.0,1000.0,0.0003345,0.000466694,2916,3.724,4,5,0
509.8333333333333,1.0,2.0,1.0,5000.0,1000.0,0.001012532,0.0628810985,550564,3.724,7,8,0
93.6470588235294,1.0,2.0,1.0,5000.0,1000.0,0.0011488725,0.037148045,25,3.724,6,11,0
93.6470588235294,1.0,2.0,1.0,5000.0,1000.0,0.0011056075000000002,0.036631043999999995,25,3.724,7,10,0
93.6470588235294,1.0,2.0,1.0,5000.0,1000.0,0.001114953,0.037115327499999996,25,3.724,6,11,0
81.0,2.0,1.0,1.0,5000.0,1000.0,0.0001,0.0,256,3.724,2,3,0
104.22222222222223,1.0,1.0,1.0,5000.0,1000.0,0.0004379765,0.0164703995,2500,3.724,3,2,0
74.0,2.0,1.0,1.0,5000.0,1000.0,0.0001,0.0,256,3.724,3,3,0
104.22222222222223,1.0,1.0,1.0,5000.0,1000.0,0.0004423335,0.016672096,2500,3.724,5,1,0
93.6470588235294,1.0,2.0,1.0,5000.0,1000.0,0.001089602,0.036125332,25,3.724,6,13,0
391.6,1.0,1.0,1.0,1729.47282,288.24547,0.07713966,8.720388103500001,187489,3.724,6,1,0
93.6470588235294,1.0,2.0,1.0,5000.0,1000.0,0.001134429,0.037203392,25,3.724,9,7,0
104.22222222222223,1.0,1.0,1.0,5000.0,1000.0,0.000449365,0.0167353895,2500,3.724,1,2,0
93.6470588235294,1.0,2.0,1.0,5000.0,1000.0,0.0010992194999999998,0.0366059795,25,3.724,5,11,0
142.76923076923077,1.0,2.0,1.0,5000.0,1000.0,0.011703419999999999,0.3854636575,4225,3.724,9,13,0
74.0,2.0,1.0,1.0,5000.0,1000.0,0.0001,0.0,256,3.724,3,2,0
93.6470588235294,1.0,2.0,1.0,5000.0,1000.0,0.0011985625,0.039130410000000004,25,3.724,9,13,0
81.0,2.0,1.0,1.0,5000.0,1000.0,0.0001,0.0,256,3.724,2,2,0
93.6470588235294,1.0,2.0,1.0,5000.0,1000.0,0.001168051,0.0389591785,25,3.724,9,13,0
138.5,1.0,2.0,1.0,5000.0,1000.0,0.0003285,0.0086252405,9801,3.724,2,2,0
104.22222222222223,1.0,1.0,1.0,5000.0,1000.0,0.00044326200000000004,0.016525287499999996,2500,3.724,3,4,0
74.0,2.0,1.0,1.0,5000.0,1000.0,0.0001,0.0,256,3.724,1,3,0
93.6470588235294,1.0,2.0,1.0,5000.0,1000.0,0.001081194,0.036021279499999996,25,3.724,6,13,0
427.8,1.0,2.0,1.0,5000.0,1000.0,0.0004531785,0.025785775,527076,3.724,2,2,0
81.0,2.0,1.0,1.0,5000.0,1000.0,0.0001,0.0,256,3.724,9,2,0
98.2072072072072,1.0,1.0,1.0,5000.0,1000.0,0.0030407510000000004,0.19315491250000003,400,3.724,1,1,0
93.6470588235294,1.0,2.0,1.0,5000.0,1000.0,0.0010997925,0.0369835575,25,3.724,5,11,0
93.6470588235294,1.0,2.0,1.0,5000.0,1000.0,0.001157247,0.038811186,25,3.724,9,13,0
425.09090909090907,1.0,2.0,1.0,5000.0,1000.0,0.0051317855,0.2050885465,342225,3.724,2,2,0
509.8333333333333,1.0,2.0,1.0,5000.0,1000.0,0.001055313,0.065821106,550564,3.724,9,13,0
93.6470588235294,1.0,2.0,1.0,5000.0,1000.0,0.0011422565,0.0372397355,25,3.724,6,7,0
74.0,2.0,1.0,1.0,5000.0,1000.0,0.0001,0.0,256,3.724,9,2,0
103.0,2.0,2.0,1.0,5000.0,1000.0,0.0003248335,0.000453375,2916,3.724,4,4,0
74.0,2.0,1.0,1.0,5000.0,1000.0,0.0001,0.0,256,3.724,1,1,0
93.6470588235294,1.0,2.0,1.0,5000.0,1000.0,0.000801669,0.0304394505,25,3.724,9,7,0
313.6585365853659,1.0,2.0,1.0,5000.0,1000.0,0.000301386,0.008534274500000001,237169,3.724,3,6,0
93.6470588235294,1.0,2.0,1.0,5000.0,1000.0,0.0011640805,0.038819796000000004,25,3.724,9,13,0
522.9142857142857,1.0,2.0,1.0,5000.0,1000.0,0.0010791260000000001,0.0667324665,547600,3.724,6,11,0
509.8333333333333,1.0,2.0,1.0,5000.0,1000.0,0.0010118719999999998,0.062233298500000006,550564,3.724,6,13,0
93.6470588235294,1.0,2.0,1.0,5000.0,1000.0,0.0008204099999999999,0.0310489,25,3.724,6,11,0
93.6470588235294,1.0,2.0,1.0,5000.0,1000.0,0.0010821469999999999,0.035857230999999996,25,3.724,6,13,0
155.85714285714286,1.0,2.0,1.0,5000.0,1000.0,0.0080539285,0.336239375,32400,3.724,2,2,0
109.0,2.0,2.0,1.0,5000.0,1000.0,0.0010903335000000001,0.0015324195,4356,3.724,4,4,0
93.6470588235294,1.0,2.0,1.0,5000.0,1000.0,0.0011000825,0.0366153485,25,3.724,5,11,0
104.22222222222223,1.0,1.0,1.0,5000.0,1000.0,0.0004858335,0.018028143999999996,2500,3.724,1,2,0
93.6470588235294,1.0,2.0,1.0,5000.0,1000.0,0.0010978824999999998,0.03657712,25,3.724,9,7,0
509.8333333333333,1.0,2.0,1.0,5000.0,1000.0,0.0010467434999999999,0.0638846875,550564,3.724,6,7,0
104.0,2.0,2.0,1.0,5000.0,1000.0,0.00032266649999999994,0.000449607,3136,3.724,9,13,0
62.9622641509434,1.0,1.0,1.0,5000.0,1000.0,0.016454033000000003,0.8240389290000001,169,3.724,3,1,0
93.6470588235294,1.0,2.0,1.0,5000.0,1000.0,0.0008721125,0.031769651999999995,25,3.724,9,13,0
313.6585365853659,1.0,2.0,1.0,5000.0,1000.0,0.001250627,0.07447292350000001,237169,3.724,5,6,0
81.0,2.0,1.0,1.0,5000.0,1000.0,0.0001,0.0,256,3.724,4,1,0
427.8,1.0,2.0,1.0,5000.0,1000.0,0.0008052064999999999,0.055281925999999995,527076,3.724,1,11,0
172.0,1.0,2.0,1.0,5000.0,1000.0,0.000248147,0.006438954,5184,3.724,4,4,0
138.5,1.0,2.0,1.0,5000.0,1000.0,0.0003255455,0.008676406,9801,3.724,9,7,0
427.8,1.0,2.0,1.0,5000.0,1000.0,0.0003843565,0.020387357000000002,527076,3.724,3,8,0
81.0,2.0,1.0,1.0,5000.0,1000.0,0.0001,0.0,256,3.724,1,1,0
268.53846153846155,1.0,2.0,1.0,5000.0,1000.0,0.00027728350000000003,0.017152750500000005,159201,3.724,3,3,0
522.9142857142857,1.0,2.0,1.0,5000.0,1000.0,0.0011204645,0.06912785099999999,547600,3.724,9,7,0
489.62025316455697,1.0,2.0,1.0,5000.0,1000.0,0.000427547,0.022443367999999998,725904,3.724,2,6,0
110.0,2.0,2.0,1.0,5000.0,1000.0,0.0012026664999999998,0.0016909285000000001,4096,3.724,5,6,0
93.6470588235294,1.0,2.0,1.0,5000.0,1000.0,0.001099559,0.0366515105,25,3.724,9,7,0
313.6585365853659,1.0,2.0,1.0,5000.0,1000.0,0.000431431,0.032706963,237169,3.724,3,8,0
93.6470588235294,1.0,2.0,1.0,5000.0,1000.0,0.001098243,0.036540291499999995,25,3.724,9,7,0
81.0,2.0,1.0,1.0,5000.0,1000.0,0.0001,0.0,256,3.724,3,1,0
93.6470588235294,1.0,2.0,1.0,5000.0,1000.0,0.0007966215,0.030090522999999997,25,3.724,6,13,0
104.0,2.0,2.0,1.0,5000.0,1000.0,0.00033466699999999997,0.00046728650000000003,3136,3.724,5,6,0
104.22222222222223,1.0,1.0,1.0,5000.0,1000.0,0.000449452,0.016855309000000002,2500,3.724,3,4,0
81.0,2.0,1.0,1.0,5000.0,1000.0,0.0001,0.0,256,3.724,2,2,0
93.6470588235294,1.0,2.0,1.0,5000.0,1000.0,0.0010917395000000002,0.0366899265,25,3.724,6,13,0
313.6585365853659,1.0,2.0,1.0,5000.0,1000.0,0.00032149450000000003,0.018976413,237169,3.724,3,9,0
74.0,2.0,1.0,1.0,5000.0,1000.0,0.0001,0.0,256,3.724,1,1,0
183.11111111111111,1.0,2.0,1.0,5000.0,1000.0,0.0002561765,0.0066542805,8836,3.724,5,6,0
98.62727272727273,1.0,1.0,1.0,5000.0,1000.0,0.0061624895,0.33515734750000004,361,3.724,5,1,0
81.0,2.0,1.0,1.0,5000.0,1000.0,0.0001,0.0,256,3.724,3,2,0
93.6470588235294,1.0,2.0,1.0,5000.0,1000.0,0.0011318220000000002,0.037758026,25,3.724,9,13,0
427.8,1.0,2.0,1.0,5000.0,1000.0,0.00039032549999999997,0.021218668,527076,3.724,3,9,0
440.2826086956522,1.0,1.0,1.0,5000.0,1000.0,0.0004832775,0.012368771499999999,401956,3.724,1,1,0
116.15,1.0,1.0,1.0,5000.0,1000.0,0.006923787,0.425813078,1764,3.724,9,1,0
81.0,2.0,1.0,1.0,5000.0,1000.0,0.0001,0.0,256,3.724,1,3,0
93.6470588235294,1.0,2.0,1.0,5000.0,1000.0,0.001108943,0.037089236,25,3.724,5,3,0
93.6470588235294,1.0,2.0,1.0,5000.0,1000.0,0.001103302,0.03654468350000001,25,3.724,5,3,0
440.2826086956522,1.0,1.0,1.0,5000.0,1000.0,0.0004682065,0.011875247,401956,3.724,5,1,0
93.6470588235294,1.0,2.0,1.0,5000.0,1000.0,0.001133304,0.038235069499999996,25,3.724,9,13,0
131.84615384615384,1.0,2.0,1.0,5000.0,1000.0,0.0025077865,0.1348233755,6400,3.724,3,3,0
489.62025316455697,1.0,2.0,1.0,5000.0,1000.0,0.0004339115,0.022326701,725904,3.724,5,10,0
93.6470588235294,1.0,2.0,1.0,5000.0,1000.0,0.0010967509999999998,0.036543273,25,3.724,7,9,0
391.6,1.0,1.0,1.0,1682.65992,280.44332,0.077385575,8.7076390815,187489,3.724,5,2,0
93.6470588235294,1.0,2.0,1.0,5000.0,1000.0,0.0011011705,0.03669551099999999,25,3.724,7,11,0
391.6,1.0,1.0,1.0,1704.46704,284.07784,0.07639578899999999,8.605694960000001,187489,3.724,5,4,0
93.6470588235294,1.0,2.0,1.0,5000.0,1000.0,0.000827506,0.030673429500000002,25,3.724,9,13,0
110.0,2.0,2.0,1.0,5000.0,1000.0,0.0011311665,0.0015905200000000002,4096,3.724,9,13,0
183.11111111111111,1.0,2.0,1.0,5000.0,1000.0,0.000261794,0.006794531,8836,3.724,9,13,0
93.6470588235294,1.0,2.0,1.0,5000.0,1000.0,0.001098663,0.037106361500000004,25,3.724,5,3,0
93.6470588235294,1.0,2.0,1.0,5000.0,1000.0,0.0011279159999999999,0.0375537515,25,3.724,9,13,0
104.22222222222223,1.0,1.0,1.0,5000.0,1000.0,0.00045584950000000004,0.017068438499999998,2500,3.724,5,4,0
135.47826086956522,1.0,2.0,1.0,5000.0,1000.0,0.00023927100000000002,0.014305670500000001,8649,3.724,5,10,0
81.0,2.0,1.0,1.0,5000.0,1000.0,0.0001,0.0,256,3.724,5,2,0
509.8333333333333,1.0,2.0,1.0,5000.0,1000.0,0.0010431665,0.0666643195,550564,3.724,6,11,0
81.0,2.0,1.0,1.0,5000.0,1000.0,0.0001,0.0,256,3.724,1,1,0
433.3829787234043,1.0,1.0,1.0,5000.0,1000.0,0.00046363299999999997,0.012123630500000001,407044,3.724,1,1,0
93.6470588235294,1.0,2.0,1.0,5000.0,1000.0,0.0010908135,0.036337614000000004,25,3.724,7,8,0
391.6,1.0,1.0,1.0,1694.17926,282.36321,0.07685902350000001,8.6469901205,187489,3.724,6,2,0
81.0,2.0,1.0,1.0,5000.0,1000.0,0.0001,0.0,256,3.724,2,1,0
93.6470588235294,1.0,2.0,1.0,5000.0,1000.0,0.001099345,0.036566986499999996,25,3.724,7,9,0
104.22222222222223,1.0,1.0,1.0,5000.0,1000.0,0.0004532855,0.0170648565,2500,3.724,9,2,0
509.8333333333333,1.0,2.0,1.0,5000.0,1000.0,0.0010115145,0.06281642750000001,550564,3.724,7,9,0
509.8333333333333,1.0,2.0,1.0,5000.0,1000.0,0.001023394,0.0636234725,550564,3.724,9,13,0
74.0,2.0,1.0,1.0,5000.0,1000.0,0.0001,0.0,256,3.724,6,3,0
268.53846153846155,1.0,2.0,1.0,5000.0,1000.0,0.00026590800000000003,0.015981629,159201,3.724,2,5,0
93.6470588235294,1.0,2.0,1.0,5000.0,1000.0,0.0011405780000000002,0.037512997500000006,25,3.724,6,11,0
93.6470588235294,1.0,2.0,1.0,5000.0,1000.0,0.0011260745,0.03757830399999999,25,3.724,2,5,0
98.62727272727273,1.0,1.0,1.0,5000.0,1000.0,0.000172695,0.0106341845,361,3.724,7,1,0
93.6470588235294,1.0,2.0,1.0,5000.0,1000.0,0.0007991785000000001,0.0303065635,25,3.724,3,6,0
370.375,1.0,1.0,1.0,1660.61052,276.76842,0.075993796,9.027046611,198025,3.724,7,2,0
93.6470588235294,1.0,2.0,1.0,5000.0,1000.0,0.001132921,0.0366705755,25,3.724,3,6,0
104.22222222222223,1.0,1.0,1.0,5000.0,1000.0,0.0004472855,0.016512058,2500,3.724,6,2,0
370.375,1.0,1.0,1.0,1605.11004,267.51833999999997,0.07862461999999999,8.283646761,198025,3.724,2,2,0
93.6470588235294,1.0,2.0,1.0,5000.0,1000.0,0.001103149,0.036714954,25,3.724,7,8,0
74.0,2.0,1.0,1.0,5000.0,1000.0,0.0001,0.0,256,3.724,2,2,0
104.0,2.0,2.0,1.0,5000.0,1000.0,0.00031,0.00043169249999999997,3136,3.724,2,5,0
93.6470588235294,1.0,2.0,1.0,5000.0,1000.0,0.0007903455000000001,0.0299743755,25,3.724,7,8,0
74.0,2.0,1.0,1.0,5000.0,1000.0,0.0001,0.0,256,3.724,1,2,0
93.6470588235294,1.0,2.0,1.0,5000.0,1000.0,0.0011848255,0.0402266915,25,3.724,7,11,0
522.9142857142857,1.0,2.0,1.0,5000.0,1000.0,0.0010437715000000001,0.0653031375,547600,3.724,3,6,0
81.0,2.0,1.0,1.0,5000.0,1000.0,0.0001,0.0,256,3.724,6,3,0
116.15,1.0,1.0,1.0,5000.0,1000.0,0.005707791,0.4007032575,1764,3.724,1,1,0
93.6470588235294,1.0,2.0,1.0,5000.0,1000.0,0.0011027805,0.0365458965,25,3.724,8,9,0
110.0,2.0,2.0,1.0,5000.0,1000.0,0.0011829999999999998,0.001663116,4096,3.724,4,6,0
93.6470588235294,1.0,2.0,1.0,5000.0,1000.0,0.0011019355,0.03679166,25,3.724,8,9,0
104.0,2.0,2.0,1.0,5000.0,1000.0,0.0003396665,0.00047647200000000003,3136,3.724,4,6,0
391.6,1.0,1.0,1.0,1503.6789,250.61315000000002,0.08660209,9.781713719999999,187489,3.724,3,1,0
138.5,1.0,2.0,1.0,5000.0,1000.0,0.00033509100000000003,0.008852839000000001,9801,3.724,5,6,0
104.22222222222223,1.0,1.0,1.0,5000.0,1000.0,0.000453079,0.016693996000000003,2500,3.724,1,1,0
93.6470588235294,1.0,2.0,1.0,5000.0,1000.0,0.0011527165,0.0373843295,25,3.724,9,8,0
509.8333333333333,1.0,2.0,1.0,5000.0,1000.0,0.001449494,0.08708244000000001,550564,3.724,7,11,0
268.53846153846155,1.0,2.0,1.0,5000.0,1000.0,0.00027810599999999997,0.016664,159201,3.724,1,8,0
74.0,2.0,1.0,1.0,5000.0,1000.0,0.0001,0.0,256,3.724,1,3,0
74.0,2.0,1.0,1.0,5000.0,1000.0,0.0001,0.0,256,3.724,9,2,0
93.6470588235294,1.0,2.0,1.0,5000.0,1000.0,0.0011064644999999999,0.036781918,25,3.724,6,11,0
489.62025316455697,1.0,2.0,1.0,5000.0,1000.0,0.00042919649999999997,0.022785800999999998,725904,3.724,2,5,0
133.3793103448276,1.0,2.0,1.0,5000.0,1000.0,0.012492502999999999,0.385536567,3969,3.724,4,6,0
93.6470588235294,1.0,2.0,1.0,5000.0,1000.0,0.0011163295,0.037135045,25,3.724,9,8,0
93.6470588235294,1.0,2.0,1.0,5000.0,1000.0,0.001098557,0.03651064799999999,25,3.724,7,9,0
104.22222222222223,1.0,1.0,1.0,5000.0,1000.0,0.000453262,0.017162295,2500,3.724,2,2,0
313.6585365853659,1.0,2.0,1.0,5000.0,1000.0,0.001016827,0.06769963749999999,237169,3.724,3,6,0
391.6,1.0,1.0,1.0,1730.16408,288.36068,0.0752577155,8.602348758,187489,3.724,5,1,0
104.22222222222223,1.0,1.0,1.0,5000.0,1000.0,0.00045680149999999996,0.017138874999999998,2500,3.724,2,3,0
104.22222222222223,1.0,1.0,1.0,5000.0,1000.0,0.000590254,0.022683793,2500,3.724,2,1,0
268.53846153846155,1.0,2.0,1.0,5000.0,1000.0,0.00027580700000000004,0.016924022,159201,3.724,9,8,0
74.0,2.0,1.0,1.0,5000.0,1000.0,0.0001,0.0,256,3.724,6,3,0
93.6470588235294,1.0,2.0,1.0,5000.0,1000.0,0.0011154039999999997,0.037461805,25,3.724,9,8,0
93.6470588235294,1.0,2.0,1.0,5000.0,1000.0,0.0011394665000000002,0.036974139999999996,25,3.724,6,11,0
509.8333333333333,1.0,2.0,1.0,5000.0,1000.0,0.0010092705,0.062755351,550564,3.724,9,8,0
74.0,2.0,1.0,1.0,5000.0,1000.0,0.0001,0.0,256,3.724,2,1,0
138.5,1.0,2.0,1.0,5000.0,1000.0,0.000328,0.0088508435,9801,3.724,2,7,0
427.8,1.0,2.0,1.0,5000.0,1000.0,0.000403908,0.022467269,527076,3.724,3,6,0
509.8333333333333,1.0,2.0,1.0,5000.0,1000.0,0.001039864,0.0637589755,550564,3.724,8,9,0
93.6470588235294,1.0,2.0,1.0,5000.0,1000.0,0.0010961295,0.036167144,25,3.724,7,8,0
93.6470588235294,1.0,2.0,1.0,5000.0,1000.0,0.0008069724999999999,0.030457810999999998,25,3.724,8,9,0
104.22222222222223,1.0,1.0,1.0,5000.0,1000.0,0.00042361099999999995,0.015863996000000002,2500,3.724,4,2,0
427.8,1.0,2.0,1.0,5000.0,1000.0,0.0003823665,0.021247782,527076,3.724,8,9,0
93.6470588235294,1.0,2.0,1.0,5000.0,1000.0,0.0011011115,0.0371129805,25,3.724,7,11,0
116.15,1.0,1.0,1.0,5000.0,1000.0,0.009067702,0.5463059225,1764,3.724,5,1,0
135.47826086956522,1.0,2.0,1.0,5000.0,1000.0,0.0002491455,0.014983222,8649,3.724,7,9,0
489.62025316455697,1.0,2.0,1.0,5000.0,1000.0,0.00044127150000000003,0.022895048,725904,3.724,5,6,0
268.53846153846155,1.0,2.0,1.0,5000.0,1000.0,0.00027484799999999995,0.008224906,159201,3.724,9,8,0
135.47826086956522,1.0,2.0,1.0,5000.0,1000.0,0.0002499665,0.014890021000000002,8649,3.724,6,7,0
138.5,1.0,2.0,1.0,5000.0,1000.0,0.000328,0.0088508435,9801,3.724,2,7,0
93.6470588235294,1.0,2.0,1.0,5000.0,1000.0,0.0011003765,0.0369011815,25,3.724,7,9,0
489.62025316455697,1.0,2.0,1.0,5000.0,1000.0,0.00042969950000000003,0.0226360365,725904,3.724,8,9,0
93.6470588235294,1.0,2.0,1.0,5000.0,1000.0,0.0008007569999999999,0.0303171435,25,3.724,7,9,0
93.6470588235294,1.0,2.0,1.0,5000.0,1000.0,0.001103653,0.0366589055,25,3.724,8,9,0
93.6470588235294,1.0,2.0,1.0,5000.0,1000.0,0.0008016589999999999,0.030316756,25,3.724,7,11,0
93.6470588235294,1.0,2.0,1.0,5000.0,1000.0,0.001102184,0.037060488499999995,25,3.724,8,9,0
93.6470588235294,1.0,2.0,1.0,5000.0,1000.0,0.0011026825,0.036580732500000004,25,3.724,7,11,0
74.0,2.0,1.0,1.0,5000.0,1000.0,0.0001,0.0,256,3.724,2,2,0
93.6470588235294,1.0,2.0,1.0,5000.0,1000.0,0.000816941,0.030789658499999997,25,3.724,9,8,0
93.6470588235294,1.0,2.0,1.0,5000.0,1000.0,0.0008052075000000001,0.0307320315,25,3.724,6,11,0
313.6585365853659,1.0,2.0,1.0,5000.0,1000.0,0.0003135,0.0085033975,237169,3.724,5,6,0
93.6470588235294,1.0,2.0,1.0,5000.0,1000.0,0.0011076275,0.037253197,25,3.724,6,11,0
509.8333333333333,1.0,2.0,1.0,5000.0,1000.0,0.0010445135000000001,0.0650257605,550564,3.724,7,8,0
93.6470588235294,1.0,2.0,1.0,5000.0,1000.0,0.0011107235000000003,0.037008304000000006,25,3.724,9,8,0
93.6470588235294,1.0,2.0,1.0,5000.0,1000.0,0.0011083,0.0366821495,25,3.724,7,8,0
313.6585365853659,1.0,2.0,1.0,5000.0,1000.0,0.0003192715,0.008787687,237169,3.724,9,7,0
93.6470588235294,1.0,2.0,1.0,5000.0,1000.0,0.0008249705,0.031253234,25,3.724,1,3,0
74.0,2.0,1.0,1.0,5000.0,1000.0,0.0001,0.0,256,3.724,4,4,0
104.22222222222223,1.0,1.0,1.0,5000.0,1000.0,0.0004384925,0.016526455500000002,2500,3.724,1,1,0
93.6470588235294,1.0,2.0,1.0,5000.0,1000.0,0.0012249500000000003,0.040295015499999996,25,3.724,7,8,0
110.0,2.0,2.0,1.0,5000.0,1000.0,0.0011396665,0.0016018335,4096,3.724,1,6,0
489.62025316455697,1.0,2.0,1.0,5000.0,1000.0,0.00044070949999999997,0.023422093,725904,3.724,9,8,0
81.0,2.0,1.0,1.0,5000.0,1000.0,0.0001,0.0,256,3.724,9,2,0
93.6470588235294,1.0,2.0,1.0,5000.0,1000.0,0.000830794,0.030572104500000002,25,3.724,9,7,0
268.53846153846155,1.0,2.0,1.0,5000.0,1000.0,0.000282082,0.008268943999999999,159201,3.724,16,18,0
93.6470588235294,1.0,2.0,1.0,5000.0,1000.0,0.0011038075,0.0365343055,25,3.724,9,7,0
93.6470588235294,1.0,2.0,1.0,5000.0,1000.0,0.001126522,0.0371553665,25,3.724,16,18,0
104.22222222222223,1.0,1.0,1.0,5000.0,1000.0,0.000443762,0.016764457999999996,2500,3.724,9,2,0
93.6470588235294,1.0,2.0,1.0,5000.0,1000.0,0.000812488,0.030590534000000003,25,3.724,16,18,0
522.9142857142857,1.0,2.0,1.0,5000.0,1000.0,0.0010528395,0.06593951749999999,547600,3.724,9,8,0
93.6470588235294,1.0,2.0,1.0,5000.0,1000.0,0.001134504,0.038161190500000004,25,3.724,7,8,0
391.6,1.0,1.0,1.0,1445.4432000000002,240.90720000000002,0.0900899985,8.742674064000001,187489,3.724,3,3,0
109.0,2.0,2.0,1.0,5000.0,1000.0,0.0011075,0.0015577570000000001,4356,3.724,2,7,0
509.8333333333333,1.0,2.0,1.0,5000.0,1000.0,0.0010478770000000002,0.064363562,550564,3.724,16,18,0
93.6470588235294,1.0,2.0,1.0,5000.0,1000.0,0.0012249500000000003,0.040295015499999996,25,3.724,7,8,0
81.0,2.0,1.0,1.0,5000.0,1000.0,0.0001,0.0,256,3.724,4,3,0
93.6470588235294,1.0,2.0,1.0,5000.0,1000.0,0.0011139745,0.0376308585,25,3.724,8,8,0
441.67391304347825,1.0,1.0,1.0,5000.0,1000.0,0.00047891,0.012125464,404496,3.724,4,2,0
74.0,2.0,1.0,1.0,5000.0,1000.0,0.0001,0.0,256,3.724,9,2,0
391.6,1.0,1.0,1.0,1462.0215,243.67025,0.08907075449999999,8.741676078500001,187489,3.724,9,1,0
93.6470588235294,1.0,2.0,1.0,5000.0,1000.0,0.0011185355,0.03720643800000001,25,3.724,8,8,0
391.6,1.0,1.0,1.0,1445.4432000000002,240.90720000000002,0.0900899985,8.742674064000001,187489,3.724,3,3,0
74.0,2.0,1.0,1.0,5000.0,1000.0,0.0001,0.0,256,3.724,4,4,0
74.0,2.0,1.0,1.0,5000.0,1000.0,0.0001,0.0,256,3.724,2,3,0
138.5,1.0,2.0,1.0,5000.0,1000.0,0.00033868149999999997,0.0090091205,9801,3.724,2,9,0
74.0,2.0,1.0,1.0,5000.0,1000.0,0.0001,0.0,256,3.724,1,2,0
74.0,2.0,1.0,1.0,5000.0,1000.0,0.0001,0.0,256,3.724,9,2,0
93.6470588235294,1.0,2.0,1.0,5000.0,1000.0,0.0011199765,0.037421456,25,3.724,5,7,0
104.22222222222223,1.0,1.0,1.0,5000.0,1000.0,0.00044710349999999997,0.016777498999999998,2500,3.724,4,3,0
93.6470588235294,1.0,2.0,1.0,5000.0,1000.0,0.0011284999999999997,0.03824004350000001,25,3.724,5,7,0
98.62727272727273,1.0,1.0,1.0,5000.0,1000.0,0.006857475,0.376961032,361,3.724,1,1,0
268.53846153846155,1.0,2.0,1.0,5000.0,1000.0,0.00028530750000000006,0.0173643595,159201,3.724,8,8,0
93.6470588235294,1.0,2.0,1.0,5000.0,1000.0,0.001155354,0.037398311499999996,25,3.724,5,7,0
93.6470588235294,1.0,2.0,1.0,5000.0,1000.0,0.0011062530000000002,0.037047724000000004,25,3.724,9,7,0
93.6470588235294,1.0,2.0,1.0,5000.0,1000.0,0.001119631,0.037142236999999995,25,3.724,16,18,0
93.6470588235294,1.0,2.0,1.0,5000.0,1000.0,0.001112694,0.0370205555,25,3.724,9,8,0
104.22222222222223,1.0,1.0,1.0,5000.0,1000.0,0.00044731750000000003,0.0165251735,2500,3.724,2,1,0
93.6470588235294,1.0,2.0,1.0,5000.0,1000.0,0.001146316,0.037939957999999996,25,3.724,7,8,0
93.6470588235294,1.0,2.0,1.0,5000.0,1000.0,0.0008020000000000001,0.030656997,25,3.724,9,14,0
93.6470588235294,1.0,2.0,1.0,5000.0,1000.0,0.0011037590000000002,0.036666763,25,3.724,9,14,0
104.22222222222223,1.0,1.0,1.0,5000.0,1000.0,0.000439222,0.0163884125,2500,3.724,9,2,0
93.6470588235294,1.0,2.0,1.0,5000.0,1000.0,0.0011075195,0.0372512225,25,3.724,9,14,0
509.8333333333333,1.0,2.0,1.0,5000.0,1000.0,0.001054382,0.0644999915,550564,3.724,8,8,0
93.6470588235294,1.0,2.0,1.0,5000.0,1000.0,0.001102847,0.0366417785,25,3.724,9,7,0
93.6470588235294,1.0,2.0,1.0,5000.0,1000.0,0.0011335174999999999,0.037803785500000006,25,3.724,16,18,0
93.6470588235294,1.0,2.0,1.0,5000.0,1000.0,0.0011017194999999999,0.0366133,25,3.724,9,7,0
93.6470588235294,1.0,2.0,1.0,5000.0,1000.0,0.001118249,0.0371533685,25,3.724,16,18,0
93.6470588235294,1.0,2.0,1.0,5000.0,1000.0,0.0011116605,0.037101107999999994,25,3.724,9,8,0
93.6470588235294,1.0,2.0,1.0,5000.0,1000.0,0.0011021100000000001,0.0366162655,25,3.724,9,14,0
93.6470588235294,1.0,2.0,1.0,5000.0,1000.0,0.001113853,0.037034966999999995,25,3.724,9,8,0
313.6585365853659,1.0,2.0,1.0,5000.0,1000.0,0.000290925,0.017174039000000002,237169,3.724,9,14,0
103.0,2.0,2.0,1.0,5000.0,1000.0,0.00032950000000000004,0.000459621,2916,3.724,2,7,0
427.8,1.0,2.0,1.0,5000.0,1000.0,0.0004015665,0.022191429,527076,3.724,1,4,0
93.6470588235294,1.0,2.0,1.0,5000.0,1000.0,0.00083249,0.0317617095,25,3.724,7,8,0
93.6470588235294,1.0,2.0,1.0,5000.0,1000.0,0.0011151075000000001,0.037487923,25,3.724,16,18,0
509.8333333333333,1.0,2.0,1.0,5000.0,1000.0,0.0010436285000000002,0.067273766,550564,3.724,7,8,0
81.0,2.0,1.0,1.0,5000.0,1000.0,0.0001,0.0,256,3.724,4,4,0
135.47826086956522,1.0,2.0,1.0,5000.0,1000.0,0.00024039,0.014466300999999999,8649,3.724,1,6,0
93.6470588235294,1.0,2.0,1.0,5000.0,1000.0,0.001121545,0.037223298999999994,25,3.724,5,7,0
104.0,2.0,2.0,1.0,5000.0,1000.0,0.0003316665,0.00046197849999999994,3136,3.724,16,18,0
509.8333333333333,1.0,2.0,1.0,5000.0,1000.0,0.0010152295,0.063021116,550564,3.724,9,7,0
110.0,2.0,2.0,1.0,5000.0,1000.0,0.0011551670000000001,0.0016244610000000002,4096,3.724,11,14,0
93.6470588235294,1.0,2.0,1.0,5000.0,1000.0,0.0012310460000000002,0.0402593965,25,3.724,7,8,0
522.9142857142857,1.0,2.0,1.0,5000.0,1000.0,0.001056001,0.0661979795,547600,3.724,9,14,0
93.6470588235294,1.0,2.0,1.0,5000.0,1000.0,0.0008086645,0.0307974515,25,3.724,8,8,0
427.8,1.0,2.0,1.0,5000.0,1000.0,0.0004070685,0.0217677705,527076,3.724,8,8,0
93.6470588235294,1.0,2.0,1.0,5000.0,1000.0,0.001128569,0.037811711500000005,25,3.724,16,18,0
93.6470588235294,1.0,2.0,1.0,5000.0,1000.0,0.0011253074999999998,0.0376445385,25,3.724,9,8,0
104.22222222222223,1.0,1.0,1.0,5000.0,1000.0,0.0004535555,0.0169978655,2500,3.724,4,3,0
93.6470588235294,1.0,2.0,1.0,5000.0,1000.0,0.000812216,0.0308442695,25,3.724,9,8,0
104.22222222222223,1.0,1.0,1.0,5000.0,1000.0,0.000451968,0.0170401065,2500,3.724,2,1,0
509.8333333333333,1.0,2.0,1.0,5000.0,1000.0,0.001015471,0.0637607385,550564,3.724,5,7,0
93.6470588235294,1.0,2.0,1.0,5000.0,1000.0,0.0011180925,0.0370848835,25,3.724,8,8,0
93.6470588235294,1.0,2.0,1.0,5000.0,1000.0,0.001116922,0.037141948,25,3.724,16,18,0
93.6470588235294,1.0,2.0,1.0,5000.0,1000.0,0.0011174529999999998,0.037356671999999994,25,3.724,8,8,0
93.6470588235294,1.0,2.0,1.0,5000.0,1000.0,0.0008171725,0.030923742999999997,25,3.724,16,18,0
391.6,1.0,1.0,1.0,1730.145,288.3575,0.0752622765,8.6024787595,187489,3.724,5,2,0
74.0,2.0,1.0,1.0,5000.0,1000.0,0.0001,0.0,256,3.724,16,1,0
93.6470588235294,1.0,2.0,1.0,5000.0,1000.0,0.0011378914999999998,0.0365976985,25,3.724,5,7,0
93.6470588235294,1.0,2.0,1.0,5000.0,1000.0,0.001114363,0.0373144605,25,3.724,9,14,0
74.0,2.0,1.0,1.0,5000.0,1000.0,0.0001,0.0,256,3.724,2,1,0
489.62025316455697,1.0,2.0,1.0,5000.0,1000.0,0.000429731,0.0225419725,725904,3.724,1,1,0
93.6470588235294,1.0,2.0,1.0,5000.0,1000.0,0.0011111865,0.03700458250000001,25,3.724,6,5,0
74.0,2.0,1.0,1.0,5000.0,1000.0,0.0001,0.0,256,3.724,3,2,0
104.22222222222223,1.0,1.0,1.0,5000.0,1000.0,0.000448746,0.017001163499999996,2500,3.724,5,2,0
509.8333333333333,1.0,2.0,1.0,5000.0,1000.0,0.0010213435,0.06367368600000001,550564,3.724,16,18,0
74.0,2.0,1.0,1.0,5000.0,1000.0,0.0001,0.0,256,3.724,1,1,0
93.6470588235294,1.0,2.0,1.0,5000.0,1000.0,0.001116422,0.0375650105,25,3.724,16,18,0
92.53225806451613,1.0,2.0,1.0,5000.0,1000.0,0.000255793,0.0153302505,3136,3.724,3,5,0
104.22222222222223,1.0,1.0,1.0,5000.0,1000.0,0.00045523000000000004,0.0167498055,2500,3.724,4,3,0
93.6470588235294,1.0,2.0,1.0,5000.0,1000.0,0.001101531,0.036673805500000003,25,3.724,5,7,0
183.11111111111111,1.0,2.0,1.0,5000.0,1000.0,0.000320382,0.008899490999999999,8836,3.724,16,18,0
509.8333333333333,1.0,2.0,1.0,5000.0,1000.0,0.0011464889999999999,0.069255489,550564,3.724,3,5,0
268.53846153846155,1.0,2.0,1.0,5000.0,1000.0,0.000246598,0.014237183,159201,3.724,6,5,0
391.6,1.0,1.0,1.0,1731.94482,288.65747,0.0751821005,8.5990577035,187489,3.724,2,1,0
93.6470588235294,1.0,2.0,1.0,5000.0,1000.0,0.001141104,0.038216441,25,3.724,3,5,0
104.22222222222223,1.0,1.0,1.0,5000.0,1000.0,0.00045662700000000003,0.017103026,2500,3.724,1,1,0
93.6470588235294,1.0,2.0,1.0,5000.0,1000.0,0.001138594,0.0383953985,25,3.724,6,5,0
132.0,1.0,2.0,1.0,5000.0,1000.0,0.0113925035,0.3506560645,2916,3.724,5,7,0
522.9142857142857,1.0,2.0,1.0,5000.0,1000.0,0.001360794,0.080772962,547600,3.724,8,14,0
74.0,2.0,1.0,1.0,5000.0,1000.0,0.0001,0.0,256,3.724,6,4,0
104.0,2.0,2.0,1.0,5000.0,1000.0,0.000333833,0.0004650455,3136,3.724,5,6,0
110.0,2.0,2.0,1.0,5000.0,1000.0,0.0011548335,0.0016229285,4096,3.724,5,6,0
489.62025316455697,1.0,2.0,1.0,5000.0,1000.0,0.00044099549999999997,0.0232183875,725904,3.724,5,6,0
104.22222222222223,1.0,1.0,1.0,5000.0,1000.0,0.000442722,0.016525901000000003,2500,3.724,6,3,0
427.8,1.0,2.0,1.0,5000.0,1000.0,0.000385378,0.020969856499999998,527076,3.724,5,6,0
104.22222222222223,1.0,1.0,1.0,5000.0,1000.0,0.0004396985,0.016554785500000002,2500,3.724,2,1,0
74.0,2.0,1.0,1.0,5000.0,1000.0,0.0001,0.0,256,3.724,4,3,0
509.8333333333333,1.0,2.0,1.0,5000.0,1000.0,0.0010351825,0.0648762925,550564,3.724,6,5,0
74.0,2.0,1.0,1.0,5000.0,1000.0,0.0001,0.0,256,3.724,2,6,0
268.53846153846155,1.0,2.0,1.0,5000.0,1000.0,0.001136655,0.03422542,159201,3.724,1,8,0
93.6470588235294,1.0,2.0,1.0,5000.0,1000.0,0.0011489565000000002,0.037296053999999995,25,3.724,8,14,0
116.15,1.0,1.0,1.0,5000.0,1000.0,0.0065837785,0.40605980199999997,1764,3.724,2,1,0
268.53846153846155,1.0,2.0,1.0,5000.0,1000.0,0.00028119749999999997,0.017236395999999998,159201,3.724,4,9,0
93.6470588235294,1.0,2.0,1.0,5000.0,1000.0,0.0011115665,0.037140246499999995,25,3.724,7,24,0
93.6470588235294,1.0,2.0,1.0,5000.0,1000.0,0.001126341,0.0376000285,25,3.724,8,14,0
93.6470588235294,1.0,2.0,1.0,5000.0,1000.0,0.001142031,0.037906899499999994,25,3.724,4,4,0
133.3793103448276,1.0,2.0,1.0,5000.0,1000.0,0.013678407499999998,0.3975772945,3969,3.724,5,6,0
93.6470588235294,1.0,2.0,1.0,5000.0,1000.0,0.001135004,0.038062987,25,3.724,9,15,0
313.6585365853659,1.0,2.0,1.0,5000.0,1000.0,0.000311195,0.00871332,237169,3.724,3,3,0
81.0,2.0,1.0,1.0,5000.0,1000.0,0.0001,0.0,256,3.724,2,3,0
104.22222222222223,1.0,1.0,1.0,5000.0,1000.0,0.00044341249999999997,0.016691745999999997,2500,3.724,2,2,0
268.53846153846155,1.0,2.0,1.0,5000.0,1000.0,0.00028889750000000004,0.0176095375,159201,3.724,8,14,0
93.6470588235294,1.0,2.0,1.0,5000.0,1000.0,0.000799588,0.030375028000000002,25,3.724,7,24,0
81.0,2.0,1.0,1.0,5000.0,1000.0,0.0001,0.0,256,3.724,1,2,0
433.3829787234043,1.0,1.0,1.0,5000.0,1000.0,0.0004925315,0.012500312500000001,407044,3.724,4,2,0
74.0,2.0,1.0,1.0,5000.0,1000.0,0.0001,0.0,256,3.724,7,3,0
489.62025316455697,1.0,2.0,1.0,5000.0,1000.0,0.0027380585,0.148416484,725904,3.724,2,11,0
74.0,2.0,1.0,1.0,5000.0,1000.0,0.0001,0.0,256,3.724,2,1,0
73.0,2.0,1.0,1.0,5000.0,1000.0,0.0001,0.0,256,3.724,8,2,0
93.6470588235294,1.0,2.0,1.0,5000.0,1000.0,0.001108047,0.0372600405,25,3.724,9,15,0
93.6470588235294,1.0,2.0,1.0,5000.0,1000.0,0.0011128605,0.03712931,25,3.724,12,20,0
93.6470588235294,1.0,2.0,1.0,5000.0,1000.0,0.0011108255,0.03704720399999999,25,3.724,12,20,0
93.6470588235294,1.0,2.0,1.0,5000.0,1000.0,0.001167919,0.037980151,25,3.724,9,15,0
313.6585365853659,1.0,2.0,1.0,5000.0,1000.0,0.00030504949999999995,0.017153470499999997,237169,3.724,2,6,0
93.6470588235294,1.0,2.0,1.0,5000.0,1000.0,0.001229994,0.0393084245,25,3.724,7,8,0
509.8333333333333,1.0,2.0,1.0,5000.0,1000.0,0.001180415,0.07022621050000001,550564,3.724,7,8,0
93.6470588235294,1.0,2.0,1.0,5000.0,1000.0,0.0011087925,0.0367885785,25,3.724,9,15,0
93.6470588235294,1.0,2.0,1.0,5000.0,1000.0,0.0008134135,0.031048832499999998,25,3.724,12,20,0
93.6470588235294,1.0,2.0,1.0,5000.0,1000.0,0.0008193725,0.030941181499999998,25,3.724,8,14,0
489.62025316455697,1.0,2.0,1.0,5000.0,1000.0,0.0017294325,0.0962290625,725904,3.724,2,4,0
489.62025316455697,1.0,2.0,1.0,5000.0,1000.0,0.0015485280000000002,0.085970326,725904,3.724,7,24,0
268.53846153846155,1.0,2.0,1.0,5000.0,1000.0,0.0011216089999999998,0.067827101,159201,3.724,4,7,0
93.6470588235294,1.0,2.0,1.0,5000.0,1000.0,0.001160871,0.0380724425,25,3.724,8,14,0
93.6470588235294,1.0,2.0,1.0,5000.0,1000.0,0.001111984,0.03744453650000001,25,3.724,12,20,0
93.6470588235294,1.0,2.0,1.0,5000.0,1000.0,0.0011944295,0.0390308195,25,3.724,7,8,0
93.6470588235294,1.0,2.0,1.0,5000.0,1000.0,0.0011215295,0.037135041,25,3.724,8,14,0
74.0,2.0,1.0,1.0,5000.0,1000.0,0.0001,0.0,256,3.724,7,1,0
81.0,2.0,1.0,1.0,5000.0,1000.0,0.0001,0.0,256,3.724,7,3,0
268.53846153846155,1.0,2.0,1.0,5000.0,1000.0,0.0018787915,0.126699018,159201,3.724,3,5,0
81.0,2.0,1.0,1.0,5000.0,1000.0,0.0001,0.0,256,3.724,3,3,0
93.6470588235294,1.0,2.0,1.0,5000.0,1000.0,0.0011003885,0.0371596785,25,3.724,7,24,0
92.53225806451613,1.0,2.0,1.0,5000.0,1000.0,0.00026242299999999996,0.0154106035,3136,3.724,2,6,0
93.6470588235294,1.0,2.0,1.0,5000.0,1000.0,0.0011363195,0.038067124,25,3.724,4,4,0
370.375,1.0,1.0,1.0,1849.51884,308.25314,0.0682288725,8.2201922385,198025,3.724,2,3,0
93.6470588235294,1.0,2.0,1.0,5000.0,1000.0,0.001110247,0.036938422000000005,25,3.724,12,20,0
93.6470588235294,1.0,2.0,1.0,5000.0,1000.0,0.0011365885,0.0383455435,25,3.724,4,4,0
427.8,1.0,2.0,1.0,5000.0,1000.0,0.000402041,0.022036779500000003,527076,3.724,3,3,0
93.6470588235294,1.0,2.0,1.0,5000.0,1000.0,0.0011438540000000001,0.037097790000000005,25,3.724,12,20,0
104.22222222222223,1.0,1.0,1.0,5000.0,1000.0,0.0004528335,0.017000579999999998,2500,3.724,2,1,0
93.6470588235294,1.0,2.0,1.0,5000.0,1000.0,0.0008242430000000001,0.030604773,25,3.724,4,4,0
489.62025316455697,1.0,2.0,1.0,5000.0,1000.0,0.0004341335,0.022564286000000003,725904,3.724,2,4,0
93.6470588235294,1.0,2.0,1.0,5000.0,1000.0,0.0011966174999999998,0.03978409,25,3.724,7,8,0
93.6470588235294,1.0,2.0,1.0,5000.0,1000.0,0.0008963900000000001,0.033774674,25,3.724,7,8,0
93.6470588235294,1.0,2.0,1.0,5000.0,1000.0,0.0008140235,0.030839611,25,3.724,9,15,0
81.0,2.0,1.0,1.0,5000.0,1000.0,0.0001,0.0,256,3.724,4,3,0
81.0,2.0,1.0,1.0,5000.0,1000.0,0.0001,0.0,256,3.724,2,1,0
93.6470588235294,1.0,2.0,1.0,5000.0,1000.0,0.0011384885,0.038077091,25,3.724,9,15,0
489.62025316455697,1.0,2.0,1.0,5000.0,1000.0,0.0011219225,0.068371512,725904,3.724,2,4,0
138.5,1.0,2.0,1.0,5000.0,1000.0,0.000322727,0.008586158500000001,9801,3.724,4,7,0
93.6470588235294,1.0,2.0,1.0,5000.0,1000.0,0.0011038410000000002,0.036885825,25,3.724,12,20,0
93.6470588235294,1.0,2.0,1.0,5000.0,1000.0,0.0011091060000000001,0.0368459535,25,3.724,9,15,0
104.22222222222223,1.0,1.0,1.0,5000.0,1000.0,0.000471611,0.0178689265,2500,3.724,8,3,0
138.5,1.0,2.0,1.0,5000.0,1000.0,0.00042636350000000003,0.0131481935,9801,3.724,4,7,0
93.6470588235294,1.0,2.0,1.0,5000.0,1000.0,0.000815563,0.030602757499999998,25,3.724,12,20,0
432.02127659574467,1.0,1.0,1.0,5000.0,1000.0,0.000463635,0.012014605000000001,404496,3.724,1,1,0
104.0,2.0,2.0,1.0,5000.0,1000.0,0.00033400000000000004,0.00046634300000000003,3136,3.724,4,18,0
93.6470588235294,1.0,2.0,1.0,5000.0,1000.0,0.001190749,0.039557438,25,3.724,7,8,0
81.0,2.0,1.0,1.0,5000.0,1000.0,0.0001,0.0,256,3.724,4,6,0
522.9142857142857,1.0,2.0,1.0,5000.0,1000.0,0.0010804935,0.0665637445,547600,3.724,7,24,0
62.9622641509434,1.0,1.0,1.0,5000.0,1000.0,0.0007490384999999999,0.046273509500000004,169,3.724,4,1,0
183.11111111111111,1.0,2.0,1.0,5000.0,1000.0,0.00026373550000000003,0.006848245,8836,3.724,4,18,0
104.22222222222223,1.0,1.0,1.0,5000.0,1000.0,0.0004538335,0.0169040815,2500,3.724,1,3,0
489.62025316455697,1.0,2.0,1.0,5000.0,1000.0,0.000446812,0.023552826500000002,725904,3.724,2,1,0
93.6470588235294,1.0,2.0,1.0,5000.0,1000.0,0.0011607355,0.0377066625,25,3.724,1,2,0
98.62727272727273,1.0,1.0,1.0,5000.0,1000.0,0.0060029245,0.329698514,361,3.724,4,1,0
462.4,1.0,2.0,1.0,5000.0,1000.0,0.0013087339999999998,0.09668423350000001,465124,3.724,4,3,0
93.6470588235294,1.0,2.0,1.0,5000.0,1000.0,0.0008266234999999999,0.0307907035,25,3.724,9,15,0
433.3829787234043,1.0,1.0,1.0,5000.0,1000.0,0.0005104889999999999,0.0127772135,407044,3.724,1,1,0
135.47826086956522,1.0,2.0,1.0,5000.0,1000.0,0.00023376999999999998,0.014139628500000001,8649,3.724,1,6,0
74.0,2.0,1.0,1.0,5000.0,1000.0,0.0001,0.0,256,3.724,1,2,0
509.8333333333333,1.0,2.0,1.0,5000.0,1000.0,0.0010110734999999999,0.06312914650000001,550564,3.724,9,15,0
391.6,1.0,1.0,1.0,1731.85848,288.64308,0.0751862835,8.601807165,187489,3.724,3,3,0
155.85714285714286,1.0,2.0,1.0,5000.0,1000.0,0.000399843,0.013652158999999999,32400,3.724,4,3,0
268.53846153846155,1.0,2.0,1.0,5000.0,1000.0,0.0013199669999999998,0.0373618695,159201,3.724,1,3,0
1000.9873417721519,1.0,1.0,1.0,5000.0,1000.0,0.002355264,0.145185106,1974025,3.724,1,1,0
73.0,2.0,1.0,1.0,5000.0,1000.0,0.0001,0.0,256,3.724,2,2,0
138.5,1.0,2.0,1.0,5000.0,1000.0,0.00033318199999999996,0.008862534500000002,9801,3.724,1,7,0
93.6470588235294,1.0,2.0,1.0,5000.0,1000.0,0.0011123665,0.03743830149999999,25,3.724,8,9,0
135.47826086956522,1.0,2.0,1.0,5000.0,1000.0,0.000241229,0.014526376,8649,3.724,1,5,0
81.0,2.0,1.0,1.0,5000.0,1000.0,0.0001,0.0,256,3.724,1,1,0
81.0,2.0,1.0,1.0,5000.0,1000.0,0.0001,0.0,256,3.724,2,3,0
138.5,1.0,2.0,1.0,5000.0,1000.0,0.000334136,0.0088887935,9801,3.724,1,13,0
73.0,2.0,1.0,1.0,5000.0,1000.0,0.0001,0.0,256,3.724,2,2,0
509.8333333333333,1.0,2.0,1.0,5000.0,1000.0,0.001100217,0.067410879,550564,3.724,6,11,0
74.0,2.0,1.0,1.0,5000.0,1000.0,0.0001,0.0,256,3.724,9,2,0
73.0,2.0,1.0,1.0,5000.0,1000.0,0.0001,0.0,256,3.724,6,4,0
268.53846153846155,1.0,2.0,1.0,5000.0,1000.0,0.0002760275,0.0158436135,159201,3.724,2,6,0
93.6470588235294,1.0,2.0,1.0,5000.0,1000.0,0.001127878,0.037978089500000006,25,3.724,6,11,0
81.0,2.0,1.0,1.0,5000.0,1000.0,0.0001,0.0,256,3.724,5,3,0
433.3829787234043,1.0,1.0,1.0,5000.0,1000.0,0.000625171,0.016302709,407044,3.724,2,1,0
93.6470588235294,1.0,2.0,1.0,5000.0,1000.0,0.0011268724999999999,0.0377718645,25,3.724,8,9,0
138.5,1.0,2.0,1.0,5000.0,1000.0,0.000343091,0.009378941,9801,3.724,3,13,0
93.6470588235294,1.0,2.0,1.0,5000.0,1000.0,0.0011554290000000001,0.03725908,25,3.724,8,9,0
93.6470588235294,1.0,2.0,1.0,5000.0,1000.0,0.001126216,0.0377500915,25,3.724,6,11,0
509.8333333333333,1.0,2.0,1.0,5000.0,1000.0,0.0010134410000000001,0.063438207,550564,3.724,10,24,0
93.6470588235294,1.0,2.0,1.0,5000.0,1000.0,0.0008285645,0.031624256499999996,25,3.724,6,11,0
81.0,2.0,1.0,1.0,5000.0,1000.0,0.0001,0.0,256,3.724,1,1,0
93.6470588235294,1.0,2.0,1.0,5000.0,1000.0,0.0011601625,0.0376640715,25,3.724,6,11,0
109.0,2.0,2.0,1.0,5000.0,1000.0,0.001111,0.001561646,4356,3.724,10,24,0
370.375,1.0,1.0,1.0,1836.3732,306.0622,0.068707739,8.221182821000001,198025,3.724,3,3,0
81.0,2.0,1.0,1.0,5000.0,1000.0,0.0001,0.0,256,3.724,2,1,0
81.0,2.0,1.0,1.0,5000.0,1000.0,0.0001,0.0,256,3.724,9,2,0
93.6470588235294,1.0,2.0,1.0,5000.0,1000.0,0.0008144335,0.030901606999999998,25,3.724,8,9,0
81.0,2.0,1.0,1.0,5000.0,1000.0,0.0001,0.0,256,3.724,3,3,0
462.4,1.0,2.0,1.0,5000.0,1000.0,0.000659469,0.011279593999999999,342225,3.724,1,1,0
74.0,2.0,1.0,1.0,5000.0,1000.0,0.0001,0.0,256,3.724,2,2,0
509.8333333333333,1.0,2.0,1.0,5000.0,1000.0,0.0010374985,0.06434071400000001,550564,3.724,8,9,0
93.6470588235294,1.0,2.0,1.0,5000.0,1000.0,0.0011743254999999999,0.039532694,25,3.724,7,11,0
93.6470588235294,1.0,2.0,1.0,5000.0,1000.0,0.0010618295,0.035389106999999996,25,3.724,9,13,0
93.6470588235294,1.0,2.0,1.0,5000.0,1000.0,0.0008184335,0.030171971000000002,25,3.724,6,15,0
93.6470588235294,1.0,2.0,1.0,5000.0,1000.0,0.0010578215000000002,0.035424517,25,3.724,9,13,0
74.0,2.0,1.0,1.0,5000.0,1000.0,0.0001,0.0,256,3.724,9,2,0
74.0,2.0,1.0,1.0,5000.0,1000.0,0.0001,0.0,256,3.724,2,1,0
509.8333333333333,1.0,2.0,1.0,5000.0,1000.0,0.0010105445,0.0632357355,550564,3.724,6,15,0
93.6470588235294,1.0,2.0,1.0,5000.0,1000.0,0.0011765865,0.039986637,25,3.724,7,11,0
93.6470588235294,1.0,2.0,1.0,5000.0,1000.0,0.001194463,0.040555146,25,3.724,7,11,0
81.0,2.0,1.0,1.0,5000.0,1000.0,0.0001,0.0,256,3.724,4,3,0
391.6,1.0,1.0,1.0,1617.47616,269.57936,0.08050635149999999,8.6246648525,187489,3.724,9,1,0
81.0,2.0,1.0,1.0,5000.0,1000.0,0.0001,0.0,256,3.724,3,2,0
81.0,2.0,1.0,1.0,5000.0,1000.0,0.0001,0.0,256,3.724,2,1,0
93.6470588235294,1.0,2.0,1.0,5000.0,1000.0,0.000808347,0.030744854500000002,25,3.724,7,11,0
93.6470588235294,1.0,2.0,1.0,5000.0,1000.0,0.001160594,0.037565512999999995,25,3.724,8,9,0
391.6,1.0,1.0,1.0,1730.13312,288.35552,0.07525905000000001,8.602362884,187489,3.724,4,3,0
93.6470588235294,1.0,2.0,1.0,5000.0,1000.0,0.0010601355,0.035305192,25,3.724,9,13,0
489.62025316455697,1.0,2.0,1.0,5000.0,1000.0,0.000444141,0.023188643499999998,725904,3.724,3,1,0
109.0,2.0,2.0,1.0,5000.0,1000.0,0.014287500000000002,0.020194616,4356,3.724,4,5,0
135.47826086956522,1.0,2.0,1.0,5000.0,1000.0,0.0002390245,0.014374023000000001,8649,3.724,8,9,0
103.0,2.0,2.0,1.0,5000.0,1000.0,0.0047873335,0.006761119499999999,2916,3.724,4,5,0
509.8333333333333,1.0,2.0,1.0,5000.0,1000.0,0.0010382359999999999,0.0658066285,550564,3.724,7,11,0
110.0,2.0,2.0,1.0,5000.0,1000.0,0.0011483335,0.0016162115,4096,3.724,4,18,0
522.9142857142857,1.0,2.0,1.0,5000.0,1000.0,0.0011360015,0.0699046315,547600,3.724,7,11,0
81.0,2.0,1.0,1.0,5000.0,1000.0,0.0001,0.0,256,3.724,1,3,0
81.0,2.0,1.0,1.0,5000.0,1000.0,0.0001,0.0,256,3.724,4,3,0
93.6470588235294,1.0,2.0,1.0,5000.0,1000.0,0.0007722940000000001,0.029494138500000003,25,3.724,9,13,0
138.5,1.0,2.0,1.0,5000.0,1000.0,0.00032736399999999996,0.008796322,9801,3.724,7,11,0
93.6470588235294,1.0,2.0,1.0,5000.0,1000.0,0.00080641,0.030577899500000002,25,3.724,2,7,0
440.2826086956522,1.0,1.0,1.0,5000.0,1000.0,0.011776781,0.4410994675,401956,3.724,2,1,0
427.8,1.0,2.0,1.0,5000.0,1000.0,0.00039716450000000004,0.021668284,527076,3.724,2,1,0
93.6470588235294,1.0,2.0,1.0,5000.0,1000.0,0.0011073355,0.0368135685,25,3.724,7,11,0
370.375,1.0,1.0,1.0,1846.09152,307.68192,0.0683552315,8.2196828325,198025,3.724,4,1,0
93.6470588235294,1.0,2.0,1.0,5000.0,1000.0,0.0011207275000000001,0.0359212,25,3.724,9,13,0
93.6470588235294,1.0,2.0,1.0,5000.0,1000.0,0.0008784785,0.0346614285,25,3.724,7,11,0
74.0,2.0,1.0,1.0,5000.0,1000.0,0.0001,0.0,256,3.724,7,4,0
93.6470588235294,1.0,2.0,1.0,5000.0,1000.0,0.0011101744999999998,0.036796805,25,3.724,2,7,0
427.8,1.0,2.0,1.0,5000.0,1000.0,0.00041369100000000005,0.022990651,527076,3.724,4,5,0
93.6470588235294,1.0,2.0,1.0,5000.0,1000.0,0.001138475,0.036879131,25,3.724,7,11,0
93.6470588235294,1.0,2.0,1.0,5000.0,1000.0,0.0011071295,0.036921132999999995,25,3.724,7,11,0
74.0,2.0,1.0,1.0,5000.0,1000.0,0.0001,0.0,256,3.724,9,2,0
104.22222222222223,1.0,1.0,1.0,5000.0,1000.0,0.000459127,0.017335196500000004,2500,3.724,3,3,0
427.8,1.0,2.0,1.0,5000.0,1000.0,0.0004081375,0.021813309,527076,3.724,5,1,0
104.22222222222223,1.0,1.0,1.0,5000.0,1000.0,0.000443659,0.016627503000000002,2500,3.724,5,2,0
104.22222222222223,1.0,1.0,1.0,5000.0,1000.0,0.00044169049999999996,0.016653482999999997,2500,3.724,1,1,0
93.6470588235294,1.0,2.0,1.0,5000.0,1000.0,0.0008023455,0.030396123499999997,25,3.724,10,24,0
93.6470588235294,1.0,2.0,1.0,5000.0,1000.0,0.0011007645,0.0365987395,25,3.724,6,15,0
391.6,1.0,1.0,1.0,1731.7465200000001,288.62442,0.075189353,8.5990466955,187489,3.724,2,1,0
93.6470588235294,1.0,2.0,1.0,5000.0,1000.0,0.0011133,0.03744155650000001,25,3.724,9,12,0
93.6470588235294,1.0,2.0,1.0,5000.0,1000.0,0.001111059,0.037081379000000005,25,3.724,10,24,0
93.6470588235294,1.0,2.0,1.0,5000.0,1000.0,0.0011127665,0.037010684499999995,25,3.724,10,24,0
138.5,1.0,2.0,1.0,5000.0,1000.0,0.00033590949999999997,0.008967947,9801,3.724,1,1,0
313.6585365853659,1.0,2.0,1.0,5000.0,1000.0,0.00028691849999999995,0.0170632345,237169,3.724,3,2,0
93.6470588235294,1.0,2.0,1.0,5000.0,1000.0,0.0011094884999999998,0.0368449395,25,3.724,9,12,0
313.6585365853659,1.0,2.0,1.0,5000.0,1000.0,0.0003110775,0.0180425635,237169,3.724,2,3,0
172.0,1.0,2.0,1.0,5000.0,1000.0,0.0002520585,0.006568695000000001,5184,3.724,10,24,0
93.6470588235294,1.0,2.0,1.0,5000.0,1000.0,0.0011074175,0.037196941500000004,25,3.724,7,11,0
1034.7621722846443,1.0,1.0,1.0,2096.6047200000003,349.43412,0.068203637,4.471806493,1974025,3.724,1,1,0
93.6470588235294,1.0,2.0,1.0,5000.0,1000.0,0.0011049509999999998,0.03676534150000001,25,3.724,9,12,0
509.8333333333333,1.0,2.0,1.0,5000.0,1000.0,0.0011845495,0.0731842525,550564,3.724,9,13,0
313.6585365853659,1.0,2.0,1.0,5000.0,1000.0,0.000302056,0.017411135,237169,3.724,2,5,0
104.22222222222223,1.0,1.0,1.0,5000.0,1000.0,0.00045654800000000003,0.0167008855,2500,3.724,4,3,0
93.6470588235294,1.0,2.0,1.0,5000.0,1000.0,0.0011949939999999998,0.039537018,25,3.724,7,11,0
104.22222222222223,1.0,1.0,1.0,5000.0,1000.0,0.00042591250000000003,0.015995894,2500,3.724,3,3,0
93.6470588235294,1.0,2.0,1.0,5000.0,1000.0,0.0011055865,0.037198805,25,3.724,10,24,0
1029.2718808193667,1.0,1.0,1.0,2266.75224,377.79204,0.062488618,3.8639541564999997,1974025,3.724,9,1,0
93.6470588235294,1.0,2.0,1.0,5000.0,1000.0,0.0011143925,0.036926295500000005,25,3.724,10,24,0
135.47826086956522,1.0,2.0,1.0,5000.0,1000.0,0.000258303,0.0151870795,8649,3.724,4,1,0
268.53846153846155,1.0,2.0,1.0,5000.0,1000.0,0.00026758649999999995,0.0165248375,159201,3.724,5,11,0
93.6470588235294,1.0,2.0,1.0,5000.0,1000.0,0.0010956334999999999,0.036834264500000005,25,3.724,6,15,0
74.0,2.0,1.0,1.0,5000.0,1000.0,0.0001,0.0,256,3.724,4,3,0
74.0,2.0,1.0,1.0,5000.0,1000.0,0.0001,0.0,256,3.724,2,2,0
93.6470588235294,1.0,2.0,1.0,5000.0,1000.0,0.000806606,0.030671656,25,3.724,12,13,0
93.6470588235294,1.0,2.0,1.0,5000.0,1000.0,0.0008311335,0.0316346525,25,3.724,6,13,0
138.5,1.0,2.0,1.0,5000.0,1000.0,0.0003218635,0.008587582,9801,3.724,2,1,0
489.62025316455697,1.0,2.0,1.0,5000.0,1000.0,0.0004394545,0.022359766,725904,3.724,3,3,0
138.5,1.0,2.0,1.0,5000.0,1000.0,0.0003155,0.008428182,9801,3.724,4,3,0
433.3829787234043,1.0,1.0,1.0,5000.0,1000.0,0.0005441285,0.015815854,407044,3.724,5,1,0
93.6470588235294,1.0,2.0,1.0,5000.0,1000.0,0.0011622415,0.0381746715,25,3.724,6,13,0
81.0,2.0,1.0,1.0,5000.0,1000.0,0.0001,0.0,256,3.724,2,2,0
93.6470588235294,1.0,2.0,1.0,5000.0,1000.0,0.0011281135,0.037543029500000005,25,3.724,6,13,0
93.6470588235294,1.0,2.0,1.0,5000.0,1000.0,0.0011016235,0.0367190105,25,3.724,12,13,0
135.47826086956522,1.0,2.0,1.0,5000.0,1000.0,0.00023314600000000002,0.0141489525,11449,3.724,1,4,0
509.8333333333333,1.0,2.0,1.0,5000.0,1000.0,0.00101935,0.063215028,550564,3.724,9,12,0
313.6585365853659,1.0,2.0,1.0,5000.0,1000.0,0.00030554899999999996,0.017826475,237169,3.724,3,3,0
425.09090909090907,1.0,2.0,1.0,5000.0,1000.0,0.004910192000000001,0.471689771,465124,3.724,5,3,0
90.12096774193549,1.0,2.0,1.0,5000.0,1000.0,0.0076789795,0.5251652365,2601,3.724,1,9,0
103.0,2.0,2.0,1.0,5000.0,1000.0,0.000345,0.000481543,2916,3.724,10,24,0
73.0,2.0,1.0,1.0,5000.0,1000.0,0.0001,0.0,256,3.724,4,3,0
104.22222222222223,1.0,1.0,1.0,5000.0,1000.0,0.00044716650000000004,0.0168824175,2500,3.724,3,1,0
109.0,2.0,2.0,1.0,5000.0,1000.0,0.0010674999999999999,0.0015022500000000001,4356,3.724,6,5,0
93.6470588235294,1.0,2.0,1.0,5000.0,1000.0,0.0011016840000000001,0.036673478499999995,25,3.724,12,13,0
93.6470588235294,1.0,2.0,1.0,5000.0,1000.0,0.0008060879999999999,0.030354321000000004,25,3.724,2,6,0
93.6470588235294,1.0,2.0,1.0,5000.0,1000.0,0.0009342569999999999,0.0338853785,25,3.724,12,13,0
93.6470588235294,1.0,2.0,1.0,5000.0,1000.0,0.0008101804999999999,0.030625197,25,3.724,9,12,0
93.6470588235294,1.0,2.0,1.0,5000.0,1000.0,0.0012191429999999998,0.039229994,25,3.724,12,13,0
93.6470588235294,1.0,2.0,1.0,5000.0,1000.0,0.0011434230000000002,0.036819836,25,3.724,2,6,0
509.8333333333333,1.0,2.0,1.0,5000.0,1000.0,0.0010722015,0.0661152955,550564,3.724,12,13,0
93.6470588235294,1.0,2.0,1.0,5000.0,1000.0,0.0011476585,0.0371162835,25,3.724,7,5,0
489.62025316455697,1.0,2.0,1.0,5000.0,1000.0,0.0004567095,0.0237135225,725904,3.724,4,3,0
93.6470588235294,1.0,2.0,1.0,5000.0,1000.0,0.001102659,0.036811357,25,3.724,9,12,0
268.53846153846155,1.0,2.0,1.0,5000.0,1000.0,0.000272158,0.0157491865,159201,3.724,4,3,0
172.0,1.0,2.0,1.0,5000.0,1000.0,0.00025458800000000004,0.006440362000000001,5184,3.724,4,9,0
509.8333333333333,1.0,2.0,1.0,5000.0,1000.0,0.0010273615,0.06334100349999999,550564,3.724,12,13,0
93.6470588235294,1.0,2.0,1.0,5000.0,1000.0,0.001128241,0.037770790500000005,25,3.724,6,13,0
440.2826086956522,1.0,1.0,1.0,5000.0,1000.0,0.0057173395,0.2864769635,401956,3.724,10,3,0
116.15,1.0,1.0,1.0,5000.0,1000.0,0.0049772535,0.16101354599999998,1764,3.724,2,1,0
93.6470588235294,1.0,2.0,1.0,5000.0,1000.0,0.0012376779999999999,0.039328779499999994,25,3.724,12,13,0
109.0,2.0,2.0,1.0,5000.0,1000.0,0.001087833,0.00152959,4356,3.724,5,11,0
104.22222222222223,1.0,1.0,1.0,5000.0,1000.0,0.0004486505,0.0166979535,2500,3.724,5,2,0
427.8,1.0,2.0,1.0,5000.0,1000.0,0.0021324435,0.1218935495,527076,3.724,2,5,0
155.85714285714286,1.0,2.0,1.0,5000.0,1000.0,0.007882557,0.32915688750000005,32400,3.724,5,3,0
425.09090909090907,1.0,2.0,1.0,5000.0,1000.0,0.00513672,0.2024651985,342225,3.724,5,3,0
93.6470588235294,1.0,2.0,1.0,5000.0,1000.0,0.001094743,0.0363906855,25,3.724,6,15,0
313.6585365853659,1.0,2.0,1.0,5000.0,1000.0,0.0012169905,0.0730650565,237169,3.724,1,2,0
126.48275862068965,1.0,2.0,1.0,5000.0,1000.0,0.013235068000000001,0.3645854175,2401,3.724,1,5,0
93.6470588235294,1.0,2.0,1.0,5000.0,1000.0,0.001105553,0.0372215785,25,3.724,12,13,0
93.6470588235294,1.0,2.0,1.0,5000.0,1000.0,0.001094057,0.036363192499999995,25,3.724,6,15,0
509.8333333333333,1.0,2.0,1.0,5000.0,1000.0,0.001022904,0.0637254555,550564,3.724,6,13,0
74.0,2.0,1.0,1.0,5000.0,1000.0,0.0001,0.0,256,3.724,1,1,0
93.6470588235294,1.0,2.0,1.0,5000.0,1000.0,0.0011253980000000001,0.0376308425,25,3.724,6,13,0
313.6585365853659,1.0,2.0,1.0,5000.0,1000.0,0.000301103,0.017704884499999997,237169,3.724,6,5,0
427.8,1.0,2.0,1.0,5000.0,1000.0,0.00040107500000000003,0.0221293145,527076,3.724,2,2,0
440.2826086956522,1.0,1.0,1.0,5000.0,1000.0,0.013493146,0.5011367185,401956,3.724,5,1,0
172.0,1.0,2.0,1.0,5000.0,1000.0,0.000244059,0.006281882999999999,5184,3.724,6,5,0
93.6470588235294,1.0,2.0,1.0,5000.0,1000.0,0.0011398835000000001,0.036816492500000006,25,3.724,7,5,0
98.2072072072072,1.0,1.0,1.0,5000.0,1000.0,0.0001755195,0.0109371225,400,3.724,1,1,0
370.375,1.0,1.0,1.0,1849.33866,308.22311,0.06823572400000001,8.220011618000001,198025,3.724,4,1,0
93.6470588235294,1.0,2.0,1.0,5000.0,1000.0,0.001106122,0.036982789499999995,25,3.724,12,13,0
135.47826086956522,1.0,2.0,1.0,5000.0,1000.0,0.0002473935,0.01472516,8649,3.724,6,11,0
93.6470588235294,1.0,2.0,1.0,5000.0,1000.0,0.0010978219999999998,0.037042025,25,3.724,6,12,0
93.6470588235294,1.0,2.0,1.0,5000.0,1000.0,0.0012585025,0.039184699,25,3.724,12,13,0
104.22222222222223,1.0,1.0,1.0,5000.0,1000.0,0.0004473495,0.016687333,2500,3.724,5,1,0
522.9142857142857,1.0,2.0,1.0,5000.0,1000.0,0.0010463585,0.064988906,547600,3.724,6,12,0
73.0,2.0,1.0,1.0,5000.0,1000.0,0.0001,0.0,256,3.724,3,3,0
172.0,1.0,2.0,1.0,5000.0,1000.0,0.00025179399999999995,0.006572631999999999,5184,3.724,5,11,0
62.9622641509434,1.0,1.0,1.0,5000.0,1000.0,0.016556873,0.9075721525,169,3.724,5,1,0
93.6470588235294,1.0,2.0,1.0,5000.0,1000.0,0.001113469,0.037235979999999995,25,3.724,13,24,0
90.12096774193549,1.0,2.0,1.0,5000.0,1000.0,0.0077451145,0.46490345349999995,2601,3.724,1,4,0
74.0,2.0,1.0,1.0,5000.0,1000.0,0.0001,0.0,256,3.724,2,4,0
81.0,2.0,1.0,1.0,5000.0,1000.0,0.0001,0.0,256,3.724,3,3,0
104.22222222222223,1.0,1.0,1.0,5000.0,1000.0,0.00043177,0.016126624,2500,3.724,2,3,0
104.22222222222223,1.0,1.0,1.0,5000.0,1000.0,0.000444127,0.0167608525,2500,3.724,6,2,0
93.6470588235294,1.0,2.0,1.0,5000.0,1000.0,0.0012381194999999997,0.038382062999999994,25,3.724,12,13,0
432.02127659574467,1.0,1.0,1.0,5000.0,1000.0,0.0005199905000000001,0.013727360499999999,404496,3.724,7,1,0
103.0,2.0,2.0,1.0,5000.0,1000.0,0.000328667,0.000458799,2916,3.724,5,11,0
509.8333333333333,1.0,2.0,1.0,5000.0,1000.0,0.001010165,0.0630455935,550564,3.724,13,24,0
74.0,2.0,1.0,1.0,5000.0,1000.0,0.0001,0.0,256,3.724,4,3,0
93.6470588235294,1.0,2.0,1.0,5000.0,1000.0,0.001114784,0.037277518999999995,25,3.724,7,6,0
93.6470588235294,1.0,2.0,1.0,5000.0,1000.0,0.001084359,0.035937653,25,3.724,6,12,0
74.0,2.0,1.0,1.0,5000.0,1000.0,0.0001,0.0,256,3.724,1,1,0
74.0,2.0,1.0,1.0,5000.0,1000.0,0.0001,0.0,256,3.724,1,3,0
81.0,2.0,1.0,1.0,5000.0,1000.0,0.0001,0.0,256,3.724,8,4,0
448.9111111111111,1.0,1.0,1.0,5000.0,1000.0,0.012156104,0.5142832245,400689,3.724,13,3,0
73.0,2.0,1.0,1.0,5000.0,1000.0,0.0001,0.0,256,3.724,7,2,0
104.22222222222223,1.0,1.0,1.0,5000.0,1000.0,0.000445722,0.0165069795,2500,3.724,1,1,0
104.22222222222223,1.0,1.0,1.0,5000.0,1000.0,0.0004401745,0.016655641500000002,2500,3.724,7,2,0
391.6,1.0,1.0,1.0,1731.9189,288.65315,0.075183664,8.602192867,187489,3.724,3,1,0
93.6470588235294,1.0,2.0,1.0,5000.0,1000.0,0.001153119,0.0372796295,25,3.724,8,9,0
93.6470588235294,1.0,2.0,1.0,5000.0,1000.0,0.0011532724999999998,0.0377005345,25,3.724,7,5,0
93.6470588235294,1.0,2.0,1.0,5000.0,1000.0,0.001139075,0.037274336,25,3.724,8,9,0
427.8,1.0,2.0,1.0,5000.0,1000.0,0.000388569,0.020583999999999998,527076,3.724,6,12,0
81.0,2.0,1.0,1.0,5000.0,1000.0,0.0001,0.0,256,3.724,8,4,0
103.0,2.0,2.0,1.0,5000.0,1000.0,0.0003268335,0.0004554975,2916,3.724,4,9,0
93.6470588235294,1.0,2.0,1.0,5000.0,1000.0,0.001121384,0.03726829,25,3.724,7,16,0
104.22222222222223,1.0,1.0,1.0,5000.0,1000.0,0.00045545199999999996,0.017114284,2500,3.724,3,2,0
93.6470588235294,1.0,2.0,1.0,5000.0,1000.0,0.0011084019999999999,0.037369496499999995,25,3.724,7,6,0
509.8333333333333,1.0,2.0,1.0,5000.0,1000.0,0.001096072,0.06586482,550564,3.724,6,11,0
74.0,2.0,1.0,1.0,5000.0,1000.0,0.0001,0.0,256,3.724,3,2,0
93.6470588235294,1.0,2.0,1.0,5000.0,1000.0,0.0011086040000000002,0.037004206,25,3.724,7,13,0
93.6470588235294,1.0,2.0,1.0,5000.0,1000.0,0.001126102,0.037134815999999994,25,3.724,7,13,0
74.0,2.0,1.0,1.0,5000.0,1000.0,0.0001,0.0,256,3.724,13,3,0
135.47826086956522,1.0,2.0,1.0,5000.0,1000.0,0.001633665,0.1933476205,8649,3.724,2,1,0
93.6470588235294,1.0,2.0,1.0,5000.0,1000.0,0.0011122410000000001,0.037023942,25,3.724,6,11,0
93.6470588235294,1.0,2.0,1.0,5000.0,1000.0,0.0008183099999999999,0.031105137499999998,25,3.724,13,24,0
81.0,2.0,1.0,1.0,5000.0,1000.0,0.0001,0.0,256,3.724,1,3,0
433.3829787234043,1.0,1.0,1.0,5000.0,1000.0,0.0004661045,0.011575651000000001,407044,3.724,2,1,0
104.22222222222223,1.0,1.0,1.0,5000.0,1000.0,0.000446643,0.0168402235,2500,3.724,6,2,0
109.0,2.0,2.0,1.0,5000.0,1000.0,0.0010983335000000001,0.0015433785,4356,3.724,4,9,0
93.6470588235294,1.0,2.0,1.0,5000.0,1000.0,0.0011210825,0.037391631499999994,25,3.724,7,6,0
509.8333333333333,1.0,2.0,1.0,5000.0,1000.0,0.0010104185,0.063291514,550564,3.724,8,9,0
81.0,2.0,1.0,1.0,5000.0,1000.0,0.0001,0.0,256,3.724,3,2,0
93.6470588235294,1.0,2.0,1.0,5000.0,1000.0,0.0011063395,0.03683902099999999,25,3.724,6,11,0
93.6470588235294,1.0,2.0,1.0,5000.0,1000.0,0.0011153355,0.0370976585,25,3.724,8,9,0
84.0,3.0,2.0,1.0,5000.0,1000.0,0.0001,0.0,7056,3.724,1,1,0
93.6470588235294,1.0,2.0,1.0,5000.0,1000.0,0.001197463,0.040906685500000005,25,3.724,13,24,0
93.6470588235294,1.0,2.0,1.0,5000.0,1000.0,0.001118637,0.037676977,25,3.724,6,11,0
509.8333333333333,1.0,2.0,1.0,5000.0,1000.0,0.001010969,0.063248998,550564,3.724,7,16,0
93.6470588235294,1.0,2.0,1.0,5000.0,1000.0,0.001110578,0.03742074299999999,25,3.724,7,16,0
93.6470588235294,1.0,2.0,1.0,5000.0,1000.0,0.0010925470000000001,0.036289839,25,3.724,6,12,0
509.8333333333333,1.0,2.0,1.0,5000.0,1000.0,0.001045509,0.0644244695,550564,3.724,7,5,0
93.6470588235294,1.0,2.0,1.0,5000.0,1000.0,0.001110869,0.037385511,25,3.724,7,13,0
74.0,2.0,1.0,1.0,5000.0,1000.0,0.0001,0.0,256,3.724,1,2,0
93.6470588235294,1.0,2.0,1.0,5000.0,1000.0,0.00110919,0.037390911000000006,25,3.724,13,24,0
93.6470588235294,1.0,2.0,1.0,5000.0,1000.0,0.0008097355,0.030843208500000004,25,3.724,7,6,0
391.6,1.0,1.0,1.0,1731.46218,288.57703000000004,0.0752024815,8.600879548,187489,3.724,7,3,0
509.8333333333333,1.0,2.0,1.0,5000.0,1000.0,0.0010328680000000002,0.063982464,550564,3.724,7,6,0
74.0,2.0,1.0,1.0,5000.0,1000.0,0.0001,0.0,256,3.724,5,2,0
81.0,2.0,1.0,1.0,5000.0,1000.0,0.0001,0.0,256,3.724,6,2,0
93.6470588235294,1.0,2.0,1.0,5000.0,1000.0,0.0011169885,0.037252878,25,3.724,7,16,0
104.22222222222223,1.0,1.0,1.0,5000.0,1000.0,0.00045139649999999997,0.016855762000000003,2500,3.724,5,4,0
93.6470588235294,1.0,2.0,1.0,5000.0,1000.0,0.0008532395,0.0315139215,25,3.724,13,24,0
432.02127659574467,1.0,1.0,1.0,5000.0,1000.0,0.00045809900000000006,0.011372298500000001,404496,3.724,4,1,0
93.6470588235294,1.0,2.0,1.0,5000.0,1000.0,0.001186096,0.038673719499999995,25,3.724,7,13,0
93.6470588235294,1.0,2.0,1.0,5000.0,1000.0,0.001112163,0.037244744499999996,25,3.724,8,9,0
81.0,2.0,1.0,1.0,5000.0,1000.0,0.0001,0.0,256,3.724,7,2,0
93.6470588235294,1.0,2.0,1.0,5000.0,1000.0,0.0012038705,0.040650617,25,3.724,13,24,0
104.22222222222223,1.0,1.0,1.0,5000.0,1000.0,0.0004441665,0.016539306,2500,3.724,5,4,0
104.22222222222223,1.0,1.0,1.0,5000.0,1000.0,0.0004536505,0.017058742000000002,2500,3.724,5,4,0
93.6470588235294,1.0,2.0,1.0,5000.0,1000.0,0.0008141275000000001,0.0308984935,25,3.724,7,16,0
93.6470588235294,1.0,2.0,1.0,5000.0,1000.0,0.0011975409999999999,0.040672134,25,3.724,13,24,0
104.22222222222223,1.0,1.0,1.0,5000.0,1000.0,0.00045738100000000003,0.017006276,2500,3.724,3,2,0
93.6470588235294,1.0,2.0,1.0,5000.0,1000.0,0.0011168,0.0370549945,25,3.724,7,16,0
81.0,2.0,1.0,1.0,5000.0,1000.0,0.0001,0.0,256,3.724,3,2,0
73.0,2.0,1.0,1.0,5000.0,1000.0,0.0001,0.0,256,3.724,3,1,0
93.6470588235294,1.0,2.0,1.0,5000.0,1000.0,0.0011155664999999999,0.03703818750000001,25,3.724,7,6,0
509.8333333333333,1.0,2.0,1.0,5000.0,1000.0,0.0010412050000000001,0.0655312365,550564,3.724,7,13,0
433.3829787234043,1.0,1.0,1.0,5000.0,1000.0,0.008721189499999999,0.3770421975,407044,3.724,13,3,0
268.53846153846155,1.0,2.0,1.0,5000.0,1000.0,0.00027368000000000005,0.016684474,159201,3.724,2,4,0
81.0,2.0,1.0,1.0,5000.0,1000.0,0.0001,0.0,256,3.724,5,2,0
74.0,2.0,1.0,1.0,5000.0,1000.0,0.0001,0.0,256,3.724,7,1,0
268.53846153846155,1.0,2.0,1.0,5000.0,1000.0,0.0002749165,0.0082074965,159201,3.724,3,5,0
74.0,2.0,1.0,1.0,5000.0,1000.0,0.0001,0.0,256,3.724,3,2,0
93.6470588235294,1.0,2.0,1.0,5000.0,1000.0,0.0008085544999999999,0.030520850500000002,25,3.724,7,13,0
93.6470588235294,1.0,2.0,1.0,5000.0,1000.0,0.000799296,0.030217535499999996,25,3.724,6,12,0
268.53846153846155,1.0,2.0,1.0,5000.0,1000.0,0.0002810935,0.0168887585,159201,3.724,2,4,0
93.6470588235294,1.0,2.0,1.0,5000.0,1000.0,0.0008072805,0.030749988500000002,25,3.724,8,9,0
391.6,1.0,1.0,1.0,1721.50422,286.91737,0.07563835349999999,8.6033639065,187489,3.724,5,4,0
104.0,2.0,2.0,1.0,5000.0,1000.0,0.0003096665,0.0004319255,3136,3.724,4,12,0
81.0,2.0,1.0,1.0,5000.0,1000.0,0.0001,0.0,256,3.724,4,2,0
93.6470588235294,1.0,2.0,1.0,5000.0,1000.0,0.0012121115,0.04136498549999999,25,3.724,13,24,0
307.42857142857144,1.0,2.0,1.0,5000.0,1000.0,0.00031565,0.00020666899999999998,238144,3.724,7,13,0
139.40740740740742,1.0,2.0,1.0,5000.0,1000.0,0.0127751155,0.4082699905,4761,3.724,4,12,0
522.9142857142857,1.0,2.0,1.0,5000.0,1000.0,0.0010397955,0.06501172350000001,547600,3.724,7,6,0
93.6470588235294,1.0,2.0,1.0,5000.0,1000.0,0.0011101589999999999,0.0369661825,25,3.724,13,24,0
93.6470588235294,1.0,2.0,1.0,5000.0,1000.0,0.0010892075000000002,0.0364342895,25,3.724,7,6,0
103.0,2.0,2.0,1.0,5000.0,1000.0,0.0073168335,0.010340140999999999,2916,3.724,5,14,0
104.22222222222223,1.0,1.0,1.0,5000.0,1000.0,0.00045338900000000006,0.016992129,2500,3.724,3,1,0
103.0,2.0,2.0,1.0,5000.0,1000.0,0.0003233335,0.0004512555,2916,3.724,6,5,0
93.6470588235294,1.0,2.0,1.0,5000.0,1000.0,0.001098031,0.03659537649999999,25,3.724,6,16,0
90.12096774193549,1.0,2.0,1.0,5000.0,1000.0,0.0061579224999999994,0.403571687,2601,3.724,5,6,0
509.8333333333333,1.0,2.0,1.0,5000.0,1000.0,0.0011025165,0.069863759,550564,3.724,2,4,0
391.6,1.0,1.0,1.0,1729.94382,288.32397000000003,0.07526629900000001,8.6025758475,187489,3.724,5,2,0
104.22222222222223,1.0,1.0,1.0,5000.0,1000.0,0.000443889,0.016651258500000002,2500,3.724,4,2,0
103.0,2.0,2.0,1.0,5000.0,1000.0,0.0073456665,0.0103766745,2916,3.724,4,5,0
93.6470588235294,1.0,2.0,1.0,5000.0,1000.0,0.0010836925,0.0361096335,25,3.724,1,1,0
509.8333333333333,1.0,2.0,1.0,5000.0,1000.0,0.001034054,0.06380325349999999,550564,3.724,7,13,0
489.62025316455697,1.0,2.0,1.0,5000.0,1000.0,0.0004617,0.0248896835,725904,3.724,3,9,0
81.0,2.0,1.0,1.0,5000.0,1000.0,0.0001,0.0,256,3.724,1,1,0
93.6470588235294,1.0,2.0,1.0,5000.0,1000.0,0.0011087925,0.036941602,25,3.724,2,4,0
93.6470588235294,1.0,2.0,1.0,5000.0,1000.0,0.0010945294999999999,0.036424478,25,3.724,7,13,0
313.6585365853659,1.0,2.0,1.0,5000.0,1000.0,0.00029380700000000004,0.0078667405,237169,3.724,3,9,0
93.6470588235294,1.0,2.0,1.0,5000.0,1000.0,0.001090863,0.036345085,25,3.724,7,13,0
135.47826086956522,1.0,2.0,1.0,5000.0,1000.0,0.00024149599999999998,0.014556613500000001,8649,3.724,1,12,0
93.6470588235294,1.0,2.0,1.0,5000.0,1000.0,0.0011217999999999998,0.036770124,25,3.724,7,6,0
427.8,1.0,2.0,1.0,5000.0,1000.0,0.000398553,0.02178849,527076,3.724,5,14,0
93.6470588235294,1.0,2.0,1.0,5000.0,1000.0,0.0010892839999999998,0.036443123,25,3.724,7,13,0
93.6470588235294,1.0,2.0,1.0,5000.0,1000.0,0.0011203864999999999,0.0371020265,25,3.724,7,11,0
104.22222222222223,1.0,1.0,1.0,5000.0,1000.0,0.00045477,0.016806234,2500,3.724,2,1,0
109.0,2.0,2.0,1.0,1952.2897799999998,325.38163,0.045125664999999995,0.06380849,4356,3.724,5,14,0
93.6470588235294,1.0,2.0,1.0,5000.0,1000.0,0.000825196,0.030364772,25,3.724,6,16,0
93.6470588235294,1.0,2.0,1.0,5000.0,1000.0,0.0008439105,0.031372684500000005,25,3.724,7,11,0
391.6,1.0,1.0,1.0,1503.82314,250.63718999999998,0.0865934455,9.773389848499999,187489,3.724,3,1,0
489.62025316455697,1.0,2.0,1.0,5000.0,1000.0,0.0004379495,0.0228626335,725904,3.724,1,2,0
93.6470588235294,1.0,2.0,1.0,5000.0,1000.0,0.0007918745000000001,0.030099032,25,3.724,7,6,0
93.6470588235294,1.0,2.0,1.0,5000.0,1000.0,0.001112937,0.037360788,25,3.724,7,11,0
391.6,1.0,1.0,1.0,1731.4725,288.57875,0.0752016095,8.601729865000001,187489,3.724,3,1,0
93.6470588235294,1.0,2.0,1.0,5000.0,1000.0,0.001145571,0.037138576,25,3.724,6,16,0
427.8,1.0,2.0,1.0,5000.0,1000.0,0.00040037650000000004,0.021979774,527076,3.724,1,1,0
138.5,1.0,2.0,1.0,5000.0,1000.0,0.0003307725,0.0088423085,9801,3.724,2,1,0
73.0,2.0,1.0,1.0,5000.0,1000.0,0.0001,0.0,256,3.724,1,1,0
93.6470588235294,1.0,2.0,1.0,5000.0,1000.0,0.0011052605,0.037197142999999995,25,3.724,8,7,0
109.0,2.0,2.0,1.0,3409.97664,568.32944,0.029815,0.0421552305,4356,3.724,4,5,0
74.0,2.0,1.0,1.0,5000.0,1000.0,0.0001,0.0,256,3.724,3,3,0
110.0,2.0,2.0,1.0,5000.0,1000.0,0.0011059999999999998,0.0015545745,4096,3.724,4,12,0
153.28571428571428,1.0,2.0,1.0,5000.0,1000.0,0.000399457,0.013622817,30625,3.724,4,3,0
93.6470588235294,1.0,2.0,1.0,5000.0,1000.0,0.0010896410000000001,0.036277965,25,3.724,7,6,0
74.0,2.0,1.0,1.0,5000.0,1000.0,0.0001,0.0,256,3.724,3,3,0
489.62025316455697,1.0,2.0,1.0,5000.0,1000.0,0.000445705,0.023013574999999998,725904,3.724,3,5,0
116.15,1.0,1.0,1.0,5000.0,1000.0,0.0043179685,0.28026881200000003,1764,3.724,2,1,0
74.0,2.0,1.0,1.0,5000.0,1000.0,0.0001,0.0,256,3.724,3,4,0
110.0,2.0,2.0,1.0,5000.0,1000.0,0.0011366665,0.0015986509999999998,4096,3.724,5,6,0
116.15,1.0,1.0,1.0,5000.0,1000.0,0.005726056,0.3826852565,1764,3.724,2,1,0
268.53846153846155,1.0,2.0,1.0,5000.0,1000.0,0.0002551565,0.015370285,159201,3.724,4,12,0
104.0,2.0,2.0,1.0,5000.0,1000.0,0.0003375,0.000471642,3136,3.724,5,6,0
159.27272727272728,1.0,2.0,1.0,5000.0,1000.0,0.008698095000000001,0.3704787325,5776,3.724,5,6,0
93.6470588235294,1.0,2.0,1.0,5000.0,1000.0,0.0011330040000000002,0.036829919999999995,25,3.724,8,7,0
489.62025316455697,1.0,2.0,1.0,5000.0,1000.0,0.00045448350000000005,0.0239147205,725904,3.724,2,11,0
81.0,2.0,1.0,1.0,5000.0,1000.0,0.0001,0.0,256,3.724,7,4,0
93.6470588235294,1.0,2.0,1.0,5000.0,1000.0,0.0007966195,0.030484169,25,3.724,7,13,0
62.9811320754717,1.0,1.0,1.0,5000.0,1000.0,0.000399939,0.0146264325,169,3.724,4,1,0
93.6470588235294,1.0,2.0,1.0,5000.0,1000.0,0.001094206,0.036769355,25,3.724,7,13,0
427.8,1.0,2.0,1.0,5000.0,1000.0,0.000407343,0.021227938000000002,527076,3.724,3,9,0
104.22222222222223,1.0,1.0,1.0,5000.0,1000.0,0.00044219850000000005,0.0166899365,2500,3.724,3,2,0
313.6585365853659,1.0,2.0,1.0,5000.0,1000.0,0.0002854835,0.0083096995,237169,3.724,5,14,0
93.6470588235294,1.0,2.0,1.0,5000.0,1000.0,0.0011223225000000002,0.036474907,25,3.724,7,6,0
93.6470588235294,1.0,2.0,1.0,5000.0,1000.0,0.0011002885,0.0365883185,25,3.724,6,16,0
522.9142857142857,1.0,2.0,1.0,5000.0,1000.0,0.001043495,0.06513453849999999,547600,3.724,6,16,0
427.8,1.0,2.0,1.0,5000.0,1000.0,0.00042015849999999997,0.0230897625,527076,3.724,2,11,0
93.6470588235294,1.0,2.0,1.0,5000.0,1000.0,0.0010994429999999999,0.0364727185,25,3.724,6,16,0
74.0,2.0,1.0,1.0,5000.0,1000.0,0.0001,0.0,256,3.724,3,4,0
93.6470588235294,1.0,2.0,1.0,5000.0,1000.0,0.000819047,0.031371428,25,3.724,6,11,0
93.6470588235294,1.0,2.0,1.0,5000.0,1000.0,0.001099537,0.0367199935,25,3.724,4,5,0
104.22222222222223,1.0,1.0,1.0,5000.0,1000.0,0.0004464765000000001,0.016614162499999998,2500,3.724,4,2,0
93.6470588235294,1.0,2.0,1.0,5000.0,1000.0,0.001119463,0.0372626405,25,3.724,6,11,0
427.8,1.0,2.0,1.0,5000.0,1000.0,0.0004066505,0.021665601000000003,527076,3.724,2,6,0
104.0,2.0,2.0,1.0,5000.0,1000.0,0.000322,0.00044866150000000005,3136,3.724,11,14,0
93.6470588235294,1.0,2.0,1.0,5000.0,1000.0,0.0010874175,0.036160842000000006,25,3.724,3,9,0
93.6470588235294,1.0,2.0,1.0,5000.0,1000.0,0.0010915195,0.0367544305,25,3.724,3,9,0
74.0,2.0,1.0,1.0,5000.0,1000.0,0.0001,0.0,256,3.724,9,3,0
93.6470588235294,1.0,2.0,1.0,5000.0,1000.0,0.001109304,0.03663108550000001,25,3.724,5,16,0
74.0,2.0,1.0,1.0,5000.0,1000.0,0.0001,0.0,256,3.724,3,4,0
93.6470588235294,1.0,2.0,1.0,5000.0,1000.0,0.0011229745,0.03778418,25,3.724,8,12,0
104.22222222222223,1.0,1.0,1.0,5000.0,1000.0,0.0004399445,0.016460080999999998,2500,3.724,2,2,0
138.5,1.0,2.0,1.0,5000.0,1000.0,0.00034022750000000003,0.009121573000000001,9801,3.724,2,6,0
93.6470588235294,1.0,2.0,1.0,5000.0,1000.0,0.0011179295,0.0377246205,25,3.724,4,9,0
81.0,2.0,1.0,1.0,5000.0,1000.0,0.0001,0.0,256,3.724,5,2,0
522.9142857142857,1.0,2.0,1.0,5000.0,1000.0,0.0010575525,0.0659468105,547600,3.724,4,5,0
93.6470588235294,1.0,2.0,1.0,5000.0,1000.0,0.0011041570000000001,0.0367229205,25,3.724,11,14,0
93.6470588235294,1.0,2.0,1.0,5000.0,1000.0,0.0011008255,0.0365523395,25,3.724,4,5,0
81.0,2.0,1.0,1.0,5000.0,1000.0,0.0001,0.0,256,3.724,3,4,0
93.6470588235294,1.0,2.0,1.0,5000.0,1000.0,0.0011224295,0.03736804,25,3.724,8,12,0
509.8333333333333,1.0,2.0,1.0,5000.0,1000.0,0.00104036,0.065470034,550564,3.724,5,16,0
81.0,2.0,1.0,1.0,5000.0,1000.0,0.0001,0.0,256,3.724,3,4,0
81.0,2.0,1.0,1.0,5000.0,1000.0,0.0001,0.0,256,3.724,2,1,0
126.48275862068965,1.0,2.0,1.0,5000.0,1000.0,0.0132131375,0.36423494200000006,2401,3.724,11,14,0
93.6470588235294,1.0,2.0,1.0,5000.0,1000.0,0.0011255975,0.036489516,25,3.724,5,16,0
93.6470588235294,1.0,2.0,1.0,5000.0,1000.0,0.0010945529999999998,0.036803016,25,3.724,5,16,0
93.6470588235294,1.0,2.0,1.0,5000.0,1000.0,0.0010986825,0.036550798,25,3.724,9,5,0
104.22222222222223,1.0,1.0,1.0,5000.0,1000.0,0.00044512699999999997,0.0167881505,2500,3.724,2,3,0
139.40740740740742,1.0,2.0,1.0,5000.0,1000.0,0.012016778,0.38930787699999997,4761,3.724,11,14,0
370.375,1.0,1.0,1.0,1603.33776,267.22296,0.078711895,8.2858415915,198025,3.724,2,3,0
126.48275862068965,1.0,2.0,1.0,5000.0,1000.0,0.013270837,0.36547851600000003,2401,3.724,5,13,0
74.0,2.0,1.0,1.0,5000.0,1000.0,0.0001,0.0,256,3.724,9,3,0
93.6470588235294,1.0,2.0,1.0,5000.0,1000.0,0.001108849,0.036793782,25,3.724,5,13,0
370.375,1.0,1.0,1.0,1616.1687,269.36145,0.07808438350000001,8.286606803500002,198025,3.724,2,3,0
104.22222222222223,1.0,1.0,1.0,5000.0,1000.0,0.0004352855,0.016363699,2500,3.724,4,3,0
391.6,1.0,1.0,1.0,1456.09014,242.68169,0.089431656,9.844378323,187489,3.724,3,5,0
93.6470588235294,1.0,2.0,1.0,5000.0,1000.0,0.000821912,0.031301239,25,3.724,4,9,0
313.6585365853659,1.0,2.0,1.0,5000.0,1000.0,0.0005060205,0.045643033,237169,3.724,2,7,0
440.2826086956522,1.0,1.0,1.0,5000.0,1000.0,0.000456763,0.011485625000000001,401956,3.724,3,1,0
93.6470588235294,1.0,2.0,1.0,5000.0,1000.0,0.0007945805,0.030270156,25,3.724,5,16,0
93.6470588235294,1.0,2.0,1.0,5000.0,1000.0,0.0011361235000000001,0.038262754999999996,25,3.724,3,11,0
81.0,2.0,1.0,1.0,5000.0,1000.0,0.0001,0.0,256,3.724,4,2,0
391.6,1.0,1.0,1.0,1529.07882,254.84646999999998,0.0851624465,9.028974422,187489,3.724,3,1,0
93.6470588235294,1.0,2.0,1.0,5000.0,1000.0,0.0008058924999999998,0.0308035635,25,3.724,5,13,0
93.6470588235294,1.0,2.0,1.0,5000.0,1000.0,0.0011071395000000002,0.0374103395,25,3.724,5,13,0
92.53225806451613,1.0,2.0,1.0,5000.0,1000.0,0.0038652085,0.38859664050000003,3136,3.724,3,2,0
104.22222222222223,1.0,1.0,1.0,5000.0,1000.0,0.00045031750000000005,0.016718682000000002,2500,3.724,4,3,0
73.0,2.0,1.0,1.0,5000.0,1000.0,0.0001,0.0,256,3.724,3,3,0
509.8333333333333,1.0,2.0,1.0,5000.0,1000.0,0.000988969,0.0619182205,550564,3.724,5,16,0
93.6470588235294,1.0,2.0,1.0,5000.0,1000.0,0.001118994,0.0374180785,25,3.724,8,12,0
93.6470588235294,1.0,2.0,1.0,5000.0,1000.0,0.001086943,0.036317718,25,3.724,5,16,0
74.0,2.0,1.0,1.0,5000.0,1000.0,0.0001,0.0,256,3.724,5,2,0
522.9142857142857,1.0,2.0,1.0,5000.0,1000.0,0.0010546085,0.06655174700000001,547600,3.724,11,14,0
93.6470588235294,1.0,2.0,1.0,5000.0,1000.0,0.0008038879999999999,0.0304727395,25,3.724,3,11,0
104.22222222222223,1.0,1.0,1.0,5000.0,1000.0,0.000443468,0.016695808000000003,2500,3.724,3,2,0
104.22222222222223,1.0,1.0,1.0,5000.0,1000.0,0.000460468,0.0170850535,2500,3.724,6,1,0
522.9142857142857,1.0,2.0,1.0,5000.0,1000.0,0.0010575525,0.0659468105,547600,3.724,5,13,0
427.8,1.0,2.0,1.0,5000.0,1000.0,0.0007795254999999999,0.053585507,527076,3.724,2,15,0
93.6470588235294,1.0,2.0,1.0,5000.0,1000.0,0.001091243,0.036415202,25,3.724,5,16,0
138.5,1.0,2.0,1.0,5000.0,1000.0,0.000330182,0.008760781,9801,3.724,8,12,0
93.6470588235294,1.0,2.0,1.0,5000.0,1000.0,0.001285259,0.043571820500000004,25,3.724,6,13,0
313.6585365853659,1.0,2.0,1.0,5000.0,1000.0,0.0012541715,0.075363783,237169,3.724,2,15,0
93.6470588235294,1.0,2.0,1.0,5000.0,1000.0,0.0012872254999999999,0.043948013999999994,25,3.724,6,13,0
93.6470588235294,1.0,2.0,1.0,5000.0,1000.0,0.0008215865,0.031449205,25,3.724,8,12,0
74.0,2.0,1.0,1.0,5000.0,1000.0,0.0001,0.0,256,3.724,4,1,0
489.62025316455697,1.0,2.0,1.0,5000.0,1000.0,0.0005517114999999999,0.0316796915,725904,3.724,2,1,0
93.6470588235294,1.0,2.0,1.0,5000.0,1000.0,0.0011236220000000001,0.0373488725,25,3.724,8,12,0
74.0,2.0,1.0,1.0,5000.0,1000.0,0.0001,0.0,256,3.724,2,1,0
313.6585365853659,1.0,2.0,1.0,5000.0,1000.0,0.001277604,0.036614472999999995,237169,3.724,3,5,0
484.15,1.0,2.0,1.0,5000.0,1000.0,0.0007755825,0.02371756,725904,3.724,1,16,0
509.8333333333333,1.0,2.0,1.0,5000.0,1000.0,0.001038148,0.064285714,550564,3.724,4,9,0
313.6585365853659,1.0,2.0,1.0,5000.0,1000.0,0.0003179545,0.0089397545,237169,3.724,1,3,0
93.6470588235294,1.0,2.0,1.0,5000.0,1000.0,0.0012858160000000002,0.043211216000000004,25,3.724,6,13,0
93.6470588235294,1.0,2.0,1.0,5000.0,1000.0,0.0012923885,0.044190385,25,3.724,6,13,0
93.6470588235294,1.0,2.0,1.0,5000.0,1000.0,0.00114039,0.0368227105,25,3.724,8,7,0
93.6470588235294,1.0,2.0,1.0,5000.0,1000.0,0.0011223745,0.037411094,25,3.724,4,9,0
116.15,1.0,1.0,1.0,5000.0,1000.0,0.000187161,0.0057585175,1764,3.724,3,2,0
268.53846153846155,1.0,2.0,1.0,5000.0,1000.0,0.0004503635,0.0276648125,159201,3.724,3,7,0
93.6470588235294,1.0,2.0,1.0,5000.0,1000.0,0.0011212824999999999,0.0374491915,25,3.724,11,14,0
73.0,2.0,1.0,1.0,5000.0,1000.0,0.0001,0.0,256,3.724,7,2,0
391.6,1.0,1.0,1.0,1693.52784,282.25464,0.07688761599999999,8.613236993000001,187489,3.724,4,5,0
268.53846153846155,1.0,2.0,1.0,5000.0,1000.0,0.000311137,0.0086775565,159201,3.724,3,2,0
104.22222222222223,1.0,1.0,1.0,5000.0,1000.0,0.00043798400000000004,0.0163248445,2500,3.724,9,2,0
93.6470588235294,1.0,2.0,1.0,5000.0,1000.0,0.001164606,0.039042226,25,3.724,7,11,0
116.15,1.0,1.0,1.0,5000.0,1000.0,0.00047877600000000004,0.0755048545,1764,3.724,3,2,0
81.0,2.0,1.0,1.0,5000.0,1000.0,0.0001,0.0,256,3.724,3,1,0
509.8333333333333,1.0,2.0,1.0,5000.0,1000.0,0.001015865,0.0628839965,550564,3.724,8,7,0
92.53225806451613,1.0,2.0,1.0,5000.0,1000.0,0.007842947000000001,0.592878462,3136,3.724,1,4,0
391.6,1.0,1.0,1.0,1503.03972,250.50662,0.08663964100000002,8.6962384415,187489,3.724,1,3,0
104.22222222222223,1.0,1.0,1.0,5000.0,1000.0,0.0004798965,0.018537300000000003,2500,3.724,4,5,0
425.09090909090907,1.0,2.0,1.0,5000.0,1000.0,0.000371122,0.0004710245,342225,3.724,4,3,0
93.6470588235294,1.0,2.0,1.0,5000.0,1000.0,0.0011094605,0.037089067,25,3.724,9,5,0
427.8,1.0,2.0,1.0,5000.0,1000.0,0.0013917964999999998,0.08208529149999999,527076,3.724,3,5,0
509.8333333333333,1.0,2.0,1.0,5000.0,1000.0,0.0013357994999999999,0.07976925800000001,550564,3.724,6,13,0
370.375,1.0,1.0,1.0,1849.74138,308.29023,0.0682153185,8.219986765000002,198025,3.724,2,1,0
313.6585365853659,1.0,2.0,1.0,5000.0,1000.0,0.0012699995,0.078206305,237169,3.724,3,4,0
433.3829787234043,1.0,1.0,1.0,5000.0,1000.0,0.0008700355,0.026113763,407044,3.724,3,1,0
509.8333333333333,1.0,2.0,1.0,5000.0,1000.0,0.0010149884999999998,0.063465429,550564,3.724,6,11,0
93.6470588235294,1.0,2.0,1.0,5000.0,1000.0,0.0011087075,0.03671126599999999,25,3.724,8,7,0
370.375,1.0,1.0,1.0,1716.1489199999999,286.02482,0.07353203750000001,8.245545419,198025,3.724,3,1,0
93.6470588235294,1.0,2.0,1.0,5000.0,1000.0,0.0009909135,0.0368455335,25,3.724,6,13,0
74.0,2.0,1.0,1.0,5000.0,1000.0,0.0001,0.0,256,3.724,6,2,0
135.47826086956522,1.0,2.0,1.0,5000.0,1000.0,0.00024493999999999997,0.014648417499999998,8649,3.724,8,7,0
135.47826086956522,1.0,2.0,1.0,5000.0,1000.0,0.0003114195,0.01904008,8649,3.724,3,4,0
81.0,2.0,1.0,1.0,5000.0,1000.0,0.0001,0.0,256,3.724,2,2,0
74.0,2.0,1.0,1.0,5000.0,1000.0,0.0001,0.0,256,3.724,11,3,0
509.8333333333333,1.0,2.0,1.0,5000.0,1000.0,0.0010444965,0.0662524935,550564,3.724,7,11,0
422.1060606060606,1.0,2.0,1.0,5000.0,1000.0,0.0014037605000000002,0.041490955,527076,3.724,3,7,0
391.6,1.0,1.0,1.0,1442.7322199999999,240.45537,0.09025993349999999,8.7426804045,187489,3.724,4,5,0
93.6470588235294,1.0,2.0,1.0,5000.0,1000.0,0.0008013645,0.030244707499999995,25,3.724,11,14,0
93.6470588235294,1.0,2.0,1.0,5000.0,1000.0,0.0008063629999999999,0.030575919,25,3.724,8,7,0
268.53846153846155,1.0,2.0,1.0,5000.0,1000.0,0.0002820365,0.017066947,159201,3.724,3,4,0
93.6470588235294,1.0,2.0,1.0,5000.0,1000.0,0.0008548879999999999,0.0323067285,25,3.724,7,7,0
135.47826086956522,1.0,2.0,1.0,5000.0,1000.0,0.000255147,0.015186366500000001,8649,3.724,1,1,0
90.12096774193549,1.0,2.0,1.0,5000.0,1000.0,0.008578395,0.5048265595,2601,3.724,8,12,0
183.11111111111111,1.0,2.0,1.0,5000.0,1000.0,0.000258,0.0066693385,8836,3.724,3,11,0
73.0,2.0,1.0,1.0,5000.0,1000.0,0.0001,0.0,256,3.724,8,3,0
93.6470588235294,1.0,2.0,1.0,5000.0,1000.0,0.001110863,0.036619031999999996,25,3.724,9,5,0
425.09090909090907,1.0,2.0,1.0,5000.0,1000.0,0.00042230800000000004,0.028668921,465124,3.724,4,3,0
509.8333333333333,1.0,2.0,1.0,5000.0,1000.0,0.001031461,0.0633310025,550564,3.724,9,5,0
93.6470588235294,1.0,2.0,1.0,5000.0,1000.0,0.0011926835,0.0392256525,25,3.724,7,11,0
313.6585365853659,1.0,2.0,1.0,5000.0,1000.0,0.00031499,0.018711108,237169,3.724,4,5,0
74.0,2.0,1.0,1.0,5000.0,1000.0,0.0001,0.0,256,3.724,3,1,0
74.0,2.0,1.0,1.0,5000.0,1000.0,0.0001,0.0,256,3.724,3,1,0
73.0,2.0,1.0,1.0,10.005299999999998,1.6675499999999999,13.9922485,19.788023000000003,256,3.724,9,2,0
93.6470588235294,1.0,2.0,1.0,5000.0,1000.0,0.001118751,0.037402528500000004,25,3.724,6,11,0
93.6470588235294,1.0,2.0,1.0,5000.0,1000.0,0.0011224295,0.03736804,25,3.724,8,12,0
93.6470588235294,1.0,2.0,1.0,5000.0,1000.0,0.001153547,0.039020305,25,3.724,9,12,0
103.0,2.0,2.0,1.0,5000.0,1000.0,0.007174,0.010133194,2916,3.724,5,6,0
104.22222222222223,1.0,1.0,1.0,5000.0,1000.0,0.00043798400000000004,0.0163248445,2500,3.724,9,2,0
138.5,1.0,2.0,1.0,5000.0,1000.0,0.0003215455,0.0086064295,9801,3.724,5,6,0
489.62025316455697,1.0,2.0,1.0,5000.0,1000.0,0.0006080565,0.038726017,725904,3.724,2,5,0
93.6470588235294,1.0,2.0,1.0,5000.0,1000.0,0.0011849355,0.038589679499999995,25,3.724,9,12,0
268.53846153846155,1.0,2.0,1.0,5000.0,1000.0,0.0010900385,0.06856942649999999,159201,3.724,2,5,0
104.22222222222223,1.0,1.0,1.0,5000.0,1000.0,0.00045350750000000003,0.016684583,2500,3.724,3,1,0
522.9142857142857,1.0,2.0,1.0,5000.0,1000.0,0.00106294,0.0659981685,547600,3.724,7,15,0
93.6470588235294,1.0,2.0,1.0,5000.0,1000.0,0.001106506,0.0368208695,25,3.724,11,14,0
155.85714285714286,1.0,2.0,1.0,5000.0,1000.0,0.013538343000000001,0.5682365825,32400,3.724,5,2,0
110.0,2.0,2.0,1.0,5000.0,1000.0,0.0011413335,0.0016045435000000001,4096,3.724,9,13,0
74.0,2.0,1.0,1.0,5000.0,1000.0,0.0001,0.0,256,3.724,5,3,0
93.6470588235294,1.0,2.0,1.0,5000.0,1000.0,0.001110298,0.037554808,25,3.724,9,5,0
93.6470588235294,1.0,2.0,1.0,5000.0,1000.0,0.0011079764999999998,0.036810187,25,3.724,7,15,0
427.8,1.0,2.0,1.0,5000.0,1000.0,0.000401476,0.021411912999999998,527076,3.724,11,14,0
74.0,2.0,1.0,1.0,5000.0,1000.0,0.0001,0.0,256,3.724,1,3,0
74.0,2.0,1.0,1.0,5000.0,1000.0,0.0001,0.0,256,3.724,3,1,0
93.6470588235294,1.0,2.0,1.0,5000.0,1000.0,0.0011557395,0.037417999,25,3.724,2,13,0
104.0,2.0,2.0,1.0,5000.0,1000.0,0.00031583349999999996,0.000440292,3136,3.724,5,11,0
427.8,1.0,2.0,1.0,5000.0,1000.0,0.0004940525,0.0313941145,527076,3.724,3,3,0
509.8333333333333,1.0,2.0,1.0,5000.0,1000.0,0.0010146299999999999,0.0635244015,550564,3.724,1,8,0
999.2743682310469,1.0,1.0,1.0,5000.0,1000.0,0.0024328165,0.14624242799999998,1974025,3.724,1,1,0
104.0,2.0,2.0,1.0,5000.0,1000.0,0.000315833,0.0004410025,3136,3.724,3,11,0
109.0,2.0,2.0,1.0,4873.916520000001,812.31942,0.023633833,0.0334119745,4356,3.724,5,6,0
93.6470588235294,1.0,2.0,1.0,5000.0,1000.0,0.001103051,0.0367082945,25,3.724,1,5,0
509.8333333333333,1.0,2.0,1.0,5000.0,1000.0,0.0010549315,0.06496316199999999,550564,3.724,6,16,0
489.62025316455697,1.0,2.0,1.0,5000.0,1000.0,0.00045339649999999996,0.023753194000000002,725904,3.724,3,4,0
90.12096774193549,1.0,2.0,1.0,5000.0,1000.0,0.006259542,0.4001381555,2601,3.724,3,3,0
109.0,2.0,2.0,1.0,5000.0,1000.0,0.0010689999999999999,0.0015033099999999999,4356,3.724,3,5,0
93.6470588235294,1.0,2.0,1.0,5000.0,1000.0,0.0008004409999999999,0.030244200000000002,25,3.724,1,3,0
172.0,1.0,2.0,1.0,5000.0,1000.0,0.000252529,0.006637615,5184,3.724,3,5,0
81.0,2.0,1.0,1.0,5000.0,1000.0,0.0001,0.0,256,3.724,1,4,0
138.5,1.0,2.0,1.0,5000.0,1000.0,0.000331136,0.0088852575,9801,3.724,7,7,0
93.6470588235294,1.0,2.0,1.0,5000.0,1000.0,0.0011205275,0.037637452499999995,25,3.724,2,13,0
110.0,2.0,2.0,1.0,5000.0,1000.0,0.0011226665,0.001578852,4096,3.724,3,11,0
93.6470588235294,1.0,2.0,1.0,5000.0,1000.0,0.0011025804999999999,0.036839635,25,3.724,7,15,0
81.0,2.0,1.0,1.0,5000.0,1000.0,0.0001,0.0,256,3.724,3,1,0
93.6470588235294,1.0,2.0,1.0,5000.0,1000.0,0.00112301,0.0376143605,25,3.724,2,10,0
268.53846153846155,1.0,2.0,1.0,5000.0,1000.0,0.000274014,0.01635361,159201,3.724,3,7,0
93.6470588235294,1.0,2.0,1.0,5000.0,1000.0,0.0011386335000000002,0.0367618305,25,3.724,7,15,0
81.0,2.0,1.0,1.0,5000.0,1000.0,0.0001,0.0,256,3.724,2,3,0
103.0,2.0,2.0,1.0,5000.0,1000.0,0.000314167,0.000437937,2916,3.724,3,5,0
93.6470588235294,1.0,2.0,1.0,5000.0,1000.0,0.0011235275,0.0375560215,25,3.724,2,10,0
93.6470588235294,1.0,2.0,1.0,5000.0,1000.0,0.001149206,0.038338951999999996,25,3.724,9,12,0
509.8333333333333,1.0,2.0,1.0,5000.0,1000.0,0.0011833974999999998,0.0717043155,550564,3.724,7,7,0
93.6470588235294,1.0,2.0,1.0,5000.0,1000.0,0.001130341,0.037565657499999995,25,3.724,6,16,0
268.53846153846155,1.0,2.0,1.0,5000.0,1000.0,0.00028552549999999997,0.0082078385,159201,3.724,3,13,0
522.9142857142857,1.0,2.0,1.0,5000.0,1000.0,0.001694139,0.10118746999999999,547600,3.724,9,12,0
74.0,2.0,1.0,1.0,5000.0,1000.0,0.0001,0.0,256,3.724,2,3,0
93.6470588235294,1.0,2.0,1.0,5000.0,1000.0,0.001127522,0.037777725500000005,25,3.724,6,16,0
441.67391304347825,1.0,1.0,1.0,5000.0,1000.0,0.0004788695,0.012181326999999999,404496,3.724,1,1,0
104.22222222222223,1.0,1.0,1.0,5000.0,1000.0,0.0004487935,0.016900929999999998,2500,3.724,3,2,0
109.0,2.0,2.0,1.0,5000.0,1000.0,0.0010893329999999998,0.0015306515,4356,3.724,4,5,0
93.6470588235294,1.0,2.0,1.0,5000.0,1000.0,0.001185857,0.0390834065,25,3.724,7,7,0
172.0,1.0,2.0,1.0,5000.0,1000.0,0.00024644099999999997,0.006422540499999999,5184,3.724,4,5,0
93.6470588235294,1.0,2.0,1.0,5000.0,1000.0,0.001149945,0.038470563000000006,25,3.724,7,7,0
489.62025316455697,1.0,2.0,1.0,5000.0,1000.0,0.0004339115,0.022530801500000003,725904,3.724,3,7,0
93.6470588235294,1.0,2.0,1.0,5000.0,1000.0,0.0011097295,0.036941778999999994,25,3.724,7,8,0
93.6470588235294,1.0,2.0,1.0,5000.0,1000.0,0.001127122,0.03749917999999999,25,3.724,6,16,0
93.6470588235294,1.0,2.0,1.0,5000.0,1000.0,0.0011269705,0.0377597585,25,3.724,6,16,0
93.6470588235294,1.0,2.0,1.0,5000.0,1000.0,0.001109331,0.0368151385,25,3.724,7,10,0
93.6470588235294,1.0,2.0,1.0,5000.0,1000.0,0.0008317369999999999,0.031620019,25,3.724,6,16,0
104.22222222222223,1.0,1.0,1.0,5000.0,1000.0,0.0004395075,0.016564324000000002,2500,3.724,3,3,0
116.15,1.0,1.0,1.0,5000.0,1000.0,0.0002075955,0.006837749,1764,3.724,4,1,0
93.6470588235294,1.0,2.0,1.0,5000.0,1000.0,0.0011511019999999998,0.038890588000000004,25,3.724,7,7,0
93.6470588235294,1.0,2.0,1.0,5000.0,1000.0,0.0011856775,0.0396406635,25,3.724,7,7,0
93.6470588235294,1.0,2.0,1.0,5000.0,1000.0,0.0011110410000000001,0.037397436,25,3.724,7,8,0
104.22222222222223,1.0,1.0,1.0,5000.0,1000.0,0.0004487935,0.016900929999999998,2500,3.724,3,2,0
93.6470588235294,1.0,2.0,1.0,5000.0,1000.0,0.0009285255,0.034142730999999996,25,3.724,7,11,0
268.53846153846155,1.0,2.0,1.0,5000.0,1000.0,0.00032494999999999996,0.022289086,159201,3.724,3,13,0
522.9142857142857,1.0,2.0,1.0,5000.0,1000.0,0.0010588425,0.0665795055,547600,3.724,6,16,0
93.6470588235294,1.0,2.0,1.0,5000.0,1000.0,0.0011035355,0.036715912499999996,25,3.724,6,16,0
93.6470588235294,1.0,2.0,1.0,5000.0,1000.0,0.001102341,0.036809373,25,3.724,6,16,0
93.6470588235294,1.0,2.0,1.0,5000.0,1000.0,0.000857963,0.0307403285,25,3.724,9,12,0
93.6470588235294,1.0,2.0,1.0,5000.0,1000.0,0.0011107825,0.03729993299999999,25,3.724,7,10,0
73.0,2.0,1.0,1.0,5000.0,1000.0,0.0001,0.0,256,3.724,1,1,0
73.0,2.0,1.0,1.0,5000.0,1000.0,0.0001,0.0,256,3.724,5,2,0
93.6470588235294,1.0,2.0,1.0,5000.0,1000.0,0.001227253,0.041965496000000005,25,3.724,7,11,0
104.22222222222223,1.0,1.0,1.0,5000.0,1000.0,0.00044145199999999995,0.0167428825,2500,3.724,7,5,0
73.0,2.0,1.0,1.0,10.005299999999998,1.6675499999999999,13.9922485,19.788023000000003,256,3.724,9,2,0
93.6470588235294,1.0,2.0,1.0,5000.0,1000.0,0.001102722,0.03722235199999999,25,3.724,6,16,0
93.6470588235294,1.0,2.0,1.0,5000.0,1000.0,0.0011023235,0.0367839585,25,3.724,7,10,0
93.6470588235294,1.0,2.0,1.0,5000.0,1000.0,0.0011036899999999998,0.03680187150000001,25,3.724,6,16,0
93.6470588235294,1.0,2.0,1.0,5000.0,1000.0,0.0011582940000000003,0.039831396,25,3.724,9,12,0
313.6585365853659,1.0,2.0,1.0,5000.0,1000.0,0.0003116385,0.018208731,237169,3.724,1,1,0
81.0,2.0,1.0,1.0,5000.0,1000.0,0.0001,0.0,256,3.724,2,3,0
391.6,1.0,1.0,1.0,1670.3064,278.38439999999997,0.077958342,8.608873824,187489,3.724,3,3,0
93.6470588235294,1.0,2.0,1.0,5000.0,1000.0,0.0012254705000000002,0.0415180255,25,3.724,7,11,0
73.0,2.0,1.0,1.0,5000.0,1000.0,0.0001,0.0,256,3.724,3,1,0
104.0,2.0,2.0,1.0,5000.0,1000.0,0.00039375,0.000478684,3136,3.724,3,7,0
74.0,2.0,1.0,1.0,5000.0,1000.0,0.0001,0.0,256,3.724,1,2,0
142.76923076923077,1.0,2.0,1.0,5000.0,1000.0,0.011661,0.38497524850000003,4225,3.724,5,11,0
489.62025316455697,1.0,2.0,1.0,5000.0,1000.0,0.00043092849999999997,0.0223842165,725904,3.724,2,3,0
268.53846153846155,1.0,2.0,1.0,5000.0,1000.0,0.0011107245,0.0342690865,159201,3.724,2,13,0
132.0,1.0,2.0,1.0,5000.0,1000.0,0.011543224999999999,0.35321480450000003,2916,3.724,7,11,0
135.47826086956522,1.0,2.0,1.0,5000.0,1000.0,0.007066888499999999,0.46558268399999997,8649,3.724,5,11,0
104.22222222222223,1.0,1.0,1.0,5000.0,1000.0,0.00044929350000000003,0.016594452500000002,2500,3.724,2,1,0
93.6470588235294,1.0,2.0,1.0,5000.0,1000.0,0.001227647,0.04339976400000001,25,3.724,7,11,0
93.6470588235294,1.0,2.0,1.0,5000.0,1000.0,0.0011064805,0.0372466485,25,3.724,7,15,0
93.6470588235294,1.0,2.0,1.0,5000.0,1000.0,0.0008130705,0.030599111999999998,25,3.724,7,10,0
110.0,2.0,2.0,1.0,5000.0,1000.0,0.001155,0.0016249319999999997,4096,3.724,3,7,0
427.8,1.0,2.0,1.0,5000.0,1000.0,0.00038178299999999996,0.0210079265,527076,3.724,2,13,0
73.0,2.0,1.0,1.0,5000.0,1000.0,0.0001,0.0,256,3.724,6,2,0
104.22222222222223,1.0,1.0,1.0,5000.0,1000.0,0.0004330235,0.0162669515,2500,3.724,3,1,0
489.62025316455697,1.0,2.0,1.0,5000.0,1000.0,0.0004316325,0.022623412500000002,725904,3.724,7,8,0
93.6470588235294,1.0,2.0,1.0,5000.0,1000.0,0.001274311,0.044082886,25,3.724,7,11,0
536.7647058823529,1.0,2.0,1.0,5000.0,1000.0,0.0018161705000000002,0.1137663595,544644,3.724,4,5,0
74.0,2.0,1.0,1.0,5000.0,1000.0,0.0001,0.0,256,3.724,7,2,0
489.62025316455697,1.0,2.0,1.0,5000.0,1000.0,0.0013004750000000002,0.0763980955,725904,3.724,5,8,0
110.0,2.0,2.0,1.0,5000.0,1000.0,0.0011501665000000002,0.0016173894999999998,4096,3.724,5,11,0
98.62727272727273,1.0,1.0,1.0,5000.0,1000.0,0.0068910264999999995,0.376910283,361,3.724,5,1,0
93.6470588235294,1.0,2.0,1.0,5000.0,1000.0,0.0008089939999999999,0.030638330499999998,25,3.724,7,15,0
391.6,1.0,1.0,1.0,1730.3739,288.39565,0.0752518295,8.602713169500001,187489,3.724,1,2,0
489.62025316455697,1.0,2.0,1.0,5000.0,1000.0,0.00044505550000000004,0.022948455,725904,3.724,5,8,0
155.85714285714286,1.0,2.0,1.0,5000.0,1000.0,0.0078966,0.329204994,32400,3.724,7,3,0
74.0,2.0,1.0,1.0,5000.0,1000.0,0.0001,0.0,256,3.724,5,2,0
104.22222222222223,1.0,1.0,1.0,5000.0,1000.0,0.000444262,0.0167582845,2500,3.724,9,1,0
104.22222222222223,1.0,1.0,1.0,5000.0,1000.0,0.000435841,0.016427309,2500,3.724,1,3,0
109.0,2.0,2.0,1.0,5000.0,1000.0,0.0011456665,0.0016113789999999998,4356,3.724,4,5,0
391.6,1.0,1.0,1.0,1730.35668,288.39278,0.0752536155,8.602370948499999,187489,3.724,2,1,0
103.0,2.0,2.0,1.0,5000.0,1000.0,0.000356,0.0004974505,2916,3.724,4,5,0
268.53846153846155,1.0,2.0,1.0,5000.0,1000.0,0.0002806375,0.0167187635,159201,3.724,5,8,0
126.48275862068965,1.0,2.0,1.0,5000.0,1000.0,0.013236459,0.3650293105,2401,3.724,6,6,0
90.12096774193549,1.0,2.0,1.0,5000.0,1000.0,0.000250909,0.014794792000000001,2601,3.724,2,7,0
93.6470588235294,1.0,2.0,1.0,5000.0,1000.0,0.0008094430000000001,0.0306782795,25,3.724,2,7,0
103.22222222222223,1.0,1.0,1.0,5000.0,1000.0,0.00044077,0.016634778,2209,3.724,2,2,0
131.84615384615384,1.0,2.0,1.0,5000.0,1000.0,0.0026651255,0.1440922495,6400,3.724,4,5,0
90.12096774193549,1.0,2.0,1.0,5000.0,1000.0,0.006153506,0.40297457099999995,2601,3.724,9,19,0
73.0,2.0,1.0,1.0,5000.0,1000.0,0.0001,0.0,256,3.724,4,4,0
74.0,2.0,1.0,1.0,5000.0,1000.0,0.0001,0.0,256,3.724,1,1,0
110.0,2.0,2.0,1.0,5000.0,1000.0,0.001151833,0.0016204540000000001,4096,3.724,3,8,0
93.6470588235294,1.0,2.0,1.0,5000.0,1000.0,0.0011258840000000002,0.037448511500000004,25,3.724,10,15,0
74.0,2.0,1.0,1.0,5000.0,1000.0,0.0001,0.0,256,3.724,2,1,0
93.6470588235294,1.0,2.0,1.0,5000.0,1000.0,0.0008197355,0.031213941,25,3.724,10,15,0
81.0,2.0,1.0,1.0,5000.0,1000.0,0.0001,0.0,256,3.724,3,2,0
138.5,1.0,2.0,1.0,5000.0,1000.0,0.0003383185,0.0090555925,9801,3.724,6,6,0
268.53846153846155,1.0,2.0,1.0,5000.0,1000.0,0.0004766935,0.014511757,159201,3.724,3,8,0
104.22222222222223,1.0,1.0,1.0,5000.0,1000.0,0.00043461099999999995,0.0162099005,2500,3.724,1,1,0
93.6470588235294,1.0,2.0,1.0,5000.0,1000.0,0.0011233309999999998,0.0374214005,25,3.724,10,15,0
268.53846153846155,1.0,2.0,1.0,5000.0,1000.0,0.0006018635,0.040064042,159201,3.724,3,8,0
93.6470588235294,1.0,2.0,1.0,5000.0,1000.0,0.0011774355,0.039698447000000005,25,3.724,12,12,0
104.22222222222223,1.0,1.0,1.0,5000.0,1000.0,0.00044468249999999996,0.0167552985,2500,3.724,2,2,0
139.40740740740742,1.0,2.0,1.0,5000.0,1000.0,0.0115716815,0.3822766565,4761,3.724,2,3,0
93.6470588235294,1.0,2.0,1.0,5000.0,1000.0,0.0011229355,0.037495079,25,3.724,10,15,0
93.6470588235294,1.0,2.0,1.0,5000.0,1000.0,0.0008286470000000001,0.031105427,25,3.724,12,12,0
104.0,2.0,2.0,1.0,5000.0,1000.0,0.0003428335,0.00047882999999999997,3136,3.724,3,8,0
74.0,2.0,1.0,1.0,5000.0,1000.0,0.0001,0.0,256,3.724,1,3,0
93.6470588235294,1.0,2.0,1.0,5000.0,1000.0,0.0011757395000000003,0.039937086999999996,25,3.724,12,12,0
93.6470588235294,1.0,2.0,1.0,5000.0,1000.0,0.001186963,0.0402622645,25,3.724,12,12,0
73.0,2.0,1.0,1.0,5000.0,1000.0,0.0001,0.0,256,3.724,4,4,0
93.6470588235294,1.0,2.0,1.0,5000.0,1000.0,0.001158569,0.038625056,25,3.724,12,12,0
484.15,1.0,2.0,1.0,5000.0,1000.0,0.000857923,0.0256243685,725904,3.724,2,3,0
81.0,2.0,1.0,1.0,5000.0,1000.0,0.0001,0.0,256,3.724,9,2,0
93.6470588235294,1.0,2.0,1.0,5000.0,1000.0,0.0010973665000000002,0.036548266499999996,25,3.724,7,13,0
93.6470588235294,1.0,2.0,1.0,5000.0,1000.0,0.00115731,0.039181655499999996,25,3.724,12,12,0
74.0,2.0,1.0,1.0,5000.0,1000.0,0.0001,0.0,256,3.724,6,3,0
509.8333333333333,1.0,2.0,1.0,5000.0,1000.0,0.0011350465,0.0728381245,550564,3.724,12,12,0
93.6470588235294,1.0,2.0,1.0,5000.0,1000.0,0.0012211354999999999,0.04185404449999999,25,3.724,12,12,0
93.6470588235294,1.0,2.0,1.0,5000.0,1000.0,0.0007943805,0.030226854,25,3.724,5,12,0
104.22222222222223,1.0,1.0,1.0,5000.0,1000.0,0.000549119,0.01772891,2500,3.724,2,2,0
93.6470588235294,1.0,2.0,1.0,5000.0,1000.0,0.00091811,0.035716284,25,3.724,9,19,0
93.6470588235294,1.0,2.0,1.0,5000.0,1000.0,0.001122125,0.0364446225,25,3.724,5,12,0
81.0,2.0,1.0,1.0,5000.0,1000.0,0.0001,0.0,256,3.724,2,2,0
104.22222222222223,1.0,1.0,1.0,5000.0,1000.0,0.000444135,0.016753101500000003,2500,3.724,2,1,0
489.62025316455697,1.0,2.0,1.0,5000.0,1000.0,0.00042892949999999994,0.022436176,725904,3.724,6,6,0
93.6470588235294,1.0,2.0,1.0,5000.0,1000.0,0.0011782490000000001,0.039632350000000004,25,3.724,12,12,0
93.6470588235294,1.0,2.0,1.0,5000.0,1000.0,0.001257221,0.0420870005,25,3.724,12,12,0
425.09090909090907,1.0,2.0,1.0,3183.5465999999997,530.5911,0.0434479995,1.790930368,342225,3.724,10,3,0
509.8333333333333,1.0,2.0,1.0,5000.0,1000.0,0.0015526735,0.09186332,550564,3.724,9,19,0
74.0,2.0,1.0,1.0,5000.0,1000.0,0.0001,0.0,256,3.724,6,3,0
74.0,2.0,1.0,1.0,5000.0,1000.0,0.0001,0.0,256,3.724,2,2,0
93.6470588235294,1.0,2.0,1.0,5000.0,1000.0,0.001277947,0.042402165500000005,25,3.724,9,19,0
81.0,2.0,1.0,1.0,5000.0,1000.0,0.0001,0.0,256,3.724,9,2,0
81.0,2.0,1.0,1.0,5000.0,1000.0,0.0001,0.0,256,3.724,4,4,0
93.6470588235294,1.0,2.0,1.0,5000.0,1000.0,0.001257206,0.043228395499999996,25,3.724,9,19,0
93.6470588235294,1.0,2.0,1.0,5000.0,1000.0,0.0008524255,0.031553945,25,3.724,12,12,0
522.9142857142857,1.0,2.0,1.0,5000.0,1000.0,0.001060591,0.0669254565,547600,3.724,5,12,0
93.6470588235294,1.0,2.0,1.0,5000.0,1000.0,0.001249641,0.042044874499999996,25,3.724,9,19,0
93.6470588235294,1.0,2.0,1.0,5000.0,1000.0,0.0012646220000000002,0.042441094,25,3.724,9,19,0
93.6470588235294,1.0,2.0,1.0,5000.0,1000.0,0.0010918000000000002,0.036383297,25,3.724,5,12,0
176.21052631578948,1.0,2.0,1.0,5000.0,1000.0,0.0025193950000000002,0.1564843805,10404,3.724,3,8,0
93.6470588235294,1.0,2.0,1.0,5000.0,1000.0,0.001127402,0.037743385000000004,25,3.724,10,15,0
509.8333333333333,1.0,2.0,1.0,5000.0,1000.0,0.00119117,0.0733426705,550564,3.724,12,12,0
489.62025316455697,1.0,2.0,1.0,5000.0,1000.0,0.000808039,0.048929074499999996,725904,3.724,2,5,0
93.6470588235294,1.0,2.0,1.0,5000.0,1000.0,0.0010964825,0.0365910305,25,3.724,2,7,0
93.6470588235294,1.0,2.0,1.0,5000.0,1000.0,0.0008197355,0.031213941,25,3.724,10,15,0
81.0,2.0,1.0,1.0,5000.0,1000.0,0.0001,0.0,256,3.724,3,1,0
462.4,1.0,2.0,1.0,3310.44096,551.7401600000001,0.040208090499999995,2.6049666214999996,465124,3.724,10,3,0
126.48275862068965,1.0,2.0,1.0,5000.0,1000.0,0.0132420665,0.3650997355,2401,3.724,5,14,0
489.62025316455697,1.0,2.0,1.0,5000.0,1000.0,0.000903848,0.0596552115,725904,3.724,9,19,0
93.6470588235294,1.0,2.0,1.0,5000.0,1000.0,0.0012359135000000001,0.04195112299999999,25,3.724,9,19,0
313.6585365853659,1.0,2.0,1.0,5000.0,1000.0,0.0012607945000000001,0.07570724150000001,237169,3.724,2,11,0
109.0,2.0,2.0,1.0,3381.69702,563.61617,0.0363065,0.05133312499999999,4356,3.724,5,14,0
489.62025316455697,1.0,2.0,1.0,5000.0,1000.0,0.0023046420000000004,0.1291673125,725904,3.724,1,5,0
81.0,2.0,1.0,1.0,5000.0,1000.0,0.0001,0.0,256,3.724,1,2,0
176.21052631578948,1.0,2.0,1.0,5000.0,1000.0,0.0016276994999999998,0.101073478,10404,3.724,2,4,0
313.6585365853659,1.0,2.0,1.0,5000.0,1000.0,0.0003737735,0.021328449,237169,3.724,9,19,0
62.9622641509434,1.0,1.0,1.0,5000.0,1000.0,0.0164476595,0.8293602940000001,169,3.724,3,1,0
104.22222222222223,1.0,1.0,1.0,5000.0,1000.0,0.0004377145,0.0164489685,2500,3.724,10,1,0
81.0,2.0,1.0,1.0,5000.0,1000.0,0.0001,0.0,256,3.724,5,4,0
370.375,1.0,1.0,1.0,1842.26628,307.04438,0.068497363,8.220083984,198025,3.724,3,1,0
313.6585365853659,1.0,2.0,1.0,5000.0,1000.0,0.00030900249999999996,0.0177530165,237169,3.724,3,1,0
462.4,1.0,2.0,1.0,4190.03634,698.33939,0.031751039,2.1415105395,465124,3.724,6,2,0
432.02127659574467,1.0,1.0,1.0,5000.0,1000.0,0.000547898,0.014958437500000001,404496,3.724,2,1,0
138.5,1.0,2.0,1.0,5000.0,1000.0,0.00033036350000000003,0.0088521325,9801,3.724,4,5,0
93.6470588235294,1.0,2.0,1.0,5000.0,1000.0,0.001093451,0.0367449845,25,3.724,5,12,0
93.6470588235294,1.0,2.0,1.0,5000.0,1000.0,0.001233131,0.0422736965,25,3.724,9,19,0
1002.7065217391304,1.0,1.0,1.0,5000.0,1000.0,0.0038789705,0.322498427,1974025,3.724,4,3,0
522.9142857142857,1.0,2.0,1.0,5000.0,1000.0,0.0010946640000000002,0.068013315,547600,3.724,10,15,0
135.07692307692307,1.0,2.0,1.0,5000.0,1000.0,0.0121328,0.435662211,2500,3.724,1,4,0
138.5,1.0,2.0,1.0,5000.0,1000.0,0.0003265455,0.008722582,9801,3.724,4,5,0
116.15,1.0,1.0,1.0,5000.0,1000.0,0.0001849615,0.005874035499999999,1764,3.724,4,1,0
433.3829787234043,1.0,1.0,1.0,5000.0,1000.0,0.00046809049999999995,0.012103198,407044,3.724,5,1,0
81.0,2.0,1.0,1.0,5000.0,1000.0,0.0001,0.0,256,3.724,1,2,0
427.8,1.0,2.0,1.0,5000.0,1000.0,0.001258098,0.075546287,527076,3.724,2,8,0
110.0,2.0,2.0,1.0,5000.0,1000.0,0.0012925,0.001810912,4096,3.724,2,4,0
74.0,2.0,1.0,1.0,5000.0,1000.0,0.0001,0.0,256,3.724,1,3,0
93.6470588235294,1.0,2.0,1.0,5000.0,1000.0,0.0012105174999999999,0.0401674685,25,3.724,9,19,0
93.6470588235294,1.0,2.0,1.0,5000.0,1000.0,0.0008764879999999999,0.033589824,25,3.724,9,19,0
509.8333333333333,1.0,2.0,1.0,5000.0,1000.0,0.0010068355,0.062769519,550564,3.724,2,7,0
104.0,2.0,2.0,1.0,5000.0,1000.0,0.00032616650000000003,0.00045561300000000006,3136,3.724,1,9,0
268.53846153846155,1.0,2.0,1.0,5000.0,1000.0,0.0011313975,0.07211319249999999,159201,3.724,2,7,0
74.0,2.0,1.0,1.0,5000.0,1000.0,0.0001,0.0,256,3.724,1,1,0
81.0,2.0,1.0,1.0,5000.0,1000.0,0.0001,0.0,256,3.724,3,2,0
93.6470588235294,1.0,2.0,1.0,5000.0,1000.0,0.0010906590000000001,0.036329759,25,3.724,1,2,0
104.22222222222223,1.0,1.0,1.0,5000.0,1000.0,0.0004426985,0.0167518215,2500,3.724,9,2,0
313.6585365853659,1.0,2.0,1.0,5000.0,1000.0,0.0013458144999999998,0.080398833,237169,3.724,3,8,0
93.6470588235294,1.0,2.0,1.0,5000.0,1000.0,0.001104798,0.037163904000000005,25,3.724,5,14,0
92.53225806451613,1.0,2.0,1.0,5000.0,1000.0,0.00026555249999999996,0.015639827999999998,3136,3.724,1,9,0
427.8,1.0,2.0,1.0,5000.0,1000.0,0.000414492,0.025419314499999998,527076,3.724,2,7,0
93.6470588235294,1.0,2.0,1.0,5000.0,1000.0,0.001101178,0.036862940500000003,25,3.724,5,14,0
509.8333333333333,1.0,2.0,1.0,5000.0,1000.0,0.001164736,0.07380590549999999,550564,3.724,9,19,0
268.53846153846155,1.0,2.0,1.0,5000.0,1000.0,0.00027821450000000005,0.0081855605,159201,3.724,1,2,0
46.0,0.0,2.0,1.0,1.0,0.0,30.000334,0.0,2116,3.724,1,1,0
268.53846153846155,1.0,2.0,1.0,5000.0,1000.0,0.00098849,0.062646467,159201,3.724,4,5,0
46.0,0.0,2.0,1.0,1.0,0.0,30.000332,0.0,2116,3.724,1,1,0
93.6470588235294,1.0,2.0,1.0,5000.0,1000.0,0.001235222,0.042037543,25,3.724,9,19,0
116.15,1.0,1.0,1.0,5000.0,1000.0,0.00047016049999999997,0.035857213,1764,3.724,1,1,0
93.6470588235294,1.0,2.0,1.0,5000.0,1000.0,0.0012546725,0.0424717595,25,3.724,4,4,0
81.0,2.0,1.0,1.0,5000.0,1000.0,0.0001,0.0,256,3.724,1,1,0
522.9142857142857,1.0,2.0,1.0,5000.0,1000.0,0.0012485905,0.07349496999999999,547600,3.724,5,19,0
489.62025316455697,1.0,2.0,1.0,5000.0,1000.0,0.0009363645,0.056562119,725904,3.724,4,10,0
93.6470588235294,1.0,2.0,1.0,5000.0,1000.0,0.0011918060000000001,0.038479454,25,3.724,5,19,0
427.8,1.0,2.0,1.0,5000.0,1000.0,0.000424523,0.022462883,527076,3.724,3,7,0
313.6585365853659,1.0,2.0,1.0,5000.0,1000.0,0.0003339705,0.01863109,237169,3.724,3,3,0
427.8,1.0,2.0,1.0,5000.0,1000.0,0.0005366945000000001,0.032279772,527076,3.724,4,10,0
313.6585365853659,1.0,2.0,1.0,5000.0,1000.0,0.0012128014999999999,0.076188787,237169,3.724,2,8,0
462.4,1.0,2.0,1.0,5000.0,1000.0,0.0005005,0.008863923,342225,3.724,6,3,0
109.0,2.0,2.0,1.0,5000.0,1000.0,0.0015573330000000002,0.0021953325,4356,3.724,3,7,0
62.9622641509434,1.0,1.0,1.0,3498.94062,583.15677,0.034630709499999995,1.6264605220000001,169,3.724,2,1,0
104.22222222222223,1.0,1.0,1.0,5000.0,1000.0,0.0005037065,0.019523765499999998,2500,3.724,3,1,0
425.09090909090907,1.0,2.0,1.0,5000.0,1000.0,0.0003713235,0.022570661000000002,465124,3.724,6,3,0
509.8333333333333,1.0,2.0,1.0,5000.0,1000.0,0.0010867065,0.06684017249999999,550564,3.724,4,8,0
62.9811320754717,1.0,1.0,1.0,5000.0,1000.0,0.00040301350000000003,0.014743599,169,3.724,6,1,0
313.6585365853659,1.0,2.0,1.0,5000.0,1000.0,0.00043434249999999995,0.012339626499999999,237169,3.724,2,8,0
370.375,1.0,1.0,1.0,1832.19108,305.36518,0.0688748955,8.2208563245,198025,3.724,4,2,0
153.28571428571428,1.0,2.0,1.0,5000.0,1000.0,0.00042458549999999996,0.0144445925,30625,3.724,6,3,0
74.0,2.0,1.0,1.0,5000.0,1000.0,0.0001,0.0,256,3.724,3,1,0
307.42857142857144,1.0,2.0,1.0,5000.0,1000.0,0.0005573395000000001,0.033599006,216225,3.724,8,9,0
93.6470588235294,1.0,2.0,1.0,5000.0,1000.0,0.0011408624999999998,0.036905148500000005,25,3.724,4,8,0
370.375,1.0,1.0,1.0,1630.28622,271.71437000000003,0.07740846350000001,8.284554772,198025,3.724,3,3,0
440.2826086956522,1.0,1.0,1.0,5000.0,1000.0,0.0005859379999999999,0.015471459,401956,3.724,4,2,0
81.0,2.0,1.0,1.0,5000.0,1000.0,0.0001,0.0,256,3.724,4,4,0
427.8,1.0,2.0,1.0,5000.0,1000.0,0.0007489250000000001,0.052036516,527076,3.724,4,4,0
103.0,2.0,2.0,1.0,5000.0,1000.0,0.0003331665,0.000464806,2916,3.724,3,7,0
509.8333333333333,1.0,2.0,1.0,5000.0,1000.0,0.0019062125,0.1212976445,550564,3.724,8,8,0
93.6470588235294,1.0,2.0,1.0,5000.0,1000.0,0.0011016939999999999,0.03708680500000001,25,3.724,6,14,0
93.6470588235294,1.0,2.0,1.0,5000.0,1000.0,0.000805906,0.030724182000000003,25,3.724,4,8,0
93.6470588235294,1.0,2.0,1.0,5000.0,1000.0,0.0012173924999999998,0.03966285149999999,25,3.724,4,4,0
81.0,2.0,1.0,1.0,5000.0,1000.0,0.0001,0.0,256,3.724,4,4,0
93.6470588235294,1.0,2.0,1.0,5000.0,1000.0,0.001352055,0.044316132,25,3.724,8,8,0
93.6470588235294,1.0,2.0,1.0,5000.0,1000.0,0.0011915939999999998,0.039022485,25,3.724,5,19,0
81.0,2.0,1.0,1.0,5000.0,1000.0,0.0001,0.0,256,3.724,2,3,0
93.6470588235294,1.0,2.0,1.0,5000.0,1000.0,0.001222527,0.0385321925,25,3.724,5,19,0
93.6470588235294,1.0,2.0,1.0,5000.0,1000.0,0.0014309569999999998,0.046185501500000004,25,3.724,8,9,0
81.0,2.0,1.0,1.0,5000.0,1000.0,0.0001,0.0,256,3.724,1,1,0
93.6470588235294,1.0,2.0,1.0,5000.0,1000.0,0.0010993605,0.036502233,25,3.724,6,14,0
268.53846153846155,1.0,2.0,1.0,5000.0,1000.0,0.0011063165000000002,0.0693546915,159201,3.724,3,5,0
81.0,2.0,1.0,1.0,5000.0,1000.0,0.0001,0.0,256,3.724,8,2,0
172.0,1.0,2.0,1.0,5000.0,1000.0,0.0002499115,0.006496470000000001,5184,3.724,3,7,0
313.6585365853659,1.0,2.0,1.0,5000.0,1000.0,0.000328014,0.008909709,237169,3.724,2,8,0
93.6470588235294,1.0,2.0,1.0,5000.0,1000.0,0.0011076060000000001,0.036921844,25,3.724,4,8,0
93.6470588235294,1.0,2.0,1.0,5000.0,1000.0,0.001351704,0.04393383,25,3.724,8,8,0
81.0,2.0,1.0,1.0,5000.0,1000.0,0.0001,0.0,256,3.724,3,2,0
391.6,1.0,1.0,1.0,1730.39628,288.39938,0.075249343,8.602017212,187489,3.724,4,2,0
391.6,1.0,1.0,1.0,1572.05292,262.00882,0.082831904,8.8706538405,187489,3.724,5,2,0
104.22222222222223,1.0,1.0,1.0,5000.0,1000.0,0.000509,0.0197685015,2500,3.724,4,1,0
313.6585365853659,1.0,2.0,1.0,5000.0,1000.0,0.0011403075,0.08538879849999999,237169,3.724,3,7,0
93.6470588235294,1.0,2.0,1.0,5000.0,1000.0,0.0008224665,0.0311828665,25,3.724,4,4,0
268.53846153846155,1.0,2.0,1.0,5000.0,1000.0,0.0003896965,0.034534931,159201,3.724,3,7,0
93.6470588235294,1.0,2.0,1.0,5000.0,1000.0,0.001190416,0.038779957000000004,25,3.724,2,7,0
93.6470588235294,1.0,2.0,1.0,5000.0,1000.0,0.0013740195000000001,0.046530974999999995,25,3.724,8,8,0
489.62025316455697,1.0,2.0,1.0,5000.0,1000.0,0.0010667155,0.066112444,725904,3.724,6,11,0
73.0,2.0,1.0,1.0,5000.0,1000.0,0.0001,0.0,256,3.724,1,2,0
104.22222222222223,1.0,1.0,1.0,5000.0,1000.0,0.00047827,0.018187587499999998,2500,3.724,1,3,0
268.53846153846155,1.0,2.0,1.0,5000.0,1000.0,0.001090871,0.033818813499999996,159201,3.724,2,9,0
391.6,1.0,1.0,1.0,1729.91286,288.31881,0.0752227375,8.600053381,187489,3.724,2,1,0
509.8333333333333,1.0,2.0,1.0,5000.0,1000.0,0.0011515195,0.06947657,550564,3.724,6,11,0
81.0,2.0,1.0,1.0,5000.0,1000.0,0.0001,0.0,256,3.724,1,1,0
522.9142857142857,1.0,2.0,1.0,5000.0,1000.0,0.00105641,0.0657728695,547600,3.724,6,14,0
81.0,2.0,1.0,1.0,5000.0,1000.0,0.0001,0.0,256,3.724,1,1,0
93.6470588235294,1.0,2.0,1.0,5000.0,1000.0,0.0011629135000000002,0.038938270000000004,25,3.724,6,11,0
93.6470588235294,1.0,2.0,1.0,5000.0,1000.0,0.001095094,0.0365250555,25,3.724,6,14,0
93.6470588235294,1.0,2.0,1.0,5000.0,1000.0,0.000889463,0.033472468,25,3.724,2,7,0
138.5,1.0,2.0,1.0,5000.0,1000.0,0.000376,0.010156943,9801,3.724,2,9,0
93.6470588235294,1.0,2.0,1.0,5000.0,1000.0,0.0007978544999999999,0.0302895745,25,3.724,6,14,0
138.5,1.0,2.0,1.0,5000.0,1000.0,0.0003165,0.0084476555,9801,3.724,1,6,0
489.62025316455697,1.0,2.0,1.0,5000.0,1000.0,0.0011271985,0.0683273775,725904,3.724,8,8,0
104.22222222222223,1.0,1.0,1.0,5000.0,1000.0,0.00044652349999999995,0.0164920245,2500,3.724,6,3,0
93.6470588235294,1.0,2.0,1.0,5000.0,1000.0,0.001108153,0.037011533,25,3.724,3,10,0
74.0,2.0,1.0,1.0,5000.0,1000.0,0.0001,0.0,256,3.724,2,2,0
74.0,2.0,1.0,1.0,5000.0,1000.0,0.0001,0.0,256,3.724,2,4,0
138.5,1.0,2.0,1.0,5000.0,1000.0,0.0003257275,0.008669086,9801,3.724,2,4,0
93.6470588235294,1.0,2.0,1.0,5000.0,1000.0,0.0011076665000000002,0.0373401335,25,3.724,3,10,0
509.8333333333333,1.0,2.0,1.0,5000.0,1000.0,0.001957173,0.1104966915,550564,3.724,8,9,0
93.6470588235294,1.0,2.0,1.0,5000.0,1000.0,0.0011572689999999998,0.038677258,25,3.724,6,11,0
93.6470588235294,1.0,2.0,1.0,5000.0,1000.0,0.001349137,0.044658444,25,3.724,8,8,0
74.0,2.0,1.0,1.0,5000.0,1000.0,0.0001,0.0,256,3.724,2,4,0
104.22222222222223,1.0,1.0,1.0,5000.0,1000.0,0.000440143,0.016487624500000003,2500,3.724,6,1,0
427.8,1.0,2.0,1.0,5000.0,1000.0,0.0003854685,0.020772047000000002,527076,3.724,2,8,0
93.6470588235294,1.0,2.0,1.0,5000.0,1000.0,0.0009823120000000002,0.03585235700000001,25,3.724,8,8,0
427.8,1.0,2.0,1.0,5000.0,1000.0,0.0004608335,0.0258013535,527076,3.724,1,5,0
433.3829787234043,1.0,1.0,1.0,5000.0,1000.0,0.0004662674999999999,0.012050143499999999,407044,3.724,4,1,0
427.8,1.0,2.0,1.0,5000.0,1000.0,0.0004981335000000001,0.0276502665,527076,3.724,6,11,0
422.1060606060606,1.0,2.0,1.0,5000.0,1000.0,0.0010252345,0.037569354500000006,527076,3.724,4,10,0
93.6470588235294,1.0,2.0,1.0,5000.0,1000.0,0.0011076665000000002,0.0373401335,25,3.724,3,10,0
93.6470588235294,1.0,2.0,1.0,5000.0,1000.0,0.0011334605,0.0366859485,25,3.724,6,14,0
93.6470588235294,1.0,2.0,1.0,5000.0,1000.0,0.0011135255,0.037196412000000005,25,3.724,6,8,0
313.6585365853659,1.0,2.0,1.0,5000.0,1000.0,0.00048720750000000003,0.013842909499999998,237169,3.724,1,2,0
93.6470588235294,1.0,2.0,1.0,5000.0,1000.0,0.001118541,0.037741727,25,3.724,6,8,0
74.0,2.0,1.0,1.0,5000.0,1000.0,0.0001,0.0,256,3.724,6,5,0
93.6470588235294,1.0,2.0,1.0,5000.0,1000.0,0.001113702,0.03723121,25,3.724,8,6,0
97.38938053097345,1.0,1.0,1.0,5000.0,1000.0,0.000271144,0.0094072155,400,3.724,1,1,0
93.6470588235294,1.0,2.0,1.0,5000.0,1000.0,0.0011155865,0.036748846,25,3.724,9,11,0
489.62025316455697,1.0,2.0,1.0,5000.0,1000.0,0.00044448949999999996,0.023071145999999997,725904,3.724,2,7,0
313.6585365853659,1.0,2.0,1.0,5000.0,1000.0,0.0012481330000000002,0.0368850395,237169,3.724,4,8,0
268.53846153846155,1.0,2.0,1.0,5000.0,1000.0,0.001056572,0.06886254750000001,159201,3.724,4,5,0
183.11111111111111,1.0,2.0,1.0,5000.0,1000.0,0.00025002950000000004,0.0065291665,8836,3.724,5,6,0
110.0,2.0,2.0,1.0,5000.0,1000.0,0.0011259999999999998,0.0015849805,4096,3.724,5,6,0
74.0,2.0,1.0,1.0,5000.0,1000.0,0.0001,0.0,256,3.724,8,2,0
138.5,1.0,2.0,1.0,5000.0,1000.0,0.0003277275,0.0087816975,9801,3.724,1,14,0
93.6470588235294,1.0,2.0,1.0,5000.0,1000.0,0.001096916,0.036554191,25,3.724,7,10,0
74.0,2.0,1.0,1.0,5000.0,1000.0,0.0001,0.0,256,3.724,9,3,0
104.22222222222223,1.0,1.0,1.0,5000.0,1000.0,0.000458516,0.017383683,2500,3.724,4,2,0
441.67391304347825,1.0,1.0,1.0,5000.0,1000.0,0.0008119985,0.025541138499999998,404496,3.724,4,1,0
104.0,2.0,2.0,1.0,5000.0,1000.0,0.0003265,0.0004550235,3136,3.724,5,6,0
93.6470588235294,1.0,2.0,1.0,5000.0,1000.0,0.0008000704999999999,0.0304003985,25,3.724,7,10,0
93.6470588235294,1.0,2.0,1.0,5000.0,1000.0,0.000953284,0.032800306,25,3.724,8,9,0
268.53846153846155,1.0,2.0,1.0,5000.0,1000.0,0.003158902,0.19696697900000001,159201,3.724,1,7,0
93.6470588235294,1.0,2.0,1.0,5000.0,1000.0,0.001096606,0.036368631,25,3.724,7,10,0
489.62025316455697,1.0,2.0,1.0,5000.0,1000.0,0.000440886,0.0224468195,725904,3.724,4,8,0
93.6470588235294,1.0,2.0,1.0,5000.0,1000.0,0.001427516,0.0486144695,25,3.724,8,9,0
1016.6875,1.0,1.0,1.0,5000.0,1000.0,0.005856912999999999,0.36325284999999996,1974025,3.724,7,1,0
93.6470588235294,1.0,2.0,1.0,5000.0,1000.0,0.0011487289999999998,0.037173648999999996,25,3.724,8,6,0
138.5,1.0,2.0,1.0,5000.0,1000.0,0.000332727,0.0089362645,9801,3.724,4,7,0
62.9622641509434,1.0,1.0,1.0,3877.12104,646.1868400000001,0.0312411895,1.39522667,169,3.724,2,1,0
509.8333333333333,1.0,2.0,1.0,5000.0,1000.0,0.0010146215,0.06339154500000001,550564,3.724,8,6,0
74.0,2.0,1.0,1.0,5000.0,1000.0,0.0001,0.0,256,3.724,9,3,0
268.53846153846155,1.0,2.0,1.0,5000.0,1000.0,0.00029165300000000006,0.0173970925,159201,3.724,1,4,0
462.4,1.0,2.0,1.0,2260.8595800000003,376.80993,0.0697478775,1.693028956,342225,3.724,2,1,0
93.6470588235294,1.0,2.0,1.0,5000.0,1000.0,0.0011048705000000002,0.0369165825,25,3.724,9,11,0
74.0,2.0,1.0,1.0,5000.0,1000.0,0.0001,0.0,256,3.724,9,3,0
73.0,2.0,1.0,1.0,5000.0,1000.0,0.0001,0.0,256,3.724,3,5,0
93.6470588235294,1.0,2.0,1.0,5000.0,1000.0,0.001324769,0.044627807,25,3.724,8,9,0
116.15,1.0,1.0,1.0,5000.0,1000.0,0.00017536849999999997,0.0,1764,3.724,5,1,0
93.6470588235294,1.0,2.0,1.0,5000.0,1000.0,0.0011487665,0.03769376,25,3.724,8,6,0
370.375,1.0,1.0,1.0,1849.3956,308.2326,0.068233078,8.220602771,198025,3.724,2,2,0
93.6470588235294,1.0,2.0,1.0,5000.0,1000.0,0.0013873765,0.044960446,25,3.724,8,9,0
93.6470588235294,1.0,2.0,1.0,5000.0,1000.0,0.0011320705,0.038121122,25,3.724,9,11,0
522.9142857142857,1.0,2.0,1.0,5000.0,1000.0,0.0010299925000000001,0.064963764,547600,3.724,7,10,0
391.6,1.0,1.0,1.0,1589.38368,264.89728,0.081929505,8.640133374000001,187489,3.724,4,2,0
104.22222222222223,1.0,1.0,1.0,5000.0,1000.0,0.004172809499999999,0.139546115,2500,3.724,3,2,0
432.02127659574467,1.0,1.0,1.0,5000.0,1000.0,0.00044641149999999997,0.011407411000000001,404496,3.724,2,1,0
138.5,1.0,2.0,1.0,5000.0,1000.0,0.000322409,0.008665616999999999,9801,3.724,4,8,0
110.0,2.0,2.0,1.0,5000.0,1000.0,0.0010371665000000001,0.0014611195,4096,3.724,4,5,0
370.375,1.0,1.0,1.0,1619.1315,269.85525,0.07794289950000001,8.3012460455,198025,3.724,1,3,0
81.0,2.0,1.0,1.0,5000.0,1000.0,0.0001,0.0,256,3.724,4,3,0
104.22222222222223,1.0,1.0,1.0,5000.0,1000.0,0.000440095,0.016540981,2500,3.724,2,3,0
135.47826086956522,1.0,2.0,1.0,5000.0,1000.0,0.0083754,0.501220329,8649,3.724,2,2,0
93.6470588235294,1.0,2.0,1.0,5000.0,1000.0,0.0008104214999999999,0.030570435,25,3.724,6,8,0
391.6,1.0,1.0,1.0,1730.00064,288.33344,0.0752695265,8.602474866500001,187489,3.724,3,3,0
104.22222222222223,1.0,1.0,1.0,5000.0,1000.0,0.0041721349999999996,0.1532505425,2500,3.724,1,1,0
104.22222222222223,1.0,1.0,1.0,5000.0,1000.0,0.0004435875,0.016651913500000004,2500,3.724,3,4,0
104.22222222222223,1.0,1.0,1.0,5000.0,1000.0,0.00044143650000000003,0.016645882,2500,3.724,3,4,0
268.53846153846155,1.0,2.0,1.0,5000.0,1000.0,0.000385329,0.023373032000000002,159201,3.724,1,7,0
93.6470588235294,1.0,2.0,1.0,5000.0,1000.0,0.0010941784999999999,0.036486360999999995,25,3.724,7,10,0
509.8333333333333,1.0,2.0,1.0,5000.0,1000.0,0.0010479344999999999,0.06417884650000001,550564,3.724,6,8,0
81.0,2.0,1.0,1.0,5000.0,1000.0,0.0001,0.0,256,3.724,2,1,0
138.5,1.0,2.0,1.0,5000.0,1000.0,0.0003446365,0.009870238,9801,3.724,2,9,0
93.6470588235294,1.0,2.0,1.0,5000.0,1000.0,0.0011152354999999997,0.037362247,25,3.724,8,6,0
522.9142857142857,1.0,2.0,1.0,5000.0,1000.0,0.0010940995,0.06849656250000001,547600,3.724,9,11,0
81.0,2.0,1.0,1.0,5000.0,1000.0,0.0001,0.0,256,3.724,2,2,0
489.62025316455697,1.0,2.0,1.0,5000.0,1000.0,0.0017741045,0.0972995735,725904,3.724,4,8,0
93.6470588235294,1.0,2.0,1.0,5000.0,1000.0,0.0011339115,0.0379962765,25,3.724,9,11,0
74.0,2.0,1.0,1.0,5000.0,1000.0,0.0001,0.0,256,3.724,3,2,0
135.47826086956522,1.0,2.0,1.0,5000.0,1000.0,0.0024077725,0.2364648365,8649,3.724,1,2,0
489.62025316455697,1.0,2.0,1.0,5000.0,1000.0,0.0006910000000000001,0.0390165595,725904,3.724,2,9,0
104.22222222222223,1.0,1.0,1.0,5000.0,1000.0,0.0004430235,0.016613755,2500,3.724,8,1,0
427.8,1.0,2.0,1.0,5000.0,1000.0,0.0027757550000000004,0.1545345475,527076,3.724,3,4,0
81.0,2.0,1.0,1.0,5000.0,1000.0,0.0001,0.0,256,3.724,8,1,0
81.0,2.0,1.0,1.0,5000.0,1000.0,0.0001,0.0,256,3.724,2,3,0
93.6470588235294,1.0,2.0,1.0,5000.0,1000.0,0.0011162779999999998,0.0370759655,25,3.724,6,8,0
104.44444444444444,1.0,1.0,1.0,5000.0,1000.0,0.0004600715,0.01750675,2500,3.724,2,2,0
74.0,2.0,1.0,1.0,5000.0,1000.0,0.0001,0.0,256,3.724,2,2,0
183.11111111111111,1.0,2.0,1.0,5000.0,1000.0,0.0002705295,0.0069564485,8836,3.724,4,5,0
93.6470588235294,1.0,2.0,1.0,5000.0,1000.0,0.0011169115000000001,0.037393489499999995,25,3.724,6,8,0
90.12096774193549,1.0,2.0,1.0,5000.0,1000.0,0.00025766449999999996,0.015282985,2601,3.724,2,8,0
135.47826086956522,1.0,2.0,1.0,5000.0,1000.0,0.0002426335,0.014562887,8649,3.724,1,7,0
81.0,2.0,1.0,1.0,5000.0,1000.0,0.0001,0.0,256,3.724,4,2,0
93.6470588235294,1.0,2.0,1.0,5000.0,1000.0,0.0008187765000000001,0.031288955,25,3.724,8,6,0
425.09090909090907,1.0,2.0,1.0,5000.0,1000.0,0.0048969545,0.4698180675,465124,3.724,7,3,0
93.6470588235294,1.0,2.0,1.0,5000.0,1000.0,0.0007957134999999999,0.030208772999999998,25,3.724,9,11,0
93.6470588235294,1.0,2.0,1.0,5000.0,1000.0,0.0010975310000000001,0.0369041995,25,3.724,7,10,0
103.0,2.0,2.0,1.0,5000.0,1000.0,0.007320999999999999,0.010348860999999999,2916,3.724,7,9,0
81.0,2.0,1.0,1.0,5000.0,1000.0,0.0001,0.0,256,3.724,2,2,0
74.0,2.0,1.0,1.0,5000.0,1000.0,0.0001,0.0,256,3.724,2,1,0
391.6,1.0,1.0,1.0,1559.63736,259.93956000000003,0.0834915725,8.657191138,187489,3.724,3,3,0
370.375,1.0,1.0,1.0,1847.2319400000001,307.87199,0.06831313,8.220310594,198025,3.724,5,3,0
93.6470588235294,1.0,2.0,1.0,5000.0,1000.0,0.0012125665,0.040282082500000004,25,3.724,7,5,0
81.0,2.0,1.0,1.0,5000.0,1000.0,0.0001,0.0,256,3.724,3,2,0
93.6470588235294,1.0,2.0,1.0,5000.0,1000.0,0.0011224604999999998,0.037774640500000005,25,3.724,4,6,0
100.0,0.0,2.0,1.0,5000.0,1000.0,0.0001,0.0,10000,3.724,1,4,1
100.0,0.0,2.0,1.0,5000.0,1000.0,0.0001,0.0,10000,3.724,2,7,1
100.0,0.0,2.0,1.0,5000.0,1000.0,0.0001,0.0,10000,3.724,1,6,1
100.0,0.0,2.0,1.0,5000.0,1000.0,0.0001,0.0,10000,3.724,2,6,1
100.0,0.0,2.0,1.0,5000.0,1000.0,0.0001,0.0,10000,3.724,1,4,1
100.0,0.0,2.0,1.0,5000.0,1000.0,0.0001,0.0,10000,3.724,2,3,1
100.0,0.0,2.0,1.0,5000.0,1000.0,0.0001,0.0,10000,3.724,2,6,1
100.0,0.0,2.0,1.0,5000.0,1000.0,0.0001,0.0,10000,3.724,2,5,1
100.0,0.0,2.0,1.0,5000.0,1000.0,0.0001,0.0,10000,3.724,2,6,1
100.0,0.0,2.0,1.0,5000.0,1000.0,0.0001,0.0,10000,3.724,2,6,1
100.0,0.0,2.0,1.0,5000.0,1000.0,0.0001,0.0,10000,3.724,2,4,1
100.0,0.0,2.0,1.0,5000.0,1000.0,0.0001,0.0,10000,3.724,2,3,1
100.0,0.0,2.0,1.0,5000.0,1000.0,0.0001,0.0,10000,3.724,1,4,1
100.0,0.0,2.0,1.0,5000.0,1000.0,0.0001,0.0,10000,3.724,1,4,1
100.0,0.0,2.0,1.0,5000.0,1000.0,0.0001,0.0,10000,3.724,2,5,1
100.0,0.0,2.0,1.0,5000.0,1000.0,0.0001,0.0,10000,3.724,2,5,1
100.0,0.0,2.0,1.0,5000.0,1000.0,0.0001,0.0,10000,3.724,4,5,1
100.0,0.0,2.0,1.0,5000.0,1000.0,0.0001,0.0,10000,3.724,4,9,1
100.0,0.0,2.0,1.0,5000.0,1000.0,0.0001,0.0,10000,3.724,1,3,1
100.0,0.0,2.0,1.0,5000.0,1000.0,0.0001,0.0,10000,3.724,3,9,1
100.0,0.0,2.0,1.0,5000.0,1000.0,0.0001,0.0,10000,3.724,1,4,1
100.0,0.0,2.0,1.0,5000.0,1000.0,0.0001,0.0,10000,3.724,5,8,1
100.0,0.0,2.0,1.0,5000.0,1000.0,0.0001,0.0,10000,3.724,2,7,1
100.0,0.0,2.0,1.0,5000.0,1000.0,0.0001,0.0,10000,3.724,1,7,1
100.0,0.0,2.0,1.0,5000.0,1000.0,0.0001,0.0,10000,3.724,1,5,1
100.0,0.0,2.0,1.0,5000.0,1000.0,0.0001,0.0,10000,3.724,2,7,1
100.0,0.0,2.0,1.0,5000.0,1000.0,0.0001,0.0,10000,3.724,3,5,1
100.0,0.0,2.0,1.0,5000.0,1000.0,0.0001,0.0,10000,3.724,2,7,1
100.0,0.0,2.0,1.0,5000.0,1000.0,0.0001,0.0,10000,3.724,2,7,1
100.0,0.0,2.0,1.0,5000.0,1000.0,0.0001,0.0,10000,3.724,2,8,1
100.0,0.0,2.0,1.0,5000.0,1000.0,0.0001,0.0,10000,3.724,6,8,1
100.0,0.0,2.0,1.0,5000.0,1000.0,0.0001,0.0,10000,3.724,6,8,1
100.0,0.0,2.0,1.0,5000.0,1000.0,0.0001,0.0,10000,3.724,4,6,1
100.0,0.0,2.0,1.0,5000.0,1000.0,0.0001,0.0,10000,3.724,5,9,1
100.0,0.0,2.0,1.0,5000.0,1000.0,0.0001,0.0,10000,3.724,2,6,1
100.0,0.0,2.0,1.0,5000.0,1000.0,0.0001,0.0,10000,3.724,4,9,1
100.0,0.0,2.0,1.0,5000.0,1000.0,0.0001,0.0,10000,3.724,4,9,1
100.0,0.0,2.0,1.0,5000.0,1000.0,0.0001,0.0,10000,3.724,2,5,1
100.0,0.0,2.0,1.0,5000.0,1000.0,0.0001,0.0,10000,3.724,2,7,1
100.0,0.0,2.0,1.0,5000.0,1000.0,0.0001,0.0,10000,3.724,1,4,1
100.0,0.0,2.0,1.0,5000.0,1000.0,0.0001,0.0,10000,3.724,3,6,1
100.0,0.0,2.0,1.0,5000.0,1000.0,0.0001,0.0,10000,3.724,2,5,1
100.0,0.0,2.0,1.0,5000.0,1000.0,0.0001,0.0,10000,3.724,3,6,1
100.0,0.0,2.0,1.0,5000.0,1000.0,0.0001,0.0,10000,3.724,2,7,1
100.0,0.0,2.0,1.0,5000.0,1000.0,0.0001,0.0,10000,3.724,2,3,1
100.0,0.0,2.0,1.0,5000.0,1000.0,0.0001,0.0,10000,3.724,2,5,1
100.0,0.0,2.0,1.0,5000.0,1000.0,0.0001,0.0,10000,3.724,3,7,1
100.0,0.0,2.0,1.0,5000.0,1000.0,0.0001,0.0,10000,3.724,3,7,1
100.0,0.0,2.0,1.0,5000.0,1000.0,0.0001,0.0,10000,3.724,1,5,1
100.0,0.0,2.0,1.0,5000.0,1000.0,0.0001,0.0,10000,3.724,2,5,1
100.0,0.0,2.0,1.0,5000.0,1000.0,0.0001,0.0,10000,3.724,1,5,1
100.0,0.0,2.0,1.0,5000.0,1000.0,0.0001,0.0,10000,3.724,3,5,1
100.0,0.0,2.0,1.0,5000.0,1000.0,0.0001,0.0,10000,3.724,2,6,1
100.0,0.0,2.0,1.0,5000.0,1000.0,0.0001,0.0,10000,3.724,1,2,1
100.0,0.0,2.0,1.0,5000.0,1000.0,0.0001,0.0,10000,3.724,3,4,1
100.0,0.0,2.0,1.0,5000.0,1000.0,0.0001,0.0,10000,3.724,1,3,1
100.0,0.0,2.0,1.0,5000.0,1000.0,0.0001,0.0,10000,3.724,2,5,1
100.0,0.0,2.0,1.0,5000.0,1000.0,0.0001,0.0,10000,3.724,2,5,1
100.0,0.0,2.0,1.0,5000.0,1000.0,0.0001,0.0,10000,3.724,2,3,1
100.0,0.0,2.0,1.0,5000.0,1000.0,0.0001,0.0,10000,3.724,4,9,1
100.0,0.0,2.0,1.0,5000.0,1000.0,0.0001,0.0,10000,3.724,3,9,1
100.0,0.0,2.0,1.0,5000.0,1000.0,0.0001,0.0,10000,3.724,3,9,1
100.0,0.0,2.0,1.0,5000.0,1000.0,0.0001,0.0,10000,3.724,3,7,1
100.0,0.0,2.0,1.0,5000.0,1000.0,0.0001,0.0,10000,3.724,3,9,1
100.0,0.0,2.0,1.0,5000.0,1000.0,0.0001,0.0,10000,3.724,1,3,1
100.0,0.0,2.0,1.0,5000.0,1000.0,0.0001,0.0,10000,3.724,3,4,1
100.0,0.0,2.0,1.0,5000.0,1000.0,0.0001,0.0,10000,3.724,2,3,1
100.0,0.0,2.0,1.0,5000.0,1000.0,0.0001,0.0,10000,3.724,1,3,1
100.0,0.0,2.0,1.0,5000.0,1000.0,0.0001,0.0,10000,3.724,3,7,1
100.0,0.0,2.0,1.0,5000.0,1000.0,0.0001,0.0,10000,3.724,1,4,1
100.0,0.0,2.0,1.0,5000.0,1000.0,0.0001,0.0,10000,3.724,3,7,1
100.0,0.0,2.0,1.0,5000.0,1000.0,0.0001,0.0,10000,3.724,2,3,1
100.0,0.0,2.0,1.0,5000.0,1000.0,0.0001,0.0,10000,3.724,6,8,1
100.0,0.0,2.0,1.0,5000.0,1000.0,0.0001,0.0,10000,3.724,6,8,1
100.0,0.0,2.0,1.0,5000.0,1000.0,0.0001,0.0,10000,3.724,3,7,1
100.0,0.0,2.0,1.0,5000.0,1000.0,0.0001,0.0,10000,3.724,6,8,1
100.0,0.0,2.0,1.0,24.99852,4.1664200000000005,1.2000719999999998,1.6971546249999998,10000,3.724,4,6,1
100.0,0.0,2.0,1.0,5000.0,1000.0,0.0001,0.0,10000,3.724,5,9,1
100.0,0.0,2.0,1.0,5000.0,1000.0,0.0001,0.0,10000,3.724,3,5,1
100.0,0.0,2.0,1.0,5000.0,1000.0,0.0001,0.0,10000,3.724,3,5,1
100.0,0.0,2.0,1.0,5000.0,1000.0,0.0001,0.0,10000,3.724,4,9,1
100.0,0.0,2.0,1.0,5000.0,1000.0,0.0001,0.0,10000,3.724,4,7,1
100.0,0.0,2.0,1.0,5000.0,1000.0,0.0001,0.0,10000,3.724,4,7,1
100.0,0.0,2.0,1.0,5000.0,1000.0,0.0001,0.0,10000,3.724,2,5,1
100.0,0.0,2.0,1.0,5000.0,1000.0,0.0001,0.0,10000,3.724,4,7,1
100.0,0.0,2.0,1.0,5000.0,1000.0,0.0001,0.0,10000,3.724,4,7,1
100.0,0.0,2.0,1.0,5000.0,1000.0,0.0001,0.0,10000,3.724,3,7,1
100.0,0.0,2.0,1.0,5000.0,1000.0,0.0001,0.0,10000,3.724,2,5,1
100.0,0.0,2.0,1.0,5000.0,1000.0,0.0001,0.0,10000,3.724,3,5,1
100.0,0.0,2.0,1.0,5000.0,1000.0,0.0001,0.0,10000,3.724,3,5,1
100.0,0.0,2.0,1.0,5000.0,1000.0,0.0001,0.0,10000,3.724,3,5,1
100.0,0.0,2.0,1.0,5000.0,1000.0,0.0001,0.0,10000,3.724,3,7,1
100.0,0.0,2.0,1.0,5000.0,1000.0,0.0001,0.0,10000,3.724,3,5,1
100.0,0.0,2.0,1.0,5000.0,1000.0,0.0001,0.0,10000,3.724,2,7,1
100.0,0.0,2.0,1.0,5000.0,1000.0,0.0001,0.0,10000,3.724,2,8,1
100.0,0.0,2.0,1.0,5000.0,1000.0,0.0001,0.0,10000,3.724,2,8,1
100.0,0.0,2.0,1.0,5000.0,1000.0,0.0001,0.0,10000,3.724,3,4,1
100.0,0.0,2.0,1.0,5000.0,1000.0,0.0001,0.0,10000,3.724,1,3,1
100.0,0.0,2.0,1.0,5000.0,1000.0,0.0001,0.0,10000,3.724,6,8,1
100.0,0.0,2.0,1.0,5000.0,1000.0,0.0001,0.0,10000,3.724,2,5,1
100.0,0.0,2.0,1.0,5000.0,1000.0,0.0001,0.0,10000,3.724,2,5,1
100.0,0.0,2.0,1.0,5000.0,1000.0,0.0001,0.0,10000,3.724,5,9,1
100.0,0.0,2.0,1.0,5000.0,1000.0,0.0001,0.0,10000,3.724,4,5,1
100.0,0.0,2.0,1.0,5000.0,1000.0,0.0001,0.0,10000,3.724,2,6,1
100.0,0.0,2.0,1.0,5000.0,1000.0,0.0001,0.0,10000,3.724,2,6,1
55.75,1.0,1.0,1.0,3177.80898,529.63483,0.036903199,0.74609266,289,3.724,1,1,1
137.41666666666666,1.0,1.0,1.0,2043.0219,340.50365,0.056743864000000005,1.5500048204999999,25921,3.724,2,3,1
100.0,0.0,2.0,1.0,5000.0,1000.0,0.0001,0.0,10000,3.724,3,7,1
100.0,0.0,2.0,1.0,5000.0,1000.0,0.0001,0.0,10000,3.724,3,7,1
100.0,0.0,2.0,1.0,5000.0,1000.0,0.0001,0.0,10000,3.724,5,8,1
100.0,0.0,2.0,1.0,5000.0,1000.0,0.0001,0.0,10000,3.724,2,2,1
100.0,0.0,2.0,1.0,5000.0,1000.0,0.0001,0.0,10000,3.724,2,5,1
94.75,1.0,1.0,1.0,1818.68028,303.11338,0.062938863,1.7772966525,5776,3.724,2,2,1
100.0,0.0,2.0,1.0,5000.0,1000.0,0.0001,0.0,10000,3.724,4,8,1
100.0,0.0,2.0,1.0,5000.0,1000.0,0.0001,0.0,10000,3.724,4,5,1
100.0,0.0,2.0,1.0,5000.0,1000.0,0.0001,0.0,10000,3.724,4,9,1
56.23076923076923,1.0,1.0,1.0,54.67356,9.11226,2.2508653020000002,100.0,1,3.724,1,3,1
100.0,0.0,2.0,1.0,5000.0,1000.0,0.0001,0.0,10000,3.724,4,9,1
100.0,0.0,2.0,1.0,5000.0,1000.0,0.0001,0.0,10000,3.724,2,5,1
100.0,0.0,2.0,1.0,5000.0,1000.0,0.0001,0.0,10000,3.724,1,6,1
100.0,0.0,2.0,1.0,5000.0,1000.0,0.0001,0.0,10000,3.724,2,6,1
100.0,0.0,2.0,1.0,5000.0,1000.0,0.0001,0.0,10000,3.724,2,6,1
57.38461538461539,1.0,1.0,1.0,1239.3744,206.5624,0.09679290449999998,2.452526779,1,3.724,1,2,1
100.0,0.0,2.0,1.0,5000.0,1000.0,0.0001,0.0,10000,3.724,3,9,1
100.0,0.0,2.0,1.0,5000.0,1000.0,0.0001,0.0,10000,3.724,1,5,1
100.0,0.0,2.0,1.0,5000.0,1000.0,0.0001,0.0,10000,3.724,2,3,1
100.0,0.0,2.0,1.0,5000.0,1000.0,0.0001,0.0,10000,3.724,4,7,1
100.0,0.0,2.0,1.0,5000.0,1000.0,0.0001,0.0,10000,3.724,2,6,1
100.0,0.0,2.0,1.0,5000.0,1000.0,0.0001,0.0,10000,3.724,2,4,1
100.0,0.0,2.0,1.0,5000.0,1000.0,0.0001,0.0,10000,3.724,3,7,1
100.0,0.0,2.0,1.0,5000.0,1000.0,0.0001,0.0,10000,3.724,3,7,1
100.0,0.0,2.0,1.0,5000.0,1000.0,0.0001,0.0,10000,3.724,2,4,1
100.0,0.0,2.0,1.0,5000.0,1000.0,0.0001,0.0,10000,3.724,2,5,1
100.0,0.0,2.0,1.0,5000.0,1000.0,0.0001,0.0,10000,3.724,2,5,1
100.0,0.0,2.0,1.0,5000.0,1000.0,0.0001,0.0,10000,3.724,2,4,1
100.0,0.0,2.0,1.0,5000.0,1000.0,0.0001,0.0,10000,3.724,2,5,1
100.0,0.0,2.0,1.0,5000.0,1000.0,0.0001,0.0,10000,3.724,3,6,1
100.0,0.0,2.0,1.0,5000.0,1000.0,0.0001,0.0,10000,3.724,1,4,1
100.0,0.0,2.0,1.0,5000.0,1000.0,0.0001,0.0,10000,3.724,2,7,1
100.0,0.0,2.0,1.0,5000.0,1000.0,0.0001,0.0,10000,3.724,5,8,1
100.0,0.0,2.0,1.0,5000.0,1000.0,0.0001,0.0,10000,3.724,5,8,1
100.0,0.0,2.0,1.0,5000.0,1000.0,0.0001,0.0,10000,3.724,2,5,1
100.0,0.0,2.0,1.0,5000.0,1000.0,0.0001,0.0,10000,3.724,2,5,1
100.0,0.0,2.0,1.0,5000.0,1000.0,0.0001,0.0,10000,3.724,2,5,1
100.0,0.0,2.0,1.0,5000.0,1000.0,0.0001,0.0,10000,3.724,2,5,1
100.0,0.0,2.0,1.0,5000.0,1000.0,0.0001,0.0,10000,3.724,4,8,1
100.0,0.0,2.0,1.0,5000.0,1000.0,0.0001,0.0,10000,3.724,4,8,1
100.0,0.0,2.0,1.0,5000.0,1000.0,0.0001,0.0,10000,3.724,4,8,1
100.0,0.0,2.0,1.0,5000.0,1000.0,0.0001,0.0,10000,3.724,1,3,1
100.0,0.0,2.0,1.0,5000.0,1000.0,0.0001,0.0,10000,3.724,2,5,1
100.0,0.0,2.0,1.0,5000.0,1000.0,0.0001,0.0,10000,3.724,2,3,1
100.0,0.0,2.0,1.0,5000.0,1000.0,0.0001,0.0,10000,3.724,4,7,1
100.0,0.0,2.0,1.0,5000.0,1000.0,0.0001,0.0,10000,3.724,1,4,1
100.0,0.0,2.0,1.0,5000.0,1000.0,0.0001,0.0,10000,3.724,4,7,1
100.0,0.0,2.0,1.0,5000.0,1000.0,0.0001,0.0,10000,3.724,2,5,1
100.0,0.0,2.0,1.0,5000.0,1000.0,0.0001,0.0,10000,3.724,3,4,1
100.0,0.0,2.0,1.0,5000.0,1000.0,0.0001,0.0,10000,3.724,2,5,1
100.0,0.0,2.0,1.0,5000.0,1000.0,0.0001,0.0,10000,3.724,2,5,1
100.0,0.0,2.0,1.0,5000.0,1000.0,0.0001,0.0,10000,3.724,2,3,1
100.0,0.0,2.0,1.0,5000.0,1000.0,0.0001,0.0,10000,3.724,2,5,1
100.0,0.0,2.0,1.0,5000.0,1000.0,0.0001,0.0,10000,3.724,1,4,1
100.0,0.0,2.0,1.0,5000.0,1000.0,0.0001,0.0,10000,3.724,3,5,1
100.0,0.0,2.0,1.0,5000.0,1000.0,0.0001,0.0,10000,3.724,2,4,1
100.0,0.0,2.0,1.0,5000.0,1000.0,0.0001,0.0,10000,3.724,1,2,1
100.0,0.0,2.0,1.0,5000.0,1000.0,0.0001,0.0,10000,3.724,1,5,1
100.0,0.0,2.0,1.0,5000.0,1000.0,0.0001,0.0,10000,3.724,3,4,1
100.0,0.0,2.0,1.0,5000.0,1000.0,0.0001,0.0,10000,3.724,1,4,1
100.0,0.0,2.0,1.0,5000.0,1000.0,0.0001,0.0,10000,3.724,2,4,1
100.0,0.0,2.0,1.0,5000.0,1000.0,0.0001,0.0,10000,3.724,1,4,1
100.0,0.0,2.0,1.0,5000.0,1000.0,0.0001,0.0,10000,3.724,2,7,1
100.0,0.0,2.0,1.0,5000.0,1000.0,0.0001,0.0,10000,3.724,2,4,1
100.0,0.0,2.0,1.0,5000.0,1000.0,0.0001,0.0,10000,3.724,1,3,1
100.0,0.0,2.0,1.0,5000.0,1000.0,0.0001,0.0,10000,3.724,2,5,1
100.0,0.0,2.0,1.0,5000.0,1000.0,0.0001,0.0,10000,3.724,1,5,1
100.0,0.0,2.0,1.0,5000.0,1000.0,0.0001,0.0,10000,3.724,2,5,1
100.0,0.0,2.0,1.0,5000.0,1000.0,0.0001,0.0,10000,3.724,2,5,1
100.0,0.0,2.0,1.0,5000.0,1000.0,0.0001,0.0,10000,3.724,4,9,1
100.0,0.0,2.0,1.0,5000.0,1000.0,0.0001,0.0,10000,3.724,2,5,1
100.0,0.0,2.0,1.0,5000.0,1000.0,0.0001,0.0,10000,3.724,2,5,1
100.0,0.0,2.0,1.0,5000.0,1000.0,0.0001,0.0,10000,3.724,2,5,1
100.0,0.0,2.0,1.0,5000.0,1000.0,0.0001,0.0,10000,3.724,1,5,1
100.0,0.0,2.0,1.0,5000.0,1000.0,0.0001,0.0,10000,3.724,4,5,1
100.0,0.0,2.0,1.0,5000.0,1000.0,0.0001,0.0,10000,3.724,2,5,1
100.0,0.0,2.0,1.0,5000.0,1000.0,0.0001,0.0,10000,3.724,2,5,1
100.0,0.0,2.0,1.0,5000.0,1000.0,0.0001,0.0,10000,3.724,3,5,1
100.0,0.0,2.0,1.0,5000.0,1000.0,0.0001,0.0,10000,3.724,4,5,1
100.0,0.0,2.0,1.0,5000.0,1000.0,0.0001,0.0,10000,3.724,2,7,1
100.0,0.0,2.0,1.0,5000.0,1000.0,0.0001,0.0,10000,3.724,3,5,1
100.0,0.0,2.0,1.0,5000.0,1000.0,0.0001,0.0,10000,3.724,3,5,1
100.0,0.0,2.0,1.0,5000.0,1000.0,0.0001,0.0,10000,3.724,3,5,1
100.0,0.0,2.0,1.0,5000.0,1000.0,0.0001,0.0,10000,3.724,1,2,1
100.0,0.0,2.0,1.0,5000.0,1000.0,0.0001,0.0,10000,3.724,1,2,1
100.0,0.0,2.0,1.0,5000.0,1000.0,0.0001,0.0,10000,3.724,3,4,1
49.25,1.0,2.0,1.0,3865.71378,644.28563,0.031157499999999998,0.725798493,49,3.724,3,3,1
100.0,0.0,2.0,1.0,5000.0,1000.0,0.0001,0.0,10000,3.724,3,4,1
54.5,1.0,2.0,1.0,2172.17112,362.02852,0.056799046000000006,1.364323934,225,3.724,1,4,1
100.0,0.0,2.0,1.0,5000.0,1000.0,0.0001,0.0,10000,3.724,1,3,1
100.0,0.0,2.0,1.0,5000.0,1000.0,0.0001,0.0,10000,3.724,3,7,1
100.0,0.0,2.0,1.0,5000.0,1000.0,0.0001,0.0,10000,3.724,1,3,1
100.0,0.0,2.0,1.0,5000.0,1000.0,0.0001,0.0,10000,3.724,1,4,1
100.0,0.0,2.0,1.0,5000.0,1000.0,0.0001,0.0,10000,3.724,2,5,1
55.07692307692308,1.0,1.0,1.0,1958.3575199999998,326.39292,0.06164656649999999,1.5524579645,9,3.724,1,4,1
100.0,0.0,2.0,1.0,5000.0,1000.0,0.0001,0.0,10000,3.724,1,5,1
100.0,0.0,2.0,1.0,5000.0,1000.0,0.0001,0.0,10000,3.724,2,2,1
55.07692307692308,1.0,1.0,1.0,1562.41866,260.40310999999997,0.07462499700000001,1.817216939,9,3.724,1,3,1
100.0,0.0,2.0,1.0,5000.0,1000.0,0.0001,0.0,10000,3.724,2,5,1
100.0,0.0,2.0,1.0,5000.0,1000.0,0.0001,0.0,10000,3.724,2,3,1
100.0,0.0,2.0,1.0,5000.0,1000.0,0.0001,0.0,10000,3.724,4,5,1
100.0,0.0,2.0,1.0,5000.0,1000.0,0.0001,0.0,10000,3.724,2,4,1
100.0,0.0,2.0,1.0,5000.0,1000.0,0.0001,0.0,10000,3.724,3,9,1
100.0,0.0,2.0,1.0,5000.0,1000.0,0.0001,0.0,10000,3.724,3,9,1
50.125,1.0,2.0,1.0,2282.3813400000004,380.39689000000004,0.053206500000000004,1.1462953845000001,64,3.724,1,2,1
100.0,0.0,2.0,1.0,5000.0,1000.0,0.0001,0.0,10000,3.724,3,7,1
100.0,0.0,2.0,1.0,5000.0,1000.0,0.0001,0.0,10000,3.724,2,3,1
100.0,0.0,2.0,1.0,5000.0,1000.0,0.0001,0.0,10000,3.724,1,3,1
100.0,0.0,2.0,1.0,5000.0,1000.0,0.0001,0.0,10000,3.724,3,7,1
100.0,0.0,2.0,1.0,5000.0,1000.0,0.0001,0.0,10000,3.724,6,8,1
100.0,0.0,2.0,1.0,5000.0,1000.0,0.0001,0.0,10000,3.724,6,8,1
100.0,0.0,2.0,1.0,5000.0,1000.0,0.0001,0.0,10000,3.724,2,6,1
100.0,0.0,2.0,1.0,5000.0,1000.0,0.0001,0.0,10000,3.724,3,7,1
100.0,0.0,2.0,1.0,5000.0,1000.0,0.0001,0.0,10000,3.724,3,7,1
100.0,0.0,2.0,1.0,5000.0,1000.0,0.0001,0.0,10000,3.724,2,6,1
86.0,1.0,2.0,1.0,58.93116,9.821860000000001,2.261368513,100.0,4356,3.724,4,7,1
100.0,0.0,2.0,1.0,5000.0,1000.0,0.0001,0.0,10000,3.724,5,8,1
176.625,1.0,2.0,1.0,2306.6099400000003,384.43499,0.056102889,1.1601135870000001,44521,3.724,1,3,1
50.0,1.0,2.0,1.0,3717.28794,619.54799,0.029290067,0.7928723230000001,64,3.724,3,3,1
100.0,0.0,2.0,1.0,5000.0,1000.0,0.0001,0.0,10000,3.724,6,8,1
68.9375,1.0,2.0,1.0,45.292019999999994,7.5486699999999995,2.9452823749999997,100.0,1521,3.724,4,5,1
100.0,0.0,2.0,1.0,5000.0,1000.0,0.0001,0.0,10000,3.724,2,6,1
100.0,0.0,2.0,1.0,5000.0,1000.0,0.0001,0.0,10000,3.724,5,8,1
100.0,0.0,2.0,1.0,5000.0,1000.0,0.0001,0.0,10000,3.724,4,8,1
52.0,2.0,2.0,1.0,5000.0,1000.0,0.0001,0.0,2704,3.724,1,3,1
57.4375,1.0,2.0,1.0,59.0106,9.8351,2.2591873225,100.0,400,3.724,4,4,1
72.5,1.0,2.0,1.0,2408.87748,401.47958000000006,0.050879977,1.052239026,1936,3.724,1,4,1
100.0,0.0,2.0,1.0,5000.0,1000.0,0.0001,0.0,10000,3.724,3,7,1
57.38461538461539,1.0,1.0,1.0,1038.50424,173.08404,0.11659599450000001,2.807408809,1,3.724,1,2,1
100.0,0.0,2.0,1.0,5000.0,1000.0,0.0001,0.0,10000,3.724,5,9,1
49.125,1.0,2.0,1.0,2848.3716600000002,474.72861,0.040784523,0.9703122725000001,49,3.724,2,4,1
100.0,0.0,2.0,1.0,5000.0,1000.0,0.0001,0.0,10000,3.724,4,9,1
100.0,0.0,2.0,1.0,5000.0,1000.0,0.0001,0.0,10000,3.724,4,9,1
100.0,0.0,2.0,1.0,5000.0,1000.0,0.0001,0.0,10000,3.724,4,7,1
100.0,0.0,2.0,1.0,5000.0,1000.0,0.0001,0.0,10000,3.724,4,7,1
100.0,0.0,2.0,1.0,5000.0,1000.0,0.0001,0.0,10000,3.724,2,7,1
64.625,1.0,2.0,1.0,1393.32468,232.22078,0.09186019899999999,1.9967639165,1024,3.724,1,4,1
57.38461538461539,1.0,1.0,1.0,1065.8943,177.64905,0.114239333,2.954339355,1,3.724,1,2,1
86.0,1.0,2.0,1.0,58.93116,9.821860000000001,2.261368513,100.0,4356,3.724,4,7,1
54.875,1.0,2.0,1.0,2485.29546,414.21591,0.050454178499999995,0.9933692009999999,256,3.724,2,4,1
100.0,0.0,2.0,1.0,5000.0,1000.0,0.0001,0.0,10000,3.724,2,6,1
69.625,1.0,2.0,1.0,2192.69934,365.44989,0.056252143500000004,1.2185031645,1600,3.724,1,1,1
100.0,0.0,2.0,1.0,5000.0,1000.0,0.0001,0.0,10000,3.724,3,6,1
100.0,0.0,2.0,1.0,5000.0,1000.0,0.0001,0.0,10000,3.724,3,7,1
100.0,0.0,2.0,1.0,5000.0,1000.0,0.0001,0.0,10000,3.724,2,6,1
100.0,0.0,2.0,1.0,5000.0,1000.0,0.0001,0.0,10000,3.724,2,6,1
100.0,0.0,2.0,1.0,5000.0,1000.0,0.0001,0.0,10000,3.724,3,6,1
100.0,0.0,2.0,1.0,5000.0,1000.0,0.0001,0.0,10000,3.724,2,5,1
100.0,0.0,2.0,1.0,5000.0,1000.0,0.0001,0.0,10000,3.724,2,5,1
100.0,0.0,2.0,1.0,5000.0,1000.0,0.0001,0.0,10000,3.724,1,4,1
100.0,0.0,2.0,1.0,5000.0,1000.0,0.0001,0.0,10000,3.724,2,5,1
100.0,0.0,2.0,1.0,5000.0,1000.0,0.0001,0.0,10000,3.724,1,4,1
100.0,0.0,2.0,1.0,5000.0,1000.0,0.0001,0.0,10000,3.724,1,5,1
100.0,0.0,2.0,1.0,5000.0,1000.0,0.0001,0.0,10000,3.724,3,4,1
100.0,0.0,2.0,1.0,5000.0,1000.0,0.0001,0.0,10000,3.724,1,7,1
100.0,0.0,2.0,1.0,5000.0,1000.0,0.0001,0.0,10000,3.724,1,7,1
100.0,0.0,2.0,1.0,5000.0,1000.0,0.0001,0.0,10000,3.724,3,7,1
100.0,0.0,2.0,1.0,5000.0,1000.0,0.0001,0.0,10000,3.724,2,6,1
100.0,0.0,2.0,1.0,5000.0,1000.0,0.0001,0.0,10000,3.724,2,7,1
100.0,0.0,2.0,1.0,5000.0,1000.0,0.0001,0.0,10000,3.724,2,7,1
100.0,0.0,2.0,1.0,5000.0,1000.0,0.0001,0.0,10000,3.724,1,3,1
52.0,2.0,2.0,1.0,5000.0,1000.0,0.0001,0.0,2704,3.724,2,4,1
630.0,1.0,2.0,1.0,2460.4170000000004,410.06950000000006,0.055303812,1.2400949730000002,672400,3.724,2,5,1
100.0,0.0,2.0,1.0,5000.0,1000.0,0.0001,0.0,10000,3.724,4,6,1
100.0,0.0,2.0,1.0,5000.0,1000.0,0.0001,0.0,10000,3.724,2,6,1
100.0,0.0,2.0,1.0,5000.0,1000.0,0.0001,0.0,10000,3.724,2,6,1
54.75,1.0,1.0,1.0,1828.1124599999998,304.68541,0.06388841,1.9276411834999998,16,3.724,1,2,1
503.3333333333333,1.0,1.0,1.0,2278.3293599999997,379.72155999999995,0.0538804805,1.6957761459999998,538756,3.724,1,3,1
54.75,1.0,1.0,1.0,1139.4045,189.90075000000002,0.105530409,2.8540724895,16,3.724,1,1,1
62.75,1.0,1.0,1.0,1769.34876,294.89146,0.06863295650000001,2.007289197,144,3.724,1,2,1
137.41666666666666,1.0,1.0,1.0,1749.0561,291.50935,0.0674140005,1.828241962,25921,3.724,1,3,1
49.333333333333336,1.0,2.0,1.0,1188.3776400000002,198.06294000000003,0.10416387399999999,2.9501945775,81,3.724,1,2,1
100.0,0.0,2.0,1.0,5000.0,1000.0,0.0001,0.0,10000,3.724,4,8,1
57.38461538461539,1.0,1.0,1.0,952.9164000000001,158.8194,0.1262578395,3.5091645160000002,1,3.724,1,1,1
94.75,1.0,1.0,1.0,2118.8002199999996,353.13336999999996,0.058069999500000004,1.470910016,5776,3.724,1,2,1
52.0,2.0,2.0,1.0,5000.0,1000.0,0.0001,0.0,2704,3.724,1,2,1
174.875,1.0,2.0,1.0,1300.81116,216.80185999999998,0.094751954,2.0610330975,43264,3.724,1,4,1
100.0,0.0,2.0,1.0,5000.0,1000.0,0.0001,0.0,10000,3.724,2,2,1
803.0434782608696,1.0,2.0,1.0,1575.2331,262.53885,5.6540091315,100.0,1054729,3.724,2,2,1
100.0,0.0,2.0,1.0,5000.0,1000.0,0.0001,0.0,10000,3.724,2,2,1
100.0,0.0,2.0,1.0,5000.0,1000.0,0.0001,0.0,10000,3.724,3,7,1
62.75,1.0,1.0,1.0,925.3311,154.22185000000002,0.13142391,4.0359840215,144,3.724,1,2,1
100.0,0.0,2.0,1.0,5000.0,1000.0,0.0001,0.0,10000,3.724,4,9,1
100.0,0.0,2.0,1.0,5000.0,1000.0,0.0001,0.0,10000,3.724,3,7,1
100.0,0.0,2.0,1.0,5000.0,1000.0,0.0001,0.0,10000,3.724,1,5,1
100.0,0.0,2.0,1.0,5000.0,1000.0,0.0001,0.0,10000,3.724,4,9,1
100.0,0.0,2.0,1.0,5000.0,1000.0,0.0001,0.0,10000,3.724,3,9,1
52.25,1.0,1.0,1.0,1408.40472,234.73412,0.0866701815,2.378519841,81,3.724,1,2,1
100.0,0.0,2.0,1.0,5000.0,1000.0,0.0001,0.0,10000,3.724,4,7,1
100.0,0.0,2.0,1.0,5000.0,1000.0,0.0001,0.0,10000,3.724,3,9,1
68.9375,1.0,2.0,1.0,45.292019999999994,7.5486699999999995,2.9452823749999997,100.0,1521,3.724,4,5,1
100.0,0.0,2.0,1.0,5000.0,1000.0,0.0001,0.0,10000,3.724,4,7,1
52.0,2.0,2.0,1.0,5000.0,1000.0,0.0001,0.0,2704,3.724,1,2,1
100.0,0.0,2.0,1.0,5000.0,1000.0,0.0001,0.0,10000,3.724,3,9,1
100.0,0.0,2.0,1.0,5000.0,1000.0,0.0001,0.0,10000,3.724,2,7,1
57.38461538461539,1.0,1.0,1.0,1042.02054,173.67009,0.11502106499999999,3.0627758985,1,3.724,1,2,1
100.0,0.0,2.0,1.0,5000.0,1000.0,0.0001,0.0,10000,3.724,2,7,1
56.92307692307692,1.0,1.0,1.0,1593.84732,265.64122000000003,0.075911676,2.007682242,0,3.724,1,2,1
52.625,1.0,2.0,1.0,2007.8439600000002,334.64066,0.0619508565,1.3270068959999999,144,3.724,3,4,1
100.0,0.0,2.0,1.0,5000.0,1000.0,0.0001,0.0,10000,3.724,2,5,1
100.0,0.0,2.0,1.0,5000.0,1000.0,0.0001,0.0,10000,3.724,6,8,1
57.38461538461539,1.0,1.0,1.0,1669.70922,278.28487,0.0709110285,1.7625595539999999,1,3.724,1,3,1
49.625,1.0,2.0,1.0,2133.41424,355.56904000000003,0.056640477,1.2144617100000001,64,3.724,1,4,1
144.875,1.0,2.0,1.0,1851.4937400000001,308.58229,0.0652091765,1.5920771885,25600,3.724,1,3,1
56.92307692307692,1.0,1.0,1.0,1513.0988399999999,252.18313999999998,0.07963441,2.1189713895,0,3.724,1,2,1
100.0,0.0,2.0,1.0,5000.0,1000.0,0.0001,0.0,10000,3.724,2,3,1
55.074074074074076,1.0,1.0,1.0,92.29398,15.38233,1.3406979465,97.03489479999999,9,3.724,2,4,1
100.0,0.0,2.0,1.0,5000.0,1000.0,0.0001,0.0,10000,3.724,3,4,1
100.0,0.0,2.0,1.0,5000.0,1000.0,0.0001,0.0,10000,3.724,1,4,1
100.0,0.0,2.0,1.0,5000.0,1000.0,0.0001,0.0,10000,3.724,2,5,1
100.0,0.0,2.0,1.0,5000.0,1000.0,0.0001,0.0,10000,3.724,3,7,1
100.0,0.0,2.0,1.0,5000.0,1000.0,0.0001,0.0,10000,3.724,5,9,1
100.0,0.0,2.0,1.0,5000.0,1000.0,0.0001,0.0,10000,3.724,2,4,1
100.0,0.0,2.0,1.0,5000.0,1000.0,0.0001,0.0,10000,3.724,1,3,1
717.3055555555555,1.0,1.0,1.0,1849.25136,308.20856,0.0738611545,4.4258425495000004,330625,3.724,1,1,1
52.0,2.0,2.0,1.0,5000.0,1000.0,0.0001,0.0,2704,3.724,1,4,1
100.0,0.0,2.0,1.0,5000.0,1000.0,0.0001,0.0,10000,3.724,5,9,1
52.0,2.0,2.0,1.0,5000.0,1000.0,0.0001,0.0,2704,3.724,2,5,1
100.0,2.0,2.0,1.0,5000.0,1000.0,0.0001,0.0,10000,3.724,2,4,1
100.0,0.0,2.0,1.0,5000.0,1000.0,0.0001,0.0,10000,3.724,2,5,1
100.0,0.0,2.0,1.0,5000.0,1000.0,0.0001,0.0,10000,3.724,2,7,1
100.0,0.0,2.0,1.0,5000.0,1000.0,0.0001,0.0,10000,3.724,2,4,1
100.0,0.0,2.0,1.0,5000.0,1000.0,0.0001,0.0,10000,3.724,2,7,1
100.0,0.0,2.0,1.0,5000.0,1000.0,0.0001,0.0,10000,3.724,4,9,1
100.0,0.0,2.0,1.0,5000.0,1000.0,0.0001,0.0,10000,3.724,4,9,1
78.875,1.0,2.0,1.0,938.9172,156.4862,0.1380752415,2.891417216,2916,3.724,1,2,1
100.0,0.0,2.0,1.0,5000.0,1000.0,0.0001,0.0,10000,3.724,3,7,1
100.0,0.0,2.0,1.0,5000.0,1000.0,0.0001,0.0,10000,3.724,3,7,1
49.333333333333336,1.0,2.0,1.0,1309.10046,218.18341,0.0942523405,2.6526643745,81,3.724,2,5,1
176.125,1.0,2.0,1.0,1389.12474,231.52079,0.0902494905,1.975572433,44100,3.724,1,2,1
52.0,2.0,2.0,1.0,5000.0,1000.0,0.0001,0.0,2704,3.724,1,3,1
49.333333333333336,1.0,2.0,1.0,1080.17892,180.02982,0.11329477800000001,2.8412025950000004,81,3.724,2,3,1
48.666666666666664,1.0,2.0,1.0,1387.57956,231.26326,0.087178563,3.0235706085,64,3.724,1,6,1
49.333333333333336,1.0,2.0,1.0,1080.17892,180.02982,0.11329477800000001,2.8412025950000004,81,3.724,2,3,1
49.705882352941174,1.0,2.0,1.0,56.22486000000001,9.37081,2.2787772235,100.0,81,3.724,2,3,1
100.0,0.0,2.0,1.0,5000.0,1000.0,0.0001,0.0,10000,3.724,3,9,1
100.0,0.0,2.0,1.0,5000.0,1000.0,0.0001,0.0,10000,3.724,3,6,1
100.0,0.0,2.0,1.0,5000.0,1000.0,0.0001,0.0,10000,3.724,3,6,1
100.0,0.0,2.0,1.0,5000.0,1000.0,0.0001,0.0,10000,3.724,2,8,1
49.333333333333336,1.0,2.0,1.0,1248.98058,208.16343,0.10062528500000001,2.9018483005,81,3.724,1,3,1
55.416666666666664,1.0,2.0,1.0,1518.62124,253.10354,0.079144838,1.9387440555,1,3.724,1,3,1
274.77777777777777,1.0,2.0,1.0,1198.1112,199.6852,0.11500102000000001,2.253156354,119025,3.724,1,1,1
100.0,0.0,2.0,1.0,5000.0,1000.0,0.0001,0.0,10000,3.724,2,7,1
100.0,0.0,2.0,1.0,5000.0,1000.0,0.0001,0.0,10000,3.724,5,8,1
52.0,2.0,2.0,1.0,5000.0,1000.0,0.0001,0.0,2704,3.724,1,3,1
100.0,0.0,2.0,1.0,5000.0,1000.0,0.0001,0.0,10000,3.724,4,8,1
100.0,0.0,2.0,1.0,5000.0,1000.0,0.0001,0.0,10000,3.724,3,9,1
52.0,2.0,2.0,1.0,5000.0,1000.0,0.0001,0.0,2704,3.724,2,3,1
100.0,0.0,2.0,1.0,5000.0,1000.0,0.0001,0.0,10000,3.724,3,7,1
100.0,0.0,2.0,1.0,5000.0,1000.0,0.0001,0.0,10000,3.724,4,8,1
52.0,2.0,2.0,1.0,5000.0,1000.0,0.0001,0.0,2704,3.724,1,5,1
53.5,1.0,2.0,1.0,2227.8882,371.3147,0.049544278000000004,1.182248888,196,3.724,2,4,1
144.875,1.0,2.0,1.0,2004.9991799999998,334.16652999999997,0.0621027545,1.2519648710000002,25600,3.724,1,3,1
92.9375,1.0,2.0,1.0,35.48124,5.91354,3.7597797235000003,100.0,5929,3.724,2,5,1
50.625,1.0,2.0,1.0,2253.58878,375.59812999999997,0.0593711345,1.214675917,81,3.724,2,3,1
100.0,0.0,2.0,1.0,5000.0,1000.0,0.0001,0.0,10000,3.724,3,7,1
100.0,0.0,2.0,1.0,5000.0,1000.0,0.0001,0.0,10000,3.724,6,8,1
86.0,1.0,2.0,1.0,58.93116,9.821860000000001,2.261368513,100.0,4356,3.724,4,7,1
100.0,0.0,2.0,1.0,5000.0,1000.0,0.0001,0.0,10000,3.724,2,7,1
53.5,1.0,2.0,1.0,57.61872,9.60312,2.3107387305000002,100.0,196,3.724,2,4,1
53.5,1.0,2.0,1.0,2406.39786,401.06631,0.051851044,1.0433784995000002,196,3.724,2,5,1
53.5,1.0,2.0,1.0,2355.0591,392.50985000000003,0.050027111,1.1298205669999999,196,3.724,2,5,1
48.875,1.0,2.0,1.0,3357.63276,559.60546,0.0344312105,0.7978142924999999,36,3.724,3,3,1
57.4375,1.0,2.0,1.0,59.0106,9.8351,2.2591873225,100.0,400,3.724,4,4,1
100.0,0.0,2.0,1.0,5000.0,1000.0,0.0001,0.0,10000,3.724,3,7,1
144.5,1.0,2.0,1.0,3087.17142,514.5285700000001,0.037988032500000005,0.941096504,25281,3.724,2,4,1
49.625,1.0,2.0,1.0,1523.81214,253.96868999999998,0.085835657,1.9881470064999998,64,3.724,1,3,1
96.875,1.0,2.0,1.0,2650.4732400000003,441.74554,0.0420797545,1.0299881395,6889,3.724,1,3,1
57.125,1.0,2.0,1.0,1750.87734,291.81289,0.07244821250000001,1.5040179685,400,3.724,3,3,1
100.0,0.0,2.0,1.0,5000.0,1000.0,0.0001,0.0,10000,3.724,5,8,1
100.0,0.0,2.0,1.0,5000.0,1000.0,0.0001,0.0,10000,3.724,4,7,1
177.125,1.0,2.0,1.0,1479.3240600000001,246.55401,0.085588611,1.8302071235000001,44944,3.724,1,3,1
52.416666666666664,1.0,1.0,1.0,1657.93644,276.32274,0.0725978625,2.305824564,81,3.724,1,2,1
100.0,0.0,2.0,1.0,5000.0,1000.0,0.0001,0.0,10000,3.724,4,7,1
56.625,1.0,2.0,1.0,2729.0424599999997,454.84040999999996,0.0458946435,0.882011449,361,3.724,3,4,1
100.0,0.0,2.0,1.0,5000.0,1000.0,0.0001,0.0,10000,3.724,5,9,1
80.625,1.0,2.0,1.0,1767.41598,294.56933,0.072803699,1.5089465345,3249,3.724,2,3,1
100.0,0.0,2.0,1.0,5000.0,1000.0,0.0001,0.0,10000,3.724,5,9,1
137.41666666666666,1.0,1.0,1.0,1351.74846,225.29140999999998,0.08822545600000001,2.841974172,25921,3.724,1,2,1
52.0,2.0,2.0,1.0,5000.0,1000.0,0.0001,0.0,2704,3.724,1,3,1
100.0,0.0,2.0,1.0,5000.0,1000.0,0.0001,0.0,10000,3.724,3,7,1
805.5,1.0,2.0,1.0,2834.8563599999998,472.47605999999996,2.059706103,88.54959944999999,970225,3.724,3,4,1
60.875,1.0,2.0,1.0,2440.9626,406.8271,0.047377578999999996,1.135758518,676,3.724,1,3,1
100.0,0.0,2.0,1.0,5000.0,1000.0,0.0001,0.0,10000,3.724,4,7,1
128.2941176470588,1.0,2.0,1.0,36.42768,6.07128,3.5191625715,100.0,20449,3.724,2,2,1
128.2941176470588,1.0,2.0,1.0,36.42768,6.07128,3.5191625715,100.0,20449,3.724,2,2,1
52.0,2.0,2.0,1.0,5000.0,1000.0,0.0001,0.0,2704,3.724,2,4,1
100.0,0.0,2.0,1.0,5000.0,1000.0,0.0001,0.0,10000,3.724,3,7,1
56.23076923076923,1.0,1.0,1.0,54.67356,9.11226,2.2508653020000002,100.0,1,3.724,1,4,1
100.0,0.0,2.0,1.0,5000.0,1000.0,0.0001,0.0,10000,3.724,2,7,1
46.55555555555556,1.0,2.0,1.0,1229.5141800000001,204.91903000000002,0.09878573700000001,2.6818527309999998,16,3.724,1,2,1
100.0,0.0,2.0,1.0,5000.0,1000.0,0.0001,0.0,10000,3.724,3,7,1
46.666666666666664,1.0,2.0,1.0,862.8828599999999,143.81381,0.1451939,3.9063612274999997,25,3.724,1,4,1
100.0,0.0,2.0,1.0,5000.0,1000.0,0.0001,0.0,10000,3.724,5,9,1
100.0,0.0,2.0,1.0,5000.0,1000.0,0.0001,0.0,10000,3.724,5,9,1
64.0,1.0,2.0,1.0,1676.89266,279.48211000000003,0.07134121250000001,1.5530036755,961,3.724,2,6,1
64.0,1.0,2.0,1.0,1492.27998,248.71332999999998,0.08280250000000001,1.769304201,961,3.724,1,4,1
100.0,0.0,2.0,1.0,5000.0,1000.0,0.0001,0.0,10000,3.724,6,8,1
61.666666666666664,1.0,2.0,1.0,1377.6690600000002,229.61151,0.084027493,2.4592141205000004,1024,3.724,1,5,1
64.0,1.0,2.0,1.0,1145.9231399999999,190.98719,0.10839709199999999,2.3300322365,961,3.724,2,3,1
50.0,1.0,2.0,1.0,893.8743,148.97905,0.1402336555,3.8122171625,121,3.724,1,3,1
64.0,1.0,2.0,1.0,812.5728,135.4288,0.1640319445,3.7761266489999996,961,3.724,1,5,1
64.0,1.0,2.0,1.0,1978.3089599999998,329.71815999999995,0.058790111,1.121880092,961,3.724,2,4,1
60.666666666666664,1.0,2.0,1.0,843.0559800000001,140.50933,0.1495302925,4.3346835675,900,3.724,1,2,1
100.0,0.0,2.0,1.0,5000.0,1000.0,0.0001,0.0,10000,3.724,3,7,1
458.2857142857143,0.0,2.0,1.0,93.47525999999999,15.57921,0.32094053100000003,0.37324440600000003,209764,3.724,1,1,1
100.0,0.0,2.0,1.0,5000.0,1000.0,0.0001,0.0,10000,3.724,1,6,1
80.125,1.0,2.0,1.0,739.03638,123.17273,0.1804011305,4.7305078195,3136,3.724,1,2,1
100.0,0.0,2.0,1.0,5000.0,1000.0,0.0001,0.0,10000,3.724,2,6,1
76.0,1.0,2.0,1.0,1038.73464,173.12243999999998,0.11866714049999999,3.3372323079999995,3249,3.724,1,2,1
51.69230769230769,1.0,1.0,1.0,1545.6476400000001,257.60794,0.0778290575,2.4300372279999998,49,3.724,1,3,1
629.2857142857143,1.0,2.0,1.0,1115.97072,185.99512000000001,0.13593959749999998,3.6863778144999997,670761,3.724,1,5,1
104.44444444444444,1.0,2.0,1.0,1276.58778,212.76463,0.093951596,2.6795718725,11881,3.724,1,3,1
100.0,0.0,2.0,1.0,5000.0,1000.0,0.0001,0.0,10000,3.724,2,7,1
100.0,0.0,2.0,1.0,5000.0,1000.0,0.0001,0.0,10000,3.724,3,7,1
100.0,0.0,2.0,1.0,5000.0,1000.0,0.0001,0.0,10000,3.724,3,7,1
1019.4402985074627,1.0,2.0,1.0,3510.0206399999997,585.00344,0.06461788,1.3838513095,1364224,3.724,1,2,1
52.0,2.0,2.0,1.0,5000.0,1000.0,0.0001,0.0,2704,3.724,2,1,1
52.0,2.0,2.0,1.0,5000.0,1000.0,0.0001,0.0,2704,3.724,2,2,1
100.0,0.0,2.0,1.0,5000.0,1000.0,0.0001,0.0,10000,3.724,3,7,1
100.0,0.0,2.0,1.0,5000.0,1000.0,0.0001,0.0,10000,3.724,2,2,1
52.0,2.0,2.0,1.0,5000.0,1000.0,0.0001,0.0,2704,3.724,1,3,1
60.875,1.0,2.0,1.0,892.48974,148.74829,0.14793928750000002,3.720163822,676,3.724,1,2,1
100.0,0.0,2.0,1.0,5000.0,1000.0,0.0001,0.0,10000,3.724,2,7,1
206.44444444444446,1.0,1.0,1.0,2752.9102199999998,458.81836999999996,0.045144993,1.6001409395000001,80656,3.724,1,1,1
805.5,1.0,2.0,1.0,2834.8563599999998,472.47605999999996,2.059706103,88.54959944999999,970225,3.724,3,4,1
100.0,0.0,2.0,1.0,5000.0,1000.0,0.0001,0.0,10000,3.724,1,6,1
57.38461538461539,1.0,1.0,1.0,804.26454,134.04408999999998,0.148213368,4.011417125,1,3.724,1,2,1
55.357142857142854,1.0,2.0,1.0,1652.69532,275.44921999999997,0.071288083,1.7329872085000002,9,3.724,1,3,1
100.0,0.0,2.0,1.0,5000.0,1000.0,0.0001,0.0,10000,3.724,3,6,1
52.0,2.0,2.0,1.0,5000.0,1000.0,0.0001,0.0,2704,3.724,1,1,1
65.125,1.0,2.0,1.0,1230.7540800000002,205.12568000000002,0.105772019,2.485071111,1024,3.724,1,3,1
52.333333333333336,1.0,2.0,1.0,849.90648,141.65108,0.1390147335,3.5738877645000002,225,3.724,1,4,1
76.88888888888889,1.0,2.0,1.0,832.5497399999999,138.75829,0.1465103445,4.2515394545,3481,3.724,1,3,1
52.0,2.0,2.0,1.0,5000.0,1000.0,0.0001,0.0,2704,3.724,2,3,1
52.0,2.0,2.0,1.0,5000.0,1000.0,0.0001,0.0,2704,3.724,2,3,1
64.0,1.0,2.0,1.0,1485.7613999999999,247.62689999999998,0.0864736765,1.949200691,961,3.724,1,3,1
62.76470588235294,1.0,2.0,1.0,45.71178,7.61863,2.800878796,100.0,1024,3.724,2,5,1
100.0,0.0,2.0,1.0,5000.0,1000.0,0.0001,0.0,10000,3.724,2,7,1
55.92857142857143,1.0,1.0,1.0,1650.46596,275.07766,0.0729505375,2.1174318384999995,4,3.724,1,3,1
64.0,0.0,2.0,1.0,1172.8018200000001,195.46697,0.0255797675,0.027820287,4096,3.724,1,1,1
64.0,1.0,2.0,1.0,1206.09966,201.01661000000001,0.09723444449999999,2.08498978,961,3.724,1,3,1
100.0,0.0,2.0,1.0,5000.0,1000.0,0.0001,0.0,10000,3.724,3,7,1
100.0,0.0,2.0,1.0,5000.0,1000.0,0.0001,0.0,10000,3.724,2,2,1
53.55555555555556,1.0,2.0,1.0,530.75988,88.45998,0.235618178,6.4883998245,289,3.724,1,2,1
52.0,2.0,2.0,1.0,5000.0,1000.0,0.0001,0.0,2704,3.724,1,3,1
55.07692307692308,1.0,1.0,1.0,1454.2746,242.3791,0.0833449715,2.0962790614999998,9,3.724,1,4,1
52.0,2.0,2.0,1.0,5000.0,1000.0,0.0001,0.0,2704,3.724,1,1,1
52.0,2.0,2.0,1.0,5000.0,1000.0,0.0001,0.0,2704,3.724,1,5,1
89.5,1.0,2.0,1.0,1808.12604,301.35434,0.06970293000000001,1.636329633,36,3.724,1,2,1
53.5,1.0,2.0,1.0,2753.2281000000003,458.87135,0.0470463215,0.92425062,196,3.724,2,4,1
52.333333333333336,1.0,2.0,1.0,871.39494,145.23248999999998,0.1434709295,4.3203195545,225,3.724,1,4,1
440.0,0.0,2.0,1.0,54.62136,9.10356,0.5492355,0.6923633125,193600,3.724,1,1,1
52.0,2.0,2.0,1.0,5000.0,1000.0,0.0001,0.0,2704,3.724,2,5,1
53.5,1.0,2.0,1.0,3164.3121,527.38535,0.039361845,0.7534824250000001,196,3.724,2,5,1
54.15384615384615,1.0,1.0,1.0,1464.6735,244.11225000000002,0.08054582400000002,2.0612182965000003,25,3.724,1,4,1
1487.0,2.0,2.0,1.0,5000.0,1000.0,0.0001,0.0,2211169,3.724,1,1,1
53.5,1.0,2.0,1.0,2078.2963799999998,346.38273,0.06025504600000001,1.2985216739999998,196,3.724,2,5,1
503.3333333333333,1.0,1.0,1.0,4020.1542600000002,670.02571,0.029495333000000002,0.892535551,538756,3.724,2,3,1
53.5,1.0,2.0,1.0,1791.0054599999999,298.50091,0.0694273565,1.2632140794999998,196,3.724,1,5,1
52.0,2.0,2.0,1.0,5000.0,1000.0,0.0001,0.0,2704,3.724,1,2,1
929.9054054054054,1.0,2.0,1.0,5000.0,913.12324,0.033914234,0.6866995375,1194649,3.724,1,2,1
929.8513513513514,1.0,1.0,1.0,4506.76176,751.12696,0.043371442,0.8668265315,1194649,3.724,1,2,1
84.9090909090909,1.0,2.0,1.0,1323.2778600000001,220.54631,7.2436001655,100.0,121,3.724,2,4,1
64.0,0.0,2.0,1.0,1172.8018200000001,195.46697,0.0255797675,0.027820287,4096,3.724,1,1,1
54.46153846153846,1.0,2.0,1.0,1611.4806,268.5801,0.074364067,2.338864827,1,3.724,1,1,1
57.4375,1.0,2.0,1.0,59.0106,9.8351,2.2591873225,100.0,400,3.724,1,3,1
55.416666666666664,1.0,2.0,1.0,1061.80716,176.96786,0.11633555,2.6835462535,1,3.724,1,3,1
92.9375,1.0,2.0,1.0,35.48124,5.91354,3.7597797235000003,100.0,5929,3.724,2,5,1
50.125,1.0,2.0,1.0,1979.54034,329.92339000000004,0.057470587999999996,1.3646591305,64,3.724,2,4,1
57.38461538461539,1.0,1.0,1.0,928.31028,154.71838,0.12806903849999998,3.5026149665000004,1,3.724,1,2,1
50.375,1.0,2.0,1.0,2282.1034799999998,380.35058,0.055956143500000007,1.2590827975,81,3.724,1,4,1
50.125,1.0,2.0,1.0,1287.70476,214.61746000000002,0.101145778,2.586114091,64,3.724,3,4,1
57.38461538461539,1.0,1.0,1.0,1131.7457399999998,188.62428999999997,0.108219097,2.578917545,1,3.724,1,3,1
51.875,1.0,2.0,1.0,1945.9627200000002,324.32712000000004,0.061687888999999996,1.384223709,121,3.724,2,4,1
50.125,1.0,2.0,1.0,1287.70476,214.61746000000002,0.101145778,2.586114091,64,3.724,3,4,1
52.0,0.0,2.0,1.0,81.66792,13.61132,0.3673412185,0.43079690649999997,2704,3.724,1,1,1
57.38461538461539,1.0,1.0,1.0,1555.35192,259.22532,0.0769567405,1.865823936,1,3.724,1,3,1
929.8783783783783,1.0,2.0,1.0,4506.59484,751.09914,0.040892335499999995,0.8414804105000001,1194649,3.724,1,2,1
50.125,1.0,2.0,1.0,977.3037599999999,162.88396,0.1396984445,3.0941831300000002,64,3.724,1,4,1
104.44444444444444,1.0,2.0,1.0,1090.8519000000001,181.80865,0.112297126,3.0476949665000004,11881,3.724,1,3,1
49.333333333333336,1.0,2.0,1.0,1208.13,201.35500000000002,0.0970662445,2.680399512,81,3.724,1,3,1
61.666666666666664,1.0,2.0,1.0,1692.0951,282.01585,0.072069896,2.3761314075,1024,3.724,1,1,1
50.125,1.0,2.0,1.0,1345.4121,224.23535,0.089135778,1.9787080505,64,3.724,1,4,1
52.0,2.0,2.0,1.0,5000.0,1000.0,0.0001,0.0,2704,3.724,1,3,1
64.0,1.0,2.0,1.0,2219.3727,369.89545,0.0547431015,1.1444850755,961,3.724,2,4,1
54.46153846153846,1.0,2.0,1.0,1060.0122,176.6687,0.111744799,3.1881865005,1,3.724,1,2,1
54.46153846153846,1.0,2.0,1.0,1022.4531,170.40885,0.12005714399999999,3.5280220525,1,3.724,1,2,1
53.5,1.0,2.0,1.0,58.084379999999996,9.68073,2.295132171,100.0,196,3.724,2,4,1
64.0,1.0,2.0,1.0,2259.0928799999997,376.51547999999997,0.055322722,1.0978671750000002,961,3.724,1,5,1
50.125,1.0,2.0,1.0,2006.7113399999998,334.45189,15.727011150000001,100.0,64,3.724,3,7,1
64.0,1.0,2.0,1.0,1601.8539,266.97565000000003,0.0738107875,1.5788254154999999,961,3.724,2,3,1
929.8243243243244,1.0,1.0,1.0,4349.41938,724.90323,0.0432183575,0.7940427305,1194649,3.724,1,3,1
54.15384615384615,1.0,1.0,1.0,1601.0588400000001,266.84314,0.07512275750000001,2.026187588,25,3.724,1,4,1
64.0,1.0,2.0,1.0,1682.95392,280.49232,0.0744848655,1.5168488219999998,961,3.724,1,4,1
64.0,1.0,2.0,1.0,1304.4953400000002,217.41589000000002,0.100881412,2.0330355115,961,3.724,2,2,1
52.333333333333336,1.0,2.0,1.0,1155.83094,192.63849,0.10214987400000002,2.6811089485000004,225,3.724,2,3,1
1491.0,2.0,2.0,1.0,5000.0,1000.0,0.0001,0.0,2223081,3.724,1,1,1
52.0,2.0,2.0,1.0,5000.0,1000.0,0.0001,0.0,2704,3.724,1,4,1
53.75,1.0,2.0,1.0,2143.22448,357.20408,0.05437994449999999,1.0069715355000002,196,3.724,2,6,1
1158.4227078891258,1.0,1.0,1.0,5000.0,941.09178,0.045858152000000006,0.7569604145,1658944,3.724,1,1,1
76.0,1.0,2.0,1.0,956.4083400000001,159.40139,0.1328274445,3.6383796645,3249,3.724,1,2,1
80.125,1.0,2.0,1.0,1134.88488,189.14748,0.11848542499999999,2.9417905775,3136,3.724,1,2,1
128.75,1.0,2.0,1.0,1321.04466,220.17410999999998,0.09494580099999998,1.8483611094999999,17956,3.724,1,2,1
186.9,1.0,2.0,1.0,849.6183,141.60305,0.152241551,3.8146398335,26569,3.724,2,4,1
208.75,1.0,2.0,1.0,1206.98124,201.16354,0.10503668999999999,2.2449399184999996,68644,3.724,1,3,1
112.125,1.0,2.0,1.0,1045.8330600000002,174.30551000000003,0.124315732,2.7737935180000006,11664,3.724,1,3,1
50.44444444444444,1.0,2.0,1.0,66.37338,11.06223,1.8851666975,100.0,121,3.724,3,3,1
52.0,2.0,2.0,1.0,5000.0,1000.0,0.0001,0.0,2704,3.724,2,5,1
52.0,2.0,2.0,1.0,5000.0,1000.0,0.0001,0.0,2704,3.724,1,1,1
161.33333333333334,1.0,2.0,1.0,1509.8495400000002,251.64159,0.0777560775,2.1656591565,44521,3.724,1,2,1
53.5,1.0,2.0,1.0,57.61872,9.60312,2.3107387305000002,100.0,196,3.724,2,4,1
52.333333333333336,1.0,2.0,1.0,1581.99378,263.66562999999996,0.0765066665,2.440154717,225,3.724,1,4,1
86.27272727272727,1.0,2.0,1.0,1038.94044,173.15674,0.12032658950000001,3.4726259930000003,144,3.724,1,3,1
50.125,1.0,2.0,1.0,1491.46146,248.57691,11.101923549999999,100.0,64,3.724,2,3,1
53.5,1.0,2.0,1.0,2177.16306,362.86051,0.05592517650000001,1.1836441155,196,3.724,2,5,1
84.54545454545455,1.0,2.0,1.0,1055.3930400000002,175.89884,0.1146660595,3.0234497879999997,25,3.724,1,3,1
64.0,1.0,2.0,1.0,1192.88406,198.81401,0.102223921,2.162337294,961,3.724,1,4,1
64.0,1.0,2.0,1.0,1761.1834800000001,293.53058,0.066426,1.447194945,961,3.724,1,3,1
83.0909090909091,1.0,2.0,1.0,1525.66938,254.27823,0.0808093685,2.626944369,16,3.724,1,3,1
52.333333333333336,1.0,2.0,1.0,1604.42184,267.40364,0.0746302555,2.4531736595,225,3.724,2,5,1
55.074074074074076,1.0,1.0,1.0,92.29398,15.38233,1.3406979465,97.03489479999999,9,3.724,2,4,1
50.125,1.0,2.0,1.0,961.4378399999999,160.23964,0.13335775849999998,3.163159551,64,3.724,1,3,1
54.46153846153846,1.0,2.0,1.0,1632.58548,272.09758,0.073116642,2.2654789065,1,3.724,1,2,1
50.125,1.0,2.0,1.0,2225.64036,370.94006,0.052856522999999996,1.129048758,64,3.724,1,2,1
55.416666666666664,1.0,2.0,1.0,1389.0636,231.5106,0.08703592449999999,1.9909733305,1,3.724,1,2,1
64.0,1.0,2.0,1.0,1582.3731,263.72885,0.0784635325,1.5169921259999999,961,3.724,2,4,1
50.125,1.0,2.0,1.0,1979.54034,329.92339000000004,0.057470587999999996,1.3646591305,64,3.724,2,4,1
50.125,1.0,2.0,1.0,1331.76288,221.96048000000002,0.08523389849999999,2.1082554559999998,64,3.724,1,4,1
50.2,1.0,2.0,1.0,1290.6366600000001,215.10611,0.0874029805,2.3200814315,1,3.724,1,1,1
458.2857142857143,0.0,2.0,1.0,93.47525999999999,15.57921,0.32094053100000003,0.37324440600000003,209764,3.724,1,1,1
50.125,1.0,2.0,1.0,2782.14,463.69,0.0406079885,0.9523318584999999,64,3.724,1,2,1
89.9,1.0,2.0,1.0,1900.08546,316.68091,0.0668812145,1.5164384925,49,3.724,1,2,1
52.0,2.0,2.0,1.0,9.302819999999999,1.5504699999999998,3.224835,4.560603,2704,3.724,1,10,1
174.45454545454547,1.0,2.0,1.0,858.2503800000001,143.04173,0.1426662125,4.201638358,29241,3.724,1,2,1
112.0,2.0,2.0,1.0,5000.0,1000.0,0.0001,0.0,12544,3.724,3,5,1
85.1,1.0,2.0,1.0,665.69772,110.94962000000001,0.183528412,4.502062919,64,3.724,1,1,1
929.7432432432432,1.0,2.0,1.0,5000.0,1000.0,0.0307435915,0.6246091220000001,1192464,3.724,2,4,1
292.0,2.0,2.0,1.0,5000.0,1000.0,0.0001,0.0,85264,3.724,1,4,1
372.0,2.0,2.0,1.0,5000.0,1000.0,0.0001,0.0,138384,3.724,2,4,1
843.109756097561,1.0,1.0,1.0,2873.88954,478.98159,0.056144583,1.461797865,1098304,3.724,1,2,1
86.9090909090909,1.0,2.0,1.0,1890.32226,315.05371,0.06441636299999999,1.842441871,121,3.724,1,3,1
87.33333333333333,1.0,2.0,1.0,45.938700000000004,7.65645,2.737426195,100.0,16,3.724,2,4,1
52.0,2.0,2.0,1.0,5000.0,1000.0,0.0001,0.0,2704,3.724,2,4,1
57.4375,1.0,2.0,1.0,59.0106,9.8351,2.2591873225,100.0,400,3.724,4,4,1
185.8,1.0,2.0,1.0,1457.27868,242.87977999999998,0.08754307850000001,1.9430271460000001,27225,3.724,1,3,1
52.0,2.0,2.0,1.0,5000.0,1000.0,0.0001,0.0,2704,3.724,2,8,1
94.8,1.0,2.0,1.0,1549.9555200000002,258.32592,0.080484262,2.0675676530000002,0,3.724,2,3,1
161.33333333333334,1.0,2.0,1.0,876.2811,146.04685,0.14290393299999998,4.035853391,44521,3.724,1,3,1
86.9,1.0,2.0,1.0,60.333659999999995,10.05561,2.133880462,100.0,81,3.724,2,5,1
87.8,1.0,2.0,1.0,2107.2012,351.2002,0.0564682855,1.2747345145,144,3.724,2,5,1
52.0,2.0,2.0,1.0,5000.0,1000.0,0.0001,0.0,2704,3.724,4,11,1
94.36363636363636,1.0,2.0,1.0,1368.68598,228.11433,0.088150494,2.4840109185,361,3.724,1,2,1
138.0,1.0,2.0,1.0,2105.69088,350.94848,0.058768611000000005,1.2345669700000002,5625,3.724,1,3,1
52.0,2.0,2.0,1.0,5000.0,1000.0,0.0001,0.0,2704,3.724,6,10,1
136.1,1.0,2.0,1.0,1497.59202,249.59867,0.0766072175,2.0715663249999996,5929,3.724,1,3,1
92.18181818181819,1.0,2.0,1.0,2041.3585199999998,340.22641999999996,0.0580577885,1.8188220700000002,676,3.724,1,3,1
100.0,1.0,2.0,1.0,1428.2511,238.04185,0.0911016205,1.9513330489999998,64,3.724,1,3,1
929.9054054054054,1.0,2.0,1.0,5000.0,885.53543,0.035898812,0.7248151009999999,1194649,3.724,2,2,1
50.125,1.0,2.0,1.0,2006.7113399999998,334.45189,15.727011150000001,100.0,64,3.724,3,7,1
87.2,1.0,2.0,1.0,1154.9286,192.48809999999997,0.1115298855,2.8048052235,1,3.724,2,2,1
52.0,2.0,2.0,1.0,5000.0,1000.0,0.0001,0.0,2704,3.724,2,4,1
929.8378378378378,1.0,1.0,1.0,274.92138,45.82023,0.7286155514999999,47.338618600000004,1194649,3.724,3,3,1
85.36363636363636,1.0,2.0,1.0,1454.38428,242.39738,0.0845561965,2.7251084095,9,3.724,1,3,1
52.0,2.0,2.0,1.0,5000.0,1000.0,0.0001,0.0,2704,3.724,2,7,1
52.0,2.0,2.0,1.0,5000.0,1000.0,0.0001,0.0,2704,3.724,3,8,1
52.0,2.0,2.0,1.0,5000.0,1000.0,0.0001,0.0,2704,3.724,3,8,1
100.8,1.0,2.0,1.0,1626.48948,271.08158,0.0738841295,1.6528111185,64,3.724,1,3,1
580.4375,1.0,2.0,1.0,2781.3957,463.56595,0.04861974549999999,1.17650486,529984,3.724,1,3,1
89.3,1.0,2.0,1.0,1514.98236,252.49706,0.0820456735,1.8046868845,9,3.724,1,3,1
52.0,2.0,2.0,1.0,5000.0,1000.0,0.0001,0.0,2704,3.724,4,11,1
89.2,1.0,2.0,1.0,1604.82684,267.47114,0.078712481,1.6613520284999999,9,3.724,1,3,1
93.18181818181819,1.0,2.0,1.0,1394.90706,232.48451,0.092587467,2.1610069465,16,3.724,1,3,1
572.0,2.0,2.0,1.0,5000.0,1000.0,0.0001,0.0,327184,3.724,2,6,1
85.7,1.0,2.0,1.0,1814.11386,302.35231,0.0648377645,1.4923928485,49,3.724,2,5,1
929.6891891891892,1.0,2.0,1.0,3917.0338799999995,652.83898,0.048052727,0.9510816464999999,1192464,3.724,1,1,1
52.0,2.0,2.0,1.0,5000.0,1000.0,0.0001,0.0,2704,3.724,6,10,1
85.9,1.0,2.0,1.0,1698.1696200000001,283.02827,0.070799352,1.519230724,49,3.724,1,5,1
532.0,2.0,2.0,1.0,5000.0,1000.0,0.0001,0.0,283024,3.724,3,6,1
88.2,1.0,2.0,1.0,1809.2280600000001,301.53801,0.06813939999999999,1.4743323595,169,3.724,2,3,1
652.0,2.0,2.0,1.0,5000.0,1000.0,0.0001,0.0,425104,3.724,2,6,1
88.0,1.0,2.0,1.0,1633.89786,272.31631,0.07616890850000001,1.825724047,25,3.724,1,2,1
992.0,2.0,2.0,1.0,5000.0,1000.0,0.0001,0.0,984064,3.724,4,5,1
90.0,1.0,2.0,1.0,1320.0846,220.01409999999998,0.096012171,2.086536139,64,3.724,1,3,1
64.0,0.0,2.0,1.0,1682.52654,280.42109,0.017830328000000003,0.01940201,4096,3.724,1,1,1
929.6621621621622,1.0,2.0,1.0,3846.63012,641.10502,0.050069956000000006,0.9690845840000001,1192464,3.724,1,2,1
929.6891891891892,1.0,2.0,1.0,4255.12068,709.18678,0.044622519000000006,0.8709907005,1192464,3.724,1,1,1
929.8243243243244,1.0,2.0,1.0,5000.0,941.3779599999999,0.0339041225,0.69785455,1194649,3.724,1,1,1
52.0,2.0,2.0,1.0,5000.0,1000.0,0.0001,0.0,2704,3.724,3,4,1
49.625,1.0,1.0,1.0,2477.35962,412.89327000000003,0.05414019899999999,1.5025603615,64,3.724,1,1,1
273.6666666666667,1.0,2.0,1.0,1139.38086,189.89681000000002,0.119751842,0.1363835155,117649,3.724,3,3,1
52.0,2.0,2.0,1.0,5000.0,1000.0,0.0001,0.0,2704,3.724,2,1,1
440.0,0.0,2.0,1.0,54.62136,9.10356,0.5492355,0.6923633125,193600,3.724,1,1,1
201.0,1.0,2.0,1.0,1461.7371,243.62285,0.0808028085,2.1427771195,68644,3.724,1,3,1
50.125,1.0,2.0,1.0,1227.33354,204.55559,0.0980624445,2.1093479625,64,3.724,1,3,1
805.5,1.0,2.0,1.0,2834.8563599999998,472.47605999999996,2.059706103,88.54959944999999,970225,3.724,3,4,1
52.0,2.0,2.0,1.0,5000.0,1000.0,0.0001,0.0,2704,3.724,3,6,1
52.0,2.0,2.0,1.0,5000.0,1000.0,0.0001,0.0,2704,3.724,1,7,1
52.0,2.0,2.0,1.0,5000.0,1000.0,0.0001,0.0,2704,3.724,2,4,1
52.0,2.0,2.0,1.0,5000.0,1000.0,0.0001,0.0,2704,3.724,5,11,1
52.0,2.0,2.0,1.0,5000.0,1000.0,0.0001,0.0,2704,3.724,3,10,1
52.0,2.0,2.0,1.0,5000.0,1000.0,0.0001,0.0,2704,3.724,1,3,1
52.0,2.0,2.0,1.0,5000.0,1000.0,0.0001,0.0,2704,3.724,3,8,1
52.0,2.0,2.0,1.0,5000.0,1000.0,0.0001,0.0,2704,3.724,4,11,1
52.0,2.0,2.0,1.0,5000.0,1000.0,0.0001,0.0,2704,3.724,6,10,1
52.0,2.0,2.0,1.0,5000.0,1000.0,0.0001,0.0,2704,3.724,3,10,1
52.0,2.0,2.0,1.0,5000.0,1000.0,0.0001,0.0,2704,3.724,3,10,1
929.8783783783783,1.0,2.0,1.0,4151.6979,691.94965,0.046528195,0.922614423,1194649,3.724,1,2,1
212.0,2.0,2.0,1.0,5000.0,1000.0,0.0001,0.0,44944,3.724,3,8,1
432.0,2.0,2.0,1.0,5000.0,1000.0,0.0001,0.0,186624,3.724,1,5,1
47.875,1.0,2.0,1.0,811.48848,135.24808000000002,0.166044565,3.848230924,25,3.724,2,2,1
752.0,2.0,2.0,1.0,5000.0,1000.0,0.0001,0.0,565504,3.724,4,5,1
48.22222222222222,1.0,2.0,1.0,589.50846,98.25141,0.212366211,7.3812282625,49,3.724,1,3,1
929.6891891891892,1.0,2.0,1.0,4688.2977599999995,781.3829599999999,0.040989042499999996,0.8396695200000001,1192464,3.724,1,3,1
52.0,2.0,2.0,1.0,5000.0,1000.0,0.0001,0.0,2704,3.724,1,2,1
68.9375,1.0,2.0,1.0,45.292019999999994,7.5486699999999995,2.9452823749999997,100.0,1521,3.724,4,5,1
110.875,1.0,2.0,1.0,912.30516,152.05086,0.141598046,2.775991854,11236,3.724,2,4,1
929.6351351351351,1.0,2.0,1.0,4827.270780000001,804.5451300000001,0.040356670000000004,0.783298738,1192464,3.724,1,4,1
95.0909090909091,1.0,2.0,1.0,1888.71576,314.78596,0.06510674749999999,2.0569714424999996,400,3.724,1,5,1
803.0434782608696,1.0,2.0,1.0,1575.2331,262.53885,5.6540091315,100.0,1054729,3.724,2,2,1
91.4,1.0,2.0,1.0,2955.35088,492.55848000000003,0.0409384875,0.8952751744999999,64,3.724,2,3,1
52.625,1.0,2.0,1.0,2007.8439600000002,334.64066,0.0619508565,1.3270068959999999,144,3.724,3,4,1
88.8,1.0,2.0,1.0,1443.30288,240.55048,0.08312441699999999,1.905824402,4,3.724,1,3,1
51.875,1.0,2.0,1.0,1664.8076999999998,277.46795,0.0767883655,1.6688019655000002,121,3.724,2,3,1
548.2352941176471,1.0,2.0,1.0,2659.8174,443.30289999999997,0.0481407655,1.622430117,541696,3.724,3,5,1
51.125,1.0,2.0,1.0,1704.0807,284.01345,0.0749380555,1.54571776,100,3.724,1,3,1
80.625,1.0,2.0,1.0,1767.41598,294.56933,0.072803699,1.5089465345,3249,3.724,2,3,1
137.0,1.0,2.0,1.0,1725.32262,287.55377,0.07112470600000001,1.5384523795,6084,3.724,1,3,1
218.55555555555554,1.0,2.0,1.0,2126.20926,354.36821000000003,0.063683272,1.2863262334999999,68121,3.724,1,2,1
50.625,1.0,2.0,1.0,1768.16604,294.69434,0.06716569,1.5636227015,81,3.724,2,2,1
50.125,1.0,2.0,1.0,1662.2739,277.04564999999997,0.075969301,1.730045503,64,3.724,2,3,1
50.125,1.0,2.0,1.0,1662.2739,277.04564999999997,0.075969301,1.730045503,64,3.724,2,3,1
112.125,1.0,2.0,1.0,1385.06706,230.84451,0.0930436435,1.9227378904999999,11664,3.724,1,2,1
104.44444444444444,1.0,2.0,1.0,1379.12004,229.85334,0.09074549999999999,2.296864178,11881,3.724,1,2,1
929.8378378378378,1.0,1.0,1.0,274.92138,45.82023,0.7286155514999999,47.338618600000004,1194649,3.724,3,3,1
176.125,1.0,2.0,1.0,1396.2558,232.70929999999998,0.09132473199999999,1.8307054875,44100,3.724,1,2,1
88.7,1.0,2.0,1.0,2030.7750600000002,338.46251,0.0594413105,1.3651599664999998,4,3.724,1,2,1
90.0,2.0,2.0,1.0,7.5204,1.2534,3.98914175,5.6414930000000005,8100,3.724,1,5,1
787.5,1.0,2.0,1.0,2977.18986,496.19831,0.057454797,1.2117935515,925444,3.724,4,5,1
115.0,2.0,2.0,1.0,10.91226,1.81871,2.74919425,3.887942,13225,3.724,1,5,1
89.0,1.0,2.0,1.0,1629.4839,271.58065,0.073797555,1.6179359085,4,3.724,2,3,1
52.0,2.0,2.0,1.0,5000.0,1000.0,0.0001,0.0,2704,3.724,4,6,1
124.0,2.0,2.0,1.0,5000.0,1000.0,0.0001,0.0,15376,3.724,1,3,1
929.8513513513514,1.0,1.0,1.0,4954.03932,825.67322,0.039277727500000005,0.7675724025,1194649,3.724,2,5,1
52.0,2.0,2.0,1.0,5000.0,1000.0,0.0001,0.0,2704,3.724,11,10,1
112.0,2.0,2.0,1.0,5000.0,1000.0,0.0001,0.0,12544,3.724,2,6,1
93.0,2.0,2.0,1.0,5000.0,1000.0,0.0001,0.0,8649,3.724,3,5,1
52.0,2.0,2.0,1.0,5000.0,1000.0,0.0001,0.0,2704,3.724,1,3,1
929.8243243243244,1.0,1.0,1.0,4791.41994,798.56999,0.039643129,0.8242216680000001,1194649,3.724,1,3,1
929.8243243243244,1.0,1.0,1.0,3604.30338,600.71723,0.0470192915,1.397995932,1194649,3.724,1,3,1
52.0,2.0,2.0,1.0,5000.0,1000.0,0.0001,0.0,2704,3.724,2,4,1
52.0,2.0,2.0,1.0,5000.0,1000.0,0.0001,0.0,2704,3.724,1,5,1
70.0,2.0,2.0,1.0,5000.0,1000.0,0.0001,0.0,4900,3.724,3,5,1
80.0,2.0,2.0,1.0,5000.0,1000.0,0.0001,0.0,6400,3.724,2,5,1
52.333333333333336,1.0,2.0,1.0,1874.88282,312.48046999999997,0.0636555775,2.077429835,225,3.724,2,5,1
97.0,2.0,2.0,1.0,5000.0,1000.0,0.0001,0.0,9409,3.724,2,6,1
72.0,2.0,2.0,1.0,5000.0,1000.0,0.0001,0.0,5184,3.724,2,5,1
95.0,2.0,2.0,1.0,5000.0,1000.0,0.0001,0.0,9025,3.724,2,4,1
115.0,2.0,2.0,1.0,5000.0,1000.0,0.0001,0.0,13225,3.724,2,4,1
192.0,2.0,2.0,1.0,5000.0,1000.0,0.0001,0.0,36864,3.724,3,8,1
552.0,2.0,2.0,1.0,5000.0,1000.0,0.0001,0.0,304704,3.724,3,6,1
992.0,2.0,2.0,1.0,5000.0,1000.0,0.0001,0.0,984064,3.724,4,5,1
49.333333333333336,1.0,2.0,1.0,1277.16642,212.86107,0.09684298499999999,2.750960291,81,3.724,1,3,1
50.125,1.0,2.0,1.0,1557.0934200000002,259.51557,0.07724991199999999,1.7575021554999999,64,3.724,1,1,1
49.333333333333336,1.0,2.0,1.0,1174.5564,195.7594,0.103682096,3.1534397615,81,3.724,2,2,1
49.333333333333336,1.0,2.0,1.0,1174.5564,195.7594,0.103682096,3.1534397615,81,3.724,2,2,1
1312.0,2.0,2.0,1.0,5000.0,1000.0,0.0001,0.0,1721344,3.724,1,5,1
50.125,1.0,2.0,1.0,1429.07724,238.17954,0.09145731,1.9375089155,64,3.724,2,4,1
52.333333333333336,1.0,2.0,1.0,1507.6068,251.2678,0.0794588555,2.609410267,225,3.724,1,4,1
50.125,1.0,2.0,1.0,1287.70476,214.61746000000002,0.101145778,2.586114091,64,3.724,3,4,1
52.0,0.0,2.0,1.0,81.66792,13.61132,0.3673412185,0.43079690649999997,2704,3.724,1,1,1
49.333333333333336,1.0,2.0,1.0,1580.19972,263.36662,0.076228104,2.0534509450000002,81,3.724,1,4,1
58.75,1.0,2.0,1.0,2813.72226,468.95371,0.04423485650000001,0.88967166,484,3.724,2,6,1
68.75,1.0,2.0,1.0,1792.82514,298.80419,0.07073565700000001,1.4618065085,1444,3.724,1,6,1
50.125,1.0,2.0,1.0,1998.1351200000001,333.02252000000004,0.0628766665,1.235968421,64,3.724,2,5,1
88.75,1.0,2.0,1.0,2267.97372,377.99562000000003,0.0552697455,1.0644465855,4900,3.724,1,2,1
49.333333333333336,1.0,2.0,1.0,1740.7837200000001,290.13062,0.0697564595,1.9271758035,81,3.724,1,3,1
54.875,1.0,2.0,1.0,1424.8578,237.4763,0.088980343,1.7717894205,256,3.724,1,2,1
1365.0,2.0,2.0,1.0,5000.0,1000.0,0.0001,0.0,1863225,3.724,1,1,1
96.875,1.0,2.0,1.0,1156.6517999999999,192.7753,0.1104974905,2.155439469,6889,3.724,2,3,1
96.875,1.0,2.0,1.0,1156.6517999999999,192.7753,0.1104974905,2.155439469,6889,3.724,2,3,1
49.705882352941174,1.0,2.0,1.0,56.22486000000001,9.37081,2.2787772235,100.0,81,3.724,2,3,1
50.125,1.0,2.0,1.0,1438.4878199999998,239.74796999999998,0.0861741665,1.8577608860000001,64,3.724,1,3,1
55.416666666666664,1.0,2.0,1.0,1345.9842600000002,224.33071,0.0914488075,2.030163799,1,3.724,1,3,1
43.0,0.0,2.0,1.0,5000.0,1000.0,0.0001,0.0,1849,3.724,1,1,1
55.416666666666664,1.0,2.0,1.0,1729.1694,288.19489999999996,0.07193726099999999,1.770585484,1,3.724,2,2,1
113.125,1.0,2.0,1.0,1574.3073,262.38455,0.0792490555,1.5039858729999998,11881,3.724,1,3,1
64.0,1.0,2.0,1.0,1842.60474,307.10079,0.0634186435,1.3604741505,961,3.724,2,4,1
64.0,1.0,2.0,1.0,1456.16934,242.69489,0.089014222,1.8205593215000002,961,3.724,1,6,1
61.666666666666664,1.0,2.0,1.0,1099.13436,183.18905999999998,0.113380715,2.9981692445000006,1024,3.724,1,4,1
53.642857142857146,1.0,2.0,1.0,1218.64344,203.10724,0.09946471650000001,2.6740870004999997,0,3.724,1,1,1
929.8243243243244,1.0,1.0,1.0,5000.0,925.6406200000001,0.034275674,0.7167473710000001,1194649,3.724,1,2,1
50.125,1.0,2.0,1.0,1772.40714,295.40119,0.0736413565,1.8330384335,64,3.724,1,4,1
64.0,1.0,2.0,1.0,1428.96606,238.16101,0.0876875555,1.8389078890000001,961,3.724,2,4,1
64.0,1.0,2.0,1.0,1718.92518,286.48753,0.069993157,1.2183828405000001,961,3.724,1,3,1
61.666666666666664,1.0,2.0,1.0,2203.71384,367.28564,0.05481888150000001,1.7022167095,1024,3.724,2,2,1
176.125,1.0,2.0,1.0,1564.01784,260.66963999999996,0.080004579,1.726222128,44100,3.724,1,3,1
52.0,2.0,2.0,1.0,5000.0,1000.0,0.0001,0.0,2704,3.724,3,8,1
61.666666666666664,1.0,2.0,1.0,2432.8172999999997,405.46954999999997,0.0492808645,1.6435699869999998,1024,3.724,2,7,1
52.0,2.0,2.0,1.0,5000.0,1000.0,0.0001,0.0,2704,3.724,5,8,1
52.0,2.0,2.0,1.0,5000.0,1000.0,0.0001,0.0,2704,3.724,5,8,1
275.6666666666667,1.0,2.0,1.0,1239.9888600000002,206.66481000000002,0.108516205,2.1827061675,119716,3.724,1,3,1
76.0,0.0,2.0,1.0,5000.0,1000.0,0.0001,0.0,5776,3.724,1,1,1
929.6351351351351,1.0,2.0,1.0,4673.3857800000005,778.89763,0.0409974185,0.7825371505000001,1192464,3.724,2,4,1
76.0,0.0,2.0,1.0,5000.0,1000.0,0.0001,0.0,5776,3.724,1,1,1
91.0,1.0,2.0,1.0,1968.18108,328.03018000000003,0.062490572,1.8461259215,169,3.724,1,3,1
82.18181818181819,1.0,2.0,1.0,1210.81428,201.80238,0.1120464925,2.37248066,196,3.724,1,2,1
1320.0,2.0,2.0,1.0,5000.0,1000.0,0.0001,0.0,1742400,3.724,2,2,1
61.666666666666664,1.0,2.0,1.0,2219.92974,369.98829,0.052634801999999994,1.697566987,1024,3.724,3,8,1
92.0,1.0,2.0,1.0,1191.61668,198.60278,0.1031664895,3.4831237454999995,484,3.724,2,2,1
139.0,1.0,2.0,1.0,738.38934,123.06488999999999,0.17699498249999998,4.9405517845,4900,3.724,1,4,1
61.666666666666664,1.0,2.0,1.0,1525.49364,254.24893999999998,0.075973993,2.2079431995,1024,3.724,2,5,1
85.3,1.0,2.0,1.0,1139.99766,189.99961,0.10806867049999999,2.5713102785,81,3.724,1,1,1
64.0,1.0,2.0,1.0,2223.47388,370.57898,0.056458143499999995,1.172339071,961,3.724,1,4,1
64.0,1.0,2.0,1.0,1787.2070999999999,297.86785,0.0665181015,1.4122592385000001,961,3.724,1,4,1
52.0,2.0,2.0,1.0,5000.0,1000.0,0.0001,0.0,2704,3.724,1,3,1
61.666666666666664,1.0,2.0,1.0,1617.5199,269.58665,0.0753141445,2.3153876810000003,1024,3.724,1,3,1
176.0,1.0,2.0,1.0,1433.97732,238.99622,0.0830477335,2.532060532,29241,3.724,1,3,1
138.1,1.0,2.0,1.0,2615.72274,435.95379,0.046941825,0.9683246995000001,5625,3.724,1,3,1
88.7,1.0,2.0,1.0,2035.4380800000001,339.23968,0.057213201,1.354339325,169,3.724,3,5,1
581.6875,1.0,2.0,1.0,2228.77002,371.46166999999997,0.0612656185,1.522938561,524176,3.724,1,3,1
52.0,2.0,2.0,1.0,4.29078,0.7151299999999999,6.9917455,9.887814,2704,3.724,1,2,1
64.0,1.0,2.0,1.0,1782.1995,297.03325,0.07226558799999999,1.370968727,961,3.724,2,6,1
187.7,1.0,2.0,1.0,2145.45438,357.57573,0.055688058,1.1881057839999998,27225,3.724,1,3,1
50.125,1.0,2.0,1.0,1491.46146,248.57691,11.101923549999999,100.0,64,3.724,2,3,1
87.9,1.0,2.0,1.0,1317.25662,219.54277000000002,0.09692123949999999,2.0070179365,0,3.724,1,4,1
85.72727272727273,1.0,2.0,1.0,1243.82154,207.30358999999999,0.0974902715,2.6953140194999996,25,3.724,1,4,1
152.0,2.0,2.0,1.0,5000.0,1000.0,0.0001,0.0,23104,3.724,3,8,1
89.0,1.0,2.0,1.0,1594.73124,265.78854,0.0776920675,1.6726106264999998,4,3.724,1,4,1
61.666666666666664,1.0,2.0,1.0,1064.5292399999998,177.42154,0.1106756815,2.8642349585,1024,3.724,2,3,1
49.333333333333336,1.0,2.0,1.0,1677.46602,279.57767,7.79115625,100.0,81,3.724,3,5,1
49.333333333333336,1.0,2.0,1.0,1677.46602,279.57767,7.79115625,100.0,81,3.724,3,5,1
86.45454545454545,1.0,2.0,1.0,1594.8922799999998,265.81538,0.0736835925,2.2205315865000004,16,3.724,1,3,1
87.33333333333333,1.0,2.0,1.0,45.938700000000004,7.65645,2.737426195,100.0,16,3.724,2,4,1
91.7,1.0,2.0,1.0,1523.6466,253.9411,0.077346418,1.7488931445,81,3.724,2,5,1
109.66666666666667,1.0,2.0,1.0,55.07154,9.17859,2.3795181050000003,100.0,900,3.724,2,3,1
53.5,1.0,2.0,1.0,1971.2331600000002,328.53886,0.0637465,1.38424875,196,3.724,1,5,1
929.6891891891892,1.0,2.0,1.0,4645.676820000001,774.2794700000001,0.040166733999999996,0.8363536715000001,1192464,3.724,1,3,1
82.72727272727273,1.0,2.0,1.0,1542.16158,257.02693,0.08509836200000001,2.1764931240000003,256,3.724,1,3,1
64.0,1.0,2.0,1.0,987.07266,164.51211,0.1320076475,2.8233201249999995,961,3.724,1,3,1
52.0,2.0,2.0,1.0,5000.0,1000.0,0.0001,0.0,2704,3.724,2,7,1
84.0,1.0,2.0,1.0,1769.6604,294.9434,0.0690641495,2.455023168,25,3.724,1,2,1
64.0,1.0,2.0,1.0,1197.94596,199.65766,0.106840186,2.262602831,961,3.724,1,4,1
580.1875,1.0,2.0,1.0,1943.50464,323.91744000000006,0.071817079,1.8152780175,527076,3.724,1,3,1
52.0,2.0,2.0,1.0,5000.0,1000.0,0.0001,0.0,2704,3.724,3,7,1
52.0,2.0,2.0,1.0,5000.0,1000.0,0.0001,0.0,2704,3.724,3,7,1
52.0,2.0,2.0,1.0,5000.0,1000.0,0.0001,0.0,2704,3.724,5,11,1
581.0625,1.0,2.0,1.0,1326.78408,221.13067999999998,0.10570337499999999,2.6760816745000002,524176,3.724,1,4,1
64.0,1.0,2.0,1.0,1274.6268,212.4378,0.099353046,1.97097388,961,3.724,1,3,1
64.0,0.0,2.0,1.0,1682.52654,280.42109,0.017830328000000003,0.01940201,4096,3.724,1,1,1
64.0,0.0,2.0,1.0,1682.52654,280.42109,0.017830328000000003,0.01940201,4096,3.724,1,1,1
61.666666666666664,1.0,2.0,1.0,670.0251000000001,111.67085,0.1870203335,5.568131083,1024,3.724,1,4,1
92.63636363636364,1.0,2.0,1.0,1023.98142,170.66357,0.119571945,3.4206796565,529,3.724,1,2,1
552.0,1.0,2.0,1.0,1127.96412,187.99402,0.11643510600000001,3.7122978229999997,540225,3.724,1,2,1
83.72727272727273,1.0,2.0,1.0,1209.5810999999999,201.59685,0.0991130105,2.8402564205000003,49,3.724,1,1,1
64.0,1.0,2.0,1.0,1344.0258,224.0043,0.085682921,1.885621374,961,3.724,1,4,1
88.1,1.0,2.0,1.0,1375.7913600000002,229.29856,0.09041029850000001,2.296211174,9,3.724,1,3,1
89.4,1.0,2.0,1.0,1942.97874,323.82979,0.06311846299999999,1.3622415465,64,3.724,1,3,1
52.0,2.0,2.0,1.0,5000.0,1000.0,0.0001,0.0,2704,3.724,2,4,1
49.333333333333336,1.0,2.0,1.0,1188.3776400000002,198.06294000000003,0.10416387399999999,2.9501945775,81,3.724,1,3,1
52.0,2.0,2.0,1.0,5000.0,1000.0,0.0001,0.0,2704,3.724,3,7,1
89.9090909090909,1.0,2.0,1.0,988.33758,164.72293000000002,0.1259453815,3.206006074,121,3.724,1,3,1
64.0,1.0,2.0,1.0,2885.6421,480.94034999999997,0.040733587999999994,0.9182178635,961,3.724,2,3,1
84.36363636363636,1.0,2.0,1.0,1628.1109800000002,271.35183,0.0732996315,1.862459729,36,3.724,1,3,1
52.0,2.0,2.0,1.0,5000.0,1000.0,0.0001,0.0,2704,3.724,1,5,1
64.0,1.0,2.0,1.0,1462.4967,243.74945,0.080965111,1.809835008,961,3.724,1,4,1
84.9090909090909,1.0,2.0,1.0,1323.2778600000001,220.54631,7.2436001655,100.0,121,3.724,2,4,1
92.0,2.0,2.0,1.0,5000.0,1000.0,0.0001,0.0,8464,3.724,3,5,1
132.0,2.0,2.0,1.0,5000.0,1000.0,0.0001,0.0,17424,3.724,3,5,1
52.0,2.0,2.0,1.0,5000.0,1000.0,0.0001,0.0,2704,3.724,2,5,1
52.0,2.0,2.0,1.0,5000.0,1000.0,0.0001,0.0,2704,3.724,1,1,1
272.0,2.0,2.0,1.0,5000.0,1000.0,0.0001,0.0,73984,3.724,2,8,1
49.333333333333336,1.0,2.0,1.0,1084.78782,180.79797,0.10823221499999999,2.7004020755,81,3.724,1,3,1
332.0,2.0,2.0,1.0,5000.0,1000.0,0.0001,0.0,110224,3.724,1,4,1
417.6363636363636,1.0,2.0,1.0,585.47496,97.57916,0.23249096150000004,6.4989615225,344569,3.724,1,3,1
55.416666666666664,1.0,2.0,1.0,1766.3773800000001,294.39623,0.06820149950000001,1.529668936,1,3.724,1,2,1
52.0,2.0,2.0,1.0,5000.0,1000.0,0.0001,0.0,2704,3.724,1,2,1
43.0,0.0,2.0,1.0,5000.0,1000.0,0.0001,0.0,1849,3.724,1,1,1
52.0,2.0,2.0,1.0,5000.0,1000.0,0.0001,0.0,2704,3.724,1,3,1
52.0,2.0,2.0,1.0,5000.0,1000.0,0.0001,0.0,2704,3.724,1,1,1
352.0,2.0,2.0,1.0,5000.0,1000.0,0.0001,0.0,123904,3.724,2,4,1
52.0,2.0,2.0,1.0,5000.0,1000.0,0.0001,0.0,2704,3.724,2,5,1
630.0,1.0,2.0,1.0,2460.4170000000004,410.06950000000006,0.055303812,1.2400949730000002,672400,3.724,2,5,1
50.125,1.0,2.0,1.0,1429.07724,238.17954,0.09145731,1.9375089155,64,3.724,2,4,1
252.0,2.0,2.0,1.0,5000.0,1000.0,0.0001,0.0,63504,3.724,3,8,1
50.125,1.0,2.0,1.0,1496.49078,249.41513,0.08508639850000001,1.8293981055,64,3.724,1,4,1
162.66666666666666,0.0,2.0,1.0,503.24087999999995,83.87348,0.09936,0.1405045935,7396,3.724,1,1,1
49.333333333333336,1.0,2.0,1.0,995.96928,165.99488000000002,0.1189602335,3.1133217854999997,81,3.724,1,4,1
512.0,2.0,2.0,1.0,5000.0,1000.0,0.0001,0.0,262144,3.724,2,6,1
76.0,1.0,2.0,1.0,785.86368,130.97728,0.15813722200000002,5.2126912695000005,3249,3.724,1,2,1
46.125,1.0,2.0,1.0,1807.8642,301.3107,0.0660760005,1.9777525565,1,3.724,1,1,1
1012.0,2.0,2.0,1.0,5000.0,1000.0,0.0001,0.0,1024144,3.724,4,5,1
1352.0,2.0,2.0,1.0,5000.0,1000.0,0.0001,0.0,1827904,3.724,2,2,1
112.125,1.0,2.0,1.0,1580.7582599999998,263.45971,0.0834507875,1.717474016,11664,3.724,1,3,1
53.5,1.0,2.0,1.0,3009.6912,501.6152,0.0404735995,0.8783570190000001,196,3.724,1,5,1
53.5,1.0,2.0,1.0,58.084379999999996,9.68073,2.295132171,100.0,196,3.724,2,4,1
52.0,2.0,2.0,1.0,5000.0,1000.0,0.0001,0.0,2704,3.724,2,3,1
52.0,2.0,2.0,1.0,5000.0,1000.0,0.0001,0.0,2704,3.724,1,2,1
52.0,2.0,2.0,1.0,5000.0,1000.0,0.0001,0.0,2704,3.724,1,2,1
104.44444444444444,1.0,2.0,1.0,1163.50032,193.91672,0.1072947555,2.8580568205,11881,3.724,1,3,1
52.0,2.0,2.0,1.0,5000.0,1000.0,0.0001,0.0,2704,3.724,1,2,1
929.6621621621622,1.0,2.0,1.0,5000.0,966.11068,0.0333316575,0.688671615,1192464,3.724,1,2,1
62.76470588235294,1.0,2.0,1.0,45.71178,7.61863,2.800878796,100.0,1024,3.724,2,5,1
929.6621621621622,1.0,2.0,1.0,4863.33258,810.55543,0.0385341935,0.7851104205,1192464,3.724,1,1,1
61.666666666666664,1.0,2.0,1.0,1103.07,183.845,0.11043096649999999,3.9485462095000003,1024,3.724,1,4,1
64.0,1.0,2.0,1.0,1656.63486,276.10581,0.07444112050000001,1.5826822295000003,961,3.724,2,6,1
52.0,2.0,2.0,1.0,5000.0,1000.0,0.0001,0.0,2704,3.724,2,4,1
64.0,1.0,2.0,1.0,1236.4590600000001,206.07651,0.1002850555,2.1419821299999997,961,3.724,1,4,1
61.666666666666664,1.0,2.0,1.0,1315.5400200000001,219.25667,0.088426404,2.3908082495,1024,3.724,1,4,1
50.375,1.0,2.0,1.0,914.79222,152.46537,0.13280142849999999,4.431675175,81,3.724,1,2,1
61.666666666666664,1.0,2.0,1.0,1539.92256,256.65376,0.07659738899999999,2.353960876,1024,3.724,1,3,1
64.0,1.0,2.0,1.0,1344.7105800000002,224.11843000000002,0.092328977,1.8709807470000002,961,3.724,1,3,1
458.2857142857143,0.0,2.0,1.0,93.47525999999999,15.57921,0.32094053100000003,0.37324440600000003,209764,3.724,1,1,1
176.125,1.0,2.0,1.0,1424.96832,237.49472,0.08991544450000001,1.787100556,44100,3.724,1,2,1
76.0,1.0,2.0,1.0,761.52306,126.92051,0.162395515,4.483330371,3249,3.724,1,2,1
176.125,1.0,2.0,1.0,2070.56478,345.09413,0.06392060150000001,1.2896986165000002,44100,3.724,1,2,1
53.5,1.0,2.0,1.0,1836.70842,306.11807,0.07108967649999999,1.5236636139999997,196,3.724,2,5,1
53.5,1.0,2.0,1.0,3121.57482,520.26247,0.0374260995,0.719748285,196,3.724,2,5,1
929.8243243243244,1.0,2.0,1.0,4886.4459,814.40765,0.039453246,0.805306061,1194649,3.724,1,1,1
58.125,1.0,2.0,1.0,1841.7788999999998,306.96315,0.060574141500000005,1.8953321065,625,3.724,1,1,1
53.5,1.0,2.0,1.0,3511.83864,585.3064400000001,0.034982023,0.7340167819999999,196,3.724,2,5,1
53.5,1.0,2.0,1.0,1629.71136,271.61856,0.074743268,1.636611116,196,3.724,2,5,1
929.7432432432432,1.0,1.0,1.0,5000.0,882.4962499999999,0.0359515895,0.7106690245,1192464,3.724,1,1,1
929.7162162162163,1.0,2.0,1.0,3700.14948,616.69158,0.0529801325,1.092739683,1192464,3.724,1,3,1
172.0,2.0,2.0,1.0,5000.0,1000.0,0.0001,0.0,29584,3.724,3,8,1
232.0,2.0,2.0,1.0,5000.0,1000.0,0.0001,0.0,53824,3.724,3,8,1
52.0,2.0,2.0,1.0,5000.0,1000.0,0.0001,0.0,2704,3.724,4,6,1
312.0,2.0,2.0,1.0,5000.0,1000.0,0.0001,0.0,97344,3.724,2,8,1
103.5,2.0,2.0,1.0,9.32664,1.55444,3.216599,4.5489525,10816,3.724,1,5,1
52.0,2.0,2.0,1.0,5000.0,1000.0,0.0001,0.0,2704,3.724,2,4,1
52.0,2.0,2.0,1.0,5000.0,1000.0,0.0001,0.0,2704,3.724,14,10,1
1332.0,2.0,2.0,1.0,5000.0,1000.0,0.0001,0.0,1774224,3.724,2,2,1
52.0,2.0,2.0,1.0,5000.0,1000.0,0.0001,0.0,2704,3.724,14,10,1
52.0,2.0,2.0,1.0,5000.0,1000.0,0.0001,0.0,2704,3.724,14,10,1
50.125,1.0,2.0,1.0,1453.5588,242.25979999999998,0.08262673200000001,1.9128820739999999,64,3.724,1,5,1
108.0,2.0,2.0,1.0,5000.0,1000.0,0.0001,0.0,11664,3.724,2,5,1
174.0,2.0,1.0,1.0,253.49064,42.24844,0.11834754700000001,0.138451797,30276,3.724,1,1,1
53.5,1.0,2.0,1.0,1260.6136800000002,210.10228,0.09838575449999999,1.9486620620000001,196,3.724,1,2,1
93.0,2.0,2.0,1.0,5000.0,1000.0,0.0001,0.0,8649,3.724,3,5,1
52.0,2.0,2.0,1.0,5000.0,1000.0,0.0001,0.0,2704,3.724,2,8,1
52.0,2.0,2.0,1.0,5000.0,1000.0,0.0001,0.0,2704,3.724,3,8,1
52.0,2.0,2.0,1.0,5000.0,1000.0,0.0001,0.0,2704,3.724,3,8,1
82.0,2.0,2.0,1.0,5000.0,1000.0,0.0001,0.0,6724,3.724,2,3,1
49.333333333333336,1.0,2.0,1.0,990.10188,165.01698000000002,0.1252080815,3.3180893415,81,3.724,1,2,1
52.0,2.0,2.0,1.0,5000.0,1000.0,0.0001,0.0,2704,3.724,2,11,1
52.0,2.0,2.0,1.0,5000.0,1000.0,0.0001,0.0,2704,3.724,5,11,1
94.8,1.0,2.0,1.0,2338.65348,389.77558,0.053493837499999995,1.173011659,25,3.724,2,3,1
49.333333333333336,1.0,2.0,1.0,1274.2768199999998,212.37946999999997,0.093914311,2.367538776,81,3.724,1,4,1
174.0,1.0,2.0,1.0,1790.2482,298.3747,0.0660651445,2.1329148835,30625,3.724,1,5,1
187.1,1.0,2.0,1.0,1418.2227,236.37045,0.0858027985,1.8509901650000002,27556,3.724,1,3,1
49.5,2.0,2.0,1.0,1023.8500200000001,170.64167,0.0001,0.0,529,3.724,1,1,1
84.7,1.0,2.0,1.0,1304.62248,217.43708,0.093240055,2.1098176840000002,9,3.724,1,3,1
84.9090909090909,1.0,2.0,1.0,745.41396,124.23566,0.1635769375,6.1083474935,25,3.724,1,2,1
100.0,2.0,2.0,1.0,5000.0,1000.0,0.0001,0.0,10000,3.724,2,4,1
103.0,2.0,2.0,1.0,5000.0,1000.0,0.0001,0.0,10609,3.724,2,4,1
96.0,2.0,2.0,1.0,5000.0,1000.0,0.0001,0.0,9216,3.724,2,6,1
97.0,2.0,2.0,1.0,5.95998,0.99333,5.033560499999999,7.1185235,9409,3.724,2,5,1
98.0,2.0,2.0,1.0,5.79732,0.96622,5.1748095,7.31828,9604,3.724,2,3,1
52.0,2.0,2.0,1.0,5000.0,1000.0,0.0001,0.0,2704,3.724,5,8,1
52.0,2.0,2.0,1.0,5000.0,1000.0,0.0001,0.0,2704,3.724,4,6,1
52.0,2.0,2.0,1.0,5000.0,1000.0,0.0001,0.0,2704,3.724,14,10,1
52.0,2.0,2.0,1.0,5000.0,1000.0,0.0001,0.0,2704,3.724,11,10,1
57.375,1.0,2.0,1.0,5000.0,864.4536700000001,0.021936143,0.637576716,529,3.724,1,1,1
98.0,2.0,2.0,1.0,6.27102,1.04517,4.7838995,6.765453000000001,9604,3.724,2,5,1
89.5,1.0,2.0,1.0,1792.1598000000001,298.6933,0.06759852599999999,1.5413760000000003,16,3.724,1,2,1
52.0,2.0,2.0,1.0,5000.0,1000.0,0.0001,0.0,2704,3.724,4,6,1
102.0,2.0,2.0,1.0,5000.0,1000.0,0.0001,0.0,10404,3.724,3,6,1
162.66666666666666,0.0,2.0,1.0,503.24087999999995,83.87348,0.09936,0.1405045935,7396,3.724,1,1,1
162.66666666666666,0.0,2.0,1.0,503.24087999999995,83.87348,0.09936,0.1405045935,7396,3.724,1,1,1
94.3,1.0,2.0,1.0,3300.11988,550.01998,0.0378307785,0.8115598970000001,4,3.724,2,3,1
89.0,2.0,2.0,1.0,5000.0,1000.0,0.0001,0.0,7921,3.724,1,5,1
86.0,2.0,2.0,1.0,5000.0,1000.0,0.0001,0.0,7396,3.724,3,5,1
88.0,1.0,2.0,1.0,2297.94072,382.99012,0.051721343,1.7666105539999999,169,3.724,2,3,1
86.9,1.0,2.0,1.0,60.333659999999995,10.05561,2.133880462,100.0,81,3.724,2,5,1
52.0,2.0,2.0,1.0,5000.0,1000.0,0.0001,0.0,2704,3.724,14,10,1
52.0,2.0,2.0,1.0,5000.0,1000.0,0.0001,0.0,2704,3.724,1,7,1
52.0,2.0,2.0,1.0,5000.0,1000.0,0.0001,0.0,2704,3.724,3,8,1
84.27272727272727,1.0,2.0,1.0,1417.57794,236.26299,0.08370185449999999,2.7997341825,1,3.724,1,3,1
52.0,2.0,2.0,1.0,5000.0,1000.0,0.0001,0.0,2704,3.724,5,11,1
94.0,2.0,2.0,1.0,5000.0,1000.0,0.0001,0.0,8836,3.724,2,5,1
52.0,2.0,2.0,1.0,5000.0,1000.0,0.0001,0.0,2704,3.724,4,11,1
52.0,2.0,2.0,1.0,5000.0,1000.0,0.0001,0.0,2704,3.724,3,8,1
52.0,2.0,2.0,1.0,5000.0,1000.0,0.0001,0.0,2704,3.724,5,8,1
86.18181818181819,1.0,2.0,1.0,1293.90942,215.65157,0.0907139405,2.7743880905,16,3.724,1,3,1
83.45454545454545,1.0,2.0,1.0,1176.0379799999998,196.00633,0.10274911800000001,3.597935915,100,3.724,1,3,1
55.625,1.0,2.0,1.0,2202.18504,367.03083999999996,0.0575622875,1.2113857479999999,289,3.724,2,8,1
52.0,2.0,2.0,1.0,5000.0,1000.0,0.0001,0.0,2704,3.724,11,10,1
94.0,2.0,2.0,1.0,5000.0,1000.0,0.0001,0.0,8836,3.724,2,6,1
50.125,1.0,2.0,1.0,3208.12164,534.68694,0.0394591665,0.7995084095,64,3.724,2,6,1
85.0,2.0,2.0,1.0,5000.0,1000.0,0.0001,0.0,7225,3.724,2,6,1
553.0,2.0,2.0,1.0,5000.0,1000.0,0.0001,0.0,305809,3.724,2,4,1
52.0,2.0,2.0,1.0,5000.0,1000.0,0.0001,0.0,2704,3.724,5,8,1
942.0,2.0,2.0,1.0,5000.0,1000.0,0.0001,0.0,887364,3.724,1,5,1
929.8783783783783,1.0,1.0,1.0,5000.0,1000.0,0.0233727595,0.5358579745,1194649,3.724,1,4,1
200.0,2.0,2.0,1.0,5000.0,1000.0,0.0001,0.0,40000,3.724,3,10,1
120.0,2.0,2.0,1.0,5000.0,1000.0,0.0001,0.0,14400,3.724,1,1,1
49.75,1.0,2.0,1.0,3052.1926200000003,508.69877,0.0418461785,0.803857803,64,3.724,2,6,1
64.0,1.0,2.0,1.0,5000.0,863.42858,0.023719234,0.506620961,961,3.724,2,7,1
719.0,2.0,2.0,1.0,5000.0,1000.0,0.0001,0.0,516961,3.724,3,10,1
64.0,1.0,2.0,1.0,2489.99856,414.99976,0.0451406345,1.0608398730000002,961,3.724,2,5,1
150.0,2.0,2.0,1.0,5000.0,1000.0,0.0001,0.0,22500,3.724,3,10,1
110.0,2.0,2.0,1.0,5000.0,1000.0,0.0001,0.0,12100,3.724,3,6,1
54.875,1.0,2.0,1.0,4516.3944599999995,752.73241,0.028881421000000004,0.6754249865,256,3.724,1,1,1
61.666666666666664,1.0,2.0,1.0,2081.8281,346.97135000000003,0.056679809,1.734680433,1024,3.724,2,7,1
61.666666666666664,1.0,2.0,1.0,2168.74548,361.45758,0.0563033505,1.706651186,1024,3.724,3,7,1
61.666666666666664,1.0,2.0,1.0,2177.12394,362.85398999999995,0.0551935795,1.757164633,1024,3.724,2,5,1
109.9090909090909,1.0,2.0,1.0,2515.40676,419.23446,0.0487846615,1.623515429,3025,3.724,1,11,1
108.0,2.0,2.0,1.0,5000.0,1000.0,0.0001,0.0,11664,3.724,1,3,1
61.666666666666664,1.0,2.0,1.0,2165.31552,360.88592,0.0551986495,1.770169596,1024,3.724,2,5,1
749.0833333333334,1.0,2.0,1.0,3536.06358,589.34393,0.04400435899999999,1.085121693,810000,3.724,2,7,1
749.0833333333334,1.0,2.0,1.0,4203.23364,700.53894,0.0370738795,0.8409553575,808201,3.724,2,7,1
93.45454545454545,1.0,2.0,1.0,1909.40052,318.23342,0.0634594675,2.0403790715,625,3.724,8,4,1
263.3333333333333,1.0,2.0,1.0,1939.7879400000002,323.29799,0.0636346835,1.986758925,97344,3.724,1,7,1
204.5,1.0,2.0,1.0,1731.72282,288.62047,0.0735640545,1.6149851355,37249,3.724,1,4,1
95.0,1.0,2.0,1.0,2025.6583200000002,337.60972000000004,0.057845173,1.9441359500000002,484,3.724,11,5,1
929.8783783783783,1.0,1.0,1.0,5000.0,1000.0,0.0230263255,0.5558842145,1194649,3.724,2,4,1
61.666666666666664,1.0,2.0,1.0,2151.1272599999998,358.52121,0.0556561425,1.7544490250000002,1024,3.724,1,8,1
102.45454545454545,1.0,2.0,1.0,1254.1806,209.03009999999998,0.094144065,3.2256907155,1681,3.724,2,5,1
64.0,1.0,2.0,1.0,3988.60158,664.76693,0.0317041225,0.645926879,961,3.724,3,8,1
108.0,1.0,2.0,1.0,2150.0104199999996,358.33507,0.056594294,1.205392008,1024,3.724,1,6,1
86.9,1.0,2.0,1.0,814.728,135.78799999999998,0.156343249,3.478382781,49,3.724,1,2,1
190.7,1.0,2.0,1.0,1689.10914,281.51819,0.0733073875,1.5851832195000002,25600,3.724,1,5,1
64.0,1.0,2.0,1.0,2107.58514,351.26419,0.055882287499999996,1.2425705605000001,961,3.724,2,3,1
86.0,1.0,2.0,1.0,1390.27734,231.71289000000002,0.0851842775,2.733495262,36,3.724,4,5,1
176.27272727272728,1.0,2.0,1.0,1505.75406,250.95901,0.08104613299999999,2.3597758265000004,29241,3.724,1,5,1
96.0,2.0,1.0,1.0,196.09776,32.68296,0.1529849375,0.1982323125,9216,3.724,2,2,1
107.0,2.0,2.0,1.0,5000.0,1000.0,0.0001,0.0,11449,3.724,2,6,1
91.0,1.0,2.0,1.0,2058.87678,343.14613,0.058945974500000005,1.4514867935,36,3.724,2,4,1
85.8,1.0,2.0,1.0,1634.71092,272.45182,0.075459215,1.5285514279999999,49,3.724,1,5,1
90.5,1.0,2.0,1.0,1536.35916,256.05986,0.0768372715,1.7071629235,16,3.724,1,3,1
89.7,1.0,2.0,1.0,1454.0018400000001,242.33364,0.0876068885,2.286410755,4,3.724,1,3,1
89.1,1.0,2.0,1.0,1371.4417199999998,228.57361999999998,0.0868608445,2.074126957,1,3.724,8,3,1
64.0,1.0,2.0,1.0,1888.52658,314.75442999999996,0.065568477,1.3129220995,961,3.724,2,5,1
89.6,1.0,2.0,1.0,1445.0208,240.8368,0.0860405585,1.861239777,4,3.724,1,3,1
100.0,2.0,2.0,1.0,5000.0,1000.0,0.0001,0.0,10000,3.724,2,6,1
64.0,1.0,2.0,1.0,1800.6265799999999,300.10443,0.0635492125,1.4213475695,961,3.724,2,5,1
80.125,1.0,1.0,1.0,986.8323600000001,164.47206,0.121345935,3.3874975745,3136,3.724,1,1,1
554.0,2.0,2.0,1.0,5000.0,1000.0,0.0001,0.0,306916,3.724,15,23,1
522.0,2.0,2.0,1.0,5000.0,1000.0,0.0001,0.0,272484,3.724,15,23,1
394.0,2.0,2.0,1.0,5000.0,1000.0,0.0001,0.0,155236,3.724,15,23,1
634.0,2.0,2.0,1.0,5000.0,1000.0,0.0001,0.0,401956,3.724,5,23,1
98.1,1.0,2.0,1.0,2263.8273,377.30455,0.054011142,1.1547515615,225,3.724,2,3,1
139.0,2.0,2.0,1.0,5000.0,1000.0,0.0001,0.0,19321,3.724,14,39,1
200.0,2.0,2.0,1.0,5000.0,1000.0,0.0001,0.0,40000,3.724,7,23,1
967.0,2.0,2.0,1.0,5000.0,1000.0,0.0001,0.0,935089,3.724,14,23,1
858.0,2.0,2.0,1.0,5000.0,1000.0,0.0001,0.0,736164,3.724,14,23,1
94.8,1.0,2.0,1.0,2338.65348,389.77558,0.053493837499999995,1.173011659,25,3.724,2,3,1
61.666666666666664,1.0,2.0,1.0,1492.46082,248.74347,0.0810339225,2.5320300454999995,1024,3.724,1,3,1
72.25,1.0,1.0,1.0,5000.0,836.0178500000001,0.026549622499999998,0.532211153,1936,3.724,1,1,1
84.0,2.0,2.0,1.0,5000.0,1000.0,0.0001,0.0,7056,3.724,1,2,1
913.1897810218978,0.0,2.0,1.0,929.3419799999999,154.89033,0.1201964805,0.1473306015,855625,3.724,1,1,1
51.0,1.0,2.0,1.0,1571.0508,261.84180000000003,0.080848589,2.748603215,144,3.724,1,1,1
54.46153846153846,1.0,2.0,1.0,1808.52534,301.42089,0.066750491,1.9168059945,1,3.724,1,3,1
64.0,1.0,2.0,1.0,1316.8407,219.47344999999999,0.08440523200000001,1.9198978925,961,3.724,1,3,1
51.0,1.0,2.0,1.0,1597.5666600000002,266.26111000000003,0.0803563185,2.8576643020000003,144,3.724,1,1,1
109.66666666666667,1.0,2.0,1.0,55.07154,9.17859,2.3795181050000003,100.0,900,3.724,2,3,1
84.0,2.0,2.0,1.0,5000.0,1000.0,0.0001,0.0,7056,3.724,1,2,1
94.5,1.0,2.0,1.0,1587.20208,264.53368,0.08055944550000001,1.7221160675,1,3.724,1,1,1
73.5,1.0,1.0,1.0,4290.2701799999995,715.04503,0.030988023000000003,0.5935930635,2116,3.724,1,1,1
52.833333333333336,1.0,1.0,1.0,2292.06948,382.01158,0.051097818,1.448843287,64,3.724,1,1,1
68.625,1.0,1.0,1.0,3967.0644599999996,661.17741,0.030079388999999998,0.6685669235,1444,3.724,1,1,1
54.46153846153846,1.0,2.0,1.0,1973.7828599999998,328.96380999999997,0.0606174695,1.787380366,1,3.724,1,4,1
189.4,1.0,2.0,1.0,2560.8078600000003,426.80131000000006,0.04656400050000001,1.049168051,25921,3.724,2,8,1
93.63636363636364,1.0,2.0,1.0,1867.1452800000002,311.19088,0.063804378,2.1299060945,625,3.724,1,8,1
130.36363636363637,1.0,2.0,1.0,1963.6017599999998,327.26696,0.0605600705,1.9780999019999999,7225,3.724,2,8,1
1009.3333333333334,2.0,2.0,1.0,5000.0,1000.0,0.0001,0.0,1018081,3.724,2,3,1
51.0,1.0,2.0,1.0,1225.31208,204.21868,0.1002026815,3.4715742255,144,3.724,1,1,1
196.0,2.0,2.0,1.0,5000.0,1000.0,0.0001,0.0,38416,3.724,1,1,1
51.0,1.0,2.0,1.0,1479.28992,246.54832,0.086109437,3.016773496,144,3.724,1,2,1
70.75,1.0,1.0,1.0,4653.9769799999995,775.66283,0.0282151785,0.542942296,1681,3.724,1,2,1
51.0,1.0,2.0,1.0,1610.08734,268.34789,0.0794898665,2.7897954985,144,3.724,1,1,1
84.0,2.0,2.0,1.0,5000.0,1000.0,0.0001,0.0,7056,3.724,2,1,1
86.5,1.0,2.0,1.0,1536.22044,256.03674,0.08278722000000001,2.0486521065,121,3.724,1,2,1
84.0,2.0,2.0,1.0,5000.0,1000.0,0.0001,0.0,7056,3.724,1,1,1
78.0,2.0,1.0,1.0,1874.51664,312.41944,0.016004126,0.020671402499999998,6084,3.724,1,1,1
86.3,1.0,2.0,1.0,3977.53032,662.9217199999999,0.0325835395,0.712787652,64,3.724,1,2,1
83.0909090909091,1.0,2.0,1.0,2306.75022,384.45836999999995,0.051411095500000004,1.7003382759999999,0,3.724,2,7,1
55.416666666666664,1.0,2.0,1.0,1931.17452,321.86242,0.065199159,1.4445900175,1,3.724,2,5,1
85.8,1.0,2.0,1.0,3258.7351200000003,543.12252,0.0384780175,0.850814499,49,3.724,2,9,1
84.0,2.0,2.0,1.0,5000.0,1000.0,0.0001,0.0,7056,3.724,1,1,1
85.2,1.0,2.0,1.0,2351.73258,391.95543,0.052241687499999995,1.1004842795,25,3.724,3,9,1
86.3,1.0,2.0,1.0,1829.16264,304.86044,0.06779171550000002,1.6035510635,64,3.724,1,9,1
83.54545454545455,1.0,2.0,1.0,1864.5451799999998,310.75753,0.0642510405,2.0162365465,1,3.724,1,4,1
90.0,1.0,2.0,1.0,1422.59754,237.09959,0.0871339545,2.0795348025,9,3.724,9,3,1
84.0,2.0,2.0,1.0,5000.0,1000.0,0.0001,0.0,7056,3.724,1,1,1
86.5,1.0,2.0,1.0,2331.6077999999998,388.6013,0.053114967,1.158143611,81,3.724,3,8,1
71.625,1.0,1.0,1.0,3667.6908599999997,611.28181,0.0325666665,0.6571382749999999,1849,3.724,1,1,1
85.3,1.0,2.0,1.0,4029.1796400000003,671.5299400000001,0.030748790999999998,0.6421071145,36,3.724,2,8,1
84.6,1.0,2.0,1.0,2678.06178,446.34363,0.04330118249999999,0.984435917,16,3.724,2,8,1
53.166666666666664,2.0,2.0,1.0,4939.65378,823.27563,0.001965,0.0027686765,121,3.724,2,1,1
54.111111111111114,1.0,2.0,1.0,1679.25564,279.87594,0.069726126,2.1261821865000003,324,3.724,2,3,1
52.875,1.0,2.0,1.0,2937.4422600000003,489.57371,0.043677611,0.8767160464999999,169,3.724,2,8,1
53.0,1.0,2.0,1.0,1924.72608,320.78767999999997,0.04500192099999999,1.637090143,169,3.724,2,8,1
51.77777777777778,1.0,2.0,1.0,2038.7481,339.79134999999997,0.057980118500000004,1.8696445334999998,196,3.724,3,10,1
90.9,1.0,2.0,1.0,1557.52812,259.58802,0.078077125,1.608882479,49,3.724,1,5,1
55.416666666666664,1.0,2.0,1.0,2547.24402,424.54067000000003,0.0443697275,0.9628325745,1,3.724,1,3,1
929.8783783783783,1.0,1.0,1.0,5000.0,914.7434,0.03472633000000001,0.7083089495,1194649,3.724,2,4,1
84.0,2.0,2.0,1.0,5000.0,1000.0,0.0001,0.0,7056,3.724,1,1,1
84.0,2.0,2.0,1.0,5000.0,1000.0,0.0001,0.0,7056,3.724,1,2,1
87.1,1.0,2.0,1.0,1588.20162,264.70027000000005,0.0796344805,2.070296678,81,3.724,2,2,1
176.0,2.0,2.0,1.0,5000.0,1000.0,0.0001,0.0,30976,3.724,1,2,1
85.3,1.0,2.0,1.0,1315.56024,219.26004,0.0970494995,2.06544868,81,3.724,1,3,1
929.9054054054054,1.0,2.0,1.0,5000.0,1000.0,0.032022936,0.660278869,1194649,3.724,2,2,1
84.0,2.0,2.0,1.0,5000.0,1000.0,0.0001,0.0,7056,3.724,1,1,1
51.0,1.0,2.0,1.0,1627.8198,271.30330000000004,0.078878896,2.7844831770000003,144,3.724,1,2,1
51.0,1.0,2.0,1.0,1524.48366,254.08061,0.083477722,2.9228122909999996,144,3.724,1,1,1
84.0,2.0,2.0,1.0,5000.0,1000.0,0.0001,0.0,7056,3.724,2,1,1
71.75,1.0,1.0,1.0,4918.1133,819.6855499999999,0.0268379885,0.526557546,1849,3.724,1,2,1
52.0,0.0,2.0,1.0,2002.7722199999998,333.79537,0.0149792375,0.018270933500000003,2704,3.724,1,1,1
85.2,1.0,2.0,1.0,1037.99898,172.99983,0.12028375649999999,2.9452063435,81,3.724,1,1,1
52.0,0.0,2.0,1.0,2002.7722199999998,333.79537,0.0149792375,0.018270933500000003,2704,3.724,1,1,1
929.9054054054054,1.0,2.0,1.0,5000.0,1000.0,0.03224011,0.6536193490000001,1194649,3.724,1,2,1
132.27272727272728,1.0,2.0,1.0,1007.4922200000001,167.91537000000002,0.12046685049999999,3.5668561825,8464,3.724,1,1,1
84.0,2.0,2.0,1.0,5000.0,1000.0,0.0001,0.0,7056,3.724,1,1,1
710.421052631579,1.0,1.0,1.0,4387.3602,731.2266999999999,0.031892395000000004,2.6989745855000002,870489,3.724,1,1,1
888.5131578947369,1.0,1.0,1.0,5000.0,1000.0,0.022429988,0.601188669,1115136,3.724,1,1,1
63.81818181818182,1.0,1.0,1.0,1940.76162,323.46027,0.06287566800000001,3.429890551,400,3.724,1,1,1
108.0,0.0,2.0,1.0,1335.46458,222.57743000000002,0.022464092,0.024480957,11664,3.724,1,1,1
70.375,1.0,1.0,1.0,5000.0,858.05974,0.024952655,0.5336303765,1681,3.724,1,1,1
54.125,1.0,1.0,1.0,42.45534,7.07589,3.1433310064999995,100.0,225,3.724,4,6,1
49.94117647058823,1.0,1.0,1.0,62.80422,10.46737,2.040122316,100.0,100,3.724,3,4,1
112.125,1.0,1.0,1.0,2298.41616,383.06936,0.051844277999999994,1.0492254184999998,11664,3.724,1,7,1
54.875,1.0,2.0,1.0,2074.67922,345.77987,0.059148690000000004,1.3535055200000001,256,3.724,1,3,1
188.2,1.0,2.0,1.0,1822.39044,303.73174,0.0654861445,1.3994983995,25281,3.724,1,2,1
71.0,2.0,2.0,1.0,5000.0,1000.0,0.0001,0.0,5041,3.724,1,1,1
580.4375,1.0,2.0,1.0,2773.1973,462.19955,0.049520597,1.3765088314999998,528529,3.724,1,2,1
501.93333333333334,1.0,2.0,1.0,2038.59744,339.76624000000004,0.062857292,3.3965639435000003,515524,3.724,1,1,1
50.875,1.0,2.0,1.0,2503.1289,417.18815,0.046851400499999994,0.9567092655,100,3.724,1,6,1
629.2857142857143,1.0,2.0,1.0,2079.01008,346.50168,0.07001348200000002,2.0129265665,670761,3.724,1,6,1
70.5,1.0,1.0,1.0,2145.23214,357.53869000000003,0.055855079,1.0912925005,1681,3.724,1,1,1
174.875,1.0,2.0,1.0,1506.64176,251.10696000000002,0.0818136205,1.682324769,43264,3.724,1,5,1
90.05,1.0,2.0,1.0,820.0797600000001,136.67996,0.14686324150000002,4.008288325500001,7396,3.724,1,1,1
89.72727272727273,1.0,2.0,1.0,1568.8833,261.48055,0.073691798,2.532366168,100,3.724,1,4,1
86.25,1.0,2.0,1.0,1102.00128,183.66688,0.07954881,2.81239725,4356,3.724,1,1,1
52.125,1.0,1.0,1.0,1083.77328,180.62888,0.114497481,2.5894619515000006,144,3.724,1,4,1
52.125,1.0,1.0,1.0,1542.0465,257.00775,0.08051152300000002,1.8461258299999999,144,3.724,1,7,1
89.4,1.0,2.0,1.0,1328.6837400000002,221.44729,0.095120991,2.1872074969999997,64,3.724,1,4,1
55.416666666666664,1.0,2.0,1.0,2904.29706,484.04950999999994,0.04334395,0.9628360065,1,3.724,1,3,1
103.8,1.0,1.0,1.0,1525.24074,254.20679,0.0778687775,2.7338210485,2401,3.724,1,1,1
52.125,1.0,1.0,1.0,1462.4468399999998,243.74113999999997,0.08386184299999999,1.7895664345,144,3.724,1,6,1
385.72727272727275,1.0,1.0,1.0,1979.63178,329.93863,0.06160574800000001,3.6264459775,279841,3.724,1,1,1
84.0,2.0,2.0,1.0,5000.0,1000.0,0.0001,0.0,7056,3.724,1,1,1
85.9,1.0,2.0,1.0,2155.6818599999997,359.28031,0.058993669,1.2275019674999998,36,3.724,2,5,1
47.35,1.0,2.0,1.0,1854.3851399999999,309.06419,0.06995423549999999,1.847950591,16,3.724,1,1,1
54.46153846153846,1.0,2.0,1.0,1794.67482,299.11247,0.066394567,2.195810736,1,3.724,2,2,1
51.0,1.0,2.0,1.0,1307.23986,217.87330999999998,0.092164589,3.0393302915,144,3.724,1,1,1
47.125,1.0,2.0,1.0,1576.8615,262.81025,0.081316565,2.046307342,16,3.724,1,7,1
47.125,1.0,2.0,1.0,1961.3997000000002,326.89995000000005,0.06303123199999999,1.3312981925,16,3.724,3,7,1
47.705882352941174,1.0,2.0,1.0,38.7693,6.461550000000001,3.304180066,100.0,36,3.724,3,6,1
52.625,1.0,2.0,1.0,2473.9683,412.32804999999996,0.048720699,1.021283655,144,3.724,2,4,1
100.0,2.0,2.0,1.0,5000.0,1000.0,0.0001,0.0,10000,3.724,2,4,1
46.888888888888886,1.0,2.0,1.0,1766.02584,294.33764,0.0668303485,2.029430263,25,3.724,2,7,1
129.45454545454547,1.0,2.0,1.0,1514.9237999999998,252.48729999999998,0.0793120945,2.3733253304999997,7225,3.724,1,3,1
47.375,1.0,2.0,1.0,1726.65834,287.77639,0.06633632349999999,1.5723545890000001,16,3.724,2,7,1
46.888888888888886,1.0,2.0,1.0,1353.36138,225.56023,0.0935400015,2.6591416260000003,25,3.724,1,4,1
84.0,2.0,2.0,1.0,5000.0,1000.0,0.0001,0.0,7056,3.724,2,6,1
104.83333333333333,1.0,1.0,1.0,1035.73428,172.62238,0.1173819575,3.608228144,144,3.724,1,1,1
51.55555555555556,1.0,2.0,1.0,965.0399399999999,160.83999,0.1213064595,3.1720897105000003,169,3.724,1,5,1
84.0,2.0,2.0,1.0,5000.0,1000.0,0.0001,0.0,7056,3.724,1,1,1
55.625,1.0,2.0,1.0,1471.53318,245.25553,0.0817185,1.7754258465000001,289,3.724,1,5,1
54.46153846153846,1.0,2.0,1.0,1623.00072,270.50012,0.074832907,2.242538582,1,3.724,1,3,1
145.625,1.0,2.0,1.0,963.05196,160.50866,0.1265772585,2.5634131865,25921,3.724,1,5,1
51.55555555555556,1.0,2.0,1.0,1134.5674800000002,189.09458,0.099121478,2.7111453579999996,169,3.724,1,2,1
97.625,1.0,2.0,1.0,1522.21926,253.70321,0.080516935,1.602926573,7056,3.724,1,5,1
89.0,1.0,2.0,1.0,1454.33388,242.38898,0.0844776115,1.808756116,4,3.724,2,3,1
598.3333333333334,1.0,1.0,1.0,2111.03106,351.83851,0.0745544575,1.343672104,544644,3.724,1,1,1
50.64705882352941,1.0,2.0,1.0,42.62928,7.10488,3.0045226119999997,100.0,121,3.724,2,3,1
585.6285714285714,1.0,1.0,1.0,1477.30836,246.21805999999998,0.090003536,2.665802714,586756,3.724,1,1,1
193.55555555555554,1.0,2.0,1.0,1099.22556,183.20426,0.10797,2.7782792659999997,52900,3.724,1,1,1
139.88888888888889,1.0,2.0,1.0,724.16898,120.69483,0.1711834705,5.3520702415,29584,3.724,1,2,1
214.1818181818182,1.0,1.0,1.0,1216.4616,202.74360000000001,0.100822262,6.3029886725,61504,3.724,2,2,1
136.97619047619048,1.0,1.0,1.0,948.26334,158.04389,0.127635549,3.2702021135,9409,3.724,1,1,1
92.7,1.0,2.0,1.0,1173.20034,195.53339,0.107571078,2.4094684805,0,3.724,2,6,1
159.77777777777777,1.0,1.0,1.0,1490.9469000000001,248.49115,0.0811101665,1.9893083045000002,33124,3.724,1,1,1
49.625,1.0,1.0,1.0,1722.6958200000001,287.11597,0.065939611,1.4697032005000001,64,3.724,1,1,1
1173.0062024809924,1.0,1.0,1.0,5000.0,833.4049,0.050822855,0.9198983449999999,1708249,3.724,2,2,1
1004.0,2.0,2.0,1.0,5000.0,1000.0,0.0001,0.0,1008016,3.724,1,5,1
313.8,1.0,1.0,1.0,764.21748,127.36958,0.1608637225,10.603835968,220900,3.724,1,1,1
761.3809523809524,1.0,1.0,1.0,1558.30722,259.71787,0.09657039549999999,7.3045322355,921600,3.724,1,1,1
78.0,0.0,2.0,1.0,5000.0,1000.0,0.0001,0.0,6084,3.724,1,1,1
51.0,1.0,2.0,1.0,512.20992,85.36832000000001,0.2446364405,6.5902858085,144,3.724,1,1,1
100.0,0.0,2.0,1.0,5000.0,1000.0,0.0001,0.0,10000,3.724,1,2,1
100.0,0.0,2.0,1.0,5000.0,1000.0,0.0001,0.0,10000,3.724,1,2,1
51.0,1.0,2.0,1.0,688.0014600000001,114.66691,0.1809199295,4.804310634,144,3.724,1,1,1
100.0,0.0,2.0,1.0,5000.0,1000.0,0.0001,0.0,10000,3.724,1,2,1
51.0,1.0,2.0,1.0,765.5244,127.5874,0.155250389,4.372367563,144,3.724,1,1,1
100.0,0.0,2.0,1.0,5000.0,1000.0,0.0001,0.0,10000,3.724,2,2,1
104.1,1.0,2.0,1.0,1216.3502999999998,202.72504999999998,0.10471803199999999,2.2451424049999997,576,3.724,1,2,1
100.0,0.0,2.0,1.0,5000.0,1000.0,0.0001,0.0,10000,3.724,2,2,1
100.0,0.0,2.0,1.0,5000.0,1000.0,0.0001,0.0,10000,3.724,2,2,1
100.0,0.0,2.0,1.0,5000.0,1000.0,0.0001,0.0,10000,3.724,2,2,1
51.0,1.0,2.0,1.0,547.4634599999999,91.24391,0.226817404,7.8909246055,144,3.724,1,2,1
1000.469387755102,1.0,1.0,1.0,3326.13822,554.35637,0.056681172,3.6342773735000002,1392400,3.724,2,1,1
187.4,1.0,2.0,1.0,787.0862400000001,131.18104,0.15889780350000002,3.5289665395000003,26569,3.724,2,3,1
110.7,1.0,2.0,1.0,1243.9168200000001,207.31947000000002,0.09960849849999999,2.152129789,1225,3.724,1,4,1
119.66666666666667,1.0,1.0,1.0,1423.2868799999999,237.21447999999998,0.0847017295,2.021958822,7569,3.724,1,2,1
96.7,1.0,2.0,1.0,1306.0065,217.66774999999998,0.093268898,2.1972867775,225,3.724,1,3,1
83.875,1.0,1.0,1.0,811.45776,135.24295999999998,0.15915613050000002,3.4321883465000003,3844,3.724,1,1,1
176.125,1.0,2.0,1.0,1251.77862,208.62977,0.094619111,2.1950831475,44100,3.724,1,3,1
91.2,1.0,2.0,1.0,1207.29462,201.21577,0.09909331800000001,2.110826755,25,3.724,2,8,1
92.9,1.0,2.0,1.0,1137.09702,189.51617,0.10859278,2.3034482315,49,3.724,2,7,1
61.22222222222222,1.0,2.0,1.0,989.8626,164.9771,0.120586993,3.484577657,961,3.724,1,3,1
78.875,1.0,2.0,1.0,1442.75154,240.45859000000002,0.0851162125,1.682824579,2916,3.724,3,10,1
123.0,2.0,2.0,1.0,5000.0,1000.0,0.0001,0.0,15129,3.724,1,6,1
93.45454545454545,1.0,2.0,1.0,766.73352,127.78892,0.15503962999999998,4.6180389564999995,441,3.724,3,10,1
85.72727272727273,1.0,2.0,1.0,1024.5534599999999,170.75891,0.11725821350000001,3.327459077,81,3.724,1,7,1
98.45454545454545,1.0,2.0,1.0,695.9088,115.9848,0.169921673,5.0536551735,1156,3.724,2,7,1
274.77777777777777,1.0,2.0,1.0,1670.01756,278.33626,0.0782612115,0.07026352350000001,119025,3.724,1,2,1
482.741935483871,1.0,1.0,1.0,1004.7939,167.46565,0.1316692745,4.2759551,395641,3.724,1,1,1
84.125,1.0,1.0,1.0,1081.8933,180.31555,0.116726519,2.426516386,3969,3.724,2,1,1
100.0,0.0,2.0,1.0,5000.0,1000.0,0.0001,0.0,10000,3.724,2,2,1
90.0,1.0,2.0,1.0,362.6394,60.4399,0.343874594,10.479972916,289,3.724,3,8,1
100.0,0.0,2.0,1.0,5000.0,1000.0,0.0001,0.0,10000,3.724,2,2,1
189.4,1.0,2.0,1.0,1288.0089600000001,214.66816,0.09602795549999998,2.1711025525,24964,3.724,1,5,1
100.0,0.0,2.0,1.0,5000.0,1000.0,0.0001,0.0,10000,3.724,2,2,1
587.6388888888889,1.0,2.0,1.0,885.1906200000001,147.53177,0.1540911845,14.190971290000002,656100,3.724,1,1,1
189.4,1.0,2.0,1.0,1142.56962,190.42827,0.10554442900000001,2.2582766139999997,24649,3.724,1,3,1
56.5,1.0,2.0,1.0,382.67922,63.77987,0.32666464300000003,11.8818976625,484,3.724,2,1,1
174.875,1.0,2.0,1.0,946.24686,157.70781,0.134024343,2.684605597,43264,3.724,2,6,1
51.0,1.0,2.0,1.0,712.61394,118.76899,0.172870085,5.1454411900000006,144,3.724,1,1,1
81.0909090909091,1.0,2.0,1.0,607.27572,101.21262,0.203509965,7.499229338,16,3.724,2,2,1
100.0,0.0,2.0,1.0,5000.0,1000.0,0.0001,0.0,10000,3.724,1,2,1
215.0,1.0,2.0,1.0,810.6315,135.10524999999998,0.154622551,4.0464427345,81225,3.724,1,1,1
100.0,0.0,2.0,1.0,5000.0,1000.0,0.0001,0.0,10000,3.724,1,2,1
929.9054054054054,1.0,2.0,1.0,5000.0,1000.0,0.023834802,0.5524043445,1194649,3.724,2,2,1
88.72727272727273,1.0,2.0,1.0,492.70673999999997,82.11779,0.2493996535,6.764670392,81,3.724,1,1,1
100.0,0.0,2.0,1.0,5000.0,1000.0,0.0001,0.0,10000,3.724,1,2,1
51.0,1.0,2.0,1.0,586.2810599999999,97.71350999999999,0.21082126650000002,6.5000902175,144,3.724,1,1,1
100.0,0.0,2.0,1.0,5000.0,1000.0,0.0001,0.0,10000,3.724,1,2,1
72.0,1.0,1.0,1.0,323.63058,53.938430000000004,0.39153639199999996,11.193825431,2500,3.724,2,2,1
100.0,0.0,2.0,1.0,5000.0,1000.0,0.0001,0.0,10000,3.724,1,2,1
248.91666666666666,1.0,2.0,1.0,837.0870600000001,139.51451,0.14935287699999997,4.227800212,81796,3.724,1,3,1
69.25,1.0,2.0,1.0,1923.7058399999999,320.61763999999994,0.06397755549999999,1.3508500064999998,1521,3.724,2,5,1
82.0909090909091,1.0,2.0,1.0,335.03574000000003,55.839290000000005,0.369133152,11.536210072499998,4,3.724,1,1,1
100.0,0.0,2.0,1.0,5000.0,1000.0,0.0001,0.0,10000,3.724,2,4,1
56.53846153846154,1.0,1.0,1.0,775.02036,129.17006,0.15651386150000002,4.542762495000001,1,3.724,1,1,1
100.0,0.0,2.0,1.0,5000.0,1000.0,0.0001,0.0,10000,3.724,2,4,1
85.6,1.0,2.0,1.0,1062.90042,177.15007,0.11533481800000002,2.439451484,49,3.724,3,2,1
100.0,0.0,2.0,1.0,5000.0,1000.0,0.0001,0.0,10000,3.724,2,4,1
84.18181818181819,1.0,2.0,1.0,532.33044,88.72174,0.229462743,6.179323254999999,9,3.724,1,1,1
87.36363636363636,1.0,2.0,1.0,315.56958,52.59493,0.391549557,12.091174615,144,3.724,1,1,1
100.0,0.0,2.0,1.0,5000.0,1000.0,0.0001,0.0,10000,3.724,2,4,1
51.0,1.0,2.0,1.0,407.25647999999995,67.87608,0.308883804,8.488990341500001,144,3.724,1,1,1
100.0,0.0,2.0,1.0,5000.0,1000.0,0.0001,0.0,10000,3.724,2,4,1
929.8783783783783,1.0,1.0,1.0,5000.0,1000.0,0.0299583,0.6374475745,1194649,3.724,1,2,1
155.85416666666666,1.0,1.0,1.0,498.98231999999996,83.16372,0.2475803065,6.834509142,12769,3.724,1,1,1
100.0,0.0,2.0,1.0,5000.0,1000.0,0.0001,0.0,10000,3.724,2,4,1
64.0,0.0,2.0,1.0,37.14192,6.19032,0.8077128125,0.9420740624999999,4096,3.724,1,1,1
100.0,0.0,2.0,1.0,5000.0,1000.0,0.0001,0.0,10000,3.724,2,4,1
64.0,0.0,2.0,1.0,37.14192,6.19032,0.8077128125,0.9420740624999999,4096,3.724,1,1,1
188.0,0.0,2.0,1.0,607.97172,101.32862,0.082245664,0.11629985949999999,8100,3.724,3,1,1
64.0,0.0,2.0,1.0,37.14192,6.19032,0.8077128125,0.9420740624999999,4096,3.724,1,1,1
64.0,0.0,2.0,1.0,37.14192,6.19032,0.8077128125,0.9420740624999999,4096,3.724,1,1,1
92.5,1.0,2.0,1.0,1043.2242,173.8707,0.1192345285,2.601147403,0,3.724,1,1,1
92.23076923076923,1.0,1.0,1.0,911.87964,151.97994,0.13105226299999997,3.6755101365000002,4356,3.724,1,2,1
76.44444444444444,1.0,1.0,1.0,795.66906,132.61151,0.1558973595,4.1350262765,3364,3.724,1,1,1
51.0,1.0,2.0,1.0,527.54892,87.92482,0.237469693,6.741014261999999,144,3.724,1,1,1
100.0,0.0,2.0,1.0,5000.0,1000.0,0.0001,0.0,10000,3.724,2,4,1
1185.4221574344024,1.0,1.0,1.0,4404.30246,734.0504099999999,0.055895335500000004,3.5780226660000003,1774224,3.724,1,1,1
100.0,0.0,2.0,1.0,5000.0,1000.0,0.0001,0.0,10000,3.724,2,4,1
100.0,0.0,2.0,1.0,5000.0,1000.0,0.0001,0.0,10000,3.724,2,4,1
82.9090909090909,1.0,2.0,1.0,728.31528,121.38588,0.162301047,4.5672478305,0,3.724,1,1,1
100.0,0.0,2.0,1.0,5000.0,1000.0,0.0001,0.0,10000,3.724,2,4,1
76.5,1.0,2.0,1.0,578.68734,96.44789,0.21673764599999998,7.75056621,3844,3.724,2,1,1
100.0,0.0,2.0,1.0,5000.0,1000.0,0.0001,0.0,10000,3.724,2,4,1
95.0,2.0,2.0,1.0,5000.0,1000.0,0.0001,0.0,9025,3.724,2,5,1
55.30769230769231,1.0,1.0,1.0,784.48968,130.74828,0.1519921385,4.391030068999999,9,3.724,1,1,1
107.0,2.0,2.0,1.0,5000.0,1000.0,0.0001,0.0,11449,3.724,2,3,1
104.4,1.0,2.0,1.0,745.06608,124.17768000000001,0.1625667895,4.5395697165,12769,3.724,2,1,1
81.0909090909091,1.0,2.0,1.0,643.5723,107.26205,0.189169767,6.1241894845,4,3.724,3,4,1
572.7857142857143,1.0,1.0,1.0,797.90886,132.98481,0.18557699400000002,5.621797373000001,547600,3.724,1,1,1
62.69230769230769,1.0,1.0,1.0,459.87162,76.64527,0.26482068249999996,9.376182556,121,3.724,1,1,1
78.41666666666667,1.0,2.0,1.0,528.80412,88.13401999999999,0.23700209949999998,6.6795967395,9,3.724,2,2,1
92.23076923076923,1.0,1.0,1.0,635.31024,105.88504,0.19011713300000002,5.991495968500001,4356,3.724,1,1,1
81.45454545454545,1.0,2.0,1.0,550.60188,91.76698,0.22580928749999998,6.9323001855,9,3.724,1,1,1
70.0,2.0,2.0,1.0,1058.63052,176.43842,0.0001,0.0,784,3.724,2,2,1
84.5,1.0,2.0,1.0,672.3402600000001,112.05671000000001,0.19237993850000001,4.866406413,16,3.724,1,1,1
368.45454545454544,1.0,1.0,1.0,487.47024,81.24504,0.256406182,20.710467774999998,275625,3.724,1,1,1
51.0,1.0,2.0,1.0,792.89688,132.14947999999998,0.153535526,4.0907529875,144,3.724,2,2,1
111.72727272727273,1.0,2.0,1.0,458.69922,76.44987,0.26659570450000003,9.325469348999999,6084,3.724,2,3,1
81.0,1.0,1.0,1.0,905.33244,150.88874,0.136015263,3.4097128930000005,4356,3.724,1,1,1
929.7702702702703,1.0,1.0,1.0,3132.92832,522.15472,0.061172980999999994,1.1298741049999999,1194649,3.724,2,1,1
169.0909090909091,1.0,1.0,1.0,729.3447600000001,121.55746,0.1650527085,4.464520503,5929,3.724,1,2,1
64.3913043478261,1.0,1.0,1.0,492.7206,82.1201,0.24622939800000002,7.7633134585,484,3.724,2,2,1
906.4605263157895,1.0,2.0,1.0,2910.81282,485.13547000000005,0.0620543205,1.3359092755,1194649,3.724,2,2,1
51.666666666666664,1.0,2.0,1.0,1168.35006,194.72501,0.10313493700000001,2.6909539435,196,3.724,1,3,1
989.3894736842105,1.0,2.0,1.0,2396.5251,399.42085,0.0758190185,4.8465595304999995,1418481,3.724,1,1,1
53.375,1.0,2.0,1.0,1275.42528,212.57088,8.836649450000001,100.0,196,3.724,2,5,1
51.0,1.0,2.0,1.0,371.00460000000004,61.83410000000001,0.342053078,10.058526269,144,3.724,1,1,1
53.625,1.0,2.0,1.0,938.4325799999999,156.40543,0.134277814,2.542708571,196,3.724,2,3,1
106.0,2.0,2.0,1.0,5000.0,1000.0,0.0001,0.0,11236,3.724,1,1,1
54.0,1.0,2.0,1.0,1234.8829799999999,205.81383,0.10029767649999999,2.1210420979999998,225,3.724,2,3,1
51.0,1.0,2.0,1.0,745.1211,124.18684999999999,0.16156687749999998,4.609657640500001,144,3.724,1,1,1
228.77777777777777,1.0,2.0,1.0,486.89022,81.14837,0.25598377,18.14880946,108241,3.724,3,1,1
51.0,1.0,2.0,1.0,757.22592,126.20432,0.1605979705,4.3970112515,144,3.724,1,2,1
1124.5608272506083,1.0,1.0,1.0,3374.22354,562.37059,0.0627656395,1.4265000145000002,1679616,3.724,1,1,1
906.328947368421,1.0,2.0,1.0,2435.6751,405.94585,0.0728418875,1.6286919675,1192464,3.724,2,2,1
62.391304347826086,1.0,1.0,1.0,456.70686,76.11780999999999,0.2660181275,8.200903416,484,3.724,1,1,1
228.77777777777777,1.0,2.0,1.0,476.79102,79.46517,0.2645307335,20.147993235,108241,3.724,1,1,1
559.4857142857143,1.0,2.0,1.0,970.2768,161.7128,0.1333780545,9.606085001,651249,3.724,1,1,1
51.0,1.0,2.0,1.0,801.39786,133.56631,0.1523590405,4.5977666355,144,3.724,1,1,1
58.5,0.0,2.0,1.0,770.47536,128.41255999999998,0.0001,0.0,1225,3.724,1,1,1
58.5,0.0,2.0,1.0,770.47536,128.41255999999998,0.0001,0.0,1225,3.724,1,1,1
51.0,1.0,2.0,1.0,493.40004,82.23334,0.2549479445,7.900661662500001,144,3.724,1,3,1
954.3194444444445,1.0,2.0,1.0,3618.5780400000003,603.09634,0.052737845000000005,1.0238804765,1276900,3.724,1,2,1
75.33333333333333,1.0,1.0,1.0,1209.23424,201.53904,0.0975130705,2.5335460994999996,3136,3.724,1,1,1
929.6351351351351,1.0,2.0,1.0,2804.6953200000003,467.44922,0.0681455055,1.4181641329999999,1192464,3.724,1,3,1
929.6351351351351,1.0,2.0,1.0,3645.0246,607.5041,0.0528306035,1.0081132805,1192464,3.724,1,3,1
59.375,1.0,2.0,1.0,1123.5408,187.2568,9.6594576,100.0,529,3.724,3,7,1
478.3333333333333,1.0,1.0,1.0,1836.38604,306.06434,0.0669899925,4.003367454,461041,3.724,1,1,1
62.56521739130435,1.0,1.0,1.0,512.57874,85.42979000000001,0.2373988345,8.15379733,400,3.724,3,1,1
1092.144927536232,1.0,1.0,1.0,2116.49418,352.74903,0.07172261499999999,4.05422437,1776889,3.724,1,1,1
1042.8245614035088,1.0,1.0,1.0,5000.0,880.62331,0.042489748,0.7907541329999999,1406596,3.724,1,1,1
84.0,2.0,2.0,1.0,5000.0,1000.0,0.0001,0.0,7056,3.724,1,2,1
71.55555555555556,1.0,1.0,1.0,1007.9807999999999,167.99679999999998,0.1192576595,3.104314296,2401,3.724,1,2,1
51.0,1.0,2.0,1.0,1137.09204,189.51533999999998,0.107581978,3.333180859,144,3.724,2,1,1
73.77777777777777,1.0,1.0,1.0,1376.8489200000001,229.47482000000002,0.088195596,2.6016151575,2809,3.724,1,1,1
51.0,1.0,2.0,1.0,813.0237,135.50395,0.1551653775,5.125748907499999,144,3.724,1,1,1
52.0,2.0,2.0,1.0,5000.0,1000.0,0.0001,0.0,2704,3.724,3,4,1
1449.0,2.0,2.0,1.0,5000.0,1000.0,0.0001,0.0,2099601,3.724,1,1,1
61.666666666666664,1.0,2.0,1.0,1896.05868,316.00978000000003,0.059930198000000004,1.9023725935,1024,3.724,2,5,1
51.0,1.0,2.0,1.0,333.7419,55.62365,0.3784545815,10.72901313,144,3.724,2,1,1
59.96153846153846,1.0,1.0,1.0,126.33132,21.055220000000002,0.9676275000000001,52.000984700000004,324,3.724,2,1,1
518.516129032258,1.0,2.0,1.0,713.73216,118.95536,0.185878045,17.704067029999997,534361,3.724,2,1,1
584.2162162162163,1.0,1.0,1.0,931.70652,155.28442,0.147794179,4.486508694,547600,3.724,1,1,1
101.67307692307692,1.0,1.0,1.0,366.84834,61.14139,0.3303714605,13.8382884125,2601,3.724,2,2,1
87.55555555555556,1.0,1.0,1.0,511.1601,85.19335,0.2433959115,6.9427439025,6084,3.724,1,1,1
51.0,1.0,2.0,1.0,775.53684,129.25614,0.160776433,4.268604797,144,3.724,1,1,1
118.1590909090909,1.0,1.0,1.0,1136.11044,189.35174,0.1063208135,2.6499507449999995,3025,3.724,3,1,1
1037.6891891891892,1.0,1.0,1.0,3685.28274,614.21379,0.054796568999999996,1.1313841230000001,1440000,3.724,1,1,1
61.666666666666664,1.0,2.0,1.0,1436.6965799999998,239.44942999999998,0.083822015,2.5123801705,1024,3.724,2,3,1
185.33333333333334,0.0,2.0,1.0,278.25006,46.37501,0.179696,0.2541196875,100,3.724,1,1,1
185.33333333333334,0.0,2.0,1.0,278.25006,46.37501,0.179696,0.2541196875,100,3.724,1,1,1
185.33333333333334,0.0,2.0,1.0,278.25006,46.37501,0.179696,0.2541196875,100,3.724,1,1,1
185.33333333333334,0.0,2.0,1.0,278.25006,46.37501,0.179696,0.2541196875,100,3.724,1,1,1
108.0,0.0,2.0,1.0,68.77098,11.461829999999999,0.4362304375,0.5454068125,11664,3.724,1,1,1
1497.0,2.0,2.0,1.0,5000.0,1000.0,0.0001,0.0,2241009,3.724,1,1,1
64.0,1.0,2.0,1.0,1591.3431600000001,265.22386,0.077250843,1.640576979,961,3.724,1,4,1
568.5921052631579,1.0,1.0,1.0,1718.81754,286.46959,0.08154891950000001,1.96262862,514089,3.724,1,1,1
1110.3023255813953,1.0,1.0,1.0,5000.0,870.05602,0.04706450599999999,3.0252966125000005,1540081,3.724,1,1,1
52.0,2.0,2.0,1.0,5000.0,1000.0,0.0001,0.0,2704,3.724,2,5,1
788.7037037037037,1.0,1.0,1.0,1752.67416,292.11235999999997,0.089084599,3.2392082749999997,933156,3.724,1,1,1
88.625,1.0,1.0,1.0,2262.0681,377.01135,0.050975356500000006,1.0482421305,4900,3.724,2,2,1
52.0,2.0,2.0,1.0,5000.0,1000.0,0.0001,0.0,2704,3.724,1,3,1
85.33333333333333,1.0,1.0,1.0,968.09556,161.34926000000002,0.12812880699999998,3.7108078399999997,5476,3.724,1,1,1
56.76923076923077,1.0,2.0,1.0,1244.57058,207.42843,0.0973619515,2.4518272105000003,0,3.724,9,2,1
320.0,0.0,2.0,1.0,5000.0,1000.0,0.0001,0.0,102400,3.724,2,1,1
52.0,2.0,2.0,1.0,5000.0,1000.0,0.0001,0.0,2704,3.724,1,3,1
1480.0,2.0,2.0,1.0,5000.0,1000.0,0.0001,0.0,2190400,3.724,4,13,1
1480.0,2.0,2.0,1.0,5000.0,1000.0,0.0001,0.0,2190400,3.724,1,3,1
52.0,2.0,2.0,1.0,5000.0,1000.0,0.0001,0.0,2704,3.724,2,5,1
52.0,2.0,2.0,1.0,5000.0,1000.0,0.0001,0.0,2704,3.724,1,3,1
55.785714285714285,1.0,2.0,1.0,708.28218,118.04703,0.1729859955,5.74389476,4,3.724,1,2,1
272.0,0.0,2.0,1.0,69.69030000000001,11.61505,0.4373357815,0.5059955625,73984,3.724,4,1,1
550.1764705882352,1.0,2.0,1.0,2020.38954,336.73159,0.06526377450000001,2.1025320185000003,534361,3.724,2,3,1
52.0,2.0,2.0,1.0,5000.0,1000.0,0.0001,0.0,2704,3.724,2,4,1
52.0,2.0,2.0,1.0,5000.0,1000.0,0.0001,0.0,2704,3.724,1,4,1
99.8,1.0,2.0,1.0,2003.0677799999999,333.84462999999994,0.060356670499999994,1.300117714,121,3.724,1,3,1
88.7,1.0,2.0,1.0,1606.80606,267.80100999999996,0.07607186199999999,1.6514254119999998,4,3.724,1,4,1
86.36363636363636,1.0,2.0,1.0,2053.11714,342.18618999999995,0.058443919000000004,1.880420549,144,3.724,2,4,1
101.2,1.0,1.0,1.0,1677.96342,279.66057,0.07225872100000001,2.693986464,1521,3.724,2,5,1
90.6,1.0,2.0,1.0,1935.3393600000002,322.55656,0.0620841905,1.3896786904999998,36,3.724,1,3,1
98.6,1.0,1.0,1.0,2010.9154800000001,335.15258000000006,0.057968166499999994,2.0965195265,1024,3.724,2,5,1
580.9375,1.0,2.0,1.0,3231.59022,538.5983699999999,0.040498302,1.0174376685,529984,3.724,11,4,1
105.5,1.0,1.0,1.0,1050.42402,175.07067,0.1151412205,4.5826067825,2601,3.724,3,3,1
105.5,1.0,1.0,1.0,1050.42402,175.07067,0.1151412205,4.5826067825,2601,3.724,3,3,1
89.3,1.0,2.0,1.0,1454.72544,242.45424,0.0805130245,1.8794024980000001,1,3.724,1,4,1
89.0,1.0,2.0,1.0,1091.72922,181.95487,0.11443181050000001,2.4249574445,0,3.724,10,3,1
85.7,1.0,2.0,1.0,1885.4413200000001,314.24022,0.063657533,1.432273915,49,3.724,2,3,1
86.27272727272727,1.0,2.0,1.0,1842.84072,307.14012,0.06219157300000001,1.938416885,16,3.724,1,3,1
81.18181818181819,1.0,2.0,1.0,1575.07482,262.51247,0.07575285600000001,2.5097146875000003,16,3.724,1,3,1
85.18181818181819,1.0,2.0,1.0,1454.52198,242.42032999999998,0.08360119900000001,2.8894154125,64,3.724,2,3,1
106.33333333333333,1.0,1.0,1.0,1124.84202,187.47367,0.1105392295,2.7447998644999996,2809,3.724,3,8,1
84.63636363636364,1.0,2.0,1.0,1380.2319599999998,230.03866,0.0912746245,2.063726987,49,3.724,9,3,1
1064.0,2.0,2.0,1.0,5000.0,1000.0,0.0001,0.0,1132096,3.724,1,1,1
111.66666666666667,1.0,1.0,1.0,1408.9079399999998,234.81798999999998,0.08450720749999999,2.1458107139999996,5184,3.724,1,2,1
105.88888888888889,1.0,1.0,1.0,1058.19012,176.36502000000002,0.1174142,2.9034948695,2916,3.724,1,2,1
110.55555555555556,1.0,1.0,1.0,1455.2157,242.53595,0.082265237,2.209508708,4225,3.724,2,4,1
105.22222222222223,1.0,1.0,1.0,809.61312,134.93552,0.1527824555,3.86333294,3249,3.724,1,4,1
49.333333333333336,1.0,2.0,1.0,1286.29044,214.38174,0.094636515,2.410944103,81,3.724,1,2,1
49.333333333333336,1.0,2.0,1.0,984.31758,164.05293,0.12144237749999999,3.1818554365,81,3.724,1,5,1
49.333333333333336,1.0,2.0,1.0,1389.0762,231.5127,0.08547416649999999,2.5915380464999997,81,3.724,2,5,1
272.0,0.0,2.0,1.0,74.63694,12.43949,0.40194575,0.4477536875,73984,3.724,1,1,1
49.333333333333336,1.0,2.0,1.0,942.54366,157.09061,0.1315046665,3.50384743,81,3.724,1,3,1
64.0,0.0,2.0,1.0,51.7047,8.61745,0.5802181875,0.7192530625000001,4096,3.724,1,1,1
496.0,2.0,2.0,1.0,5000.0,1000.0,0.0001,0.0,246016,3.724,3,6,1
960.0,2.0,2.0,1.0,5000.0,1000.0,0.0001,0.0,921600,3.724,2,7,1
913.1897810218978,0.0,2.0,1.0,929.3419799999999,154.89033,0.1201964805,0.1473306015,855625,3.724,1,1,1
304.0,2.0,2.0,1.0,5000.0,1000.0,0.0001,0.0,92416,3.724,1,5,1
95.0,2.0,2.0,1.0,5000.0,1000.0,0.0001,0.0,9025,3.724,1,5,1
771.0,2.0,2.0,1.0,5000.0,1000.0,0.0001,0.0,594441,3.724,1,5,1
1024.0,2.0,2.0,1.0,5000.0,1000.0,0.0001,0.0,1048576,3.724,1,5,1
312.0,2.0,2.0,1.0,5000.0,1000.0,0.0001,0.0,97344,3.724,2,5,1
98.4,1.0,1.0,1.0,1112.39154,185.39859,0.10809705700000001,3.994822953,1089,3.724,1,2,1
95.0,2.0,2.0,1.0,5000.0,1000.0,0.0001,0.0,9025,3.724,2,4,1
159.44444444444446,1.0,2.0,1.0,1314.49734,219.08289,0.0908991445,2.6490655695,43264,3.724,1,3,1
52.0,2.0,2.0,1.0,5000.0,1000.0,0.0001,0.0,2704,3.724,4,6,1
272.0,0.0,2.0,1.0,79.6926,13.2821,0.3764464375,0.517961719,73984,3.724,1,1,1
52.0,2.0,2.0,1.0,5000.0,1000.0,0.0001,0.0,2704,3.724,14,10,1
111.0,2.0,2.0,1.0,5000.0,1000.0,0.0001,0.0,12321,3.724,2,4,1
110.0,2.0,2.0,1.0,5000.0,1000.0,0.0001,0.0,12100,3.724,1,1,1
98.2,1.0,1.0,1.0,1770.6262199999999,295.10437,0.07138159849999999,1.9386218205,3364,3.724,1,6,1
116.44444444444444,1.0,1.0,1.0,2330.79462,388.46577,0.0509398815,1.2944945015,5776,3.724,1,6,1
64.0,1.0,2.0,1.0,2748.25104,458.04184,0.044697467500000004,1.0559805205,961,3.724,3,8,1
105.0,2.0,2.0,1.0,5000.0,1000.0,0.0001,0.0,11025,3.724,2,5,1
61.666666666666664,1.0,2.0,1.0,1876.59708,312.76617999999996,0.06264987400000001,1.956104077,1024,3.724,2,8,1
109.94736842105263,1.0,1.0,1.0,60.57414,10.09569,2.091493566,100.0,5476,3.724,3,7,1
113.0,2.0,2.0,1.0,5000.0,1000.0,0.0001,0.0,12769,3.724,3,6,1
98.1,1.0,1.0,1.0,1695.68922,282.61487,0.0726904875,1.950538553,3364,3.724,2,5,1
1064.0,2.0,2.0,1.0,5000.0,1000.0,0.0001,0.0,1132096,3.724,1,1,1
49.6,1.0,2.0,1.0,2163.48756,360.58126000000004,0.0551594445,1.7973238894999999,49,3.724,1,1,1
119.33333333333333,1.0,1.0,1.0,2334.38994,389.06498999999997,0.051680007,1.2606847270000001,6724,3.724,2,7,1
64.0,1.0,2.0,1.0,1994.52618,332.42103,0.060668523,1.32418002,961,3.724,1,4,1
61.666666666666664,1.0,2.0,1.0,1541.72874,256.95479,0.07522318150000001,2.471150131,1024,3.724,2,3,1
83.0,2.0,2.0,1.0,5000.0,1000.0,0.0001,0.0,6889,3.724,1,5,1
327.9,1.0,1.0,1.0,1290.71976,215.11996,0.09592888999999999,2.5324630134999997,150544,3.724,1,1,1
61.666666666666664,1.0,2.0,1.0,2406.76728,401.12788,0.0517139685,1.607278748,1024,3.724,2,2,1
1069.9166666666667,1.0,1.0,1.0,4058.26026,676.37671,0.050329506,0.9402112625,1512900,3.724,1,1,1
100.0,0.0,2.0,1.0,5000.0,1000.0,0.0001,0.0,10000,3.724,2,4,1
51.0,1.0,2.0,1.0,480.42978,80.07163,0.260860278,7.3148264605,144,3.724,1,1,1
52.0,2.0,2.0,1.0,5000.0,1000.0,0.0001,0.0,2704,3.724,2,4,1
100.0,0.0,2.0,1.0,5000.0,1000.0,0.0001,0.0,10000,3.724,2,4,1
84.0,2.0,2.0,1.0,5000.0,1000.0,0.0001,0.0,7056,3.724,1,3,1
52.0,2.0,2.0,1.0,5000.0,1000.0,0.0001,0.0,2704,3.724,2,4,1
72.125,1.0,2.0,1.0,504.45036,84.07506,0.248920431,9.4299614215,2809,3.724,2,1,1
52.0,2.0,2.0,1.0,1.0,0.0,0.0001,0.0,2704,3.724,3,6,1
57.5,1.0,1.0,1.0,527.04462,87.84076999999999,0.23154713300000002,8.8778364065,1,3.724,2,2,1
123.0,1.0,1.0,1.0,1083.1026,180.5171,0.1132695485,2.684854628,8464,3.724,2,1,1
52.0,2.0,2.0,1.0,5000.0,1000.0,0.0001,0.0,2704,3.724,3,3,1
64.0,1.0,2.0,1.0,1099.80618,183.30103000000003,0.11987105550000002,2.6150419845,961,3.724,1,3,1
954.2596153846154,1.0,1.0,1.0,2708.5843800000002,451.43073000000004,0.0658882795,1.6701870724999999,1281424,3.724,1,1,1
108.0,0.0,2.0,1.0,79.70484,13.28414,0.397129406,0.489461406,11664,3.724,1,1,1
108.0,0.0,2.0,1.0,79.70484,13.28414,0.397129406,0.489461406,11664,3.724,1,1,1
52.0,2.0,2.0,1.0,5000.0,1000.0,0.0001,0.0,2704,3.724,1,2,1
52.0,2.0,2.0,1.0,5000.0,1000.0,0.0001,0.0,2704,3.724,1,1,1
705.0666666666667,1.0,2.0,1.0,1000.09596,166.68266,0.1403211015,12.1985979885,980100,3.724,2,1,1
52.0,2.0,2.0,1.0,5000.0,1000.0,0.0001,0.0,2704,3.724,14,10,1
52.0,2.0,2.0,1.0,5000.0,1000.0,0.0001,0.0,2704,3.724,1,1,1
84.0,2.0,2.0,1.0,5000.0,1000.0,0.0001,0.0,7056,3.724,1,1,1
64.0,1.0,2.0,1.0,3007.2474,501.2079,0.0402240325,0.893620562,961,3.724,2,8,1
52.0,2.0,2.0,1.0,5000.0,1000.0,0.0001,0.0,2704,3.724,2,1,1
54.625,1.0,2.0,1.0,534.99774,89.16629,0.2352147895,9.108998242,324,3.724,3,1,1
470.58620689655174,1.0,1.0,1.0,1113.5745,185.59574999999998,0.1156015155,3.016279944,378225,3.724,1,1,1
100.0,0.0,2.0,1.0,5000.0,1000.0,0.0001,0.0,10000,3.724,1,1,1
406.54545454545456,1.0,1.0,1.0,1047.25008,174.54167999999999,0.11585915650000002,7.0957972394999995,354025,3.724,1,1,1
100.0,0.0,2.0,1.0,5000.0,1000.0,0.0001,0.0,10000,3.724,1,1,1
108.77777777777777,1.0,2.0,1.0,1134.12216,189.02035999999998,0.10718088149999999,3.1875944979999997,13456,3.724,1,1,1
51.0,1.0,2.0,1.0,795.20574,132.53429,0.15948009600000002,4.5627995265,144,3.724,1,4,1
51.0,1.0,2.0,1.0,613.9929,102.33215,0.174672193,5.6458860405,144,3.724,2,1,1
173.875,1.0,1.0,1.0,1409.4167400000001,234.90279,0.091239454,1.9482555820000003,42436,3.724,1,1,1
491.5833333333333,1.0,1.0,1.0,2437.79652,406.29942,0.0502061285,3.028247278,498436,3.724,1,1,1
108.0,0.0,2.0,1.0,174.41334,29.06889,0.1854879845,0.197051078,11664,3.724,1,1,1
50.125,1.0,2.0,1.0,1774.46898,295.74483,12.0854009,100.0,64,3.724,2,4,1
532.0,2.0,2.0,1.0,5000.0,1000.0,0.0001,0.0,283024,3.724,1,7,1
50.125,1.0,2.0,1.0,1774.46898,295.74483,12.0854009,100.0,64,3.724,2,4,1
52.0,2.0,2.0,1.0,5000.0,1000.0,0.0001,0.0,2704,3.724,4,6,1
100.0,0.0,2.0,1.0,5000.0,1000.0,0.0001,0.0,10000,3.724,2,6,1
532.0,2.0,2.0,1.0,5000.0,1000.0,0.0001,0.0,283024,3.724,1,7,1
104.5,2.0,2.0,1.0,7.93422,1.3223699999999998,3.78107675,5.3472455,11025,3.724,1,3,1
100.0,0.0,2.0,1.0,5000.0,1000.0,0.0001,0.0,10000,3.724,2,6,1
52.25,1.0,1.0,1.0,1323.4477200000001,220.57462,6.080496500000001,100.0,81,3.724,2,4,1
100.0,0.0,2.0,1.0,5000.0,1000.0,0.0001,0.0,10000,3.724,2,6,1
272.0,0.0,2.0,1.0,67.2861,11.21435,0.44974353100000003,0.5054540315,73984,3.724,1,1,1
532.0,2.0,2.0,1.0,5000.0,1000.0,0.0001,0.0,283024,3.724,3,9,1
100.0,0.0,2.0,1.0,5000.0,1000.0,0.0001,0.0,10000,3.724,2,6,1
51.61538461538461,1.0,1.0,1.0,1386.0757199999998,231.01261999999997,0.0872817705,2.5789706339999996,100,3.724,2,3,1
100.0,0.0,2.0,1.0,5000.0,1000.0,0.0001,0.0,10000,3.724,2,6,1
103.44444444444444,1.0,1.0,1.0,1415.2671,235.87785,0.08611934049999999,2.2573737245,2809,3.724,4,6,1
100.0,0.0,2.0,1.0,5000.0,1000.0,0.0001,0.0,10000,3.724,2,6,1
1089.6555555555556,1.0,2.0,1.0,5000.0,1000.0,0.0332088455,0.618163815,1495729,3.724,3,3,1
100.0,0.0,2.0,1.0,5000.0,1000.0,0.0001,0.0,10000,3.724,2,6,1
97.7,1.0,1.0,1.0,1182.51492,197.08582,0.10154483450000001,3.6629448325,1089,3.724,1,6,1
52.111111111111114,1.0,2.0,1.0,1533.82998,255.63833,0.077687911,2.1200474765,196,3.724,1,2,1
100.0,0.0,2.0,1.0,5000.0,1000.0,0.0001,0.0,10000,3.724,2,6,1
104.0,1.0,1.0,1.0,1149.40326,191.56721000000002,0.1025534445,2.712333272,2916,3.724,2,5,1
1093.4948979591836,1.0,2.0,1.0,5000.0,1000.0,0.030789849499999997,0.53759878,1503076,3.724,1,2,1
100.0,0.0,2.0,1.0,5000.0,1000.0,0.0001,0.0,10000,3.724,2,6,1
168.625,1.0,1.0,1.0,2145.0993,357.51655,0.058443389,1.2243236855,39204,3.724,5,1,1
100.0,0.0,2.0,1.0,5000.0,1000.0,0.0001,0.0,10000,3.724,2,6,1
1083.9356435643565,1.0,2.0,1.0,5000.0,970.8245499999999,0.0418449075,0.8011386305,1493284,3.724,1,2,1
100.0,0.0,2.0,1.0,5000.0,1000.0,0.0001,0.0,10000,3.724,2,6,1
110.4,1.0,1.0,1.0,1228.5620999999999,204.76035,0.102875695,2.527652477,7744,3.724,1,4,1
512.734375,1.0,1.0,1.0,2085.2871,347.54785,0.0640914535,1.6164428455,434281,3.724,5,3,1
64.0,1.0,2.0,1.0,1483.7553599999999,247.29255999999998,0.07923227799999999,1.6582099315,961,3.724,2,4,1
51.0,1.0,2.0,1.0,992.4167400000001,165.40279,0.12582997399999998,4.2770286639999995,144,3.724,2,3,1
61.666666666666664,1.0,2.0,1.0,1584.66288,264.11048,0.076515015,2.305994511,1024,3.724,2,4,1
88.5,1.0,1.0,1.0,1865.83026,310.97171,0.060368823499999995,1.4353251905,4900,3.724,1,1,1
75.25,1.0,1.0,1.0,2133.5457,355.59095,0.06066935650000001,1.172324067,2401,3.724,1,1,1
64.0,1.0,2.0,1.0,948.57156,158.09526,0.13932762050000003,3.0955753369999996,961,3.724,1,3,1
121.55555555555556,1.0,1.0,1.0,2058.22344,343.03724,0.055086976,1.6571361805000002,8464,3.724,1,1,1
84.0,2.0,2.0,1.0,5000.0,1000.0,0.0001,0.0,7056,3.724,2,8,1
73.5,1.0,1.0,1.0,1731.45858,288.57643,0.072590921,1.4311984439999998,2116,3.724,2,2,1
100.0,0.0,2.0,1.0,5000.0,1000.0,0.0001,0.0,10000,3.724,1,6,1
106.11111111111111,1.0,1.0,1.0,1318.31484,219.71914,0.08970050699999998,2.201327727,3249,3.724,4,4,1
100.0,0.0,2.0,1.0,5000.0,1000.0,0.0001,0.0,10000,3.724,1,6,1
52.0,2.0,2.0,1.0,5000.0,1000.0,0.0001,0.0,2704,3.724,1,5,1
81.36363636363636,1.0,2.0,1.0,2007.76008,334.62668,0.05979507,1.9793082655,36,3.724,2,4,1
52.0,2.0,2.0,1.0,5000.0,1000.0,0.0001,0.0,2704,3.724,2,5,1
118.33333333333333,1.0,1.0,1.0,2165.6326799999997,360.93877999999995,0.056204278,1.3350639759999998,8649,3.724,1,1,1
52.0,2.0,2.0,1.0,5000.0,1000.0,0.0001,0.0,2704,3.724,1,4,1
406.3,1.0,2.0,1.0,1448.43936,241.40656,0.099756106,1.8354300975,266256,3.724,1,3,1
51.0,1.0,2.0,1.0,1295.2545,215.87575,0.09293219999999999,2.9921180494999997,144,3.724,1,1,1
50.44117647058823,1.0,2.0,1.0,1892.0607599999998,315.34346,0.063777853,1.4864545,144,3.724,1,1,1
116.1,1.0,2.0,1.0,1354.3249799999999,225.72082999999998,0.0885638955,2.213496807,19044,3.724,1,1,1
226.0,1.0,1.0,1.0,2542.89468,423.81577999999996,0.047719888999999995,2.7370624775,82944,3.724,1,1,1
100.0,0.0,2.0,1.0,5000.0,1000.0,0.0001,0.0,10000,3.724,3,2,1
74.125,1.0,1.0,1.0,3399.35646,566.55941,0.034901734,0.737627864,2209,3.724,2,1,1
159.44444444444446,1.0,2.0,1.0,839.8773600000001,139.97956,0.1427466665,3.9460825905,43264,3.724,1,3,1
100.0,0.0,2.0,1.0,5000.0,1000.0,0.0001,0.0,10000,3.724,3,2,1
84.0,2.0,2.0,1.0,5000.0,1000.0,0.0001,0.0,7056,3.724,1,1,1
100.0,0.0,2.0,1.0,5000.0,1000.0,0.0001,0.0,10000,3.724,3,2,1
159.44444444444446,1.0,2.0,1.0,1055.84592,175.97432,0.11603087399999999,3.1948273965,43264,3.724,1,2,1
51.0,1.0,2.0,1.0,1552.57998,258.76333,0.08028674449999999,2.806800026,144,3.724,1,1,1
100.0,0.0,2.0,1.0,5000.0,1000.0,0.0001,0.0,10000,3.724,3,2,1
50.125,1.0,2.0,1.0,951.0816,158.5136,0.13704103650000002,2.9434514075,64,3.724,1,3,1
174.0,1.0,2.0,1.0,1558.0611,259.67685,0.081499389,1.6163854789999998,42849,3.724,1,5,1
57.5,1.0,2.0,1.0,4545.775799999999,757.6293,0.026904412,0.524472089,400,3.724,3,12,1
320.0,0.0,2.0,1.0,5000.0,1000.0,0.0001,0.0,102400,3.724,2,1,1
921.3676470588235,1.0,1.0,1.0,5000.0,1000.0,0.021321962999999996,1.3199524259999997,1252161,3.724,1,2,1
341.5,1.0,1.0,1.0,1849.31322,308.21887,0.06847220400000001,4.7359353615,200704,3.724,1,1,1
92.0,2.0,2.0,1.0,5000.0,1000.0,0.0001,0.0,8464,3.724,1,6,1
49.15,1.0,2.0,1.0,1432.59276,238.76546000000002,0.0892676255,2.3564459555,121,3.724,1,1,1
159.44444444444446,1.0,2.0,1.0,1499.78832,249.96472,0.08101564450000001,2.330595708,43264,3.724,1,3,1
122.55555555555556,1.0,1.0,1.0,2930.96706,488.49451,0.0414079205,1.0462446045,6889,3.724,1,1,1
320.0,0.0,2.0,1.0,5000.0,1000.0,0.0001,0.0,102400,3.724,2,1,1
55.375,1.0,2.0,1.0,2889.18078,481.53013,0.0411826225,0.9068564805,289,3.724,2,10,1
49.333333333333336,1.0,2.0,1.0,913.8597599999999,152.30996,0.1323931555,3.5137137005,81,3.724,1,5,1
50.625,1.0,2.0,1.0,1814.89662,302.48277,0.0706792455,1.4834464154999998,81,3.724,2,10,1
701.2045454545455,1.0,1.0,1.0,2861.82492,476.97082,0.0494914295,1.2925562975,774400,3.724,1,1,1
100.0,0.0,2.0,1.0,5000.0,1000.0,0.0001,0.0,10000,3.724,1,4,1
196.27272727272728,1.0,1.0,1.0,2083.3884,347.2314,0.059163294,1.5081746535,32041,3.724,1,2,1
100.0,0.0,2.0,1.0,5000.0,1000.0,0.0001,0.0,10000,3.724,1,4,1
81.5,1.0,1.0,1.0,1985.90886,330.98481,0.0627778985,1.0981803384999997,3481,3.724,1,2,1
100.0,0.0,2.0,1.0,5000.0,1000.0,0.0001,0.0,10000,3.724,1,4,1
57.666666666666664,1.0,2.0,1.0,1658.93046,276.48841,0.07032374450000001,2.2203631175000003,576,3.724,2,8,1
100.0,0.0,2.0,1.0,5000.0,1000.0,0.0001,0.0,10000,3.724,1,4,1
52.625,1.0,2.0,1.0,1954.76664,325.79444,0.06327303249999999,1.3261070165000002,144,3.724,4,11,1
114.33333333333333,1.0,1.0,1.0,966.35388,161.05898,0.1381102625,3.775664177,5625,3.724,1,2,1
50.125,1.0,2.0,1.0,1234.4018999999998,205.73364999999998,0.101980778,2.2540456435,64,3.724,1,3,1
100.0,0.0,2.0,1.0,5000.0,1000.0,0.0001,0.0,10000,3.724,1,4,1
54.375,1.0,2.0,1.0,1659.14526,276.52421,0.0766027875,1.5116190145,225,3.724,3,14,1
159.44444444444446,1.0,2.0,1.0,1248.92256,208.15376,0.09360457750000001,2.5139476925000004,43264,3.724,1,3,1
100.0,0.0,2.0,1.0,5000.0,1000.0,0.0001,0.0,10000,3.724,1,4,1
230.45454545454547,1.0,1.0,1.0,1834.29882,305.71646999999996,0.06554845000000001,4.427656739500001,80089,3.724,1,1,1
174.0,1.0,2.0,1.0,1142.62932,190.43822,0.11397801899999999,2.2771533679999996,42849,3.724,1,3,1
100.0,0.0,2.0,1.0,5000.0,1000.0,0.0001,0.0,10000,3.724,1,4,1
150.70454545454547,1.0,1.0,1.0,1731.17064,288.52844,0.070032073,1.6853260945,11236,3.724,1,1,1
100.0,0.0,2.0,1.0,5000.0,1000.0,0.0001,0.0,10000,3.724,1,4,1
84.0,2.0,2.0,1.0,5000.0,1000.0,0.0001,0.0,7056,3.724,1,1,1
98.0,2.0,2.0,1.0,5000.0,1000.0,0.0001,0.0,9604,3.724,1,1,1
100.0,0.0,2.0,1.0,5000.0,1000.0,0.0001,0.0,10000,3.724,1,4,1
456.45454545454544,1.0,1.0,1.0,2953.90506,492.31751,0.040566006,2.3588850745,456976,3.724,1,1,1
117.0,2.0,2.0,1.0,5000.0,1000.0,0.0001,0.0,13689,3.724,1,5,1
100.0,0.0,2.0,1.0,5000.0,1000.0,0.0001,0.0,10000,3.724,1,4,1
1449.0,2.0,2.0,1.0,5000.0,1000.0,0.0001,0.0,2099601,3.724,3,12,1
100.0,0.0,2.0,1.0,5000.0,1000.0,0.0001,0.0,10000,3.724,1,4,1
833.9508196721312,1.0,1.0,1.0,3810.6576600000003,635.10961,0.042493315,1.1204698354999998,1004004,3.724,1,1,1
100.0,0.0,2.0,1.0,5000.0,1000.0,0.0001,0.0,10000,3.724,1,4,1
54.77777777777778,1.0,2.0,1.0,1518.6481199999998,253.10801999999998,0.08045324449999999,2.177889844,361,3.724,4,12,1
100.0,0.0,2.0,1.0,5000.0,1000.0,0.0001,0.0,10000,3.724,1,4,1
853.8253968253969,1.0,1.0,1.0,4393.08648,732.1810800000001,0.037627932,0.820325148,1042441,3.724,1,1,1
100.0,0.0,2.0,1.0,5000.0,1000.0,0.0001,0.0,10000,3.724,1,2,1
100.0,0.0,2.0,1.0,5000.0,1000.0,0.0001,0.0,10000,3.724,1,2,1
377.0,2.0,2.0,1.0,5000.0,1000.0,0.0001,0.0,142129,3.724,1,1,1
100.0,0.0,2.0,1.0,5000.0,1000.0,0.0001,0.0,10000,3.724,1,2,1
1481.0,2.0,2.0,1.0,5000.0,1000.0,0.0001,0.0,2193361,3.724,3,15,1
100.0,0.0,2.0,1.0,5000.0,1000.0,0.0001,0.0,10000,3.724,1,2,1
51.0,1.0,2.0,1.0,932.67804,155.44634,0.1328563625,4.560787918,144,3.724,2,1,1
100.0,0.0,2.0,1.0,5000.0,1000.0,0.0001,0.0,10000,3.724,1,2,1
100.0,0.0,2.0,1.0,5000.0,1000.0,0.0001,0.0,10000,3.724,1,2,1
60.0,0.0,2.0,1.0,1.0,0.0,0.0001,0.0,3600,3.724,3,3,1
100.0,0.0,2.0,1.0,5000.0,1000.0,0.0001,0.0,10000,3.724,1,2,1
55.416666666666664,1.0,2.0,1.0,2776.44216,462.74036,0.042644708999999996,0.9626801155000001,1,3.724,2,3,1
60.0,0.0,2.0,1.0,1.0,0.0,0.0001,0.0,3600,3.724,3,3,1
100.0,0.0,2.0,1.0,5000.0,1000.0,0.0001,0.0,10000,3.724,1,2,1
60.0,0.0,2.0,1.0,1.0,0.0,0.0001,0.0,3600,3.724,3,3,1
100.0,0.0,2.0,1.0,5000.0,1000.0,0.0001,0.0,10000,3.724,1,2,1
60.0,0.0,2.0,1.0,1.0,0.0,0.0001,0.0,3600,3.724,3,3,1
100.0,0.0,2.0,1.0,5000.0,1000.0,0.0001,0.0,10000,3.724,1,2,1
60.0,0.0,2.0,1.0,1.0,0.0,0.0001,0.0,3600,3.724,3,3,1
60.0,0.0,2.0,1.0,1.0,0.0,0.0001,0.0,3600,3.724,3,3,1
100.0,0.0,2.0,1.0,5000.0,1000.0,0.0001,0.0,10000,3.724,1,2,1
60.0,0.0,2.0,1.0,1.0,0.0,0.0001,0.0,3600,3.724,3,3,1
100.0,0.0,2.0,1.0,5000.0,1000.0,0.0001,0.0,10000,3.724,1,2,1
60.0,0.0,2.0,1.0,1.0,0.0,0.0001,0.0,3600,3.724,3,3,1
55.416666666666664,1.0,2.0,1.0,1813.81572,302.30262,0.071393847,1.6138460825000003,1,3.724,1,3,1
60.0,0.0,2.0,1.0,385.54674,64.25779,0.0778115705,0.1861573905,3600,3.724,1,1,1
100.0,0.0,2.0,1.0,5000.0,1000.0,0.0001,0.0,10000,3.724,1,2,1
60.0,0.0,2.0,1.0,385.54674,64.25779,0.0778115705,0.1861573905,3600,3.724,1,1,1
100.0,0.0,2.0,1.0,5000.0,1000.0,0.0001,0.0,10000,3.724,1,2,1
60.0,0.0,2.0,1.0,385.54674,64.25779,0.0778115705,0.1861573905,3600,3.724,1,1,1
155.1818181818182,1.0,1.0,1.0,1862.30202,310.38367,0.063809058,1.570254822,9409,3.724,1,1,1
532.0,2.0,2.0,1.0,5000.0,1000.0,0.0001,0.0,283024,3.724,10,1,1
