packet_length,protocol_encoding,dst_port_class,src_port_ephemeral,event_rate_1m,burst_rate_10s,inter_arrival_mean,inter_arrival_std,packet_size_variance,payload_entropy,unique_dst_ips,unique_dst_ports,label
158,1,1,1,22.44,4,11.6686,14.3575,740.53,4.1019,1,1,0
1076,1,1,1,10.38,4,2.4094,2.9033,83002.15,4.0565,1,2,0
439,1,2,1,9.03,2,3.3693,1.7323,34584.08,3.8297,1,1,1
308,1,1,1,25.9,4,1.9462,0.9933,1820.25,4.3949,1,1,0
254,2,1,1,5.9,1,7.9926,4.002,1428.38,3.0613,1,1,0
223,2,1,1,31.24,3,0.9865,0.6607,707.96,3.871,1,1,0
1087,1,1,1,5.19,4,7.2847,7.0358,28220.7,3.854,1,1,1
1227,1,2,1,16.8,3,1.363,1.5577,65795.32,3.3589,1,1,0
1139,1,1,1,7.63,1,1.5316,1.2202,49140.08,4.0398,1,1,1
79,1,1,1,4.54,1,11.1832,0.5939,458.29,3.3234,1,1,1
151,1,1,1,3.2,3,12.0761,16.1558,23262.32,3.1399,1,1,0
518,1,1,1,5.86,3,3.9872,5.4071,28418.88,4.1064,1,1,0
358,1,1,1,29.1,4,2.8125,3.7405,41142.72,4.5579,1,1,0
719,1,1,1,15.66,5,5.0034,3.8475,18549.41,3.5896,1,2,0
90,1,1,1,6.59,4,5.2748,7.9078,68288.96,4.1216,1,1,0
976,1,1,1,5.86,1,2.0073,1.2487,19018.92,3.9381,1,1,0
1145,1,1,1,7.43,5,4.666,2.4359,42156.27,4.2128,1,1,0
1078,1,1,1,5.93,4,11.2801,9.0875,21872.82,3.3274,1,1,0
211,1,1,1,1.36,1,1.2187,1.4819,2145.85,3.4165,1,1,0
53,1,1,1,6.58,5,1.5927,2.2276,53245.15,3.4901,1,1,0
228,1,1,0,11.28,3,4.0336,4.0672,37412.62,3.5723,2,1,0
585,1,1,1,13.06,3,9.9726,8.32,8464.47,3.3,1,1,0
1229,1,1,1,19.22,6,6.6019,9.0832,25003.65,3.3969,1,1,0
52,1,1,1,39.44,11,0.211,0.0354,16.0,2.5542,5,21,1
113,1,1,1,5.35,1,14.2003,2.0124,810.15,2.9422,1,1,1
401,1,1,1,2.36,2,2.1837,1.3978,43243.01,2.9791,1,1,0
73,1,1,1,8.04,1,4.2737,6.1789,27398.95,3.4088,2,1,0
107,1,1,1,6.44,1,8.1803,12.0399,7493.09,4.4212,1,2,0
290,1,2,0,7.58,1,3.6921,2.9638,41048.19,3.5589,1,1,0
1349,1,1,1,3.55,1,0.4958,0.4699,51090.86,3.8635,1,1,0
40,1,1,1,52.05,9,0.3133,0.0113,16.0,2.7177,2,5,1
62,1,1,1,4.53,4,1.0518,1.5024,15934.6,3.3395,1,1,0
786,1,1,1,6.8,1,0.4253,0.6083,6996.64,3.7447,1,1,0
823,1,1,1,2.3,2,2.8433,1.9922,40986.9,3.751,1,1,0
128,2,1,1,33.59,3,8.9235,7.7526,2360.69,2.7019,1,1,0
477,1,1,1,2.54,2,2.6137,1.8313,37434.28,3.2508,1,1,0
926,1,1,1,4.57,1,6.3702,4.3886,36133.33,3.7173,2,1,0
44,1,2,1,31.64,8,0.3517,0.0385,0.0,2.9599,4,18,1
100,1,1,1,4.6,4,7.0686,5.3855,34427.47,3.3537,1,1,0
44,1,3,1,7.74,1,10.9678,1.9373,16.0,3.0949,6,20,1
272,1,2,1,3.66,3,3.9239,6.9646,4286.2,4.0176,1,1,0
710,1,1,1,4.72,3,3.345,5.0585,44858.36,3.3303,1,1,0
704,1,1,1,27.75,3,1.0729,1.4756,52696.41,5.0159,2,1,0
226,1,1,1,30.97,5,0.1921,0.0213,143.55,3.4492,1,1,1
419,1,1,1,19.55,6,4.8993,4.0819,48935.99,3.9058,2,1,0
804,1,2,1,38.46,3,23.9773,28.2439,51326.26,3.7788,1,1,0
778,1,2,1,9.34,1,0.7063,0.4187,11584.46,3.9436,1,2,1
117,1,2,1,5.46,1,4.4299,7.8946,23212.64,3.6283,1,1,0
1145,1,1,1,8.06,1,13.021,16.3092,40041.95,3.8404,1,1,0
1233,1,1,1,19.75,2,2.3634,2.7157,30067.88,4.9394,1,1,0
62,2,1,1,1.76,1,23.4454,32.849,2819.2,3.7683,1,1,0
1281,1,3,1,41.95,3,0.883,0.1592,8039.98,4.8411,1,1,1
1268,1,1,1,20.37,3,1.4309,1.534,129658.47,3.8618,1,1,0
1114,1,1,1,4.67,4,1.8519,1.7305,18036.91,3.6287,1,1,0
64,1,1,1,29.84,6,0.2779,0.0431,4.0,2.6165,5,25,1
166,1,1,1,14.81,5,3.1098,2.1549,3241.88,3.15,1,1,0
713,1,1,1,10.47,1,2.7011,1.8626,66278.05,4.0063,1,1,1
40,1,2,1,51.09,9,0.1358,0.0279,0.0,3.3565,6,24,1
1174,1,1,1,27.27,3,0.2982,0.0455,5300.8,5.0422,1,1,1
911,1,1,1,11.12,4,3.8466,4.1674,6502.3,3.8845,1,2,1
64,1,2,1,9.15,2,7.0868,0.7376,16.0,2.6529,4,9,1
302,2,1,1,4.43,1,11.1145,7.4425,756.9,3.7994,1,1,0
102,1,1,0,7.24,1,31.8302,36.9494,45085.41,2.5832,1,1,0
46,1,1,1,3.98,2,4.0365,3.9454,23891.01,4.0947,1,1,0
128,1,1,1,2.18,1,2.0823,2.2709,1495.36,3.6215,1,1,0
1109,1,1,1,6.35,2,10.1079,4.4961,56984.58,3.9586,1,1,1
983,1,1,1,19.93,5,0.7752,0.5861,72185.91,4.3204,1,1,0
204,1,2,1,4.74,1,6.1083,1.0208,2854.01,3.3684,1,1,1
905,1,1,1,4.27,2,3.6329,6.5371,13912.15,3.703,1,1,0
842,1,2,1,4.96,2,4.6492,7.9015,15520.04,4.2284,1,2,0
440,1,1,1,5.31,1,0.2476,0.3935,5625.7,3.99,1,1,0
383,2,1,1,2.6,2,7.2137,5.9411,5018.15,2.7467,1,1,0
332,1,2,1,8.15,1,5.3545,0.3673,656.79,2.7673,1,1,1
64,1,2,1,41.92,5,0.1625,0.0302,4.0,2.4125,6,25,1
1064,1,1,1,10.92,1,1.6206,1.9221,29119.3,5.1114,1,1,1
881,1,1,1,2.74,1,3.5504,3.0005,43385.32,3.2046,1,1,0
48,1,2,1,4.93,1,7.2404,9.0815,28073.49,3.6476,1,3,0
598,1,1,1,19.79,3,0.4639,0.245,23236.2,4.2951,2,1,0
76,1,1,1,42.15,6,5.94,6.5492,30724.32,4.9589,1,1,0
257,1,1,1,6.46,2,1.8371,1.7842,9671.12,4.0324,1,1,0
580,1,1,1,4.21,3,10.2765,11.5812,13660.65,2.8464,1,1,0
989,1,1,1,3.27,1,6.8247,4.67,51675.75,4.5347,1,1,0
531,1,1,1,1.37,1,4.3533,7.3489,4874.96,4.2199,1,1,0
144,1,1,1,26.25,9,0.105,0.0282,976.67,3.0974,1,1,1
50,1,1,1,4.49,3,9.8236,12.1359,37244.94,4.5257,1,1,0
71,1,1,1,4.94,1,6.9086,6.0481,13833.26,3.8618,1,1,0
67,1,1,1,2.96,1,4.9347,7.0794,28865.22,3.1021,1,1,0
338,1,1,1,3.29,2,13.3086,17.8864,12786.98,3.7674,1,1,0
95,2,1,1,2.95,3,3.089,3.258,5817.83,4.1625,1,1,0
1148,1,1,1,7.41,2,11.2396,8.5914,34652.84,4.4009,2,1,1
597,1,2,1,3.6,2,2.1544,1.7753,48619.71,3.5672,1,1,0
593,1,2,1,5.64,4,1.739,2.2052,10601.88,4.3381,1,1,0
97,1,1,1,16.74,2,7.2292,7.9637,58013.82,4.2337,1,1,0
195,1,1,1,34.05,2,12.5134,11.8469,886.18,3.1866,1,1,0
97,1,1,1,3.25,3,8.0832,14.1563,15603.84,2.9937,1,2,0
315,1,1,1,2.94,4,11.0715,2.991,1871.65,3.0738,1,1,1
162,2,1,0,2.26,1,5.4843,4.6512,6296.9,3.2201,1,1,0
49,2,1,1,35.82,4,5.4894,8.1027,4890.67,3.4397,1,1,0
1059,1,2,1,22.41,4,4.694,6.4972,15059.75,3.6798,1,1,0
86,2,1,1,3.85,1,10.7929,11.9091,5554.65,2.2507,1,1,0
64,3,1,0,30.0,5,0.1609,0.0034,4.0,2.8577,6,9,1
66,2,1,1,2.08,1,3.9253,3.6072,1223.97,4.0641,1,1,0
343,2,1,1,30.03,5,4.4799,4.3033,1983.57,2.0766,1,1,0
683,1,1,1,21.64,4,0.316,0.4381,18408.55,3.537,2,1,0
885,1,1,1,8.23,3,6.7121,6.5244,40500.58,3.3787,1,2,1
803,1,1,1,31.08,5,3.5703,3.3348,81691.88,4.5617,1,1,0
58,2,1,1,24.51,2,10.3094,11.5831,1590.23,2.706,1,1,0
322,1,1,1,5.6,2,10.6404,15.023,44905.26,3.7616,1,3,0
1170,1,1,1,3.37,3,6.4205,9.9612,6205.67,3.0258,1,1,0
524,1,2,1,4.86,1,5.7752,7.3859,25283.2,3.913,1,1,0
390,1,1,1,6.6,1,10.5652,13.2794,15171.37,4.7158,1,1,0
986,1,1,1,8.04,2,3.1739,3.4482,47794.44,3.2726,1,1,0
1151,1,1,1,6.56,1,3.2836,3.2821,9911.08,4.1467,1,1,0
326,1,1,1,2.41,1,8.5711,11.3934,2555.3,3.8879,1,1,0
831,1,1,1,6.22,2,7.7143,4.722,58255.56,4.4094,1,1,1
316,1,1,1,14.4,4,6.5499,3.0555,57562.03,3.7814,2,1,0
195,1,1,1,5.89,3,11.6827,9.3226,19887.05,2.6865,1,1,0
279,1,1,1,24.45,6,1.1164,0.2905,742.21,2.9466,1,1,1
185,1,1,1,21.44,6,0.9496,0.1627,569.83,2.9593,1,1,1
1171,1,1,1,17.86,6,0.2823,0.257,42300.68,3.9204,1,1,0
105,1,1,1,5.29,5,7.372,10.2521,16762.47,3.9154,1,1,0
1362,1,1,1,10.78,1,0.6147,0.2675,28844.9,4.7323,1,1,1
1195,1,1,1,8.38,2,2.4086,2.6535,22448.37,4.6945,1,1,1
1218,1,1,1,30.51,5,1.4142,0.4442,12852.47,4.6717,1,1,1
114,1,1,1,4.17,1,3.4011,2.4019,2010.29,2.7344,1,1,0
895,1,1,1,7.98,2,4.0294,2.925,21286.3,3.3287,1,1,0
438,1,1,1,4.22,4,5.1001,3.2438,22850.63,3.7625,1,1,0
187,1,1,1,36.86,6,0.2818,0.0372,306.95,2.5932,1,1,1
849,1,1,1,2.76,1,6.1283,10.403,22496.61,3.5855,2,3,0
717,1,1,1,2.89,2,1.5159,2.5017,6854.39,3.8196,1,1,0
1206,1,2,1,16.6,4,0.0541,0.0378,47895.54,4.1204,1,1,0
115,1,1,1,3.53,1,14.603,8.8678,18881.22,3.6827,1,1,0
460,1,2,1,13.11,1,3.1242,1.6599,57059.73,4.3413,1,2,0
311,1,1,1,4.12,2,10.5391,7.506,5566.97,3.1872,1,1,0
131,1,2,1,3.14,1,6.5092,1.8029,913.15,3.2405,1,1,1
91,1,1,1,23.54,6,0.6072,0.1121,1205.85,3.2399,1,1,1
64,1,1,1,3.51,2,10.4926,0.6642,4.0,2.7739,6,17,1
358,2,1,1,3.62,1,5.9032,5.0529,3928.91,4.3122,1,1,0
91,1,2,1,33.82,5,0.694,0.0886,148.03,3.1101,1,1,1
115,1,1,1,8.68,1,6.0365,4.5011,43896.18,3.0125,1,1,0
371,1,1,1,9.65,3,2.7242,4.5961,17212.46,4.3965,1,1,0
100,1,2,0,8.58,3,3.7466,5.1829,15547.62,3.9625,1,1,0
238,1,2,1,32.51,3,0.4065,0.0539,656.25,2.8913,1,1,1
371,1,1,1,3.44,2,11.0796,0.9745,87.36,2.9855,1,1,1
108,1,2,1,8.75,2,2.172,3.3313,27705.58,3.7274,1,1,0
418,1,1,1,3.7,2,9.8224,7.5063,14751.01,2.7573,1,1,0
96,1,1,1,5.54,3,3.3356,4.7002,16611.18,3.4787,2,1,0
64,2,2,1,7.04,1,9.0487,1.2911,16.0,2.1088,3,6,1
589,1,2,1,7.62,3,7.1968,4.7978,52207.73,4.0054,1,2,1
97,1,1,1,2.38,1,2.7295,4.1932,26071.03,4.2457,1,1,0
1195,1,1,1,31.44,5,1.1251,0.293,2731.38,4.8968,1,1,1
109,1,1,1,4.04,1,6.6639,3.6092,1847.28,3.4675,1,1,0
457,2,1,1,3.86,1,11.6224,10.0455,5246.12,3.06,1,1,0
82,2,1,1,1.6,2,1.5872,0.8111,2931.27,3.9405,1,1,0
956,1,1,1,16.06,4,3.3157,1.4673,73217.5,4.5676,2,1,1
1260,1,1,1,7.16,4,5.8747,2.5336,36232.04,4.5176,1,1,1
321,1,1,1,5.41,1,0.8914,0.6429,13692.0,3.5692,1,1,0
64,1,2,1,6.84,4,8.2663,2.0189,0.0,2.7106,3,12,1
196,1,1,1,4.72,1,7.7838,0.5062,50.42,3.5463,1,1,1
954,1,1,1,3.58,2,17.2195,30.7124,18153.0,3.6223,1,2,0
1355,1,2,1,2.68,3,3.3458,1.1051,74513.41,4.673,1,1,1
103,2,1,1,6.96,2,4.942,5.9435,243.57,3.2494,1,1,0
52,3,1,1,36.76,5,0.3732,0.0648,16.0,2.1507,2,5,1
110,1,1,1,8.1,2,5.4056,6.2269,8464.26,3.5932,1,1,0
1470,1,1,1,40.62,11,0.3397,0.1733,4542.71,4.6842,1,1,1
52,3,3,1,34.76,6,0.2115,0.0253,4.0,2.043,5,4,1
445,1,1,1,4.68,1,2.4901,3.0109,58737.96,3.5441,1,1,0
440,2,1,1,1.64,1,22.5063,19.121,1527.32,3.0944,1,1,0
56,1,1,1,15.78,4,11.4861,19.9632,23162.51,4.5344,1,1,0
1410,1,1,1,3.46,3,4.8019,5.4691,21176.84,3.9804,1,1,0
1065,1,1,1,25.1,4,0.9764,0.5049,21315.79,5.2396,1,1,1
305,1,1,1,7.26,3,9.2394,7.3904,17097.55,4.3262,1,3,0
699,1,2,1,15.91,5,1.7177,1.7283,62746.37,3.7116,1,1,0
423,1,1,1,4.73,1,1.7135,1.179,217.79,2.7135,1,1,0
101,1,1,1,3.2,2,6.107,7.5944,6483.7,3.9909,1,1,0
95,2,1,0,25.11,4,1.9443,2.2036,6248.34,3.7982,1,1,0
67,2,1,1,2.45,2,5.8722,6.9204,2197.4,3.5822,1,1,0
915,1,2,1,15.81,2,4.942,2.8696,26463.23,4.5706,1,1,0
52,2,1,1,8.14,4,14.4812,3.2966,16.0,2.4254,3,9,1
94,1,1,1,4.88,1,11.2121,7.4201,20249.16,3.5563,1,1,0
44,1,2,1,5.88,2,3.783,6.7256,47754.22,2.515,1,1,0
1474,1,1,1,26.11,2,1.0073,0.8553,93147.51,4.5455,1,2,1
86,1,1,1,15.9,4,1.6787,1.9739,63772.36,3.3344,1,1,0
1455,1,1,1,4.7,3,7.8893,8.3124,26997.19,3.841,1,1,0
825,1,1,1,23.07,6,6.2971,6.9551,104209.42,3.2305,1,1,0
455,1,1,1,7.31,2,1.374,1.3958,36897.57,4.7131,1,1,1
752,1,1,1,3.02,2,0.1598,0.1849,21628.17,4.0962,1,1,0
244,1,1,1,33.19,3,0.7939,0.0338,449.26,3.2669,1,1,1
530,1,1,1,7.42,1,13.8757,9.686,18509.19,3.3655,1,1,0
392,2,1,0,1.27,2,6.7429,8.2924,2953.74,3.7515,1,1,0
477,1,1,1,13.89,1,1.6287,1.188,75339.14,3.795,1,1,0
231,1,2,1,3.55,2,8.9097,2.5577,630.77,3.3315,1,1,1
441,1,2,1,7.3,2,8.0432,13.9275,6219.12,3.5365,1,1,0
876,1,1,1,6.25,2,0.779,0.4488,56077.7,3.8316,1,1,1
1167,1,1,1,17.65,6,5.5886,3.5208,28708.15,3.6467,1,1,0
1012,1,1,1,9.76,1,1.5945,1.3134,50292.39,3.6268,1,2,0
219,2,1,1,40.81,5,3.4137,4.391,326.11,3.439,1,1,0
60,1,3,1,8.65,2,8.3523,0.4428,0.0,1.5933,6,12,1
318,1,1,1,13.31,1,0.8299,0.375,15819.45,4.2191,1,1,1
1496,1,1,1,19.67,1,1.501,0.6884,59970.32,4.1509,1,1,1
706,1,1,1,12.57,1,2.1795,1.9738,18888.53,3.7849,1,1,0
1375,1,2,1,7.13,2,2.7648,2.6466,32411.53,3.7604,1,1,0
85,1,2,1,18.31,7,0.5473,0.1475,106.61,2.49,1,1,1
91,1,1,1,3.99,1,1.4076,1.0652,13910.81,3.5088,1,1,0
425,1,1,1,18.19,1,0.793,0.6855,83346.2,3.9785,1,1,0
800,1,1,1,4.58,1,2.5659,4.0918,6775.11,3.6573,1,1,0
207,1,2,1,31.9,5,0.3584,0.0255,324.05,2.5178,1,1,1
89,1,1,1,1.73,1,9.8928,6.7587,3085.87,3.4465,1,1,0
999,1,1,1,2.61,1,1.7565,1.4928,7107.01,3.5705,1,1,0
1060,1,1,1,7.77,2,2.7869,1.9784,14796.66,3.2563,1,1,0
1086,1,1,1,1.97,1,9.7689,11.5395,26067.67,3.6542,1,1,0
74,1,1,1,3.4,1,2.2659,1.4608,1309.76,3.7502,1,1,0
496,1,1,1,11.98,6,4.0427,2.5002,44960.87,4.7224,1,2,1
67,1,1,1,8.85,3,0.5123,0.9156,13661.42,3.5216,1,1,0
728,1,1,1,7.54,2,4.0956,5.3921,33612.44,3.5146,1,1,0
580,1,2,1,29.95,2,0.6322,0.5679,27745.23,4.0076,1,1,0
1342,1,1,1,22.84,4,0.9529,0.1429,3072.39,4.8109,1,1,1
595,1,2,1,9.06,1,5.6829,4.209,18334.54,4.0451,2,2,0
122,1,1,1,29.08,6,0.1683,0.0379,86.04,3.4582,1,1,1
53,2,1,1,6.32,2,1.372,1.7158,210.24,2.7287,1,1,0
144,1,1,1,29.18,8,8.205,4.4098,78311.63,3.4911,1,1,0
1098,1,1,1,11.42,2,2.5682,1.409,36627.06,4.2145,1,2,1
108,1,1,1,3.73,1,15.5448,21.0269,1368.49,4.1442,1,1,0
471,1,1,1,42.34,3,1.9335,2.273,32952.78,4.4527,1,1,0
1271,1,2,1,2.6,2,7.7889,5.4023,28913.3,3.2899,1,1,0
354,1,1,1,8.29,4,5.2115,8.9298,15302.42,4.2787,2,1,0
486,1,1,1,3.22,2,9.8171,14.2662,2948.21,4.2483,1,1,0
347,1,2,1,29.98,5,0.6464,0.0863,1518.12,3.1756,1,1,1
65,1,1,1,2.8,2,2.5428,2.5679,34103.2,3.762,1,1,0
1227,1,1,1,4.14,1,1.071,1.6349,21511.55,4.0677,1,2,0
455,2,1,1,1.97,3,8.488,7.144,2189.1,4.6382,1,1,0
1142,1,2,1,9.21,3,0.6623,0.2803,20093.29,4.8524,1,1,1
68,1,1,1,21.35,6,1.0577,0.0825,551.31,2.9176,1,1,1
55,2,1,1,52.8,7,2.6905,3.8634,3906.69,3.3683,1,1,0
1457,1,1,1,7.94,1,21.0206,33.0413,4941.82,3.5839,1,1,0
560,1,1,1,15.8,7,4.0241,3.9804,72651.9,4.1417,1,1,0
54,1,1,1,3.84,2,4.4438,4.453,2978.07,3.6914,1,1,0
1212,1,1,1,6.87,5,2.2172,0.7374,23287.57,4.373,1,2,1
889,1,1,1,8.6,1,2.564,3.5553,25938.05,3.2619,1,2,0
874,1,1,1,2.78,2,15.1437,26.9011,58755.13,3.3127,1,1,0
56,1,2,1,7.08,3,17.8133,26.1014,24662.12,3.5828,1,1,0
299,1,2,1,3.14,1,10.2927,0.903,781.29,3.4112,1,1,1
128,1,1,1,4.04,3,4.4774,3.0243,2704.53,3.4709,1,1,0
271,1,1,1,4.98,1,1.4708,1.6214,13292.6,4.0846,1,1,0
328,1,1,1,23.46,4,0.3874,0.0254,665.81,3.2131,1,1,1
153,1,1,1,5.93,1,4.3167,6.3117,43633.97,4.0714,2,1,0
60,1,1,1,4.49,2,13.3043,2.8924,0.0,1.9802,3,21,1
864,1,2,1,5.87,3,0.7478,0.5892,4719.94,3.9509,1,1,0
1234,1,1,1,29.78,4,0.4567,0.0681,7658.69,4.7815,1,1,1
1286,1,1,1,4.15,3,6.5331,9.9274,21426.5,3.7083,1,1,0
47,1,1,1,7.26,2,8.089,7.5238,19440.11,3.4447,1,1,0
158,1,1,1,2.07,2,5.2402,6.8025,889.64,3.4306,1,1,0
270,1,1,1,5.39,4,0.8459,1.4615,51583.61,3.4563,1,1,0
59,1,1,1,9.75,1,1.8338,2.9722,37577.87,5.0,2,1,0
1064,1,3,1,22.63,7,1.6451,0.659,10002.01,4.8916,1,1,1
1148,1,1,1,24.18,2,0.2052,0.1155,2160.2,4.7508,1,1,1
565,1,1,1,25.48,4,1.0823,1.2016,28529.03,4.8897,1,1,0
1384,1,1,1,4.47,1,1.9461,1.4737,10493.39,3.4498,2,1,0
1008,1,3,1,25.12,7,1.6399,0.481,14505.61,4.5599,1,1,1
67,1,1,1,8.25,2,8.2728,9.6637,41694.43,4.1311,1,1,0
88,1,1,1,1.86,1,28.9299,31.5452,2511.81,4.2562,1,1,0
83,2,1,1,5.78,1,8.1276,7.5698,4057.98,3.8883,1,1,0
632,1,2,1,14.52,7,0.2022,0.101,14285.47,4.1931,1,1,0
378,1,1,1,5.4,2,8.7692,1.9467,984.07,3.3341,1,1,1
1222,1,2,1,19.44,5,14.5697,7.7271,102873.88,4.0264,2,1,0
1234,1,1,1,4.51,4,3.8339,3.0362,9961.18,4.336,2,1,1
189,1,2,1,23.09,12,0.9224,0.2323,2158.4,3.301,1,1,1
119,1,1,1,3.71,3,10.0284,9.5635,31153.4,3.5409,2,1,0
118,1,1,1,4.37,1,6.2629,8.3203,27823.78,3.5991,1,1,0
64,1,1,1,32.41,8,0.0713,0.009,0.0,1.9561,2,20,1
1349,1,1,1,3.45,2,13.3605,15.58,14225.58,4.0387,1,1,0
99,1,1,1,8.19,1,12.5938,13.016,11798.31,3.6776,1,1,0
266,1,2,1,5.16,2,15.5902,19.6265,5501.97,4.5262,1,1,0
789,1,1,1,6.68,5,2.7427,4.5514,20380.66,3.3756,1,1,0
328,1,1,1,3.77,2,8.1663,2.153,1368.69,3.2295,1,1,1
1245,1,1,1,19.47,5,0.1698,0.0741,51670.35,4.7258,1,1,0
56,1,1,1,4.45,1,4.3984,3.7671,9592.36,3.8777,1,1,0
317,1,1,1,15.29,1,1.5447,1.8335,14968.45,4.3733,1,1,1
1241,1,2,1,7.55,1,3.7256,4.9047,5899.26,3.2,1,1,0
437,1,1,1,4.37,1,6.423,7.9766,34263.52,2.955,1,1,0
105,1,1,1,2.31,1,13.7055,17.8523,18938.86,4.0917,1,1,0
737,1,1,1,36.12,1,1.558,2.0729,29523.68,4.1869,1,1,0
290,1,1,1,4.92,1,7.0526,2.0714,1477.53,3.4438,1,1,1
85,2,1,0,3.57,3,6.3269,5.1643,873.58,2.3726,1,1,0
560,1,1,1,12.65,9,11.9627,11.5983,38152.81,4.9097,2,1,0
64,2,1,1,23.36,8,0.0973,0.0118,4.0,2.2662,6,17,1
445,1,1,1,3.09,1,17.8146,11.0387,16574.61,4.0243,1,1,0
40,1,1,1,5.39,1,1.2353,2.0343,10073.83,4.011,1,1,0
120,1,1,1,3.0,1,0.2082,0.3717,10338.79,4.5477,1,2,0
1445,1,2,1,15.22,1,6.5648,2.2013,102337.49,3.9152,1,1,1
1217,1,2,1,22.87,3,6.7516,4.6241,33142.56,4.1915,1,1,0
119,1,1,1,1.12,1,6.914,9.6193,1376.41,3.6765,1,1,0
64,1,2,1,23.87,4,0.1059,0.013,1165.8,2.6654,1,1,1
716,1,1,1,7.88,2,3.422,5.9282,67322.94,3.8557,1,1,0
45,1,1,1,10.68,2,0.862,0.7495,54343.4,4.0718,1,1,0
209,1,1,1,12.5,3,24.0166,27.0754,10913.78,3.2557,1,1,0
772,1,2,1,8.6,6,1.2286,1.1267,42027.71,3.966,2,1,0
52,2,1,1,4.63,1,14.7482,2.8463,16.0,2.4921,4,24,1
257,1,2,1,11.79,6,10.5872,9.5577,49808.65,4.2904,1,2,1
1354,1,2,1,3.15,1,3.6911,5.5639,43515.46,3.3035,1,2,0
108,1,1,1,10.14,5,5.4768,4.2207,9884.33,3.4536,1,1,0
44,1,3,1,4.89,1,7.0043,0.6957,0.0,2.6157,2,16,1
881,1,1,1,9.47,2,0.8709,1.1327,30304.29,3.8938,2,1,0
711,1,1,1,24.86,7,2.9751,1.6277,23539.9,3.679,1,1,0
58,2,1,0,1.38,1,2.3975,2.1746,7116.72,2.5164,1,1,0
352,1,1,1,3.37,2,3.8817,2.1912,62047.86,5.0343,1,1,1
925,1,1,1,3.77,2,2.623,2.1996,41686.64,3.8614,1,1,0
236,1,1,1,4.31,1,0.6182,0.7303,25972.11,4.4584,1,1,0
1422,1,2,1,42.22,3,0.6549,0.3725,17179.93,4.6106,1,1,1
110,2,1,1,2.33,2,4.6499,4.5819,5426.47,3.5358,1,1,0
1191,1,2,1,29.89,2,1.0389,0.1836,3038.32,4.8163,1,1,1
310,1,2,1,6.47,1,3.352,3.2599,12124.16,4.7212,1,1,0
1328,1,2,1,19.64,4,0.9199,0.2274,4140.46,4.7988,1,1,1
318,1,1,1,3.41,3,13.5711,16.2506,27042.22,4.0557,1,1,0
1128,1,1,1,35.8,2,0.0528,0.0232,49356.26,4.4011,2,1,0
155,1,1,1,3.96,1,2.5657,4.2038,10918.34,4.5285,1,1,0
44,1,2,1,5.91,4,5.5681,0.4598,4.0,2.5047,6,23,1
1119,1,3,1,32.94,7,0.7235,0.4197,7490.32,5.0021,1,1,1
537,1,2,1,2.05,1,4.9515,7.4209,31402.58,4.2109,1,1,0
96,1,1,1,3.48,1,0.1734,0.1403,29906.05,2.9395,1,1,0
90,1,1,1,4.34,1,1.8894,1.3473,32989.65,3.6943,1,3,0
1246,1,1,0,5.91,5,6.7831,10.0063,7954.87,4.0082,1,1,0
64,1,2,1,12.54,2,7.3812,1.6182,16.0,3.0149,6,12,1
50,1,1,1,6.45,4,13.9734,25.0878,6725.24,3.6389,1,1,0
94,1,1,1,4.82,2,8.8564,0.5949,1984.62,3.3019,1,1,1
984,1,1,1,6.3,2,0.8645,0.951,40121.48,3.7677,1,1,0
457,2,1,1,9.46,1,11.0825,11.6553,1338.95,4.4857,1,1,0
370,1,2,1,17.67,3,0.693,0.7089,44112.62,4.1003,1,1,1
60,1,3,1,8.96,4,9.1059,0.3054,0.0,1.64,4,14,1
52,1,2,1,44.28,8,0.2604,0.0401,0.0,2.2711,4,25,1
705,1,2,1,7.0,1,4.3771,5.7004,45485.13,2.847,1,1,0
621,1,2,1,20.02,2,8.8532,7.9637,78382.53,3.5603,2,1,0
44,1,2,1,35.85,15,0.1068,0.0234,0.0,1.7935,2,6,1
80,1,1,1,4.35,2,10.3245,14.969,33387.57,4.3489,1,1,0
108,1,2,1,20.22,4,0.6599,0.1621,131.96,2.8529,1,1,1
998,1,1,1,9.24,2,1.4121,2.4594,24941.68,3.2852,1,1,0
495,2,1,1,2.83,2,3.3992,4.3188,1751.46,3.8998,1,1,0
754,1,1,1,5.05,1,2.2217,3.4127,6859.24,3.7777,1,2,0
778,1,1,1,4.06,4,11.8095,12.6321,22063.37,3.4894,1,1,0
64,2,1,1,5.57,1,7.1298,0.5735,0.0,1.8565,6,4,1
87,1,1,1,39.53,3,2.7313,2.9432,44210.46,3.9538,1,1,0
95,1,1,0,9.52,1,4.9379,8.7547,31623.53,4.2087,1,1,0
1375,1,1,1,3.86,3,0.867,1.0737,36608.29,4.1472,1,1,0
1398,1,1,1,24.11,2,1.185,1.1561,46131.46,3.9438,1,1,0
113,1,1,1,6.32,1,4.5962,7.0583,20850.7,4.0921,1,1,0
1143,1,1,1,7.51,2,4.6776,5.3468,21375.75,3.4773,1,1,0
53,1,2,1,4.32,3,2.7257,2.8821,49334.26,3.5747,1,2,0
1036,1,1,1,15.79,4,6.5249,6.2247,19162.36,4.1631,1,1,0
58,1,1,1,3.62,2,10.4505,16.2295,18018.5,4.1588,1,1,0
67,1,1,0,1.19,2,6.2687,7.5387,3629.72,2.6519,1,1,0
285,1,1,1,9.55,2,24.5139,39.2695,31189.25,3.6994,1,1,0
429,1,1,1,8.14,3,11.2681,12.0583,115149.35,4.4961,1,2,1
265,1,1,1,3.48,1,1.8301,1.8749,20377.94,3.6315,1,1,0
210,1,1,1,7.42,2,9.4449,11.7003,16794.12,4.4131,1,1,0
145,1,1,1,47.22,9,0.3255,0.0425,1571.8,3.2075,1,1,1
319,1,1,1,34.22,6,1.1261,0.3163,625.35,2.671,1,1,1
547,1,1,1,7.98,3,7.9711,14.1412,23638.92,4.0697,1,1,0
126,1,1,1,33.57,3,8.4789,6.4612,528.41,3.337,1,1,0
114,1,2,1,5.1,3,6.3719,10.4562,49297.95,4.355,2,1,0
208,1,1,1,2.05,2,3.8903,6.3576,48660.68,4.2189,2,2,0
286,2,1,1,19.33,3,4.3365,5.1574,951.2,2.8063,1,1,0
160,1,1,1,38.89,9,0.6566,0.1772,1817.38,3.5815,1,1,1
242,1,2,1,4.42,2,3.5824,4.7945,16482.64,3.9362,1,1,0
115,1,1,1,5.5,1,16.2246,27.5216,53801.02,3.9398,1,1,0
519,1,2,1,6.61,1,8.4008,8.1167,21567.14,3.8669,1,1,0
1223,1,1,1,5.31,1,2.475,4.1234,20422.72,3.6888,1,1,0
88,1,1,1,2.72,1,6.1456,4.6007,28317.33,3.6395,1,1,0
919,1,2,1,16.37,3,5.2425,3.788,21900.9,4.4829,2,1,0
74,1,1,1,1.48,1,16.9034,13.929,9881.56,3.407,1,1,0
364,1,1,1,11.99,4,2.6971,3.1447,16478.8,4.1524,1,1,1
312,1,1,1,3.2,3,6.0193,6.0412,20027.07,3.8669,1,1,0
705,1,2,1,15.1,5,0.9208,1.1997,36021.9,4.3139,1,1,0
48,1,1,1,2.58,2,3.7779,5.5366,26348.18,4.1252,1,1,0
40,1,3,1,30.38,10,0.1315,0.0108,0.0,3.1138,4,18,1
98,1,2,1,21.75,7,0.1719,0.0415,768.81,3.8621,1,1,1
97,2,1,1,5.4,2,3.9303,5.5402,9396.11,2.8047,1,1,0
1390,1,1,1,14.04,4,20.2085,11.2933,66724.5,4.6335,1,1,0
53,1,1,1,7.76,1,0.9005,0.9778,15003.86,2.7405,1,1,0
63,2,1,1,21.73,3,0.9969,1.3486,7113.04,4.1507,1,1,0
241,2,1,1,27.19,4,3.5221,2.4919,101.44,3.2422,1,1,0
707,1,1,1,13.1,3,2.2103,2.0359,45220.27,4.1641,2,1,0
1277,1,1,1,5.07,2,15.3178,25.1806,33250.56,3.0884,1,1,0
1385,1,3,1,28.56,6,0.6417,0.3094,5155.66,4.5912,1,1,1
845,1,2,1,24.08,7,0.7229,0.8711,41109.35,4.1325,2,1,0
163,1,2,1,7.85,2,12.1186,1.9276,607.03,3.943,1,1,1
1258,1,1,1,8.73,3,14.0058,13.5886,33963.29,5.4,2,2,1
115,1,1,1,6.39,1,11.7098,2.3969,468.71,2.8402,1,1,1
248,1,2,1,16.91,4,0.1286,0.079,40090.81,3.9327,2,2,0
353,2,1,1,27.11,2,4.1066,5.8678,783.76,3.2258,1,1,0
56,2,1,1,3.79,3,2.5742,1.3149,2792.14,3.3325,1,1,0
208,1,1,1,7.93,1,5.6064,9.5264,19404.45,3.8512,1,2,0
77,1,1,1,3.61,1,17.863,23.0134,4808.49,3.88,1,1,0
62,1,1,1,22.56,2,5.0227,5.501,2823.33,3.9648,1,1,0
99,2,1,0,3.14,1,5.3522,5.9234,7744.5,3.1188,1,1,0
872,1,1,1,5.15,2,13.7134,11.4583,36050.1,3.9332,1,1,0
202,1,1,1,39.92,3,0.2955,0.0503,284.79,2.5215,1,1,1
789,1,1,1,14.24,1,1.8831,1.5256,40034.25,4.6905,2,1,1
329,2,1,1,2.28,1,4.9051,2.8958,332.87,3.1212,1,1,0
871,1,1,1,6.14,1,1.392,1.2076,23114.09,3.6023,2,1,0
88,1,2,1,5.78,2,0.8534,1.1236,23482.43,3.7393,1,1,0
920,1,1,1,11.43,1,8.6522,8.7724,16467.22,3.4907,1,1,0
40,2,1,1,53.37,8,0.1512,0.0254,4.0,2.7339,2,16,1
352,1,1,1,26.16,5,0.8058,0.2102,572.64,2.847,1,1,1
560,1,1,1,3.45,1,0.9324,1.4668,9391.01,3.8257,1,3,0
58,1,1,1,2.7,2,6.8015,7.2406,13561.45,3.6198,1,2,0
115,2,1,1,22.41,8,16.4137,17.9875,87.47,3.5464,1,1,0
259,1,1,1,12.02,1,0.4696,0.3746,25804.98,4.073,2,1,1
92,2,1,1,19.88,5,1.056,0.6755,14765.77,4.1865,1,1,0
849,1,1,1,5.35,1,5.5549,7.9533,25137.93,3.8176,1,1,0
267,1,1,1,7.43,2,7.5801,13.3972,19033.21,3.2334,1,1,0
553,1,1,1,19.38,1,4.2229,3.0074,34871.55,4.0252,1,2,0
604,1,1,1,28.99,4,0.8342,0.3465,50573.74,4.3122,2,1,0
501,1,1,1,25.0,2,3.6764,3.7168,1358.13,2.4917,1,1,0
144,1,2,1,30.34,4,0.1731,0.0121,201.68,3.4006,1,1,1
1397,1,1,1,30.23,2,0.4463,0.1552,2110.43,4.8026,1,1,1
1377,1,2,1,20.94,5,1.1321,0.5153,9460.51,4.2911,1,1,1
99,2,1,1,2.55,1,1.0327,0.8644,2369.03,3.2655,1,1,0
874,1,1,1,5.56,1,4.4508,6.6554,40315.98,3.5975,1,1,0
1375,1,1,1,27.42,5,1.2196,0.1812,7602.67,5.2549,1,1,1
50,1,1,1,1.56,1,2.8976,3.9541,3499.99,3.246,1,1,0
207,1,1,1,6.68,1,5.805,0.6115,462.08,2.5428,1,1,1
85,1,1,1,1.68,1,1.8114,1.1937,47462.68,4.2228,1,1,0
52,1,3,0,55.47,9,0.3768,0.0244,4.0,2.1203,4,14,1
1079,1,2,1,11.36,1,3.4104,3.6508,56637.69,3.6495,1,1,1
796,1,2,1,20.15,6,5.4003,4.3393,63215.57,5.2,1,1,0
70,2,1,1,3.84,1,1.3917,1.172,484.74,3.9426,1,1,0
1134,1,1,1,24.07,2,1.5481,0.7753,24814.92,3.5691,1,1,0
722,1,1,1,7.84,7,6.1135,2.3669,39131.93,4.3103,1,2,1
876,1,1,1,14.03,1,0.3416,0.3998,6971.95,3.9584,1,1,0
803,1,2,1,19.8,1,1.0379,1.0431,66261.46,4.3178,2,1,0
506,1,1,1,3.36,1,1.5956,1.8992,33326.19,3.7825,1,1,0
53,1,1,1,2.9,2,9.2734,11.0946,30393.56,3.508,1,1,0
1301,1,1,1,6.29,1,0.6373,1.0662,15088.44,3.3546,1,1,0
477,2,1,1,25.11,4,9.8335,7.5869,2745.37,2.6247,1,1,0
78,1,1,1,4.96,3,2.4909,3.5048,33068.34,4.1502,1,1,0
777,1,2,1,31.33,4,0.894,1.0443,71876.94,4.3833,1,1,0
1338,1,1,1,9.23,2,0.2026,0.3087,13209.08,3.6907,1,1,0
52,1,3,1,27.54,7,0.3865,0.09,0.0,2.7467,4,18,1
44,3,3,1,33.29,10,0.3071,0.0436,16.0,1.9862,5,12,1
765,1,1,1,4.96,3,2.0522,3.5778,14501.57,3.7742,1,1,0
165,1,1,1,2.33,2,13.9682,18.4679,22523.72,3.7084,1,1,0
79,1,1,1,5.71,2,4.0387,5.3149,31833.56,3.1266,2,1,0
126,2,1,1,1.7,1,5.4894,6.1744,3134.51,2.7921,1,1,0
1265,1,2,1,21.84,2,0.5176,0.07,3785.46,4.6017,1,1,1
103,1,1,1,2.16,1,1.0045,1.2785,644.5,3.777,1,1,0
59,1,1,1,3.96,3,7.2665,13.0046,11835.43,3.942,1,1,0
61,1,1,1,2.56,1,22.4162,29.5215,1916.28,2.9894,1,1,0
260,1,1,1,20.01,5,0.3177,0.0306,345.86,3.2241,1,1,1
1247,1,1,1,3.97,1,3.1941,3.3469,32822.51,3.7578,2,1,0
52,1,2,0,4.88,2,8.9177,0.2076,0.0,3.0252,4,14,1
75,1,1,1,3.29,5,12.1643,2.174,391.29,3.4671,1,1,1
78,1,1,1,3.6,2,1.1289,0.9977,29786.73,4.1497,1,1,0
125,2,1,1,2.63,1,3.5456,3.6604,1478.77,3.524,1,1,0
1275,1,1,1,18.72,2,0.8085,0.6791,134908.6,3.685,1,1,0
104,1,1,1,3.58,3,3.8278,3.2185,33352.78,3.302,1,1,0
105,2,1,1,1.9,1,4.3665,4.4384,2531.36,2.5522,1,1,0
1420,1,1,1,5.56,3,18.8813,19.8634,15477.69,3.7678,1,3,0
324,1,1,1,14.95,4,3.1129,2.9066,43549.32,4.4126,1,1,0
543,1,2,1,24.41,3,0.4327,0.2438,15272.14,3.8912,2,1,0
225,1,2,1,3.15,2,9.6953,12.4657,21845.49,3.9451,1,1,0
659,1,1,1,9.44,5,8.8037,4.0419,42762.65,4.1144,1,1,1
281,1,1,1,8.02,1,4.9032,3.5935,11367.42,3.5484,1,1,0
1469,1,2,1,17.1,5,2.187,1.3375,22182.93,3.4624,1,1,1
52,1,3,1,7.77,1,6.3487,0.5464,4.0,2.4355,5,16,1
502,1,1,1,12.45,1,9.0879,7.1112,46631.26,4.3292,1,1,1
122,2,1,1,30.89,5,0.216,0.2347,7093.63,3.7442,1,1,0
349,1,1,1,5.45,1,1.5353,1.7339,45466.55,4.0393,1,2,1
289,1,1,1,4.69,1,15.868,1.204,340.98,3.2842,1,1,1
42,1,2,1,5.81,1,10.6095,12.8138,11989.06,4.1125,1,1,0
60,1,1,1,45.4,10,0.1573,0.0212,0.0,2.2752,2,18,1
909,1,2,1,13.9,2,3.7629,3.5135,33770.85,4.2846,1,1,0
969,1,1,1,3.24,3,12.4083,8.6226,66617.62,4.2199,1,1,1
41,1,1,1,9.62,1,17.3603,11.8757,39630.1,3.8389,1,1,0
1143,1,1,1,21.5,1,3.2458,3.2552,45603.0,4.1888,1,1,0
1218,1,1,1,30.63,9,0.3325,0.4087,38908.73,4.2845,1,1,0
54,1,1,1,4.44,1,3.717,3.4691,61266.03,4.1487,1,2,0
891,1,1,1,4.99,4,1.4545,2.4254,24104.03,4.1995,1,1,0
442,2,1,1,2.17,2,0.6704,0.5031,4346.36,3.5791,1,1,0
99,1,2,1,8.09,1,3.5141,5.2023,13028.42,3.9455,1,1,0
392,1,1,1,5.13,5,1.2099,2.1526,30454.22,4.4168,1,2,0
1235,1,1,1,15.85,2,0.8306,0.6191,69164.67,4.9167,1,1,1
115,2,1,1,2.37,1,5.1124,5.9493,1324.86,3.0487,1,1,0
333,2,1,1,2.77,2,24.037,16.3305,1826.48,3.7296,1,1,0
118,1,1,1,6.8,2,3.2999,4.1906,33535.5,3.1574,2,1,0
767,1,1,1,16.9,2,3.0787,3.2715,51245.65,4.4662,2,1,0
1086,1,1,1,5.9,2,4.4034,4.331,21924.0,3.8172,1,1,0
245,1,1,1,30.09,3,5.8961,3.6319,31518.58,4.4455,1,1,0
161,2,1,0,3.34,2,4.5298,3.2971,3397.79,3.4801,1,1,0
165,2,1,0,6.69,1,3.1504,2.9469,567.89,2.0,1,1,0
1091,1,1,1,3.4,1,1.2534,2.0391,29952.4,3.6363,1,1,0
1337,1,1,1,2.41,2,2.9905,3.1476,16357.94,4.015,1,1,0
1429,1,1,1,3.61,1,12.9875,14.2576,49426.6,3.347,1,1,0
244,1,1,1,3.4,2,6.2169,6.9479,24826.25,4.5945,1,1,0
52,1,3,1,9.64,4,5.1435,0.5762,4.0,2.8136,2,7,1
1389,1,1,1,38.25,7,0.6494,0.2205,6039.28,4.7293,1,1,1
314,1,1,1,4.23,1,5.398,0.4432,1302.24,2.1735,1,1,1
593,1,1,1,4.44,1,3.8498,5.1255,17441.2,3.8267,1,1,0
1364,1,1,1,44.0,3,0.2924,0.0941,5887.34,4.8468,1,1,1
111,1,1,1,2.83,2,3.0303,4.4869,17685.13,4.9054,1,1,0
306,2,1,0,1.98,1,1.4965,2.2057,4560.06,4.2885,1,1,0
237,2,1,0,4.65,3,2.4283,2.3761,4343.17,3.2669,1,1,0
50,1,1,1,5.65,1,3.0759,2.71,6955.23,3.9006,1,1,0
359,1,2,1,3.4,1,15.2958,1.2791,408.68,3.5669,1,1,1
44,1,2,1,39.83,10,0.349,0.0205,0.0,2.4961,6,19,1
1152,1,1,1,27.25,8,1.2546,0.3368,567.22,5.4603,1,1,1
192,1,1,1,7.52,1,0.6984,1.2562,40386.95,3.4849,2,2,0
1131,1,1,1,4.5,1,5.4594,8.0494,21359.19,3.836,1,1,0
85,2,1,1,1.7,2,1.9821,1.5998,3565.19,3.9937,1,1,0
254,1,2,1,24.77,5,0.4226,0.2845,39101.93,3.5236,1,1,0
48,1,2,1,2.27,1,1.5287,1.01,3738.56,3.9577,1,1,0
523,1,1,1,3.27,3,3.5254,4.4789,14963.14,3.7235,2,3,0
76,1,1,1,11.51,3,13.8527,11.6047,31134.2,4.2658,1,1,0
276,1,2,1,29.75,4,9.2586,11.5252,61960.99,3.5289,1,1,0
472,1,1,1,2.2,2,0.3393,0.5901,36782.74,4.1729,1,1,0
1467,1,3,1,39.36,2,1.0297,0.1973,3146.57,4.739,1,1,1
115,2,1,1,5.62,4,1.2019,1.666,1577.78,4.4468,1,1,0
103,2,1,1,20.23,5,1.4929,1.1345,3034.89,3.5881,1,1,0
717,1,1,1,4.26,2,5.2062,1.5623,53304.05,4.4515,1,2,1
40,1,2,1,2.82,2,3.6054,2.8358,7268.44,4.1057,1,1,0
348,2,1,1,3.36,4,3.2892,3.1968,4040.3,3.6061,1,1,0
303,2,1,1,1.83,1,1.0953,1.224,3720.2,3.3273,1,1,0
244,1,1,1,4.28,1,5.221,9.1497,18740.54,3.1205,1,1,0
85,2,1,1,2.06,1,2.2869,1.5816,465.42,3.1786,1,1,0
1306,1,1,1,7.31,3,12.7531,19.6449,43449.8,3.832,1,1,0
73,1,2,1,33.35,5,0.548,0.1284,308.68,3.3307,1,1,1
184,2,1,0,4.19,1,3.3947,2.6992,2034.22,3.0086,1,1,0
975,1,1,1,4.31,1,2.1744,1.4238,18322.63,3.8346,1,1,0
44,1,3,1,10.99,2,5.8981,0.1217,0.0,2.5667,5,6,1
813,1,1,1,7.42,1,1.2244,1.7233,7432.99,3.3638,1,1,0
292,1,1,1,31.57,8,0.5685,0.1612,985.08,3.3531,1,1,1
254,2,1,1,3.54,2,3.8783,3.8189,4173.71,3.1534,1,1,0
40,1,1,1,27.08,6,0.3438,0.0381,4.0,2.5988,4,6,1
1240,1,1,1,12.6,1,8.4454,6.7546,57964.05,3.7713,1,3,0
125,2,1,1,13.6,4,1.2371,1.7929,5623.34,3.08,1,1,0
479,1,1,1,14.75,2,8.5101,5.6224,31512.58,4.2991,1,1,0
108,2,1,1,2.15,2,3.8486,2.8066,824.05,2.8032,1,1,0
839,1,1,1,4.82,4,3.1583,3.4476,17004.78,4.0751,1,1,0
431,1,2,1,10.39,3,0.3838,0.2475,111738.04,4.0278,1,1,0
114,1,1,1,2.17,2,5.099,5.8981,15141.34,3.1232,1,1,0
804,1,1,1,1.91,1,5.6797,5.0714,25592.53,3.7331,1,1,0
79,1,1,1,8.31,3,1.6772,1.7996,21074.57,3.2698,1,2,0
1105,1,2,1,27.3,9,0.8819,0.471,2982.07,5.5009,1,1,1
81,1,2,1,3.54,3,14.6454,0.7857,1083.66,3.1129,1,1,1
112,1,2,1,2.98,2,6.4738,5.6868,18300.91,4.1299,1,1,0
502,1,1,1,3.3,1,13.2757,23.1898,23558.08,4.0946,1,1,0
557,1,2,1,1.81,1,2.7455,3.121,16681.03,3.222,1,3,0
333,1,1,1,20.13,6,1.1077,0.2777,1366.99,3.6277,1,1,1
1432,1,1,1,4.97,3,2.1328,2.2098,20035.52,4.3627,1,1,0
1181,1,1,1,23.24,9,0.593,0.7236,28476.09,3.6621,1,1,0
207,1,1,1,5.29,2,1.1703,1.8101,3532.71,3.899,1,1,0
266,1,1,1,3.04,3,13.5736,3.7962,505.62,3.117,1,1,1
532,1,1,1,4.62,2,3.9599,2.4233,20436.51,4.1148,1,1,0
120,1,1,1,25.36,3,0.1028,0.0089,8.21,3.0231,1,1,1
325,1,1,1,9.39,2,18.6246,14.269,23891.99,3.4804,1,3,0
762,1,2,1,9.73,2,1.2492,1.0944,62347.51,3.8079,1,2,1
65,1,1,1,2.03,2,1.3389,2.2409,17131.53,3.7544,1,2,0
93,1,1,1,7.94,2,0.3244,0.3795,30119.27,3.7455,1,1,0
367,1,1,1,21.86,4,1.205,0.6642,59006.36,4.3819,1,1,0
1266,1,1,1,3.26,1,4.084,4.0372,27975.99,4.2011,1,1,0
98,1,1,1,7.98,2,13.4822,11.7624,12610.14,3.3799,1,1,0
458,1,1,1,1.93,1,0.9513,0.7011,8962.29,3.9487,2,1,0
998,1,1,1,7.85,1,2.9093,2.3933,35011.3,4.6738,1,1,1
491,1,2,1,6.83,4,1.6198,2.0553,17227.67,4.1911,1,1,0
237,2,1,1,22.25,3,8.4206,9.6226,2439.79,2.4861,1,1,0
119,1,1,1,18.23,4,1.1861,0.7068,23011.16,4.5784,1,1,0
1268,1,3,1,22.9,4,0.9462,0.3904,9534.37,4.5461,1,1,1
100,2,1,0,5.37,1,2.1259,1.5357,594.81,2.6563,1,1,0
593,1,2,1,8.33,2,5.4187,6.5116,40229.3,4.3732,1,1,0
188,1,1,1,16.62,6,3.5304,2.0055,24903.47,4.6218,1,1,0
878,1,1,1,11.23,1,5.5915,2.5202,41297.67,4.9512,1,1,1
1442,1,2,1,8.28,5,1.2957,1.4552,62449.1,4.0437,1,1,1
512,2,1,1,3.89,1,1.184,0.9291,3944.5,3.5363,1,1,0
768,1,1,1,14.33,4,0.3178,0.4162,36334.08,3.5801,1,1,0
740,1,1,1,10.06,1,2.2664,3.0956,29961.72,3.7575,1,1,0
442,1,1,1,5.71,1,11.2688,15.8753,26000.12,3.679,1,1,0
1080,1,1,1,3.96,4,5.2864,5.1225,99214.87,4.2968,1,1,1
561,1,1,1,2.62,1,0.4089,0.2565,17007.23,3.2704,1,1,0
843,1,1,1,3.1,1,0.6463,0.6101,21193.3,4.035,1,1,0
1269,1,1,1,2.39,1,5.888,3.7853,14000.32,3.4633,1,1,0
156,1,2,1,25.61,3,0.7505,0.0381,79.84,3.04,1,1,1
600,1,1,1,17.07,2,0.7855,0.6935,95357.29,3.5865,1,1,0
60,1,2,1,29.31,9,0.0624,0.0144,0.0,1.9488,5,9,1
1408,1,1,1,31.57,3,0.3369,0.1416,10580.83,4.8272,1,1,1
372,1,1,1,4.08,1,6.8048,9.0518,9217.72,4.1299,1,1,0
929,1,1,1,13.96,4,0.8157,1.4612,21890.05,3.6681,1,1,0
886,1,1,1,7.39,1,0.7883,0.7237,23418.36,3.5553,1,1,0
1110,1,3,1,21.45,9,1.3791,0.4767,474.01,4.4014,1,1,1
1086,1,1,1,20.94,1,2.8077,2.5783,41489.45,4.0602,1,1,0
63,1,1,1,5.97,4,1.0054,0.9844,14240.75,3.1095,2,1,0
272,1,1,1,36.3,7,0.5177,0.087,502.39,3.087,1,1,1
100,2,1,1,3.78,1,0.2367,0.1666,1486.76,2.8098,1,1,0
1125,1,1,1,17.69,4,0.6112,0.3567,2759.91,5.0073,1,1,1
1065,1,1,1,5.17,2,4.7002,8.4354,23057.97,3.9169,1,1,0
82,1,1,1,4.57,1,3.6102,2.3142,13706.24,4.1146,1,1,0
98,1,2,1,5.74,2,12.9836,18.2937,36108.59,4.0744,1,2,0
375,1,2,1,3.1,2,22.5824,21.1713,25221.7,4.6747,1,1,0
138,1,1,1,27.96,4,0.4155,0.1088,457.7,3.0725,1,1,1
305,1,2,1,27.12,1,1.7075,2.1072,132927.94,3.8589,2,1,0
227,1,1,1,8.32,2,11.0687,16.7745,52146.98,4.3838,1,1,0
461,1,1,1,3.08,1,0.9728,0.7654,44850.03,4.1933,1,1,0
53,2,1,1,3.59,1,13.353,16.9142,1277.38,3.6786,1,1,0
1287,1,1,1,13.45,4,1.6913,2.0191,11589.62,3.4815,2,1,0
318,1,1,1,25.6,5,0.3875,0.0708,477.68,3.0628,1,1,1
40,1,3,1,36.96,5,0.2151,0.0376,0.0,2.2168,4,13,1
99,1,1,1,23.8,2,2.8672,1.5365,6106.26,4.1096,1,1,0
682,1,1,1,25.63,3,0.3895,0.2698,39165.5,4.2862,1,1,0
306,1,2,1,10.37,1,0.4257,0.4133,72553.27,4.0539,2,1,1
99,1,2,1,4.09,2,3.0205,2.4726,28377.1,4.1956,1,1,0
371,1,2,1,6.49,3,11.2437,2.2117,111.7,3.2722,1,1,1
1067,1,1,1,19.5,3,2.1566,1.4252,59036.8,4.5228,1,2,0
59,1,1,1,3.66,2,5.6061,7.971,4178.86,3.661,2,1,0
1162,1,1,1,19.19,4,0.8325,0.4418,5659.77,4.685,1,1,1
60,1,3,1,6.55,3,14.2637,2.8339,16.0,2.7499,3,22,1
65,1,1,1,32.31,6,0.5803,0.0984,157.7,3.8105,1,1,1
383,1,1,1,11.2,3,1.9729,1.5802,64047.08,4.827,1,1,1
40,1,2,1,14.27,1,3.1226,4.3317,15754.99,4.154,1,1,0
71,2,1,1,3.08,1,0.2437,0.3626,509.9,3.1321,1,1,0
1067,1,2,1,25.51,5,0.6003,0.4604,104715.94,4.4156,1,1,0
1036,1,1,1,17.91,7,5.9802,7.1344,48319.24,3.9313,1,1,0
449,1,1,1,3.77,3,16.7826,23.2268,42105.43,3.9899,1,1,0
782,1,1,1,18.68,5,0.4386,0.2621,51448.41,4.4263,2,1,0
116,1,1,1,1.95,1,11.191,19.5362,24496.66,3.9473,1,1,0
62,1,1,1,28.3,7,2.8472,4.2297,2065.4,3.2489,1,1,0
1020,1,1,1,17.53,2,4.5151,5.0234,20227.81,4.7275,1,1,0
99,1,1,1,1.29,1,4.9416,2.7763,770.0,4.2802,1,1,0
298,1,1,1,6.05,1,10.7735,0.9809,431.75,3.0283,1,1,1
499,1,1,1,3.28,2,5.805,3.8464,14583.99,3.4293,1,1,0
563,1,1,1,6.77,4,3.8315,2.7564,66397.72,4.1637,1,1,1
125,2,1,1,4.68,1,11.1509,7.6616,1173.13,4.1852,1,1,0
720,1,1,1,21.24,3,4.5111,5.8863,18130.97,4.0477,1,1,0
44,1,3,1,35.88,5,0.2208,0.0436,16.0,2.2551,4,25,1
81,1,1,1,4.24,1,9.6029,13.7554,39601.49,4.4397,1,2,0
126,2,1,0,23.08,5,2.8489,3.5222,6307.42,3.7835,1,1,0
212,1,2,1,10.08,2,14.7307,1.9415,878.81,3.5033,1,1,1
445,1,1,1,3.63,1,5.2842,3.6941,6684.32,4.0723,1,1,0
566,1,1,1,1.71,1,2.6666,2.3532,57376.81,3.6566,2,3,0
1230,1,1,1,4.97,1,0.3744,0.1855,28894.05,3.6333,1,1,1
68,2,1,1,31.29,2,3.5708,2.0106,2441.68,3.1359,1,1,0
54,1,1,1,6.0,1,13.0745,15.3577,4212.27,3.7873,1,1,0
78,1,1,1,13.25,2,1.6942,2.2879,12420.93,4.1695,1,1,0
1419,1,1,1,8.23,1,5.1192,3.6549,19339.99,4.477,1,2,1
184,2,1,1,3.09,4,3.3278,4.3864,2473.64,2.9069,1,1,0
1287,1,1,1,4.21,2,8.0912,10.2614,13748.96,2.8411,1,1,0
1009,1,1,1,2.49,2,25.1616,21.4104,17764.2,3.6873,1,1,0
189,1,1,1,38.71,9,1.8937,2.249,47041.99,4.003,1,1,0
50,1,2,1,5.59,2,4.3544,6.8461,10690.33,3.8591,1,2,0
154,2,1,1,1.98,3,5.5304,7.0701,2401.08,3.311,1,1,0
82,2,1,1,2.56,2,9.5861,6.3202,4362.48,3.2173,1,1,0
44,2,1,1,5.21,3,8.5083,0.9326,4.0,2.0388,6,17,1
295,1,2,1,30.2,6,0.9173,0.2052,519.35,2.9796,1,1,1
1052,1,1,1,5.98,3,13.6129,17.9347,4607.63,3.798,1,1,0
237,2,1,1,8.97,1,10.1526,14.3935,543.32,3.6877,1,1,0
68,1,1,1,5.0,1,17.9852,21.7911,31505.07,4.5274,1,1,0
292,1,2,1,49.75,5,0.2669,0.0779,273.26,3.4305,1,1,1
149,1,2,1,26.72,9,1.1138,0.2055,374.56,3.1253,1,1,1
266,1,1,1,16.52,4,2.4365,3.254,35696.7,4.4821,1,1,0
135,1,2,1,7.9,1,10.9136,2.8902,61.62,3.3799,1,1,1
514,1,1,1,2.84,1,11.0659,7.0644,67466.77,4.6904,1,1,0
1153,1,2,1,17.94,5,3.0828,2.6152,20193.17,3.7769,1,1,0
93,1,1,1,18.94,8,3.4407,3.8286,44631.97,4.2287,1,1,0
113,1,1,1,3.15,2,5.5713,4.8609,7276.51,2.5546,1,1,0
1052,1,1,1,22.94,5,0.8246,0.3132,12752.87,4.3107,1,1,1
111,2,1,1,2.5,1,10.7373,5.8187,1151.9,2.567,1,1,0
1266,1,1,1,34.45,2,1.3115,0.6004,1302.83,4.9626,1,1,1
267,1,1,1,33.04,6,1.9743,1.2813,434.18,3.0405,1,1,0
93,1,1,1,11.6,1,8.4959,9.4341,16577.72,4.4338,1,1,0
162,1,2,1,27.74,9,1.5701,2.1162,89641.37,4.1664,1,2,0
337,1,2,1,5.47,3,14.9591,3.7273,1113.06,3.581,1,1,1
540,1,2,1,7.17,1,6.8061,8.419,10368.14,3.6961,1,1,0
364,1,1,1,28.89,4,0.5673,0.1491,390.63,3.2252,1,1,1
1249,1,1,1,9.27,4,0.6363,0.2089,35507.42,4.5679,1,1,1
450,1,1,1,11.87,4,7.2353,6.7109,29370.23,4.8044,1,1,1
369,1,1,1,5.56,1,8.0652,4.9066,21728.53,3.9238,1,2,0
40,1,1,1,7.54,1,1.0673,1.0318,12339.43,2.9076,1,1,0
950,1,2,1,7.63,2,4.7928,8.524,36456.15,3.6682,1,3,0
1316,1,2,1,9.36,2,2.6543,2.9122,26820.26,3.4227,1,1,0
172,1,1,1,21.52,4,1.1014,0.8725,1119.87,2.2232,1,1,0
74,1,1,1,28.09,4,0.6576,0.035,1122.46,3.7947,1,1,1
85,1,1,1,2.62,3,2.9605,1.994,1428.31,3.2077,1,1,0
501,1,1,1,1.75,1,1.0623,0.698,11450.84,3.8953,1,1,0
1173,1,1,1,6.77,1,7.3399,9.2495,38908.58,4.0854,1,2,0
547,1,1,1,20.6,8,1.2389,1.2742,30292.14,4.011,1,1,0
1174,1,2,1,22.19,9,2.3233,2.5033,92950.33,3.899,1,1,0
52,1,3,1,25.86,15,0.1939,0.0409,0.0,3.2782,3,5,1
1392,1,1,1,1.52,1,7.5691,12.0437,18361.7,3.6849,1,1,0
79,1,1,0,32.42,7,5.8544,8.7576,6631.0,3.6481,1,1,0
783,1,1,1,22.19,4,3.7263,2.7783,43745.62,3.5315,1,1,0
109,1,1,1,2.82,1,5.6735,5.2751,5233.73,3.3507,1,1,0
68,2,1,1,1.04,1,11.5098,7.6277,902.54,4.385,1,1,0
379,1,1,1,2.33,1,3.3286,4.7486,1203.55,4.3159,1,1,0
76,2,1,1,2.71,1,5.2365,3.2715,7239.48,3.8614,1,1,0
1201,1,1,1,9.98,1,17.4919,22.0641,42861.19,4.691,1,1,0
216,1,1,1,6.79,1,1.4462,2.2388,17367.32,3.957,2,1,0
1276,1,1,1,9.47,2,12.37,14.1601,61553.14,4.483,1,2,1
932,1,1,1,11.41,2,0.8168,0.9208,59477.51,4.0237,1,2,1
111,1,2,1,5.77,1,2.3205,2.1738,33136.67,3.9306,1,1,0
113,1,1,1,5.29,1,2.306,1.5008,8279.73,4.1667,1,1,0
1214,1,1,1,7.67,2,6.8255,4.5199,8001.69,3.3989,1,3,0
1412,1,1,1,19.95,6,0.7846,0.3566,5988.68,4.7795,1,1,1
186,1,1,1,28.86,7,0.1378,0.0085,1098.31,3.1611,1,1,1
1115,1,2,1,22.99,3,5.4906,2.348,39582.56,4.1739,1,1,0
734,1,1,1,18.41,3,4.4644,2.5423,56467.57,5.0386,1,2,0
308,1,1,1,6.27,3,4.5456,4.2936,12942.05,4.693,1,1,0
391,1,1,1,12.31,1,5.347,4.8322,32270.75,3.8006,1,3,0
1223,1,1,1,2.75,2,2.8511,4.2263,9489.67,3.3332,1,1,0
121,2,1,1,2.65,2,2.4408,2.5026,1654.51,2.1799,1,1,0
368,1,1,1,2.59,3,11.8784,3.1581,286.41,3.6011,1,1,1
1411,1,1,1,3.17,2,2.5125,3.3256,33563.4,3.974,1,1,0
375,1,1,1,35.2,5,0.7565,0.1055,349.53,2.6194,1,1,1
66,1,1,1,3.66,1,4.6282,3.3181,17855.53,3.8688,1,1,0
91,1,1,1,7.24,1,7.6458,8.1722,17481.68,4.5386,1,1,0
84,1,1,1,4.28,3,1.0207,0.9577,16345.46,2.9455,1,1,0
60,1,1,1,4.9,1,2.3551,2.7278,60908.97,3.6442,1,1,0
146,1,2,1,4.52,1,17.1114,4.4536,581.28,3.6965,1,1,1
87,1,1,1,4.31,2,28.3491,24.079,15069.32,3.8016,1,2,0
56,1,1,1,2.24,2,2.0482,3.6786,32514.08,4.4261,1,1,0
607,1,2,1,8.98,3,0.4521,0.2217,112905.93,3.5799,1,2,1
90,1,2,1,3.3,1,4.5959,4.9789,12361.48,3.9293,1,3,0
872,1,1,1,8.86,1,13.4235,21.7087,24536.7,4.3742,1,1,0
184,1,1,1,2.19,2,0.4101,0.5675,47635.59,4.109,1,3,0
336,2,1,0,1.14,1,18.2277,19.7068,4585.89,3.8796,1,1,0
1259,1,1,1,11.19,1,1.534,0.9951,55946.97,3.7838,1,1,1
518,1,1,1,4.8,1,9.8021,8.6286,18835.73,3.9235,1,1,0
168,1,1,1,1.17,2,2.5238,1.2651,760.59,3.5528,1,1,0
249,1,1,1,34.77,2,3.0452,1.9563,57314.97,3.9818,1,1,0
925,1,1,1,10.95,4,3.7543,2.6619,37295.88,4.4182,2,1,1
142,1,1,1,8.03,1,1.7967,1.5163,2366.56,3.9989,1,1,0
575,1,1,1,4.22,2,7.499,8.2449,34454.86,4.0283,1,1,0
764,1,1,1,4.47,1,10.1836,18.0907,10247.04,2.6485,1,1,0
68,1,1,1,5.15,2,2.9104,4.5766,17963.29,3.4723,1,1,0
1093,1,1,1,6.02,3,2.9738,2.2647,21637.78,4.5458,1,1,0
759,1,2,1,17.29,7,5.6439,6.2855,68037.28,3.554,1,1,0
483,2,1,1,2.99,1,17.7832,15.8489,577.06,2.8283,1,1,0
1312,1,1,1,27.87,5,4.0564,4.2962,20147.57,4.1557,1,1,0
1043,1,2,1,19.53,2,7.3974,4.1012,39324.1,3.5503,1,1,0
1234,1,1,1,3.92,2,7.4366,13.137,30404.36,3.077,1,1,0
82,1,1,1,2.04,1,5.5849,7.3982,2850.93,3.775,1,1,0
164,1,1,1,17.4,6,1.1846,0.0749,517.91,3.6634,1,1,1
214,2,1,0,1.75,1,2.9663,2.9836,8136.7,3.643,1,1,0
1335,1,1,1,13.62,5,4.8317,5.547,30011.9,4.7026,1,1,0
265,1,1,1,8.0,1,17.1838,1.5148,412.5,3.7107,1,1,1
787,1,1,1,23.76,3,1.4097,1.0994,57987.56,4.5415,1,1,0
1239,1,1,1,13.62,2,0.985,0.5188,42646.24,4.2697,1,1,1
75,1,1,1,26.09,8,1.0581,1.1424,6321.86,3.1549,1,1,0
284,2,1,1,2.56,1,3.7826,2.6049,3892.13,4.1524,1,1,0
185,1,1,1,2.89,1,5.7228,6.7237,6527.2,3.3963,1,1,0
328,1,1,1,6.21,1,3.0998,2.3503,58342.68,3.8851,1,1,0
114,1,1,1,2.55,1,1.8578,1.6992,4875.38,4.5308,1,2,0
115,1,1,1,7.86,2,7.4255,11.0668,30013.51,4.099,2,1,0
1386,1,1,1,33.0,6,1.661,0.3566,3505.44,4.7061,1,1,1
51,2,1,1,4.26,2,8.7885,9.1511,2133.47,3.5535,1,1,0
52,1,2,1,40.4,9,0.4089,0.0812,4.0,1.8473,6,14,1
754,1,2,1,32.91,6,2.4941,1.955,86008.79,4.6463,1,1,0
40,1,3,1,41.73,11,0.3203,0.0623,0.0,2.4757,5,11,1
335,1,1,1,3.68,2,6.7856,4.1008,33229.51,3.5533,1,1,0
957,1,1,1,3.1,2,1.6822,2.8288,24025.47,4.4057,1,2,0
575,1,1,1,3.92,1,3.1547,2.651,53934.89,4.3971,1,1,1
98,1,1,1,2.05,2,4.6079,6.7977,1374.0,3.6963,1,1,0
868,1,1,1,8.06,3,4.4957,2.4098,34136.7,4.3416,1,1,1
1142,1,1,1,15.28,1,0.6232,0.2618,41449.75,3.8993,1,1,1
51,2,1,1,2.63,1,10.1885,13.4954,1157.29,4.1158,1,1,0
73,1,1,1,8.02,1,2.6532,3.2691,36481.67,3.3713,1,1,0
52,1,3,1,6.26,3,5.1398,1.0349,16.0,1.9901,2,5,1
333,1,1,1,19.37,5,1.5974,0.9162,24220.74,4.6252,1,1,0
993,1,1,1,25.05,4,2.9139,4.0186,25579.22,3.9339,1,1,0
1122,1,2,1,24.61,6,3.3899,2.94,47628.94,3.6923,2,1,0
52,1,3,1,54.64,11,0.2312,0.0436,16.0,3.3353,4,7,1
94,1,1,1,1.6,2,1.8887,2.7684,1074.92,2.3273,1,1,0
553,1,1,1,9.73,2,2.7683,3.3657,21074.01,3.7093,1,3,0
70,2,1,1,39.37,2,3.3642,4.0834,911.96,3.0692,1,1,0
1042,1,1,1,19.26,7,8.2569,6.7893,30380.18,4.5341,1,1,0
1179,1,1,1,10.18,4,3.9736,5.4602,42215.79,4.4069,1,1,0
1039,1,1,1,6.31,2,17.6046,21.2834,23165.7,4.4125,1,1,0
301,1,1,1,33.52,6,0.7251,0.2905,89298.56,3.99,1,1,0
462,1,1,1,5.88,4,9.2135,9.3423,22762.46,3.8871,1,2,1
358,1,1,1,21.87,8,0.5437,0.8077,3169.48,3.5558,1,1,0
88,1,1,1,3.84,3,3.1078,4.3898,24236.19,3.8453,1,1,0
105,1,1,1,9.83,3,11.7331,10.2897,36198.69,3.9378,1,1,0
330,1,2,1,8.87,4,20.4947,18.0501,26349.5,4.6681,1,1,1
196,1,1,1,23.07,4,0.3052,0.0844,421.19,3.6222,1,1,1
368,1,2,1,5.0,3,2.7134,2.3341,41893.15,4.413,1,2,1
92,1,1,1,11.51,1,0.055,0.0674,33501.43,4.2147,1,1,0
823,1,1,1,5.99,3,22.0909,16.1121,14354.81,3.3461,1,1,0
380,1,1,1,23.4,8,0.5707,0.0871,126.65,3.3559,1,1,1
454,1,1,1,4.16,2,2.0012,2.656,326.99,3.1325,1,1,0
94,1,1,1,8.83,2,10.3179,8.8373,48451.54,4.4841,1,1,0
853,1,1,1,5.01,3,9.6969,14.412,24360.64,3.1749,1,1,0
1244,1,2,1,31.6,8,1.2623,0.1939,10055.08,5.1554,1,1,1
175,1,2,1,18.27,7,0.3753,0.0223,114.14,2.8047,1,1,1
790,1,1,1,11.15,3,0.9457,0.8883,20154.24,4.1339,1,2,1
1106,1,1,1,19.83,5,1.1956,0.4908,4561.91,5.0221,1,1,1
514,1,1,1,7.05,2,18.8303,32.1614,10109.81,3.7765,1,1,0
787,1,1,1,6.28,2,2.6543,0.8368,103039.28,4.1972,1,1,1
290,1,1,1,4.7,2,10.1469,6.9618,1189.49,3.7032,1,1,0
546,1,1,1,9.28,3,0.7925,0.5783,11700.76,3.7781,1,1,0
846,1,1,1,10.48,2,1.3306,2.3282,5723.04,4.4887,1,1,0
64,1,3,1,43.54,5,0.2186,0.0356,4.0,1.9953,4,22,1
167,1,1,1,5.98,2,6.3114,1.5232,180.16,3.562,1,1,1
1426,1,1,1,12.23,1,0.6242,0.2585,65760.77,4.3788,1,1,1
232,2,1,1,30.56,6,1.014,1.1078,5966.67,3.3781,1,1,0
75,1,1,1,7.0,3,7.5955,9.4382,19709.09,3.7671,2,1,0
407,2,1,1,1.57,2,25.2661,29.7886,1032.35,3.736,1,1,0
799,1,1,1,2.68,1,4.1917,7.1167,25289.11,4.0393,1,3,0
207,1,2,1,3.95,1,9.2861,1.8859,86.91,3.7268,1,1,1
351,1,1,1,19.76,5,7.712,6.7884,31893.23,3.9203,1,1,0
1376,1,1,1,23.29,1,0.6704,0.7072,46710.02,4.0881,1,1,0
40,2,1,1,42.41,10,0.2519,0.0452,16.0,2.2697,2,22,1
75,1,2,1,4.66,4,20.925,32.6656,34777.15,4.0659,1,2,0
477,1,1,1,3.33,1,19.3741,21.4787,2443.22,2.8474,1,1,0
118,1,1,0,30.22,5,4.4615,3.2698,3530.03,3.8009,1,1,0
60,1,1,1,5.19,3,8.2931,6.6501,19160.29,3.238,1,1,0
122,1,2,1,37.09,4,0.4182,0.0821,303.34,3.3798,1,1,1
833,1,1,1,7.91,1,4.4839,3.4984,25487.01,4.756,1,1,0
44,1,1,1,4.53,1,6.9685,0.5931,4.0,2.4456,6,20,1
173,1,2,1,36.06,4,0.6931,0.1661,605.99,3.0766,1,1,1
1068,1,1,1,21.99,5,4.5396,1.9579,144324.42,4.0375,1,1,0
220,1,2,1,23.07,11,1.0882,0.0568,371.63,3.8375,1,1,1
340,1,1,1,7.33,2,0.7938,0.2506,38901.65,4.6424,1,2,1
1274,1,1,1,6.32,1,0.4913,0.1874,88693.51,4.988,1,1,1
235,1,1,1,30.68,4,1.0217,0.2169,1077.0,3.1552,1,1,1
52,1,2,1,31.24,7,0.4464,0.0426,4.0,2.0044,5,17,1
382,1,1,1,7.94,1,0.8491,0.9447,2843.14,3.2064,1,1,0
581,1,2,1,5.72,1,4.1031,5.4518,19013.22,4.155,1,1,0
111,1,1,1,12.16,3,7.9477,11.7085,17670.95,4.208,1,1,0
736,1,2,1,6.63,3,0.7238,0.8127,18835.69,3.6918,1,2,1
197,2,1,0,38.63,2,1.8235,1.7274,3095.69,3.3255,1,1,0
736,1,1,1,3.57,3,2.0688,2.5758,58776.27,4.0974,2,1,0
424,1,1,1,14.94,1,0.6765,0.7274,87074.32,3.6869,2,1,1
44,1,1,1,43.22,8,0.1918,0.0385,0.0,2.351,2,17,1
57,2,1,1,3.45,1,1.2292,0.7019,424.47,3.079,1,1,0
294,2,1,0,1.22,1,0.4122,0.3993,747.0,3.2429,1,1,0
293,1,1,1,15.46,3,12.8844,17.2379,23857.96,4.4333,1,1,0
1270,1,1,1,24.8,2,2.4,1.6844,20749.74,4.553,1,1,0
165,1,1,1,9.48,3,1.0554,1.8561,15280.17,3.7987,1,2,0
734,1,2,1,3.14,2,0.8964,1.5419,18449.92,3.8804,1,1,0
154,1,1,1,1.25,1,7.2772,4.3167,2950.91,3.5326,1,1,0
367,2,1,1,1.25,1,1.1123,1.4694,10947.03,3.1699,1,1,0
1183,1,1,1,22.37,4,1.1542,1.275,59635.84,3.6786,1,1,0
339,1,1,1,25.79,8,0.8358,0.1043,113.58,3.54,1,1,1
152,1,1,1,4.26,4,6.6318,4.8048,19026.99,3.3578,1,1,0
414,1,1,1,5.95,4,5.0444,5.4487,20547.98,3.2967,1,1,0
781,1,1,1,16.1,4,5.001,3.9356,35576.37,4.5429,2,1,0
118,1,2,1,1.12,1,16.8157,11.8206,16007.95,3.0657,1,1,0
44,1,2,1,16.4,2,11.1229,2.189,16.0,2.3006,6,12,1
64,1,1,1,8.93,2,11.632,2.6649,0.0,1.6045,2,21,1
179,1,1,1,9.46,3,4.918,4.3137,16694.29,4.4675,1,1,0
64,1,2,1,6.63,3,10.2607,1.0274,16.0,1.9455,3,23,1
370,1,1,1,5.7,1,5.2111,8.3701,11124.91,3.9645,1,1,0
78,1,1,1,6.97,1,3.6112,2.5281,26471.67,3.3067,1,1,0
56,1,2,1,4.71,1,13.2677,13.1999,25290.33,4.1692,1,1,0
847,1,1,1,6.33,1,0.3543,0.3495,55482.63,4.0347,1,3,0
85,1,1,1,3.2,1,2.3127,3.2731,6597.22,4.5081,1,1,0
871,1,1,1,2.48,1,4.0318,4.8326,24542.14,3.503,1,1,0
462,2,1,1,23.8,4,2.5034,1.38,2030.69,3.544,1,1,0
1142,1,1,1,6.81,3,1.3521,1.6233,8972.5,4.0415,1,1,0
156,1,1,1,5.0,1,2.3554,2.594,15993.21,3.4611,1,1,0
894,1,1,1,11.13,1,0.9304,1.006,83400.93,4.3522,1,1,1
1117,1,1,0,9.62,1,4.1183,3.5392,30172.81,3.8404,1,1,0
1315,1,1,1,4.78,2,1.5646,1.127,18286.83,3.7336,1,1,0
106,1,1,1,7.89,5,1.082,1.6962,14701.87,3.9378,1,1,0
233,1,1,1,29.12,4,14.7286,18.0935,47478.37,4.1216,1,1,0
391,1,1,1,4.15,2,39.362,24.7894,14841.55,4.3152,1,1,0
970,1,1,1,7.51,1,0.8402,0.5274,27573.25,3.5123,1,3,0
1227,1,1,1,25.33,4,2.7184,3.0468,30604.27,3.8958,1,1,0
86,1,1,1,21.21,4,1.224,1.6562,5918.24,3.6682,1,1,0
64,1,3,1,8.98,2,5.4519,0.3639,4.0,2.0973,3,9,1
1179,1,1,1,5.9,4,0.7427,0.7382,70601.01,4.5235,1,1,0
1403,1,1,1,5.52,1,5.1692,8.7237,29336.42,4.4226,1,1,0
40,1,2,1,5.46,1,12.1783,1.2128,16.0,1.9564,5,16,1
1002,1,1,1,30.82,8,1.5147,0.7708,5499.49,4.4502,1,1,1
277,1,1,1,29.18,4,1.5431,1.6184,36508.5,4.2926,1,1,1
1202,1,1,1,11.94,2,6.1508,6.4368,58907.5,3.1832,1,1,1
1001,1,3,1,26.54,3,1.3181,0.4702,4593.74,4.8358,1,1,1
65,1,2,1,3.43,1,20.7659,18.2427,12760.02,3.5071,1,1,0
514,1,1,1,1.96,1,1.8817,2.0911,23750.79,4.2765,1,1,0
264,1,1,1,7.66,1,6.5782,9.9808,40315.34,4.1232,1,1,0
1269,1,3,1,43.03,3,0.8872,0.3994,8098.55,4.575,1,1,1
97,1,1,1,7.34,3,1.6666,1.6532,21770.14,2.8509,1,1,0
471,1,1,1,12.49,2,0.4605,0.4282,28406.71,3.0244,1,1,0
122,1,2,1,12.07,10,4.5539,5.6701,33022.99,3.4251,1,1,0
1327,1,1,1,17.11,2,1.2731,1.2518,43864.22,4.3909,1,1,1
915,1,1,1,9.42,1,2.3833,2.5711,65554.98,3.8783,1,1,1
220,1,1,1,4.32,2,8.1299,1.6604,525.28,3.6223,1,1,1
406,1,1,1,6.51,1,2.13,2.8548,16596.31,3.2381,1,1,0
246,1,1,1,4.94,4,5.4961,1.1284,374.02,2.7576,1,1,1
770,1,1,1,8.25,3,7.7906,7.2992,21886.47,3.7882,1,1,0
491,2,1,1,5.77,1,8.5508,4.9906,8096.62,4.5524,1,1,0
65,2,1,1,35.22,6,1.033,1.1649,10037.05,3.4621,1,1,0
116,1,1,1,29.12,8,0.8422,0.1238,126.22,2.908,1,1,1
423,1,1,1,11.23,1,7.812,9.7087,37185.92,4.0126,1,1,0
1251,1,1,1,14.57,3,6.6723,4.3033,97252.78,4.237,1,1,0
1371,1,3,1,29.92,10,1.3121,0.2904,3149.24,4.5348,1,1,1
214,2,1,1,1.44,3,11.1204,7.4427,1953.37,3.3206,1,1,0
56,1,1,1,4.62,2,5.0938,3.5951,6435.34,4.2226,1,1,0
232,1,2,1,2.81,1,4.7747,3.0007,48420.64,4.1359,1,1,0
1386,1,1,1,9.71,1,1.825,2.0504,9992.97,4.0458,1,2,0
64,1,3,1,4.79,2,11.0485,1.9575,0.0,2.1344,3,18,1
668,1,2,1,15.15,6,10.8537,10.4216,27577.8,3.798,1,2,0
1299,1,1,1,3.84,1,6.5466,4.8387,48679.19,3.2215,1,1,0
52,1,1,1,32.26,5,0.4229,0.0745,0.0,2.5787,2,12,1
44,1,1,1,39.96,5,0.4588,0.111,16.0,2.8777,5,24,1
40,1,1,1,11.12,3,5.3263,5.9062,40518.46,3.7089,1,1,0
94,1,1,1,6.01,4,0.6651,0.8786,22357.1,3.7722,1,1,0
1175,1,1,1,6.91,1,10.8461,15.6915,44985.42,3.9994,1,1,0
96,1,2,1,5.27,1,6.0879,6.7677,8596.79,3.9353,1,1,0
88,2,1,1,1.77,4,9.9121,9.2632,1926.73,3.5275,1,1,0
270,1,2,1,24.35,7,0.7391,0.0889,589.06,3.3934,1,1,1
249,1,2,1,22.73,4,0.47,0.0756,341.35,3.3989,1,1,1
220,1,1,1,2.42,2,14.2027,10.0638,17470.63,4.2759,1,1,0
67,2,1,1,31.7,3,0.3879,0.5146,568.88,2.977,1,1,0
98,2,1,1,4.72,2,4.8269,5.3697,1810.43,2.7866,1,1,0
761,1,1,1,3.73,1,14.4053,17.4084,10688.09,3.95,1,1,0
1302,1,1,1,12.37,5,1.9491,2.4828,61683.4,3.6692,1,1,0
185,1,1,1,41.82,3,1.1954,0.2758,2218.23,3.0059,1,1,1
44,1,1,1,15.45,1,26.0023,30.4288,17637.23,3.8842,1,1,0
97,2,1,1,1.44,3,7.59,6.3022,2428.4,2.6654,1,1,0
706,1,1,1,9.1,1,7.3308,11.0742,21532.3,3.4113,1,1,0
40,1,1,1,3.51,3,14.3286,11.8854,20987.65,3.6251,1,1,0
693,1,1,1,37.96,3,0.2714,0.2643,71637.41,4.1708,1,1,0
1248,1,2,1,3.85,3,1.4179,2.1276,76125.67,4.4493,1,2,0
846,1,1,1,12.64,1,5.6557,6.4025,119979.8,3.9778,1,1,0
77,2,1,1,4.59,1,0.2879,0.2449,235.88,4.1944,1,1,0
139,2,1,1,2.53,1,3.1113,1.6098,6020.38,3.1487,1,1,0
54,1,1,1,22.6,3,3.5656,3.2371,3137.77,2.9946,1,1,0
448,2,1,1,1.35,1,14.9057,21.6552,483.81,3.4472,1,1,0
40,1,3,0,31.77,10,0.2111,0.0451,4.0,2.5663,3,16,1
106,1,1,1,7.09,2,16.8632,8.5596,8149.01,3.7084,1,1,0
63,1,1,1,6.21,2,10.2072,9.5766,14188.62,4.2784,1,2,0
634,1,2,1,22.44,5,0.1756,0.1289,19516.84,4.1895,1,1,0
268,1,1,1,4.65,4,2.632,2.3384,29411.1,3.2276,1,1,0
97,1,2,1,16.32,7,0.4203,0.0409,786.84,2.7972,1,1,1
1323,1,2,1,26.03,5,0.5618,0.2434,11780.1,4.6647,1,1,1
868,1,2,1,28.71,2,4.8413,5.2167,18981.02,5.158,1,1,0
1016,1,1,1,14.66,2,11.6023,3.6854,26407.46,3.9462,1,1,1
347,1,2,1,10.6,5,1.1207,1.2708,37936.14,4.0091,1,1,0
54,1,1,1,4.72,1,7.5205,10.5669,1594.86,3.8349,1,1,0
479,1,1,1,5.16,2,1.5469,1.0478,34053.01,3.9002,1,1,0
60,1,3,1,33.35,6,0.4566,0.0221,0.0,3.0619,4,9,1
619,1,2,1,12.54,3,0.2715,0.1273,43722.8,3.0583,1,1,0
380,1,2,1,26.45,6,1.154,0.2682,587.17,3.9225,1,1,1
573,1,1,1,12.31,1,2.7072,2.9334,15698.86,3.626,1,2,0
268,1,1,1,9.18,2,5.942,7.7012,51363.37,4.4185,1,1,0
202,1,1,1,8.57,2,13.2957,3.2063,396.89,3.055,1,1,1
888,1,1,1,11.16,3,2.7377,2.2894,83967.28,4.5807,1,1,1
1291,1,1,1,3.44,1,3.3718,5.6449,9114.72,3.8755,1,1,0
80,1,1,1,8.01,2,0.394,0.3529,30515.25,3.2594,1,1,0
50,1,2,1,7.02,2,0.5046,0.5836,22440.8,4.2466,1,1,0
350,1,1,1,7.4,1,10.9934,3.083,1325.87,3.4549,1,1,1
40,1,3,1,6.33,4,5.3824,1.2338,4.0,1.9876,3,25,1
265,2,1,0,1.62,3,7.4024,11.0996,850.74,3.5886,1,1,0
320,1,1,1,14.88,8,0.4579,0.0569,505.25,3.292,1,1,1
1291,1,1,1,3.01,2,2.7675,3.5409,67197.8,3.8502,1,1,0
736,1,1,1,5.08,4,4.3637,2.9848,39881.89,3.7371,1,2,1
1272,1,3,1,25.87,7,0.5725,0.3194,8503.71,5.0703,1,1,1
387,1,1,1,10.77,1,3.0973,3.6715,29043.5,3.7678,1,1,0
565,1,1,1,5.15,5,6.7465,12.058,22396.39,4.4461,1,1,0
1454,1,3,1,30.68,3,0.7951,0.1246,2755.14,4.5598,1,1,1
401,1,1,1,2.29,1,1.0348,1.3874,3958.4,4.0297,1,1,0
745,1,1,1,6.04,3,5.6242,2.9776,23310.26,4.0809,1,2,1
1257,1,1,1,6.46,1,6.0701,10.0066,22744.26,3.5009,1,3,0
503,1,1,1,38.01,7,10.3886,11.9839,1027.88,3.1071,1,1,0
454,2,1,1,2.13,4,5.2593,5.9882,5817.3,3.0144,1,1,0
57,1,1,1,7.42,2,24.0536,30.0353,35048.57,3.6607,1,1,0
57,1,1,1,3.33,2,2.4533,2.4559,18196.89,4.3405,1,1,0
76,2,1,1,2.31,4,12.2147,10.0236,3618.36,3.1433,1,1,0
103,1,1,1,3.8,1,13.1543,0.5709,124.21,2.8149,1,1,1
98,1,1,1,26.27,5,16.3438,14.2932,1236.48,4.2002,1,1,0
317,1,2,1,25.66,3,0.6842,0.0728,1072.93,3.3519,1,1,1
1387,1,2,1,28.05,6,0.7067,0.4175,3693.19,4.9946,1,1,1
54,1,1,0,9.42,3,11.3601,16.6832,7584.14,4.8544,1,1,0
1045,1,1,1,27.01,5,8.4722,8.845,47113.34,3.8825,1,1,0
309,2,1,1,1.23,5,17.577,23.7228,1263.27,2.8128,1,1,0
121,2,1,1,2.15,2,8.9096,9.5553,4593.88,3.1085,1,1,0
100,1,2,1,2.29,1,15.7029,4.4323,168.98,3.4514,1,1,1
532,1,2,1,14.73,6,1.4438,0.7249,37574.94,4.3202,1,1,0
197,2,1,0,2.66,2,8.5897,6.9015,1873.46,2.4251,1,1,0
276,1,1,1,2.38,1,16.448,1.0613,943.3,3.6559,1,1,1
379,1,1,1,5.43,1,7.4485,7.071,9249.65,4.3814,1,1,0
400,1,1,1,10.38,3,2.1329,1.0558,64626.72,4.7091,2,1,1
63,1,1,0,3.72,1,6.7792,8.701,12504.82,3.9964,1,1,0
1345,1,3,1,26.81,6,0.3025,0.1602,11573.38,5.1733,1,1,1
319,2,1,0,1.94,1,2.9523,1.5252,3459.8,3.7033,1,1,0
218,1,2,1,6.1,1,1.6932,1.6578,5112.64,4.3413,1,1,0
462,1,1,1,14.0,1,14.538,11.8542,63668.8,3.9261,1,1,0
1298,1,1,1,3.98,2,1.0355,1.5642,38083.82,3.4846,1,1,0
1011,1,1,1,26.47,4,0.9464,0.446,718.68,4.5723,1,1,1
834,1,1,1,1.74,1,2.3774,3.4011,29683.9,4.1898,1,1,0
113,1,1,1,2.19,2,1.12,1.2593,46871.33,3.57,1,1,0
64,1,1,1,1.39,3,13.3773,16.5275,2676.91,3.3641,1,1,0
523,1,1,1,16.3,5,7.516,8.3184,34795.26,4.1927,1,2,0
1408,1,1,1,11.31,1,0.8138,0.6067,73661.84,4.1522,1,2,1
106,1,2,1,19.36,3,0.8608,0.2561,337.34,3.3889,1,1,1
1293,1,1,1,8.48,1,4.7216,6.1579,16080.55,4.5619,1,1,0
1241,1,3,1,22.7,5,1.2793,0.2815,17762.75,4.5707,1,1,1
86,1,1,1,8.68,2,0.7109,0.8704,11910.17,3.9064,1,1,0
803,1,1,1,21.44,4,1.3414,1.4034,58795.9,4.9057,2,1,0
153,1,1,1,11.51,5,6.985,5.1817,19600.51,5.2,1,2,0
103,1,1,1,3.82,1,11.0202,11.1194,5544.85,3.432,1,1,0
413,2,1,1,3.99,2,0.8303,1.0324,1172.42,2.8861,1,1,0
1248,1,1,1,13.9,3,0.8203,1.0646,49510.85,4.3692,1,1,0
255,1,2,1,18.81,8,1.2752,1.7668,80081.57,3.9502,1,1,0
173,1,1,0,18.87,3,4.001,5.0136,2322.24,4.2119,1,1,0
216,1,2,1,28.98,3,1.1542,0.0544,651.78,2.6741,1,1,1
196,1,2,1,3.94,3,14.5992,21.9683,20172.33,3.4291,1,1,0
347,1,2,1,4.25,3,8.9977,15.3309,5872.2,3.5772,1,1,0
127,2,1,1,1.98,2,11.2556,16.443,852.68,3.8292,1,1,0
515,1,1,1,38.2,6,2.3009,2.0812,39080.88,4.2808,1,2,0
112,1,1,1,6.27,1,4.0809,3.4596,20917.84,3.1416,1,1,0
320,1,1,1,9.95,2,7.0829,9.9648,19560.09,4.0705,1,1,0
452,1,1,1,1.91,1,7.5849,8.0205,2812.91,2.9504,1,1,0
276,2,1,1,1.49,1,12.8331,18.6781,1365.32,3.4533,1,1,0
1477,1,1,1,29.64,6,0.9098,0.283,8759.81,5.107,1,1,1
84,1,2,1,12.34,4,0.2728,0.1891,27331.72,4.6228,1,1,0
64,1,2,1,17.05,1,6.2922,1.1971,4.0,2.7934,3,22,1
44,1,1,1,5.79,1,6.0803,7.1133,12781.14,3.6173,1,1,0
104,1,1,1,6.52,1,19.1199,32.3311,31421.22,3.6766,1,1,0
60,2,1,1,38.22,6,0.1537,0.0289,16.0,2.3144,3,18,1
397,1,1,1,6.44,1,6.517,9.0233,17855.85,3.5661,1,1,0
1496,1,2,1,15.64,8,1.3252,0.7887,8572.45,4.6983,1,1,1
1422,1,2,1,30.55,3,0.6661,0.3532,7514.28,5.0998,1,1,1
874,1,1,1,5.37,1,0.7014,0.7776,24466.14,4.0408,1,1,0
117,1,2,1,4.8,1,8.6225,11.4439,14134.5,3.8945,1,2,0
262,1,1,1,4.95,2,14.576,1.4557,58.79,3.8896,1,1,1
123,1,1,0,26.46,5,12.7192,13.2164,1301.68,2.4834,1,1,0
100,1,1,1,3.62,1,2.5011,3.9612,24291.93,3.2336,1,1,0
223,1,1,1,13.48,4,1.6397,1.4819,55742.96,4.2857,2,1,0
115,1,2,1,2.7,1,7.3725,1.7956,839.11,2.9656,1,1,1
575,1,1,1,8.39,2,4.073,5.1319,33765.77,4.619,1,1,0
778,1,2,1,18.42,6,0.514,0.219,92658.87,3.8087,1,1,0
798,1,1,1,6.88,1,1.3053,1.2291,16833.99,3.9223,1,2,1
292,1,1,1,7.03,1,10.773,10.3959,5181.19,2.9963,1,1,0
629,1,1,1,24.02,4,6.8597,5.6363,26369.22,4.1834,1,1,0
71,1,1,1,2.96,1,12.1421,16.3451,455.01,3.6912,1,1,0
472,2,1,1,2.53,1,11.1933,6.5743,193.54,2.7285,1,1,0
40,1,1,1,43.11,10,0.296,0.0499,0.0,1.8545,4,13,1
329,1,1,1,13.23,2,5.0612,3.846,5672.04,4.5012,1,1,0
71,1,1,1,8.54,2,1.6936,2.0628,11685.52,3.6435,2,1,0
206,1,1,1,45.25,5,0.5952,0.0561,1336.31,4.4579,1,1,1
1370,1,1,1,17.74,5,1.4616,1.0023,60399.29,3.8099,1,1,0
344,2,1,1,23.05,3,13.3126,18.2936,1284.43,3.077,1,1,0
173,1,1,1,3.93,1,25.5338,41.1163,6082.59,4.2305,1,1,0
240,1,2,1,27.35,3,0.9988,0.2098,748.35,3.0774,1,1,1
438,1,1,1,2.24,1,3.1879,3.0131,15339.17,3.688,1,1,0
475,1,1,1,7.98,2,10.8779,16.9091,47910.83,4.1124,1,1,0
272,2,1,1,2.4,1,0.4983,0.3906,5943.43,4.3995,1,1,0
112,1,1,1,3.52,1,1.7001,1.2663,2540.89,4.5327,1,1,0
1121,1,1,1,1.87,1,0.6513,0.5251,7193.52,3.8924,1,1,0
1199,1,2,1,34.74,3,1.2449,0.2298,6786.65,4.9761,1,1,1
351,2,1,1,2.96,1,1.1529,1.2117,1984.47,3.7556,1,1,0
181,2,1,1,1.95,4,4.4986,3.4445,6149.01,2.8131,1,1,0
1425,1,1,1,2.92,4,4.5313,3.8575,41358.57,4.0226,1,1,1
40,1,1,0,28.94,12,0.3586,0.069,16.0,1.8901,4,21,1
98,1,1,1,14.46,3,0.6706,0.6138,15082.13,3.9827,1,1,0
50,1,1,1,4.88,2,6.6924,6.2986,73521.76,3.2489,1,1,0
195,1,2,1,3.52,2,16.9564,4.6955,1658.22,4.2099,1,1,1
746,1,1,1,8.35,3,1.5677,2.4081,30361.96,3.4254,1,3,0
53,1,1,1,2.52,2,1.5906,2.1151,10756.74,4.7661,1,1,0
1079,1,1,1,5.06,5,10.8308,18.4752,11201.01,3.5058,1,3,0
1296,1,1,1,10.5,2,1.8054,1.7161,36751.52,3.9289,1,1,1
83,1,1,1,3.36,3,1.7827,2.3427,32609.18,3.8025,1,1,0
253,1,1,1,10.06,2,2.3444,3.6639,19693.32,4.0033,1,1,0
432,2,1,1,6.19,2,4.1914,4.017,6248.7,2.5265,1,1,0
1204,1,1,1,5.44,2,1.0271,1.781,18265.56,3.3416,1,1,0
860,1,1,1,5.41,4,10.0141,13.16,33159.46,3.8892,1,1,0
813,1,1,1,48.74,4,5.2037,5.8541,48186.2,4.2913,1,2,0
322,1,1,1,9.5,1,5.2661,4.0902,10364.33,3.4102,1,1,0
98,1,2,1,3.13,2,10.1289,7.9725,29470.22,3.3588,1,1,0
64,1,1,1,4.11,3,9.5218,0.9858,0.0,3.0201,5,12,1
1317,1,1,1,1.51,1,1.2911,1.637,18550.15,3.9491,1,1,0
1002,1,1,1,1.55,1,1.8456,2.6873,21709.42,4.2859,2,1,0
64,2,1,1,1.61,2,1.147,1.6001,1636.26,3.1757,1,1,0
1076,1,1,1,20.51,7,4.8169,4.6453,57559.86,4.1534,1,1,0
348,1,1,1,10.22,8,5.8217,4.8852,40964.69,4.5014,1,1,0
243,2,1,1,4.32,1,1.8208,2.0539,1730.88,4.0604,1,1,0
93,1,1,1,1.83,1,8.2572,12.9086,39356.14,4.0294,2,1,0
285,1,1,1,1.6,1,7.7332,7.8654,25664.81,3.3832,1,1,0
105,1,1,1,1.74,1,2.6402,3.0742,362.58,4.687,1,1,0
958,1,2,1,24.28,5,5.5263,5.9188,27207.02,4.4489,2,1,0
1111,1,1,1,5.15,1,0.7043,0.8249,36048.06,3.033,1,1,0
344,1,2,1,47.5,3,0.8152,0.0666,245.83,2.8225,1,1,1
61,1,1,1,7.93,1,7.4803,6.2893,19464.46,3.9524,1,1,0
1225,1,1,1,9.89,5,3.07,1.4296,41644.49,4.9077,2,2,1
189,1,1,1,1.44,1,7.7079,6.6017,51499.66,3.2091,1,1,0
816,1,1,1,11.61,1,0.8998,1.0242,14806.44,4.2657,1,1,0
1274,1,2,1,2.84,1,0.9341,1.1846,19857.29,4.1234,1,1,0
934,1,1,1,13.96,2,2.3205,2.5955,82159.81,4.455,1,2,1
130,1,1,1,29.61,2,9.8247,11.861,17623.61,4.0118,1,1,0
48,2,1,1,2.58,1,4.015,2.2001,4219.98,4.5656,1,1,0
1424,1,1,1,37.96,9,0.9513,0.2403,1483.31,4.6021,1,1,1
210,1,1,1,2.53,2,4.2817,5.7747,33025.84,3.4266,1,1,0
105,2,1,0,3.61,1,3.2839,2.1466,3701.53,2.4435,1,1,0
73,2,1,1,4.89,1,5.9131,8.5335,6434.12,3.5111,1,1,0
289,1,1,1,3.95,1,0.5898,0.4054,1154.86,3.6286,1,1,0
52,1,2,1,12.37,3,9.8153,0.9396,0.0,2.637,5,5,1
189,2,1,1,3.24,2,4.3845,4.4813,3896.59,2.8637,1,1,0
269,1,1,1,2.09,1,4.2277,3.8363,965.04,3.4808,1,1,0
78,1,1,1,3.0,2,0.7225,0.4985,25979.56,5.0,1,2,0
52,1,1,1,6.1,1,11.7316,9.3959,16660.02,3.1006,1,1,0
1011,1,2,1,6.56,5,1.4513,1.2391,37689.65,4.242,1,1,1
1401,1,1,1,19.66,4,5.0823,1.6871,35898.15,4.2592,1,2,1
156,2,1,1,4.97,2,0.9205,0.5601,3967.81,3.3434,1,1,0
394,2,1,1,2.08,1,8.4123,9.5576,2727.29,3.4778,1,1,0
64,1,2,1,39.37,8,0.2721,0.0134,16.0,2.7528,3,21,1
1111,1,2,1,34.04,9,1.427,0.156,4647.33,5.044,1,1,1
69,2,1,1,3.34,1,1.0663,0.9814,367.82,3.8442,1,1,0
107,1,1,1,4.54,1,1.3426,1.5934,25737.6,4.4648,1,1,0
215,1,1,1,19.44,4,2.3003,2.1349,1636.12,4.0426,1,1,0
430,1,1,1,1.83,1,0.8233,0.4944,303.3,3.8513,1,1,0
798,1,1,1,7.14,1,1.6719,1.2658,76031.54,4.0438,1,1,1
323,1,1,1,1.31,1,2.1171,3.8035,16975.53,3.075,1,1,0
1419,1,1,1,3.4,3,3.7413,5.6276,21780.7,4.7495,2,1,0
705,1,1,1,15.25,3,2.5174,2.5262,71975.25,4.337,1,1,0
157,1,1,1,7.52,1,8.2001,1.9361,232.87,3.4936,1,1,1
1245,1,1,1,14.96,1,4.702,4.5918,50659.78,3.6342,1,1,1
207,1,1,1,6.46,2,2.7993,4.4555,11850.98,3.5492,1,1,0
52,2,3,1,47.99,11,0.0726,0.0097,4.0,2.3584,6,8,1
1247,1,2,1,31.03,6,0.3095,0.1339,5284.0,4.9128,1,1,1
358,2,1,1,2.88,4,28.6435,27.3683,1573.16,3.6722,1,1,0
1499,1,1,1,20.17,3,0.6369,0.3801,4643.59,5.2422,1,1,1
78,1,1,0,2.99,1,4.6298,3.8469,346.16,3.2013,1,1,0
75,1,2,1,21.4,3,1.1369,0.0996,740.07,2.8016,1,1,1
208,1,1,1,2.63,2,12.788,21.4215,13246.99,3.5687,1,1,0
163,1,1,1,6.38,1,6.0805,6.9148,30500.07,3.867,2,1,0
357,1,1,1,7.51,1,3.1631,2.7303,31465.78,4.4253,1,1,1
930,1,1,1,13.67,2,4.1345,5.1123,20622.55,3.8601,1,1,0
730,1,2,1,4.88,2,3.6857,3.6544,26051.66,3.0527,1,1,0
1465,1,1,1,10.79,2,2.5559,1.9921,45297.22,4.3772,1,1,1
1458,1,2,1,15.14,2,4.1327,2.326,23127.56,3.946,1,1,1
242,1,1,1,15.5,1,2.0581,1.7678,43713.94,3.6569,1,1,0
1278,1,1,1,15.45,5,1.764,1.1218,65964.93,4.4532,1,1,0
64,2,3,1,33.17,7,0.281,0.0225,0.0,2.1096,3,14,1
1205,1,1,1,34.62,1,0.5937,0.7663,29626.19,3.5966,1,1,0
170,1,2,1,7.42,1,11.8371,2.1684,817.71,3.3977,1,1,1
897,1,1,1,2.44,2,1.1526,1.0723,21221.25,4.3057,1,1,0
603,1,1,1,7.66,6,1.4538,1.3615,70505.06,4.0532,1,2,0
170,1,1,1,5.54,4,2.2579,2.2224,8950.68,3.7402,1,1,0
336,1,1,1,11.24,1,1.3761,1.7365,16707.88,4.0366,1,1,0
1331,1,1,1,16.28,2,1.3947,1.7601,36236.04,4.0983,1,2,0
114,2,1,1,2.6,1,1.2734,0.6878,1975.9,2.7145,1,1,0
1388,1,1,1,28.46,2,1.5359,0.812,3576.97,4.7458,1,1,1
885,1,1,1,10.49,3,5.2123,5.5268,50644.22,3.6378,2,2,1
173,1,1,1,6.56,1,19.0234,32.6025,53660.76,3.8033,1,2,0
1214,1,2,1,23.84,7,3.0329,2.479,10587.11,3.9619,1,1,0
376,1,2,1,22.21,5,0.6565,0.118,1833.14,3.2696,1,1,1
1420,1,1,1,4.39,2,5.9152,6.6474,7636.19,3.6257,1,1,0
1333,1,2,1,21.22,3,1.0399,0.507,2031.67,4.9274,1,1,1
1082,1,1,1,8.35,2,11.0557,7.1033,38864.67,4.2757,1,2,1
1426,1,1,1,5.19,1,0.7524,0.3108,52234.87,4.9824,2,1,1
52,1,1,1,9.79,1,6.9416,11.5853,21344.77,3.7554,1,1,0
83,2,1,1,1.67,1,2.3069,3.1983,5524.35,2.8512,1,1,0
44,1,3,1,4.57,1,11.8408,1.7286,16.0,2.2633,5,23,1
1113,1,1,1,30.03,4,0.3126,0.1624,2175.39,4.3599,1,1,1
396,1,1,1,3.66,1,2.5976,2.5491,12294.91,3.2872,1,1,0
44,1,1,1,37.81,6,0.3116,0.0078,0.0,1.8474,4,10,1
412,2,1,1,21.33,8,3.7267,5.2154,1733.87,2.1803,1,1,0
117,1,1,1,9.01,1,12.2662,8.1866,38278.32,2.7409,1,1,0
967,1,1,1,4.68,2,9.069,4.7463,54254.53,4.0665,1,1,1
44,2,1,1,36.27,8,0.4957,0.0802,16.0,2.0478,4,20,1
64,1,2,1,5.44,1,13.7653,2.8774,0.0,2.8478,5,22,1
140,1,1,1,5.23,1,9.8236,2.3069,292.49,3.3048,1,1,1
887,1,2,1,5.21,5,3.7626,4.4028,26819.91,3.8073,1,1,0
83,1,1,1,1.69,1,0.5902,0.3721,23863.05,4.0772,1,1,0
1446,1,1,1,6.93,3,5.9795,7.2799,20629.39,4.1719,1,1,0
458,1,2,1,18.2,1,4.3561,3.7771,48653.74,4.0713,1,1,1
100,1,1,1,5.25,3,8.5103,14.1069,15662.72,3.3874,1,3,0
946,1,1,1,11.47,1,1.4797,1.0911,46791.89,4.0086,1,1,0
354,1,2,1,4.0,2,1.5333,2.1932,30894.91,3.7785,1,1,0
60,1,1,1,7.19,1,14.162,1.3611,0.0,2.5243,2,18,1
111,1,1,1,35.69,8,0.758,0.0935,382.98,3.1777,1,1,1
1085,1,1,1,2.7,4,0.2064,0.0755,60892.0,4.0803,1,2,1
48,1,1,1,27.6,2,10.405,5.6503,1538.93,3.0278,1,1,0
411,1,1,1,6.63,1,0.3542,0.2558,35387.9,3.1916,1,1,0
66,2,1,0,2.52,1,17.4054,24.0903,2408.01,2.93,1,1,0
114,2,1,1,8.32,2,5.2606,4.5246,3353.67,3.7,1,1,0
50,2,1,1,1.19,1,10.7095,13.1483,3851.7,2.5883,1,1,0
355,1,2,1,3.4,1,11.8765,15.5497,22472.36,4.8655,1,1,0
876,1,1,1,4.4,4,22.1144,15.5435,17764.15,3.1921,1,1,0
63,1,1,1,2.66,1,1.9788,1.4238,1593.46,3.0865,1,1,0
515,1,2,1,7.16,1,13.5712,23.5562,45586.5,3.6676,1,1,0
1338,1,2,1,6.59,1,0.5414,0.6039,11807.06,4.2635,1,1,0
312,1,2,1,40.62,7,0.1127,0.0153,421.95,2.9854,1,1,1
83,1,2,1,21.21,8,1.0391,1.1049,67660.98,4.2177,1,1,0
351,1,2,1,22.42,4,7.9345,6.3307,83897.23,4.0083,1,1,0
301,1,1,1,34.58,6,1.0217,0.1246,102.61,4.2053,1,1,1
407,2,1,1,3.88,1,5.5335,7.0949,1477.25,3.215,1,1,0
205,1,1,1,17.43,4,3.1081,1.8987,48822.63,4.2724,1,1,0
769,1,1,1,6.43,3,6.4324,7.0802,69498.7,4.5243,1,1,1
120,1,1,1,2.92,2,21.8615,13.8268,27339.21,4.4477,1,1,0
174,1,1,1,5.77,2,2.6489,2.138,21280.17,3.8314,1,1,0
1191,1,1,1,16.6,1,1.9948,2.3816,80439.26,4.9714,1,1,0
221,1,1,1,7.15,1,4.3698,6.3279,34002.14,3.4752,1,1,0
149,1,1,1,15.22,2,11.1152,1.3816,535.95,3.9241,1,1,1
296,1,1,1,16.65,6,7.3098,10.0072,13568.84,4.0885,1,1,0
391,1,1,1,6.16,1,2.4015,2.8639,27342.32,4.295,1,1,0
507,1,1,1,13.26,5,8.3032,13.9708,19688.33,3.9079,1,1,0
281,2,1,1,30.31,8,8.8481,5.3067,1274.06,4.1008,1,1,0
295,1,1,1,4.0,2,9.1105,0.9122,1722.82,2.8571,1,1,1
1337,1,1,1,30.68,7,0.6738,0.2457,485.1,4.6217,1,1,1
48,1,1,1,5.51,2,5.7853,8.4431,25854.79,3.4989,1,1,0
734,1,1,1,7.63,5,2.5,2.8495,34901.07,4.2154,1,1,1
1151,1,1,1,26.47,5,1.5601,0.7314,9127.99,4.744,1,1,1
627,1,2,1,9.89,4,9.2681,3.2049,82110.14,4.6246,1,2,1
1209,1,2,1,24.95,5,0.3235,0.149,3961.77,5.15,1,1,1
339,1,1,1,5.63,2,2.5432,2.5758,37794.52,3.628,2,1,0
95,2,1,1,5.65,1,6.0668,5.7741,593.22,3.5704,1,1,0
339,1,2,1,7.27,4,1.2871,1.3883,33646.24,4.5708,1,1,1
1417,1,1,1,11.16,1,12.7348,15.6983,13058.27,3.0223,1,2,0
856,1,1,1,3.83,2,10.221,6.1727,18760.06,4.155,1,1,0
770,1,1,1,16.17,5,1.8063,1.402,38802.97,4.6514,1,1,0
221,1,1,1,2.59,2,11.5645,2.7314,204.87,2.7581,1,1,1
436,1,2,1,15.4,1,2.5086,1.1305,24748.48,3.9668,1,1,1
333,1,1,1,10.28,5,1.9825,2.4754,89326.96,4.2812,1,1,0
78,1,1,1,1.26,1,4.7882,2.7427,3945.94,3.9383,1,1,0
1268,1,1,1,5.95,1,0.1014,0.1457,7689.04,3.9864,1,1,0
426,1,1,1,3.63,3,1.1998,1.3165,9325.57,3.0229,1,1,0
1171,1,1,1,11.28,2,2.2271,0.7477,51392.0,4.7855,1,1,1
328,1,1,1,7.1,2,7.6537,11.0788,10040.2,3.2743,1,1,0
732,1,1,1,6.97,3,0.3654,0.5241,36917.72,4.1198,1,1,0
397,1,1,1,2.07,1,6.894,6.5739,3748.7,4.047,1,1,0
70,2,1,0,2.04,2,8.4914,12.1118,2862.52,3.8245,1,1,0
217,1,2,1,20.94,8,0.9345,0.1983,828.39,3.5103,1,1,1
984,1,1,1,15.15,5,2.5541,1.929,97977.12,4.6278,1,1,0
275,2,1,1,32.89,4,10.3406,9.6249,1738.68,2.8476,1,1,0
40,1,1,1,10.76,3,1.218,2.0537,35521.21,4.3406,1,1,0
1173,1,1,1,6.88,1,0.5335,0.6997,33855.57,3.943,1,3,0
765,1,1,1,4.49,2,1.1949,0.9651,13561.02,3.8526,1,1,0
1355,1,1,1,5.15,2,8.7977,8.4929,23354.25,4.4467,1,1,1
150,1,1,1,5.82,5,6.4017,5.3748,33985.46,4.3885,1,1,0
241,1,1,1,2.43,2,7.2105,12.4708,10608.54,4.0137,1,1,0
294,1,1,1,4.49,2,0.7778,0.6896,19870.45,3.9689,1,1,0
1061,1,1,1,26.07,3,1.6584,0.3558,7399.81,4.8586,1,1,1
40,2,1,1,7.35,1,14.7094,1.9262,16.0,2.9077,3,15,1
96,1,1,1,2.87,1,12.2421,11.7751,47169.46,2.6775,1,1,0
113,2,1,1,1.37,1,4.4019,5.7297,1469.14,2.0,1,1,0
443,2,1,1,2.62,1,3.8,3.1677,476.54,3.2123,1,1,0
1182,1,1,1,5.1,3,6.8763,7.6795,10306.98,3.4294,1,1,0
350,1,2,1,4.6,5,1.3049,1.1797,43118.24,3.6982,1,2,1
106,1,1,1,9.46,7,1.5298,2.5897,11066.82,4.2917,1,1,0
449,1,2,1,18.97,6,3.5621,2.5256,55354.95,3.7744,1,1,0
59,1,1,1,4.48,1,5.9143,6.5285,44819.46,4.118,1,3,0
479,2,1,1,6.43,1,2.5794,3.3041,4942.08,3.1362,1,1,0
56,1,1,1,4.51,2,0.686,1.1887,12018.1,4.3487,1,1,0
320,1,1,0,19.94,3,16.9551,11.7793,6003.55,3.9377,1,1,0
1045,1,2,1,34.71,5,1.7782,0.7492,9936.87,4.9933,1,1,1
398,1,1,1,3.32,3,8.4373,7.7509,32132.91,3.8226,1,1,0
157,1,1,0,11.11,1,7.0419,7.8613,20813.0,3.2062,1,1,0
163,1,1,1,30.02,4,1.1687,0.0644,648.87,2.8919,1,1,1
830,1,1,1,7.28,5,11.1644,18.1312,24220.55,3.5866,1,1,0
1197,1,1,1,6.41,1,7.7101,5.4105,53374.63,4.6667,1,1,0
590,1,1,1,5.78,2,0.7019,0.5847,82215.29,4.6806,1,1,1
510,1,2,1,14.75,6,4.5206,3.0054,55886.53,4.4814,1,1,0
45,1,1,1,1.78,1,2.4346,2.7404,16253.27,4.0289,1,1,0
1292,1,3,1,15.4,7,0.223,0.0359,6811.04,4.9913,1,1,1
94,2,1,1,4.1,1,1.4078,2.0305,1046.92,3.765,1,1,0
52,1,2,1,28.81,9,0.0875,0.0029,0.0,2.4717,3,9,1
270,2,1,0,3.27,1,1.6667,2.376,4434.25,3.4926,1,1,0
507,1,2,1,10.25,3,14.4623,13.8148,116330.11,4.87,1,1,1
378,1,2,1,29.49,4,0.9022,0.1891,148.36,3.9654,1,1,1
667,1,2,1,17.12,10,4.0156,4.7537,73337.53,4.5001,1,1,0
52,1,1,1,2.11,1,4.1807,2.8244,16034.52,4.2006,1,1,0
1160,1,2,1,19.78,5,4.8403,2.5128,112720.96,4.4384,1,1,0
310,2,1,1,1.9,1,7.3849,4.6077,3864.72,3.5431,1,1,0
211,2,1,1,1.66,2,7.6618,11.0112,2969.17,3.8424,1,1,0
412,2,1,1,1.63,1,2.5757,2.9094,5552.2,3.6708,1,1,0
64,3,2,1,5.4,3,6.5309,0.9873,0.0,3.0163,2,14,1
336,1,2,1,20.84,5,0.8439,0.2523,1045.37,3.8579,1,1,1
113,1,1,1,7.87,2,2.0185,3.5848,8641.22,3.6,2,1,0
1136,1,1,1,13.66,2,1.6197,2.1655,88709.45,3.6474,1,1,0
1070,1,1,1,13.12,2,3.1227,5.2092,3756.9,3.9792,1,1,0
56,2,1,1,2.31,1,1.7264,0.956,3938.01,4.0723,1,1,0
73,2,1,1,3.37,1,2.4739,1.4615,1025.71,3.4321,1,1,0
1176,1,1,1,1.94,1,13.4285,19.9318,19937.21,3.27,1,1,0
1328,1,1,1,6.43,2,1.749,2.3886,40784.55,3.1888,1,1,0
43,1,1,1,9.44,1,4.6644,3.8679,33958.59,4.7884,1,1,0
187,1,1,1,13.38,6,0.3576,0.4637,45670.02,3.9632,1,1,0
254,2,1,1,1.47,3,0.8527,0.71,4736.72,3.7871,1,1,0
83,1,2,1,16.5,2,1.5167,0.6843,49623.25,2.9282,1,1,0
433,1,1,1,15.56,3,4.5139,1.9429,71317.02,4.3194,1,1,0
289,1,1,1,14.51,5,0.4047,0.2057,26313.67,4.1845,1,1,1
1256,1,2,1,3.11,1,7.973,7.6452,10319.77,3.9654,1,1,0
90,2,1,1,17.66,5,2.4068,1.5077,3254.9,3.1506,1,1,0
1337,1,1,1,17.79,5,7.1714,6.3429,122901.57,3.54,1,1,0
816,1,1,1,11.85,1,3.7664,4.744,9093.56,3.6356,1,1,0
77,1,2,1,9.81,5,3.4458,3.0532,53897.84,3.5971,1,2,0
1157,1,1,1,5.04,1,1.4723,1.3051,8219.67,4.5892,1,1,0
1067,1,2,1,32.31,3,0.4037,0.2394,2231.0,4.8494,1,1,1
1365,1,2,1,19.38,5,0.1182,0.079,114427.5,4.3689,1,1,0
363,1,1,1,27.73,6,3.2339,3.294,32473.69,3.9984,1,1,0
377,1,2,1,5.7,2,11.7927,12.3774,14026.34,4.5728,1,1,0
359,1,2,1,24.24,6,1.2282,1.636,69741.1,4.3084,2,1,0
365,1,1,1,5.27,1,8.0045,0.848,645.91,3.7357,1,1,1
277,1,2,1,24.19,3,1.0253,0.0792,62.19,3.0825,1,1,1
295,1,1,1,3.51,1,1.7614,1.9678,11578.2,3.9591,1,1,0
194,1,1,1,16.15,5,1.0852,1.2644,28403.74,4.4968,1,1,0
798,1,1,1,22.51,3,0.232,0.2428,24309.76,3.9645,2,1,0
52,1,2,1,5.59,2,10.1334,2.109,0.0,1.8593,5,20,1
208,1,1,1,3.5,3,5.745,8.4365,14145.58,4.2898,1,1,0
366,2,1,0,3.19,3,1.2501,1.471,5651.04,3.8423,1,1,0
1015,1,1,1,23.8,3,0.4313,0.0927,4496.09,4.0294,1,1,1
691,1,1,1,12.01,1,3.0802,1.4781,42132.36,5.0659,1,2,1
1452,1,1,1,3.09,2,3.2673,4.4143,13405.85,4.2046,1,1,0
1298,1,1,1,13.76,4,0.6382,0.3048,72753.3,4.242,1,1,0
75,1,1,1,6.05,1,2.2506,2.6019,9383.77,4.0097,2,1,0
44,1,2,1,39.87,11,0.4885,0.0127,16.0,1.6004,2,18,1
1360,1,2,1,3.58,2,6.7076,6.9342,22126.31,2.779,1,2,0
304,1,1,1,22.29,7,1.2451,0.6324,56521.2,4.1732,1,1,0
1206,1,2,1,8.18,3,13.3554,12.6194,14985.32,3.7767,1,1,0
1048,1,2,1,18.65,4,1.093,0.5663,7552.68,5.5455,1,1,1
403,1,2,1,13.3,3,0.4126,0.4892,20315.36,4.0728,1,2,1
96,1,1,1,4.2,1,9.8541,6.6865,645.44,3.2071,1,1,0
249,1,1,1,8.48,3,2.0445,2.684,68918.92,4.9817,1,1,0
82,1,1,1,17.43,1,8.7759,8.1826,35812.25,3.644,1,1,0
122,1,1,1,3.49,1,23.0086,32.6592,2821.85,2.732,1,1,0
498,1,2,1,7.19,4,13.6355,5.385,51410.82,4.3157,1,2,1
1322,1,1,1,6.29,2,5.823,10.4373,33715.58,2.9155,1,3,0
199,1,1,1,3.48,1,1.677,2.3043,3498.27,3.5629,1,1,0
1357,1,1,1,27.52,4,4.2687,4.9411,9468.53,4.039,1,1,0
980,1,1,1,17.79,3,4.5128,4.2658,37522.22,4.4693,1,1,1
64,1,1,1,35.89,8,0.4343,0.1017,0.0,3.1025,6,21,1
438,1,1,1,3.78,3,20.4796,20.773,1522.26,3.6701,1,1,0
383,1,1,1,5.69,1,0.4251,0.6806,13682.23,3.8144,1,1,0
224,1,2,1,20.33,6,1.1981,0.337,716.4,2.485,1,1,1
871,1,1,1,4.25,3,25.8081,18.4955,112464.91,4.0228,1,1,1
68,1,1,1,19.42,4,1.1259,0.0854,271.71,3.9552,1,1,1
991,1,2,1,8.02,2,7.196,10.6707,6452.18,3.8184,1,1,0
214,2,1,1,1.86,3,2.9173,2.4209,1364.53,3.3175,1,1,0
95,1,1,1,13.55,1,13.3489,12.9037,36675.67,4.3216,1,1,0
311,1,1,1,3.0,2,3.1374,5.5899,21502.88,3.8778,2,1,0
959,1,1,1,7.16,5,6.5822,4.019,33479.71,3.7634,1,1,0
408,1,1,1,8.31,2,3.5297,3.8201,54733.23,4.5886,1,2,0
385,1,1,1,4.24,3,0.2134,0.3695,6984.62,4.2185,1,1,0
261,2,1,1,23.91,2,4.1536,5.872,1323.16,4.0687,1,1,0
857,1,1,1,15.01,4,6.888,3.4448,75094.11,4.0925,1,1,0
668,1,1,1,33.48,4,6.1881,7.3167,22565.77,4.3258,1,1,0
444,1,1,1,2.62,2,6.5964,4.8467,17076.5,3.4715,1,2,0
355,1,1,1,32.58,9,0.3692,0.0766,656.71,3.7989,1,1,1
1349,1,3,1,27.37,4,1.2878,0.1755,1962.48,5.2662,1,1,1
879,1,1,1,7.24,6,4.9062,2.1261,43575.49,4.4175,1,1,1
48,2,1,1,25.98,2,4.8729,3.8683,4052.47,3.1818,1,1,0
83,1,1,1,21.32,6,0.8622,0.2022,152.62,3.2683,1,1,1
136,2,1,1,5.26,1,9.7197,8.7688,1445.2,2.6599,1,1,0
991,1,1,1,5.44,2,3.3571,2.0401,14061.02,4.5759,1,1,0
1442,1,2,1,7.07,1,3.7424,3.5507,24680.76,4.4951,1,1,0
54,1,1,1,38.28,5,5.3874,7.0332,1365.53,2.5358,1,1,0
260,1,1,1,7.26,2,16.4844,0.6798,1925.53,2.8381,1,1,1
427,1,1,1,2.88,2,10.3056,16.5858,38070.96,3.7484,1,1,0
83,1,1,1,4.83,1,0.5035,0.8912,12535.15,4.6359,1,1,0
907,1,1,1,11.74,1,1.3687,1.912,9582.98,4.3634,1,1,0
1029,1,1,1,3.93,1,5.7145,7.7395,8244.54,3.0905,1,2,0
280,1,1,1,9.32,3,1.8065,1.2982,4906.83,4.0721,1,1,0
109,1,2,1,12.55,1,1.508,1.4692,1601.0,3.9998,1,1,0
1158,1,1,1,10.37,2,1.885,1.57,28163.43,4.2554,1,1,0
135,2,1,1,3.56,2,3.0732,2.0377,4452.93,3.0081,1,1,0
60,3,1,1,5.18,1,13.9185,0.4327,16.0,2.4576,5,6,1
96,1,1,1,5.77,4,5.1885,7.4065,38405.14,3.6946,1,1,0
110,1,1,1,4.62,3,9.7919,12.9768,8199.52,4.6157,1,1,0
792,1,1,1,3.5,3,2.1121,3.5382,33721.07,3.7336,2,1,0
282,1,2,1,40.78,4,0.1548,0.0417,44.27,3.4541,1,1,1
1288,1,1,1,3.16,1,4.0611,6.9481,20089.12,3.7313,1,1,0
109,1,2,1,4.15,2,5.2044,8.6291,25466.58,3.3037,1,1,0
215,1,1,1,2.39,1,3.6038,5.8987,54280.52,3.3002,1,1,0
1278,1,2,1,21.52,7,0.2364,0.0385,6201.57,4.463,1,1,1
196,1,1,1,1.5,1,8.1163,7.3414,1356.71,2.461,1,1,0
998,1,1,1,3.44,1,6.2863,5.7521,5537.27,4.1596,1,1,0
730,1,1,1,36.36,6,7.9282,6.4007,32824.92,4.137,1,1,0
63,2,1,1,2.71,1,7.2122,4.377,1822.56,4.1015,1,1,0
964,1,1,1,5.71,1,7.751,9.3041,19944.71,3.6798,1,1,0
64,1,3,1,8.1,2,7.7158,0.5184,4.0,2.0166,2,6,1
1349,1,1,1,18.81,2,1.0176,1.4128,67412.78,3.6071,1,2,0
871,1,1,1,5.36,2,31.0037,45.8936,40032.73,3.676,1,1,0
83,2,1,1,4.91,1,9.6498,9.5418,1075.87,4.1913,1,1,0
1148,1,1,1,8.75,2,0.1727,0.2725,13683.82,4.5834,1,1,0
249,1,2,1,18.46,3,1.0668,0.2653,1078.03,4.0185,1,1,1
373,1,2,1,2.71,1,2.18,2.5137,49196.24,3.6436,1,1,0
110,1,1,1,5.77,4,16.561,21.5847,49890.66,3.9701,1,2,0
77,1,1,1,32.02,7,9.8057,11.2762,5477.56,3.5278,1,1,0
521,1,1,1,3.19,3,14.5884,22.6449,16694.27,3.4895,1,1,0
507,1,1,1,8.76,2,4.2013,2.6941,18474.01,4.0252,1,1,0
86,1,1,1,4.61,2,4.0637,5.8005,10609.31,3.3559,1,3,0
181,1,2,1,40.61,6,0.486,0.1116,334.43,3.3063,1,1,1
1166,1,2,1,4.51,1,2.3339,1.6133,8717.77,3.9477,1,1,0
108,1,2,1,4.49,3,2.3726,2.9595,13912.86,4.3196,1,1,0
112,1,1,1,9.09,1,7.6561,5.5313,37009.37,2.6846,1,1,0
1154,1,1,1,4.16,3,2.5479,2.1625,14461.87,4.3634,1,1,0
322,1,1,1,3.64,1,11.3514,3.1696,815.99,3.4425,1,1,1
235,2,1,1,45.7,3,1.7851,1.5095,573.71,4.0322,1,1,0
92,2,1,0,4.34,1,3.5783,2.2994,1729.16,3.8288,1,1,0
263,1,1,1,7.95,1,0.6926,0.7023,27167.42,4.0403,1,1,0
119,1,1,1,8.5,3,5.1668,8.8957,10183.29,3.6126,1,1,0
451,2,1,1,2.54,1,3.3999,3.5584,7687.37,3.1763,1,1,0
119,1,1,1,7.1,2,10.9396,0.5427,516.79,3.1195,1,1,1
61,1,1,1,10.47,1,1.0471,1.8069,14765.52,3.9755,1,1,0
754,1,1,1,4.63,2,25.7884,40.8752,13792.15,3.9443,1,3,0
352,1,2,1,3.7,2,3.3313,5.187,26751.78,3.36,1,1,0
135,1,1,1,6.94,2,12.6772,0.6208,283.84,3.002,1,1,1
105,1,1,1,4.57,1,20.0263,29.6988,1043.53,3.581,1,1,0
53,1,1,1,4.53,2,3.5121,4.0345,11181.84,3.9052,1,1,0
1479,1,1,1,10.5,7,1.6884,1.2791,56261.56,3.9454,1,1,1
259,1,1,1,17.62,7,0.9024,0.1001,344.2,3.764,1,1,1
102,1,1,1,6.88,3,5.367,9.0239,22051.27,3.8001,1,1,0
100,1,1,1,3.48,3,8.2264,13.3112,5797.26,3.5451,1,1,0
44,1,1,1,6.22,2,4.9682,0.2565,4.0,1.7045,5,22,1
230,1,2,1,3.23,2,2.3592,4.201,18563.86,4.2308,1,1,0
304,1,1,1,33.63,5,0.6077,0.1338,123.71,3.0434,1,1,1
197,1,1,1,21.94,6,1.1133,0.3248,1387.23,2.6273,1,1,1
232,1,1,1,5.7,1,0.2356,0.1899,53528.75,4.1023,1,1,0
730,1,1,1,7.32,1,3.2126,2.147,86021.46,4.1402,1,1,1
347,2,1,1,1.36,2,24.3931,29.482,3980.41,2.9547,1,1,0
204,1,1,1,7.44,4,0.6125,0.8601,31455.22,4.3472,1,1,0
259,1,1,1,2.82,2,4.252,6.6473,20775.0,4.1996,1,1,0
421,1,1,1,4.06,3,9.8413,9.3924,34329.49,3.2832,1,1,0
322,1,1,1,19.1,4,2.3606,2.4295,79276.97,4.2866,2,1,0
324,1,2,1,5.09,1,6.4636,0.2933,1137.12,2.9867,1,1,1
1228,1,1,1,13.82,4,0.6117,0.2671,58436.75,3.8296,1,1,0
49,1,1,1,6.83,1,10.4264,12.4246,17711.75,4.5875,2,1,0
224,1,1,1,41.29,10,1.1954,0.1649,154.64,2.9328,1,1,1
767,1,1,1,10.05,4,8.4117,8.5836,32037.4,3.6455,1,1,1
156,1,1,1,20.46,4,0.139,0.0331,129.24,2.9722,1,1,1
46,1,1,1,6.62,1,6.1334,9.6021,49002.55,3.5902,1,1,0
63,1,1,1,4.79,1,4.2428,7.2207,6451.35,4.0238,1,1,0
1107,1,2,1,32.68,7,0.7606,0.1594,378.55,4.5458,1,1,1
1261,1,1,1,17.65,2,3.349,4.2262,29221.05,4.1766,2,1,0
1320,1,2,1,23.7,3,2.9729,2.1076,80637.69,3.8498,1,1,0
1254,1,2,1,25.46,7,8.4038,10.1969,34323.38,3.5676,1,2,0
980,1,1,1,8.26,1,9.2517,13.41,20078.12,3.8135,1,1,0
151,1,1,1,29.96,7,0.2643,0.0689,457.3,3.3005,1,1,1
913,1,2,1,7.36,6,6.247,4.2404,110503.48,4.5709,1,1,1
473,1,1,1,6.46,2,9.0957,6.1709,18573.14,2.7591,1,1,0
110,1,1,1,6.47,1,0.8141,1.0484,14508.34,4.4103,1,1,0
64,1,1,1,6.0,2,12.3553,2.067,0.0,1.9914,5,22,1
552,1,1,1,5.33,1,3.7896,6.5823,16582.38,4.1805,2,1,0
1100,1,1,1,4.86,4,4.9945,4.0159,44870.08,4.5124,1,2,1
42,1,1,1,7.66,1,5.8357,3.7784,19581.91,4.4521,1,1,0
737,1,1,1,7.75,5,1.3644,1.9911,20965.13,3.5582,1,1,0
841,1,1,1,4.89,3,1.2165,1.6824,5330.86,3.5418,1,1,0
49,2,1,1,1.84,3,1.822,2.3331,1174.28,3.2378,1,1,0
578,1,1,1,8.9,2,9.202,11.9675,31008.94,3.1736,1,1,0
124,2,1,1,1.52,5,10.7936,5.7962,5427.93,3.161,1,1,0
1336,1,1,1,44.18,4,0.1617,0.141,45374.81,4.6554,1,1,0
74,1,1,1,5.38,2,5.6889,4.8578,47124.64,4.1915,1,1,0
132,1,1,1,37.81,3,0.5274,0.1359,295.2,2.9192,1,1,1
1270,1,1,1,7.74,1,12.8618,15.0461,22588.34,3.9561,1,1,1
711,1,1,1,6.11,1,8.1554,6.9634,14025.07,3.7797,1,1,0
675,1,1,1,16.88,7,5.0092,5.0727,29274.87,4.1327,1,1,0
569,1,1,1,15.3,4,5.1466,5.2081,29185.6,4.369,1,1,1
126,1,1,1,3.87,2,13.8003,3.4712,200.73,3.2609,1,1,1
56,2,1,1,1.94,2,25.7459,17.4206,8960.65,4.3844,1,1,0
738,1,2,1,12.35,3,4.1315,4.0836,23192.51,4.2428,1,1,1
715,1,2,1,14.59,3,6.7982,7.5808,84569.85,4.5765,2,1,0
1453,1,1,1,7.21,1,12.4468,17.2927,24370.0,3.7807,1,1,0
408,1,1,1,24.46,3,2.7091,3.4296,66759.88,4.1529,1,1,0
426,2,1,1,1.27,2,6.0877,8.7969,2105.42,3.2182,1,1,0
627,1,1,1,15.12,1,1.7295,0.6591,22880.69,3.9789,1,1,1
1477,1,1,1,15.09,3,0.6902,0.7665,38370.4,4.8482,1,2,1
214,1,1,1,4.26,2,1.0813,0.8111,4609.93,4.1926,2,2,0
973,1,1,1,7.86,5,2.8395,2.3716,19075.31,3.9677,1,1,0
81,1,1,1,16.55,4,1.2739,1.9676,23580.99,4.4063,1,1,0
114,1,1,1,6.79,1,7.6187,12.9516,14031.08,3.4007,1,1,0
227,1,1,1,27.54,6,0.6134,0.1345,183.84,3.1368,1,1,1
44,1,3,1,33.64,19,0.0628,0.0048,0.0,2.2119,5,18,1
169,1,1,1,8.27,1,12.9422,3.1612,730.46,2.9195,1,1,1
920,1,1,1,16.16,4,1.7363,1.7309,32981.67,4.6553,1,1,0
60,1,2,1,5.66,1,5.7056,0.9335,4.0,2.5268,6,17,1
1364,1,1,1,12.43,1,3.2166,1.4587,45287.18,4.1972,1,1,0
894,1,2,1,21.27,5,2.716,1.9316,35840.65,3.9199,1,1,0
431,1,1,1,9.5,1,23.5155,41.8543,10269.58,3.7913,1,1,0
117,1,1,1,10.26,3,4.0884,2.5881,29295.34,3.8529,1,1,0
100,1,1,1,4.75,1,1.4321,1.457,33839.72,4.8336,1,1,0
505,1,1,1,4.47,1,3.2432,5.3956,38493.54,4.5037,1,1,0
953,1,1,1,7.31,2,3.7979,5.8446,37873.89,3.2307,1,1,0
175,2,1,1,30.33,3,5.764,7.3191,441.31,2.9505,1,1,0
44,3,1,1,32.87,5,0.3711,0.0463,16.0,2.3319,3,24,1
522,1,1,1,4.05,1,2.8562,4.7467,12624.16,4.3608,1,1,0
570,1,2,1,11.7,2,8.6314,8.6755,13755.15,3.7259,1,1,0
259,1,1,1,23.48,3,1.9439,2.2171,56923.0,4.3731,1,2,0
572,1,2,0,4.41,4,7.828,10.6288,25379.39,3.3877,1,2,0
234,2,1,1,5.47,1,8.2188,9.8602,4091.93,3.618,1,1,0
1457,1,1,1,3.64,1,29.8393,38.3414,16256.62,3.5474,1,1,0
1070,1,1,1,24.1,5,1.4738,0.5975,8927.76,5.0142,1,1,1
1206,1,2,1,7.93,4,4.4647,7.5279,8309.58,3.8085,1,1,0
357,2,1,1,3.43,1,3.8785,3.3015,2266.88,2.8997,1,1,0
1312,1,1,1,50.02,3,7.4007,7.7275,29054.74,4.1445,1,1,0
1222,1,2,1,33.3,4,0.2234,0.0792,3436.31,5.0151,1,1,1
52,1,2,1,11.23,2,6.9385,1.2067,16.0,2.3191,5,9,1
109,2,1,1,2.64,2,5.4934,3.5306,4257.27,4.1858,1,1,0
1324,1,1,1,11.05,2,4.0965,6.0658,31834.22,4.1528,1,1,0
696,1,1,1,42.57,3,4.0668,4.6202,60476.57,3.9458,1,1,0
197,1,2,1,5.15,2,7.5443,0.8379,1063.19,2.8968,1,1,1
44,1,2,1,28.85,10,0.4508,0.1016,16.0,2.2112,2,6,1
1301,1,1,1,6.06,3,3.5974,1.1573,37005.73,3.3812,1,1,1
180,1,1,1,20.28,3,1.0904,0.312,75.23,2.7539,1,1,1
765,1,2,1,24.51,2,2.6748,1.9833,80876.57,3.705,1,1,0
929,1,2,1,6.51,1,13.227,16.379,13343.35,4.0934,1,1,0
59,2,1,1,2.51,1,0.8958,0.7182,5806.37,3.7683,1,1,0
124,2,1,0,32.53,4,0.768,0.5847,1909.28,2.0,1,1,0
1423,1,1,1,19.62,6,1.6484,0.2886,5769.59,4.3733,1,1,1
96,1,1,1,5.62,3,10.459,2.9117,21.58,3.2133,1,1,1
1052,1,1,1,6.76,3,0.5692,0.3382,59423.28,5.1725,1,1,1
85,1,1,1,18.33,4,6.5255,7.0474,85129.79,3.6768,1,1,0
72,1,1,1,3.46,3,3.2738,4.1083,35877.54,3.8104,1,1,0
96,1,1,1,5.9,2,0.2329,0.2239,13525.48,3.8518,1,2,0
52,3,1,1,3.82,3,13.2787,1.2333,0.0,2.3624,5,25,1
85,1,1,1,6.18,1,7.965,9.4266,7173.39,4.217,1,1,0
1209,1,1,1,18.28,2,5.4594,3.3288,44815.48,4.252,1,1,0
960,1,1,1,4.68,4,8.2024,6.0051,39451.34,4.1547,1,1,0
1453,1,1,1,6.06,3,1.8355,2.9607,18248.49,2.972,2,1,0
225,1,2,1,18.18,4,3.0765,3.8573,26124.33,4.9793,1,2,0
69,2,1,1,2.76,1,4.1909,2.9664,2380.08,4.4573,1,1,0
891,1,2,1,16.84,3,0.4816,0.3481,39184.54,4.0414,1,1,0
738,1,2,1,22.51,5,6.239,7.5353,70814.98,4.2765,1,1,0
802,1,2,1,44.31,3,0.5008,0.5893,19965.4,3.4971,1,1,0
60,1,3,1,6.73,1,14.1803,2.5665,4.0,2.0876,4,24,1
1093,1,1,1,8.46,6,1.32,0.8094,47444.63,4.2612,1,1,1
86,2,1,1,28.95,8,6.6351,8.9439,3593.64,2.8443,1,1,0
356,1,1,1,7.53,1,16.992,19.9103,2178.94,2.9651,1,1,0
193,2,1,0,3.19,1,0.9655,1.374,3249.29,3.4749,1,1,0
51,1,1,1,11.76,1,2.5111,2.2548,35338.21,4.3586,1,3,0
1345,1,2,1,19.86,3,1.7886,1.0343,4685.01,4.8366,1,1,1
846,1,1,1,5.84,1,2.1481,2.0874,22661.21,3.1031,1,1,0
108,1,1,1,2.83,1,1.6651,1.2339,26375.67,3.9004,1,3,0
111,1,2,1,9.03,1,13.9496,23.1194,23915.84,3.8996,1,3,0
350,1,2,1,29.92,4,0.8547,0.1527,361.74,3.6623,1,1,1
119,1,1,1,1.55,1,6.2224,5.6304,6868.58,3.3097,1,1,0
276,1,1,1,22.64,2,4.1499,2.1499,26749.29,4.1949,1,1,0
877,1,1,1,7.61,3,3.8644,4.0907,153807.73,4.8452,1,1,1
67,1,2,1,7.14,4,0.8051,1.1426,16637.72,4.1794,1,1,0
210,2,1,1,3.1,1,14.2895,15.2698,4065.61,3.745,1,1,0
103,1,1,1,23.49,3,17.9333,12.2139,63691.39,4.2228,2,1,0
55,1,1,1,5.76,1,1.5525,1.9438,746.92,3.9594,1,1,0
1429,1,3,1,21.96,5,1.609,0.9365,4621.92,5.1274,1,1,1
113,2,1,1,1.58,1,1.3017,0.7102,6221.24,4.4203,1,1,0
535,1,2,1,5.32,2,1.5936,1.3841,19941.05,4.1664,1,1,0
350,1,1,1,10.76,1,5.9332,9.3548,22009.8,3.7822,1,3,0
386,1,2,1,19.77,6,4.5506,5.1762,30795.28,4.267,1,1,0
100,1,1,1,28.1,4,2.4419,2.7784,1266.69,2.7777,1,1,0
53,1,2,1,6.92,1,5.0125,8.8895,26582.7,3.3964,1,1,0
457,2,1,1,18.4,4,8.3736,9.0007,1788.56,4.8,1,1,0
182,1,2,1,3.29,3,4.9654,7.9185,16663.34,4.1556,1,1,0
44,2,2,1,5.51,1,13.0755,2.4823,0.0,2.5301,3,8,1
358,1,2,1,32.4,3,1.6259,1.8914,64522.03,4.4458,1,1,0
52,1,3,1,32.76,5,0.3432,0.0718,16.0,2.1052,5,13,1
269,1,1,1,14.58,1,4.3266,4.1165,63159.31,3.663,1,1,1
605,1,2,1,8.32,4,4.515,4.2428,20441.41,4.173,1,1,1
818,1,1,1,8.34,2,2.0016,1.6655,122732.98,3.9151,1,2,1
70,1,2,1,22.83,3,0.6725,0.0435,339.78,2.5936,1,1,1
103,1,1,0,14.67,1,1.0135,1.1434,15141.63,3.6774,1,1,0
1415,1,1,1,20.27,5,0.4552,0.0525,8028.9,4.363,1,1,1
107,2,1,1,4.04,2,7.2763,4.6163,2779.8,4.03,1,1,0
128,2,1,1,2.07,1,4.6595,6.0858,418.67,2.6946,1,1,0
659,1,1,1,25.01,4,4.2213,3.1223,28755.11,4.736,1,1,0
1150,1,1,1,2.23,1,0.1166,0.1497,34203.36,3.744,1,1,0
90,1,1,1,26.09,3,3.0183,3.3846,1764.14,3.3414,1,1,0
729,1,1,1,6.18,1,1.0024,0.6835,42569.98,4.5572,2,2,1
491,2,1,1,36.42,5,6.2693,6.2699,2206.57,3.3569,1,1,0
89,1,1,1,9.38,2,7.398,9.2389,18545.13,3.6928,1,1,0
116,2,1,1,2.03,1,8.0691,9.4573,410.17,3.3305,1,1,0
328,1,2,1,9.62,1,6.5293,1.184,336.42,2.9194,1,1,1
448,2,1,1,4.78,1,3.3063,3.4891,1201.51,2.6651,1,1,0
820,1,1,1,6.34,1,14.79,20.9715,37886.36,3.1696,1,1,0
52,1,2,1,7.46,4,11.0183,1.7612,4.0,2.246,2,16,1
100,1,1,1,17.78,12,0.6462,0.099,273.03,2.9838,1,1,1
109,1,1,1,5.89,1,12.4402,21.3789,77856.82,4.0665,1,1,0
283,1,2,1,2.76,2,16.2226,21.9578,39607.52,4.6676,1,1,0
349,1,2,1,6.74,1,16.2618,3.8545,304.48,3.2848,1,1,1
52,1,3,1,40.82,10,0.2426,0.0277,0.0,2.599,4,23,1
44,1,3,1,10.57,1,11.0528,2.4636,0.0,2.891,6,19,1
377,1,1,1,39.23,4,0.4311,0.1132,775.25,3.7235,1,1,1
373,1,2,1,37.54,3,0.777,0.0731,1634.0,3.0805,1,1,1
1356,1,2,1,19.15,2,5.6774,5.5129,22622.7,4.2954,1,1,0
1494,1,2,1,7.02,3,5.6911,4.931,55196.79,3.5835,1,1,1
337,1,2,1,22.12,7,4.0274,5.6373,31588.31,3.7557,1,1,0
557,1,1,1,6.72,1,0.7715,0.7914,52972.66,3.4645,1,1,0
123,1,2,1,30.36,4,0.7159,0.0742,308.49,3.0351,1,1,1
73,1,1,1,7.3,2,3.3091,2.8911,10769.84,4.1195,1,3,0
483,1,2,1,5.68,4,1.6192,2.3775,24640.3,4.9126,1,1,0
1034,1,1,1,2.97,1,7.724,4.8198,12911.72,4.7035,1,1,0
496,2,1,1,2.79,3,17.6044,20.6607,2210.46,2.9957,1,1,0
60,1,1,1,6.48,2,11.3684,11.4821,31423.68,3.7451,1,1,0
76,1,2,1,6.94,2,1.1641,2.0391,46259.36,3.6194,2,3,0
379,1,1,1,20.3,8,0.4873,0.0817,1996.28,3.2428,1,1,1
88,1,1,1,35.9,6,0.4185,0.0791,834.15,2.6544,1,1,1
677,1,1,1,23.53,4,1.5638,2.1327,14204.93,4.2326,1,1,0
390,1,1,1,15.07,4,7.6954,6.5464,30370.14,3.2214,1,1,0
1305,1,2,1,9.49,4,4.061,6.8647,12755.71,3.8054,1,1,0
352,1,1,1,1.41,2,5.9272,8.8318,2461.35,2.7714,1,1,0
1307,1,1,1,27.75,3,1.4568,0.9791,76684.64,4.2074,1,1,0
116,2,1,1,14.37,4,5.3558,7.9445,4453.25,2.7893,1,1,0
104,1,1,1,11.75,1,2.5796,2.3397,28210.53,4.818,1,3,0
917,1,1,1,5.4,1,3.4008,2.2061,27828.56,4.6703,2,2,1
53,2,1,1,1.78,1,12.7884,17.0925,5011.63,3.9015,1,1,0
376,2,1,1,3.1,1,6.8697,8.6142,327.17,2.9751,1,1,0
74,1,1,1,17.83,3,0.5679,0.4531,44712.68,4.0264,1,1,0
952,1,2,1,3.39,2,7.4248,13.2976,18424.04,4.4754,1,1,0
228,1,1,1,2.95,1,1.5561,2.7983,31310.04,3.4465,2,1,0
589,1,1,1,2.24,2,3.1939,5.3936,25456.64,4.6003,1,1,0
554,1,2,1,11.57,4,1.279,1.5549,29475.26,4.1345,2,1,0
1370,1,1,1,16.55,3,10.4118,13.4468,24891.25,3.5317,1,1,0
102,2,1,1,4.53,1,0.4758,0.5027,1868.2,4.3603,1,1,0
47,1,2,1,4.54,3,16.2916,21.9734,38526.34,3.7857,1,1,0
285,1,1,1,20.77,4,1.1116,0.1208,762.11,2.5507,1,1,1
40,1,3,1,36.53,10,0.1221,0.0093,16.0,1.9811,4,8,1
566,1,1,1,10.91,3,2.2847,3.5547,8986.66,3.7664,1,1,0
1205,1,1,1,9.85,1,8.9844,4.6316,33335.66,4.7171,1,2,1
371,1,1,1,38.4,4,1.1857,0.1986,317.02,3.0886,1,1,1
717,1,2,1,20.4,3,1.1987,0.506,19748.7,3.6339,1,1,1
1343,1,1,1,4.52,2,0.6995,0.6232,10860.47,3.1566,1,1,0
1259,1,1,1,5.3,4,0.4362,0.2301,48002.33,4.0282,1,1,1
1414,1,1,1,29.17,3,0.8172,0.4163,3035.11,5.2282,1,1,1
76,2,1,1,6.63,1,8.443,9.2575,4449.14,4.0016,1,1,0
921,1,1,1,38.28,2,2.3863,1.2263,39448.88,3.9234,1,1,0
1274,1,1,1,3.37,2,2.8118,4.9661,4802.66,3.8381,1,1,0
959,1,1,1,10.43,2,1.0428,1.4887,18333.47,3.72,1,1,0
1217,1,1,1,7.32,2,1.5734,1.849,12246.89,4.1704,1,1,0
112,1,1,1,14.6,2,15.9979,11.6857,25868.15,3.2771,1,2,0
236,1,2,1,31.29,5,0.1095,0.0136,1338.26,3.0053,1,1,1
105,1,1,1,15.33,2,3.2996,4.6346,4237.04,2.8142,1,1,0
141,2,1,1,1.36,1,1.8885,2.2749,1206.69,3.0607,1,1,0
102,1,1,1,9.74,2,5.9158,10.0461,13073.78,3.3415,2,1,0
84,2,1,1,19.18,2,3.9494,5.2162,7432.7,3.3873,1,1,0
893,1,1,1,13.16,4,13.6123,17.1122,26359.2,4.7839,1,1,0
1178,1,2,1,5.37,1,1.1867,1.2747,28992.23,3.7833,1,1,0
233,1,1,0,4.76,4,11.0269,13.5657,22986.77,3.1938,2,1,0
239,1,1,1,2.67,1,16.8009,2.6721,704.03,3.1913,1,1,1
84,2,1,1,21.54,6,2.5002,1.4672,5124.97,3.3809,1,1,0
568,1,1,1,7.14,1,8.3586,13.5494,35357.86,3.2342,1,1,0
1072,1,1,1,5.12,2,12.2862,17.1305,42809.24,3.7311,1,1,0
64,1,3,1,12.03,2,14.8382,3.4923,16.0,2.3899,3,19,1
663,1,2,1,13.43,1,3.1276,0.994,85180.74,3.7203,2,1,1
293,1,1,1,20.37,3,0.3863,0.0242,157.21,3.9112,1,1,1
548,1,1,1,7.49,1,1.7143,1.5805,12108.61,3.0312,1,1,0
57,1,1,1,4.89,3,8.5698,9.8126,31488.83,3.7884,1,1,0
41,1,1,1,5.47,2,20.8777,29.3661,32689.36,3.7123,2,1,0
456,1,1,1,10.12,3,22.2578,39.0565,18152.53,4.3247,1,1,0
1268,1,2,1,14.64,1,4.4035,3.557,60430.19,3.8267,1,1,1
1188,1,1,1,34.79,2,1.1596,0.3539,2727.58,4.5176,1,1,1
40,2,2,1,34.07,6,0.4397,0.0509,0.0,2.3513,5,12,1
44,2,2,1,31.0,12,0.3656,0.0352,16.0,2.7897,2,9,1
428,1,1,1,1.72,1,0.4722,0.6019,26602.6,4.0924,2,3,0
83,1,1,0,3.71,2,0.6784,0.7438,3301.04,3.8324,1,1,0
238,1,1,0,32.67,3,8.0301,7.5593,527.3,2.8557,1,1,0
282,1,1,1,7.04,1,20.7657,31.223,63361.79,3.6386,1,1,0
1070,1,1,1,19.67,6,0.2252,0.2108,24893.96,3.7043,1,1,0
568,1,1,1,3.96,1,1.2976,2.256,9929.06,3.9232,1,1,0
769,1,1,1,5.47,2,5.9758,9.5059,19190.83,3.7046,1,1,0
1212,1,2,1,30.33,2,4.5201,4.7185,31910.6,4.1154,1,1,0
124,1,1,1,11.93,1,9.4343,1.9347,211.43,3.4348,1,1,1
723,1,1,1,5.94,1,1.8714,2.3202,31939.84,4.6672,2,1,0
78,1,1,1,9.4,2,6.4628,4.1362,37808.89,3.6609,1,1,0
82,1,1,1,2.98,2,22.3803,36.7481,34604.22,3.8985,1,1,0
1376,1,1,1,8.18,1,7.0941,6.127,35396.11,4.1513,1,3,0
845,1,1,1,23.2,7,0.3551,0.3979,40103.94,4.0609,1,1,0
953,1,1,1,7.45,2,11.2684,10.6321,13097.87,3.3969,1,1,0
1010,1,1,1,14.63,1,0.3031,0.2363,53068.09,4.8592,1,1,1
52,2,1,1,59.94,6,0.1998,0.0302,16.0,1.761,2,25,1
112,1,1,1,3.66,1,2.5907,4.3758,39497.18,3.5593,1,1,0
212,1,1,1,37.03,3,4.8098,3.6247,40346.21,3.96,1,1,0
285,1,1,1,43.41,6,1.1105,0.2661,145.67,3.466,1,1,1
1090,1,2,1,26.48,4,0.769,0.2653,8437.89,4.4035,1,1,1
897,1,1,1,46.7,3,0.379,0.4208,38469.2,4.0012,1,1,0
392,1,1,1,6.89,5,12.2434,6.037,23730.94,4.5707,1,2,1
259,1,2,1,26.24,6,0.5534,0.1216,1298.8,2.344,1,1,1
303,1,2,1,21.27,4,1.1862,0.8976,52400.16,4.3554,1,1,0
518,1,2,1,7.53,1,0.128,0.2121,15342.52,3.7369,1,1,0
1284,1,1,1,16.09,2,13.4504,14.1563,24633.83,5.0573,1,1,1
680,1,2,1,11.07,3,2.3956,1.4348,45296.77,3.7575,2,1,0
224,1,2,1,2.8,2,0.4004,0.6622,22033.78,3.7611,1,1,0
348,1,1,1,23.16,3,3.6539,3.3805,38993.99,3.408,1,1,0
130,1,1,1,3.68,1,6.7574,0.9099,143.53,3.3775,1,1,1
1434,1,1,1,4.59,2,14.6596,16.9334,23921.0,4.1901,1,2,1
879,1,1,1,5.97,2,0.5246,0.3071,117671.09,4.6216,1,1,1
78,1,1,1,4.84,1,1.0447,1.8219,32693.85,4.6136,1,1,0
222,1,2,1,8.79,2,14.8962,3.5471,574.62,3.0519,1,1,1
57,2,1,1,2.45,4,3.079,3.4291,1664.84,4.6813,1,1,0
409,2,1,1,3.82,2,1.5597,1.2365,3923.52,3.274,1,1,0
1050,1,1,1,13.72,3,5.5698,2.8243,59773.55,4.522,1,1,1
905,1,1,1,9.92,6,4.3953,5.9245,66035.68,4.2248,1,2,0
77,1,1,1,4.46,1,18.9321,16.4461,21543.52,3.9608,1,1,0
170,1,1,1,2.9,1,8.0377,9.2617,3505.81,3.8651,1,1,0
120,1,1,1,8.91,1,7.6734,9.9686,2795.5,2.9382,2,1,0
755,1,2,1,3.8,3,1.7928,2.6436,22808.59,3.2579,1,1,0
232,1,2,1,3.87,1,10.617,0.967,99.39,3.0049,1,1,1
71,2,1,1,3.12,2,5.5347,3.5615,8539.35,3.2993,1,1,0
347,1,2,1,5.92,1,0.2296,0.3058,77309.58,3.9501,1,1,0
1209,1,1,1,5.59,1,6.7256,10.9986,10458.29,4.0128,1,1,0
67,1,1,1,8.2,1,5.3266,4.0281,5835.03,4.3211,1,1,0
470,1,1,1,19.89,3,3.5021,4.3813,38142.84,4.151,1,2,0
94,1,1,1,1.19,1,2.2677,3.9909,19314.47,4.0435,1,1,0
1058,1,1,1,5.97,1,4.7986,5.0875,30171.97,4.2578,1,1,0
98,1,1,1,3.06,3,8.5174,1.632,194.48,3.5035,1,1,1
64,1,1,1,33.02,9,0.2722,0.0675,4.0,1.5,4,16,1
78,1,2,1,28.06,5,0.1979,0.0462,775.33,3.0702,1,1,1
200,2,1,1,1.84,1,12.0852,13.463,2804.44,3.4214,1,1,0
530,1,1,1,9.7,6,4.6496,3.812,6205.29,3.2934,1,1,0
40,1,3,1,33.65,13,0.2556,0.018,0.0,1.5,3,12,1
44,1,1,1,8.71,2,10.9332,2.3628,16.0,2.3056,3,4,1
1186,1,2,1,22.98,4,5.0828,2.9002,34898.6,4.3426,1,1,0
162,1,1,1,4.59,5,7.8947,1.3772,969.3,3.5903,1,1,1
345,1,1,1,4.65,3,11.4821,8.1773,21401.62,3.5839,2,1,0
911,1,2,1,9.57,2,10.6501,10.8753,44212.38,4.7609,1,2,1
308,2,1,1,1.88,1,2.033,1.7714,5114.05,3.2481,1,1,0
407,1,2,1,18.98,5,3.5887,3.0585,28844.32,4.0493,1,2,0
47,1,1,1,5.18,2,4.4913,6.3193,4495.26,3.6159,1,1,0
1152,1,2,1,5.79,3,1.0675,0.5919,66833.61,4.0087,1,1,1
278,1,1,1,31.4,7,0.3491,0.0216,138.26,2.928,1,1,1
1438,1,1,1,2.55,2,2.9033,2.5337,6258.79,4.5889,1,1,0
588,1,1,1,4.3,2,1.6616,1.6056,32081.95,3.9976,1,1,0
420,1,1,1,8.19,1,1.085,1.9449,11185.01,3.6414,1,1,0
499,1,1,1,2.11,2,9.3804,13.9709,26399.44,3.0714,1,1,0
105,1,1,1,9.24,1,14.5995,13.5943,27483.46,4.3752,1,1,0
1338,1,1,1,4.64,2,2.4325,0.808,30447.94,4.5694,1,1,1
1326,1,1,1,7.84,1,1.6146,1.0783,27745.06,3.1829,1,1,0
323,2,1,1,27.75,5,5.4338,4.9987,1400.97,4.4057,1,1,0
126,2,1,1,1.91,1,5.5183,6.6231,10683.27,4.3203,1,1,0
194,1,2,1,25.41,8,0.1368,0.0167,438.3,2.7267,1,1,1
273,1,2,1,5.84,1,12.5581,2.2537,533.06,3.3836,1,1,1
644,1,1,1,26.59,7,0.4545,0.4225,69834.97,5.0299,1,1,0
44,1,1,1,8.08,1,8.6938,0.7628,16.0,2.1728,4,8,1
65,1,1,1,2.99,1,10.9691,9.8556,17328.11,3.4996,1,1,0
261,1,1,1,8.69,1,12.0181,1.5382,459.01,3.7253,1,1,1
1392,1,3,1,27.42,3,0.8779,0.4506,9588.08,4.4586,1,1,1
383,2,1,1,1.73,1,4.429,4.8989,3205.71,2.7277,1,1,0
303,2,1,1,1.62,1,11.1902,12.8436,1403.57,3.6773,1,1,0
263,1,1,1,7.21,2,8.2999,1.1047,345.81,3.3275,1,1,1
118,2,1,1,1.02,1,0.3443,0.3486,1598.67,3.8192,1,1,0
377,1,1,1,21.22,5,0.7458,0.033,107.35,3.1038,1,1,1
285,1,2,1,5.3,3,0.847,0.6536,11627.43,3.48,1,1,0
318,1,1,1,7.05,4,1.2814,1.4931,25633.76,4.389,1,1,0
40,1,3,1,39.81,6,0.197,0.033,0.0,1.9229,3,13,1
247,1,1,1,7.2,1,4.1848,2.5153,12822.09,3.5687,1,1,0
317,1,1,1,11.58,2,2.5343,2.7315,33995.36,3.883,1,1,0
50,1,2,1,9.43,2,2.5122,3.0013,12827.29,3.237,1,1,0
215,2,1,1,4.55,1,35.2865,41.667,6628.14,2.2648,1,1,0
55,2,1,1,4.12,1,0.9515,1.3474,5378.3,3.6168,1,1,0
111,2,1,1,3.63,1,4.0597,3.3849,1198.13,3.4936,1,1,0
401,1,1,1,1.44,1,3.6506,2.9827,9906.49,3.4745,1,1,0
446,1,1,1,13.31,3,2.6732,2.5835,113523.91,4.5089,2,1,1
618,1,1,1,15.55,2,7.7078,3.476,99063.73,4.0338,1,1,0
1151,1,1,1,19.51,7,0.5752,0.7453,77659.17,4.2407,1,1,0
40,3,3,1,35.77,7,0.4555,0.0391,4.0,2.9223,3,20,1
1346,1,1,1,43.33,8,0.5877,0.1143,2480.14,4.5883,1,1,1
60,1,3,1,30.65,10,0.3245,0.0348,0.0,2.2888,6,22,1
393,1,1,1,4.05,1,15.4562,14.7892,24682.42,3.6197,1,1,0
158,1,1,1,10.68,2,10.35,8.6973,10507.57,4.9506,1,1,0
195,1,1,1,16.31,2,0.5717,0.346,29676.93,4.19,1,1,0
64,1,2,0,4.94,2,3.5805,5.1942,9325.26,3.6246,1,2,0
1273,1,2,1,3.82,8,1.1796,0.8432,49884.83,4.4515,1,2,1
90,1,1,1,4.82,4,16.2725,17.1497,42941.1,3.9845,1,1,0
264,1,2,1,4.31,2,2.8557,1.8695,25392.05,3.0038,1,1,0
126,1,1,1,36.03,6,0.1323,0.0145,855.88,2.1306,1,1,1
90,1,1,1,4.84,1,15.6318,3.0702,597.15,3.2269,1,1,1
1292,1,1,1,28.5,8,1.6234,0.6804,2220.06,4.6824,1,1,1
856,1,1,1,7.98,1,2.6857,0.9385,45209.22,4.3568,1,2,1
57,1,1,1,2.73,2,12.0288,7.4021,27160.99,3.3158,1,1,0
626,1,2,1,6.01,3,0.4266,0.404,103892.0,4.4847,1,2,1
876,1,1,1,7.2,2,2.5966,3.0429,19353.72,3.2809,1,1,0
56,2,1,1,3.85,1,6.1121,9.1145,564.07,3.9324,1,1,0
108,2,1,1,25.65,2,10.4844,11.0499,220.05,3.1763,1,1,0
350,1,2,1,3.91,2,9.8916,1.8411,338.99,3.4509,1,1,1
87,2,1,1,19.79,4,2.1147,1.9222,3137.73,3.679,1,1,0
109,1,1,1,13.4,1,3.1794,4.8258,19243.04,4.2075,1,1,0
67,1,1,1,3.5,1,9.6358,6.0749,194.12,3.9512,1,1,0
713,1,2,1,22.75,5,9.1115,11.7946,116968.11,4.182,1,1,0
329,1,2,1,3.37,2,0.886,1.0826,27351.24,4.3676,1,1,0
778,1,1,1,6.28,2,0.4234,0.5483,29741.17,3.2306,2,1,0
704,1,1,1,2.57,2,0.8047,1.3472,28184.73,4.2583,1,1,0
86,1,1,1,12.06,1,4.5554,2.9128,17446.21,3.7139,1,1,0
484,1,1,1,12.31,4,4.5523,4.9074,30955.58,4.0181,1,1,0
216,1,1,1,2.87,2,1.9174,2.1148,26190.85,4.9802,1,1,0
491,1,1,1,27.62,3,10.9761,10.5825,2122.69,3.2919,1,1,0
873,1,1,1,35.63,4,0.5611,0.5832,38654.87,4.5,1,1,0
1080,1,1,1,35.86,4,1.024,0.4287,3853.47,4.8066,1,1,1
83,1,1,1,23.94,3,1.1318,0.0494,1021.35,3.1165,1,1,1
53,1,1,1,1.11,1,6.8824,10.559,25103.95,3.4008,1,1,0
361,2,1,1,3.46,1,1.3244,1.5477,2154.67,4.5238,1,1,0
78,2,1,1,1.78,2,2.5811,1.8323,1572.7,3.3963,1,1,0
214,1,1,1,32.77,5,0.4432,0.0667,373.59,2.6976,1,1,1
60,1,2,1,37.61,9,0.1325,0.0168,16.0,3.159,6,21,1
301,1,1,1,6.69,2,3.625,1.4937,62643.1,3.9765,1,1,1
1400,1,1,1,4.69,4,2.1816,3.6555,25883.85,3.287,1,1,0
161,1,1,1,22.83,4,1.1394,0.3332,309.56,2.6402,1,1,1
441,1,1,1,7.22,2,0.1419,0.126,17942.79,3.6443,1,1,0
112,1,1,1,8.97,1,7.2316,5.2565,24837.16,3.4461,1,1,0
405,1,1,1,4.94,4,0.4266,0.6939,7291.34,4.3555,1,1,0
212,1,1,1,29.08,5,0.8389,0.0605,600.68,3.9156,1,1,1
1032,1,1,1,4.36,2,11.5705,20.0153,35828.26,3.6995,1,1,0
244,1,1,1,6.28,1,14.1165,1.626,401.49,2.1,1,1,1
1154,1,2,1,19.41,5,1.6148,0.5745,4383.87,4.7308,1,1,1
275,1,2,1,19.35,7,0.5888,0.1316,153.22,3.2546,1,1,1
353,2,1,1,2.93,1,8.7408,11.9987,1399.49,3.2492,1,1,0
307,1,1,1,27.57,4,1.0121,0.2609,188.25,3.358,1,1,1
40,2,3,1,40.74,5,0.4999,0.1033,16.0,2.9763,3,6,1
1334,1,2,1,27.72,7,1.7652,0.4151,3898.44,5.223,1,1,1
90,1,1,1,18.26,4,3.1039,3.7254,462.88,4.4379,1,1,0
100,1,1,1,6.14,2,2.3322,2.555,2342.26,3.4643,1,1,0
254,1,1,1,14.05,2,0.5218,0.6664,47183.68,3.7122,1,1,0
191,1,2,1,5.25,1,5.6079,0.4024,681.7,3.6023,1,1,1
409,1,1,1,3.07,3,11.2938,12.8997,43979.58,3.3274,1,3,0
54,1,1,1,2.62,2,16.7058,12.1858,49486.94,3.8671,1,3,0
1301,1,1,1,5.58,1,2.8096,2.547,40736.71,3.884,1,1,0
1104,1,1,1,37.46,3,0.1519,0.116,28059.13,3.349,1,1,0
750,1,1,1,4.28,1,8.262,7.5222,17159.21,4.2247,1,1,0
1257,1,1,1,10.86,1,2.2116,2.1594,17014.26,4.1908,1,1,0
1183,1,2,1,6.91,1,18.7747,15.6817,33943.92,4.5891,1,1,1
292,1,1,1,3.44,3,18.2148,22.282,2807.75,3.1321,1,1,0
263,1,1,1,13.86,1,4.5653,3.8835,21400.59,3.5085,1,1,0
1313,1,1,1,15.29,2,1.4664,0.5412,26968.09,4.8432,1,1,1
1146,1,1,1,12.92,3,15.1407,21.2332,30450.38,3.2142,1,2,0
888,1,2,1,6.17,5,1.0072,1.4155,47832.17,3.5257,1,1,0
1101,1,2,1,26.62,6,1.3306,0.2092,2611.85,4.9309,1,1,1
58,1,1,1,9.86,2,2.4462,3.7881,13537.34,3.5193,1,1,0
1360,1,2,1,13.91,5,8.6001,7.5241,42179.46,4.0558,1,1,1
83,2,1,1,2.11,2,5.6958,5.8467,1578.44,3.2468,1,1,0
72,1,1,1,3.37,2,2.1958,2.2517,38720.06,3.9914,1,1,0
40,2,1,1,7.12,1,6.7806,0.1739,4.0,1.9312,3,8,1
40,2,3,1,32.36,6,0.4129,0.0602,16.0,2.8763,6,9,1
196,1,1,1,4.34,2,1.3722,2.125,24250.2,3.4494,1,1,0
1077,1,1,1,18.15,6,2.648,2.7015,20629.13,4.6644,1,1,0
90,1,1,1,6.57,4,1.5491,1.0358,39840.52,3.4092,2,1,0
763,1,1,1,14.83,7,0.5218,0.4364,81341.43,4.5036,1,1,0
904,1,1,1,16.27,5,10.9614,9.2183,42727.88,4.3452,1,1,0
75,1,1,1,2.17,1,5.5401,5.2817,10090.1,3.6976,1,1,0
272,1,1,1,28.7,5,0.5395,0.127,961.05,2.5605,1,1,1
86,2,1,1,1.53,1,2.8766,2.2271,3337.22,3.4052,1,1,0
109,1,1,1,2.67,2,3.678,5.0096,45914.71,4.3247,2,1,0
99,1,2,1,5.15,4,8.6308,9.5847,18697.61,3.5802,1,1,0
186,1,2,1,5.13,1,13.4786,0.6523,553.61,2.9523,1,1,1
441,1,1,1,4.57,1,3.0321,2.8851,27909.58,3.4477,1,1,0
41,1,1,1,2.95,1,25.3805,40.6702,21656.87,3.804,1,1,0
844,1,1,1,2.77,2,2.1635,2.3046,41057.76,3.9082,1,1,0
449,1,1,1,8.25,3,19.779,32.9966,33344.3,3.5982,1,1,0
185,1,1,1,4.39,2,16.4354,1.6192,1762.87,3.7734,1,1,1
1446,1,1,1,9.3,4,3.6859,2.4584,46435.02,4.6209,1,1,1
68,1,2,1,7.2,2,16.5874,23.3334,12372.61,3.5463,1,1,0
127,1,1,0,11.71,1,9.1201,10.0497,2048.83,3.9241,1,1,0
176,1,2,1,10.78,1,0.3025,0.2918,37483.54,4.1756,1,1,0
91,1,1,1,9.37,2,0.4277,0.3549,11438.73,3.4088,1,1,0
120,1,1,1,24.82,7,1.0742,0.081,876.23,3.2969,1,1,1
113,1,1,1,27.62,6,0.4424,0.1072,1046.17,3.1176,1,1,1
396,1,1,1,3.04,3,1.8291,2.2886,20929.16,4.0004,1,1,0
113,1,1,1,3.97,1,4.3939,2.8834,23386.23,3.7024,1,1,0
1159,1,1,1,17.28,2,2.397,1.8515,12442.21,3.6424,1,1,0
95,1,2,1,3.34,1,1.9443,2.7111,14319.74,4.1707,1,1,0
808,1,2,1,6.71,3,0.3323,0.2825,14282.85,3.6975,1,1,0
120,1,1,1,2.58,1,4.3014,2.9211,25785.41,4.068,1,1,0
370,2,1,1,2.88,1,7.2771,7.8003,438.42,3.452,1,1,0
40,1,2,1,31.82,10,0.3375,0.0157,4.0,2.4273,2,22,1
530,1,1,1,24.56,3,1.7753,2.0519,53432.82,4.5404,1,1,0
1169,1,2,1,4.87,2,2.2774,3.3712,10691.6,4.1626,1,1,0
120,1,2,1,17.15,3,0.3346,0.0503,190.72,3.5475,1,1,1
362,1,2,1,7.55,1,11.1108,3.3276,163.3,2.4897,1,1,1
580,1,1,1,6.03,3,1.7201,2.8686,28583.08,3.2004,1,1,0
378,1,1,1,14.72,1,3.8183,2.181,38458.75,3.9481,1,2,0
234,1,1,1,6.96,3,17.6919,18.4105,28459.59,3.4675,1,1,0
337,1,2,1,5.56,2,6.4832,1.9448,965.2,3.2663,1,1,1
348,1,1,1,9.9,7,3.2325,4.3242,15757.82,4.2058,1,1,0
116,1,2,1,2.42,2,0.1015,0.1586,39917.73,3.6378,1,1,0
196,1,1,1,11.82,1,17.1919,1.9013,1127.76,2.8109,1,1,1
505,2,1,1,33.17,3,6.4598,6.4768,503.55,3.3822,1,1,0
41,1,1,1,8.76,2,3.1506,2.5336,22059.99,4.0265,1,1,0
526,1,2,1,16.83,2,5.2172,2.3107,45131.62,3.7266,1,1,0
1263,1,1,1,9.81,1,8.5794,11.144,15498.44,3.6261,1,1,0
64,1,1,1,42.71,6,0.1571,0.0215,0.0,2.3924,3,14,1
1349,1,1,1,2.19,2,1.0449,1.016,15185.48,3.2503,1,1,0
892,1,1,1,4.56,3,1.909,1.0705,43011.12,5.0331,1,1,1
401,2,1,1,1.38,1,2.0601,1.3815,5067.31,4.2436,1,1,0
170,1,1,1,21.93,8,0.5141,0.1331,633.58,3.6415,1,1,1
1070,1,1,1,5.4,2,7.8186,5.7018,38748.59,4.1728,1,1,1
774,1,2,1,12.58,4,5.5645,2.5048,16012.75,3.5772,1,1,0
103,2,1,1,6.17,1,1.6178,1.4011,2297.05,2.8178,1,1,0
483,2,1,1,13.52,2,0.8046,0.7025,6521.51,3.5208,1,1,0
998,1,2,1,9.92,1,8.2693,10.2016,6052.5,3.7292,1,1,0
64,1,2,1,8.98,1,11.45,0.4958,16.0,2.1106,4,16,1
1379,1,1,1,21.72,5,3.4542,2.2999,18706.0,3.5519,1,1,0
79,2,1,1,20.58,3,13.1321,7.5301,370.47,3.326,1,1,0
942,1,1,1,6.1,4,1.9962,1.8819,32306.4,3.7654,1,1,0
325,1,1,1,20.37,7,0.2352,0.0306,173.19,4.1046,1,1,1
108,1,1,1,4.41,4,14.0168,16.9272,18963.21,3.8145,1,1,0
117,2,1,1,5.7,1,14.8082,7.6738,6751.04,2.9584,1,1,0
164,1,2,1,34.02,10,0.7753,0.0989,108.96,3.3109,1,1,1
1301,1,2,1,9.47,7,1.2552,1.4074,34682.65,4.4581,1,1,1
562,1,1,1,3.82,3,5.8202,4.8057,22470.79,4.0931,1,1,1
60,2,2,1,8.96,2,5.6152,1.2831,16.0,2.741,5,9,1
548,1,1,1,22.39,2,6.0174,4.573,80580.37,4.7037,2,1,0
323,2,1,0,3.11,2,1.4725,1.8683,1093.87,3.0098,1,1,0
221,2,1,1,2.16,3,15.1372,17.9123,3856.11,2.6251,1,1,0
287,1,1,1,5.54,2,13.0507,18.4208,29451.61,2.9358,1,1,0
938,1,1,1,6.68,3,3.2334,3.7532,50839.87,3.8473,1,1,1
101,1,1,1,7.59,2,0.7806,0.5551,28717.63,3.8471,1,1,0
105,1,1,1,29.16,3,0.1292,0.0172,1026.38,3.2599,1,1,1
116,1,2,1,20.02,3,0.556,0.0969,572.82,2.8316,1,1,1
1411,1,1,1,5.04,1,10.7261,19.2356,37721.87,3.762,1,1,0
1229,1,1,1,12.85,3,4.0626,2.459,110505.14,4.1054,1,1,1
433,2,1,1,1.54,1,2.1924,1.4929,4716.4,4.3878,1,1,0
60,1,1,1,7.22,3,9.744,12.6355,13458.32,4.3622,1,1,0
520,1,1,1,1.52,1,11.7371,19.7587,48536.62,4.5499,1,1,0
751,1,1,1,7.5,2,2.5623,1.9507,6156.8,3.5791,1,1,0
101,1,1,1,13.42,8,0.6149,0.3763,53647.59,4.2837,1,1,0
854,1,1,1,6.36,3,9.3077,13.9515,5487.7,4.1565,1,1,0
60,1,3,1,4.83,5,9.367,1.7714,16.0,2.5333,4,4,1
316,1,2,1,26.23,1,6.0658,7.415,37379.35,3.7361,1,1,0
161,2,1,1,2.53,1,2.7294,2.1569,127.82,3.098,1,1,0
893,1,1,1,10.22,2,1.7108,2.9385,28109.69,4.3437,1,1,0
255,1,1,1,3.13,2,8.6912,2.3937,913.71,2.7074,1,1,1
432,2,1,1,4.79,1,9.2603,10.2762,3513.51,3.6282,1,1,0
608,1,1,1,19.83,3,0.4645,0.3857,58451.88,3.9674,1,1,0
1162,1,1,1,8.28,2,2.1116,2.547,45103.03,3.9141,1,2,0
44,1,2,1,27.43,9,0.1149,0.0149,4.0,2.4368,5,10,1
165,1,1,1,5.66,4,5.327,5.5992,17311.6,3.67,1,1,0
465,1,1,1,3.0,2,1.1401,1.8198,13764.22,3.256,1,1,0
184,1,2,1,21.5,6,0.2836,0.0701,493.53,4.0089,1,1,1
86,2,1,1,6.72,2,11.7455,14.935,4352.48,2.6643,1,1,0
1455,1,2,1,27.12,5,0.8111,0.2321,5465.34,5.1333,1,1,1
1186,1,1,1,14.07,3,0.7703,0.7213,30075.71,4.7165,1,1,0
61,2,1,1,31.87,4,1.4626,2.0864,2353.69,2.3399,1,1,0
561,1,1,1,4.81,1,2.2289,1.3646,18455.18,4.5343,2,1,0
216,1,1,1,2.55,1,6.6542,5.1408,2239.72,3.9981,1,1,0
109,1,1,1,3.22,1,9.3594,1.7235,651.82,2.9284,1,1,1
44,1,3,1,26.87,13,0.3794,0.0842,0.0,1.5,6,14,1
1068,1,3,1,27.67,2,1.466,0.1933,10092.45,5.2484,1,1,1
338,1,2,1,31.34,1,1.2286,0.9587,44836.37,3.7099,1,1,1
60,1,1,1,8.32,5,10.7805,12.8099,21962.21,3.1091,1,1,0
73,2,1,1,10.34,1,4.0967,6.1125,2423.26,2.9166,1,1,0
357,1,1,1,5.31,1,2.5409,3.9178,43481.83,3.8898,1,1,0
497,1,1,1,1.62,1,7.0772,12.6772,24606.51,4.0957,1,1,0
192,1,1,1,3.05,1,11.1105,1.0012,1170.13,3.2983,1,1,1
1136,1,1,1,5.04,3,10.1109,6.7382,12801.45,3.8806,1,1,0
1044,1,1,1,16.83,2,18.4365,19.8528,32804.4,4.4426,1,1,0
527,1,1,1,12.27,3,7.6557,7.5147,124553.66,4.4309,1,2,0
518,1,1,1,8.07,4,9.0592,8.386,5227.63,3.8374,1,1,0
81,1,1,1,4.55,1,0.2517,0.2717,20685.94,3.7732,1,1,0
1190,1,3,1,31.08,5,0.9862,0.2467,5651.74,4.938,1,1,1
1117,1,1,1,5.61,1,19.8996,14.874,32625.44,4.0512,1,1,0
597,1,1,1,1.98,1,12.8526,21.5413,21755.64,4.3394,1,1,0
351,1,1,1,32.26,5,0.7312,0.1259,1084.1,2.9402,1,1,1
580,1,2,1,15.59,5,6.1026,4.3343,86278.83,4.6791,1,1,0
816,1,1,0,15.7,3,5.1761,4.2564,19322.3,3.5765,1,1,0
178,1,1,1,27.28,2,3.637,2.3891,2340.27,2.9752,1,1,0
138,1,1,1,22.14,3,0.6563,0.1795,1260.09,3.4582,1,1,1
983,1,2,1,3.63,2,11.9504,9.6164,15279.68,4.4111,1,1,0
315,1,1,1,21.23,3,0.7111,0.867,81843.17,3.8668,1,2,0
53,1,1,1,1.79,1,5.8036,4.1486,8589.41,3.513,1,1,0
1035,1,1,1,4.98,2,2.8599,2.9851,41878.84,3.706,1,3,0
86,1,2,1,20.92,2,1.4612,0.8658,42567.46,4.8943,1,1,0
1200,1,1,1,5.11,1,5.893,6.774,35486.6,3.9185,1,1,0
268,1,1,1,23.86,4,0.2969,0.3949,36804.99,3.6343,1,1,0
92,1,2,1,4.31,1,2.1661,1.682,30271.16,3.9679,1,1,0
167,1,2,1,7.7,2,7.6497,1.9601,180.64,2.5573,1,1,1
782,1,2,1,13.21,4,3.4589,3.0757,46868.39,3.6947,1,1,0
48,1,1,1,5.41,2,3.4627,3.0199,30310.68,3.8233,1,1,0
807,1,2,1,16.39,4,1.0854,0.6217,63748.16,4.0112,1,1,0
869,1,1,1,9.85,5,8.3188,8.1725,17391.82,3.8176,1,1,0
87,1,1,1,3.64,1,5.4003,5.6265,2748.4,2.8748,1,1,0
102,1,1,1,4.29,4,8.3217,6.332,23590.83,3.7957,1,1,0
1282,1,1,1,9.85,5,1.27,1.5468,36421.89,4.115,1,1,0
59,2,1,1,35.03,8,3.1721,3.0831,3298.86,3.9288,1,1,0
1156,1,1,1,21.76,4,0.902,1.1462,64221.03,2.9606,1,1,0
314,1,1,1,21.66,6,0.1199,0.0093,529.98,2.7535,1,1,1
1152,1,3,1,17.13,5,1.5409,0.864,1691.38,4.5321,1,1,1
60,1,2,1,11.31,4,9.2888,2.066,4.0,2.0273,5,19,1
88,2,1,1,5.85,1,3.6491,4.3751,1223.37,3.3273,1,1,0
87,2,1,1,1.68,2,0.5252,0.5233,2682.06,3.0172,1,1,0
252,1,1,1,2.7,1,6.0154,1.735,119.83,3.3375,1,1,1
117,1,1,1,2.7,1,3.7729,3.9651,6646.86,4.7489,1,2,0
64,1,1,1,1.75,1,9.8418,15.436,13046.47,3.6062,1,1,0
1211,1,2,1,31.6,6,8.7115,3.6528,15673.13,4.2235,2,1,0
187,1,2,1,21.81,7,0.9933,0.2954,363.21,3.4146,1,1,1
119,1,1,1,7.05,1,0.5137,0.9099,8317.47,3.7426,1,1,0
471,1,1,1,6.03,6,2.1386,1.3085,66129.42,3.3581,1,1,1
108,1,1,1,8.38,1,0.2918,0.4186,53257.06,2.9231,1,1,0
48,1,2,1,6.34,2,4.9223,3.2517,6374.87,3.6835,1,1,0
82,2,1,1,5.12,1,4.284,5.929,6529.13,2.6549,1,1,0
268,2,1,1,1.28,1,10.0195,11.4046,378.46,3.5936,1,1,0
1327,1,1,1,25.54,8,1.7042,0.7066,61314.61,4.1032,1,1,0
49,1,1,1,3.02,2,4.7633,5.1785,43471.92,3.907,1,1,0
1432,1,1,1,4.96,1,7.509,5.5714,13912.36,4.2001,1,1,1
778,1,1,1,16.1,2,6.0528,3.432,52692.87,4.7646,1,1,1
1179,1,1,1,5.35,5,13.8931,14.4081,106699.18,3.8179,1,1,1
176,1,1,1,5.27,2,2.0216,1.7927,46199.36,3.9145,1,3,0
1088,1,1,1,21.66,5,1.3245,0.5867,29650.79,4.0793,1,1,0
510,1,1,1,12.43,3,13.9139,5.0807,19207.49,3.0681,1,2,1
419,1,1,1,12.56,6,2.2001,1.6391,19037.83,4.7887,1,1,1
1208,1,1,1,7.2,2,1.4019,1.5712,73074.01,3.7476,1,2,1
44,2,1,1,42.78,10,0.4791,0.0723,16.0,2.4176,6,20,1
1243,1,1,1,17.04,2,0.2693,0.1577,86206.75,4.1543,1,1,0
965,1,2,1,2.42,1,1.057,1.6711,11558.06,3.4106,1,1,0
495,1,2,1,3.82,2,2.5887,2.1368,58386.83,3.9768,2,1,0
261,2,1,1,1.28,2,0.4935,0.6363,12655.21,3.9711,1,1,0
348,2,1,1,7.21,2,4.5679,3.4189,4080.57,3.6927,1,1,0
588,1,2,1,8.97,2,5.4497,5.1144,23600.85,3.4167,1,1,0
191,1,1,0,2.22,1,2.7034,1.7513,4282.51,2.9597,1,1,0
517,1,1,1,4.84,3,2.5927,2.4522,17052.23,3.2199,1,3,0
187,1,1,1,17.66,3,1.1632,1.3352,54746.78,3.959,1,1,0
114,2,1,1,1.45,1,8.0143,8.8177,4823.61,3.8185,1,1,0
62,1,2,1,2.77,2,16.6051,16.9469,14161.67,4.6508,1,1,0
46,1,1,1,7.29,2,2.0271,3.1791,64574.49,2.9975,1,1,0
521,1,2,1,11.96,1,0.7477,0.817,23868.75,4.1151,1,1,0
1105,1,2,1,13.42,4,0.7618,0.5433,18572.64,3.8683,1,1,0
87,2,1,1,6.75,1,5.828,3.325,1460.5,2.9635,1,1,0
930,1,2,1,13.08,1,0.2778,0.3709,12019.53,4.0585,2,1,0
1267,1,2,1,5.74,1,9.5986,7.8667,27673.64,4.3995,1,1,0
1445,1,2,1,6.22,5,2.2273,2.6125,69347.6,4.6867,1,1,1
322,1,1,1,4.47,2,6.1867,0.5795,1186.64,3.0515,1,1,1
879,1,2,1,3.29,2,0.5032,0.3499,17305.51,4.5497,1,1,0
1455,1,1,1,7.33,1,11.4354,13.2751,35433.99,4.1184,1,1,1
325,1,1,1,6.13,1,6.8306,12.1307,32577.02,3.5631,1,3,0
772,1,1,1,16.91,1,0.2242,0.1483,63698.39,4.5959,1,1,1
1037,1,3,1,22.07,5,0.2637,0.0437,5690.34,4.7477,1,1,1
55,1,1,1,6.25,2,1.4737,2.0917,30339.67,4.0636,1,1,0
51,1,1,1,11.11,2,2.8845,2.001,18962.45,4.3412,1,1,0
404,1,1,1,6.82,2,0.4168,0.7205,58521.38,3.6283,1,1,0
228,1,1,1,11.05,3,0.6229,0.2958,18655.06,3.9504,1,2,0
64,1,3,1,38.47,9,0.3684,0.063,0.0,2.0144,4,14,1
246,1,2,1,37.01,5,0.2075,0.0341,915.64,3.8271,1,1,1
1162,1,2,1,4.79,3,8.7775,6.1911,14132.94,3.4504,1,3,0
124,1,2,1,18.27,3,1.3772,0.933,110047.91,4.4003,2,1,0
835,1,2,1,9.54,3,0.4007,0.3013,23295.98,4.3705,1,1,0
257,1,1,1,24.45,6,1.0517,0.2814,580.33,3.5362,1,1,1
1272,1,1,1,6.08,1,1.4356,1.4095,30712.06,3.6291,1,1,0
40,3,3,1,43.62,11,0.3537,0.0725,0.0,2.7385,2,17,1
116,1,2,1,5.11,1,3.2925,5.6371,12616.8,3.7494,2,1,0
1486,1,1,1,3.7,4,5.4496,6.3681,39689.51,4.0238,2,2,1
41,1,1,1,17.11,2,17.2047,24.7059,20316.29,4.0963,1,1,0
911,1,2,1,6.08,2,4.7472,4.292,35206.02,4.9021,1,1,1
977,1,1,1,6.25,4,0.8527,1.2305,12695.02,4.3628,1,1,0
1335,1,2,1,13.64,3,15.1451,6.4633,40951.54,3.9606,1,1,0
392,2,1,1,6.72,1,1.3361,1.3057,611.53,3.1739,1,1,0
339,1,2,1,7.53,1,11.6056,14.2192,9884.08,3.7864,1,1,0
351,1,1,1,4.21,2,3.5666,6.1377,22531.38,4.1358,1,1,0
358,1,1,1,10.74,1,17.3338,4.5733,404.82,3.0117,1,1,1
75,1,2,1,33.28,6,0.8147,0.0831,1323.23,3.4118,1,1,1
293,1,2,1,29.54,7,0.1577,0.0382,641.54,3.1363,1,1,1
1392,1,1,1,33.39,8,0.6568,0.273,1932.65,4.6822,1,1,1
305,2,1,1,1.11,1,1.2799,1.522,1280.94,3.0612,1,1,0
174,1,1,1,27.05,6,0.2338,0.0571,338.44,3.0211,1,1,1
1051,1,1,1,25.73,9,12.9462,14.6588,14488.7,3.9764,1,2,0
134,1,2,1,39.42,3,1.1991,0.1743,577.72,2.7412,1,1,1
249,1,2,1,5.23,3,3.2479,3.0418,11579.08,4.2142,1,1,0
85,2,1,1,2.74,1,5.936,8.8885,1323.06,2.6346,1,1,0
512,1,1,1,17.64,7,1.6424,1.8331,37083.78,3.8834,1,1,0
512,1,1,1,17.44,4,0.3495,0.4519,2079.72,3.3588,1,1,0
1128,1,1,1,24.43,7,6.0798,4.3982,53943.76,3.699,1,1,0
275,1,1,1,4.08,3,2.1057,3.1233,28721.3,4.2082,2,1,0
484,1,1,1,5.24,1,2.9154,1.9694,22578.89,3.7355,1,1,0
122,1,2,1,14.4,3,2.0227,2.7872,40532.26,4.5754,1,1,0
43,1,1,1,4.16,1,2.4207,2.5771,10229.93,4.0218,1,1,0
723,1,1,1,14.15,2,3.4121,3.1982,109981.63,3.7591,1,1,0
1363,1,1,1,6.3,1,19.7732,11.7377,60617.69,4.2203,1,1,1
1235,1,1,1,25.15,8,1.0165,0.3702,10546.56,4.6434,1,1,1
94,1,1,1,8.05,5,2.8423,3.2264,23897.96,4.0825,1,1,0
1333,1,1,1,10.17,3,1.8997,2.0141,29322.47,4.7811,1,1,1
271,1,1,1,26.4,4,8.6383,7.4161,51958.49,4.7384,2,1,0
374,2,1,1,3.82,1,3.4388,4.0062,1286.2,2.749,1,1,0
1188,1,1,1,28.14,5,0.6487,0.1162,3764.26,4.4787,1,1,1
82,1,1,1,1.93,1,6.2561,9.8963,19735.94,3.2482,1,1,0
62,1,1,1,2.56,2,0.7451,0.5031,32069.79,3.8769,1,2,0
219,1,1,1,6.28,1,6.9481,8.6822,11038.13,3.4211,1,1,0
48,2,1,1,1.59,2,10.1169,12.9796,3869.86,4.4515,1,1,0
107,2,1,1,20.52,2,3.1816,1.8289,5642.43,2.582,1,1,0
247,1,1,1,31.21,3,5.787,4.2191,33640.63,3.3904,1,1,0
62,2,1,0,2.09,1,2.2437,3.2264,3708.57,3.8901,1,1,0
1061,1,1,1,6.81,7,0.4968,0.1737,46719.66,4.9697,2,1,1
447,2,1,1,2.53,1,3.1621,3.4987,1115.47,3.7958,1,1,0
1394,1,2,1,35.39,7,0.9082,0.284,4031.07,4.6685,1,1,1
358,2,1,1,40.4,4,0.9437,0.9878,1784.07,3.7933,1,1,0
123,1,1,1,20.56,5,0.2154,0.1133,89184.82,4.7215,1,1,0
185,2,1,1,1.53,2,2.7028,1.6581,3513.22,3.2038,1,1,0
461,1,1,1,7.9,3,0.439,0.2013,50791.83,4.4969,1,1,1
1406,1,1,1,19.29,4,2.208,2.4173,83044.12,4.3429,2,2,1
1181,1,1,1,31.69,3,1.8101,1.6179,110420.69,3.8083,2,1,0
91,1,1,1,6.48,2,0.797,0.5498,33927.25,4.9388,1,1,0
700,1,1,1,11.45,1,3.6678,4.889,13185.79,3.2019,1,1,0
524,1,1,1,13.81,1,7.2048,4.3498,3546.16,4.3392,1,1,0
925,1,2,1,7.52,3,1.5147,2.3338,39765.67,4.3723,1,1,0
1076,1,1,1,18.81,4,0.2021,0.2524,42045.77,4.1686,1,1,0
74,2,1,1,13.78,5,4.9529,5.8387,3484.14,3.6014,1,1,0
95,1,1,1,24.65,5,0.8594,0.879,66820.53,4.0762,1,1,0
512,1,1,1,1.68,3,0.2261,0.3191,2251.29,3.5772,1,1,0
68,1,1,1,13.29,1,22.446,21.1781,30144.53,3.8009,1,2,0
124,1,1,1,2.08,1,5.9545,4.6421,3674.83,4.5305,1,1,0
975,1,1,1,6.3,1,0.9701,0.7127,30340.69,4.1129,1,1,0
253,1,2,1,11.41,5,2.7255,2.2984,56088.27,3.2679,1,2,0
180,2,1,1,6.54,2,7.5073,3.9525,1086.75,4.2052,1,1,0
118,2,1,1,3.07,1,5.4981,7.6275,5417.18,3.4435,1,1,0
201,1,2,1,15.43,3,8.1635,6.7482,38226.4,4.3099,1,1,0
349,2,1,1,1.74,1,1.2717,0.7245,1658.32,3.8321,1,1,0
1271,1,1,1,14.13,1,4.0508,5.8471,31805.84,3.4738,1,1,0
52,1,1,1,37.2,6,0.3814,0.0393,0.0,2.4219,2,15,1
1425,1,1,1,12.19,2,2.2008,1.2918,56707.73,4.6006,1,1,1
49,1,1,1,3.88,3,0.9578,1.3015,37523.49,4.6294,2,3,0
840,1,1,1,6.52,2,3.0218,3.0474,9228.38,3.9143,1,2,0
714,1,1,1,8.23,3,1.2637,1.4827,31158.67,4.6251,2,2,1
67,2,1,1,2.69,2,12.8415,8.1888,2175.58,2.4582,1,1,0
44,1,2,1,7.44,1,4.4348,0.0939,4.0,2.1003,2,19,1
1286,1,2,1,23.84,6,0.8686,0.3744,8389.53,4.7633,1,1,1
288,1,1,1,40.5,3,1.1291,0.263,250.95,3.9847,1,1,1
1062,1,1,1,16.37,3,5.6362,2.05,42566.58,4.5729,1,1,1
358,1,1,1,37.85,3,0.6279,0.1721,575.64,2.8777,1,1,1
61,1,1,1,3.29,1,3.3226,3.526,53192.55,4.0882,2,1,0
505,1,2,1,12.33,4,3.2747,1.084,11624.71,4.3872,1,1,1
1183,1,1,1,5.33,3,3.2727,2.7872,40171.59,4.1019,1,1,0
110,1,2,1,5.41,1,2.159,3.5014,18801.73,3.6806,1,1,0
439,1,1,1,9.43,1,13.051,13.1345,10149.85,4.3092,1,1,0
116,1,1,1,6.78,1,4.5537,3.4692,6961.06,4.0198,1,2,0
76,1,1,1,2.47,1,6.2347,7.946,3851.09,2.7125,1,1,0
97,1,1,1,5.83,1,3.6966,5.2937,30349.78,4.9268,1,3,0
143,1,1,1,20.93,4,0.9716,0.5294,57257.7,4.0637,1,1,0
927,1,1,1,4.05,3,0.4855,0.8142,27849.84,3.9263,1,1,0
44,1,2,1,3.48,1,1.5048,1.7802,40111.04,4.0692,1,1,0
365,1,2,1,2.65,2,0.5641,0.6794,21221.37,4.7051,1,1,0
1247,1,1,1,3.95,3,20.4199,32.3704,14813.79,3.6124,1,1,0
1383,1,1,1,4.67,1,7.2893,10.7788,58728.33,3.6533,1,3,0
1204,1,2,1,15.32,3,0.728,0.2407,6977.32,4.6159,1,1,1
286,1,2,1,3.45,1,9.9663,1.6893,1444.64,3.9626,1,1,1
1246,1,1,1,3.38,1,1.1984,1.9518,45369.05,4.0459,2,1,0
606,1,1,1,26.36,2,3.0789,2.3275,51198.83,3.6663,1,1,0
446,1,2,1,5.91,4,4.7277,3.6723,74547.3,4.4693,1,1,1
1097,1,1,1,3.63,2,8.2374,7.1995,9992.49,3.7408,1,1,0
1127,1,1,1,9.57,5,6.5133,4.2596,28017.57,4.6147,1,1,1
218,1,1,1,2.45,1,12.7712,14.1486,2539.05,4.144,1,1,0
199,1,2,1,3.05,1,13.5028,3.3076,177.82,3.092,1,1,1
1379,1,1,1,4.97,1,3.4235,5.2341,14865.83,4.1639,1,1,0
91,2,1,1,30.92,2,10.1361,14.5804,1579.75,3.57,1,1,0
1319,1,1,1,8.13,2,9.1461,9.8061,13874.96,4.1333,1,1,0
235,1,1,1,5.2,5,11.1882,13.4013,37294.28,4.2262,1,1,0
40,1,2,0,44.66,5,0.4359,0.0798,0.0,2.5196,5,9,1
1083,1,1,1,2.94,2,0.8524,0.5645,18579.27,3.25,1,1,0
40,2,2,1,43.6,7,0.4732,0.0729,4.0,2.661,5,5,1
793,1,1,1,5.54,1,0.5716,0.9955,14958.85,3.7278,1,1,0
107,1,2,1,24.88,4,1.1698,0.0483,981.26,3.4117,1,1,1
86,1,1,1,2.81,2,4.9518,2.9089,141.1,3.1231,1,1,0
355,1,1,1,2.67,2,3.8292,4.1929,985.61,3.7057,1,1,0
191,1,1,1,34.79,6,0.6516,0.0566,1074.7,3.1709,1,1,1
315,1,1,1,6.56,1,0.8864,0.6328,37308.02,3.9518,1,3,0
409,1,1,1,2.76,2,6.3293,11.2863,18643.09,3.9208,1,1,0
1118,1,1,1,10.4,5,6.6587,5.8864,13884.98,4.2354,1,1,1
1477,1,1,1,8.41,2,3.9301,2.6569,55095.5,4.2952,1,1,1
122,1,1,0,7.24,1,5.3407,3.3285,5628.55,3.8985,1,1,0
101,2,1,1,2.8,2,5.0524,6.5673,469.72,3.6962,1,1,0
135,1,1,1,18.83,4,0.5486,0.3003,22425.25,3.9929,1,1,0
128,2,1,1,1.43,1,7.6725,5.6565,5837.74,2.9486,1,1,0
62,1,1,1,9.17,2,0.9708,1.3556,8852.91,3.8858,1,1,0
68,1,1,1,6.1,2,2.2748,2.3916,1061.76,2.4183,1,1,0
399,1,2,1,8.23,1,0.1697,0.2443,11378.2,3.2957,1,1,0
1184,1,2,1,24.66,3,0.4638,0.1396,1516.12,4.7828,1,1,1
62,1,1,1,2.06,1,0.9481,1.5775,18361.7,4.1153,1,1,0
1135,1,1,1,32.5,1,2.7725,1.8714,59208.1,4.7422,1,1,0
957,1,2,1,17.12,2,4.4814,4.8378,5427.21,5.4,1,1,1
105,1,1,1,3.72,2,2.7084,4.8118,6437.02,3.8534,2,1,0
68,1,1,1,1.9,1,24.0567,32.4708,17185.89,4.1921,2,1,0
107,1,1,1,7.89,1,6.0207,8.3061,675.1,3.5173,1,1,0
470,1,1,1,24.94,2,12.0146,16.4205,319.96,4.247,1,1,0
433,1,1,1,5.02,4,4.1136,2.4401,58987.96,5.1081,1,1,1
61,1,1,1,5.82,2,8.4994,5.7705,32778.31,4.1754,1,1,0
388,2,1,1,7.13,3,13.8626,16.0272,897.42,4.8,1,1,0
71,1,1,0,1.51,1,0.2607,0.2628,4046.48,4.0932,1,1,0
112,2,1,1,24.63,2,0.5568,0.3415,503.77,2.867,1,1,0
85,1,2,1,5.31,3,22.384,24.8703,21329.9,3.79,1,1,0
1295,1,1,1,3.47,2,16.2078,17.4464,24241.49,3.5116,1,1,0
1344,1,1,1,18.17,4,1.9891,2.7682,29703.88,4.3635,1,1,0
674,1,1,1,16.45,2,0.7877,0.7545,83928.74,4.6822,1,1,0
70,2,1,1,5.12,1,4.3372,3.5978,5692.71,3.2973,1,1,0
973,1,2,1,23.6,1,1.8114,1.1598,30786.57,4.0126,2,1,1
57,1,1,1,5.02,3,10.8862,11.5235,5854.93,4.4358,1,1,0
410,1,1,1,39.46,6,5.4564,3.1745,6756.53,3.9793,1,1,0
188,2,1,1,3.05,1,3.4591,3.7462,3373.38,3.0902,1,1,0
412,2,1,1,29.35,6,1.3645,1.4245,1423.01,3.3068,1,1,0
1093,1,1,0,9.53,1,3.7392,5.2713,29344.3,4.1012,1,1,0
166,2,1,1,2.52,1,3.7799,3.4941,4519.64,2.9159,1,1,0
308,1,2,1,18.85,10,0.319,0.0911,1503.31,2.8806,1,1,1
97,1,1,1,2.21,4,2.6154,3.8707,3277.9,3.5202,1,1,0
52,1,1,1,7.45,2,4.7133,0.365,4.0,2.0382,4,17,1
581,1,1,1,17.55,6,3.3869,3.7694,40680.99,4.6015,1,1,1
468,1,1,1,1.7,1,1.358,1.0146,910.42,4.2541,1,1,0
90,2,1,0,1.17,1,13.8177,11.2982,586.12,3.9711,1,1,0
166,1,1,1,10.46,2,13.6446,16.2704,17827.45,4.2129,1,1,0
83,1,2,1,4.8,1,6.5125,10.9956,31131.69,3.8187,1,1,0
541,1,1,1,7.08,7,6.1044,4.8089,54774.26,3.7519,1,1,0
113,2,1,1,34.94,2,4.4431,6.1523,2447.42,3.7714,1,1,0
78,1,1,1,2.5,2,0.1825,0.215,20685.75,4.5123,1,1,0
254,1,1,1,8.69,3,4.4163,3.61,75391.01,4.8332,1,1,1
550,1,1,1,6.22,2,5.969,5.5414,12074.17,3.8389,1,1,0
112,2,1,1,2.18,2,1.6324,1.0299,1224.12,3.14,1,1,0
157,1,2,1,14.34,5,1.3428,1.6178,77148.01,4.3429,1,1,0
118,1,1,1,1.59,1,2.4637,2.1988,11597.08,4.7969,1,1,0
958,1,1,1,13.18,1,0.6536,0.3626,14603.0,4.1171,1,2,1
1245,1,2,1,13.71,3,1.6455,0.6317,39866.17,4.9001,1,1,1
423,1,2,1,31.57,2,0.3325,0.1644,35376.72,3.5083,1,1,0
1005,1,1,1,29.22,3,1.014,0.2841,2791.37,4.9486,1,1,1
1284,1,2,1,4.84,1,9.0313,8.905,15525.07,4.057,1,1,0
949,1,1,1,3.19,2,6.9058,10.4746,9387.93,3.7096,1,1,0
206,2,1,1,6.06,1,3.611,3.862,7916.11,3.5017,1,1,0
751,1,1,1,5.72,2,4.8329,8.3597,27602.75,3.8012,1,1,0
104,1,2,1,6.49,1,12.2502,2.3354,414.49,3.0951,1,1,1
115,1,1,1,1.4,1,5.9233,5.5111,21828.44,3.6951,1,3,0
543,1,1,1,7.35,1,2.6106,4.4148,23385.88,4.2243,1,1,0
64,2,1,1,7.96,3,12.2925,2.6567,16.0,2.7657,5,21,1
588,1,1,1,2.76,1,9.6702,16.8618,47004.49,3.7233,1,2,0
903,1,1,1,17.21,2,0.235,0.3048,20073.53,4.0687,1,1,0
695,1,1,1,4.62,2,0.3831,0.1319,26598.36,4.3217,2,1,1
50,1,1,1,6.1,3,3.3577,3.7032,19629.56,3.4302,1,1,0
473,2,1,1,19.66,7,2.3351,1.4014,4553.33,3.0785,1,1,0
169,2,1,1,3.02,1,14.7679,14.1055,1226.04,3.828,1,1,0
609,1,1,1,24.16,1,0.8555,0.46,22898.16,4.2512,1,1,0
477,1,1,1,32.32,1,14.8026,11.9423,57054.17,4.0663,1,1,0
1067,1,1,1,3.07,1,7.258,10.6721,28353.7,4.3324,1,2,0
1271,1,1,1,11.58,1,3.7677,5.2628,10432.45,3.3396,2,1,0
781,1,1,1,13.27,2,7.5836,4.8079,25798.8,4.1709,1,1,1
1216,1,1,1,10.72,1,1.5828,1.0631,46368.61,4.3381,1,1,1
895,1,1,1,20.93,4,1.4598,0.7782,81876.82,3.4544,2,2,0
116,1,1,1,1.77,1,7.5505,5.0011,16553.78,3.0932,1,1,0
251,1,1,1,31.09,3,27.6435,33.6231,493.47,3.2259,1,1,0
830,1,1,1,33.94,1,5.1392,6.605,13069.88,4.4438,1,1,0
1245,1,1,1,13.41,2,4.7205,2.1591,63931.63,4.0895,1,1,1
709,1,2,1,26.58,5,2.3588,2.4737,68870.08,4.642,1,1,0
1004,1,1,1,18.87,3,2.7218,2.7321,49525.72,3.6121,1,1,0
94,1,1,1,4.71,2,14.6916,3.081,147.85,3.7067,1,1,1
95,2,1,1,4.09,1,5.6076,8.2739,2299.61,3.795,1,1,0
304,1,1,1,8.34,2,11.6327,2.29,795.95,3.2875,1,1,1
109,1,2,1,22.39,6,0.647,0.3856,51656.94,4.6512,1,1,0
101,1,1,1,7.93,5,8.4044,10.9705,26340.71,3.2884,1,1,0
65,1,1,1,3.86,2,12.7819,7.8687,21117.62,4.1575,1,1,0
805,1,1,1,1.81,1,3.3946,3.1946,28854.69,3.9497,1,1,0
991,1,1,1,15.46,3,3.6153,3.2458,74261.03,3.5464,1,1,0
367,2,1,0,1.9,1,4.4062,5.2018,3815.71,2.602,1,1,0
141,1,1,1,25.41,5,0.5039,0.085,1245.42,3.137,1,1,1
1338,1,1,1,9.54,2,4.4123,3.4432,77882.63,4.7021,2,1,1
1062,1,2,1,5.73,1,5.7881,8.5984,11986.69,3.7655,1,1,0
1481,1,1,1,14.96,2,5.6646,6.3121,59905.9,4.3424,1,2,1
1313,1,1,1,6.22,2,6.4263,8.5557,33503.37,3.8631,1,1,0
97,1,1,1,5.24,1,1.0168,1.1627,20754.86,3.6751,1,1,0
1074,1,1,1,10.05,1,0.6748,0.4964,31380.88,3.5555,1,1,0
321,1,2,1,29.47,4,0.1745,0.0308,548.09,2.7384,1,1,1
77,1,1,1,4.8,1,1.3127,1.4787,19078.03,4.484,1,1,0
498,1,1,1,5.55,1,9.4462,7.5732,38754.03,4.3435,2,1,0
439,1,1,1,1.9,2,10.2205,11.8198,4966.4,3.7063,1,1,0
78,1,1,1,27.21,3,11.5021,9.9799,2574.47,4.8,1,1,0
124,2,1,1,3.18,2,2.5127,1.8673,5662.31,3.0746,1,1,0
44,1,2,1,8.13,2,10.6984,2.0216,0.0,1.7775,4,15,1
60,1,1,1,33.19,6,0.0714,0.0026,16.0,2.351,3,22,1
918,1,1,1,12.21,5,0.9637,0.4233,73545.44,3.7586,2,1,0
50,1,1,1,8.61,2,13.1612,15.0004,15370.6,3.323,1,1,0
1387,1,2,1,9.44,2,14.1443,21.2935,25856.37,3.9087,1,1,0
864,1,1,1,14.79,4,0.4997,0.4564,57791.84,3.2877,1,1,0
44,1,3,1,41.39,8,0.2,0.049,4.0,2.1509,2,16,1
307,1,1,1,19.19,3,3.2154,3.3142,9079.86,4.2374,1,1,0
393,2,1,1,7.84,1,13.1837,14.3214,8643.15,3.5987,1,1,0
97,1,1,1,15.96,2,0.1559,0.1234,25649.81,4.3433,2,1,0
63,1,1,1,1.97,1,3.4861,1.8822,10860.72,2.617,1,1,0
354,2,1,1,31.74,4,1.4948,0.8837,1786.51,2.5434,1,1,0
247,1,2,1,23.02,5,1.1628,0.0749,1008.8,4.585,1,1,1
111,1,1,1,2.86,2,1.851,1.4114,54086.04,3.7164,1,1,0
111,1,1,1,6.16,2,6.7659,10.7274,15803.0,3.1692,1,1,0
343,2,1,1,7.25,3,15.754,16.5713,1213.5,3.7549,1,1,0
78,1,1,1,1.87,1,5.455,3.6871,411.84,2.9843,1,1,0
293,1,1,1,8.56,3,7.7647,11.6948,21404.71,3.1626,1,1,0
64,1,3,1,8.2,1,12.3041,0.545,16.0,2.5725,2,17,1
198,1,2,0,2.69,2,0.6412,1.1053,59290.26,4.4686,1,1,0
512,1,1,1,3.93,3,2.9157,4.5405,13261.76,3.7463,1,1,0
536,1,1,1,8.84,2,31.0077,31.906,34549.06,3.9757,2,1,0
882,1,1,1,10.64,2,3.7307,4.9247,28272.32,3.5423,1,1,0
368,1,1,1,3.91,1,15.328,1.8518,488.88,3.2863,1,1,1
652,1,1,1,25.18,3,1.3261,1.8208,25969.53,4.0545,1,1,0
718,1,2,1,37.62,2,2.6493,3.3505,14921.53,4.4664,1,1,0
100,1,1,1,30.78,3,10.8343,7.2688,6461.74,2.4828,1,1,0
1193,1,2,1,35.52,2,2.1718,2.5482,30377.29,4.2441,1,1,0
353,1,2,1,2.78,2,3.0796,3.4382,38387.34,3.4677,1,1,0
1053,1,1,1,4.69,4,29.0226,26.7667,91879.5,4.3978,1,1,1
1326,1,1,1,4.24,1,5.9779,4.3974,13127.19,3.5995,1,1,0
117,1,1,1,2.38,1,4.1872,6.49,76479.29,3.0742,1,1,0
57,1,1,1,3.24,3,2.0703,1.8713,19226.57,4.0324,1,1,0
382,1,1,1,6.33,1,4.9254,4.9004,5478.71,3.7473,1,1,0
41,1,1,1,4.7,4,0.3933,0.3056,17085.39,4.0531,1,1,0
137,1,2,1,24.0,7,0.1594,0.1963,44828.77,3.5283,1,1,0
252,1,2,1,25.44,5,1.056,0.1385,133.81,3.4743,1,1,1
1069,1,1,1,34.87,4,1.2165,0.3495,2131.18,5.2318,1,1,1
246,1,2,1,11.05,1,16.1834,2.5734,197.23,3.8012,1,1,1
188,1,1,1,13.03,1,4.5564,7.0497,7934.04,3.7078,1,3,0
305,1,1,1,4.38,4,12.9097,3.8242,99.89,3.0091,1,1,1
594,1,2,1,10.52,1,0.2265,0.3022,29836.05,3.4581,1,1,0
52,1,2,1,4.0,3,10.1808,0.8795,0.0,2.5381,3,23,1
332,1,1,1,3.96,3,3.3688,3.8471,7086.27,4.1434,1,1,0
339,1,1,1,17.55,6,1.0404,0.254,290.68,2.9951,1,1,1
835,1,1,1,5.89,2,5.3296,8.099,36529.99,3.7433,1,1,0
1395,1,3,1,30.17,3,0.3535,0.0864,12403.62,5.153,1,1,1
110,1,2,1,13.26,1,15.1198,2.2297,251.55,3.1435,1,1,1
1383,1,1,1,27.15,2,2.0818,1.4786,44402.32,3.5624,2,1,0
937,1,1,1,7.18,2,2.7137,4.4217,27816.2,3.7423,1,1,0
715,1,1,1,11.51,4,3.0064,3.4394,12715.89,4.8183,1,1,1
1177,1,1,1,17.67,7,1.7602,0.4773,11201.42,4.7844,1,1,1
1331,1,3,1,25.06,7,1.1913,0.1457,1424.66,5.0758,1,1,1
91,1,1,1,3.52,1,2.1751,1.7455,13380.36,3.5529,1,1,0
260,1,1,1,6.19,3,9.8558,1.3977,219.82,2.746,1,1,1
1086,1,1,1,7.37,1,0.8063,1.1831,33287.14,3.594,1,1,0
676,1,1,1,12.51,1,2.1001,2.1576,88115.52,4.1331,2,1,1
303,1,1,1,3.58,1,0.1011,0.133,26325.4,3.8012,1,1,0
46,1,2,1,5.99,1,3.0985,3.8839,28366.33,3.4594,1,3,0
55,1,1,1,8.28,2,0.197,0.2512,21587.35,4.1122,1,1,0
1162,1,1,1,19.54,3,0.5623,0.2905,32133.81,4.4856,1,2,0
108,2,1,1,40.38,2,1.8428,2.3856,2517.54,3.1431,1,1,0
333,1,1,1,20.42,5,2.2198,1.9346,3705.47,3.2915,1,1,0
224,1,1,1,7.37,1,9.3153,2.2926,113.48,2.8889,1,1,1
364,1,1,1,9.08,1,1.7846,2.5283,2939.35,3.7526,1,1,0
1299,1,1,1,24.59,7,0.6094,0.0866,4597.11,4.9379,1,1,1
87,2,1,1,36.78,2,2.6891,2.1805,2875.21,4.5642,1,1,0
168,2,1,0,45.61,5,3.0662,3.3682,9042.31,3.9978,1,1,0
42,1,1,1,7.26,1,0.7749,0.9254,7142.46,4.1769,1,1,0
743,1,1,1,6.58,1,7.2215,12.4321,20694.96,3.993,1,1,0
1342,1,2,1,11.6,4,0.9493,0.2999,22402.09,4.4673,1,1,1
205,1,1,1,26.43,5,0.8345,0.149,692.31,2.9431,1,1,1
502,1,1,1,9.16,1,7.8901,11.2947,38857.71,4.5718,1,1,0
47,1,1,1,6.36,4,22.3297,40.0643,37403.86,3.3453,1,1,0
282,2,1,1,3.27,1,5.999,6.9001,1901.95,4.2199,1,1,0
328,1,1,1,5.85,3,6.5788,4.7581,7406.52,4.316,1,1,0
44,1,3,1,37.61,8,0.174,0.0359,4.0,2.9764,3,17,1
1035,1,1,1,13.42,6,3.6706,2.5151,22923.82,3.6395,1,1,0
200,1,2,1,2.08,2,10.8331,12.3457,9501.17,3.6548,1,1,0
332,2,1,1,6.15,1,20.5628,17.3018,1665.68,3.295,1,1,0
904,1,1,1,16.15,7,6.9171,8.2828,44246.54,4.36,1,1,0
76,1,1,1,5.39,2,5.7733,5.1229,16649.76,4.2215,1,1,0
115,1,2,1,28.26,4,1.1707,0.3442,91.05,3.2434,1,1,1
508,1,1,1,3.84,3,20.0501,28.6157,24825.37,3.9619,1,1,0
44,2,3,1,48.2,8,0.2214,0.012,16.0,1.5849,6,17,1
204,2,1,1,1.81,3,1.2998,0.7858,6849.67,3.9085,1,1,0
1120,1,1,1,9.06,2,3.3631,2.4538,38669.21,3.9709,1,1,1
100,1,1,1,4.24,1,20.455,20.6513,18353.48,3.5778,1,1,0
102,1,1,1,4.13,1,3.1501,4.5992,1111.05,3.7586,1,1,0
1251,1,2,1,20.26,3,0.7333,0.1277,3810.79,4.9391,1,1,1
206,1,1,1,6.45,1,4.1241,5.6626,18774.84,4.1739,1,1,0
86,1,1,1,27.6,5,9.0026,7.6303,6518.45,4.2437,1,1,0
52,2,1,0,14.99,3,18.5973,10.4187,558.51,2.8266,1,1,0
1279,1,1,1,7.95,5,1.6766,2.8115,12278.31,3.5264,1,1,0
105,1,1,1,10.84,2,3.841,3.4376,18247.47,4.132,1,1,0
1429,1,2,1,14.44,2,4.2552,4.4629,20056.43,3.765,1,3,0
60,1,1,1,5.85,2,5.2667,0.4049,4.0,2.5375,6,11,1
64,1,3,1,63.23,12,0.1614,0.0224,4.0,2.3774,4,13,1
486,1,1,1,19.96,2,2.437,2.4247,31285.45,3.8524,1,1,0
1124,1,1,1,5.92,3,2.6532,4.2534,12722.96,4.3545,1,1,0
60,1,2,1,11.54,1,9.9353,1.6562,16.0,1.557,6,13,1
538,1,1,1,3.66,1,0.8285,0.7935,7734.48,4.0302,1,1,0
571,1,1,1,3.08,1,5.9409,7.8801,35894.73,3.9906,1,1,0
1285,1,1,1,21.47,1,4.7965,6.0129,46002.97,4.1563,2,1,0
49,2,1,1,2.84,1,17.9233,23.6479,2175.49,4.2431,1,1,0
847,1,1,1,2.49,2,3.8023,5.2919,27816.6,4.0016,1,1,0
116,1,2,1,6.63,1,5.4402,0.6303,1309.29,3.5455,1,1,1
1368,1,1,1,15.83,4,0.3517,0.154,80592.79,4.0319,1,2,0
40,1,1,1,6.23,3,4.7196,0.5782,16.0,2.3852,6,13,1
116,1,1,1,7.03,1,18.4134,28.56,18829.64,4.6191,1,1,0
1152,1,1,1,28.76,5,3.2047,4.133,27431.87,4.1998,1,2,0
1329,1,1,1,4.56,2,1.7309,2.0566,29087.11,4.2884,2,1,1
52,1,2,1,6.81,1,12.7398,0.9763,0.0,2.4774,6,20,1
546,1,1,1,3.97,3,1.2239,1.0247,34812.63,3.0925,1,1,0
249,1,2,1,32.87,8,0.6004,0.0698,624.21,3.1092,1,1,1
1150,1,1,1,4.72,4,1.5653,2.3604,4496.12,4.0603,1,1,0
117,1,1,1,5.54,2,0.6914,1.1695,40396.54,4.144,1,1,0
345,1,1,1,3.54,1,15.9585,1.0026,187.64,2.566,1,1,1
1286,1,1,1,1.85,1,4.0587,3.7431,11348.51,3.9433,1,1,0
945,1,1,1,27.8,7,0.162,0.2073,31274.66,3.6456,2,1,0
160,2,1,0,4.31,1,8.0165,6.9566,626.6,3.7228,1,1,0
67,2,1,1,3.29,1,13.8456,11.3064,3841.92,3.2663,1,1,0
1484,1,1,1,8.16,5,1.593,0.8498,20266.48,4.4528,1,1,1
122,2,1,1,6.61,1,5.6629,7.736,3738.91,3.5873,1,1,0
481,1,1,1,13.36,4,1.7454,1.9122,51822.83,4.1622,1,1,0
487,1,1,1,6.5,1,3.6013,6.0067,40831.13,3.8006,1,1,0
40,2,2,1,34.49,10,0.2347,0.0532,4.0,1.9524,2,9,1
80,1,2,1,7.54,2,24.9026,27.1738,20063.76,3.5301,1,3,0
284,2,1,1,4.04,1,5.5266,3.7572,756.48,2.7288,1,1,0
1218,1,1,1,2.61,2,3.2598,4.1154,12347.41,3.945,1,1,0
52,2,1,1,6.93,1,3.9121,5.6765,1862.55,3.1397,1,1,0
210,1,2,1,18.81,5,0.7333,0.1171,261.61,2.8893,1,1,1
251,1,1,1,5.81,2,10.6892,11.6803,19853.87,4.5077,1,1,0
841,1,1,1,3.33,3,0.3099,0.4235,19741.9,3.4878,1,3,0
148,2,1,1,24.69,4,18.4689,18.9997,4140.73,3.8264,1,1,0
731,1,2,0,3.19,1,0.5694,0.7142,29087.32,4.1856,1,1,0
1310,1,1,1,17.79,4,1.2631,1.521,25092.21,3.9551,1,1,0
885,1,1,1,6.54,1,0.2342,0.2315,49017.07,3.8204,2,1,0
1052,1,1,1,1.96,1,13.8229,13.7785,11858.28,4.0541,1,1,0
138,1,1,1,23.29,5,0.5318,0.0996,933.9,3.067,1,1,1
196,2,1,1,1.08,1,0.7328,0.686,1046.14,4.4629,1,1,0
85,1,2,1,19.68,5,8.0698,10.8871,53195.13,4.4499,1,1,0
363,1,2,1,9.44,9,2.8257,2.5952,69021.57,4.2171,1,1,1
78,2,1,1,30.71,5,0.2975,0.2596,3914.2,2.2562,1,1,0
438,2,1,1,1.2,3,1.2859,1.2023,464.43,4.251,1,1,0
1082,1,1,1,5.75,4,1.9146,1.7235,23055.33,3.7557,1,1,1
40,2,3,1,38.24,10,0.052,0.0069,0.0,2.2248,3,7,1
215,1,2,1,18.39,6,0.138,0.036,121.32,3.0842,1,1,1
1356,1,1,0,4.59,4,15.77,18.7748,32147.28,4.0228,1,2,0
167,1,2,1,18.78,2,3.605,4.2733,15576.63,4.0468,1,1,0
479,1,1,1,1.2,1,0.3124,0.3467,1330.58,2.7222,1,1,0
1442,1,1,1,10.57,2,1.216,0.7298,14517.46,3.999,1,1,0
232,1,2,1,21.14,2,10.8006,14.7434,44282.21,3.6989,2,1,0
331,1,1,1,2.57,1,4.6475,5.8036,44562.28,4.2229,1,2,0
282,1,1,1,3.81,1,5.4719,8.1647,5608.01,4.2959,1,1,0
455,1,1,1,29.8,3,1.389,1.791,31638.62,4.2112,1,1,0
336,1,1,1,5.64,3,11.3356,19.1172,24764.62,3.886,1,1,0
1438,1,1,1,4.75,1,2.8007,4.7613,21286.84,4.5176,1,1,0
276,1,1,1,3.74,1,7.2831,1.9098,170.11,3.5024,1,1,1
96,1,1,1,24.86,15,1.1039,0.1725,142.98,3.0292,1,1,1
1166,1,1,1,7.34,1,3.3462,1.965,50485.64,5.0557,1,1,1
88,1,1,1,26.75,7,7.3321,9.4395,160.35,3.0852,1,1,0
363,1,1,1,9.71,1,8.36,0.5715,115.91,3.561,1,1,1
465,1,1,1,19.0,9,1.5749,1.1291,33731.92,3.8486,2,1,0
40,1,1,1,41.06,11,0.1172,0.0252,4.0,2.8634,4,13,1
304,1,2,1,7.2,4,4.0454,1.412,58084.89,4.9379,1,1,1
1031,1,2,1,5.3,1,3.5912,5.6412,28725.82,4.3162,1,1,0
100,1,1,1,2.36,1,0.2986,0.2013,6512.24,3.3741,1,1,0
218,2,1,1,3.33,3,9.9365,9.521,2028.78,3.3849,1,1,0
52,1,1,1,35.46,10,0.4627,0.0106,0.0,2.3745,6,11,1
1210,1,2,1,27.05,4,0.4969,0.269,4006.94,4.6348,1,1,1
405,1,2,1,16.75,4,0.6392,0.5473,51565.26,4.0177,1,1,0
302,2,1,1,3.75,1,0.7518,0.6395,8686.04,3.3015,1,1,0
1274,1,1,1,25.31,5,0.0771,0.0797,51817.26,3.7875,1,1,0
52,3,3,1,28.95,8,0.0558,0.0063,16.0,2.8161,3,8,1
378,1,1,1,2.73,1,4.6691,3.3502,19532.42,4.6024,1,1,0
64,1,3,1,14.6,3,4.1358,0.2854,4.0,2.2549,3,11,1
202,2,1,1,4.48,1,0.4993,0.5748,1677.04,3.6298,1,1,0
1337,1,2,1,5.24,2,0.2437,0.1103,45419.43,4.3702,1,1,1
378,2,1,1,5.73,1,1.6729,1.9433,1924.57,3.3964,1,1,0
527,1,1,1,4.92,3,13.7404,23.1126,48483.28,4.2221,1,1,0
222,1,1,1,3.53,1,6.0037,7.3623,16556.61,3.2785,1,3,0
64,1,2,1,40.77,5,0.1695,0.0165,0.0,2.882,4,25,1
67,1,2,1,16.95,3,2.7815,3.5539,83032.08,4.611,1,1,0
284,1,1,1,5.61,1,23.7451,20.3646,23338.42,3.5443,1,1,0
754,1,1,1,4.68,1,0.265,0.468,38509.45,4.3256,1,1,0
246,1,1,1,32.28,8,0.4444,0.1233,454.53,2.9987,1,1,1
82,1,1,1,9.77,1,25.4377,33.2149,27297.11,3.1286,1,1,0
238,1,1,1,20.61,7,0.6018,0.1033,246.86,3.316,1,1,1
88,1,1,1,5.14,2,18.256,29.3226,13282.32,3.2198,1,1,0
71,1,1,1,3.54,1,0.9122,0.7021,2439.43,3.0219,1,1,0
53,1,1,1,10.06,2,10.1942,13.5311,28992.91,3.5105,1,1,0
370,1,1,1,3.32,3,4.6938,5.0377,14225.7,3.6453,1,1,0
380,1,1,1,22.25,4,0.8437,0.077,339.5,3.3771,1,1,1
217,1,1,1,3.06,3,11.7348,17.8825,33044.08,3.9248,1,1,0
405,1,1,1,16.86,6,1.5898,1.1734,48212.07,3.6529,1,1,0
830,1,1,1,8.45,2,0.2323,0.1003,42161.78,4.8337,1,1,1
113,2,1,1,2.46,1,19.9997,20.9903,2184.33,3.6676,1,1,0
115,1,1,1,7.5,6,2.8843,2.2404,34837.94,3.8874,1,1,0
104,1,2,1,14.66,2,8.3465,1.996,392.76,3.0868,1,1,1
104,1,1,1,32.77,3,0.7098,0.1137,574.24,3.425,1,1,1
47,1,1,1,7.77,3,2.8314,2.1704,18637.64,4.7279,1,2,0
955,1,1,1,24.13,9,0.2079,0.1667,32451.91,4.876,1,1,0
372,1,2,1,7.16,1,2.2508,1.0921,35891.33,4.7595,1,1,1
726,1,1,1,19.41,3,0.8343,0.3976,13511.23,3.149,2,1,0
101,2,1,1,1.36,4,11.9793,13.9681,3069.52,2.8851,1,1,0
885,1,1,1,16.92,2,4.3669,4.5498,36263.27,3.4277,1,1,0
436,1,1,1,3.95,2,7.8034,10.3326,2634.8,2.7707,1,1,0
81,1,1,1,2.56,1,11.4883,18.326,21413.33,4.6307,1,1,0
184,1,2,1,8.28,1,2.0775,1.5529,34813.77,3.6522,1,1,0
43,1,1,1,10.28,4,3.1177,4.3686,10431.61,3.868,1,1,0
1262,1,1,1,16.26,1,0.1156,0.1021,11889.93,4.1048,1,1,0
327,1,1,1,6.67,3,0.2432,0.1494,36474.46,4.8882,1,1,1
102,2,1,1,34.16,6,1.3141,1.0711,1675.95,3.9448,1,1,0
40,1,1,1,10.39,1,9.888,14.8605,18389.47,4.1862,1,1,0
102,1,2,1,43.24,7,1.1442,0.1234,1099.78,3.4309,1,1,1
165,1,1,1,2.41,2,1.1357,1.7889,24351.21,3.7285,1,1,0
779,1,1,1,13.6,2,4.7945,5.1842,43019.82,4.4339,2,1,1
526,1,1,1,3.91,2,2.9902,2.6783,13266.2,3.8556,1,1,0
52,1,1,1,4.43,1,6.0315,1.2562,16.0,2.9352,2,19,1
345,1,2,1,24.08,11,0.4466,0.0828,118.79,4.0758,1,1,1
1153,1,1,1,11.65,7,4.7019,2.1219,44679.88,3.9363,1,1,0
828,1,1,1,2.99,2,8.878,12.7982,16496.18,4.0787,1,3,0
384,2,1,1,41.6,4,6.1922,3.6562,1095.02,3.4661,1,1,0
313,1,2,1,28.01,10,0.7472,0.2212,822.43,3.5272,1,1,1
994,1,1,1,3.46,1,7.5394,8.0133,22448.83,4.2373,1,1,0
813,1,1,1,5.95,2,2.7961,2.7321,12464.79,4.0766,1,1,0
272,1,1,1,5.69,1,7.8447,10.2853,2244.91,2.7743,1,1,0
392,2,1,1,1.99,2,0.7729,0.7527,1314.29,3.074,1,1,0
1261,1,2,1,16.23,6,6.6785,7.9196,64153.84,4.1176,1,1,0
88,1,1,1,17.58,6,7.0026,6.7462,2422.63,2.0,1,1,0
82,2,1,1,1.59,1,1.6712,1.4484,1005.88,3.0535,1,1,0
136,1,1,1,4.88,2,13.899,3.1593,506.23,3.0143,1,1,1
60,1,3,1,20.52,1,12.1014,2.5517,16.0,2.2942,5,11,1
401,2,1,1,3.09,1,3.3736,3.3812,1866.78,3.4339,1,1,0
470,1,1,1,14.42,2,3.9878,2.7327,74020.61,4.0437,2,1,1
130,1,1,1,14.02,4,9.4152,6.7221,36198.84,4.5692,1,2,0
42,1,1,1,6.97,3,1.6891,2.3559,21763.81,4.4284,2,2,0
430,1,2,1,5.64,1,4.8602,5.4357,58194.68,4.3886,1,2,1
91,2,1,1,2.43,1,1.1496,0.7355,2911.77,3.4235,1,1,0
182,1,1,1,27.78,7,3.0911,3.451,1982.67,3.2001,1,1,0
359,1,1,1,4.69,1,13.7136,3.184,2228.33,3.2513,1,1,1
84,1,1,1,1.99,2,11.9391,16.9467,6547.31,2.9119,1,1,0
423,1,1,1,2.16,1,1.0153,1.0379,2510.91,3.7023,1,1,0
314,1,1,1,7.59,3,0.2309,0.1543,38054.55,3.2045,1,1,1
94,1,1,1,5.1,2,7.2343,10.4055,21042.44,4.2385,1,1,0
60,1,2,1,3.77,1,1.355,1.4805,20421.8,3.7595,1,1,0
83,1,1,1,5.0,4,11.3498,11.3781,26405.51,3.9918,1,2,0
493,2,1,1,1.53,1,1.1744,0.6928,3955.55,2.8128,1,1,0
469,1,1,1,15.33,6,3.8012,2.8304,54357.3,4.0227,1,1,0
64,1,2,1,4.39,1,6.4536,0.7582,0.0,2.0711,4,14,1
1241,1,1,1,28.16,3,1.2151,0.3848,5389.94,4.3461,1,1,1
62,1,1,1,4.12,2,1.4654,1.1532,19134.1,4.3007,1,1,0
373,1,2,1,29.72,5,0.3939,0.1047,256.58,3.3409,1,1,1
862,1,1,1,9.5,1,4.078,2.7992,58834.36,4.1143,1,1,1
172,1,2,1,4.72,2,4.4611,2.7061,4117.36,3.7109,1,1,0
91,1,1,1,3.06,3,0.4804,0.5002,25658.53,3.8528,1,1,0
155,1,1,1,2.54,1,10.7721,10.9707,42261.23,3.8462,1,1,0
552,1,1,1,9.09,4,1.4073,0.8571,71714.16,3.7363,1,1,0
92,1,1,1,7.36,1,11.7095,7.4767,20254.79,4.0645,1,1,0
382,1,1,1,4.29,5,0.8277,0.565,52140.87,3.6452,1,1,1
194,2,1,1,2.83,2,12.0671,7.8524,2816.97,3.3693,1,1,0
538,1,1,1,3.21,3,9.0459,13.4584,35433.41,2.8942,1,1,0
551,1,1,1,6.47,3,0.6522,0.7781,25698.4,4.178,1,2,1
306,1,1,1,22.15,3,2.7208,2.757,48503.54,4.423,1,1,0
117,1,1,1,6.08,1,10.7874,14.1287,33427.66,3.7218,1,1,0
1236,1,2,1,27.8,9,1.472,0.5817,5110.79,4.8733,1,1,1
257,2,1,1,1.32,1,7.7252,8.527,1078.72,2.4888,1,1,0
218,1,2,1,3.8,3,12.6745,1.891,544.21,3.8873,1,1,1
1261,1,1,1,14.61,4,2.2537,1.8239,38582.59,4.0547,1,1,0
684,1,1,1,13.79,8,2.8174,2.5069,52455.39,4.1972,1,1,0
50,1,1,1,7.35,1,5.9077,7.1842,25692.88,3.485,1,1,0
90,1,1,1,9.32,1,9.8204,2.1987,604.86,3.3524,1,1,1
76,1,1,1,6.99,1,12.239,15.2085,49982.56,4.7824,1,1,0
102,2,1,1,1.94,1,5.0865,5.6524,2860.98,3.5435,1,1,0
130,1,1,1,23.67,4,0.7362,0.1893,494.5,3.3233,1,1,1
1429,1,1,1,6.73,2,0.3169,0.5517,23260.51,3.5094,1,1,0
155,1,2,1,21.92,8,0.1082,0.015,1301.53,3.1418,1,1,1
44,1,3,1,36.42,5,0.2048,0.0401,4.0,2.3553,4,17,1
105,1,1,1,4.62,1,2.1651,3.3054,38822.48,3.7274,1,1,0
60,1,1,1,31.4,9,0.3339,0.031,4.0,2.4368,2,9,1
87,1,1,1,4.1,3,7.2049,5.7617,13542.54,4.205,1,1,0
80,1,1,1,20.33,6,0.3064,0.1281,26468.04,3.9238,1,1,0
70,2,1,1,2.45,2,19.7505,18.6613,2000.34,3.7811,1,1,0
52,1,1,1,37.58,8,0.057,0.0013,4.0,2.4253,6,17,1
153,1,1,1,2.96,2,3.097,3.2993,10743.74,3.435,1,1,0
429,1,1,1,2.2,1,0.3297,0.4762,1036.74,2.9811,1,1,0
80,1,1,1,5.15,1,0.1442,0.1081,18070.49,3.8969,1,1,0
197,1,1,1,6.71,1,7.0075,8.0241,21067.91,4.1257,1,3,0
109,1,1,1,8.65,1,10.0386,13.7495,24438.61,4.1873,1,3,0
291,2,1,0,3.69,2,0.2172,0.2301,1391.73,2.6264,1,1,0
193,2,1,1,17.31,5,14.6014,16.1498,1282.22,3.4654,1,1,0
40,1,1,1,5.7,2,14.7864,10.1769,24491.43,4.1756,1,1,0
567,1,1,1,7.59,2,0.4454,0.1655,23409.7,5.0069,1,1,1
293,1,1,1,24.52,4,0.9649,0.2191,1059.26,3.2481,1,1,1
178,1,1,1,3.74,3,8.5483,6.5731,1934.55,3.7132,1,1,0
52,1,1,1,29.89,5,0.2782,0.06,0.0,1.9643,3,12,1
102,2,1,1,34.0,6,4.7331,3.3825,844.47,4.3111,1,1,0
153,1,1,1,7.45,1,0.284,0.3793,24849.33,4.1089,1,1,0
57,2,1,1,3.14,1,7.5989,10.2992,1714.51,2.849,1,1,0
1298,1,1,1,5.55,3,11.3425,8.5407,15681.89,3.6501,1,1,0
488,1,2,1,16.2,1,7.5166,5.4977,40796.13,4.9478,1,2,1
92,1,1,1,37.69,8,1.0672,0.2082,949.28,3.2252,1,1,1
310,1,1,1,6.95,1,0.8836,0.7026,16898.11,4.5532,1,1,0
364,1,2,1,25.27,7,0.3242,0.0162,384.79,3.2212,1,1,1
1195,1,1,1,9.58,2,11.5451,7.6966,24700.72,3.3451,1,1,0
118,2,1,1,1.48,1,16.0803,11.6184,3615.52,3.0612,1,1,0
79,1,1,1,5.31,1,12.1578,11.8368,23726.89,3.724,1,1,0
860,1,2,1,4.45,3,0.6859,0.8965,20475.54,4.0662,1,1,0
1246,1,1,1,12.21,2,7.7414,6.3929,80386.36,3.8801,1,1,1
993,1,1,1,4.66,1,8.4034,11.4986,27630.33,4.087,1,1,0
109,1,1,1,5.55,3,1.3287,1.6819,28537.43,3.9735,1,1,0
334,1,1,1,14.38,4,0.6094,0.7202,24930.0,3.9214,1,1,1
47,1,2,1,2.87,2,2.0313,3.2183,31226.24,3.8563,1,2,0
128,2,1,1,19.08,6,1.4247,1.1997,8509.47,3.5261,1,1,0
938,1,1,1,4.4,2,3.3153,4.9042,35529.78,4.0779,1,1,0
396,2,1,1,5.1,1,11.9462,14.0599,3363.58,3.7338,1,1,0
70,2,1,1,5.91,1,11.0884,12.4138,9938.62,3.963,1,1,0
1222,1,3,1,35.33,9,0.6672,0.3735,3604.03,5.2378,1,1,1
302,2,1,1,3.38,4,11.0119,15.8129,1449.52,3.0349,1,1,0
463,2,1,0,2.19,1,4.4893,4.1185,384.72,3.2115,1,1,0
881,1,1,1,5.66,1,5.3266,8.9227,62799.37,4.3611,2,1,0
98,1,2,1,14.12,2,0.7635,0.635,8208.15,4.6814,1,1,0
108,1,1,1,4.1,4,6.7463,6.5192,32614.98,3.8488,1,1,0
1254,1,1,1,12.42,1,23.6,19.6905,38125.69,4.6996,2,3,0
447,1,1,1,2.62,2,2.7777,3.8277,24802.46,3.8046,1,1,0
497,1,1,1,5.3,1,18.4495,15.2216,5184.27,3.6091,1,1,0
575,1,2,1,21.56,5,3.7312,4.9903,56369.54,3.6478,1,1,0
223,1,2,1,2.87,1,3.5338,6.1373,7291.35,4.7285,1,1,0
356,1,1,1,21.25,9,4.9018,5.9519,64341.55,3.7197,1,1,0
75,2,1,1,4.74,1,0.2969,0.4346,1546.58,2.9941,1,1,0
68,1,1,1,3.17,1,0.6944,0.7734,17256.42,4.207,1,1,0
481,2,1,1,2.9,1,35.2065,51.197,2734.51,2.5713,1,1,0
1375,1,1,1,13.48,3,2.5071,2.2633,54366.01,3.3277,1,1,0
525,1,1,1,4.95,1,1.196,1.741,23934.24,3.8808,1,1,0
42,1,2,1,7.24,1,4.8889,8.7673,30419.2,3.4533,1,1,0
322,1,2,1,5.3,1,5.771,4.6131,55824.5,4.1699,1,1,1
1400,1,2,1,21.78,5,2.2066,2.3737,24047.77,4.3201,1,1,0
64,1,2,1,14.8,1,11.2989,2.5998,16.0,1.8536,5,18,1
57,1,1,1,5.68,2,2.0504,3.5269,29595.89,4.5861,1,1,0
1486,1,1,1,25.47,3,1.5076,0.4072,3045.79,4.6801,1,1,1
845,1,1,1,10.07,2,1.7023,1.8315,33661.35,3.8069,1,1,0
496,2,1,1,1.14,1,0.2774,0.3594,978.76,3.2011,1,1,0
98,1,1,1,6.29,2,6.9283,8.7127,27138.24,3.6583,1,1,0
501,1,2,1,3.63,2,1.1387,0.7479,4770.03,4.4732,1,1,0
72,1,1,1,7.63,1,0.2081,0.3221,15155.78,3.3498,1,1,0
579,1,1,1,26.75,5,1.0443,0.9799,62436.49,4.2026,1,1,0
447,2,1,0,4.4,1,4.9312,3.1918,5299.41,3.3303,1,1,0
561,1,2,1,6.99,1,0.7445,1.0975,15299.39,3.3105,1,1,0
279,1,1,1,16.46,4,0.9902,1.3452,26609.76,3.7268,1,1,0
1417,1,1,1,9.52,3,0.8451,0.7271,12820.57,4.2548,2,1,0
330,1,1,1,17.96,8,0.1635,0.0098,181.67,3.2357,1,1,1
74,1,1,1,12.83,1,2.9136,3.3698,22932.27,4.3851,1,1,0
95,2,1,0,19.66,6,6.2386,6.8067,611.07,3.1924,1,1,0
48,1,1,1,7.52,3,11.5201,15.7129,26780.93,3.4336,1,2,0
51,1,1,1,5.77,1,2.0047,1.2182,47711.97,3.5385,1,1,0
101,1,1,1,3.82,1,0.9223,0.5669,7525.44,4.4476,1,1,0
89,2,1,1,18.36,4,4.312,2.8852,7968.29,3.9933,1,1,0
332,1,1,1,6.78,6,6.1569,5.9381,17992.57,3.2246,1,1,0
1487,1,2,1,7.93,1,8.3516,3.4915,51497.66,4.8914,1,1,1
60,1,1,1,4.43,2,13.756,1.6796,16.0,2.4714,2,12,1
265,1,1,1,3.68,2,1.7492,2.2558,28540.48,4.1882,2,1,0
457,1,2,1,21.61,6,2.9558,2.4331,19840.35,4.7725,1,1,0
84,1,2,1,34.18,8,0.4832,0.0357,1262.81,2.6064,1,1,1
80,1,1,1,1.48,1,0.4754,0.3767,1607.65,3.8753,1,1,0
99,1,1,1,3.22,1,2.1351,3.1478,27885.12,3.7988,1,1,0
500,1,1,1,8.84,1,2.2721,3.8745,44431.95,3.9525,1,1,0
338,1,2,1,7.26,2,9.9531,1.3699,154.89,3.6699,1,1,1
101,2,1,1,2.79,4,2.842,4.1126,785.03,2.5954,1,1,0
183,2,1,1,29.99,4,4.9447,3.4873,3191.06,3.5314,1,1,0
182,1,2,1,2.13,3,14.5556,4.0574,52.86,3.0082,1,1,1
44,1,2,1,10.9,1,7.594,0.5342,0.0,2.5032,5,18,1
229,2,1,1,1.96,1,5.8046,7.1522,1700.06,4.5534,1,1,0
1344,1,3,1,20.97,9,1.3461,0.5368,2170.67,4.3566,1,1,1
356,1,1,1,9.42,3,8.3387,12.8388,46839.91,3.8552,1,1,0
710,1,1,1,10.66,3,0.3257,0.2853,13084.49,3.3216,2,1,0
88,1,1,1,5.56,2,4.2394,2.9059,6777.82,3.2887,1,1,0
361,1,2,1,17.92,9,0.3881,0.4202,37947.1,4.1013,1,1,0
110,1,2,1,6.11,1,16.2729,4.7384,762.28,3.8343,1,1,1
60,1,2,1,12.21,3,14.9474,2.9444,16.0,3.033,4,20,1
341,2,1,1,2.67,3,13.2449,10.2183,2800.92,4.2001,1,1,0
118,1,1,1,14.58,12,1.0115,0.2135,511.94,3.014,1,1,1
646,1,1,1,8.24,3,5.4701,4.4594,60996.96,4.0305,1,1,1
46,1,1,1,4.73,1,19.6645,23.868,4326.01,3.0534,1,3,0
513,1,1,1,17.38,1,5.8689,7.9852,24423.37,4.6687,2,1,0
316,1,1,1,11.72,3,5.665,2.6024,39436.44,3.4141,1,2,1
1267,1,2,1,23.07,7,0.6153,0.1261,3519.18,4.8683,1,1,1
90,1,1,1,4.8,1,9.6832,8.4671,24120.85,3.5423,1,1,0
1486,1,1,1,6.05,4,4.0284,4.7162,39624.05,4.2767,1,1,1
62,2,1,1,46.27,8,13.3868,17.031,4741.88,3.4946,1,1,0
88,1,1,1,5.9,2,2.2711,2.8357,422.74,2.9137,1,1,0
179,1,1,1,4.3,2,11.5701,15.5149,2720.62,3.4745,1,1,0
389,1,1,1,5.46,3,11.1921,11.5795,30136.85,3.2149,2,1,0
265,1,1,1,3.12,1,7.4152,8.9411,4493.32,3.6456,1,1,0
369,1,1,1,10.9,7,8.1471,10.3147,52865.69,4.0706,1,1,0
173,1,1,1,18.99,5,3.0813,3.0792,58242.75,3.7481,1,1,0
149,1,1,1,27.21,3,0.7879,0.1123,251.86,3.002,1,1,1
58,1,1,1,6.29,3,11.1709,16.468,24998.97,3.3825,1,1,0
1101,1,1,1,22.04,1,12.6235,16.1308,64099.63,3.5974,1,1,0
217,1,2,1,17.91,2,5.2029,6.0355,56522.02,4.015,1,1,0
273,1,1,1,5.73,1,8.6551,11.0543,43435.36,4.2391,1,1,0
47,1,1,1,6.55,1,2.7269,4.028,16003.09,3.7117,1,1,0
1308,1,1,1,34.56,5,0.8272,0.2947,1006.07,5.0111,1,1,1
139,1,1,1,20.1,5,2.7448,2.626,71291.99,4.4044,1,1,0
44,1,1,1,5.87,1,5.2805,3.396,68109.06,3.0097,1,1,0
320,1,2,1,3.26,1,13.8132,13.3343,31496.32,3.3004,1,1,0
369,1,1,1,20.02,5,0.8333,0.1392,695.06,3.0077,1,1,1
321,1,2,1,35.86,7,0.7496,0.216,1228.25,3.8416,1,1,1
326,2,1,1,14.78,5,3.9472,5.5313,8507.56,3.087,1,1,0
942,1,1,1,2.87,2,1.9521,3.293,15639.36,3.4831,1,1,0
60,2,1,1,5.79,1,5.7427,0.619,16.0,2.4643,2,12,1
171,1,2,1,33.58,1,9.617,12.1392,33538.76,3.7187,1,1,0
1136,1,1,1,34.59,6,0.3412,0.1558,3365.62,5.213,1,1,1
734,1,1,1,17.55,2,2.7948,3.64,20479.95,3.8871,1,1,0
126,2,1,1,2.76,2,0.5947,0.3365,852.98,4.2787,1,1,0
1443,1,1,1,9.87,2,1.6448,1.6801,19694.35,4.1124,1,1,0
268,1,1,1,3.4,2,9.3511,6.6652,14267.99,4.4233,1,1,0
120,1,1,1,4.34,1,1.4636,1.0413,14063.51,4.076,1,2,0
506,1,1,1,19.05,5,3.0991,2.1327,64589.77,3.7408,1,1,0
366,2,1,1,5.64,1,12.0737,17.46,108.99,3.8583,1,1,0
370,1,1,1,27.84,3,1.1,0.144,854.32,2.2542,1,1,1
106,1,2,1,3.19,1,9.0597,0.9601,482.87,3.2638,1,1,1
368,1,1,1,9.51,3,3.4974,2.4294,38976.93,4.1453,1,1,1
55,2,1,1,30.48,8,12.7709,7.6415,434.57,2.9533,1,1,0
1235,1,2,1,9.55,3,2.5018,1.0827,14735.11,3.931,1,1,1
40,1,2,1,65.87,13,0.1046,0.0166,16.0,2.4302,4,13,1
374,1,2,1,6.16,1,10.9364,3.171,224.34,3.7992,1,1,1
89,1,1,1,6.91,3,12.0114,17.6535,4711.77,4.1528,1,1,0
73,1,1,1,5.47,1,11.5172,20.0088,18298.33,3.7027,1,1,0
975,1,1,1,2.28,2,4.861,3.402,15337.2,3.1019,1,1,0
60,1,2,1,5.04,3,10.4045,2.2664,16.0,2.5652,2,15,1
97,1,2,1,2.5,2,6.0754,0.8778,275.24,3.3263,1,1,1
1162,1,1,1,8.22,2,3.1019,1.9205,65337.91,5.0211,1,1,1
1321,1,1,1,11.92,5,6.1911,8.5773,23640.08,3.0005,1,1,0
1362,1,1,0,6.24,1,0.4053,0.5956,24756.97,3.4479,1,1,0
765,1,2,1,5.99,2,1.9144,2.0948,66467.44,4.4509,1,1,1
60,1,3,1,6.09,1,11.8243,1.6689,0.0,1.5632,6,25,1
845,1,1,1,7.26,3,14.5658,11.1133,36482.24,4.3511,1,1,0
113,1,2,1,4.65,4,0.5608,0.8763,56159.81,4.1234,1,1,0
880,1,1,1,10.75,2,1.2277,1.3963,110362.3,3.5512,1,1,0
457,2,1,1,41.06,4,8.5509,9.893,2123.59,3.288,1,1,0
1184,1,3,1,23.15,7,1.3857,0.5577,12999.62,4.769,1,1,1
171,2,1,1,34.25,2,0.7301,0.8082,644.0,3.7425,1,1,0
262,2,1,1,3.77,1,5.2523,6.9765,1547.06,3.4131,1,1,0
78,1,2,1,8.21,2,8.1999,12.58,24811.09,4.3558,1,1,0
1153,1,1,1,10.1,3,5.0948,7.2685,21612.43,4.4304,1,1,0
59,1,1,1,11.9,1,0.9101,1.0105,13692.64,4.5701,1,1,0
1246,1,1,1,24.12,3,6.0156,6.1557,67713.68,4.0289,1,1,0
1118,1,1,1,7.85,1,0.2163,0.082,63793.1,4.1781,1,1,1
91,1,1,1,8.08,1,2.527,2.3049,19860.27,3.601,1,1,0
210,2,1,0,2.06,1,3.4896,4.5769,9022.0,2.4398,1,1,0
219,1,1,1,17.39,3,1.1608,0.2025,275.32,3.6825,1,1,1
174,1,1,1,13.7,1,1.6981,1.8986,119663.52,3.7451,1,1,0
78,1,1,1,22.01,4,0.6238,0.1601,182.62,3.4579,1,1,1
647,1,1,1,24.79,4,1.8275,1.5723,47315.97,4.5402,1,1,0
390,1,1,1,14.91,3,3.9476,3.1876,16920.8,3.7479,2,1,1
849,1,1,1,1.75,1,2.0916,1.3885,21289.5,4.1667,1,1,0
661,1,1,1,27.83,1,0.2636,0.3038,32937.15,3.6693,1,1,0
920,1,2,1,24.28,6,3.9211,4.1586,36808.25,3.4728,1,2,0
1313,1,3,1,24.85,4,1.4453,0.5663,3276.17,5.2474,1,1,1
326,1,1,1,20.67,4,10.3767,13.6767,91915.42,4.1972,1,1,0
183,1,1,1,16.36,5,0.1883,0.0543,115.56,3.2351,1,1,1
105,1,1,1,2.65,2,12.2441,1.2978,428.99,2.6752,1,1,1
469,1,2,1,16.13,6,2.2163,2.5853,40458.89,3.6862,1,1,0
105,2,1,1,2.25,1,7.3211,6.8932,525.18,4.2449,1,1,0
1244,1,2,1,5.51,2,3.7576,3.2409,48964.72,4.0466,1,1,1
156,1,2,1,8.48,1,7.0273,0.3586,719.97,3.0552,1,1,1
251,1,1,1,8.25,1,0.1225,0.1517,20003.21,4.4954,1,1,0
416,1,1,1,37.38,6,1.5006,1.8191,62735.11,4.7773,1,1,0
64,2,1,1,7.04,1,0.344,0.4592,3563.45,3.2031,1,1,0
330,1,1,1,2.61,1,0.9038,1.019,2133.2,3.8603,1,1,0
50,1,2,1,5.77,3,1.8613,1.925,14297.7,3.8333,1,1,0
946,1,1,1,26.7,8,6.5444,4.2671,28599.5,4.084,1,1,0
199,2,1,1,33.39,2,4.1131,5.9487,2464.59,2.9838,1,1,0
51,1,1,1,3.51,2,14.2839,18.5994,33269.17,4.0863,1,1,0
259,1,2,1,15.27,5,1.0129,0.1578,229.46,3.6974,1,1,1
1229,1,1,1,21.44,5,0.5937,0.8205,40165.19,4.8079,2,1,0
93,1,1,1,1.86,1,3.3184,2.5524,213.84,3.4602,1,1,0
76,1,1,1,21.24,5,9.2859,4.7767,1614.3,3.1443,1,1,0
171,1,1,1,10.33,7,14.0439,19.3969,12848.53,3.7663,1,1,0
50,1,1,1,1.47,2,4.5481,4.3859,5330.42,3.2405,1,1,0
225,1,1,1,21.95,8,1.1061,0.1078,483.58,3.6958,1,1,1
273,1,1,1,12.34,2,16.3556,4.1992,815.02,3.1021,1,1,1
450,2,1,1,2.55,1,0.3473,0.3116,515.34,3.3629,1,1,0
48,1,1,1,2.8,1,7.1809,6.0985,4364.16,3.4113,1,1,0
456,2,1,0,4.28,4,3.592,1.885,106.61,3.1873,1,1,0
338,2,1,1,5.37,2,13.215,7.5994,2839.48,3.815,1,1,0
105,1,2,1,3.56,1,7.867,5.295,16569.08,3.6613,1,1,0
89,1,1,1,2.84,1,4.289,7.3206,41371.53,3.7532,1,1,0
542,1,1,1,4.74,3,8.4421,12.8805,19935.52,4.1045,1,1,0
949,1,1,1,2.76,2,3.9202,5.4659,34023.5,4.2172,1,2,0
44,1,2,1,7.43,1,8.7282,1.0152,4.0,2.5344,2,13,1
210,1,2,1,2.79,2,1.2711,2.0785,31288.3,3.1547,1,1,0
146,1,1,1,3.71,1,18.8146,24.8579,2660.48,3.0619,1,1,0
1226,1,1,1,7.0,2,2.7732,1.2256,50078.06,4.3408,1,1,1
40,1,3,1,49.65,8,0.1693,0.0411,0.0,2.7797,6,16,1
259,1,1,1,4.52,2,1.9784,1.6586,43472.91,4.0852,1,1,0
349,2,1,1,1.59,1,1.8794,2.4699,3650.29,3.4111,1,1,0
229,1,2,1,29.11,5,0.7743,0.1865,986.7,3.3929,1,1,1
1380,1,1,1,17.63,5,0.5303,0.1895,2262.41,4.2793,1,1,1
242,1,1,1,1.88,1,26.9941,32.6634,6393.29,3.6224,1,1,0
44,1,1,1,40.58,6,0.3875,0.0194,4.0,1.6063,4,24,1
200,2,1,1,21.1,2,5.4516,2.7874,2111.31,3.3509,1,1,0
646,1,1,1,25.31,4,1.5469,0.8967,57456.37,4.1364,1,1,0
91,1,1,1,1.46,1,12.2419,16.8093,16661.01,4.1706,1,3,0
364,1,1,1,2.43,2,9.5385,16.1151,27394.8,3.8586,1,2,0
95,1,1,1,11.3,1,3.5152,2.4828,28239.43,3.2355,1,1,0
127,2,1,1,4.85,1,4.131,4.3451,3957.25,3.3927,1,1,0
1187,1,1,1,8.35,2,0.9513,0.8462,26357.18,4.1117,2,1,1
46,1,1,1,6.26,1,6.0231,10.6928,13631.24,3.8649,1,1,0
76,1,1,1,2.06,1,21.9273,19.2251,13562.61,4.3735,2,1,0
937,1,1,1,11.91,1,0.4966,0.3926,32489.25,4.1981,1,1,0
1320,1,3,1,24.82,6,0.8774,0.4713,5935.39,5.0378,1,1,1
1432,1,1,1,5.89,4,2.4351,2.4579,13127.85,4.1486,1,1,0
886,1,2,1,9.61,1,1.8391,1.0947,22565.23,4.7662,1,1,1
222,2,1,1,1.15,2,0.5466,0.7191,250.59,3.3924,1,1,0
280,2,1,1,2.39,1,2.6215,1.4739,4416.17,3.1153,1,1,0
1233,1,2,1,9.46,4,4.1409,2.0293,72932.53,4.0346,1,1,1
746,1,1,1,4.49,3,3.9656,5.4308,37506.02,4.2418,1,1,0
815,1,1,1,7.63,1,0.8185,1.0897,23585.42,3.415,1,1,0
233,1,1,1,27.82,6,0.9468,0.1668,644.02,3.5761,1,1,1
508,1,2,1,13.6,4,3.5171,3.8838,37069.28,4.2279,1,1,0
238,2,1,1,7.81,1,15.4266,20.4071,583.32,4.1675,1,1,0
559,1,2,1,9.19,2,1.4904,2.0094,22961.22,3.7771,1,2,0
77,1,1,1,16.49,2,1.6143,1.8416,26358.13,4.0084,1,1,0
1269,1,1,1,3.65,1,4.9148,4.5652,38493.76,2.8875,1,1,0
155,1,1,1,3.02,1,1.7369,1.0923,14086.37,4.2746,1,2,0
211,1,1,1,28.31,3,5.0461,3.8416,5370.25,4.1141,1,1,0
117,1,2,1,2.75,1,0.2483,0.2238,18043.16,3.5512,1,3,0
1302,1,2,1,22.62,6,0.1148,0.0501,80926.5,3.7953,1,1,0
130,1,2,1,30.98,6,0.8075,0.2333,261.1,3.89,1,1,1
150,1,1,1,4.41,3,1.6303,1.0197,9739.81,3.9618,2,1,0
1284,1,3,1,23.54,5,1.0924,0.4925,1017.89,4.388,1,1,1
89,2,1,1,4.94,1,4.3465,2.4871,3640.74,4.276,1,1,0
356,1,1,1,19.04,3,21.3762,13.1101,7368.2,3.0627,1,1,0
102,1,1,1,7.74,1,3.1709,3.7396,7958.93,3.349,1,1,0
500,2,1,1,2.96,2,7.4225,7.3819,5638.59,3.5683,1,1,0
1304,1,1,1,23.44,2,0.5449,0.1313,6733.65,4.7273,1,1,1
257,1,1,1,24.77,1,0.785,0.5006,11426.91,3.8913,1,1,0
862,1,1,0,2.42,1,11.2117,7.9184,31165.51,3.5218,1,1,0
90,1,1,1,4.03,2,2.6057,2.6494,29273.48,3.4046,1,1,0
64,1,1,1,7.15,3,6.1322,10.1107,23099.43,2.412,1,1,0
1155,1,1,1,45.46,2,0.813,0.3071,5095.62,4.8813,1,1,1
64,1,3,1,40.84,9,0.4376,0.0929,4.0,2.1178,5,11,1
277,1,2,1,30.51,3,0.8072,0.0644,602.15,3.6419,1,1,1
1357,1,1,1,13.27,2,2.9324,3.9117,17304.57,4.0322,1,1,0
1081,1,1,1,4.54,1,2.468,1.6947,16499.73,3.1446,1,1,0
97,2,1,1,1.71,1,0.8116,0.6416,1111.0,3.5553,1,1,0
1053,1,1,1,5.01,3,4.5305,5.5996,10315.71,4.1724,1,3,0
248,1,2,1,3.63,2,11.9124,14.5147,39733.7,3.8999,1,1,0
355,1,1,1,6.44,2,11.3445,0.9412,85.26,3.4605,1,1,1
828,1,1,1,3.47,1,1.2144,0.8678,22892.29,4.5528,1,1,0
189,1,2,1,3.36,1,16.4455,3.091,357.75,3.6833,1,1,1
64,2,3,1,27.24,7,0.1738,0.0088,16.0,2.2477,6,14,1
226,2,1,1,3.59,2,0.5156,0.6099,2328.56,2.4813,1,1,0
1274,1,1,1,6.13,1,0.3136,0.2021,8176.45,4.3294,1,1,0
1297,1,1,1,5.87,2,23.4096,36.4414,19409.19,4.0533,1,1,0
530,1,1,1,5.51,1,3.3894,3.2337,13007.76,3.6031,1,1,0
93,1,1,1,3.4,1,7.7908,12.4858,31117.67,4.3708,1,1,0
214,2,1,1,4.15,1,7.6185,9.6243,4499.71,3.713,1,1,0
99,1,1,1,2.26,1,0.5996,0.5362,16521.29,3.7411,1,1,0
1014,1,1,1,17.33,4,6.6458,8.2128,17116.82,4.7021,1,1,0
307,1,1,1,38.13,5,0.1314,0.0103,1586.99,3.9114,1,1,1
1069,1,2,1,11.23,3,5.4494,3.2113,24419.78,4.6816,1,1,1
168,2,1,1,4.48,1,9.0789,8.6836,1719.82,3.1017,1,1,0
346,1,1,1,3.22,1,16.5004,0.9508,543.87,2.8736,1,1,1
69,1,1,1,7.46,2,6.333,8.6021,21251.0,4.2317,1,1,0
195,1,1,1,37.46,2,2.1721,1.4032,763.14,2.7857,1,1,0
1372,1,2,1,35.8,3,0.9731,0.1995,179.55,4.4989,1,1,1
917,1,1,1,8.57,2,0.5993,0.5802,8661.69,2.7264,1,3,0
230,1,2,1,21.11,4,1.1899,0.2789,676.26,3.7549,1,1,1
113,1,2,1,30.85,5,1.0666,0.1886,1009.98,3.374,1,1,1
107,1,1,1,8.04,1,7.0161,6.0244,47239.05,3.8207,1,3,0
521,1,1,1,2.07,2,11.6004,13.666,46711.36,3.7422,1,1,0
1354,1,1,1,4.4,1,6.8493,7.8109,44176.07,3.9565,1,1,0
187,1,1,1,4.03,1,13.3627,2.8321,500.45,3.3163,1,1,1
864,1,1,1,3.52,3,7.3467,6.9703,36165.14,4.3214,1,1,0
1355,1,2,1,21.07,5,1.5137,0.6314,9684.04,4.5744,1,1,1
1099,1,1,1,5.55,2,23.0742,38.0477,9495.75,4.2456,1,1,0
1387,1,1,1,5.48,1,3.262,3.1755,19294.2,3.117,1,1,0
539,1,1,1,3.13,1,10.6335,8.2738,32217.21,3.8009,1,1,0
120,2,1,1,2.06,1,3.9396,2.6552,5594.18,2.1948,1,1,0
112,1,2,1,6.09,4,8.7005,14.2637,20234.97,3.5949,1,1,0
98,1,1,1,3.2,1,5.0405,3.8185,1696.72,2.8751,1,1,0
103,2,1,1,1.57,2,5.7432,7.1798,5654.76,2.3054,1,1,0
389,1,1,1,4.7,4,2.0227,1.4892,17453.08,3.4885,1,1,0
57,2,1,1,2.15,2,17.9225,13.5953,757.8,2.472,1,1,0
253,1,1,1,23.6,8,1.0622,0.1232,307.58,2.834,1,1,1
102,1,1,1,2.39,1,4.8602,7.4291,11887.16,4.482,1,1,0
205,1,1,1,2.68,1,4.7475,3.4186,3254.74,3.4516,1,1,0
1321,1,1,1,12.43,1,10.9851,7.5161,30513.74,4.5612,2,1,1
402,1,1,1,6.96,1,15.5932,7.0431,82449.74,4.6325,1,1,1
420,2,1,1,4.5,1,3.8153,3.6552,4293.88,4.7668,1,1,0
221,2,1,1,2.46,1,16.4988,9.9739,4427.24,4.1774,1,1,0
488,1,1,1,5.59,2,1.3891,2.4183,17247.01,3.5542,1,1,0
1187,1,1,1,30.39,2,0.3119,0.168,7107.66,4.8625,1,1,1
456,1,1,1,9.26,3,1.4023,1.3698,32256.07,4.0357,1,1,0
399,1,1,1,17.61,5,5.3249,4.124,22491.68,3.9594,2,1,0
1094,1,2,1,5.1,3,0.8154,0.5375,14340.73,3.668,1,1,0
1038,1,1,1,6.44,2,21.7889,18.9858,15580.26,3.3865,1,2,0
51,1,1,1,3.93,3,3.907,2.1349,4190.69,2.4903,1,1,0
307,1,1,1,19.78,4,0.9766,1.19,64396.86,5.1776,1,1,0
68,1,1,1,8.78,1,14.6918,24.3861,30191.25,4.6879,1,1,0
64,1,3,1,39.44,11,0.385,0.0233,4.0,2.4729,6,7,1
1110,1,1,1,9.38,1,0.2229,0.3392,41664.5,3.6774,2,2,0
61,2,1,1,2.19,1,14.7145,11.8561,3813.96,3.5183,1,1,0
257,1,2,1,5.11,1,4.895,4.5304,24978.4,3.8787,1,1,0
268,1,1,1,2.74,1,10.8865,12.1394,688.03,3.9711,1,1,0
61,1,1,1,6.76,2,0.4561,0.7829,30899.48,3.5315,1,1,0
542,1,1,1,7.21,1,5.3405,7.5816,38726.76,4.4877,1,1,0
171,1,2,1,4.55,2,2.9768,5.2508,25140.61,3.9754,1,2,0
315,1,1,1,22.74,4,0.8473,0.1797,427.34,2.968,1,1,1
212,1,1,1,31.8,2,5.9026,3.127,2869.04,3.5239,1,1,0
785,1,2,1,16.98,3,2.8277,3.939,26357.0,3.8858,2,1,0
73,1,1,1,5.3,3,5.1127,7.7507,49514.73,4.0358,1,1,0
1239,1,3,1,31.58,4,1.2217,0.3487,10148.42,4.3259,1,1,1
190,1,1,1,4.16,1,0.4357,0.6047,9819.48,4.263,1,1,0
64,1,1,0,1.87,3,1.5716,1.4271,1296.39,3.565,1,1,0
44,1,2,1,35.08,10,0.4072,0.0353,16.0,2.69,5,19,1
1125,1,1,1,16.07,1,4.344,4.8349,33413.54,4.0398,1,1,0
112,1,1,1,4.26,4,1.0414,0.7283,8933.35,3.5185,1,1,0
182,2,1,1,34.24,3,19.3277,15.0207,1769.89,3.9266,1,1,0
282,1,1,1,34.43,5,0.1779,0.0225,501.96,3.0382,1,1,1
314,1,1,1,4.5,1,7.8291,8.3207,18614.36,3.997,2,1,0
80,1,1,1,7.14,1,3.8627,2.585,5360.47,4.3347,1,1,0
48,2,1,1,3.58,1,3.5901,2.9878,3094.27,2.5925,1,1,0
1033,1,3,1,26.47,2,0.9342,0.3678,4964.74,4.3352,1,1,1
60,1,1,1,3.48,1,11.8617,12.8608,28783.38,3.6707,1,1,0
64,1,2,1,50.95,7,0.4586,0.053,0.0,2.9032,4,12,1
723,1,1,1,4.78,3,4.701,3.6915,13800.49,3.8387,1,2,0
40,1,1,1,36.83,9,0.2462,0.0418,4.0,2.91,6,8,1
1433,1,1,1,2.91,2,4.8779,6.4234,19055.26,4.0171,1,3,0
1399,1,1,1,13.07,2,5.1086,5.7165,118704.48,4.9306,1,1,1
497,2,1,0,3.35,1,7.2411,10.5734,2759.95,3.9325,1,1,0
193,2,1,1,4.65,2,2.6465,2.5519,792.8,3.3939,1,1,0
59,1,1,1,8.39,1,0.6624,0.9157,46905.13,3.8202,1,1,0
114,1,1,1,3.73,3,10.2996,17.6791,22259.99,2.9565,1,1,0
315,1,1,1,23.64,4,0.4788,0.499,19106.29,4.3706,1,1,0
243,1,1,1,27.9,6,0.5205,0.0629,1144.21,3.0316,1,1,1
265,1,2,1,6.39,4,14.7066,16.8037,14660.77,3.6395,2,3,0
279,1,1,1,5.15,2,26.0541,23.877,17430.69,3.4384,1,1,0
211,2,1,1,24.46,6,0.2104,0.1257,269.88,2.8805,1,1,0
1271,1,1,1,7.85,2,4.8468,1.6057,60143.51,3.7986,1,2,1
474,1,1,1,5.81,1,1.2404,1.8221,21264.5,4.0861,2,1,0
385,1,1,1,25.53,3,1.6291,2.248,35278.79,3.544,1,1,0
857,1,1,1,14.58,1,0.5171,0.4912,89051.39,4.5065,1,2,1
1017,1,2,1,8.81,2,4.346,4.6867,18196.29,5.2922,1,1,1
1369,1,2,1,20.85,4,1.1819,0.2411,3661.11,4.4134,1,1,1
311,1,2,1,18.51,3,0.3863,0.0596,189.3,3.232,1,1,1
295,1,2,1,21.56,8,2.7877,2.5859,24406.08,3.7429,1,1,0
57,1,1,1,6.02,1,7.4938,11.0929,26796.57,4.0447,1,1,0
53,1,1,1,8.46,2,4.7923,7.8403,6796.69,3.3439,1,1,0
57,1,1,1,4.46,2,5.6249,8.9028,37369.87,3.6794,2,1,0
345,1,1,1,9.32,1,9.5042,2.7808,321.18,3.4368,1,1,1
93,1,2,1,5.23,1,5.0098,6.2797,31005.27,3.4084,1,1,0
40,1,2,0,53.09,15,0.4857,0.0299,16.0,2.1975,5,5,1
60,1,1,1,22.2,4,20.4138,14.6252,12034.98,3.3952,1,1,0
1452,1,2,1,16.05,1,9.4499,3.9906,50989.5,4.7806,1,1,1
64,1,1,1,2.08,1,2.109,3.3387,42654.43,3.1394,1,1,0
791,1,1,1,4.21,1,11.2419,11.8771,25698.14,4.7513,1,1,1
1347,1,1,1,6.51,1,24.087,8.8203,75642.81,4.3024,1,2,1
1251,1,2,1,37.69,6,1.2578,0.5856,4353.58,4.7497,1,1,1
59,2,1,1,20.38,4,9.2451,12.7024,4956.32,3.0953,1,1,0
1188,1,1,1,17.4,1,4.647,1.4231,16891.39,4.5551,1,1,1
141,1,1,1,19.85,8,2.3408,2.9055,1558.38,3.4403,1,1,0
291,1,1,0,2.29,2,4.2958,5.5892,13738.03,3.8935,1,1,0
1462,1,1,1,24.28,7,1.3268,0.7425,1352.22,4.7947,1,1,1
253,1,1,1,8.71,2,8.1074,6.2155,20799.35,4.1393,1,1,0
569,1,1,1,13.35,1,2.6143,2.8021,74611.94,4.1254,1,1,1
382,1,1,1,4.23,1,7.2327,6.5332,13138.86,3.6863,1,3,0
40,2,3,1,38.12,10,0.317,0.0715,0.0,1.7198,3,11,1
1090,1,1,1,31.07,3,0.7729,0.2958,3062.28,4.5854,1,1,1
769,1,1,1,11.37,4,0.7219,0.6505,66087.05,4.1317,1,1,1
289,2,1,1,4.65,2,11.4368,11.9816,3855.25,3.452,1,1,0
367,1,1,1,10.03,2,1.1443,0.9119,19025.86,3.6938,1,1,0
207,1,2,1,21.65,2,4.2637,4.7822,38392.87,4.0427,1,2,0
280,1,1,1,32.28,4,0.3207,0.0486,260.72,2.6929,1,1,1
868,1,1,1,7.16,4,7.4985,9.7144,13609.88,4.3033,1,1,0
84,1,1,1,8.08,3,2.7644,2.215,23449.4,3.4678,1,1,0
1290,1,1,1,16.28,2,1.1501,0.3456,56088.37,4.0175,1,2,1
246,1,1,1,11.52,6,0.9048,1.2014,47724.91,4.2236,1,1,0
1183,1,1,1,6.55,1,4.4637,2.6368,40760.26,5.1652,1,1,1
865,1,2,1,17.84,2,2.4025,1.475,42828.63,3.87,1,2,1
514,1,1,1,7.75,5,0.2562,0.2412,61836.66,3.3934,1,1,0
324,1,1,1,25.64,3,10.9329,9.8632,36863.63,4.254,1,1,0
674,1,2,1,21.13,4,1.2115,0.8515,48137.88,4.0377,1,1,0
279,1,2,1,27.15,6,0.3392,0.0388,866.04,3.1678,1,1,1
214,2,1,1,18.98,4,1.7763,0.9709,2386.12,3.2816,1,1,0
70,2,1,1,6.55,1,13.2179,11.7403,4292.52,2.9875,1,1,0
110,1,1,0,6.28,2,0.6391,0.7301,402.97,3.7559,1,1,0
862,1,2,1,6.34,2,5.307,2.3632,29856.23,4.2764,1,1,1
351,1,1,1,12.23,5,0.8924,0.5512,47674.45,3.6593,1,1,0
120,1,1,1,13.77,7,0.8881,0.1759,549.7,3.3672,1,1,1
1283,1,2,1,10.02,3,1.9221,2.555,22155.99,3.9991,1,1,0
333,1,2,1,2.7,1,7.0878,1.0153,87.94,2.9117,1,1,1
55,2,1,1,4.97,1,5.3597,7.5647,912.47,2.4154,1,1,0
1179,1,1,1,3.68,1,2.6553,3.8204,53354.57,3.2948,1,1,0
49,1,2,1,5.33,1,5.3744,9.2964,18492.56,3.449,1,3,0
765,1,1,1,14.39,1,0.4,0.4076,16531.99,4.5762,1,2,1
106,2,1,1,2.35,1,14.3323,16.2181,826.75,3.2602,1,1,0
1228,1,1,1,26.36,2,1.7372,0.9193,6821.5,4.5964,1,1,1
73,1,1,1,9.49,1,15.9834,25.4947,45509.51,3.997,1,1,0
779,1,1,1,3.24,2,1.6189,1.5108,58161.96,4.2601,1,1,1
932,1,2,1,16.55,3,1.4624,1.3129,21593.32,3.805,1,1,0
158,1,1,1,2.04,3,2.5132,1.6144,4304.95,2.7696,1,1,0
586,1,1,1,20.72,1,0.4529,0.2441,56498.01,3.8912,1,1,0
1321,1,2,1,3.58,1,13.5938,11.5171,18158.74,4.311,1,1,0
564,1,1,1,3.61,1,6.0899,4.0581,17833.18,3.9204,1,1,1
1266,1,1,1,4.66,1,0.8896,0.8212,20616.61,3.7288,1,1,0
365,1,1,1,31.51,7,0.4071,0.0971,2651.85,2.6368,1,1,1
515,1,1,1,13.36,4,1.8109,2.123,46910.01,3.7336,1,1,0
862,1,1,1,6.91,2,4.1221,2.7924,15289.29,3.6126,2,1,0
1335,1,1,1,6.75,1,6.2439,10.3007,36102.04,3.8072,1,1,0
353,1,1,1,4.76,2,3.6097,2.1709,20092.11,4.0098,1,1,1
606,1,1,1,20.22,3,7.3575,3.3567,41999.71,3.3298,1,1,0
84,1,1,1,6.14,1,9.1807,9.056,1180.47,3.073,1,1,0
67,1,1,1,3.23,1,5.2055,5.6079,19425.1,3.3875,1,1,0
61,1,1,1,3.62,2,20.205,30.8403,40592.89,4.2828,1,1,0
233,1,1,1,3.94,1,2.1528,1.7082,7156.19,4.0757,1,1,0
1378,1,1,1,12.21,5,3.7361,3.18,2905.54,3.9367,1,1,0
76,1,1,1,1.56,1,3.3648,4.5082,9067.51,4.4365,1,1,0
480,1,1,1,1.73,1,0.9804,1.3116,26080.55,4.7102,1,1,0
533,1,1,1,16.85,3,4.6639,3.7791,74856.77,4.2292,1,1,0
129,1,2,1,28.48,5,0.3296,0.4157,58345.9,4.0447,1,1,0
44,1,3,1,33.54,5,0.1362,0.0117,0.0,2.0005,6,19,1
1137,1,1,1,28.88,6,0.9236,0.1668,8866.94,4.6867,1,1,1
1150,1,2,1,9.88,2,3.4498,2.8875,23274.67,3.0248,1,1,0
64,1,3,1,38.89,9,0.4155,0.084,16.0,2.2085,2,11,1
1325,1,1,1,7.47,4,12.3141,6.0583,52868.48,4.3628,1,1,1
113,1,1,1,4.92,1,12.5282,22.3456,29870.19,4.2106,1,1,0
507,2,1,1,25.52,4,1.3015,1.2928,361.69,3.3885,1,1,0
52,1,3,1,57.2,6,0.1491,0.0223,4.0,1.649,4,19,1
60,3,2,1,9.58,2,6.0858,1.501,4.0,2.1926,5,9,1
294,1,1,1,6.06,4,15.7942,1.6715,766.78,2.5626,1,1,1
1412,1,1,1,6.13,2,4.9332,2.9002,29919.33,4.5287,1,1,1
147,2,1,1,1.13,1,2.3394,2.9083,1750.06,3.9227,1,1,0
308,1,2,1,10.27,3,5.0818,3.8767,43734.51,4.9546,1,2,1
920,1,1,1,15.0,1,5.4527,7.7321,12154.19,3.9915,1,1,0
435,2,1,0,6.83,1,3.8413,3.7291,930.57,3.3056,1,1,0
87,1,1,1,8.49,1,6.6401,11.6605,31888.08,3.8935,1,1,0
387,1,1,1,10.29,1,2.2677,3.26,13686.12,4.2809,1,1,0
126,2,1,1,2.81,1,8.0956,5.3814,505.29,2.9499,1,1,0
95,1,2,0,4.66,2,2.797,4.8178,21479.1,3.4986,1,1,0
1284,1,1,1,4.65,4,12.8665,8.4858,30100.21,3.1603,1,1,0
780,1,2,1,4.52,1,4.0062,5.2187,18347.27,3.9383,1,1,0
286,1,1,1,32.11,3,0.9452,0.0449,226.48,3.0924,1,1,1
130,1,1,1,1.3,2,2.4502,2.4639,2660.47,3.3559,1,1,0
158,1,1,1,8.02,4,4.4976,5.1302,21727.58,3.734,1,1,0
183,1,2,1,37.62,3,0.1806,0.0506,903.87,3.2756,1,1,1
280,1,1,1,20.6,10,0.6366,0.0345,162.28,3.1606,1,1,1
634,1,1,1,31.56,4,3.6501,4.9451,73632.76,3.9249,1,1,0
827,1,1,1,9.79,4,13.4749,6.7233,41977.64,4.3176,1,1,1
334,2,1,1,2.69,2,2.1315,2.5779,3512.88,3.2528,1,1,0
1340,1,1,1,9.37,1,3.2501,3.4036,35092.92,3.4222,1,1,0
309,1,2,1,29.17,3,0.7454,0.1978,457.41,3.173,1,1,1
365,1,2,1,16.15,4,3.1313,3.5986,90721.16,5.2,1,1,0
1183,1,1,1,4.91,2,2.5489,2.7267,24334.95,3.2049,2,1,0
384,1,1,1,9.79,3,2.3864,1.1859,40484.47,3.6718,1,1,1
1419,1,1,1,22.57,4,0.4704,0.0948,2835.09,4.7154,1,1,1
1139,1,2,1,24.79,8,1.1348,0.162,2430.79,4.5432,1,1,1
173,1,1,1,4.04,1,22.0017,13.5696,425.29,2.9286,1,1,0
1129,1,1,1,3.93,1,5.3352,8.84,18489.98,4.0988,1,1,0
105,1,1,1,27.93,9,1.1946,0.1956,1483.54,3.5247,1,1,1
393,1,1,1,2.05,1,8.128,7.0045,1334.14,2.8344,1,1,0
525,1,1,1,12.94,3,6.655,2.5872,71619.51,4.3926,2,1,1
1359,1,2,0,11.41,1,1.3777,1.7928,22624.41,3.2348,1,1,0
379,1,1,1,6.97,1,22.7354,16.4211,21027.13,3.7715,1,1,0
860,1,1,1,10.26,1,3.3242,4.8997,19823.46,3.913,2,1,0
64,1,3,1,37.22,7,0.2294,0.0087,16.0,2.7521,3,22,1
321,1,1,1,3.71,1,5.6662,7.4014,23262.06,3.6275,1,1,0
1252,1,2,1,6.08,5,12.9188,14.3784,40908.73,5.0,1,1,0
1328,1,1,1,5.64,4,11.7688,14.7744,11505.6,3.7576,1,1,0
82,2,1,1,3.37,2,9.7737,9.2522,5854.14,2.9292,1,1,0
57,1,1,1,21.74,2,19.1483,27.82,5110.65,2.8927,1,1,0
51,1,1,1,8.59,2,0.3415,0.2108,25896.65,3.4742,1,1,0
60,1,2,1,9.37,3,9.3781,2.0625,4.0,2.8752,6,14,1
342,1,1,1,6.37,2,3.8791,5.7856,48093.76,3.8476,1,1,0
182,1,1,1,4.56,1,6.246,9.8587,12576.14,4.0913,2,1,0
482,1,2,1,17.58,1,3.4488,2.6625,53748.18,4.3491,1,1,0
40,1,1,1,10.41,4,11.7503,0.8884,4.0,2.2281,2,21,1
75,2,1,1,20.7,3,11.5704,15.0256,4110.89,2.9496,1,1,0
120,1,1,1,8.48,1,0.1306,0.1259,61334.02,3.4652,1,2,0
398,1,1,1,2.99,1,3.2317,3.4249,21964.24,3.2793,1,1,0
358,2,1,0,22.12,4,3.097,2.1792,2385.8,3.2419,1,1,0
231,1,1,1,22.65,4,1.1956,0.1277,269.83,3.8737,1,1,1
1059,1,1,1,10.26,1,0.449,0.5977,59379.49,4.1619,1,1,0
105,1,1,1,11.29,1,4.1956,6.3826,11986.65,4.1418,1,1,0
797,1,1,1,4.3,2,1.9956,2.2007,9359.52,3.4525,1,1,0
1348,1,2,1,12.81,4,0.7681,0.4076,2035.65,4.7611,1,1,1
175,1,1,1,19.13,6,0.8101,0.1947,277.91,2.7614,1,1,1
245,2,1,0,19.45,6,24.3345,34.3611,5174.5,3.8028,1,1,0
1366,1,1,1,1.78,1,4.1329,6.1579,7322.27,3.7271,2,1,0
373,1,1,1,22.92,6,0.3119,0.0849,224.42,2.2319,1,1,1
709,1,2,1,10.17,4,3.8594,4.2338,18012.38,4.4318,1,1,1
1107,1,1,1,4.59,1,3.3575,5.041,11680.35,3.7488,1,1,0
551,1,1,1,18.09,1,8.7838,8.3275,26220.81,4.3356,1,1,0
173,1,1,1,7.06,1,6.5029,11.1119,25875.34,3.3385,1,1,0
119,1,1,1,6.94,2,3.1713,5.4414,12046.05,4.2105,1,1,0
353,1,1,1,37.43,3,0.1194,0.0158,313.31,3.1406,1,1,1
551,1,1,1,4.67,2,2.618,1.9936,21939.97,3.5079,1,1,0
110,1,1,1,34.83,3,1.1086,0.231,1551.65,3.1373,1,1,1
206,1,1,1,3.05,1,9.9321,6.0694,11374.24,3.6099,1,2,0
787,1,2,1,15.5,3,9.6882,11.5077,35903.9,4.3191,1,2,1
1122,1,1,1,2.99,2,1.7756,1.4781,22549.36,4.2736,1,1,0
1362,1,1,1,3.15,3,2.4681,1.74,35036.87,4.1354,1,2,0
1385,1,1,1,22.87,3,1.3373,1.3514,26513.57,4.1526,1,1,0
74,1,1,1,1.95,1,0.3536,0.2859,20783.58,3.5739,1,1,0
815,1,1,1,7.77,1,0.6388,0.6896,37004.51,4.4572,1,2,1
112,1,1,1,4.36,3,5.1215,8.5136,9163.05,4.3642,1,1,0
74,2,1,1,32.39,2,0.2913,0.4074,3268.87,2.989,1,1,0
884,1,1,1,14.26,1,6.8364,7.481,45303.09,4.2073,1,2,1
214,1,1,1,1.62,2,7.7643,11.3405,7344.17,2.9991,1,1,0
290,1,1,1,23.19,7,4.2549,2.0164,38380.18,3.9515,1,1,0
911,1,1,1,2.79,1,1.4674,0.9352,22410.79,3.8218,1,1,0
101,1,1,1,3.55,1,0.9335,1.0684,39594.51,4.3097,1,1,0
1406,1,1,1,8.51,2,16.2986,16.5303,21070.01,3.4099,1,1,0
1365,1,2,1,22.23,6,1.2085,0.5734,4147.96,4.828,1,1,1
442,1,2,1,6.42,2,1.1929,1.179,33023.15,3.5887,2,1,0
143,1,1,1,35.85,6,0.7112,0.1947,166.36,3.2248,1,1,1
1143,1,1,1,9.56,1,0.9029,1.252,42503.0,4.3006,1,1,0
581,1,1,0,9.85,1,4.7256,2.963,46705.28,3.7193,1,1,0
427,1,1,1,18.43,3,2.264,3.0627,80037.45,3.71,1,1,0
67,2,1,0,3.56,1,2.5642,1.3603,2330.06,3.7355,1,1,0
131,1,1,0,2.08,1,3.5073,2.0548,1628.34,3.4417,1,1,0
1250,1,2,1,1.27,1,1.2981,1.7342,20834.04,3.8558,1,1,0
487,2,1,1,18.29,7,0.3047,0.2499,3671.39,3.1175,1,1,0
40,1,2,1,23.89,10,0.2248,0.0449,4.0,2.211,5,22,1
376,1,2,1,17.31,1,4.1704,3.0255,38346.68,4.346,1,1,0
948,1,2,1,27.2,4,0.1284,0.054,88815.22,4.5586,1,1,0
1047,1,1,1,40.26,3,0.9542,1.2593,51856.05,3.4552,1,2,0
910,1,1,1,19.93,4,3.2525,4.0397,65058.78,4.3137,1,1,0
328,1,2,1,30.09,6,0.9866,0.0572,1349.39,3.7923,1,1,1
73,2,1,1,7.91,5,11.5645,11.5624,7379.92,2.5708,1,1,0
1242,1,1,1,6.44,2,1.3693,1.7298,25646.11,4.3993,1,1,0
59,1,1,1,5.42,1,4.2664,6.6275,30312.79,3.1266,1,3,0
947,1,1,1,10.02,1,0.7604,0.8071,53324.25,4.0409,1,1,0
489,1,1,1,39.77,3,6.8118,5.8417,12252.55,2.5469,1,1,0
697,1,1,1,16.04,5,1.2475,1.461,51020.47,4.251,1,1,0
64,2,1,0,4.91,1,0.2646,0.2764,1085.38,2.6102,1,1,0
879,1,1,1,4.79,3,13.6526,22.3831,5494.09,3.4496,2,1,0
366,1,2,1,28.85,10,1.0379,0.2383,322.0,3.5659,1,1,1
64,1,2,1,10.58,1,7.3319,1.0797,16.0,2.197,4,11,1
157,1,2,1,24.81,9,0.8954,0.0398,549.3,2.9623,1,1,1
392,1,1,1,16.26,1,7.6982,5.3861,80916.41,4.3457,1,2,1
274,2,1,1,3.82,1,0.9717,0.9824,2691.74,2.9811,1,1,0
213,1,2,1,26.7,6,0.2715,0.0641,204.73,3.3248,1,1,1
111,1,1,1,14.23,8,0.5983,0.1065,1109.63,3.8688,1,1,1
296,1,2,1,5.07,1,9.2422,0.7967,489.69,3.2847,1,1,1
975,1,1,1,2.24,2,0.8429,1.3957,16295.3,3.7692,1,1,0
55,1,1,1,6.24,1,3.4956,5.0919,31456.18,4.349,1,1,0
977,1,1,1,25.55,2,3.8885,1.8755,31701.99,4.0321,1,1,0
1075,1,1,1,5.7,2,1.2123,0.8201,83019.61,4.5752,1,1,1
171,1,1,1,10.86,4,14.1152,10.1383,32959.97,3.4088,2,3,0
82,2,1,1,4.8,1,1.444,1.7044,6352.61,3.1469,1,1,0
834,1,1,1,4.53,3,10.3688,10.6984,58544.95,4.0528,1,1,0
564,1,1,1,15.15,1,4.7291,6.6035,15530.22,4.4476,1,1,0
365,1,1,1,14.23,1,15.0696,23.9899,33958.86,3.9211,1,1,0
44,3,2,1,55.64,9,0.2373,0.0487,16.0,1.6165,6,17,1
522,1,1,1,12.28,5,1.6086,1.3762,30163.96,3.4628,1,1,0
1204,1,2,1,25.8,5,0.7169,0.2326,7095.64,4.9645,1,1,1
444,1,1,1,3.15,3,3.4613,2.7066,53124.57,3.5765,1,1,0
185,1,1,1,6.62,3,0.5358,0.9344,32221.42,3.4818,1,1,0
262,1,1,1,8.24,1,12.5333,2.0711,256.36,3.777,1,1,1
374,1,2,1,25.49,4,0.6193,0.0629,680.18,2.8873,1,1,1
1436,1,1,1,5.24,4,7.3526,3.2731,98661.08,4.7393,2,1,1
842,1,1,1,23.26,3,6.121,3.0189,21762.95,3.5653,1,1,0
628,1,2,1,14.36,1,0.2782,0.3373,65666.71,4.4269,1,1,0
579,1,1,1,24.99,4,4.5031,2.8096,48640.18,3.7726,2,1,0
67,1,1,1,5.54,2,0.8619,0.9402,4803.32,3.1338,1,1,0
542,1,1,1,10.34,2,15.4029,11.8436,25699.86,3.1819,1,1,0
454,1,1,1,3.13,2,5.515,7.3145,2600.1,3.0953,1,1,0
273,1,1,1,30.17,5,0.2199,0.037,488.14,2.9804,1,1,1
1485,1,1,1,9.81,1,0.4308,0.3581,77061.95,5.0364,1,1,1
326,1,1,1,4.93,3,5.9294,3.8337,27638.47,3.6621,1,1,0
152,1,2,1,17.0,7,0.2599,0.0432,456.49,3.5591,1,1,1
78,1,1,1,8.28,2,1.8027,2.9756,20077.43,4.27,1,1,0
1134,1,2,1,8.89,3,9.9924,9.4694,16656.46,3.1241,1,1,0
127,2,1,0,1.88,1,25.6707,38.0045,3713.49,3.3849,1,1,0
61,1,1,1,5.93,1,5.2421,6.0599,37760.5,4.1453,1,1,0
89,2,1,1,26.65,2,14.0419,12.4489,2253.32,2.7729,1,1,0
200,1,2,1,27.69,4,0.2646,0.0299,248.25,3.0847,1,1,1
114,1,1,1,1.64,1,6.3766,8.7036,18113.97,3.8628,1,2,0
260,2,1,1,5.46,1,7.7035,10.5821,1276.8,3.5436,1,1,0
1275,1,2,1,8.06,2,1.6164,0.5586,37492.8,4.457,1,1,1
1274,1,1,1,18.72,3,3.3155,2.9246,52595.1,3.8423,1,1,0
109,2,1,1,3.88,1,4.5019,5.715,1551.0,3.3096,1,1,0
74,1,1,1,8.63,6,5.0765,6.2569,9416.46,3.4883,1,1,0
1029,1,1,1,4.25,3,1.7823,1.3625,26247.68,4.3227,1,1,0
1495,1,2,1,30.81,6,0.375,0.0789,15063.12,4.5468,1,1,1
58,1,1,1,4.46,1,1.0649,0.6445,16673.34,3.8386,1,1,0
104,2,1,1,1.83,1,4.3561,6.2235,2469.71,3.2763,1,1,0
216,1,1,1,11.68,4,1.1701,1.1873,14551.71,4.4875,1,1,0
66,1,1,0,9.86,1,4.2723,5.8763,16255.48,3.748,1,1,0
107,1,1,1,8.35,3,6.0223,6.6491,21105.06,3.5254,1,1,0
1245,1,1,1,6.37,4,5.8586,7.7376,14743.31,3.5674,1,1,0
803,1,1,1,24.13,5,1.9216,0.816,44932.71,4.458,1,1,0
188,1,1,1,19.54,7,0.3009,0.0126,334.68,3.1925,1,1,1
144,1,1,1,9.28,1,9.1062,2.3095,325.41,2.7826,1,1,1
59,1,2,1,6.28,2,11.8121,11.9404,16789.45,3.9675,1,1,0
391,2,1,1,2.85,3,0.4451,0.3119,3182.57,2.9319,1,1,0
1275,1,1,1,17.64,5,2.1485,1.0589,48537.9,4.0405,1,1,0
440,1,1,1,3.63,1,4.1338,4.8053,4240.91,2.9831,1,1,0
1084,1,1,1,19.95,6,0.8104,0.3643,2529.71,4.6973,1,1,1
675,1,2,1,22.59,6,0.6512,0.8521,14477.32,4.6984,2,2,0
206,1,1,1,15.88,7,11.2283,6.0456,2147.65,3.9067,1,1,0
983,1,1,1,16.59,3,9.4511,8.6136,42614.1,3.5342,1,1,0
72,2,1,0,2.19,1,22.8373,15.9525,1699.15,2.9702,1,1,0
1232,1,1,1,4.29,1,4.6815,7.955,26326.33,3.6058,2,1,0
62,1,1,1,22.12,2,11.9844,15.7737,3658.33,4.5276,1,1,0
64,1,2,1,38.61,13,0.1109,0.0145,16.0,2.6168,3,5,1
52,1,2,1,22.59,15,0.0754,0.0093,0.0,2.6273,6,17,1
481,1,2,1,19.82,4,3.6683,1.626,17937.41,3.6129,1,1,0
366,1,1,1,9.2,5,1.334,0.8081,86635.83,4.0655,1,1,0
507,1,1,1,3.03,1,1.7318,2.9894,15964.34,3.9288,1,1,0
62,1,1,1,8.08,1,0.5258,0.6912,31725.28,3.8052,1,1,0
1322,1,3,1,23.08,7,1.1037,0.4906,6386.06,4.5087,1,1,1
875,1,1,1,9.32,1,5.0332,5.0256,24318.6,3.8832,2,3,0
113,2,1,1,3.37,1,0.8163,0.5443,6618.86,2.7063,1,1,0
180,1,1,1,5.38,2,15.2486,3.5768,1025.82,3.7283,1,1,1
159,1,1,1,3.3,3,8.7185,5.7099,12971.38,3.3702,1,3,0
555,1,1,0,9.22,4,38.0127,22.9675,16292.18,3.1761,1,3,0
489,2,1,1,24.89,6,3.521,5.0167,1289.18,3.3015,1,1,0
869,1,1,1,2.07,1,17.2904,26.8708,29718.63,3.4627,1,1,0
1011,1,1,1,3.82,3,10.5618,7.3435,45500.9,3.2509,1,3,0
546,1,1,1,3.94,1,3.8968,2.4399,13841.13,4.3183,1,1,0
193,1,2,1,27.07,7,0.4811,0.0237,128.63,2.6621,1,1,1
1014,1,2,1,20.19,4,2.2375,2.2196,52142.3,4.1474,2,1,0
52,2,1,1,28.37,3,6.2315,7.7207,1908.74,3.4087,1,1,0
60,1,2,1,7.62,3,10.114,0.277,4.0,2.1597,5,23,1
160,1,2,1,49.05,5,0.8374,0.1685,535.98,3.1458,1,1,1
511,2,1,1,32.64,4,9.5629,11.8478,2841.12,3.5864,1,1,0
116,1,1,1,27.65,4,5.3049,7.2818,19322.45,4.4467,2,1,0
341,1,2,1,3.98,1,18.9138,29.2575,28728.0,3.6889,1,1,0
197,1,1,1,12.04,1,1.7857,1.286,10605.01,3.971,1,1,0
88,1,2,1,9.08,3,5.5561,9.6492,34675.83,3.3506,1,1,0
52,2,1,1,14.03,2,23.5734,14.5808,3567.77,3.2328,1,1,0
198,1,1,1,9.03,1,3.4424,2.5973,20858.89,4.1468,1,1,0
580,1,1,1,26.65,2,5.2326,5.1386,36760.12,4.161,1,1,0
1250,1,2,1,4.37,2,14.2811,10.7389,27224.41,3.4694,1,3,0
40,1,1,1,32.61,7,0.197,0.0337,4.0,2.5208,4,4,1
342,1,1,1,11.35,2,0.197,0.1379,9222.36,3.8578,1,1,0
69,2,1,1,1.34,1,5.1723,6.7111,3862.94,2.9863,1,1,0
1438,1,1,1,10.12,4,10.5752,4.2376,19917.42,4.7633,1,1,1
528,1,1,1,4.86,3,13.7595,18.5362,24222.74,4.3866,2,1,0
230,2,1,0,12.6,1,3.4974,4.5139,1461.94,2.863,1,1,0
156,1,1,1,9.76,2,10.0982,1.2684,398.37,3.6959,1,1,1
437,2,1,1,3.1,1,1.479,1.4616,419.99,3.7535,1,1,0
75,1,2,1,2.98,1,11.7005,19.7449,25354.6,3.991,1,2,0
169,1,1,1,18.16,4,1.0863,0.2908,624.03,3.7103,1,1,1
900,1,1,1,12.02,4,0.5562,0.5692,14600.64,4.4764,2,1,0
811,1,1,1,9.57,1,4.868,6.7286,19526.45,3.4417,2,2,0
1417,1,1,1,9.53,1,1.6175,2.167,16964.22,4.3235,1,1,0
1447,1,1,1,7.0,2,1.7165,1.8064,33289.76,3.794,1,1,0
757,1,2,1,4.58,1,13.9161,8.1489,52364.56,3.655,1,2,1
966,1,1,1,17.08,5,1.8469,2.1397,109978.63,4.35,1,1,0
794,1,2,1,6.96,4,0.4008,0.4076,15692.43,4.5265,2,1,1
107,1,1,1,19.77,6,3.6051,3.2138,37788.59,4.0911,1,1,0
994,1,1,1,18.48,3,2.8677,1.7736,78406.27,4.3779,1,1,0
198,1,1,1,31.23,8,0.8851,0.0734,378.71,3.3308,1,1,1
984,1,1,1,8.76,3,0.8852,0.5741,76351.12,3.9233,1,1,0
57,1,1,1,6.97,1,0.1978,0.15,35421.93,3.4163,1,1,0
56,1,1,1,5.23,2,1.8114,3.1088,29774.87,3.4312,1,3,0
328,1,1,1,3.94,3,1.8026,1.8612,2618.68,2.853,1,1,0
1462,1,2,1,3.66,2,2.4863,2.1582,20539.63,5.1577,1,1,1
60,1,2,0,8.64,1,11.6184,2.4113,4.0,2.8438,6,15,1
842,1,1,1,18.31,1,0.6716,0.6073,13503.3,3.9314,1,1,0
400,1,2,1,8.44,2,7.2678,2.4291,31876.7,4.3139,2,2,1
181,1,2,1,2.37,2,3.0309,2.2627,9806.01,4.2035,1,1,0
350,1,2,1,16.03,6,0.8869,1.1017,70196.11,4.1804,1,1,0
81,1,1,1,1.67,1,2.0581,1.9065,42538.93,4.0118,1,1,0
529,1,1,1,6.13,2,10.8223,3.3002,36682.88,4.1354,1,1,1
862,1,1,1,5.17,2,7.8725,8.4069,81231.02,3.9009,1,1,1
77,1,1,1,9.25,2,4.1444,6.1323,16187.14,4.3643,1,1,0
1384,1,1,1,19.99,2,12.024,4.3311,60854.29,4.2733,1,2,1
282,1,1,1,25.78,3,1.218,0.9726,57753.67,4.3984,1,1,0
1207,1,1,1,15.76,1,3.5802,3.7999,94083.32,4.1616,1,1,0
189,1,1,1,1.17,1,2.3183,3.3391,723.21,3.1128,1,1,0
325,1,1,1,20.12,8,0.7356,0.0498,337.41,2.9407,1,1,1
479,1,1,1,8.92,1,9.7664,13.179,18432.97,3.5538,1,1,0
822,1,2,1,3.91,1,6.0871,5.3375,13685.34,4.0487,2,1,1
101,1,1,1,8.68,2,1.2407,1.5014,7294.4,4.069,1,1,0
52,2,1,1,3.81,1,3.4754,4.6322,1250.28,3.133,1,1,0
237,2,1,1,3.29,1,1.8211,1.8089,7118.66,4.0126,1,1,0
311,1,2,1,14.48,7,0.9444,0.0816,388.65,3.3063,1,1,1
851,1,1,1,12.06,2,3.4249,4.1411,15885.34,3.712,1,3,0
82,1,1,1,3.14,3,8.4971,11.9994,23127.89,3.6794,1,1,0
89,2,1,1,26.11,8,2.6505,2.6139,780.49,2.9191,1,1,0
310,1,2,1,9.09,3,9.6878,2.4133,921.64,3.5194,1,1,1
82,1,1,1,3.84,2,1.0347,1.293,16385.18,4.9214,1,1,0
663,1,1,1,6.96,3,2.0514,1.5655,187327.89,5.0392,2,1,1
312,1,2,1,18.52,4,1.0408,0.9534,34624.14,4.2023,1,1,0
106,1,1,1,3.22,3,9.7149,9.7283,10174.4,4.0238,1,1,0
552,1,1,1,6.47,1,23.4008,22.3531,20962.13,3.6695,1,1,0
112,1,1,1,1.87,1,18.2996,18.0363,2021.32,2.9885,1,1,0
1096,1,1,1,22.35,5,5.4025,2.6133,37585.18,4.1803,1,1,0
191,1,1,1,3.11,3,11.4214,0.9415,491.38,3.1876,1,1,1
60,1,1,1,6.58,1,1.906,3.2382,32395.42,3.8031,1,1,0
1080,1,2,1,7.3,1,0.7697,0.3256,53259.25,3.3876,1,1,1
1365,1,1,1,3.1,1,0.9418,1.47,16588.48,3.9661,1,1,0
1006,1,1,1,9.83,2,4.7971,5.601,20179.3,2.5237,1,3,0
383,2,1,0,2.96,1,0.5015,0.538,1225.61,2.7636,1,1,0
60,1,3,1,35.97,7,0.4737,0.0891,0.0,2.2989,4,16,1
346,1,1,1,12.65,3,17.9496,2.2933,658.06,2.9575,1,1,1
1325,1,1,1,8.5,3,2.5236,2.9391,39991.6,3.374,1,1,0
116,1,1,1,12.34,1,9.2891,11.7514,26915.83,3.4968,1,1,0
431,1,1,1,3.3,2,5.0498,7.263,4553.81,3.3175,1,1,0
93,1,1,1,4.53,4,9.178,10.2216,1354.67,2.9334,1,1,0
488,1,1,1,4.44,3,1.8401,2.1343,32177.94,3.9783,1,1,0
53,1,2,1,8.63,3,6.7015,10.2698,14929.38,4.0272,1,1,0
93,2,1,1,2.28,2,2.5441,2.7073,1786.63,3.2765,1,1,0
360,1,1,1,3.48,1,7.9672,1.4655,2279.52,3.3526,1,1,1
397,2,1,1,2.69,1,1.6208,1.7161,2627.32,3.6976,1,1,0
61,1,1,1,4.1,1,1.0951,1.4039,39062.73,3.5656,1,1,0
237,1,2,1,26.3,5,0.8215,0.1922,229.94,2.792,1,1,1
749,1,1,1,4.11,3,1.03,0.9546,46936.24,4.0964,1,1,0
1304,1,1,0,3.74,2,4.9413,3.6904,30047.96,4.1335,1,3,0
259,1,1,1,5.36,1,0.6425,0.4022,36323.49,4.3274,1,2,0
102,1,2,1,28.83,7,0.2226,0.0437,221.59,3.0808,1,1,1
149,1,1,1,15.69,7,2.8976,2.681,33904.13,3.7888,1,1,0
1165,1,1,1,20.49,7,1.11,0.9339,52206.67,4.6685,2,1,0
815,1,1,1,4.14,3,7.7928,11.0718,23402.53,3.9687,1,1,0
359,1,2,1,27.45,8,0.2884,0.0762,88.21,3.2399,1,1,1
1271,1,1,1,4.51,1,4.636,3.2445,16197.53,4.3803,1,1,0
119,2,1,1,1.51,1,2.7877,1.6496,1443.17,3.8522,1,1,0
85,1,1,1,2.71,2,5.5052,7.1056,20010.44,3.2924,2,1,0
117,1,2,1,18.82,3,0.1114,0.1247,85700.0,3.9788,1,1,0
584,1,1,1,1.81,1,12.3467,16.205,28007.17,4.0877,1,1,0
162,1,1,1,5.22,1,5.2452,7.2078,21828.67,3.7269,1,1,0
70,1,1,0,12.58,1,0.1072,0.1436,15306.89,3.6169,1,1,0
862,1,2,1,7.63,2,10.67,7.3613,25009.2,4.4563,1,1,1
603,1,1,1,39.71,3,5.3111,5.1128,77712.71,3.7331,1,1,0
60,1,1,1,10.57,4,3.8105,4.7776,9813.67,3.9005,1,1,0
736,1,2,1,18.69,3,1.4723,0.8982,27629.99,4.4322,1,1,0
997,1,2,1,27.39,6,0.3517,0.4624,50106.25,3.8193,1,2,0
342,2,1,1,2.69,1,4.9579,3.3762,856.5,2.3176,1,1,0
217,2,1,1,2.93,1,4.8183,6.9219,6800.39,3.5982,1,1,0
1065,1,1,1,4.11,1,1.7637,0.7539,25102.26,4.7689,1,2,1
155,1,1,1,3.46,1,9.4092,1.6216,255.99,3.3566,1,1,1
1112,1,1,1,17.81,8,1.5301,0.5992,2405.11,4.8734,1,1,1
326,2,1,1,3.66,3,2.9018,3.7889,332.82,2.5644,1,1,0
261,1,2,1,27.42,5,0.7396,0.1814,132.94,3.4331,1,1,1
1397,1,2,1,16.91,2,1.1537,0.7397,49633.47,3.5697,1,1,0
73,2,1,1,36.37,3,4.8561,7.232,7192.65,3.0952,1,1,0
550,1,2,1,3.37,2,7.2365,5.2906,57998.93,5.3015,1,2,1
1459,1,1,1,3.36,2,9.5602,14.5586,8806.79,3.1832,1,1,0
1266,1,2,1,13.84,2,8.1302,5.1259,28300.15,3.987,1,1,0
616,1,1,1,13.91,5,0.1931,0.1363,27597.28,4.2594,1,2,0
122,2,1,1,22.73,4,16.3109,16.6858,2082.3,3.2076,1,1,0
1392,1,1,1,23.82,10,0.223,0.1042,7541.38,4.6424,1,1,1
441,1,1,1,3.35,2,1.042,1.2051,9444.68,4.3806,1,1,0
378,1,2,1,5.16,1,14.0663,0.6879,590.96,4.0572,1,1,1
100,1,1,1,7.19,3,6.4482,4.7872,36691.35,3.2691,1,1,0
461,1,2,1,12.73,6,2.9042,2.9661,46876.61,3.8937,1,1,0
413,1,1,1,3.7,1,1.7981,2.0087,41023.95,3.0522,1,1,0
64,1,2,1,49.02,8,0.0554,0.0059,16.0,2.4223,6,17,1
140,1,1,1,11.44,1,11.5201,2.2547,192.06,2.9879,1,1,1
114,2,1,1,18.68,4,3.1786,3.2078,2541.56,2.8644,1,1,0
1308,1,1,1,3.46,3,1.4535,1.4717,53184.27,4.8337,1,1,1
376,2,1,1,1.34,1,8.0314,8.8193,1039.49,3.417,1,1,0
256,2,1,1,2.52,2,25.3601,28.1005,3501.08,3.8533,1,1,0
752,1,2,1,28.54,1,0.2832,0.3933,37584.34,3.7739,2,1,0
939,1,1,1,9.07,1,1.3363,0.5168,13146.9,3.8201,1,1,1
358,1,1,1,6.81,1,2.8936,4.2386,8292.83,4.5877,1,1,0
94,2,1,1,1.7,1,8.5057,9.7023,2471.89,3.2164,1,1,0
116,2,1,1,27.48,2,2.1581,1.1978,2880.07,3.2304,1,1,0
1458,1,2,1,2.49,2,11.1593,9.6331,35207.39,4.2145,1,1,0
792,1,1,1,23.77,1,4.8655,2.7123,25050.44,4.3179,1,1,0
471,1,1,1,9.31,2,1.4537,1.1847,43530.06,4.7821,1,1,1
393,2,1,1,2.29,4,16.4989,13.5801,1500.37,3.3279,1,1,0
577,1,1,1,15.62,6,0.8187,0.8518,45391.56,4.211,2,1,0
192,1,1,1,9.67,1,1.2424,1.2537,14180.07,4.4007,1,1,0
1374,1,1,1,26.53,2,0.3349,0.1865,35272.73,3.8532,1,1,0
259,1,1,1,22.82,6,1.0984,0.0668,886.25,3.2927,1,1,1
150,1,1,1,2.83,2,1.3424,1.8742,52556.77,3.7737,1,1,0
89,1,1,1,3.55,3,15.9414,15.8946,28642.32,4.5492,1,1,0
1215,1,1,1,16.57,5,0.385,0.4669,22417.84,4.618,1,2,0
421,1,1,1,2.61,2,3.8901,4.2514,14650.96,3.2387,1,1,0
1241,1,2,1,11.19,6,5.1467,7.9711,28882.83,3.2476,1,1,0
123,2,1,0,33.84,2,3.3364,1.8885,1006.01,3.2306,1,1,0
99,1,2,1,5.09,1,9.0916,13.7261,50345.69,3.3525,1,1,0
386,2,1,1,5.44,1,0.4387,0.4192,5780.98,4.0697,1,1,0
105,1,1,1,48.98,4,3.1523,1.8307,30391.02,3.9686,1,1,0
247,1,2,1,3.85,1,9.3003,0.6106,306.31,3.1987,1,1,1
96,1,1,1,9.56,3,3.0712,4.8431,13038.78,4.5781,1,1,0
321,1,1,1,36.36,6,0.5669,0.1642,1929.87,3.6147,1,1,1
94,1,2,1,5.75,1,7.6595,5.2583,8130.31,3.4128,1,1,0
277,1,1,1,24.58,4,0.5622,0.1664,260.8,2.991,1,1,1
237,1,1,1,1.37,1,4.3037,6.8697,6075.73,4.0788,1,1,0
1146,1,1,1,19.46,7,4.9759,4.6473,40782.08,4.1256,1,1,0
366,1,1,1,3.74,3,2.1133,2.8496,30051.67,3.4285,1,1,0
786,1,2,1,4.11,1,1.6877,1.2753,12772.36,3.2667,2,1,0
221,1,1,1,31.48,7,0.5925,0.0272,387.32,2.6936,1,1,1
47,1,1,1,3.03,3,7.9978,6.4682,44576.08,3.2295,1,1,0
365,1,1,1,1.26,1,1.2767,1.7184,529.71,4.0462,1,1,0
484,1,1,1,19.18,2,2.3505,1.4471,24091.2,4.4181,1,1,1
603,1,2,1,23.92,4,6.8754,8.9409,18512.13,4.5763,1,1,0
44,1,2,1,55.49,8,0.372,0.0274,0.0,1.9963,5,17,1
220,2,1,1,4.65,1,4.0781,3.943,18041.43,3.0345,1,1,0
1164,1,1,1,11.9,2,7.3587,9.3291,29746.12,3.6816,1,1,0
329,1,2,1,6.91,2,15.5795,4.2325,108.23,3.3938,1,1,1
1414,1,1,1,2.77,1,5.4217,8.1736,6348.54,3.0537,1,1,0
95,1,1,1,3.72,2,6.058,8.013,180.82,4.421,1,1,0
1106,1,1,1,28.31,5,1.3339,0.5325,4553.04,4.6089,1,1,1
1217,1,1,1,16.6,6,3.6572,2.9697,52151.18,4.2231,1,1,0
1215,1,1,1,1.9,1,22.8539,37.1142,73839.33,3.8318,1,3,0
615,1,1,1,21.17,2,2.668,1.99,54070.25,3.8764,1,1,0
1244,1,2,1,35.91,4,0.652,0.3168,26547.94,4.351,1,1,0
261,1,1,1,21.03,5,1.4564,1.9799,2264.8,3.9215,1,1,0
906,1,1,1,6.77,2,0.7977,1.0985,34861.38,3.9614,1,1,0
58,1,1,1,6.98,4,8.5645,7.4903,16144.22,4.314,1,1,0
513,1,1,1,10.66,1,3.3749,3.9727,15800.12,3.6292,1,1,0
724,1,2,1,9.78,3,7.7686,4.6348,73098.32,4.3496,1,1,1
431,2,1,1,1.4,1,6.0437,7.744,1239.05,3.5791,1,1,0
579,1,1,1,5.95,2,1.3119,0.9404,7315.16,3.4524,1,1,0
81,2,1,1,1.68,2,1.953,2.4418,2960.69,2.6509,1,1,0
94,1,1,1,8.86,4,9.1467,8.2179,8755.92,3.746,1,1,0
1315,1,1,1,7.24,1,0.5173,0.4672,23965.92,3.2234,2,3,0
1217,1,1,1,3.08,1,4.2526,3.7189,57209.0,3.0276,1,1,0
1440,1,1,1,25.95,6,1.259,0.2036,9436.38,4.9787,1,1,1
246,1,1,1,5.55,3,3.0399,5.2789,12638.77,3.0112,1,1,0
61,2,1,1,26.96,3,3.5148,2.3988,2791.36,3.706,1,1,0
121,2,1,1,1.85,2,4.4743,3.2971,5106.62,4.2285,1,1,0
44,2,3,1,5.74,1,8.3908,2.0973,4.0,2.0415,2,9,1
228,1,2,1,3.4,1,7.165,0.6253,748.46,3.381,1,1,1
109,1,2,1,8.47,1,9.8483,0.5658,399.4,3.6103,1,1,1
57,1,1,1,5.64,1,2.0598,3.4808,16166.13,3.8344,1,1,0
388,1,1,1,4.9,1,22.8969,31.2186,1563.77,2.3126,1,1,0
1333,1,2,1,8.42,2,1.4818,1.7371,57989.95,3.4263,1,1,0
422,1,1,1,18.37,3,0.3624,0.1974,36543.81,3.795,1,1,0
64,2,3,1,33.23,10,0.4729,0.0415,0.0,1.7797,2,25,1
326,1,2,1,8.77,1,1.4897,2.005,16712.85,3.5773,1,1,0
354,1,1,1,1.32,1,3.1379,3.1512,20080.38,4.1407,1,1,0
881,1,1,1,4.22,1,1.3194,1.5277,20254.12,3.1567,1,1,0
167,1,1,1,22.38,3,0.65,0.1683,320.59,4.0802,1,1,1
92,1,1,1,6.95,1,1.925,2.5297,23840.27,5.0,1,1,0
979,1,2,1,8.08,1,0.1735,0.2418,26553.8,3.4848,1,3,0
756,1,2,1,6.64,3,5.1757,6.379,22768.55,3.6561,1,1,0
86,1,1,1,26.07,3,0.8647,0.1655,48.78,3.7827,1,1,1
1356,1,2,1,20.47,5,0.8845,0.3186,4026.17,5.0339,1,1,1
60,1,2,1,35.82,12,0.439,0.0703,4.0,1.6716,5,21,1
427,1,1,1,3.63,2,9.5781,11.4809,13001.12,3.5231,1,1,0
356,1,1,1,8.23,3,9.2079,11.2802,5129.42,2.9726,1,1,0
347,1,2,1,5.16,1,14.1572,2.9786,373.18,2.9886,1,1,1
981,1,2,1,7.83,1,0.7129,0.8447,18858.03,4.4415,1,2,1
421,1,1,1,7.13,1,3.3287,3.9199,32867.12,4.2384,1,1,0
52,1,3,1,30.08,11,0.2914,0.0538,4.0,2.4539,2,18,1
58,1,1,1,12.32,1,2.2457,2.9052,30670.38,2.8411,1,2,0
969,1,1,1,4.26,2,17.7734,19.6935,13004.16,3.5841,1,1,0
77,1,1,1,4.48,3,34.1679,27.294,778.78,3.0982,1,1,0
316,2,1,0,2.56,2,8.8825,9.6106,3104.81,3.8234,1,1,0
736,1,1,1,2.47,1,8.0733,10.9053,48831.98,4.0842,1,3,0
766,1,1,1,6.12,1,9.4785,7.1068,28045.11,4.1297,1,1,0
64,1,3,1,10.2,2,8.7495,2.1317,0.0,2.5005,6,14,1
151,1,2,1,11.42,2,13.7593,12.1565,17787.03,4.3783,1,1,0
370,1,1,1,16.11,6,0.2725,0.0669,991.82,2.7957,1,1,1
114,1,1,1,2.59,2,1.0525,1.0001,7340.76,4.2194,1,1,0
98,2,1,1,4.55,2,0.6908,0.5916,3124.48,4.29,1,1,0
448,2,1,1,40.49,5,22.9963,27.0896,1629.0,3.3606,1,1,0
1248,1,1,1,9.43,1,4.8244,4.545,44138.79,4.606,1,1,0
117,1,1,1,2.54,2,0.6164,0.6614,433.91,2.6905,1,1,0
693,1,1,1,22.94,2,0.8891,1.2207,69343.4,4.2107,1,1,0
179,1,1,1,1.67,1,10.3291,10.8454,5000.67,3.6814,1,1,0
1375,1,2,1,30.47,6,1.3077,0.3269,3872.43,4.8287,1,1,1
422,2,1,1,1.38,1,6.7098,4.3902,7185.06,3.3988,1,1,0
86,1,1,1,4.06,4,8.1462,14.1586,20882.19,3.7224,1,1,0
877,1,2,1,21.49,6,3.0584,4.1332,77941.8,4.2536,1,1,0
99,1,1,1,3.56,3,5.45,6.8688,48899.85,4.2447,1,1,0
687,1,2,1,21.55,5,1.0984,0.4561,42073.97,3.9211,2,1,0
680,1,1,1,8.89,6,1.255,1.4494,27141.06,3.9388,1,1,0
81,1,1,1,23.83,7,10.3515,7.499,2799.72,2.5663,1,1,0
189,1,1,1,7.05,3,0.9414,1.3283,45759.77,3.982,1,1,0
1250,1,1,1,6.79,1,0.6346,0.9177,33352.29,4.1157,1,2,0
1231,1,1,1,23.18,3,0.6535,0.8358,61857.84,4.2515,1,2,0
1171,1,3,1,29.57,3,0.3849,0.1477,6154.09,4.9338,1,1,1
95,1,1,1,7.19,2,2.0756,3.4746,34394.18,3.0379,1,1,0
233,1,1,1,2.44,2,1.3777,1.8711,50976.07,4.3459,1,1,0
1006,1,1,1,16.31,7,2.7448,3.5295,62894.34,4.2428,1,1,0
53,1,1,1,7.8,5,7.4415,12.6789,12207.29,3.7406,1,1,0
164,2,1,1,26.66,2,5.999,5.1321,4983.4,3.4996,1,1,0
101,2,1,1,3.06,2,0.619,0.624,1784.53,2.7048,1,1,0
412,1,1,1,7.1,1,0.8939,1.0719,5504.17,3.6802,1,1,0
94,1,2,1,9.28,1,6.1781,1.1991,403.69,3.6851,1,1,1
178,1,2,1,16.89,3,3.5764,4.2283,22083.71,3.9513,1,1,0
332,1,1,1,3.51,1,8.4183,13.0085,11691.1,4.2179,1,1,0
558,1,1,1,3.73,2,1.6871,2.8121,34375.85,3.3536,1,1,0
184,1,1,1,5.68,3,15.9504,18.5874,12716.2,4.0692,1,2,0
62,1,1,1,5.74,1,1.1498,0.796,31190.1,3.4428,1,1,0
44,1,2,1,37.05,5,0.2093,0.0282,16.0,2.1185,3,24,1
420,1,1,1,7.26,4,14.1643,24.4334,29356.11,4.0655,1,1,0
372,1,1,1,14.26,2,4.2762,6.743,13682.93,3.8686,1,1,0
477,1,1,1,3.01,2,14.6262,17.6871,50020.63,3.0915,1,1,0
60,1,2,1,6.7,3,14.3515,0.7747,4.0,2.1537,3,7,1
66,2,1,1,6.13,2,3.4394,3.7611,11109.64,3.4592,1,1,0
279,2,1,1,4.31,3,22.826,26.0703,4738.52,2.724,1,1,0
64,1,1,1,9.5,1,1.2542,2.0916,29152.71,3.9084,1,1,0
662,1,1,1,21.93,3,2.5803,1.2602,65474.06,4.67,1,1,0
561,1,2,1,25.12,3,0.08,0.0697,17859.55,3.9401,1,1,0
395,1,1,1,5.6,3,16.3255,14.3971,28310.96,2.9318,1,1,0
50,2,1,1,7.56,2,0.9623,0.6398,1849.92,2.8711,1,1,0
96,1,1,1,3.27,1,4.1014,6.5677,27299.56,4.038,1,1,0
1344,1,1,1,4.85,1,6.9156,8.8232,15498.18,3.4542,1,1,0
747,1,1,1,19.54,2,1.5777,0.9861,29133.86,4.3876,1,1,0
256,1,2,1,4.57,1,11.3207,0.883,185.18,2.6417,1,1,1
355,1,1,1,23.0,6,0.1871,0.0403,359.2,3.3534,1,1,1
208,1,1,1,26.11,7,2.229,1.1072,39766.51,4.0117,1,1,0
396,2,1,1,42.14,5,2.7567,2.5687,3362.51,4.1993,1,1,0
1113,1,1,1,4.32,4,20.8936,20.0898,29812.64,4.4731,1,1,1
110,1,2,1,3.66,3,4.171,2.5594,44491.35,3.9952,1,1,0
346,1,1,1,18.14,3,9.9383,7.0357,14703.03,3.9369,1,1,0
74,1,1,1,5.6,1,9.2347,12.6791,24016.27,4.0336,1,1,0
115,1,1,1,2.27,1,30.5014,45.8492,60424.73,3.3678,1,1,0
1304,1,1,1,12.26,2,0.8039,0.5438,61766.27,4.8436,1,1,1
263,2,1,1,1.83,1,8.4403,11.3729,4070.02,3.7052,1,1,0
278,1,1,1,27.91,5,4.1919,4.4679,4651.33,3.2759,1,1,0
68,1,2,1,5.87,1,3.5608,4.5435,21595.7,3.5517,1,1,0
606,1,1,1,3.73,3,15.8939,7.2658,51313.59,4.46,1,2,1
85,1,1,1,3.03,1,3.7585,4.3566,5104.56,2.3594,1,1,0
60,1,3,1,35.69,12,0.0922,0.0222,16.0,2.053,3,11,1
431,2,1,0,3.19,1,4.8818,7.1914,605.35,3.8697,1,1,0
91,1,1,1,2.85,2,11.6196,8.0328,16399.38,3.6906,1,1,0
461,1,1,1,12.62,2,3.3704,2.9755,14447.54,4.0605,2,1,1
1438,1,2,1,28.64,6,1.4521,0.7773,14992.93,4.5596,1,1,1
81,2,1,1,33.5,3,15.2689,16.9345,493.32,3.0899,1,1,0
228,1,1,1,22.57,3,1.1013,0.2172,811.02,3.4688,1,1,1
768,1,1,1,7.79,2,1.1455,1.2346,11012.75,2.9192,1,1,0
48,2,1,1,2.13,2,1.639,0.9678,2887.55,2.959,1,1,0
763,1,1,1,6.56,5,34.4312,38.6112,20613.32,3.7632,1,1,0
108,1,1,1,5.5,5,2.9805,5.1128,1987.43,4.4605,1,1,0
788,1,1,1,9.47,1,1.2404,0.8359,34204.31,4.1728,1,1,0
51,1,1,1,7.88,1,2.8046,3.0562,17558.5,4.1623,1,1,0
113,1,1,1,26.44,3,12.4307,11.5857,1246.66,3.838,1,1,0
72,1,1,1,3.92,3,2.9705,4.7002,42470.13,4.57,1,1,0
232,1,1,1,8.89,1,3.8384,3.9306,12873.44,3.9177,1,1,0
58,2,1,1,2.89,1,43.524,25.4318,3947.35,4.8,1,1,0
836,1,2,1,6.98,2,5.7413,1.7693,49925.29,3.9892,1,1,1
734,1,2,1,19.2,7,4.5396,2.1208,64316.16,3.2954,1,1,0
1344,1,2,1,10.33,1,16.0561,23.2584,6578.86,4.5042,1,1,0
82,2,1,1,4.64,1,18.8335,12.0345,1139.75,3.1831,1,1,0
398,1,1,1,2.25,2,6.2336,4.0411,23695.38,3.6915,1,1,0
58,1,1,1,13.43,1,4.701,8.4072,11994.91,4.3808,2,1,0
44,1,1,1,29.8,7,0.3218,0.0158,16.0,1.7438,6,14,1
119,1,2,1,4.68,3,18.9324,24.734,12372.38,3.9584,1,1,0
708,1,1,1,5.16,4,2.9651,1.8128,17901.79,4.0539,2,1,0
833,1,1,1,7.05,2,0.7926,1.1263,27213.51,3.4533,1,1,0
757,1,1,1,2.83,2,6.8712,4.1707,25834.59,4.6297,1,1,0
391,2,1,1,1.66,1,10.0091,8.7068,6939.08,2.918,1,1,0
189,2,1,1,3.0,1,12.6498,15.4967,829.5,3.4988,1,1,0
365,2,1,1,4.07,3,3.9655,5.4811,394.81,3.173,1,1,0
110,1,1,1,4.47,4,8.5456,6.437,28613.97,4.1121,1,1,0
329,2,1,1,6.84,1,10.7089,9.0627,8766.15,2.9884,1,1,0
370,1,1,1,7.63,1,1.7996,2.6485,42970.87,3.6597,1,1,0
948,1,2,1,8.03,2,10.302,10.9278,45864.22,4.189,1,1,1
1391,1,1,1,33.7,1,2.419,2.6617,33389.72,4.4128,1,1,0
47,1,1,1,11.89,2,2.4911,4.4408,20309.68,3.8833,1,1,0
117,1,1,1,1.47,1,6.6155,5.4591,3093.1,2.5443,1,1,0
44,1,3,1,30.89,5,0.0647,0.0107,16.0,2.614,2,6,1
864,1,1,1,16.85,2,8.9435,10.6391,53244.15,3.9714,1,2,1
164,1,1,1,3.81,1,6.6605,1.0844,219.08,2.8151,1,1,1
1496,1,1,1,26.44,5,1.3147,0.3754,3487.72,4.6871,1,1,1
529,1,1,1,7.0,1,2.2894,3.5,37526.14,3.7947,1,1,0
548,1,1,1,25.85,4,0.6219,0.5471,49730.04,3.7717,1,1,0
104,2,1,1,30.36,4,4.5737,3.7425,2713.69,2.605,1,1,0
55,1,1,1,5.22,2,14.1797,21.973,6298.75,3.5927,1,1,0
342,1,2,1,3.67,1,11.3261,0.7281,1151.36,2.233,1,1,1
149,1,1,1,18.59,6,3.2555,1.5225,58440.24,4.9567,1,1,0
261,2,1,1,21.51,3,2.4245,1.9155,3245.03,3.8454,1,1,0
572,1,1,1,24.56,6,7.933,9.2763,40093.4,4.2264,1,1,0
167,2,1,1,4.23,1,4.686,6.0505,542.09,3.5038,1,1,0
559,1,1,1,4.93,2,5.876,6.0511,25975.81,3.5132,1,2,0
59,2,1,1,3.88,1,3.965,2.2371,248.08,4.0342,1,1,0
94,1,1,1,4.57,4,3.1986,5.664,27908.14,3.7317,2,1,0
81,1,1,1,2.95,2,27.0308,21.3067,28623.64,3.0179,2,1,0
1334,1,1,1,10.76,5,4.9658,2.6449,24732.33,4.1929,1,1,1
482,1,1,1,23.85,5,5.304,3.8191,39515.58,4.2297,1,1,0
97,1,1,1,1.96,1,14.8679,13.5058,2375.19,3.5883,1,1,0
1314,1,1,0,1.96,1,1.5547,1.5599,17105.49,4.3289,1,1,0
1319,1,1,1,14.0,3,7.553,6.6266,42663.93,4.2749,1,1,1
61,1,1,0,12.3,2,11.3667,10.1837,34268.73,4.1714,1,2,0
94,1,1,1,1.99,1,0.1676,0.1927,34044.45,3.3467,1,1,0
1128,1,1,1,18.45,1,1.0944,1.0505,26966.33,3.8931,1,1,0
1068,1,1,1,22.46,3,5.21,3.425,47293.79,4.1699,1,1,0
52,1,1,1,5.42,1,2.6789,3.7403,13524.11,3.9451,1,1,0
874,1,1,1,17.75,2,5.7234,4.4837,52255.56,3.9663,1,1,0
169,1,1,1,2.12,1,24.1733,19.142,2351.71,4.1375,1,1,0
59,1,1,1,12.39,1,0.3048,0.3595,20394.19,3.9965,1,1,0
655,1,1,1,16.13,6,0.24,0.1706,45861.52,3.651,1,1,0
117,2,1,1,25.06,4,3.3262,2.7585,6756.56,3.0932,1,1,0
64,2,2,1,8.55,3,11.084,1.3371,16.0,2.4479,3,25,1
754,1,2,1,6.8,1,6.5929,8.9755,18389.91,3.9201,1,1,0
378,1,2,1,29.73,5,0.4992,0.0536,826.63,3.8274,1,1,1
785,1,1,1,8.29,1,5.1692,7.794,29194.32,4.328,1,1,0
215,1,1,1,6.92,3,11.2524,1.414,2558.02,3.3488,1,1,1
1290,1,1,1,4.82,3,5.4073,9.3513,22754.23,4.5058,1,1,0
223,1,1,1,7.86,3,0.9788,1.6298,24639.17,3.9505,1,1,0
385,2,1,1,1.53,1,0.3023,0.4262,8365.33,3.0225,1,1,0
604,1,1,1,29.58,4,4.549,5.6751,37874.73,3.5884,1,1,0
356,1,1,1,5.72,2,2.4945,2.2903,18790.82,4.036,1,1,0
64,1,2,0,40.15,12,0.0914,0.0058,16.0,2.7261,6,24,1
340,1,1,1,15.95,7,0.6402,0.0563,89.51,3.2204,1,1,1
89,1,1,1,5.9,3,1.0292,0.8046,45147.54,3.5097,1,1,0
870,1,1,1,6.53,1,7.6685,7.359,8595.67,3.65,2,1,0
119,2,1,1,21.7,3,5.2451,7.6667,9342.92,4.3484,1,1,0
499,2,1,1,2.3,1,21.1454,11.3907,2700.7,4.2989,1,1,0
644,1,1,1,31.41,3,2.717,2.5014,45589.33,4.7802,1,1,0
1035,1,2,1,11.03,3,12.8445,11.3368,14408.69,3.6785,1,1,0
464,2,1,1,2.12,1,20.1314,22.9816,569.94,3.9626,1,1,0
84,2,1,1,4.22,1,4.4304,5.6609,2559.96,3.4581,1,1,0
865,1,1,1,3.99,7,5.1424,2.5516,56625.2,4.4271,1,1,1
110,1,1,1,23.5,7,1.1218,0.5135,46769.45,4.0874,1,1,0
1129,1,1,1,2.12,1,5.4283,8.8878,60010.87,3.6322,1,1,0
1283,1,1,1,10.98,1,7.0269,7.0476,4527.33,3.5944,1,3,0
276,1,1,1,10.1,3,6.2838,10.3899,6567.39,3.0544,2,1,0
52,1,3,1,41.3,15,0.2113,0.0391,16.0,2.434,4,12,1
368,1,1,1,4.28,4,2.915,3.7269,17787.41,4.4724,1,1,0
136,2,1,1,2.22,1,2.0059,1.6953,1863.42,3.6565,1,1,0
303,1,2,1,21.12,5,0.2455,0.0667,318.6,3.6837,1,1,1
174,1,2,1,3.21,2,7.5219,1.4642,620.52,2.8437,1,1,1
1312,1,1,1,23.24,3,6.6326,9.2241,45000.88,4.3017,1,1,0
317,1,1,1,4.98,3,4.0932,4.4555,20320.96,3.9971,1,1,0
1479,1,1,1,35.6,6,1.1762,0.136,10548.53,4.7006,1,1,1
1075,1,2,1,43.56,6,0.7242,0.2883,14181.87,5.0108,1,1,1
64,1,3,1,53.33,6,0.4767,0.0889,16.0,2.2492,2,5,1
384,2,1,1,2.2,1,7.7885,5.0093,7011.66,2.6606,1,1,0
140,1,1,1,4.86,3,17.6045,1.2527,599.72,3.0972,1,1,1
1261,1,1,1,29.56,7,1.2704,0.488,4920.9,3.9976,1,1,1
456,1,1,1,4.53,1,2.7877,1.7376,31354.58,3.903,1,2,0
163,1,2,1,1.7,1,4.8773,5.9162,7920.53,3.2645,1,1,0
114,1,1,1,2.15,2,7.1099,9.087,14503.46,3.9658,1,1,0
282,1,1,1,37.41,2,8.0687,8.7911,23607.34,4.3674,1,1,0
1453,1,1,1,21.75,5,1.3551,0.7761,15185.23,4.8464,1,1,1
720,1,1,1,23.69,5,0.7627,0.8362,95726.13,4.5563,1,2,1
74,2,1,1,2.43,1,5.4004,6.5362,174.19,2.8408,1,1,0
117,2,1,0,4.41,1,19.52,11.9057,901.54,3.3126,1,1,0
927,1,1,1,5.09,1,12.4369,8.6992,14390.47,3.4719,1,1,0
789,1,1,1,5.88,1,4.1295,3.2614,16180.17,4.16,1,1,0
108,1,1,1,2.08,2,5.9473,7.4986,36941.38,3.7448,1,1,0
220,1,1,1,10.05,1,11.6793,7.0119,64974.25,4.451,2,1,0
231,1,1,1,10.01,1,14.6152,0.8112,283.71,3.1411,1,1,1
40,1,3,1,43.29,5,0.4658,0.0834,4.0,2.4237,5,24,1
1379,1,1,1,9.57,1,2.1641,1.6348,49851.33,3.4996,1,1,0
233,1,1,1,27.03,4,0.714,0.0467,1291.89,3.9293,1,1,1
390,1,1,1,3.42,1,2.64,1.6034,3914.35,3.378,1,1,0
1109,1,2,1,25.17,8,0.8884,0.3254,788.81,4.8046,1,1,1
1473,1,1,1,10.66,6,6.5647,6.0941,100193.15,4.6871,2,1,1
97,1,1,1,4.13,1,11.1108,19.2287,10187.41,4.1462,1,1,0
52,1,3,1,7.21,3,4.6036,0.2299,4.0,3.1977,5,11,1
40,1,1,1,34.46,8,0.3814,0.0468,16.0,1.9324,2,19,1
126,2,1,1,4.81,1,6.4851,4.8264,5743.07,3.7348,1,1,0
957,1,2,1,15.27,6,0.3752,0.3983,47129.61,4.0754,2,1,0
52,3,3,1,34.11,5,0.2954,0.0186,4.0,2.3523,3,9,1
59,1,1,1,6.8,1,11.8086,13.9392,15548.9,4.2586,1,1,0
180,1,2,1,20.08,2,1.6261,0.736,67092.17,4.2331,1,1,0
1052,1,1,1,40.57,7,1.4873,0.7334,3019.34,4.8566,1,1,1
42,1,1,1,10.63,4,1.6208,1.8359,42769.05,3.8226,1,1,0
44,1,3,1,52.14,7,0.4725,0.0461,4.0,2.6405,5,22,1
1404,1,2,1,28.27,4,0.4208,0.2212,1825.81,4.3752,1,1,1
272,1,1,1,3.3,1,9.8049,1.0882,144.9,3.6502,1,1,1
68,1,1,1,5.06,1,0.5687,0.8381,58934.79,3.8287,1,1,0
101,1,1,1,3.13,3,1.2527,1.4363,18011.91,3.8665,1,3,0
52,1,1,1,34.83,10,0.125,0.0247,16.0,2.3271,6,15,1
880,1,1,1,25.68,6,3.0654,2.3424,22922.31,4.3415,2,1,0
1345,1,1,1,3.04,1,13.5396,14.4484,16649.66,2.9831,1,1,0
154,1,1,1,13.97,5,5.4727,6.1395,32089.04,4.895,2,1,0
83,2,1,1,22.19,7,4.3723,5.1898,3272.05,4.1476,1,1,0
316,1,1,1,2.86,2,0.9367,1.4912,35027.68,3.6143,1,1,0
731,1,1,1,3.22,1,6.4602,8.0585,5003.84,3.2231,1,1,0
224,1,1,1,19.7,4,0.7968,0.1251,785.97,3.4563,1,1,1
107,1,1,1,3.67,1,1.953,3.131,51577.78,3.6268,1,1,0
598,1,1,1,14.06,8,0.8099,0.7574,58052.0,3.8566,1,1,0
1375,1,1,1,7.66,4,2.5384,3.8603,19703.82,3.1416,1,2,0
45,1,1,1,5.23,4,2.0084,2.5286,35072.63,4.0825,1,1,0
436,1,2,1,7.72,4,2.052,1.9771,32877.27,3.7145,1,1,0
939,1,1,1,10.76,1,1.3673,1.4715,69071.38,4.1579,1,1,1
463,2,1,1,1.03,2,4.0621,5.8135,3165.97,4.4098,1,1,0
698,1,1,1,8.57,3,1.8765,2.0453,43071.22,3.0401,1,2,1
522,1,2,1,3.34,1,5.1,6.1443,22981.14,3.84,1,1,0
1491,1,2,1,20.86,9,0.3815,0.1217,3095.27,4.523,1,1,1
299,1,2,1,18.96,6,0.306,0.0664,1166.28,2.4383,1,1,1
336,1,1,1,16.36,6,0.8511,0.1674,272.83,3.2086,1,1,1
509,2,1,1,32.09,5,7.9696,4.9515,3072.0,2.3607,1,1,0
87,2,1,1,22.51,5,0.4084,0.2644,3808.01,3.031,1,1,0
116,1,2,1,10.35,2,7.8483,7.5426,9520.09,3.8353,1,1,0
204,2,1,1,18.66,10,18.7059,23.9079,3528.93,3.3513,1,1,0
348,1,1,1,14.35,2,4.4108,6.9148,13945.74,3.8235,1,1,0
58,1,1,1,7.89,3,8.6458,6.1162,17661.49,3.8103,1,3,0
279,1,1,1,1.4,1,22.646,25.463,323.02,3.5236,1,1,0
842,1,1,1,8.29,6,0.3249,0.3659,45562.68,4.7434,1,1,1
972,1,1,1,10.3,2,2.175,1.196,30807.01,5.0799,1,2,1
986,1,1,1,3.47,1,2.7373,4.0043,29744.42,3.0609,1,2,0
64,1,1,1,11.4,4,12.8529,2.5825,0.0,2.3142,3,16,1
274,1,1,1,21.28,3,0.6863,0.1473,375.09,3.8299,1,1,1
393,2,1,1,6.74,1,2.0012,1.3901,2917.27,2.7062,1,1,0
48,1,1,1,3.41,3,7.4341,8.275,7899.6,4.0922,1,1,0
1129,1,2,1,4.29,3,5.1375,3.5412,17350.65,4.2836,1,1,0
323,1,1,1,3.9,3,7.7105,9.2549,11491.03,3.9873,2,1,0
1196,1,1,1,3.35,1,13.0494,9.1665,35208.06,4.0067,1,2,0
446,1,1,1,4.23,1,9.5655,10.6283,14023.25,4.2313,1,1,0
723,1,1,1,2.58,2,4.1255,5.953,22546.01,3.5629,1,3,0
1013,1,1,1,29.78,3,7.7156,3.5954,48692.57,4.7169,1,1,0
441,2,1,0,19.54,3,3.7224,4.1923,1768.42,4.0055,1,1,0
466,2,1,1,21.31,4,22.799,27.9444,8014.84,3.3238,1,1,0
979,1,1,1,5.58,2,11.9086,3.8629,17614.46,4.6522,1,1,1
219,1,2,1,7.2,1,5.3407,0.9342,291.35,3.283,1,1,1
171,1,2,1,6.43,2,17.9424,4.7477,1537.94,2.9053,1,1,1
115,1,1,1,15.96,2,11.1014,8.2131,2382.56,2.6269,1,1,0
402,2,1,1,34.86,4,5.1868,7.5327,477.0,4.4164,1,1,0
56,1,1,0,3.25,1,2.6155,3.0275,1664.35,3.2702,1,1,0
439,1,2,1,11.03,3,3.4562,4.0912,31697.93,4.3555,1,2,1
81,2,1,0,17.14,3,8.0877,6.249,347.08,3.6337,1,1,0
392,2,1,1,20.03,5,8.599,6.4062,1579.04,3.5964,1,1,0
684,1,1,1,17.71,5,9.3507,3.4064,27438.52,4.4932,1,2,1
1437,1,1,1,8.0,2,2.0257,3.2187,16370.19,2.9909,1,1,0
424,1,1,1,21.94,6,0.3166,0.3111,50575.65,4.197,1,1,0
40,1,1,1,9.39,1,4.1022,0.6462,16.0,2.7294,4,6,1
1295,1,2,1,20.4,4,0.7396,0.1637,4511.22,4.7057,1,1,1
497,1,1,1,2.93,1,0.6898,0.9015,22857.19,4.0529,1,1,0
157,1,2,1,2.71,1,6.5124,1.1933,199.36,3.9057,1,1,1
342,1,1,1,8.07,2,5.1387,0.4007,838.59,2.7064,1,1,1
937,1,1,1,16.66,3,2.1865,3.0539,35216.87,3.4863,1,2,0
387,1,1,1,2.7,1,2.467,2.9333,43349.45,4.7817,1,1,0
149,1,2,1,25.37,3,1.1654,0.1044,999.52,4.3531,1,1,1
247,1,1,1,43.21,6,0.2534,0.0449,311.86,3.6605,1,1,1
1136,1,1,1,23.88,5,6.3158,5.8471,39520.85,3.914,1,1,0
1161,1,1,1,15.0,2,1.5632,0.9568,56079.21,4.4312,1,2,0
417,1,1,1,5.04,1,3.8097,4.0508,8694.57,3.3062,1,1,0
480,1,2,1,3.28,3,3.9523,5.447,24495.17,3.6503,1,1,0
1192,1,1,1,5.48,3,2.1876,0.9762,90114.23,4.2645,1,1,1
332,1,1,1,24.37,3,1.0788,0.2208,84.43,2.9252,1,1,1
1070,1,1,1,2.01,2,1.9942,3.2402,13426.13,3.3238,1,1,0
414,2,1,1,7.47,1,4.713,3.7293,2833.14,3.4641,1,1,0
734,1,1,1,7.28,3,5.3233,1.6887,43875.05,4.1651,1,2,1
113,1,1,0,5.15,2,4.3788,7.1621,48455.74,3.6131,1,1,0
207,1,1,1,35.35,6,0.3619,0.0254,402.94,3.2056,1,1,1
898,1,1,1,8.85,3,16.3958,25.77,36043.8,3.9601,1,1,0
182,1,1,1,4.48,1,9.4104,15.0809,12532.66,4.0476,1,1,0
366,1,1,1,15.72,3,0.2369,0.2385,41137.94,3.7906,1,2,0
1166,1,1,1,29.2,6,0.7577,0.2534,3437.45,4.7329,1,1,1
96,2,1,1,2.46,1,3.4642,3.859,1082.2,4.8,1,1,0
301,1,2,1,5.24,1,5.106,1.2496,1685.46,3.415,1,1,1
122,1,1,1,7.19,1,15.0226,10.9793,1492.42,3.9243,1,1,0
91,1,2,1,25.52,8,0.5778,0.0963,292.46,3.048,1,1,1
874,1,1,1,2.91,2,11.6045,18.1856,27058.02,3.5374,1,3,0
1268,1,1,1,9.05,2,3.9875,6.5691,9753.99,3.5421,1,3,0
965,1,1,1,10.39,1,1.106,0.5599,93648.06,3.8191,1,1,1
126,2,1,1,2.43,2,8.3257,10.1074,1765.37,4.562,1,1,0
507,1,1,1,5.39,2,1.4325,1.5898,32597.69,3.7578,1,1,0
201,1,1,1,26.0,4,0.7554,0.0322,1167.03,3.4291,1,1,1
286,1,1,1,24.56,6,0.1854,0.0092,269.81,2.9661,1,1,1
52,1,3,1,35.73,8,0.3042,0.0261,16.0,2.2066,6,10,1
1175,1,2,1,13.94,8,0.3141,0.1555,7386.17,4.683,1,1,1
1226,1,1,1,13.09,5,12.228,7.9479,49123.24,3.8753,1,2,0
206,1,1,1,4.36,4,3.8287,6.8422,27217.3,3.9891,1,1,0
188,1,1,1,2.08,2,6.0909,9.0129,14691.46,4.0723,1,1,0
81,2,1,1,6.16,3,1.9249,2.2993,1244.24,2.8449,1,1,0
83,2,1,1,3.45,2,11.8388,7.31,780.41,2.6679,1,1,0
677,1,1,1,6.49,3,1.9201,2.1166,28089.03,4.6864,1,1,1
86,1,1,1,10.36,1,0.9123,1.1343,17716.93,3.136,1,1,0
1287,1,2,1,20.71,1,5.4916,5.7429,25122.81,4.0745,1,1,1
211,1,1,1,3.01,1,1.5298,0.9721,64737.36,4.1462,1,2,0
509,1,1,1,3.25,3,7.5527,10.9882,26225.35,4.6513,1,1,0
374,1,1,1,32.78,3,0.6998,0.115,59.27,2.3664,1,1,1
914,1,1,1,3.4,2,3.4636,4.8342,31474.42,4.4667,1,1,0
361,1,1,1,7.75,3,1.2961,1.1697,56114.54,3.7447,1,1,1
374,1,1,1,3.9,1,4.981,4.4702,12832.36,3.9647,1,1,0
105,1,2,1,4.44,2,3.0964,2.2303,17209.77,4.3219,1,2,0
76,2,1,1,2.53,2,1.9681,1.1597,1680.99,3.7451,1,1,0
115,1,1,1,27.3,7,0.1742,0.0385,152.31,2.9646,1,1,1
326,2,1,1,1.91,2,3.1388,2.0976,955.95,3.3357,1,1,0
478,1,1,1,7.84,1,8.89,12.3593,28812.12,4.0082,1,1,0
1182,1,2,1,25.92,2,2.1376,0.9478,23873.06,3.8999,1,1,0
551,1,1,1,2.99,1,1.412,1.3556,47039.07,4.305,1,1,0
1259,1,1,1,13.01,8,4.5275,4.196,59125.4,3.5224,2,1,0
71,1,1,1,3.41,2,3.5894,2.5985,6724.68,3.8859,1,1,0
965,1,1,1,19.29,5,6.1029,5.9728,95144.45,3.9164,2,1,0
44,1,3,1,38.63,15,0.1134,0.0265,4.0,3.0792,2,10,1
1276,1,1,1,24.5,5,0.2117,0.054,3327.92,4.5424,1,1,1
540,1,1,1,14.14,4,0.249,0.2336,28326.33,4.3808,1,1,0
40,1,2,1,12.11,5,7.3329,0.918,0.0,1.8051,2,16,1
1444,1,1,1,11.65,1,0.2593,0.1631,15154.61,4.1971,1,1,0
1212,1,1,0,10.34,1,2.5886,4.4816,34262.98,3.5234,1,3,0
732,1,2,1,26.71,4,3.5355,4.6782,33113.68,4.0758,1,1,0
841,1,1,1,12.8,1,6.7656,4.0204,47984.4,4.223,1,1,1
542,1,1,1,7.16,3,1.4676,1.4521,14674.82,3.3345,1,1,0
565,1,1,1,6.52,2,1.7967,0.7128,107620.97,4.4119,1,1,1
176,2,1,1,3.24,2,16.2309,16.729,1030.17,3.6558,1,1,0
1476,1,1,1,28.11,4,0.2743,0.0965,3121.65,4.7598,1,1,1
52,1,2,1,4.64,3,9.0734,14.2411,6092.13,3.9883,1,1,0
162,1,1,1,14.74,1,4.4407,5.6053,33341.38,4.735,1,2,0
870,1,1,1,6.92,3,14.0883,11.2151,21159.45,2.9508,1,1,0
44,1,3,1,36.87,10,0.1587,0.0238,0.0,2.8821,2,25,1
738,1,1,1,5.96,1,1.988,3.026,15494.95,3.7613,1,2,0
742,1,1,1,8.06,2,4.2671,6.2156,41202.5,3.974,1,1,0
66,1,1,1,2.13,6,10.8674,13.1371,5156.43,2.9501,1,1,0
71,1,1,1,4.82,4,2.1675,3.8204,38737.35,3.9732,1,1,0
520,1,1,1,20.56,5,0.3547,0.4269,51085.81,3.3719,1,2,0
268,1,1,1,20.01,5,8.2551,8.4652,136662.23,3.8854,1,2,0
433,1,1,1,1.43,1,34.9359,38.8021,26296.75,3.4433,1,1,0
950,1,2,1,5.31,2,5.9607,3.4738,33971.4,4.1093,1,1,1
112,1,1,1,7.04,1,2.0837,1.4909,8546.47,3.6017,1,1,0
1211,1,1,1,3.15,1,2.5296,1.9437,43354.57,4.7383,1,1,1
1420,1,1,1,3.23,3,1.774,3.1681,22444.05,4.1188,1,1,0
93,1,2,1,38.93,4,0.2337,0.0665,1170.7,3.102,1,1,1
472,1,1,1,24.74,2,1.9972,2.4939,2963.61,3.2567,1,1,0
848,1,1,1,14.56,5,0.0604,0.0768,69670.22,3.562,1,2,0
770,1,1,1,5.75,2,6.326,7.5741,11584.54,3.434,1,1,0
167,1,1,1,9.04,3,4.0141,2.532,9509.01,3.1602,1,1,0
378,1,1,1,3.55,1,17.0676,1.3497,2007.68,2.7359,1,1,1
201,2,1,1,1.17,1,5.1665,6.5188,1436.29,3.6164,1,1,0
67,1,1,1,3.91,1,5.8698,3.9828,2733.78,2.048,1,1,0
98,1,1,1,4.64,1,16.3738,19.8749,33296.02,4.0491,1,1,0
1015,1,1,1,16.72,4,0.2704,0.1659,37646.01,4.1316,1,1,0
1109,1,1,1,15.94,4,0.8942,0.1676,5381.75,4.2665,1,1,1
44,1,1,1,9.03,4,11.9979,16.1514,15789.72,3.4303,1,1,0
1077,1,1,1,7.11,2,3.9372,5.6616,41346.31,3.5772,1,1,0
374,1,1,1,6.83,1,0.2984,0.5088,30294.75,3.8096,1,1,0
108,1,2,1,23.88,6,0.1432,0.0312,981.98,2.7078,1,1,1
63,1,1,1,7.82,1,14.4258,17.9257,74875.88,4.6205,1,1,0
276,1,2,1,8.34,1,9.7138,9.816,46351.05,4.1677,1,1,1
400,1,1,1,8.04,2,8.7911,3.4939,96969.68,4.8242,1,2,1
102,1,1,1,6.45,5,2.5513,3.7215,32641.43,3.8796,1,1,0
1186,1,1,1,7.85,2,0.2743,0.2303,10926.65,3.1991,1,1,0
158,1,1,1,15.83,7,0.5356,0.1596,85.55,2.7734,1,1,1
324,1,1,1,11.52,1,4.2839,2.4563,52819.7,4.1162,1,2,1
1034,1,1,1,10.46,1,0.3132,0.1268,65578.6,4.4276,1,2,1
272,2,1,0,3.29,2,4.0652,3.674,1440.01,2.8619,1,1,0
896,1,1,1,1.51,1,3.5667,3.299,29813.46,3.8908,1,1,0
273,1,1,1,13.03,2,2.0682,1.7544,16639.02,4.1238,1,2,0
84,1,1,1,32.1,7,8.0141,4.0744,6273.01,3.3875,1,1,0
92,2,1,1,2.88,2,18.515,23.4227,2078.27,4.1761,1,1,0
376,1,1,1,25.83,3,10.385,8.3135,2337.23,3.3031,1,1,0
678,1,1,1,17.39,5,4.7821,6.3011,35224.24,4.0503,1,1,0
111,1,1,1,7.13,1,7.2153,8.9734,21308.3,4.2194,1,1,0
916,1,1,1,4.71,4,3.0178,4.8929,32086.5,3.9463,1,1,0
116,1,1,1,3.33,3,4.5213,7.9635,25469.43,4.4005,1,1,0
1356,1,1,1,3.28,2,0.966,1.6855,52947.43,4.4248,1,1,0
44,1,1,1,3.36,1,13.1216,3.2352,16.0,2.9049,2,7,1
53,2,1,1,30.76,3,4.0431,5.1052,3179.76,3.6946,1,1,0
81,1,2,1,4.82,1,12.0099,20.0867,15378.18,3.1509,1,1,0
392,1,1,1,2.79,1,17.6756,15.8363,41084.78,4.2273,1,1,0
504,1,1,1,3.18,3,2.3835,3.667,12352.11,4.1445,1,1,0
520,1,1,1,9.39,3,2.403,1.5726,40917.82,4.9736,1,1,1
64,2,1,1,5.31,3,12.4266,0.5153,16.0,2.2372,3,17,1
1267,1,1,1,2.58,2,2.9263,2.2511,8964.91,4.047,1,1,0
82,1,1,1,15.68,1,2.9279,2.1051,29464.36,4.5169,1,1,0
152,1,1,1,12.88,4,0.7086,0.6383,55322.76,3.8386,1,1,0
567,1,1,0,5.79,1,6.7606,4.8911,9449.17,4.2301,1,1,0
727,1,2,1,8.82,1,3.8251,2.1593,85030.76,4.9573,1,1,1
1085,1,1,1,4.37,2,8.5071,14.3882,15067.12,4.0537,1,1,0
118,1,1,0,11.59,1,13.2751,15.3625,4069.06,3.9402,1,1,0
335,1,2,1,6.61,1,16.3105,2.1468,343.9,3.018,1,1,1
55,1,1,1,4.42,4,3.3241,5.1335,9525.1,3.5568,1,1,0
309,1,2,1,4.76,2,6.1409,0.8555,438.44,2.8049,1,1,1
60,1,2,1,33.82,5,0.2725,0.0601,4.0,1.5874,3,19,1
222,1,1,1,14.11,2,1.0006,0.9494,13028.04,3.701,1,1,0
724,1,1,1,19.34,2,3.4671,3.616,43023.74,4.5555,1,1,0
447,1,1,1,23.28,6,5.8496,5.776,44033.62,3.8305,1,2,0
116,1,1,1,5.94,1,1.477,1.6698,7052.3,3.1224,1,1,0
64,2,2,1,47.63,13,0.1229,0.0107,0.0,2.4671,3,24,1
1207,1,1,1,15.29,3,1.0325,0.5258,61977.44,3.8997,1,1,0
93,1,1,1,5.55,2,17.4426,15.8173,48441.71,3.6672,1,1,0
1052,1,3,1,20.84,7,0.8263,0.2004,2365.83,4.8331,1,1,1
1076,1,1,1,2.83,2,5.4399,4.1916,16142.13,3.147,1,1,0
1062,1,1,1,3.67,1,1.1999,0.932,13386.33,3.084,1,1,0
44,2,1,1,3.95,4,10.1585,1.6101,0.0,2.7294,6,20,1
110,1,1,1,6.45,2,2.5559,4.1199,41397.51,3.9735,1,1,0
213,2,1,1,4.86,1,8.8691,9.5868,1834.5,3.2896,1,1,0
368,1,1,1,4.51,2,0.8777,1.2658,20629.95,4.1818,2,1,0
317,1,1,1,4.91,1,6.7895,7.1463,11979.56,4.1688,2,1,0
88,1,2,1,22.62,3,0.5277,0.0364,496.86,3.1836,1,1,1
58,2,1,1,2.55,1,2.9118,2.5434,1491.72,3.1766,1,1,0
1044,1,1,1,24.03,6,0.6046,0.3547,3255.37,4.2699,1,1,1
120,1,1,1,1.63,1,7.6352,7.9664,50355.71,2.9721,1,1,0
52,2,1,1,29.94,3,1.8696,2.0732,3328.7,2.8813,1,1,0
42,1,1,1,4.14,3,0.3609,0.3894,9540.66,3.3483,1,3,0
898,1,2,1,19.74,1,1.9257,0.9301,11650.9,4.158,1,1,0
887,1,1,1,12.18,3,4.338,5.7948,33858.26,4.0191,1,1,0
432,1,1,1,3.45,3,1.4165,1.4102,12713.36,4.5001,1,1,0
1114,1,1,1,30.93,3,1.4939,0.8386,2792.87,4.7787,1,1,1
188,1,1,1,5.32,1,13.7123,18.2695,2319.51,3.6035,1,1,0
688,1,1,1,11.08,4,1.832,1.2994,10989.8,4.1126,1,1,0
349,1,2,1,3.74,3,11.2082,0.6168,577.97,2.3225,1,1,1
67,1,1,1,19.59,4,0.3452,0.0744,379.16,3.4563,1,1,1
72,1,2,1,6.68,1,15.4291,3.8444,1237.71,3.9937,1,1,1
194,1,2,1,33.71,8,0.2159,0.029,595.7,2.5717,1,1,1
89,1,1,1,5.04,2,5.4149,5.4984,19295.11,4.0015,1,1,0
798,1,1,1,8.37,2,12.1334,13.3635,25635.83,4.5755,1,1,0
186,1,2,1,28.13,6,0.5534,0.1076,496.64,3.0615,1,1,1
90,1,1,1,4.19,2,0.5057,0.4885,65712.68,4.2435,1,1,0
1048,1,2,1,19.2,1,4.8363,5.6179,42635.45,3.9683,1,1,1
1393,1,2,1,28.55,2,1.609,0.8192,2223.06,4.2957,1,1,1
1426,1,2,1,3.57,2,1.9562,2.0752,13031.3,2.9195,1,1,0
193,2,1,0,17.9,4,10.5856,7.2279,1996.38,3.6066,1,1,0
115,1,1,1,4.9,4,4.929,7.4204,19770.76,3.4817,1,1,0
93,2,1,1,1.89,1,4.5191,6.3691,2591.35,3.9623,1,1,0
1031,1,1,1,35.03,6,0.814,0.113,7768.1,4.9882,1,1,1
956,1,1,1,12.24,4,0.2402,0.2718,47772.95,4.844,1,1,1
819,1,1,1,17.22,3,0.9698,0.7351,40192.94,3.6071,2,1,1
40,1,1,1,41.81,12,0.4218,0.0401,0.0,2.7828,6,17,1
1431,1,3,1,21.22,12,0.4018,0.072,11455.59,5.1466,1,1,1
50,2,1,1,3.48,1,24.8619,29.0225,2102.09,3.2397,1,1,0
161,1,2,1,16.2,4,3.0826,4.0483,69736.27,4.2148,1,1,0
1000,1,1,1,4.21,1,1.5985,2.3761,22013.26,3.65,1,1,0
317,1,1,1,40.47,3,0.6526,0.1783,413.78,3.6574,1,1,1
63,1,1,1,4.74,2,6.9883,12.0818,34242.28,4.0158,1,1,0
1154,1,1,1,24.2,2,14.6,15.4117,58422.81,4.3422,1,1,0
706,1,2,1,22.73,6,2.6577,2.902,44245.84,4.269,1,1,0
115,1,1,1,25.57,3,1.1741,0.3389,253.23,3.2087,1,1,1
905,1,1,1,3.81,2,8.0108,13.7765,12920.99,4.7248,1,1,0
154,1,1,1,32.1,3,0.3652,0.0587,1484.04,3.0794,1,1,1
410,1,1,1,3.8,2,22.6355,35.8521,25457.59,3.9983,1,1,0
52,1,2,1,57.7,5,0.3951,0.0343,16.0,2.8044,6,25,1
1315,1,1,1,23.17,5,1.4833,0.6816,11972.64,4.7161,1,1,1
1493,1,1,1,27.5,4,0.607,0.2141,808.8,4.2824,1,1,1
951,1,2,1,7.41,2,13.4928,14.9637,24246.45,4.1706,1,1,1
722,1,2,1,10.21,4,5.9582,3.9774,36479.23,4.2947,1,1,1
298,1,1,1,6.61,1,6.7634,0.7114,253.81,3.0001,1,1,1
58,1,1,1,6.47,1,23.9972,23.0296,3819.67,4.6064,1,1,0
96,2,1,1,8.51,1,2.759,2.822,4163.35,2.7567,1,1,0
101,1,1,1,37.96,9,0.9217,0.2137,266.02,3.4033,1,1,1
945,1,1,1,4.31,1,14.0829,16.6139,36843.5,3.4042,1,1,0
1080,1,1,1,3.99,2,9.1076,10.9939,54135.18,3.8835,1,1,0
587,1,1,1,2.49,1,2.1062,1.4206,43063.17,3.9305,1,1,0
283,1,1,1,26.84,3,7.0853,4.4683,63459.99,4.0446,1,1,0
80,1,2,1,23.22,7,0.2609,0.0151,1060.79,2.3954,1,1,1
1160,1,1,1,15.14,5,2.8581,2.4243,84402.16,3.984,2,1,1
95,2,1,1,2.17,1,8.9786,8.0805,2532.74,3.3913,1,1,0
1173,1,2,1,13.32,2,2.6754,3.4862,22324.05,3.3909,2,1,0
975,1,1,1,32.86,4,0.4238,0.2837,30975.95,4.0339,1,1,0
84,2,1,1,4.75,1,10.4897,5.3443,4326.15,3.7684,1,1,0
72,1,1,1,3.7,1,3.0904,5.0959,8042.9,4.6208,2,1,0
85,2,1,1,3.8,2,11.2383,14.6992,9020.85,3.9478,1,1,0
338,1,1,1,18.58,5,0.3936,0.0449,474.16,2.792,1,1,1
144,1,1,1,20.41,2,9.8673,7.2398,5344.58,3.4597,1,1,0
872,1,2,1,20.21,1,6.097,4.1611,46478.4,4.3338,2,1,0
177,1,1,1,4.14,4,8.812,13.0964,4073.42,3.7119,1,1,0
105,1,1,1,4.4,1,29.0372,43.6634,35256.59,3.4721,1,1,0
342,2,1,0,30.45,2,1.8235,2.3326,785.78,3.0358,1,1,0
338,1,1,1,35.27,1,7.0125,6.4734,51168.9,4.3655,1,1,0
1361,1,1,1,19.17,7,1.4802,0.6452,10614.69,4.9101,1,1,1
311,1,1,1,40.01,8,0.9338,0.1995,1984.5,3.316,1,1,1
620,1,1,1,12.56,6,2.3249,2.3882,74438.98,4.8216,1,1,0
104,2,1,1,23.19,5,10.3044,6.3182,12355.72,2.8049,1,1,0
940,1,1,1,21.13,2,0.7976,0.6909,80271.68,4.5931,2,1,0
924,1,1,1,20.27,4,3.8369,1.9179,46674.61,4.543,1,1,0
266,2,1,1,1.72,1,2.4683,2.0242,1175.88,3.5888,1,1,0
235,1,2,1,4.6,3,2.24,1.4744,34633.14,4.2336,1,1,0
64,1,1,1,2.09,2,0.8895,1.0325,24963.25,4.3267,1,1,0
1241,1,2,1,28.06,3,1.6894,0.5335,10120.53,5.1547,1,1,1
934,1,1,1,12.3,1,1.7068,2.2919,39847.85,4.494,1,1,0
126,2,1,1,1.44,1,5.8262,3.2123,763.4,3.2265,1,1,0
1354,1,1,1,7.06,2,1.1578,1.943,25453.08,3.9287,1,1,0
79,1,1,1,13.71,4,7.6915,9.9775,14840.0,3.9902,1,1,0
461,1,1,1,3.13,1,17.8198,25.5226,2565.93,3.1465,1,1,0
844,1,2,1,9.72,1,11.0373,18.309,17512.58,3.9606,1,1,0
236,1,1,1,6.76,2,1.955,1.4872,6904.88,3.1267,1,1,0
1353,1,2,1,16.84,4,2.8374,2.2578,33637.64,4.2565,1,1,0
94,1,1,1,4.64,1,1.9118,3.3796,15486.74,3.6865,1,3,0
45,1,1,1,3.28,3,5.9814,9.8203,18185.32,4.4653,1,1,0
74,2,1,1,1.12,3,38.9067,48.7268,3239.29,3.8957,1,1,0
769,1,1,1,19.69,1,7.3235,3.8293,36730.03,3.695,1,1,1
85,1,1,1,9.16,1,10.1459,8.9237,39789.27,3.6984,1,3,0
908,1,1,1,25.1,3,2.4869,2.5842,74719.22,4.4067,1,1,0
68,2,1,1,2.51,5,3.4162,4.8366,1852.32,3.7019,1,1,0
78,1,1,1,6.37,5,3.3081,5.7876,41332.86,3.2452,1,1,0
309,1,2,1,23.56,5,1.0351,0.1566,1481.62,3.8492,1,1,1
111,1,1,1,6.85,2,6.9414,6.0936,19336.96,4.0464,1,1,0
79,1,1,1,5.19,5,2.3699,3.0406,5120.32,2.533,1,1,0
1458,1,1,1,30.02,5,1.4527,0.2692,12093.44,4.8423,1,1,1
73,1,2,1,3.91,2,6.8031,5.0435,6768.21,3.2345,1,1,0
1061,1,2,1,19.29,5,0.3311,0.0708,2891.82,5.1339,1,1,1
1353,1,1,1,31.67,3,1.064,0.4778,1614.82,4.8786,1,1,1
49,1,1,0,8.41,1,1.828,2.3016,36220.38,4.4199,1,2,0
248,2,1,0,16.37,4,6.1721,3.1747,2572.63,3.536,1,1,0
946,1,2,1,6.78,6,1.433,0.5138,60555.56,4.2783,1,1,1
152,1,1,1,34.18,4,0.1952,0.0201,850.97,3.4511,1,1,1
1419,1,1,1,11.53,3,0.5894,0.4387,53185.94,4.5796,1,1,0
53,1,1,1,18.56,2,2.1556,1.7773,2154.78,3.4956,1,1,0
207,1,1,1,27.21,3,5.3975,7.4511,37888.04,4.0986,1,2,0
90,1,1,1,7.44,1,7.2239,11.1309,15448.34,4.5618,1,1,0
326,2,1,1,21.29,2,24.0576,18.8071,5693.81,2.3155,1,1,0
118,1,1,1,1.4,1,6.1515,3.1172,6291.24,3.9156,1,1,0
162,1,2,1,36.4,4,0.785,0.1508,108.59,3.4081,1,1,1
873,1,1,1,6.42,1,1.2324,0.8626,77390.32,4.663,1,1,1
64,1,2,1,12.68,4,11.4332,2.4996,4.0,2.2567,2,17,1
228,1,1,1,5.32,1,1.0132,1.6714,10210.78,3.3573,1,1,0
109,1,1,1,5.32,1,4.0437,4.4108,11015.96,3.8242,1,2,0
52,1,3,1,30.98,9,0.2705,0.0238,0.0,1.6209,3,11,1
62,1,1,1,5.59,1,4.2853,6.3185,23464.44,3.7196,1,1,0
516,1,1,1,11.84,5,4.2344,3.8654,14393.64,4.4173,1,1,0
169,2,1,0,3.28,1,1.9799,1.0315,2544.03,2.6407,1,1,0
470,2,1,1,1.18,1,1.8039,2.3605,1685.36,2.4526,1,1,0
853,1,1,1,4.86,3,2.0014,1.5504,18206.04,4.9628,1,1,0
243,1,1,1,11.24,1,6.8839,0.6702,1855.97,3.4587,1,1,1
531,1,1,1,8.09,4,2.7993,2.9058,63216.26,4.4136,1,1,0
172,1,1,1,7.68,1,10.7931,2.6885,354.83,3.0477,1,1,1
459,1,1,1,47.44,3,4.4093,5.8752,40665.43,4.3035,1,1,0
426,1,2,1,14.45,7,3.6807,3.559,14875.42,4.4627,1,1,0
765,1,1,1,24.52,5,0.8938,1.2412,59645.66,3.9319,2,1,0
118,2,1,1,1.07,5,5.9592,8.2665,2853.66,3.4322,1,1,0
1034,1,1,1,7.37,6,4.1456,4.3863,35176.55,4.1811,1,1,1
560,1,1,1,27.44,8,5.1322,7.1327,33829.51,4.1007,1,1,0
64,1,1,1,34.99,8,4.5016,2.4982,7095.46,3.4948,1,1,0
450,2,1,1,2.53,1,0.2357,0.1686,550.88,3.7606,1,1,0
49,1,1,1,7.85,4,20.0585,14.1843,15570.01,2.7525,1,1,0
825,1,1,1,8.49,9,15.7417,18.3038,123241.46,4.2027,2,1,1
321,1,2,1,11.27,4,6.7812,3.7239,73987.83,4.7401,2,1,0
466,1,1,1,1.98,1,4.3367,4.153,633.69,3.4329,1,1,0
454,1,1,1,33.12,6,0.0777,0.0467,26749.53,3.706,1,1,0
1493,1,1,1,16.57,4,2.356,0.9464,33184.24,3.7535,1,1,1
269,1,1,1,26.18,5,0.9961,0.2861,401.94,3.1348,1,1,1
1372,1,1,1,5.92,5,1.9334,1.0014,40953.9,3.8095,1,2,1
442,1,2,1,26.5,2,0.731,0.5862,55993.25,4.6168,1,1,0
483,2,1,1,1.97,5,10.1812,6.7432,847.74,3.3452,1,1,0
52,2,2,1,37.38,5,0.1403,0.0165,16.0,2.8538,3,22,1
1466,1,2,1,35.46,4,1.0034,0.5443,9497.74,5.0342,1,1,1
497,1,1,1,3.7,2,1.4756,2.4397,12503.34,3.6878,2,1,0
890,1,1,1,21.33,3,1.555,1.9703,63861.47,3.9833,1,2,0
117,1,1,0,4.82,3,13.1787,15.0715,29722.39,4.054,1,3,0
91,1,1,1,5.36,2,1.403,1.9351,36524.92,4.078,1,1,0
588,1,1,1,1.84,1,5.074,3.7853,39377.84,3.2787,1,1,0
62,1,1,1,9.38,5,4.2898,4.6261,28155.08,3.5757,1,1,0
423,2,1,1,26.76,4,4.9647,5.9713,775.37,2.8357,1,1,0
82,1,1,1,3.17,2,19.0688,16.2344,12438.13,4.1914,1,2,0
199,2,1,1,1.9,4,3.0786,3.9238,3315.74,3.3612,1,1,0
1292,1,1,1,11.8,1,4.0811,2.9303,63173.62,3.4918,1,1,0
885,1,1,1,11.21,2,1.4353,1.6334,9132.54,4.1113,1,1,0
68,1,1,1,6.64,2,12.1643,15.8547,22755.72,4.1357,1,1,0
52,1,3,1,8.58,2,10.545,1.9581,4.0,2.6017,2,7,1
682,1,2,1,5.22,1,5.8603,6.9664,54555.7,4.3124,1,1,1
279,1,1,1,35.92,10,0.4289,0.0545,398.35,2.7383,1,1,1
1040,1,1,1,6.74,1,2.0227,1.7526,17070.11,3.4085,1,1,0
848,1,1,1,5.93,3,0.6401,0.391,89079.49,4.241,2,2,1
117,1,2,1,6.31,1,1.0024,1.218,12801.4,3.0468,1,1,0
64,1,3,1,7.92,2,14.0474,0.6618,16.0,2.4174,6,14,1
365,1,1,1,35.6,8,0.8852,0.1783,1077.19,3.0472,1,1,1
110,1,1,1,10.0,2,1.5932,1.5576,16822.03,3.1924,1,1,0
1265,1,1,1,15.66,3,4.5525,1.8356,26849.41,3.761,1,1,1
1332,1,1,1,31.03,5,1.5367,0.2837,4245.11,3.8,1,1,1
102,2,1,1,21.02,6,7.9503,9.0267,1319.79,4.3318,1,1,0
299,1,1,1,22.97,5,0.9136,0.2314,417.44,3.0756,1,1,1
697,1,1,1,25.59,4,1.1247,0.5732,8927.11,4.0211,1,1,0
278,1,1,1,8.88,1,8.1353,8.4003,9207.0,4.2522,1,1,0
113,1,1,1,6.44,1,11.8439,0.7113,621.28,3.8131,1,1,1
484,2,1,1,9.33,2,11.7668,13.1621,1742.52,3.3221,1,1,0
801,1,1,1,30.49,4,0.0779,0.0527,41370.68,4.2737,1,1,0
487,2,1,1,2.78,1,5.3107,7.763,1833.08,3.5659,1,1,0
293,1,1,1,1.67,3,2.8415,2.3051,4279.98,2.9766,1,1,0
316,1,1,1,5.85,4,1.03,1.8277,20775.99,3.577,2,1,0
1326,1,1,1,27.78,2,1.6022,0.5449,11238.58,5.6,1,1,1
89,1,1,0,5.1,3,0.6131,0.6855,20000.14,4.4295,1,3,0
84,1,1,1,7.72,1,6.6356,5.399,12504.08,3.776,1,2,0
40,1,1,1,8.99,1,1.4936,1.1565,23810.42,3.8891,1,3,0
104,1,1,1,8.0,2,0.8336,0.5876,15121.14,4.0455,1,1,0
338,1,1,1,2.93,2,9.2535,6.1909,29899.03,4.4842,1,1,0
68,1,1,1,4.61,2,0.2299,0.2561,36584.48,3.7033,2,1,0
184,1,1,1,3.71,3,1.434,1.5925,29939.59,4.4911,1,1,0
110,1,1,1,4.11,1,7.4058,8.7321,16492.79,3.568,1,1,0
69,1,2,1,30.46,4,0.5547,0.1278,1836.9,3.3145,1,1,1
843,1,1,1,8.04,2,3.9447,5.455,17285.44,4.0477,1,1,0
44,1,3,1,4.41,1,5.0101,0.2254,16.0,2.0135,3,24,1
216,1,1,1,1.73,1,6.5388,6.9247,1795.01,2.6634,1,1,0
189,1,1,1,27.6,6,0.2228,0.0519,448.0,3.1385,1,1,1
859,1,1,1,14.17,2,1.6849,1.7155,79705.23,4.0942,1,1,0
440,1,1,1,1.28,1,0.7217,1.2615,17380.78,3.4378,1,1,0
1450,1,2,1,5.03,2,6.4012,3.7821,56698.89,4.9202,1,1,1
149,1,2,1,30.14,5,0.5195,0.0422,125.04,2.8953,1,1,1
1426,1,3,1,25.43,6,1.2136,0.3675,745.46,4.6238,1,1,1
1087,1,3,1,20.82,3,0.9608,0.3465,385.78,4.7672,1,1,1
83,1,1,1,32.08,8,0.8722,0.0953,460.86,3.1686,1,1,1
44,1,1,1,13.61,4,13.3022,1.6039,4.0,3.0052,4,21,1
116,2,1,1,5.17,1,6.0491,4.3716,3448.38,2.3716,1,1,0
1345,1,3,1,33.08,7,1.0769,0.3001,2150.24,3.9832,1,1,1
312,1,2,1,2.06,1,1.7248,2.3652,30728.46,3.4601,1,1,0
43,1,1,0,5.05,2,4.3945,7.4632,42364.61,4.116,1,3,0
1315,1,2,1,15.71,3,1.6697,1.7204,28213.67,4.5706,1,1,1
108,1,1,1,4.07,3,7.1729,6.5767,23657.9,4.099,1,1,0
124,2,1,1,4.08,2,0.2409,0.1526,1903.4,4.8,1,1,0
44,1,1,1,6.85,2,5.3836,1.1513,4.0,2.2669,2,18,1
287,1,1,1,7.83,2,5.8856,3.4809,66964.65,4.5366,1,1,1
92,1,1,1,3.56,3,5.7882,4.0214,24986.03,4.2861,2,2,0
87,2,1,1,1.68,2,4.7333,5.6993,6298.17,3.4635,1,1,0
241,1,1,1,39.78,5,0.6564,0.0845,1932.1,2.7678,1,1,1
221,2,1,1,6.02,1,4.0887,3.5008,4603.35,3.3904,1,1,0
96,2,1,1,37.05,5,1.1419,0.9321,1445.82,3.3755,1,1,0
404,1,1,1,12.82,5,3.2807,3.8006,60871.3,3.4141,1,2,0
199,1,1,1,5.02,4,17.0778,20.2141,39409.36,4.1121,1,1,0
65,1,1,1,9.41,3,3.5847,4.3853,21582.96,3.7503,1,1,0
670,1,2,1,22.54,3,4.8877,6.7067,24925.72,4.0229,1,1,0
507,1,1,1,28.8,2,0.559,0.7637,2047.21,3.0805,1,1,0
237,1,2,1,6.27,1,6.9725,1.965,692.3,3.1759,1,1,1
98,2,1,1,30.99,2,6.2696,7.83,3907.05,3.6863,1,1,0
689,1,1,1,27.68,1,3.452,3.4454,33717.15,4.6502,1,1,1
364,1,1,0,24.29,10,7.3767,8.7885,5540.14,3.0369,1,1,0
86,1,1,1,5.06,3,1.2841,1.3748,16523.92,3.9712,1,1,0
41,1,2,1,4.83,1,11.7864,11.3721,26295.38,3.4855,1,1,0
952,1,2,1,15.93,7,3.1154,2.7876,32118.91,4.0756,1,1,0
1225,1,1,1,17.84,4,0.944,0.4349,4948.23,4.9895,1,1,1
85,1,1,1,7.98,1,7.3029,7.6097,15869.71,3.8201,1,2,0
975,1,2,1,6.01,1,2.5868,3.1225,10930.88,2.9208,1,1,0
1050,1,2,1,22.7,3,2.0458,1.3437,24968.91,3.6586,1,1,0
300,1,2,1,5.86,1,0.6609,0.731,31474.63,4.0765,1,1,1
96,1,1,1,26.13,3,1.1929,0.1443,359.44,4.0499,1,1,1
1209,1,2,1,11.93,3,9.1817,3.5465,60785.41,4.2676,1,1,1
479,2,1,1,1.13,1,0.5546,0.6008,8191.0,3.95,1,1,0
593,1,1,1,8.17,3,6.6928,3.0892,23555.27,4.3391,1,1,1
821,1,1,1,6.76,4,14.7798,22.2674,40504.41,3.6244,1,1,0
379,1,1,1,4.34,1,8.1455,13.7248,13896.02,3.6106,1,1,0
1030,1,2,1,34.23,4,0.7298,0.2514,4215.64,4.9252,1,1,1
342,1,2,1,13.23,2,7.2518,5.9742,33331.03,4.6444,1,1,0
1232,1,1,1,2.94,2,0.3406,0.5311,13435.64,3.9463,1,1,0
490,2,1,0,3.79,3,8.814,5.9879,1321.85,2.6311,1,1,0
78,1,2,0,7.59,2,9.7894,16.6173,44264.88,3.4196,1,1,0
1035,1,1,1,20.28,8,3.264,4.2271,61745.1,4.0639,1,2,0
1118,1,1,1,32.89,9,0.2494,0.0692,13965.31,4.6137,1,1,1
1300,1,1,1,25.88,11,1.4576,0.4284,7420.83,4.222,1,1,1
183,1,2,1,22.04,7,0.1371,0.0138,449.6,3.0741,1,1,1
346,2,1,1,3.49,2,0.8961,0.6699,1725.11,3.8691,1,1,0
470,1,1,1,6.26,3,1.7899,1.7847,7297.56,4.2034,1,1,0
1251,1,1,1,5.48,3,4.7732,4.6768,18637.29,3.7618,1,1,0
1171,1,2,1,1.87,1,6.4842,6.0949,24920.25,3.6854,1,2,0
574,1,1,1,28.4,2,6.749,9.4371,40750.81,4.0513,1,1,0
262,1,1,1,2.89,2,2.5787,3.8522,8819.14,4.2424,1,1,0
1157,1,1,1,19.85,6,0.4571,0.272,14962.07,4.5143,1,1,1
407,1,1,1,3.95,3,3.8577,5.958,24158.07,3.7142,1,1,0
462,1,1,1,37.18,8,1.589,0.8171,125041.01,4.3219,2,1,0
294,1,1,1,4.17,2,17.7119,1.0593,1138.63,3.5456,1,1,1
101,2,1,1,1.58,2,3.4434,4.7488,2228.1,3.7712,1,1,0
416,1,1,1,2.11,2,1.5794,2.6405,23450.37,3.2916,1,1,0
52,2,2,1,7.27,5,5.7516,1.1341,0.0,2.2856,5,16,1
438,2,1,1,1.77,1,0.8682,0.5124,2633.04,3.1919,1,1,0
188,2,1,1,2.0,1,11.8971,16.6262,2059.68,3.7163,1,1,0
111,1,1,1,4.54,3,7.5888,13.071,26256.53,4.4693,1,1,0
1189,1,1,1,5.1,2,9.694,6.25,8477.91,3.8647,1,1,0
1025,1,2,1,22.31,5,1.9338,0.9199,78998.97,3.9171,1,1,0
348,2,1,1,27.15,8,1.0511,0.6667,988.23,2.7082,1,1,0
590,1,1,1,6.48,1,1.3139,1.23,112082.49,4.4751,2,1,1
61,1,2,1,4.38,1,3.3365,3.4464,36226.09,4.2215,1,1,0
94,1,2,1,7.06,1,3.2791,2.9139,17356.3,4.0824,1,1,0
41,1,1,1,2.78,1,6.6171,6.918,8136.15,4.4688,1,1,0
443,1,1,1,6.73,2,1.8111,2.8114,18372.65,3.8492,1,1,0
962,1,1,1,29.29,7,0.1384,0.1347,48515.2,5.1826,1,1,0
225,1,1,1,4.49,2,8.0827,9.5733,3389.59,3.9379,1,3,0
53,2,1,1,3.57,1,4.871,5.8278,915.33,3.694,1,1,0
918,1,2,1,17.51,4,0.9825,0.4845,44054.64,4.3475,1,1,1
52,1,2,1,9.42,2,12.3135,1.0823,0.0,2.8577,3,24,1
97,2,1,1,2.87,1,3.402,4.526,377.25,3.8557,1,1,0
111,1,1,1,3.13,1,19.6083,29.4161,60065.88,3.4467,1,1,0
109,2,1,1,16.24,3,6.0654,4.1791,4483.53,3.5312,1,1,0
115,1,2,1,7.2,1,9.9032,15.5661,16913.47,3.5361,1,1,0
835,1,2,1,14.16,3,0.4856,0.8288,17765.28,4.4802,1,1,0
847,1,1,1,21.74,5,13.2443,9.7086,84725.0,4.2713,1,1,0
49,1,2,1,3.3,1,1.6464,1.6451,16040.95,4.4149,1,1,0
1398,1,1,1,7.68,2,12.3465,10.6469,40378.03,3.7846,1,1,0
58,2,1,1,4.77,1,11.1997,14.8797,3716.28,2.8177,1,1,0
1071,1,3,1,27.32,5,0.5382,0.0963,10374.55,4.5913,1,1,1
858,1,1,1,3.22,1,0.2244,0.3456,29350.02,3.9523,1,1,0
911,1,1,1,9.19,1,16.9241,21.2947,30580.87,4.361,1,2,0
340,1,1,1,3.78,2,0.1346,0.1623,14805.55,3.8408,1,1,0
410,2,1,1,27.32,4,16.341,15.5617,2349.74,4.3573,1,1,0
789,1,1,1,10.54,2,7.1263,8.1364,20142.13,4.6493,1,1,1
95,1,1,1,2.87,1,6.6005,7.8614,32242.73,3.966,1,2,0
778,1,1,1,9.22,2,26.2504,39.2574,45275.16,3.9671,1,1,0
239,1,1,0,3.59,1,2.2371,3.1454,4480.98,3.4814,1,1,0
936,1,1,1,3.92,1,4.5783,4.5991,12634.52,4.0627,1,3,0
141,1,1,1,1.74,2,9.8256,6.2682,2985.49,2.5232,1,1,0
361,1,2,1,25.08,6,1.0826,1.098,52505.38,4.2003,2,1,0
963,1,1,1,16.54,3,7.3452,10.9035,23280.98,4.3077,1,1,0
845,1,1,1,6.82,2,1.0774,0.4679,48412.64,4.5085,1,1,1
199,1,2,1,20.26,12,0.7365,0.6656,17490.27,3.4623,2,1,0
73,1,1,1,2.27,1,2.2074,2.8403,4537.45,3.5129,1,1,0
1085,1,1,1,20.52,8,1.9321,2.0029,26395.64,3.8709,1,1,0
40,1,1,1,18.33,1,9.5237,11.7493,16641.96,3.8136,1,1,0
219,1,1,1,4.09,2,5.704,6.7294,19850.86,3.9647,1,2,0
79,1,1,1,16.33,4,5.5496,2.4687,34329.03,3.5949,1,1,0
994,1,2,1,7.56,5,6.9485,7.6184,38597.45,3.6559,1,1,0
64,1,3,1,5.36,2,7.703,0.9083,16.0,2.005,5,18,1
1052,1,1,1,4.63,1,1.5159,0.9523,21489.54,3.0593,1,1,0
79,2,1,1,31.68,3,0.579,0.6317,4205.49,3.1098,1,1,0
1311,1,1,1,2.22,2,1.6023,1.0283,32090.55,4.2505,1,1,0
1359,1,1,1,11.51,3,5.3914,2.1215,44780.02,4.8619,1,1,1
210,1,2,0,7.51,2,1.6077,2.6606,9443.67,3.1839,1,2,0
716,1,2,1,23.69,6,1.4685,0.7015,29016.28,3.4599,2,1,0
162,2,1,1,8.18,1,4.4795,3.7459,1737.52,2.2362,1,1,0
118,2,1,1,1.75,1,0.2732,0.2025,2300.42,3.7186,1,1,0
280,1,2,1,9.37,4,11.3152,3.2333,1335.67,3.5247,1,1,1
939,1,2,1,22.08,3,4.2884,2.819,32519.88,4.9295,1,1,0
1323,1,2,1,22.22,2,0.9811,0.5321,3106.11,5.0533,1,1,1
49,1,1,1,5.77,1,9.7527,10.4683,17157.3,3.6877,1,1,0
1059,1,3,1,33.81,2,1.4714,0.1889,9714.18,4.4866,1,1,1
79,1,2,1,7.44,2,5.7152,5.4543,9646.2,4.4236,2,1,0
412,1,1,1,6.71,2,7.5251,4.9473,50524.3,3.5201,1,1,0
44,1,1,1,51.41,5,0.2744,0.0525,4.0,2.9497,6,7,1
64,1,3,1,7.45,1,13.7721,1.7601,16.0,2.6824,5,12,1
740,1,1,1,2.47,1,4.7751,8.3465,8074.95,3.0198,2,1,0
996,1,1,1,6.31,1,23.5877,25.297,9735.51,4.0754,2,1,0
206,1,2,1,7.66,1,7.2192,12.3604,29040.8,3.6474,1,1,0
1480,1,2,1,38.83,8,0.3409,0.0756,5510.55,5.0204,1,1,1
440,1,1,1,5.78,1,10.9294,18.1036,7995.01,3.8526,1,1,0
365,2,1,1,1.68,2,0.3118,0.326,2533.91,3.0714,1,1,0
1386,1,1,1,7.28,1,7.2487,6.1418,13287.45,3.8065,1,1,0
1095,1,1,1,6.12,2,5.2002,1.8231,20644.38,4.856,1,2,1
135,1,1,1,15.66,3,0.209,0.0869,72333.58,4.921,2,1,0
81,1,1,1,1.76,1,1.0079,0.7299,1514.55,2.4562,1,1,0
151,1,2,1,32.82,2,0.2663,0.2621,35054.64,4.0426,1,1,0
63,2,1,1,26.98,2,21.44,22.5007,3280.88,3.2002,1,1,0
1459,1,2,1,15.63,2,0.9353,0.7074,23013.96,4.478,1,1,0
425,2,1,1,3.38,1,2.7708,3.6648,4483.41,3.1364,1,1,0
478,2,1,0,3.26,1,12.0497,7.8888,88.1,4.3228,1,1,0
142,2,1,1,2.16,1,7.2228,3.6888,953.3,2.5144,1,1,0
60,1,3,0,40.93,9,0.2227,0.0457,0.0,2.3822,2,25,1
44,1,3,1,53.91,5,0.4233,0.0458,4.0,1.5163,2,4,1
78,1,2,1,8.86,2,16.3117,25.9846,33643.58,3.7057,1,1,0
108,1,1,1,4.35,1,3.5789,6.3576,8950.1,4.4622,1,3,0
47,1,1,1,5.15,1,6.2368,9.4836,37101.13,3.3416,2,1,0
268,1,1,1,7.57,3,2.9891,4.0175,17244.92,4.0258,1,1,0
59,1,1,1,1.82,1,0.5271,0.5501,30496.51,4.2537,1,1,0
324,1,1,1,3.11,1,1.3605,1.7342,187.51,3.6118,1,1,0
1324,1,2,1,27.71,4,0.6177,0.3447,5124.47,4.6964,1,1,1
795,1,1,1,3.26,2,2.2933,3.94,55249.76,4.0838,1,1,0
702,1,1,1,6.44,4,14.062,13.4271,17355.48,3.5339,1,1,0
108,1,1,1,4.7,4,4.1333,3.5772,33911.91,3.9102,1,1,0
392,1,1,1,3.56,3,0.6151,1.0275,27010.35,3.506,1,1,0
263,1,1,1,10.53,1,0.8903,0.4459,15820.72,3.8399,1,1,1
1219,1,1,1,4.27,4,2.1684,2.1512,8236.22,3.1199,1,1,0
73,1,1,1,5.53,1,2.669,3.9635,9981.4,4.1001,1,1,0
1299,1,2,1,23.47,3,1.0837,1.4391,39805.2,4.2731,1,1,0
117,2,1,1,5.31,1,0.8708,0.6774,2612.39,3.934,1,1,0
105,1,2,1,24.74,6,0.2224,0.0278,274.55,3.5297,1,1,1
64,1,1,1,7.72,1,3.2559,2.7174,7453.64,2.9775,1,1,0
1264,1,1,1,6.5,3,1.3899,0.9418,21873.62,3.9848,2,1,1
165,2,1,1,1.56,1,6.3211,6.0493,7550.32,2.4818,1,1,0
54,1,1,1,1.56,1,6.9156,9.0724,1455.32,3.2531,1,1,0
651,1,2,1,8.54,4,0.8554,0.3506,24442.41,3.0,1,1,1
430,2,1,1,1.78,1,4.495,3.3247,841.35,2.9251,1,1,0
52,1,3,1,49.6,10,0.2003,0.0447,16.0,2.3808,2,14,1
150,1,1,1,5.55,1,10.1355,14.3413,31190.0,4.3433,1,2,0
110,1,2,0,4.1,2,4.3187,6.2117,25322.59,4.309,2,1,0
1001,1,1,1,2.02,2,3.3714,4.3575,35638.95,3.6972,1,1,0
74,2,1,1,7.79,1,7.1659,7.6519,1749.01,3.5842,1,1,0
468,1,1,1,1.87,1,5.3965,7.0056,1295.67,4.0713,1,1,0
321,1,1,1,21.13,3,3.3032,3.1394,46899.96,4.0133,1,1,0
110,1,1,1,1.82,1,7.0749,7.9618,17503.91,4.3169,1,1,0
87,1,1,1,30.23,5,0.1191,0.0171,1210.78,3.535,1,1,1
396,1,2,1,15.06,1,8.6091,5.3142,37863.72,4.0497,1,1,0
655,1,1,1,35.7,11,6.4326,8.1813,36027.39,3.7666,1,1,0
91,1,1,1,5.31,2,8.3371,10.6766,27472.71,3.8187,1,1,0
77,1,1,1,6.51,2,7.317,4.6504,16249.84,4.7012,1,1,0
713,1,1,1,3.22,3,2.3616,2.2627,26107.39,4.3059,1,1,0
1259,1,1,1,9.55,2,0.5524,0.3629,25026.68,3.6538,1,1,0
49,1,1,1,6.62,5,1.6441,2.7269,34115.29,3.6454,1,1,0
64,1,1,1,36.74,5,0.4363,0.0135,16.0,2.0272,5,18,1
83,2,1,1,19.98,5,4.55,6.4583,477.2,3.445,1,1,0
132,1,1,1,3.46,3,11.439,2.4438,183.39,3.4643,1,1,1
326,1,1,0,5.15,1,0.3504,0.2812,36402.16,3.8018,1,2,0
1017,1,1,1,9.9,3,1.8209,1.1842,14513.6,3.5875,2,1,0
325,1,1,1,6.98,5,5.3648,1.9718,48571.54,3.4176,1,1,1
371,1,2,1,5.2,1,12.0716,1.4569,410.39,2.7201,1,1,1
191,1,1,1,30.83,5,0.7946,0.1717,846.17,3.2878,1,1,1
1225,1,2,1,4.14,1,18.4857,24.4462,28670.64,2.367,1,2,0
235,1,2,1,36.62,3,0.2355,0.014,275.94,3.191,1,1,1
1102,1,1,1,29.99,3,0.2507,0.1346,6431.91,4.843,1,1,1
1288,1,1,1,4.15,1,13.8907,20.6995,20283.25,3.2035,1,1,0
867,1,2,1,17.3,2,11.0394,15.9221,36642.97,3.626,1,1,0
1308,1,1,1,12.29,1,9.7174,8.6675,17786.03,3.9177,1,3,0
544,1,2,1,5.32,3,1.5821,2.3939,28603.7,3.9738,1,1,0
118,1,1,1,28.83,7,0.3676,0.0391,144.22,2.9918,1,1,1
534,1,1,1,12.42,1,12.1213,11.5825,17529.26,4.1344,1,1,0
405,1,1,1,2.13,2,0.5512,0.5904,29593.6,3.1372,1,2,0
302,1,2,1,21.11,5,0.3594,0.0973,2679.47,3.293,1,1,1
241,2,1,1,7.78,1,0.316,0.4194,7462.8,3.4758,1,1,0
1373,1,2,1,23.34,1,0.7189,0.5749,25521.77,3.9242,1,1,0
769,1,1,1,1.95,1,8.8756,8.8314,33398.75,3.8313,1,1,0
1317,1,1,1,5.13,1,3.7451,2.9255,15034.94,4.2714,1,1,0
60,1,2,1,51.92,11,0.1797,0.0076,0.0,2.6254,5,15,1
535,1,1,1,5.83,1,30.2149,43.4633,26191.06,3.6983,1,1,0
588,1,2,1,10.12,8,2.3512,1.2629,62527.61,4.1685,1,2,0
61,1,1,1,3.26,1,4.0767,5.929,5023.36,3.1613,1,1,0
99,2,1,1,7.06,1,1.3216,1.787,6423.64,4.0485,1,1,0
67,2,1,1,24.24,9,34.228,44.5829,1358.14,4.8,1,1,0
1452,1,2,1,22.85,4,0.7287,0.3662,8003.57,4.7897,1,1,1
264,2,1,1,2.12,1,3.3203,4.5534,482.5,4.187,1,1,0
461,1,1,1,9.54,1,6.2304,5.8854,61635.81,4.8371,2,1,1
716,1,1,1,9.91,1,0.3038,0.3229,18634.09,4.0003,1,1,0
663,1,1,1,9.24,2,5.9072,3.5328,19889.46,3.646,1,2,1
155,1,1,1,18.63,6,1.0551,1.1272,30787.69,3.9383,1,1,0
99,1,1,1,7.32,1,15.9462,4.1431,770.73,2.9112,1,1,1
100,1,1,1,36.83,3,0.8975,0.2139,2334.51,3.6806,1,1,1
417,1,1,1,18.25,3,9.2114,6.0988,62218.18,3.7777,1,1,0
1169,1,1,1,4.6,2,10.3855,12.6786,2119.86,4.3416,1,1,0
646,1,1,1,8.48,1,2.9681,0.9189,16123.06,4.774,1,1,1
98,1,1,1,1.55,1,2.6736,1.545,7573.71,2.8265,1,1,0
369,1,1,1,16.35,4,2.5159,2.8631,44730.56,3.764,2,1,0
63,1,1,1,1.54,1,4.9724,4.9344,59582.23,3.4978,1,3,0
1409,1,3,1,33.62,7,0.8519,0.2313,1565.21,5.1405,1,1,1
74,1,1,1,6.96,3,7.128,6.9806,23253.9,3.59,1,1,0
260,1,1,1,21.71,2,3.9733,2.1304,48804.16,4.2237,2,1,0
488,1,2,1,8.72,1,1.7008,1.4987,30424.43,4.5389,1,1,1
103,1,1,1,16.5,5,0.6355,0.0898,204.72,3.1861,1,1,1
913,1,1,1,8.86,1,19.2997,28.1542,5938.88,4.1755,1,1,0
1058,1,1,1,10.22,5,9.3048,6.7817,45087.65,4.4796,1,1,1
268,1,1,1,8.86,1,11.5445,9.0963,28102.52,3.8514,1,3,0
1175,1,1,1,32.09,3,1.7718,0.2947,3023.88,4.9985,1,1,1
226,2,1,1,1.42,1,0.3355,0.3594,9626.33,3.4988,1,1,0
1135,1,1,1,29.37,4,5.2627,2.9563,55007.5,4.1981,2,1,0
1139,1,1,1,9.5,7,4.7496,5.1854,47236.96,5.4,1,1,1
59,1,1,1,7.56,2,2.1979,1.6276,15347.0,3.6038,1,1,0
88,1,1,1,27.41,3,5.9041,6.6862,17512.05,3.669,2,1,0
454,1,1,1,6.58,5,4.3374,2.7035,58432.85,3.7332,1,1,1
1155,1,1,1,2.13,1,2.0735,1.3414,13184.98,3.3435,1,1,0
777,1,1,1,2.06,1,1.0728,1.6038,15223.45,4.1749,1,1,0
465,1,1,1,31.13,9,0.2067,0.1595,4046.24,2.7743,1,1,0
520,1,1,1,18.39,1,1.1626,1.0562,41198.04,4.7013,1,1,1
422,1,1,1,2.77,2,1.2229,1.7065,16658.01,3.8232,1,1,0
456,2,1,1,3.01,1,1.9007,2.3586,1180.84,3.233,1,1,0
127,1,2,1,4.25,4,13.5935,3.5983,85.01,3.5571,1,1,1
44,1,2,1,36.24,8,0.2888,0.049,0.0,1.993,6,4,1
521,1,1,1,4.37,1,1.7446,1.2562,6967.83,3.8875,2,1,0
194,1,2,1,3.77,1,6.6723,1.9567,509.19,2.4617,1,1,1
69,1,1,1,5.27,2,1.8738,1.8073,15954.95,2.9179,2,1,0
900,1,1,1,11.63,1,9.3203,9.8944,35589.71,4.1141,1,1,0
1397,1,1,1,2.3,1,12.1334,14.7255,19293.18,4.1446,1,1,0
261,1,1,1,9.37,2,12.4011,8.2289,29094.63,4.4353,1,1,0
423,1,1,1,7.14,1,4.7654,8.0602,22857.46,4.0327,1,1,0
40,2,3,1,29.47,9,0.4299,0.0263,0.0,2.5116,4,25,1
1157,1,1,1,38.32,5,0.4788,0.1122,3619.37,4.9728,1,1,1
187,1,2,1,23.0,4,0.2963,0.0674,753.07,3.2951,1,1,1
779,1,1,1,7.62,4,3.0602,5.331,33597.59,3.6735,1,1,0
362,2,1,1,4.59,1,1.2763,0.7286,1756.61,2.306,1,1,0
158,1,2,1,24.79,6,3.3116,4.6197,48294.23,3.6724,1,2,0
547,1,2,1,17.82,6,1.5887,1.5394,24661.12,4.1623,1,1,0
354,1,2,1,21.35,3,2.1203,2.125,80686.35,4.3186,1,1,0
298,1,2,1,16.98,8,0.5328,0.1164,41.2,3.3395,1,1,1
1344,1,2,1,15.27,5,1.3538,0.4411,5339.37,4.845,1,1,1
544,1,1,1,3.74,3,0.1614,0.2319,32438.71,4.4342,2,1,0
70,1,1,1,6.14,4,1.4174,2.4277,15377.11,4.0758,1,1,0
594,1,2,1,2.55,1,19.2661,26.3269,23178.32,4.3853,1,1,0
78,2,1,1,1.84,2,1.3316,1.8165,3217.2,2.9079,1,1,0
440,2,1,1,2.18,1,2.7134,1.6771,1274.78,3.0126,1,1,0
877,1,1,1,2.5,2,5.2723,5.1187,34757.82,3.7246,1,1,0
113,1,1,1,7.63,1,6.7449,11.9034,53834.15,3.1945,1,1,0
387,1,1,1,3.92,2,3.217,5.6616,13083.55,3.759,1,1,0
557,1,1,1,3.3,1,8.1,11.3122,28883.79,4.0219,1,1,0
67,2,1,0,1.89,2,5.9746,7.2797,1574.49,3.4721,1,1,0
995,1,1,1,25.64,3,1.7567,1.4027,89834.01,4.6293,1,1,0
1063,1,1,1,25.45,4,8.7918,9.4489,31904.99,4.5959,1,1,0
89,2,1,1,1.28,2,5.3794,3.2176,3567.78,3.4191,1,1,0
67,1,1,1,5.85,2,5.2221,9.2698,22142.41,3.5845,1,1,0
89,1,1,1,3.32,1,5.7581,7.8963,433.85,3.1347,1,1,0
498,1,1,1,5.51,2,1.8879,3.2715,5325.6,4.0535,1,1,0
366,1,1,1,5.42,2,14.4714,4.1359,83.78,3.3901,1,1,1
76,2,1,1,1.6,1,12.7964,15.8512,1126.16,2.9212,1,1,0
63,1,1,1,5.33,2,1.8439,2.9002,14990.56,3.8467,1,2,0
117,1,2,1,4.23,1,1.5892,1.5439,31266.29,4.8769,1,1,0
575,1,2,1,2.45,1,5.436,4.0579,31762.91,3.4377,1,1,0
588,1,1,1,8.89,3,1.7819,2.85,32803.73,3.9441,1,1,0
342,1,1,1,2.18,1,0.6805,0.8709,13193.13,3.8772,1,1,0
65,2,1,1,3.9,2,1.6239,1.8394,5020.97,3.1836,1,1,0
64,1,1,1,57.81,10,0.2477,0.0578,0.0,2.6135,3,12,1
895,1,2,1,3.35,2,4.4603,2.542,40454.08,5.4,1,1,1
907,1,1,0,4.01,3,3.2404,3.6285,37738.79,3.5278,1,1,0
856,1,2,1,11.78,1,4.4289,4.7209,34369.71,3.9939,1,2,0
873,1,1,1,3.02,1,7.2644,9.2413,14886.63,4.5492,1,1,0
60,2,2,1,27.38,9,0.1655,0.0256,0.0,2.1729,2,25,1
367,1,1,1,25.48,2,2.4088,1.3932,56011.22,4.3318,1,1,0
273,1,1,1,30.76,8,0.6505,0.1478,1491.78,4.3208,1,1,1
95,1,1,1,6.99,1,21.753,22.1448,3202.35,3.345,1,1,0
764,1,1,1,8.52,1,5.0984,4.5806,58371.57,3.4023,1,1,0
53,1,1,1,4.05,3,2.9675,3.5679,7533.49,3.5615,1,1,0
246,1,1,1,28.75,3,0.5147,0.069,374.36,3.3739,1,1,1
318,1,1,1,10.32,3,1.4981,1.4345,54996.16,4.4454,1,1,1
1241,1,1,1,23.53,5,0.7325,0.3273,1161.4,4.9137,1,1,1
203,1,1,1,3.17,1,2.5472,4.1164,26612.1,4.251,1,1,0
840,1,1,1,3.5,1,2.2798,1.9168,62458.91,3.7628,1,1,1
898,1,1,1,4.04,2,0.4636,0.6838,14145.38,3.2678,1,1,0
52,1,1,1,8.57,4,10.3046,2.3133,4.0,2.3157,4,4,1
744,1,1,1,6.93,1,1.9045,2.2118,11403.04,4.5333,1,1,0
328,1,1,1,8.49,1,2.9187,3.9347,21324.47,4.2638,1,1,0
299,1,1,1,21.81,4,0.5849,0.069,599.5,3.5481,1,1,1
274,1,1,1,17.01,4,0.7416,0.2008,1120.76,2.789,1,1,1
397,2,1,1,17.3,2,1.7247,1.8143,2380.2,2.4798,1,1,0
64,1,2,1,41.37,10,0.4053,0.0089,4.0,2.8513,3,24,1
87,1,1,1,4.65,1,0.4587,0.5423,9931.73,2.9968,1,1,0
487,1,1,1,3.23,3,1.7248,1.2455,7887.78,3.5572,1,1,0
109,2,1,0,24.42,5,2.8853,3.8269,3775.11,3.6042,1,1,0
354,1,1,1,32.32,3,0.8481,0.2224,342.2,2.8034,1,1,1
1391,1,1,1,5.1,5,1.5465,1.8145,55249.27,4.3092,1,1,1
1130,1,1,1,19.43,2,1.7774,0.4524,8889.38,4.3436,1,1,1
1136,1,1,1,3.99,1,2.1473,1.8083,28372.2,4.4595,1,2,1
56,1,1,1,3.76,1,9.8274,9.2195,24151.78,3.2003,1,1,0
470,1,1,1,4.29,4,4.4303,6.3546,20712.46,3.5888,1,1,0
90,1,1,1,2.29,2,1.9195,3.4454,28331.52,3.5094,1,1,0
56,2,1,0,2.74,1,8.7806,9.7228,7748.9,4.0483,1,1,0
1436,1,1,1,4.44,3,3.5321,4.7022,40986.39,4.3319,1,1,0
1228,1,1,1,24.32,4,0.3493,0.2498,143071.61,4.6674,1,1,0
84,1,1,1,2.73,2,7.497,8.6277,12385.08,4.289,1,2,0
484,2,1,1,25.75,4,3.211,2.96,85.95,3.5469,1,1,0
42,1,1,1,3.28,1,1.6232,2.2862,24922.92,4.4429,1,1,0
337,1,1,1,11.01,4,5.3213,2.0216,64100.74,4.9588,1,1,1
321,1,2,1,13.11,1,14.5047,3.2953,149.06,3.4097,1,1,1
249,1,1,1,1.56,1,4.4078,5.2226,15137.04,3.8996,1,1,0
1373,1,1,1,4.81,4,2.6688,2.8488,33582.77,3.7671,1,1,0
454,1,1,1,5.21,4,14.5942,12.5316,14650.8,3.9264,1,1,0
972,1,1,1,4.16,1,2.6195,1.7948,39862.2,4.1183,1,2,0
81,1,1,1,5.38,1,1.5238,1.3999,1854.87,3.5132,1,1,0
1010,1,1,0,2.31,2,10.8406,15.4559,11393.54,3.4449,2,1,0
580,1,1,1,2.92,1,3.9239,4.9363,10939.74,3.1727,1,1,0
1049,1,1,1,21.83,4,0.1379,0.1154,54315.88,4.1353,1,1,0
722,1,1,1,4.83,2,4.362,6.4387,24794.59,3.7343,1,1,0
67,2,1,1,5.56,2,13.5708,20.2728,1255.42,3.0027,1,1,0
532,1,1,1,32.92,5,2.5127,2.4892,42372.29,4.1978,2,2,0
931,1,1,1,9.06,3,3.1305,3.1231,25424.87,4.3228,1,1,1
316,2,1,1,4.09,1,1.1897,1.5373,2494.8,3.2702,1,1,0
929,1,1,1,2.28,1,7.884,13.6645,47837.36,4.1994,1,1,0
865,1,1,1,4.3,1,2.6672,1.792,80375.07,4.6563,2,2,1
1093,1,1,1,6.45,2,3.1583,1.532,47885.86,3.9071,1,1,1
508,1,1,1,2.3,1,0.3828,0.3079,4360.18,2.3172,1,1,0
44,1,3,1,35.66,11,0.1415,0.0311,0.0,2.5387,2,15,1
59,1,1,1,8.44,2,15.4719,10.8198,40755.21,3.521,1,1,0
60,1,3,1,6.77,5,8.2447,0.9829,4.0,2.2057,3,12,1
68,1,1,1,6.25,2,3.8546,2.792,20883.96,4.3113,1,2,0
291,1,2,1,5.4,1,5.713,8.4165,6291.73,3.798,1,1,0
348,1,1,1,9.9,1,6.5533,0.8024,422.41,3.757,1,1,1
380,1,1,1,4.45,2,10.0564,0.8313,1173.77,2.4081,1,1,1
1057,1,2,1,7.98,1,3.7159,4.1194,43657.3,4.6202,1,1,1
944,1,1,1,14.95,6,1.5628,0.997,47050.27,4.7876,1,1,0
64,1,1,1,8.37,1,6.6967,0.6067,4.0,2.9637,6,20,1
52,1,1,1,31.16,9,0.2626,0.0167,4.0,2.6373,5,23,1
77,1,1,1,31.64,12,1.1617,0.1472,1378.57,3.134,1,1,1
1012,1,1,1,33.55,8,1.6468,0.2009,12071.48,4.9646,1,1,1
206,1,1,1,6.7,2,11.8624,2.2497,517.71,3.5412,1,1,1
60,1,1,1,29.15,5,0.1532,0.0282,0.0,2.6032,6,22,1
920,1,1,1,20.58,5,2.3788,1.5424,30508.66,3.8031,1,1,0
1060,1,1,1,4.89,4,9.4853,6.5503,36496.28,3.2985,1,3,0
194,1,1,1,31.41,4,0.1427,0.1436,26971.38,3.3879,2,1,0
243,2,1,1,1.67,1,7.6091,4.4495,4747.49,3.9947,1,1,0
508,1,1,1,13.04,2,1.1497,1.8859,19114.87,3.1465,1,3,0
478,2,1,1,1.61,2,2.8279,2.9712,1914.86,3.6218,1,1,0
223,1,1,1,7.87,1,1.0634,1.8971,20296.13,4.2623,1,3,0
100,1,1,1,4.34,3,1.2072,0.7684,30866.62,3.7284,1,1,0
1154,1,2,1,6.73,2,16.3103,11.9973,60411.81,3.323,2,2,1
102,2,1,1,1.31,2,1.7999,0.9895,3211.59,3.6515,1,1,0
1062,1,1,1,9.99,1,2.7222,2.5605,54173.29,4.2018,1,1,1
626,1,1,1,15.56,5,13.0105,11.1294,33496.8,4.4608,1,2,1
1362,1,1,1,8.54,4,11.5153,9.0523,11916.51,4.2648,1,1,0
500,1,1,1,4.38,1,1.432,1.8691,16554.61,3.8313,1,1,0
1031,1,1,1,2.21,1,7.553,12.3318,12176.43,4.7153,1,2,0
401,1,1,0,4.11,4,5.8538,4.1707,20970.02,3.857,1,1,0
1348,1,1,1,16.16,2,3.1158,2.8942,34639.03,4.3185,2,1,1
85,1,1,1,2.62,2,5.0639,4.2565,31491.98,4.1575,1,1,0
216,2,1,1,2.37,2,2.9077,2.2888,2911.77,2.2755,1,1,0
1291,1,1,1,17.39,4,3.3595,4.3533,65250.96,4.2729,1,1,0
410,2,1,1,10.79,3,3.4996,3.7003,1694.74,3.8026,1,1,0
1372,1,1,1,38.06,4,0.9643,0.4186,10156.64,4.7111,1,1,1
166,1,1,1,4.16,1,1.7736,2.0422,18709.35,4.025,2,1,0
54,1,1,1,6.61,2,4.4059,4.119,22754.79,3.3794,1,1,0
192,1,1,1,3.6,2,7.0489,1.5276,1060.97,3.3057,1,1,1
60,1,1,1,6.22,1,13.1659,2.1437,0.0,2.07,3,4,1
506,1,1,1,19.72,4,2.3073,3.1632,3867.66,4.3447,1,1,0
44,1,2,1,10.61,3,12.5438,0.4548,4.0,1.8882,3,11,1
107,1,1,1,2.88,2,5.2328,8.9167,10402.95,4.1511,2,1,0
1148,1,1,1,3.71,3,2.4301,1.3782,25004.62,4.5093,1,1,1
284,1,2,1,38.25,3,1.1518,0.2969,866.48,3.6089,1,1,1
1005,1,2,1,22.43,1,0.0772,0.0585,21068.12,4.3418,1,1,0
209,1,1,1,7.76,1,8.5595,10.7746,15887.21,4.7182,1,1,0
509,1,1,1,1.65,1,4.4988,6.3817,8191.88,3.18,1,1,0
999,1,1,1,4.2,1,11.875,11.559,34257.37,3.7376,1,1,0
79,1,1,1,4.14,2,7.69,10.8874,24542.36,3.3928,1,1,0
902,1,2,1,3.6,3,1.3367,1.449,36509.51,3.8181,1,1,0
75,2,1,1,2.88,1,0.2873,0.3314,3072.58,3.7839,1,1,0
900,1,1,1,46.93,3,3.0686,1.5456,70636.12,4.726,1,1,0
88,1,1,1,14.9,8,1.7458,2.4238,6340.35,2.3607,1,1,0
387,1,1,1,25.63,2,4.1878,5.4569,62220.25,4.0511,1,2,0
1021,1,1,1,8.35,1,2.8767,3.3986,14211.89,3.5681,1,1,0
260,1,1,1,2.89,1,1.7757,2.4403,1786.64,2.7266,1,1,0
1133,1,1,1,4.45,4,10.0666,11.8537,3599.21,3.21,1,1,0
1393,1,1,1,3.87,3,0.3437,0.5209,28754.14,3.5291,1,2,0
367,1,1,1,1.62,1,3.5061,5.9841,17846.33,3.525,1,3,0
76,1,2,1,4.03,3,2.3721,4.1025,24019.56,3.9404,1,1,0
40,1,2,1,30.81,9,0.3677,0.0846,16.0,2.391,4,11,1
208,2,1,1,4.79,1,0.4582,0.2624,319.75,3.1225,1,1,0
1062,1,1,1,6.37,4,2.5407,2.172,38633.78,4.7632,1,1,0
1023,1,2,1,10.9,3,0.6496,0.7023,53763.09,4.8387,1,2,0
40,1,1,1,11.05,1,13.2111,22.4712,20442.21,3.7783,1,1,0
171,1,1,1,4.95,4,0.1182,0.1718,31719.18,3.8963,1,1,0
117,1,1,1,5.92,1,2.4804,3.652,24205.67,4.1423,2,1,0
745,1,1,1,7.77,3,2.1951,0.9794,29565.03,3.844,1,1,1
186,1,1,1,4.02,1,0.5408,0.7867,3282.05,2.9962,1,1,0
1278,1,1,1,11.3,2,3.2075,4.9118,32213.08,3.8811,1,1,0
50,1,1,1,4.25,2,1.011,1.3648,24999.46,3.9134,1,1,0
883,1,1,1,25.72,5,1.2096,1.1756,53682.44,4.793,1,1,0
113,2,1,1,1.7,2,11.0604,8.3659,1835.07,3.449,1,1,0
62,1,1,1,3.51,1,2.4581,4.2249,22782.37,4.3071,1,1,0
88,2,1,1,16.31,3,13.0429,10.6559,3478.51,4.1744,1,1,0
160,2,1,1,2.18,2,9.5239,6.2065,680.6,2.9506,1,1,0
572,1,2,1,9.73,1,2.0453,1.838,35406.89,3.994,1,1,0
1320,1,1,1,12.31,8,5.454,3.3898,50413.48,4.5195,1,1,0
1380,1,1,1,21.69,5,0.6602,0.7635,65333.69,4.3253,2,1,0
95,1,1,1,7.96,3,0.8942,1.5429,26157.44,4.4001,1,1,0
390,1,1,1,3.0,3,5.5385,6.3829,22489.65,4.4351,1,1,0
411,2,1,0,1.39,1,2.7156,2.8988,2181.83,4.0411,1,1,0
80,1,1,1,4.77,1,11.56,1.7376,702.24,3.158,1,1,1
87,1,2,1,3.84,1,6.3295,5.5665,28110.52,3.4527,1,1,0
91,1,1,1,16.77,2,8.9754,6.0452,38525.79,4.068,1,1,0
53,2,1,0,19.27,3,1.14,0.9549,4941.1,3.6822,1,1,0
1309,1,2,1,9.41,3,4.5996,3.184,43437.34,4.2306,1,1,1
266,1,2,1,2.82,1,3.749,4.173,9584.55,4.0247,1,1,0
1443,1,3,1,38.21,5,1.0964,0.6099,1921.96,4.059,1,1,1
1330,1,1,1,19.21,10,1.7301,0.7154,11004.58,4.8251,1,1,1
364,2,1,1,6.47,1,20.3171,15.256,6199.95,3.8503,1,1,0
1271,1,1,1,8.47,1,7.2362,8.9643,11105.47,4.2482,1,1,0
46,1,1,1,6.19,2,3.5621,4.7463,35530.69,3.1314,1,1,0
79,2,1,1,4.12,2,2.4236,1.9319,1574.29,3.5885,1,1,0
387,1,1,1,4.46,2,3.0215,3.0449,3082.82,2.8408,1,1,0
96,1,1,1,8.26,1,2.5001,1.9108,33625.31,4.073,1,3,0
851,1,1,1,21.55,6,1.1227,1.1913,74114.63,4.518,1,1,0
1431,1,1,1,24.1,7,0.4823,0.0575,5164.08,5.1241,1,1,1
96,1,1,1,34.3,5,1.4563,1.8334,2707.7,2.9944,1,1,0
98,1,1,1,2.96,2,7.3787,8.8061,12018.46,3.0708,1,1,0
260,1,1,1,7.56,2,6.5099,5.1888,18951.35,4.4819,1,1,0
1183,1,1,1,11.29,2,0.7124,0.2915,16724.59,3.8791,1,1,0
1017,1,1,1,23.57,4,2.1174,1.995,64850.08,4.5731,2,1,0
505,1,1,1,9.89,1,3.1253,5.5627,16165.58,4.0266,1,1,0
480,1,1,1,6.81,3,1.6638,1.9083,85078.83,4.8403,1,1,1
928,1,1,0,8.29,1,0.6518,0.7224,37508.18,3.6026,1,1,0
408,1,1,1,3.14,1,1.032,0.7488,14509.79,3.6622,1,1,0
1091,1,1,1,27.32,6,0.7009,0.3605,66593.81,4.4029,1,2,0
64,1,3,1,48.05,13,0.2934,0.0626,16.0,2.1086,5,9,1
115,1,2,1,3.24,1,5.8084,6.9038,45760.35,4.4612,1,1,0
205,1,1,1,18.8,4,0.1289,0.0087,368.82,3.1979,1,1,1
839,1,1,1,10.04,2,9.3407,8.8823,16607.4,4.7331,1,1,1
506,1,1,1,4.55,3,0.1515,0.2425,24475.2,3.524,1,1,0
216,1,1,1,4.03,1,1.0166,1.0051,17895.46,4.0552,1,3,0
170,1,1,1,13.52,5,4.7568,4.8535,32157.1,3.8534,1,1,0
1361,1,1,1,18.44,2,4.1653,4.4852,25652.86,3.9263,1,1,0
365,1,2,1,5.75,3,1.779,2.6237,24475.05,4.1814,1,1,0
88,1,2,1,21.94,3,3.7858,2.8643,76738.51,4.1537,2,1,0
346,1,2,1,23.12,4,0.1177,0.0079,349.44,3.7082,1,1,1
375,1,1,1,3.84,2,1.6241,2.785,23512.27,3.1356,1,1,0
193,2,1,1,21.27,4,4.4235,6.0576,2528.07,3.5644,1,1,0
90,1,2,1,10.25,1,3.5785,4.0629,52217.71,3.3752,1,2,0
991,1,1,1,18.12,5,0.7765,0.8201,107577.33,3.9077,1,1,0
934,1,2,1,8.88,4,1.2112,0.6674,22872.97,4.5588,1,1,1
88,1,2,1,6.15,1,4.3913,4.403,8836.07,3.7743,1,1,0
40,1,2,1,38.2,8,0.1364,0.0138,16.0,2.4723,4,14,1
346,2,1,1,2.89,1,9.7163,6.8172,2012.93,3.6169,1,1,0
1243,1,2,1,40.35,6,0.5703,0.1346,3758.95,4.7799,1,1,1
103,1,1,1,1.8,1,0.7945,0.9666,5625.46,2.6919,1,1,0
1452,1,2,1,10.39,2,9.096,5.6991,9135.15,4.2309,2,2,1
104,1,1,1,22.28,4,25.9666,24.0271,4597.74,2.7898,1,1,0
60,1,3,1,47.42,7,0.0925,0.0227,16.0,2.4609,3,16,1
53,2,1,1,3.44,1,0.4609,0.5583,1734.11,3.3009,1,1,0
195,2,1,1,5.73,3,15.8798,19.0344,3373.0,2.5174,1,1,0
101,2,1,1,3.06,1,11.1151,6.3618,1792.0,3.717,1,1,0
154,1,2,1,18.56,2,0.5683,0.4494,89509.68,3.425,2,1,0
330,1,2,1,47.69,3,0.7464,0.119,496.97,3.1298,1,1,1
90,1,1,1,2.33,2,4.9322,6.6977,1534.2,3.6939,1,1,0
1061,1,1,1,20.48,7,2.5467,2.8684,112760.02,3.6069,1,2,0
455,1,1,1,2.7,2,13.5111,13.3904,1891.99,3.2731,1,1,0
511,1,2,1,3.6,1,0.4735,0.4245,10495.43,3.6118,1,1,0
86,1,1,1,5.69,2,2.8713,3.558,21418.84,3.6656,1,1,0
257,1,1,1,5.87,4,4.6519,5.4876,69833.18,4.7688,2,1,1
68,1,1,1,4.47,2,2.5139,2.1659,13773.14,3.7575,1,1,0
72,1,1,1,8.7,6,9.3391,11.7785,22600.26,3.7962,1,1,0
369,1,1,1,5.37,1,6.183,1.8264,1548.13,3.0458,1,1,1
109,1,1,1,6.26,3,6.0289,4.9684,23151.93,4.3261,1,1,0
107,1,1,1,20.03,3,0.4033,0.2354,685.04,2.6334,1,1,0
533,1,1,1,10.14,2,1.6512,0.8435,13910.62,4.4101,1,1,1
1131,1,1,1,17.19,5,4.0235,3.6813,59043.55,4.4345,1,1,0
1402,1,1,1,7.33,2,17.1708,9.6348,46801.91,4.4628,2,1,1
1174,1,1,1,8.65,1,13.6037,19.2158,15356.16,3.9268,1,1,0
1383,1,1,1,3.12,1,0.8431,1.0578,27204.13,4.2141,1,1,0
370,1,1,1,25.23,4,6.7461,6.2509,2531.15,4.0652,1,1,0
77,2,1,1,3.93,1,3.9831,4.4586,5667.58,2.3902,1,1,0
423,1,1,1,2.05,2,0.6664,1.1967,55013.95,4.0604,1,1,0
53,2,1,1,2.27,1,9.2621,12.7028,2917.86,2.0573,1,1,0
385,2,1,1,3.0,1,3.1809,3.8595,5890.51,4.224,1,1,0
1159,1,1,1,25.45,7,1.006,0.5294,20836.96,4.961,1,1,1
1141,1,1,1,18.84,9,5.8789,2.8525,55216.9,3.6534,2,1,0
189,1,1,1,3.15,1,7.4745,0.8457,980.88,3.36,1,1,1
123,2,1,1,4.9,2,5.3815,2.8353,2568.74,3.3489,1,1,0
1110,1,1,1,5.82,2,7.9556,9.0436,63217.21,3.7535,1,1,1
935,1,1,1,25.05,5,0.1185,0.0649,53266.78,4.0211,1,1,0
67,2,1,1,2.39,2,18.9867,12.3173,4062.87,4.0212,1,1,0
186,1,1,1,18.17,8,0.9444,0.6092,61133.92,4.8933,1,1,0
94,1,1,1,36.34,7,0.229,0.0126,248.25,2.6973,1,1,1
116,1,1,1,14.9,2,8.6665,2.4392,203.03,2.917,1,1,1
224,1,1,1,5.91,6,15.0906,4.3069,1370.77,3.0915,1,1,1
66,1,1,1,3.02,1,16.0071,23.8667,20396.99,3.3504,1,1,0
361,1,1,1,13.18,1,0.0787,0.0544,35164.02,4.6842,1,1,0
460,1,1,1,6.47,3,9.6914,10.8805,19432.45,3.9065,1,1,0
1433,1,1,1,3.0,3,1.3834,1.4212,32543.92,3.7801,1,1,0
98,1,1,1,8.34,3,14.4619,21.3588,21017.24,3.0533,1,1,0
104,1,1,1,30.39,2,12.9963,11.9035,3359.9,3.5213,1,1,0
517,1,2,1,14.39,1,4.9812,5.9647,30756.27,3.9844,1,1,0
168,1,1,1,36.99,5,1.3171,1.0343,5065.52,2.7414,1,1,0
479,1,1,1,5.37,1,13.6714,9.3142,4377.69,3.6275,1,1,0
72,1,1,1,8.28,1,7.9012,0.4825,6.09,3.6835,1,1,1
1332,1,2,1,24.29,11,1.0651,0.2571,15828.12,4.2314,1,1,1
61,1,1,1,4.71,1,3.1787,2.5278,15276.49,3.9541,1,3,0
52,1,3,1,38.79,7,0.3349,0.0425,4.0,1.7012,5,15,1
111,2,1,1,1.03,1,9.3674,10.9692,533.21,3.6206,1,1,0
93,1,1,1,28.18,5,0.1371,0.0367,220.1,2.6826,1,1,1
60,2,1,1,28.24,5,21.1578,29.8871,3878.19,3.6291,1,1,0
890,1,1,1,9.54,4,2.1526,3.8419,22648.62,4.1185,1,1,0
1289,1,1,1,1.74,1,0.4933,0.7063,21875.48,3.816,1,1,0
153,1,1,1,3.29,2,11.5229,1.4131,310.45,2.9399,1,1,1
70,1,1,1,15.36,3,1.2147,1.7735,3251.25,3.3085,1,1,0
65,2,1,1,7.27,1,0.8759,1.2476,469.88,3.328,1,1,0
466,2,1,0,3.11,2,0.6255,0.5449,2681.67,3.8216,1,1,0
803,1,2,1,10.37,1,45.4396,41.8992,49653.76,4.5038,2,1,1
143,2,1,1,2.45,2,2.5462,1.6094,7112.11,3.3263,1,1,0
60,1,2,0,37.2,8,0.3973,0.0964,16.0,2.2296,2,19,1
580,1,2,1,3.63,2,1.2314,0.8131,23061.97,3.437,1,1,0
104,1,1,1,7.62,1,0.5077,0.4437,31455.57,4.6022,1,1,0
794,1,1,1,20.88,5,0.8084,0.5505,97171.96,4.1983,1,1,0
1123,1,1,1,24.74,7,0.6548,0.2925,6866.7,4.943,1,1,1
1264,1,1,1,15.35,5,3.7384,3.1004,41617.98,4.0699,1,1,0
1385,1,2,1,20.05,8,0.4693,0.2192,3041.76,4.3344,1,1,1
1372,1,1,1,15.18,5,0.3693,0.3126,38749.25,4.1488,2,1,0
1397,1,1,1,9.02,4,5.0597,8.4398,33919.45,3.7532,1,1,0
167,1,1,1,5.54,3,1.9951,1.3571,39202.3,3.2077,1,1,0
60,3,1,1,9.0,2,14.4055,2.2209,16.0,2.8912,3,22,1
167,1,1,1,7.41,2,1.7594,1.9298,3221.07,2.245,1,1,0
716,1,1,1,6.56,6,11.3776,10.9496,33906.41,3.6462,1,1,0
481,2,1,1,3.17,1,2.0483,2.0382,3046.89,4.3207,1,1,0
1251,1,1,1,6.92,1,1.4423,1.4678,35393.3,4.4561,1,1,1
471,1,1,1,15.94,3,1.2381,1.2727,47821.12,4.1959,1,1,0
342,1,1,1,4.08,1,4.7492,2.8775,46016.41,4.2883,1,1,1
46,1,1,1,14.03,2,6.5098,11.4923,52698.34,4.0746,1,1,0
463,1,1,1,2.64,2,7.2534,10.7305,4201.52,3.0901,1,1,0
378,2,1,1,3.31,1,7.9944,10.6909,1119.22,3.887,1,1,0
58,1,1,1,6.41,2,2.2491,2.7577,906.44,3.7994,1,1,0
1070,1,1,1,3.65,3,20.7885,17.1013,26131.21,4.0555,1,1,0
44,1,3,1,42.42,7,0.24,0.017,16.0,2.3253,6,25,1
1041,1,2,1,17.62,6,0.4401,0.1834,9066.57,4.6252,1,1,1
219,2,1,0,24.02,7,2.8472,3.0503,6752.06,3.7218,1,1,0
1233,1,2,1,6.56,4,5.2225,9.1428,38901.44,3.5118,1,1,0
60,1,3,1,8.27,1,13.0484,0.9654,0.0,2.6844,5,12,1
1000,1,2,1,3.59,2,1.7074,0.819,45416.46,4.0735,1,1,1
345,1,1,1,5.68,3,0.9633,0.6113,48693.38,4.5201,1,1,0
84,1,1,1,7.29,4,1.2105,1.8932,3249.84,4.3306,1,1,0
188,1,2,1,18.48,1,0.2427,0.1184,58048.43,4.5696,1,1,0
544,1,1,1,3.94,3,12.1785,8.1783,12536.62,4.041,1,1,0
234,1,1,1,2.8,2,9.1572,9.2317,25892.12,3.2939,1,3,0
1130,1,1,1,13.43,3,0.8949,1.0001,69874.36,4.513,1,1,0
1207,1,2,1,20.43,4,0.666,0.2753,15273.22,4.9219,1,1,1
118,1,1,1,24.36,2,38.3543,21.0637,7820.22,2.3902,1,1,0
99,1,1,1,3.35,1,21.205,32.9486,13155.8,4.3212,1,1,0
234,2,1,1,2.62,1,6.3402,7.3964,546.21,4.2163,1,1,0
1435,1,2,1,5.58,1,1.3061,1.1692,23365.38,3.7097,1,1,0
498,2,1,1,3.81,1,19.2708,28.5364,2971.61,3.2708,1,1,0
222,1,1,1,5.87,1,17.6094,28.3617,8201.94,3.1131,1,1,0
44,2,3,1,11.71,1,11.3228,1.4142,4.0,2.606,2,7,1
488,1,1,1,6.39,5,5.3662,5.4974,10479.89,4.0416,1,1,0
831,1,1,1,10.52,4,1.5231,1.8317,17140.05,3.8556,1,1,0
379,1,2,1,19.09,6,4.1196,3.333,10591.36,4.276,1,1,0
1032,1,1,1,6.99,2,1.1806,0.895,33808.89,4.1101,1,1,0
295,1,1,1,2.22,2,0.4809,0.3181,6921.47,3.3421,1,1,0
1384,1,2,1,20.08,6,1.3079,0.2585,4224.28,4.5344,1,1,1
64,1,1,1,40.61,7,0.369,0.0765,0.0,2.5317,2,18,1
290,1,1,1,5.4,3,8.0167,1.4868,686.32,3.4068,1,1,1
1305,1,1,1,2.43,2,16.9347,17.1894,9852.8,3.3853,1,1,0
791,1,1,1,13.02,3,0.8585,0.3929,79291.96,4.2999,1,1,0
386,1,1,1,2.08,1,4.5539,5.4924,18006.98,3.6658,1,1,0
206,1,2,1,20.4,2,2.7749,2.0924,12157.91,3.9333,1,1,0
1149,1,1,1,7.76,7,20.3713,23.7985,8071.92,3.7276,1,1,0
104,1,1,1,2.52,1,14.6833,1.0644,497.03,3.1004,1,1,1
60,1,3,1,34.77,5,0.1435,0.0165,4.0,2.4176,2,20,1
70,1,1,1,3.09,3,5.3222,5.3262,3108.86,2.6164,1,1,0
295,1,2,1,10.86,4,2.2687,2.2984,81317.83,4.3518,1,1,1
608,1,1,1,9.74,2,9.9439,5.3027,96913.26,3.7229,1,1,1
986,1,1,1,32.16,3,4.3019,4.9067,36339.81,4.5069,2,1,0
118,1,1,1,4.32,1,3.88,5.434,60902.09,3.8157,1,1,0
369,2,1,1,4.37,1,2.433,3.6474,2921.68,2.7041,1,1,0
42,1,1,1,1.81,1,0.4033,0.4289,14451.84,3.8063,1,1,0
83,1,1,1,3.4,1,9.9863,11.7614,11865.18,3.9161,1,1,0
44,1,2,1,3.6,3,5.2867,1.2223,4.0,2.0693,5,17,1
117,1,1,1,5.88,4,0.5517,0.9891,20054.71,4.3383,1,1,0
345,1,1,1,16.32,9,5.694,3.4772,49497.54,4.6735,1,1,0
174,1,2,1,7.25,6,7.5902,4.921,7725.72,3.0823,1,1,0
113,1,2,1,2.41,1,2.3232,3.2443,5409.39,3.6993,1,1,0
1189,1,1,1,3.52,6,10.4718,4.8352,33667.29,4.5362,1,1,1
1185,1,2,1,20.84,7,6.2822,7.1455,46028.83,4.049,1,2,0
109,1,1,1,7.0,1,0.4686,0.621,23228.64,4.5649,1,1,0
115,1,2,1,46.8,3,0.8715,0.236,445.43,3.8295,1,1,1
52,1,1,1,48.11,8,0.1165,0.0041,0.0,2.647,6,5,1
772,1,2,1,10.15,1,4.9583,4.6839,11728.31,3.5688,1,1,0
435,1,2,1,2.26,2,6.2947,9.5399,9751.61,4.0008,1,1,0
220,1,1,1,7.77,2,0.9798,0.6847,23523.56,3.7987,1,1,0
666,1,1,1,20.2,3,8.42,4.9327,26435.29,4.1064,2,2,0
40,1,3,1,51.34,6,0.071,0.0171,0.0,2.3293,4,24,1
232,1,1,1,6.92,2,16.8413,15.6465,13752.79,3.554,1,1,0
176,1,2,1,31.69,8,1.1226,0.1967,139.29,3.4444,1,1,1
923,1,1,1,6.19,1,0.9378,0.9516,27265.01,3.2489,1,3,0
116,1,1,1,3.82,3,3.8265,3.0495,47519.73,3.5295,1,1,0
1277,1,1,1,3.93,2,2.0058,1.4464,12912.07,3.677,1,1,0
162,1,1,1,15.53,3,5.5783,2.4006,48837.17,3.5064,1,1,0
396,1,1,1,1.94,1,8.843,6.5559,4007.11,4.3285,1,1,0
1137,1,1,1,11.13,1,7.3983,13.0529,7013.23,3.6893,1,3,0
563,1,1,1,6.25,4,4.866,5.5649,22869.11,3.7293,2,1,0
1109,1,1,1,2.44,1,4.3602,5.0208,33672.9,3.491,1,1,0
456,2,1,1,1.29,1,4.6442,3.9298,321.46,3.4833,1,1,0
966,1,2,1,2.89,2,2.8395,2.9758,21204.98,4.14,1,1,0
228,1,2,1,11.45,2,2.1324,1.6937,10106.08,3.899,1,1,0
1040,1,1,1,7.91,1,0.7058,1.2308,25348.22,3.3136,1,1,0
104,1,1,1,10.43,1,5.5933,5.1265,15712.57,3.6629,1,1,0
1324,1,1,1,19.19,3,1.2162,0.7436,25493.08,4.7749,1,1,0
1397,1,1,1,7.76,4,4.27,1.8744,42010.51,4.8722,1,1,1
1209,1,3,1,33.34,3,1.0831,0.5635,1817.67,4.8771,1,1,1
163,1,1,1,20.82,7,0.9768,0.2383,205.83,2.9972,1,1,1
182,2,1,1,1.48,1,6.6183,5.1622,2177.13,3.1749,1,1,0
619,1,1,1,15.13,2,0.0948,0.0407,32141.48,3.5914,1,1,0
108,2,1,1,3.25,2,8.7016,8.5167,3776.43,3.5931,1,1,0
60,3,3,1,10.68,1,8.1906,0.5098,16.0,2.3956,4,14,1
476,1,2,1,10.61,4,11.5234,13.1586,52678.81,4.0737,2,2,1
58,1,1,1,4.34,4,4.3572,6.5094,4368.51,3.5987,1,1,0
1314,1,2,1,8.14,1,3.1203,2.4128,19393.48,3.8586,1,1,1
302,1,1,1,2.39,5,12.2239,1.6938,230.5,2.9993,1,1,1
106,2,1,1,8.69,2,0.7356,0.6987,4360.31,3.7599,1,1,0
356,1,1,1,10.64,5,8.2995,0.5923,1018.69,3.4049,1,1,1
51,1,1,0,29.26,5,8.4025,7.0413,7096.9,3.0952,1,1,0
53,1,1,1,4.13,2,4.3666,7.1338,18676.77,4.5269,2,3,0
313,1,1,1,2.08,2,15.9393,10.7458,16605.9,3.9958,1,1,0
1469,1,2,1,34.13,3,0.8398,0.3908,3237.97,4.1952,1,1,1
52,2,2,1,41.51,7,0.1181,0.0184,4.0,2.2083,3,18,1
308,2,1,1,2.87,1,1.3363,1.4271,1904.28,3.3637,1,1,0
117,1,1,1,3.39,2,14.5751,13.5372,29958.36,3.8529,1,1,0
112,2,1,1,24.15,3,0.6461,0.9326,3821.11,3.6569,1,1,0
1135,1,1,1,7.03,2,2.8909,4.7535,20442.86,4.1509,1,1,0
111,1,1,1,2.08,1,6.5923,5.097,2038.02,3.1215,1,1,0
792,1,1,1,4.76,1,12.7842,10.1631,19911.42,3.7554,1,1,0
86,1,1,1,3.07,3,29.7289,32.3888,28169.07,3.0639,1,1,0
95,2,1,0,3.03,1,3.0248,1.8474,718.39,3.1385,1,1,0
529,1,1,1,3.36,3,0.173,0.1637,27059.75,3.6552,1,3,0
1378,1,1,1,10.72,2,0.3788,0.2953,18786.15,4.1327,1,3,0
390,2,1,1,3.34,1,1.6192,1.693,1404.64,2.8181,1,1,0
99,1,1,1,12.08,1,4.6886,6.6116,49585.2,3.5939,1,1,0
335,2,1,1,15.21,5,5.2286,3.3922,4811.71,3.3208,1,1,0
588,1,2,1,4.56,3,3.9769,2.9712,20272.44,4.1965,1,1,0
235,1,1,1,30.5,10,1.1256,0.3192,279.48,3.1078,1,1,1
169,1,1,1,2.42,2,7.2275,7.8432,51613.35,3.6009,1,1,0
115,1,1,1,3.03,2,6.075,10.1541,9588.79,3.5489,1,1,0
40,1,3,1,9.15,1,7.6914,1.6375,16.0,2.0947,3,8,1
76,1,2,1,6.69,1,1.8869,2.3637,6692.74,4.5378,1,1,0
1100,1,2,1,43.35,8,1.4143,0.5481,6195.07,4.8395,1,1,1
60,1,2,1,6.1,5,4.8866,5.6704,19724.71,3.9503,2,1,0
219,1,1,1,7.88,1,4.5444,6.4076,16382.25,3.716,1,1,0
1069,1,1,1,21.8,2,6.2812,5.8348,67771.35,4.5893,1,1,0
1288,1,2,1,18.0,2,6.2041,4.199,25515.22,4.4474,1,1,1
432,2,1,1,4.29,2,3.3845,2.873,2719.53,3.4492,1,1,0
244,1,1,1,34.71,9,0.6907,0.0659,1870.91,3.0509,1,1,1
266,1,1,1,5.84,3,3.9173,3.0901,7893.05,3.7478,1,1,0
825,1,2,1,10.54,1,2.0055,1.6189,42225.35,5.3645,1,1,1
366,1,1,1,4.07,1,17.3641,0.9697,743.67,3.1252,1,1,1
957,1,2,1,7.15,1,1.7759,0.8793,42933.22,4.4387,1,1,1
98,1,1,1,5.44,2,1.164,1.9486,9923.16,4.2192,1,1,0
344,1,1,1,3.34,1,15.494,2.6584,636.87,3.126,1,1,1
1351,1,1,1,6.62,4,0.702,0.624,28926.84,4.9112,1,2,1
251,1,1,1,2.5,2,11.9276,9.3489,12943.99,2.8383,1,1,0
365,2,1,1,2.15,1,3.4358,4.6,6880.3,3.8021,1,1,0
154,2,1,1,1.94,1,5.762,7.6471,280.97,3.0987,1,1,0
390,1,1,1,5.54,4,2.2391,1.918,23026.39,4.3658,1,1,0
125,2,1,1,1.48,1,1.3936,1.7566,2637.39,3.464,1,1,0
56,1,1,1,2.66,2,12.0383,10.3831,39893.31,3.9002,1,1,0
109,2,1,1,1.74,2,4.4533,4.0938,2236.0,2.9793,1,1,0
65,2,1,0,2.09,1,3.1503,3.1521,1605.4,2.7594,1,1,0
63,2,1,1,25.88,5,3.4239,4.2095,639.37,3.7831,1,1,0
124,2,1,1,22.48,4,7.8523,9.076,289.02,3.0229,1,1,0
1092,1,1,1,11.25,1,8.3794,12.6575,7612.65,4.7102,1,1,0
40,1,3,1,42.15,9,0.0562,0.0085,16.0,1.9081,5,14,1
412,1,2,1,3.87,1,1.3328,1.4665,3000.88,3.4274,1,1,0
45,1,1,1,7.41,2,0.7163,1.2015,31731.4,2.9375,1,1,0
104,1,1,1,4.94,3,1.6401,2.0656,33629.89,3.9023,1,2,0
60,2,1,1,1.14,1,13.8613,8.5855,4742.53,3.6085,1,1,0
44,2,3,1,5.3,1,8.3473,1.7638,4.0,1.7449,3,9,1
1289,1,1,1,5.8,1,6.0653,6.6412,38902.78,3.475,1,1,0
107,2,1,1,1.51,3,5.2894,3.9863,2039.33,3.0116,1,1,0
1041,1,1,1,18.5,6,0.4797,0.4896,38797.94,3.9097,1,2,1
1180,1,1,1,3.33,3,1.692,2.9449,41202.73,3.854,2,1,0
107,1,2,1,20.14,3,1.0579,0.2037,269.18,3.307,1,1,1
111,2,1,1,5.39,1,2.1481,1.6898,8574.74,2.9956,1,1,0
82,1,1,1,2.78,1,7.3197,10.1361,37960.7,4.3162,1,1,0
51,2,1,1,1.17,1,3.5875,3.1525,5768.75,3.6673,1,1,0
126,2,1,1,17.44,7,8.2942,10.4252,2820.44,3.6461,1,1,0
995,1,1,1,2.16,1,8.6879,9.0882,45772.1,3.5798,1,1,0
115,1,1,1,5.85,1,0.5451,0.582,13684.85,4.4952,1,1,0
244,1,2,1,3.62,3,3.3824,5.0232,16301.39,3.7232,1,1,0
412,1,1,1,8.42,4,3.8081,1.1435,31451.09,4.58,1,1,1
413,1,1,1,15.51,3,7.5875,3.6502,43559.45,4.4467,1,1,0
271,1,1,1,26.43,6,1.1935,0.0951,270.05,4.071,1,1,1
57,2,1,1,3.15,2,3.5118,3.2577,2697.8,4.0448,1,1,0
1045,1,1,1,7.22,2,2.9862,4.1347,8666.01,4.153,1,1,0
202,1,1,1,2.68,2,2.404,3.1219,35734.93,4.5635,1,1,0
229,1,1,1,2.86,1,5.812,3.8971,410.46,3.0699,1,1,0
201,1,1,1,21.6,3,1.3846,1.7285,28978.87,3.1985,1,1,0
44,1,2,1,8.96,1,2.8515,3.4415,8976.18,3.8344,1,1,0
954,1,1,1,6.48,1,3.0062,0.9263,29853.5,3.7595,1,1,1
172,1,1,1,18.06,1,1.78,2.1478,24986.98,3.5924,1,2,0
295,1,1,1,6.96,3,4.514,4.1631,25222.26,4.5203,1,1,0
267,1,1,1,9.72,2,4.7506,7.4533,17542.53,4.1529,1,1,0
109,2,1,1,3.27,1,3.2567,2.4428,2751.65,3.1976,1,1,0
89,1,1,1,8.54,3,9.1294,11.8123,45380.16,4.043,1,1,0
854,1,1,1,15.94,5,4.9032,2.0286,60859.78,3.5708,1,1,1
417,2,1,1,29.85,2,9.6277,8.8197,8810.08,2.9087,1,1,0
71,1,1,1,7.99,2,1.4408,1.3013,19539.7,3.719,1,2,0
1417,1,1,1,5.69,4,6.4665,8.6936,15634.4,3.9565,1,1,0
224,1,1,1,5.17,1,4.9334,4.9059,26437.09,3.7898,1,1,0
442,1,1,1,2.52,2,4.7283,7.5645,9569.39,3.4815,1,1,0
714,1,1,1,8.37,1,2.1507,1.9329,37633.64,5.0192,2,1,1
823,1,1,1,5.47,2,0.8472,1.0765,8133.86,3.6518,1,1,0
41,1,1,1,10.49,3,6.6211,9.3127,12351.01,3.3308,2,1,0
339,1,1,1,3.93,1,9.1911,12.9601,28940.39,2.9706,1,1,0
108,1,1,1,3.89,3,16.2786,12.0848,8448.77,4.0012,1,1,0
439,1,2,1,2.94,1,9.9219,15.0038,6330.96,3.6434,1,1,0
64,1,3,1,11.89,1,9.9236,1.0336,0.0,2.3353,5,25,1
213,2,1,1,23.69,2,8.3127,11.0361,4246.16,4.7169,1,1,0
997,1,1,1,5.83,3,11.1993,6.7269,42396.76,4.4118,1,2,1
590,1,1,1,3.39,2,5.6507,8.0518,33419.57,3.14,1,1,0
52,3,3,1,8.32,2,14.7995,3.2273,4.0,2.9886,2,22,1
761,1,1,1,13.85,6,3.3788,2.6745,90823.22,4.0133,1,1,0
468,1,1,1,6.48,2,25.6128,30.7604,8167.47,3.9183,1,2,0
124,1,1,1,4.16,1,3.3458,2.8627,547.94,3.2414,1,1,0
60,1,3,1,40.39,5,0.3962,0.083,16.0,2.4054,3,13,1
49,2,1,1,2.7,2,0.334,0.2855,10363.06,4.1356,1,1,0
353,1,1,1,3.77,1,1.5229,2.2888,21190.76,3.5541,1,1,0
77,1,1,1,4.28,1,1.0869,1.5364,12303.67,4.4599,1,1,0
106,2,1,1,4.4,2,12.6079,11.754,10984.52,3.6522,1,1,0
265,1,1,1,3.07,2,7.1369,4.6754,14080.0,3.4648,1,2,0
181,1,1,1,7.27,2,11.4086,13.4646,38848.36,3.8781,1,1,0
70,1,1,1,1.47,1,13.9702,19.6844,16956.13,3.9485,1,1,0
1356,1,1,1,28.05,2,0.6655,0.0944,6938.71,4.8022,1,1,1
310,1,2,1,11.3,1,6.8617,4.1905,28921.03,3.7292,1,1,0
361,1,2,1,7.66,2,12.0006,19.5025,13335.95,3.1334,1,3,0
327,1,1,1,18.66,3,0.8537,0.2481,98.04,3.5642,1,1,1
255,1,2,1,32.96,3,0.461,0.0841,517.61,2.6209,1,1,1
300,2,1,1,2.32,1,6.5276,6.4218,5273.76,3.2109,1,1,0
281,1,1,1,4.13,1,7.774,0.4764,448.75,2.6543,1,1,1
755,1,1,1,33.57,6,6.5057,7.5908,45010.41,4.3039,1,1,0
624,1,1,1,19.39,1,1.2072,0.9636,46533.08,3.7428,1,1,0
239,1,2,1,21.05,5,0.7276,0.2038,296.39,2.8078,1,1,1
147,1,1,1,10.1,1,3.7647,4.837,137197.93,4.2816,2,1,0
718,1,1,1,5.47,1,7.1837,10.6303,29490.3,3.996,1,1,0
903,1,1,1,16.59,2,3.2941,3.5457,72210.39,3.9389,1,1,0
225,1,1,1,18.14,4,0.5057,0.6079,30206.42,4.3447,1,1,0
176,1,1,1,17.56,2,7.0462,4.3324,980.02,2.8157,1,1,0
561,1,1,1,1.54,1,1.8433,2.0669,15971.35,3.8981,1,1,0
1090,1,1,1,3.11,3,5.6081,7.7875,28648.91,4.2938,1,1,0
166,1,1,1,5.65,1,2.0404,2.8306,27792.09,4.1958,1,1,0
1185,1,2,1,31.23,9,0.6669,0.2552,2760.29,4.616,1,1,1
112,2,1,1,2.22,3,1.1855,1.3506,838.33,3.3847,1,1,0
58,1,1,1,3.69,3,1.3236,1.3838,19126.24,3.8864,1,1,0
415,1,1,1,3.41,3,10.4989,13.3066,11154.04,3.5454,1,3,0
1016,1,2,1,11.48,1,2.7625,2.5698,52315.09,4.802,1,2,1
566,1,1,1,9.61,3,7.6565,7.5414,85449.32,4.7421,1,1,1
1132,1,1,1,35.21,5,1.5236,0.2468,2135.3,4.7727,1,1,1
235,2,1,0,23.36,4,3.0231,3.4063,2987.64,3.2323,1,1,0
372,1,1,1,17.06,7,1.0787,0.2666,374.89,3.749,1,1,1
1340,1,1,1,8.53,4,5.6518,2.0481,33612.68,4.1911,1,1,1
455,1,1,1,16.72,7,5.1594,4.8695,45227.7,3.3054,1,1,0
121,2,1,1,4.56,2,25.3419,31.785,3822.85,4.3564,1,1,0
943,1,1,1,13.51,4,1.1653,1.4759,155552.17,4.2155,1,1,0
360,1,1,1,31.66,4,4.6424,5.7757,25815.19,4.2843,1,1,0
222,2,1,1,24.17,5,1.7023,1.7228,8694.58,4.6499,1,1,0
415,1,1,0,4.25,2,1.7203,1.3281,36681.3,4.0073,1,1,0
99,1,1,1,5.54,2,13.2701,11.5752,23728.6,4.0072,1,1,0
47,1,1,1,2.05,1,11.7339,19.8477,5716.01,3.6704,2,1,0
273,1,1,0,35.99,3,0.3193,0.1809,2693.89,3.8822,1,1,0
105,1,1,1,3.86,2,18.3452,27.4151,8348.09,3.3851,1,1,0
457,1,2,1,16.39,1,2.7116,1.6427,29888.34,4.0124,1,2,1
1158,1,1,1,31.43,3,0.8003,0.6241,64608.4,4.487,1,1,0
1392,1,1,1,27.73,3,0.5941,0.0614,7279.96,4.4186,1,1,1
458,1,1,1,8.04,3,0.7007,0.6365,48549.53,3.3565,1,1,0
118,1,1,1,4.24,1,4.0843,6.3537,8302.87,3.9649,1,1,0
385,1,1,1,3.12,2,5.3292,8.6736,35823.97,3.6023,1,1,0
499,1,1,1,33.03,5,4.4634,3.7501,33197.98,4.8915,1,1,0
417,1,2,1,7.25,1,5.5524,7.1229,15473.07,4.9479,1,1,0
78,1,1,1,5.58,2,4.54,7.9509,7833.59,3.4278,1,3,0
59,1,1,1,4.05,2,2.5833,1.8279,18696.4,4.1963,1,1,0
293,1,1,1,7.74,2,1.4756,1.4113,13656.98,4.6572,1,1,0
52,1,1,1,34.85,11,0.3513,0.0354,16.0,1.9007,5,4,1
1110,1,1,1,3.92,4,8.3018,8.7949,60868.97,4.8403,1,1,1
109,2,1,1,29.54,5,5.612,6.1909,1577.95,2.4538,1,1,0
225,2,1,1,30.05,2,16.3117,17.1335,7440.52,4.0146,1,1,0
107,1,1,1,2.34,1,3.8478,5.7629,13536.18,3.5418,1,1,0
925,1,2,1,15.6,5,10.7601,9.8199,43211.51,4.5585,1,1,0
118,1,1,1,9.47,1,1.8886,2.2443,17867.23,4.5649,1,1,0
1026,1,1,1,31.07,5,1.4869,1.7387,63915.5,4.1226,1,1,0
117,2,1,1,2.8,1,13.2088,13.9827,646.86,3.75,1,1,0
1163,1,1,1,16.46,4,0.1566,0.149,23105.06,3.985,2,1,0
1444,1,1,1,5.69,1,0.3869,0.3834,95589.08,4.1945,1,1,1
219,2,1,1,26.93,5,12.1278,16.6085,3482.7,3.3842,1,1,0
923,1,1,1,3.62,2,2.7058,2.0322,11123.4,4.3107,1,1,0
1475,1,1,1,11.68,4,2.6639,2.9019,22237.28,3.9946,2,1,1
474,1,1,1,24.91,3,0.604,0.5314,36218.91,4.4658,2,2,0
102,2,1,1,5.04,2,28.0338,14.7393,3834.58,4.1053,1,1,0
478,2,1,1,17.06,6,3.0948,3.5301,2152.08,2.9191,1,1,0
118,1,2,1,8.79,2,9.0497,15.646,33114.96,3.6595,1,1,0
171,1,1,1,9.86,4,12.3309,18.4605,43924.99,4.1678,1,1,0
613,1,1,1,20.98,1,1.1499,1.0395,17853.33,3.7189,2,1,0
199,1,1,1,5.61,1,13.495,2.8288,9.91,2.9688,1,1,1
97,1,1,1,4.15,1,20.992,26.2728,1041.13,2.8642,1,1,0
272,1,1,1,10.88,1,1.51,1.4278,82997.13,4.4168,2,1,1
730,1,1,1,8.32,3,2.7579,1.3812,32228.35,4.4947,1,1,1
1189,1,1,1,9.25,4,3.5633,3.0383,34801.5,4.1928,1,1,1
106,1,1,1,3.28,1,4.9961,5.2726,15625.28,3.0266,1,1,0
259,1,1,1,35.22,3,0.8517,0.2105,140.75,3.721,1,1,1
92,1,1,1,26.08,5,0.1314,0.0143,1419.78,3.1634,1,1,1
185,1,1,1,28.64,4,1.2557,0.5406,43232.77,4.6191,2,1,0
806,1,1,1,12.26,3,2.2346,2.4942,52516.83,3.9193,1,2,1
218,1,1,1,31.92,5,1.0325,0.0988,1294.71,3.2456,1,1,1
41,1,1,1,14.73,2,15.31,10.5958,49476.98,4.2802,1,3,0
44,1,3,1,53.17,8,0.1315,0.0113,16.0,2.1534,4,10,1
164,1,1,1,16.46,4,6.3829,4.5634,47287.64,5.0568,1,1,0
430,1,1,1,9.25,2,3.2324,3.3972,13088.69,3.186,1,1,0
88,1,1,1,5.05,1,13.4168,0.7011,222.24,3.1642,1,1,1
119,1,1,1,2.08,2,9.503,13.2506,62746.62,3.1867,1,1,0
127,1,1,1,15.88,9,3.0532,4.0359,48896.78,4.3153,1,1,0
199,2,1,1,2.58,1,19.1906,27.6867,3696.52,3.4284,1,1,0
40,1,1,1,35.53,5,0.1411,0.0163,16.0,2.2943,4,10,1
655,1,2,1,10.32,1,8.5567,5.6924,87930.18,3.7941,1,1,1
1209,1,2,1,25.64,1,7.8837,7.9098,62383.18,4.2351,1,1,0
108,1,1,1,6.66,2,1.5714,1.513,19171.04,4.1842,1,1,0
160,2,1,1,2.88,1,16.6367,20.8196,2713.1,3.6296,1,1,0
60,2,1,1,35.48,11,0.0679,0.0066,0.0,2.1426,3,4,1
219,1,1,1,22.73,6,0.8775,0.2529,601.74,2.8367,1,1,1
1054,1,1,1,5.4,2,0.7316,0.7989,20790.48,4.2621,1,2,1
878,1,1,1,2.94,1,5.7102,4.5239,13272.34,4.2978,1,1,0
768,1,1,1,21.84,5,0.3214,0.3649,19827.89,4.1626,2,1,0
1145,1,1,1,6.11,3,2.5158,1.002,80955.49,4.8899,1,1,1
233,2,1,1,1.73,1,11.5264,12.0684,2507.66,3.3956,1,1,0
1098,1,2,1,2.24,1,3.6335,3.3338,8804.65,3.766,1,1,0
44,2,2,1,35.87,11,0.449,0.012,0.0,2.9766,3,6,1
295,1,1,1,25.45,3,0.609,0.0591,964.9,3.3089,1,1,1
1456,1,1,1,10.31,2,3.987,5.5078,10900.21,4.0472,1,2,0
413,1,1,1,1.7,1,0.5057,0.6759,2582.48,4.8,1,1,0
228,1,2,1,5.42,1,1.956,2.0105,66128.81,3.8829,1,1,0
371,1,2,1,21.41,7,1.02,0.2556,232.9,2.323,1,1,1
83,1,1,1,2.58,1,5.2103,7.0137,872.56,4.2246,1,1,0
382,2,1,1,1.93,1,7.474,9.506,5458.25,4.0852,1,1,0
322,1,1,1,19.84,6,0.2748,0.1183,113864.86,4.5364,1,1,0
49,1,1,1,3.53,2,15.6628,12.1587,11799.44,4.1097,1,1,0
40,1,3,1,39.45,7,0.1364,0.0171,0.0,3.3902,6,11,1
1363,1,1,1,3.69,3,2.4177,3.5061,25734.71,4.4298,1,1,0
106,1,1,1,4.68,2,15.2966,9.9856,9202.46,3.7239,1,1,0
117,2,1,1,1.73,1,0.7995,1.0805,2199.82,3.4556,1,1,0
330,1,1,1,15.85,3,1.9923,2.3183,40974.65,3.4216,1,1,0
1422,1,1,1,6.69,2,2.8739,2.4657,45913.18,4.0992,1,1,1
1313,1,1,1,4.31,3,1.7449,1.8267,4351.29,3.8804,1,1,0
88,1,1,1,3.37,3,3.9225,6.221,30112.37,3.809,1,1,0
1040,1,2,1,2.0,1,3.7179,3.4741,24677.4,3.3594,1,1,0
372,1,2,1,3.9,1,17.8957,4.7632,892.39,3.4332,1,1,1
86,1,1,1,27.5,8,0.9528,0.07,682.59,3.7019,1,1,1
61,1,1,1,3.1,3,0.3725,0.4949,1143.43,3.8512,1,1,0
113,1,1,1,4.94,2,7.3889,13.1028,59066.76,3.5403,1,1,0
184,1,1,1,7.5,3,0.4367,0.4727,12386.76,4.3363,1,1,0
114,1,1,1,7.1,5,15.5672,21.0027,26866.86,4.2026,1,1,0
333,1,2,1,9.24,1,5.4228,3.6403,66760.88,3.6841,1,1,1
349,1,1,1,34.32,4,0.1007,0.0155,514.7,2.9106,1,1,1
242,1,1,1,7.53,6,11.3233,15.0484,14795.79,3.7818,1,1,0
52,1,2,1,49.34,8,0.3016,0.0647,0.0,1.9815,3,24,1
60,2,3,1,6.22,1,4.7815,1.0466,4.0,3.1408,2,12,1
369,1,1,1,3.8,1,12.2077,1.4478,380.38,2.7324,1,1,1
420,2,1,0,2.84,1,6.2688,9.011,1129.18,3.8832,1,1,0
840,1,1,1,7.58,2,2.4753,4.2877,27716.95,4.7963,1,1,0
46,1,1,1,6.48,2,9.4566,15.6703,20563.2,4.2373,1,1,0
511,1,1,1,6.6,1,10.7122,14.1753,23777.06,3.2456,1,1,0
578,1,2,1,6.98,1,16.1883,20.4924,8827.99,3.294,1,1,0
211,1,2,1,21.29,6,0.4354,0.0409,650.58,3.4766,1,1,1
1142,1,1,1,28.23,5,1.1927,1.4995,38175.91,4.2934,1,1,0
108,1,1,1,6.19,2,8.1746,9.6353,9297.76,3.577,2,1,0
184,1,2,1,12.15,1,10.9767,2.2509,983.33,3.3262,1,1,1
978,1,1,1,8.24,2,16.9641,7.6811,26906.77,3.8096,1,1,1
52,1,2,1,7.77,2,13.9072,3.2684,4.0,1.8635,3,24,1
87,2,1,1,3.58,1,7.8402,7.727,2227.36,3.6414,1,1,0
1324,1,1,1,3.0,2,0.3886,0.3107,28718.33,3.934,1,1,0
1250,1,1,1,4.18,4,3.3512,5.0305,19270.06,3.4163,1,1,0
128,2,1,1,2.37,1,2.3626,2.6279,8154.69,3.1491,1,1,0
60,1,2,1,33.96,5,0.1385,0.0071,0.0,2.0651,5,18,1
263,1,2,1,15.76,4,0.3324,0.3293,18048.73,4.8222,1,2,0
82,2,1,1,1.72,2,2.2188,3.0367,2851.68,3.4069,1,1,0
343,2,1,1,2.8,1,4.5058,2.6952,1654.01,2.6499,1,1,0
209,2,1,1,21.73,2,0.3344,0.2048,895.68,4.2773,1,1,0
1393,1,1,1,15.45,1,6.3957,8.734,25580.65,4.4805,1,1,0
1076,1,1,1,17.84,5,0.5551,0.1355,4706.84,4.4383,1,1,1
1087,1,2,1,18.27,3,0.1129,0.0871,29521.02,4.315,1,1,0
64,1,3,1,34.21,8,0.1563,0.011,4.0,2.4288,5,6,1
278,1,1,1,2.45,2,4.2816,6.4017,10050.1,3.8428,1,1,0
304,1,1,1,16.94,12,1.1369,0.2475,1198.12,3.499,1,1,1
1128,1,1,1,6.23,4,6.1512,5.4811,36088.15,3.7258,1,1,1
1157,1,1,1,3.64,1,3.2312,4.9707,18312.71,3.9727,1,1,0
368,1,1,1,8.46,3,3.0223,3.0582,11901.94,3.8309,1,1,0
222,2,1,1,4.03,1,6.6,9.3143,4940.24,3.6491,1,1,0
77,1,2,1,2.99,2,10.1582,14.3662,19714.92,4.2894,1,1,0
271,1,1,1,2.13,1,5.0377,4.0046,3203.33,3.1324,1,1,0
297,1,1,1,50.85,8,0.2197,0.0656,1298.35,2.1,1,1,1
158,1,1,1,3.26,1,6.207,10.0636,36707.89,3.9201,1,1,0
126,2,1,1,2.7,1,4.5283,5.2068,3815.2,2.3344,1,1,0
895,1,2,1,3.37,1,7.7342,12.3791,48852.81,3.1825,1,2,0
89,1,2,1,7.56,2,7.5011,9.3555,29601.71,4.2886,1,1,0
350,1,1,1,8.59,1,0.7673,1.2565,50717.32,4.2716,2,1,0
96,1,1,1,15.46,5,4.2059,2.5333,73591.02,4.7845,1,2,0
267,1,2,1,2.88,2,1.3762,2.3836,42318.58,3.3761,1,1,0
262,1,1,1,31.09,3,0.4323,0.0431,550.22,2.8785,1,1,1
103,1,1,1,1.23,1,0.5957,0.4947,3277.63,3.2523,1,1,0
481,2,1,1,3.24,1,7.2781,9.739,1191.02,3.383,1,1,0
113,2,1,1,5.11,3,1.4161,1.782,1819.1,2.7272,1,1,0
511,1,1,1,3.14,1,1.7407,1.0951,2546.94,3.5111,1,1,0
820,1,1,1,14.62,5,5.2618,3.1786,37247.9,3.8901,1,1,0
624,1,1,1,20.66,5,0.6881,0.907,58933.88,3.4895,1,1,0
156,1,1,1,2.97,2,7.5224,7.7887,9646.58,3.5557,1,1,0
166,1,1,1,2.46,1,5.6137,0.7417,831.62,3.2896,1,1,1
1103,1,1,1,4.8,1,4.3265,2.2655,31027.39,4.895,1,1,1
1119,1,2,0,2.82,1,9.281,5.6857,26933.03,3.9686,1,1,0
87,1,1,1,5.26,1,8.7404,1.6877,98.41,3.129,1,1,1
56,1,1,1,8.02,2,3.4709,3.279,17311.91,4.6037,1,1,0
859,1,1,1,4.76,3,12.9676,11.3238,17690.16,4.1833,1,1,0
540,1,1,1,6.92,1,20.1628,12.0978,12016.39,3.7254,2,2,0
213,1,1,1,24.85,6,0.9385,0.1813,98.89,2.9762,1,1,1
427,1,1,1,23.89,4,8.8263,7.336,1144.07,4.1401,1,1,0
1392,1,1,1,5.63,4,3.3349,2.1688,6649.24,3.6974,1,1,0
1057,1,1,1,12.33,5,1.5977,0.7061,22088.71,4.3656,1,1,0
57,1,1,1,10.79,2,1.3696,1.4289,27694.12,4.1475,1,1,0
593,1,1,1,16.31,1,0.3529,0.4815,51110.95,4.4093,1,2,0
64,1,3,1,7.06,1,4.0084,0.6696,0.0,2.3804,6,13,1
44,1,2,1,27.6,8,0.072,0.0024,0.0,2.8228,3,25,1
75,1,1,1,5.8,5,1.5755,2.7631,3346.16,4.1369,1,1,0
87,1,1,1,2.07,1,1.3424,1.875,2439.73,2.943,1,1,0
345,1,2,1,15.2,2,2.7529,1.8815,26869.08,4.2647,1,1,0
1313,1,3,1,23.04,3,0.2316,0.1044,2201.84,5.0396,1,1,1
102,1,1,1,38.5,3,1.8318,1.0384,4167.8,2.8085,1,1,0
116,1,1,1,4.32,1,7.3717,6.1923,2315.2,4.7858,1,1,0
1249,1,3,1,24.62,4,1.6332,0.5137,4704.3,4.6377,1,1,1
1115,1,1,1,35.74,2,0.3148,0.159,9822.37,4.5654,1,1,1
350,1,1,1,2.29,2,15.4213,12.8856,18346.61,4.269,1,1,0
106,1,1,0,3.6,2,1.6219,2.0933,19814.98,3.5663,1,1,0
40,1,3,1,12.62,1,7.8427,0.3676,4.0,1.9329,3,21,1
732,1,2,1,8.98,6,0.9977,1.1391,43245.4,3.6116,1,1,0
75,1,1,1,3.31,1,0.8752,0.8655,394.65,3.2392,1,1,0
176,1,2,1,25.07,5,1.1127,0.1567,132.08,3.4112,1,1,1
1088,1,2,1,13.79,1,4.1271,5.061,19691.08,3.3444,1,1,0
1384,1,1,1,2.54,2,3.5267,3.7727,18424.84,3.7575,1,1,0
64,1,2,1,36.02,5,0.271,0.0283,0.0,1.9801,4,5,1
94,1,1,1,29.24,9,2.3246,1.4736,1736.85,2.0,1,1,0
122,2,1,1,1.5,2,2.0182,1.6616,2786.31,3.5121,1,1,0
194,1,2,1,10.94,1,12.5114,8.6412,27116.74,3.5025,2,1,0
331,1,1,1,13.02,3,3.8983,5.317,81417.17,4.1498,1,1,0
1163,1,1,1,12.55,1,7.337,4.604,20357.08,3.8861,1,1,0
515,1,1,1,4.53,4,6.8448,10.0028,37227.82,4.0353,1,1,0
170,1,2,1,17.4,3,0.2122,0.0199,786.29,3.4708,1,1,1
1298,1,1,1,1.53,1,11.1091,8.2859,12434.13,3.8151,1,1,0
548,1,2,1,4.11,2,3.8867,5.3382,12711.07,4.2412,1,1,0
120,1,1,1,7.23,1,2.8263,3.3209,16919.94,4.0113,1,1,0
699,1,1,1,22.34,4,1.1793,1.6205,48328.15,4.3242,1,1,0
960,1,1,1,8.74,5,2.7,0.8199,91700.18,4.2581,1,1,1
101,1,1,1,17.57,4,5.149,6.7386,2988.34,3.2724,1,1,0
58,2,1,1,2.17,3,0.9642,1.1699,3204.35,4.2459,1,1,0
443,2,1,1,6.11,1,1.1178,0.7979,8715.76,4.0154,1,1,0
447,1,1,1,5.66,1,5.5409,6.7431,2531.09,2.1211,1,1,0
1284,1,1,1,29.49,5,1.1591,0.2219,11505.79,4.7427,1,1,1
40,1,1,1,10.24,2,8.0549,0.3231,4.0,2.6995,4,15,1
82,1,1,1,4.61,3,22.0717,13.6979,11861.94,3.9688,1,2,0
530,1,1,1,4.84,2,1.6773,2.9774,23734.37,3.8495,1,1,0
334,1,1,1,37.05,7,0.382,0.0504,431.79,3.3019,1,1,1
