packet_length,protocol_encoding,dst_port_class,src_port_ephemeral,event_rate_1m,burst_rate_10s,inter_arrival_mean,inter_arrival_std,packet_size_variance,payload_entropy,unique_dst_ips,unique_dst_ports,label
135.32596757919148,2,1,1,6.467407830911545,1,5.816867661732239,0.0,22771.53630383759,3.2695581991670273,1.0,1,0
71.3342200644124,1,1,1,7.0382841669534,1,6.411346797988546,0.0,13957.21242143564,3.75136352316998,1.0,0,0
503.5149253930603,1,2,1,7.0929154013276365,3,6.315980060411707,9.162082237603817,11504.7790261008,4.169055312947873,0.0,1,0
1415.6863970453517,1,1,1,6.565514997993883,4,8.211130622968199,9.874841573376491,7944.151748301156,4.244786457385156,1.0,2,0
533.1848468542507,1,1,1,5.789127054528256,1,0.0,0.6729017418887997,0.0,4.40898957939179,1.0,0,0
123.1047439029574,1,2,1,3.6245976299067735,3,0.15779409196625252,0.12058636815257355,21399.99135596062,3.9328131017086334,1.0,2,0
747.3961268195416,1,1,0,26.342057583111746,0,0.9659614307434126,0.20879362753758424,3654.075926682596,5.646981978261142,1.0,2,1
45.56882540151764,1,3,1,13.651423045858584,4,2.1531235683075938,0.5347258371326243,9563.236872021129,4.311661477229983,2.0,4,1
524.5420807299291,1,1,1,4.900989168693341,3,0.6490012088260123,0.518803494373419,10240.156987668266,3.757536848949538,1.0,2,0
1426.3327476178845,1,1,1,5.562451085060214,2,1.2761703431590983,1.685855681940274,0.0,3.32122808399411,1.0,1,0
506.12677106207207,1,2,1,9.618743588210803,2,8.322153593577454,5.137865231346196,5075.038731225112,3.6309574368694446,1.0,1,0
1406.10240151366,1,1,1,4.010716732251752,1,6.495180213259302,5.330977878046024,4912.613671265341,3.8173779317169685,1.0,1,0
119.54467918812476,1,1,1,0.0,1,0.7773381300001618,0.48623550064607635,13623.95586790302,3.570986714772838,1.0,0,0
1399.4297945453065,2,1,1,0.0,1,3.00633234850531,1.9902066951258506,14776.82822282424,0.0,1.0,1,0
500.03189589166664,1,1,1,4.593053936849584,2,6.650155993724743,8.045358173744905,7875.897836927794,4.0907414981596935,1.0,0,0
513.496263520654,1,2,1,10.368617423730402,1,6.095978896207842,8.172531486736677,30460.500837782725,3.224363851533634,1.0,2,0
56.992844177002695,1,1,1,2.4110046777462655,2,3.738655860484496,3.828153007223281,10587.097680380282,3.939977441739849,1.0,2,0
55.47973898182876,2,1,1,0.0,1,2.3730084370780364,3.2043131523364785,37756.29141404002,4.14397632875479,1.0,1,0
78.56332613059193,1,3,1,30.588786330826043,5,0.07617585378819124,0.034495670309018456,7246.621627334683,5.314259418820271,2.0,4,1
55.275889169684646,2,1,0,18.817959399713537,5,1.1876048983920284,0.8927877185774323,10739.466097388546,0.0,3.0,4,1
1402.8011922505812,1,1,1,4.2411187092110705,1,3.6370772627259207,3.0398234835537545,5492.5819033028765,3.436215499752685,1.0,1,0
59.96737379275611,1,1,1,6.339218214328138,1,1.946257392002249,1.6966711057586716,34490.704804818204,3.593634873877902,1.0,1,0
495.2521932053316,1,2,1,5.7212102459068985,4,0.0,7.7829541445090165,16448.71984699875,3.0823641806323043,1.0,1,0
517.9321923077333,1,3,1,10.232619830322646,5,1.0166573754791128,1.2855774446672719,0.0,4.165643022989722,1.0,0,0
1415.8657501557034,1,2,1,2.191940928716569,3,2.161662326682468,0.0,19005.152408469155,3.253801951770698,1.0,1,0
59.86233062682253,1,1,1,0.0,1,8.448723734311592,5.477570672451083,10921.713694411184,3.6761016972607155,1.0,1,0
89.20706648538088,2,1,1,21.36529875744127,8,3.250675292611596,0.0,3587.627366850593,6.022414131693664,2.0,8,1
72.51649645409822,1,1,1,4.41837902511984,1,1.708233201827881,1.18661303193626,24747.50928378843,3.0591334295531656,1.0,1,0
137.9706719086979,1,2,1,6.96877087912408,5,2.0220111591001615,2.432600006639689,4915.5504523301615,4.43498529502849,1.0,1,0
1451.0764881380285,1,1,1,14.51699169167966,0,0.0,0.0,5420.621118201513,4.931839642596261,1.0,4,1
132.21180086996344,1,1,1,3.8028726197094933,1,3.9401928060208187,4.444955266509498,27401.651378957955,4.222765491982892,1.0,2,0
96.45652393090194,1,2,1,28.62805986437504,6,0.8313550802809194,0.37328135574942317,14156.92092605637,5.076326317186138,2.0,4,1
68.51091345736718,1,1,1,15.085791751919297,3,0.719645779927039,0.6474770154924117,4559.940930727475,4.321757053601822,0.0,1,0
0.0,1,1,1,9.332256117240119,1,14.572683636289511,0.0,8898.256099995577,4.092810368758311,0.0,2,0
57.64015364604457,1,1,1,5.698799183516003,1,0.3194392273595723,0.3929314852779522,27612.035482251667,2.772070268896649,1.0,1,0
58.04690260479479,1,1,0,5.600946165507259,1,0.0,3.617547593527505,31281.814701850988,2.8264944253873687,0.0,1,0
509.0662223222717,1,2,1,7.64168380203963,1,0.8183561472714439,1.0861294226865967,32173.77518928471,3.5589057112504365,1.0,1,0
495.7097745701122,1,2,1,3.4576528751061995,4,14.584064529998981,16.701497604520323,38563.09015354033,3.771901196864902,1.0,0,0
1469.9737741873362,2,3,1,23.83418911545175,4,0.7843861220565033,0.19013568366648792,5579.977731402299,5.563897806835696,1.0,4,1
769.0187501199573,1,3,1,35.626472600929176,6,1.440871560452248,0.44684684944336767,8578.179849044795,6.62035255011188,1.0,8,1
1411.1173710969329,1,1,0,6.0582202084651025,4,0.0,9.78698188849691,16718.410376310974,0.0,1.0,1,0
64.82705832115425,1,1,1,3.1968345740092774,0,0.712499682999831,0.0,12476.907299103214,3.27140450717473,1.0,1,0
1466.568848247712,1,3,1,21.51909569796123,11,0.0,0.0915010577473314,4555.0991185399025,5.2556700698033385,1.0,2,1
121.17433852195494,1,1,1,11.126294480997387,3,1.257950542717028,1.3727003021883308,35237.82259960821,4.193687162575184,0.0,1,0
88.58656739391715,2,1,1,23.860913229417932,0,1.2510913684820801,0.43828985904043466,5371.982343053934,5.642106209267698,2.0,1,1
73.98509964825504,2,1,1,9.342979980462902,3,0.0,27.954568186975656,20541.445220567344,4.374747950653797,1.0,1,0
127.65656451768456,1,2,0,4.385624501805636,3,0.2361036884326754,0.2315572023560426,25539.235169547617,4.087921587028179,1.0,0,0
1456.5643409244744,1,1,1,26.53561446322945,10,0.9299220761851434,0.0,7828.3930084621825,4.212729613191861,1.0,4,1
26.387650391803373,1,2,1,18.635090313735788,4,0.27727641314658247,0.1350864417507325,1462.7734930050078,5.004427848806389,2.0,4,1
513.9674095141063,1,3,1,4.364318596553361,4,4.714884101834583,3.8536125778587342,12303.366669339252,0.0,1.0,0,0
0.0,1,2,1,2.752220438426448,1,7.015681607250713,8.713238990566648,9530.475509379106,3.8139750789925677,1.0,1,0
1431.0985077517134,2,2,1,4.572072207876317,4,4.301314128978023,5.175095294537602,6152.19494769055,0.0,1.0,0,0
1431.3717519404306,1,1,1,2.6917744877164163,4,0.810637730959228,0.6462652810417723,24985.07885070504,3.694979148740392,1.0,1,0
150.9113955311591,1,1,1,4.874511290141887,2,7.0402967156660505,9.968825755056015,11281.6357275344,4.048744035309654,1.0,2,0
123.53306981082159,1,3,0,5.41660363035609,3,0.8693544788300083,0.6057557225882719,0.0,3.4680528054029365,1.0,1,0
1448.2636195038986,1,1,1,28.08511562176928,8,1.4999254966464506,0.1504017759778409,13783.628766934668,6.333252357276391,1.0,1,1
762.1462788376035,1,3,0,20.299755806468443,0,4.549922234729854,2.7497031631026725,858.4126197833394,5.298437877230364,2.0,8,1
520.3240034857916,1,1,1,5.850660385204639,1,5.94449747969034,5.2803259464636145,5419.621931996796,4.362415773256641,1.0,2,0
61.87221649968931,1,1,1,8.015645363233894,3,2.73421166771248,3.90338458657316,15825.745291440227,3.152623038529041,1.0,1,0
120.48112778107753,1,1,1,3.5333992663800515,1,3.0632016200400525,3.349003714658887,0.0,3.2044514384580447,1.0,1,0
1446.4257031851055,1,2,0,23.99436207686743,11,0.07118928345555474,0.03216766274879698,16648.261974899706,3.1670158254356306,1.0,4,1
127.83938933731518,1,1,0,5.1371026106012145,2,11.296965990161446,13.802432733541712,59602.319645092255,3.9093218981019153,1.0,1,0
130.4587040625655,1,1,1,2.975817212448363,1,14.655710935929388,18.1238306216544,20528.559954469878,3.814616418899539,0.0,1,0
56.9237246240086,1,3,1,28.253465252448407,4,1.401234858772168,0.16486664210032984,5491.12340744075,5.165601854885898,2.0,8,1
57.19479857954515,1,1,1,23.036024700582438,0,0.9245788538014348,0.6730978153437222,0.0,0.0,1.0,0,1
1408.0879916293454,1,1,1,4.13321033952691,0,8.480940099756738,6.53187716329988,0.0,4.285215699324734,1.0,1,0
495.73371670583515,2,1,1,2.4701398285490437,1,6.339532863665773,0.0,0.0,3.7066553893646157,1.0,0,0
0.0,2,1,1,16.993449243469406,13,0.13330358375860504,0.03534046738647627,0.0,0.0,1.0,1,1
139.53599024144032,2,1,1,5.674748064501826,3,5.882098366765039,5.307568332361905,19381.741675727986,0.0,1.0,1,0
38.37924620815616,2,2,1,29.76224801885445,1,0.037542540530307866,0.012817792594292271,0.0,0.0,1.0,1,1
0.0,1,1,1,0.0,1,0.0,2.2982166871722023,22461.80126513413,0.0,0.0,2,0
505.62645725152754,2,1,1,7.995675752742041,2,11.443045311448683,11.363015883292093,8745.065359015456,3.782554401857255,1.0,1,0
527.0801176630187,1,2,1,6.527933789681852,2,2.33443946328569,2.3268986518850907,10622.675076414615,4.1912526446578156,1.0,1,0
70.97863811645078,2,3,1,37.59945194386246,7,0.393812626555319,0.3125793345535325,21198.289471891916,5.3855216214930035,1.0,1,1
1431.5529131240544,1,1,1,4.049291911966192,1,3.4848935926292253,5.202066840241652,29327.008399647002,3.7000901859231075,1.0,1,0
117.58454829598541,1,1,1,3.2485234780956525,3,0.993239013173499,1.457038819667891,39425.50766028364,4.291887642419124,1.0,0,0
124.42774664152523,2,1,1,7.629784021666575,3,5.242968467605674,4.909293654038659,25875.7567999815,4.0907496644565375,1.0,1,0
510.94768802158023,1,1,1,10.585816232069993,1,0.0,8.304837804917907,30746.896585281756,0.0,1.0,1,0
1412.6879326430576,1,1,1,5.538236143743497,1,2.4605220243192703,2.6246281679142554,1035.476348477905,3.444153484567359,1.0,1,0
124.9185466509902,1,1,1,10.98786084809842,1,0.4541208917526074,0.29967346471284073,4068.384740224749,3.3854052557827665,1.0,1,0
65.29372179670396,1,1,0,2.5372758817654133,1,8.890312282146402,10.588975195317373,0.0,3.491665658405969,0.0,1,0
74.52899561797656,1,1,1,3.5473938432318897,2,3.5346497908987327,3.4713333118856364,0.0,4.829811015125914,1.0,1,0
759.8748526706385,1,1,1,21.817205646385833,7,1.4300406044071308,0.4699375355235315,3068.2171487016426,0.0,1.0,1,1
50.861365791894634,2,1,1,20.645075313853702,13,2.2709357979743747,1.7397752212977715,6855.862294491632,5.656600927343414,2.0,8,1
0.0,1,1,1,1.5301116432546973,2,7.625455622325942,9.75239364290078,21419.55986401615,3.9085957316983246,1.0,1,0
130.93490821608196,1,3,1,7.260978509421849,4,5.426265818526882,3.7302247938186386,18176.816536345592,3.9652124348258417,0.0,1,0
1417.7768151404687,1,1,1,11.884463894487167,1,7.560336764019758,4.966234329806525,25102.38500303402,4.4297830613767175,1.0,2,0
528.6913681709185,1,2,1,0.0,3,1.3214945617422704,1.9571176085355908,21610.57248897308,3.44785421562678,1.0,1,0
113.16213744970717,1,1,1,3.136772897595829,3,9.180772465248664,13.496795991016056,13880.512371002473,3.6882965021555734,1.0,1,0
1407.677874820741,1,1,1,6.805854180347667,3,1.0794835734444668,1.3618261359071415,19935.823280155983,3.3426410488325247,1.0,0,0
0.0,1,1,0,24.22136942934427,5,0.057669137357894605,0.02631479351594482,6410.920813792124,0.0,1.0,2,1
519.2372815603911,1,2,1,8.541641706716021,2,0.11132180464792255,0.12583432129737207,14653.018603534563,4.070643141404085,1.0,1,0
66.25877138962768,2,1,1,7.100211707620125,0,0.14124887746009532,0.1361296479312788,10115.23358314604,4.213120364581969,1.0,1,0
506.8711231865992,1,1,1,5.500986914610006,2,1.969822883802539,1.2915955740439444,8826.614897860107,0.0,0.0,1,0
1464.8836783351244,1,1,1,40.6220866083474,10,4.272259356607956,2.180636971483708,15076.548319768424,5.62631138623588,1.0,2,1
1420.4967252591298,1,1,1,1.431964608042023,1,3.6796493070202705,0.0,26547.110491343883,3.7713281857289833,1.0,1,0
20.719250829883578,1,3,1,22.78985505578988,3,1.1701329238534852,0.21082179242134136,29573.729433089193,5.489092906092368,1.0,0,1
41.95472360835961,1,3,1,35.35113415417902,5,3.114460808226866,1.5584473415737954,15661.823628865846,5.276015379142522,2.0,1,1
90.99096310535357,1,1,1,16.560555877672286,5,1.460590322993874,0.32731839025619414,8606.959790819164,0.0,2.0,1,1
61.98101836892673,3,2,1,19.552301339367332,1,0.39426747581378885,0.0,0.0,0.0,1.0,2,1
756.2862722804914,1,2,1,25.57456144553346,6,0.12272297598869468,0.0,1754.1103417578806,0.0,5.0,2,1
73.71869826465101,1,3,1,0.0,1,0.5628598128719126,0.8394817162954139,66044.12186019309,3.484440292516231,1.0,1,0
24.15275804489178,1,1,1,33.92018146896166,2,2.5198106230583543,0.797275932763045,0.0,7.3536851172464495,2.0,0,1
143.90624339105713,1,1,1,1.8043199461327462,1,4.086700560233221,3.648601754381766,14785.8041819649,0.0,1.0,1,0
0.0,1,1,1,2.188597943964724,2,6.358422125413419,9.477090891391997,11919.763849820876,3.3285766872712856,1.0,1,0
132.34416048861866,1,1,1,8.251617564030552,2,1.0457932157405279,0.6466738714243963,26763.00270372652,2.953335912097507,1.0,2,0
78.20877857594256,1,2,1,28.200528627656297,3,1.3593279120666482,1.0137408738641656,3218.390260031518,5.8311827243568795,2.0,2,1
0.0,1,1,1,0.0,5,1.1500049655815112,0.7942694435379279,17811.722037117946,5.41121174435884,2.0,2,1
59.737814479144646,1,1,1,0.0,1,1.8687393822097997,1.4227496556563812,21540.289278095654,3.8845714778299207,1.0,1,0
50.6418728602332,1,1,1,9.683198960941375,8,1.7428032985123314,0.8046889603598817,7714.799571602846,0.0,0.0,1,1
69.1019249533312,2,1,1,8.340815532416368,2,0.0,0.0,13868.91779741451,0.0,1.0,1,0
66.68792501696008,1,1,1,4.187815336972103,1,14.85066639269189,14.813992662991454,24707.275969603474,3.6121421443444586,1.0,1,0
56.930930999165064,1,1,1,8.406863119379215,1,9.339997326812078,10.913259013204359,0.0,3.913454736280743,1.0,1,0
68.17431162398623,2,3,1,0.0,1,2.481424740024532,1.7374177562141213,4374.464395122232,5.044757870017464,2.0,1,1
1467.390074027333,1,1,1,13.881757066022589,0,1.9077312701165616,0.0,22279.560597378204,5.751162322665788,3.0,1,1
501.92052233845374,1,1,1,4.777732987857075,1,3.7175648601008846,4.910249787664084,12209.079099541397,3.4176388855101036,1.0,1,0
1421.6182647303956,1,1,0,4.566950351548008,1,0.37166667822662247,0.493186014046125,7217.494689085754,4.129561822623765,1.0,1,0
73.09134409979922,1,2,1,2.616554436752804,1,3.2367071450296376,4.6785155338064515,12280.548391231981,3.706913109612178,1.0,0,0
128.74678476028788,1,1,1,14.926109595385803,4,1.0912648571631067,1.2334895525626257,15937.517045767385,3.9435952083794987,1.0,1,0
64.91966741686508,1,2,0,18.62035903497317,1,0.5032501680704966,0.0,4653.890324657827,4.479929602066754,2.0,4,1
68.49801177083923,1,1,1,36.89016051597676,2,0.14098695329110958,0.0,0.0,0.0,1.0,2,1
72.56081107299046,1,1,0,3.908918554570641,1,2.455399920401059,3.0314491648146835,13626.278715250382,3.7386568884211355,1.0,1,0
134.65420606294853,1,1,1,5.216257697669776,2,1.4283819182977529,1.3333987907717177,8087.0821952647075,3.9888435508725437,1.0,0,0
1414.4724377491468,1,1,1,6.033564882813322,1,0.0,5.130593376922434,7667.344445295056,0.0,1.0,1,0
123.54926032037767,1,1,1,3.824775284680069,4,4.233862291945367,6.208017081478408,3606.07918421395,2.9328853563892316,1.0,2,0
54.263843706402895,1,3,1,5.547991909651825,1,14.007374540028602,11.157902163757608,7628.5719209682875,3.6250460437206162,0.0,1,0
748.515941666204,1,1,1,0.0,6,5.124199273096723,3.893032002339771,3860.495817106746,6.398367864889571,5.0,1,1
69.71491672514202,1,2,1,3.8502952779600745,2,4.023402421986583,5.701464534953069,0.0,3.6877689408244896,1.0,1,0
67.0659645727049,1,2,1,21.467183276101753,2,2.949497675877873,0.7731374402133673,626.92663053433,4.650487766629159,3.0,0,1
1428.9272879967746,1,1,1,3.3271061315189066,4,5.038383034370158,5.891309239927805,19037.145808950394,3.8809410073886057,0.0,1,0
124.07563364718249,1,1,1,3.00661667059657,0,8.549125283660741,10.434877742824137,14621.31668664411,4.7281641013393285,1.0,1,0
0.0,1,1,1,6.312256299179212,3,0.1093664898794626,0.06821552915068087,0.0,3.089525273512747,1.0,2,0
1436.8150771644184,1,2,1,3.2762751204970515,1,2.3356865174684143,1.9375662347299916,20159.88247533832,4.060662399099302,0.0,1,0
123.41264060606089,2,1,1,5.169156008025589,4,9.22066853502181,0.0,45528.66293985407,3.728957461437394,1.0,0,0
57.3736993120005,1,2,0,13.268070470730553,0,2.3746829505273666,0.0,3368.4096206910563,5.811352518178255,0.0,2,1
0.0,1,1,1,2.5415923228588158,1,9.132851731295931,10.019005994782129,23127.479293662407,4.125834339389614,1.0,1,0
127.193763185113,1,1,1,4.397999488621156,3,3.1002403605095643,2.1536801195301414,17166.365203593745,0.0,1.0,1,0
55.78494716731596,1,3,0,22.351023040179086,8,0.0,0.6708337177637186,1796.0914158525277,4.077102209588707,0.0,1,1
493.00845152692193,1,1,1,15.360963648145379,5,0.8470388559663896,1.1522820580100965,17048.05525134655,4.08699431410937,1.0,1,0
44.958283889119045,1,1,1,0.0,0,5.768546262698049,0.5791010146055614,3023.033772943664,0.0,3.0,1,1
53.817147701247244,1,2,1,0.0,6,5.959536633786484,0.7243104100715296,5882.298151827409,6.270858714685805,1.0,2,1
1418.5230276590514,1,2,1,4.776211634024381,2,5.215945822766074,7.700596440261485,41163.98874917961,3.6908602459810775,1.0,1,0
127.7987716740627,1,1,1,3.0166671543906505,2,4.034014216013024,4.869311195983779,8637.151834605678,4.353676242739227,1.0,2,0
121.82054187550621,1,1,1,0.0,1,2.454169387887624,3.3099276369582555,23038.827146135347,3.8809259803085014,1.0,1,0
89.74006317250694,2,2,0,19.90978482335509,3,0.20154933254581525,0.12081471912995477,13670.623502462156,5.067400927445162,1.0,1,1
1412.5810610966905,1,3,1,5.777609271704112,1,1.2929971851350004,1.1981658576554108,8368.952713872002,0.0,1.0,1,0
0.0,1,2,1,0.0,3,2.581745822664347,3.175319825722531,12276.844268914669,4.0457355860284245,1.0,1,0
100.93838691181442,1,2,1,44.50173826202688,0,5.384069815576838,3.6154403114162537,1807.8908013829875,4.836224710425826,1.0,1,1
59.365690181039426,1,1,1,2.048303746379853,1,0.6744125643624366,0.493557204854839,0.0,3.8017294560202264,1.0,2,0
132.09189346326022,1,1,1,3.636360758608076,4,0.0,0.0,16884.80856777155,4.157071944145113,1.0,1,0
97.60654343864215,1,2,1,20.517829309249407,4,8.352693541238084,4.98891574674248,3499.842146442601,0.0,3.0,1,1
504.0484800411125,1,1,1,6.1425346613290435,1,13.20494991782533,10.53985350702231,33488.88393508084,0.0,1.0,1,0
119.89844577377346,2,2,1,4.353685957126386,4,8.1882518962045,6.587409362684336,12374.564620728592,4.046224279595564,1.0,1,0
139.54389498294108,2,3,1,6.025004193860803,1,5.653431578628027,5.34671224107609,14786.460231888337,3.8140599400599196,1.0,1,0
0.0,1,1,1,3.432221542571072,1,5.6888861660408425,0.0,16718.564517795487,4.240493660762077,1.0,1,0
513.9526830938049,1,2,1,9.37148999322796,1,4.225553414559161,6.299616292719579,24740.584169008103,4.100145091177459,1.0,0,0
0.0,1,3,1,8.44795832528412,1,1.2613908532920557,0.962747963149561,36295.30259511442,3.9431412865861386,1.0,1,0
1467.1475362828064,2,1,0,28.802288410824993,7,0.5063115178765304,0.14968013237520628,7896.845897533086,5.094263842172974,5.0,2,1
1407.1833181112797,1,1,0,7.150653305771041,0,8.338771774076683,0.0,25100.239301779417,3.8509862609357586,1.0,1,0
0.0,1,1,0,6.532012566579759,1,3.315814551567824,2.170280026692226,6780.529325715307,3.9230178878449573,1.0,1,0
1456.0551485777225,2,1,1,40.03980853254752,4,2.342301204620246,0.9669806219024789,8049.116329652458,4.229547314300388,1.0,1,1
0.0,1,3,1,6.833014670914479,2,4.061076057879203,0.0,14055.972787268696,2.942560997076891,1.0,1,0
138.0345316518639,2,1,1,7.958553780546654,5,0.0,8.1325213032249,3742.5316128585805,3.8702603044472794,1.0,1,0
132.23188023437177,2,1,1,4.828941678999618,0,0.7885369295786838,0.5741718201952967,19617.853912699095,4.511973354738329,1.0,1,0
504.4428574967553,1,3,0,7.905787872135421,4,5.118468264704683,6.672693821796246,37618.744606563436,4.129707123610213,1.0,1,0
1469.291873305823,1,1,1,19.802152977420803,5,0.41554502224805756,0.13827448466736825,0.0,5.043613453795673,2.0,4,1
38.224540473761145,1,1,1,4.569894378534126,1,2.296110004729141,1.9453757417690316,0.0,4.376922759260396,1.0,1,0
55.0454248140353,2,2,1,21.68524471044759,5,0.9967553410224589,0.0,4940.32853412409,5.435477811225614,1.0,8,1
495.62326315931597,1,1,0,11.654408896644071,3,2.891261574999113,3.1792744693374044,29790.95792504638,3.102313303653614,1.0,2,0
50.61589038874211,1,3,1,9.798884209565358,2,4.675606526973418,5.058333673141053,4749.279825933064,3.828483408622138,1.0,1,0
93.16708448014096,1,1,0,2.200483746069419,1,2.7164710386697775,3.6237264009395527,0.0,3.0078509284600417,1.0,1,0
519.4097692370678,2,1,1,5.578826992536076,1,1.1863593677894162,1.303322691776923,7485.891097743534,4.627547656799058,1.0,1,0
107.05240909032538,1,1,1,1.83439483030612,5,0.0,0.20360268933082787,6129.388373910902,0.0,0.0,1,0
66.16899908430455,1,1,1,31.735438129492984,4,2.446905985007259,0.45367625456259836,10639.330030629486,5.625813933580652,2.0,1,1
501.91082699697535,1,1,1,10.74172323672862,1,0.21481412059903154,0.23129767199133716,10151.294258553491,4.0165017196019255,1.0,1,0
521.8509214670551,2,3,1,6.8099700716111595,2,5.748277666657325,6.588978433115904,8760.786051843736,4.079292802686643,1.0,1,0
81.94379554774486,1,1,1,5.914880249870013,4,0.48555076081753346,0.30116164834336046,45540.87759036924,3.5434748536528553,1.0,1,0
47.23297361615045,1,1,1,6.089549002044752,2,2.1785315187979877,2.4019635353746907,32478.25291612801,4.092099794493356,1.0,1,0
524.2579562461427,1,2,1,3.5897724213928006,1,2.963106779340479,1.9936906014072397,0.0,3.950415612095536,1.0,1,0
1406.060827206211,1,1,1,8.888669344771994,1,1.3456066065367218,1.803191812356416,0.0,3.917944473968799,1.0,1,0
497.14937233815664,1,2,1,4.8667655412491895,3,2.1182848387901494,3.0908440433813182,11117.544536828927,0.0,0.0,1,0
46.8486617367764,2,1,0,28.816341591840786,2,0.07329427172169246,0.0,10368.920889317209,5.987751309897575,1.0,4,1
124.43817394408912,1,2,1,9.186754066541784,5,9.123712669121788,0.0,21784.31862745658,3.7318369172115786,1.0,1,0
1400.452918596992,1,2,1,10.255426486525993,1,7.288298132712397,7.303730136406575,16079.303956501717,3.763459605067265,1.0,2,0
1422.1313985992556,1,2,1,11.225660162282304,1,2.5334147625520917,1.955077138070967,17017.054767494457,3.512373375858729,1.0,1,0
23.306596131301152,1,1,1,17.88099629588659,4,0.05484334448784429,0.04236821634196077,19321.513625808693,4.663721056549665,1.0,2,1
128.12461708153737,1,2,1,3.3134552042621297,2,8.660128584062901,10.265030778330742,5357.435904132487,3.625508744494217,1.0,0,0
67.73024694604673,1,1,1,6.951785044098727,1,2.375919259172136,2.389541080994989,5276.24701986935,4.247526185195776,1.0,1,0
748.7835463252409,1,1,0,19.413692719054072,4,1.4152350257520296,0.5574309624383096,3221.830982779025,4.56803637500507,0.0,1,1
758.6257134202552,3,1,1,32.42942008757831,6,0.5300479988594455,0.2696778411973165,14827.899464576034,0.0,1.0,8,1
1486.8840065370587,1,2,1,17.481218311398116,5,4.077346064693463,0.5136174268615424,16250.768186484649,5.453223475181286,0.0,0,1
526.4536559027376,1,1,1,4.0978774392870285,2,5.948993553661023,5.942190070698764,7983.487846859378,3.6864691869823694,1.0,1,0
62.52332093135632,1,1,1,5.02020117049456,1,9.659114210737455,7.105797067791508,0.0,3.1965487295403103,1.0,1,0
52.863937980070425,2,3,1,10.862950434427319,6,2.0421661923592804,1.1743855715345326,10765.783236872188,6.398074594715691,2.0,0,1
508.48588403542084,1,1,1,6.78720365374089,3,7.0222995911545585,5.338684016413067,18875.156501288595,0.0,1.0,1,0
119.43639832002285,1,3,1,2.088156185841391,2,3.95483565255444,2.625742201076775,11397.762041464568,3.720331117529319,1.0,0,0
1406.5760412068632,1,1,1,0.0,0,0.8448335096606235,1.1067140516880367,34770.177487277666,0.0,1.0,1,0
1427.7605345948361,1,1,1,4.634786463622039,2,1.268055796976481,0.911016135602437,0.0,3.867888827544599,1.0,1,0
86.80965812003119,1,1,1,4.6795859839652065,3,12.683805928604903,16.550296782604264,14287.251833087581,0.0,1.0,1,0
123.81831316256846,1,1,0,5.907049691388875,3,1.9793250394732154,2.404531456071574,17546.83376926942,4.269297995568858,1.0,1,0
67.31957646478583,1,3,1,32.54640468247821,6,1.1597513872400185,0.6968092178311549,12187.127230826289,6.761518399919424,1.0,4,1
1419.3918925051587,1,1,1,6.130959355695627,1,2.447560987227478,1.6426676763516286,15856.131601090729,3.791158517694204,1.0,2,0
511.74009174209374,2,2,1,3.554205752500576,2,9.578866849529549,10.339194935775792,20634.85134736996,4.216438570475464,1.0,1,0
61.11236587386611,1,1,1,32.04724903137534,5,0.8585704339810287,0.24775512630366092,2961.2974769782622,4.991704427170035,3.0,8,1
65.29778632932137,1,2,1,9.388206617397499,0,21.277165805998436,30.022209285274286,6401.778653183729,3.4185900427523235,1.0,1,0
1428.6719334936151,1,1,0,7.899177937058975,2,3.5116026986843156,4.705484769746863,30814.86264426784,4.0272770288624535,0.0,0,0
56.767796355377975,1,1,1,3.856254059667063,0,2.22530237582025,2.191640667502853,21989.701434960432,3.876966806091152,1.0,0,0
33.318140344454186,1,1,1,16.37080155224473,0,0.3892910753242249,0.21628063952414583,7453.282814635204,5.302650553183091,1.0,2,1
31.479230264829077,1,3,1,36.31974362811275,5,1.6358915521172206,0.919413356090288,10766.249418460513,5.923665972559683,3.0,1,1
117.76630272352685,1,1,1,9.977928102278481,2,5.566370129436544,6.743216856421024,12790.185776792343,3.9492082791291785,1.0,1,0
52.43541407197643,2,1,1,7.0772100219173595,2,8.051081265848136,7.10073295223976,18672.90691572262,4.443560394319732,1.0,1,0
64.42018899849643,1,1,1,9.342527941247504,1,0.0,4.573284738756777,5317.815803624023,4.556076617660325,1.0,1,0
95.98463597728993,1,2,1,40.187301754464656,8,2.3053774376332763,1.2926398234590575,2402.6671244235936,4.52217136015901,5.0,0,1
0.0,1,1,1,19.003363037607272,3,3.646779022413768,0.9903870093051287,4682.388862502025,4.958061247696021,3.0,1,1
517.751057673009,2,2,1,6.642740366798291,1,0.0,0.35057886617108247,0.0,4.059284981710862,1.0,1,0
758.866419768599,3,3,1,26.212240458231253,4,1.487419235189179,0.44115190485907047,7250.258105262646,0.0,1.0,2,1
130.4786023081028,1,3,1,3.026952774567351,1,3.0298603936702566,2.5669494358920395,46207.40335240566,3.57090578503932,1.0,0,0
54.28404747070243,1,1,1,0.0,8,0.05036838548781643,0.02764689527778635,5786.404429158786,5.3003894532993385,2.0,4,1
74.15653250364764,1,1,1,4.720164819118619,3,1.954777324528305,1.3969849260561014,13025.17798283074,4.309385151680686,1.0,1,0
528.9681938895775,1,1,1,2.258754114055809,0,16.354013847921152,23.497763916428205,14609.32345248299,4.224056611447499,1.0,1,0
510.06311011610245,1,1,0,9.378610138137216,2,0.0,2.0730005579965556,13583.869174684258,3.819234147599874,1.0,1,0
51.18218021297862,1,2,1,49.69467151306856,5,0.30109684893248784,0.07127160040925827,644.1745569249489,6.3149561637753076,2.0,8,1
138.47889188579026,2,2,1,5.679558245239689,2,3.2762612364466457,3.629357186320238,8250.62172507868,4.52261058749926,1.0,1,0
58.750828971305616,1,1,1,22.28965194564114,0,0.5977029347387237,0.10200535552261109,15535.030391201773,6.865814870132388,1.0,1,1
520.3757274421661,2,3,0,6.473478949934279,2,13.278826822117436,10.74877682248417,17591.80827486398,3.8898373423866826,1.0,1,0
49.680222585411876,1,2,1,28.483817703660787,6,0.43600325592854927,0.30215417552330864,3332.8190700159844,5.412851847380631,0.0,0,1
64.54175451992346,1,1,1,3.478673315817749,3,0.21949696399175533,0.3279099546258618,13413.677050064058,3.6773980314878756,1.0,1,0
1418.8924865147521,1,1,1,2.8715331376636715,1,3.473663281346879,2.448309984472876,24280.47917725555,3.4849082417350017,0.0,1,0
77.62222819205863,1,1,1,0.0,2,3.868078939010622,5.397702058408054,8736.794738495732,3.4925945215548757,0.0,1,0
72.99036584188714,1,1,1,5.190085015755344,1,1.3578372153740177,1.7374657888386191,18769.56248743078,3.418869114181839,1.0,1,0
123.44697118852088,1,1,1,0.0,1,6.415981146382201,6.1071159066137115,11067.661063059579,0.0,1.0,1,0
0.0,2,1,1,10.386051984067764,2,5.608641525577438,7.7880433962638485,6368.57313649194,3.6873638488526788,1.0,1,0
77.72390427652891,2,1,1,13.629137496540215,2,8.361346847256929,7.987370535994203,0.0,3.160143284355211,1.0,1,0
77.38347764814094,1,1,1,5.35381192845496,2,2.213726186390361,3.220367170379506,10827.337432503824,3.789269050718314,1.0,1,0
132.31499005765363,1,1,1,4.242391921030496,1,2.219781725808658,0.0,27801.68804395418,0.0,1.0,0,0
0.0,1,1,1,0.0,2,4.129428719960001,4.293146751092808,16411.065061944748,3.6330915163594546,1.0,1,0
118.88423451774308,1,1,1,7.115773927839304,0,3.650903802276502,0.0,20710.30006330174,3.602923000942029,1.0,1,0
53.516846563018014,1,3,0,26.573205157641436,1,0.22942396417849842,0.07845584828453751,452.7261646629814,4.7584138074271385,1.0,0,1
67.4232667674674,1,2,1,0.0,1,2.2976736549364665,3.3037274637443046,8493.362102783689,3.6734239593985976,1.0,1,0
0.0,2,1,0,5.995528616668276,3,6.480326334187929,6.495299098845444,12901.929653979678,4.2842286457307015,1.0,1,0
131.16049846074364,1,2,0,4.396043091640424,1,7.602864766096285,0.0,11473.338721425607,3.82183910480884,0.0,1,0
1404.8039191087269,1,1,1,3.01503980791788,1,0.0,0.0,0.0,4.198274659382999,1.0,1,0
0.0,1,1,1,6.677030273220613,0,5.5190418808757,6.714717147618185,24119.98152663981,3.9643664668625105,1.0,1,0
71.27489953547833,1,1,1,8.293762317912929,2,1.113467786211097,1.471496882572703,5063.69799475076,3.9467895512866296,1.0,1,0
89.7863026111873,1,2,1,26.880337362634545,5,0.29958605241263775,0.2389637589009054,16601.949468504044,6.670517966659681,1.0,1,1
1478.6534624860667,3,1,1,26.013817641305835,2,1.0358424697372832,0.1725798814042951,13336.212244807806,5.933438748369165,1.0,4,1
61.51417767638022,1,1,1,19.107108687662542,2,1.0693417523399444,0.4093073022050719,6808.89671279742,5.386249061836366,1.0,1,1
72.44210982021792,2,3,1,3.255529288928381,2,3.1773890845030173,0.0,14674.54065755905,3.0707038033818344,1.0,1,0
1413.8518553687584,1,1,1,3.45182994225932,4,16.714432364897448,17.720511789314475,0.0,4.302042632481116,1.0,1,0
51.8963763040541,1,2,1,0.0,1,0.9730433680746573,1.230336132494371,9440.888436950878,3.454596102377981,1.0,0,0
72.03728285087199,1,3,1,10.204416314670873,3,21.52076528799683,20.609806302820132,28446.338531871537,4.0907541421186195,1.0,1,0
74.06047427209312,1,1,1,0.0,1,12.73495663012802,8.822558526316357,0.0,4.144445890897937,1.0,1,0
72.65452937708488,3,2,1,38.99462563567264,2,0.23087573972886957,0.03544439177874291,15804.688177902446,5.3063606361128794,1.0,1,1
52.78246969606879,1,2,1,17.79314695827175,7,0.5594197139384283,0.16127179013449386,7344.128035859438,5.874237596089452,1.0,2,1
519.3282732822989,1,3,1,0.0,0,1.5146149293605178,0.0,27573.5202165454,3.6330463109242395,1.0,1,0
59.991991666718086,1,2,1,0.0,1,0.928259079190689,1.0429080004399278,2540.9312722291347,3.509052666024229,1.0,1,0
125.46927604215391,1,1,1,6.485694250020853,2,0.18818994920060006,0.16250203103286665,14383.830120579729,3.7717308372413703,1.0,0,0
0.0,1,1,1,7.4782618252481,1,4.782028726258374,4.871286452325256,0.0,3.2411091250099577,1.0,1,0
122.69746597740708,1,1,1,9.710061554862197,2,3.349080649730561,4.671634848130269,18532.31356009784,4.204832394365232,1.0,1,0
1431.4420137199447,1,1,0,6.4391954816030275,1,0.5698231764152066,0.6366253399913704,12119.90662915191,4.273304695425679,1.0,0,0
0.0,1,2,1,26.439170024819276,3,0.9569503564727178,0.19223802456050745,17274.85519093389,6.7366532299485185,1.0,2,1
743.2132193918428,2,1,1,0.0,1,0.2193104362701949,0.10637489791594376,9336.44321382036,7.268126502471208,5.0,8,1
529.7330410553715,1,1,1,2.4098963848949726,1,4.979214057146421,7.338179603741289,0.0,3.9199155830674997,1.0,1,0
527.0124592336813,1,1,1,13.711394291322643,1,2.0071250061009676,2.806223541064138,33353.08658394569,3.6898235139699795,0.0,0,0
75.95622914097713,1,1,0,9.303586365495937,1,1.4218736769578415,0.9618512031513982,33243.717949710575,3.048731027656173,1.0,1,0
61.66517465930459,1,1,0,29.788355976226065,4,0.32727996305319856,0.11587185935593651,5470.582098402706,4.928104984224612,1.0,0,1
32.30637239557604,1,3,1,18.333192642783626,5,2.1282826579935477,0.24883039100036586,0.0,5.15921319915594,2.0,8,1
0.0,1,1,1,5.393940327938494,0,0.7562979009460166,1.0462060912097455,32006.905500102766,3.6232252654829376,1.0,1,0
0.0,2,2,0,10.41110427942423,3,0.0,11.81237451942842,6136.480804132301,4.278896688639387,1.0,1,0
58.76442241156387,1,1,1,0.0,2,0.0,4.617284569003214,23558.204507521667,4.068271699265708,1.0,1,0
0.0,1,1,1,0.0,2,1.1439168804449327,1.0581192981376484,18332.907995927035,3.915106325238336,1.0,1,0
1434.9349383750493,1,1,1,3.4662346699119904,1,0.5179320102702832,0.0,29898.738523180764,3.0289670207574764,1.0,1,0
66.5556055155781,1,2,1,8.675806856154239,1,0.0,2.538082826445938,10465.053063949632,0.0,1.0,1,0
59.75796779876374,2,1,0,8.370159637275393,1,13.569082874097345,19.18613952426531,47733.05643421821,3.999489232223797,1.0,1,0
65.25272160591415,1,1,1,28.831703173230228,3,0.23666851773297892,0.13190616291219387,5145.958274534265,5.269209290952048,1.0,1,1
119.77745614917951,1,1,1,4.1058562590461705,2,2.635864018206012,3.8318446862914683,21350.275422403396,4.314562754735896,1.0,2,0
0.0,1,1,1,4.907834069956593,1,0.8934162517752281,0.5954369227013337,19479.568249483724,3.643173334921303,1.0,1,0
505.7500743850853,1,1,1,5.930544705683656,3,0.6664401119057203,0.5295768834360732,5587.2061071713115,4.427691100341113,1.0,1,0
69.10025416458936,1,2,1,24.027170233938534,1,5.095544950538235,2.7703105509292225,13300.283849240583,5.7909645224299116,3.0,1,1
34.17510171733786,1,2,1,15.7604412716191,0,1.3403893897348942,0.5813434423572887,0.0,6.468546459324029,2.0,2,1
71.41635955262817,1,1,1,28.665920997865673,4,1.269014202801638,0.48753441371441847,6300.755739794761,4.5337047181992345,3.0,2,1
1462.3857163363602,1,2,0,13.62816493175803,4,0.36905814677938964,0.04235337597410421,4666.169783475871,0.0,1.0,4,1
72.75734301885959,1,1,1,7.548139583996419,2,17.59274574645979,15.561111331419804,28199.22437947808,3.3930335884977074,1.0,0,0
1472.964040641362,1,2,0,14.984887146348303,8,0.0,0.5701187981442021,2458.3793215136484,6.219569846674253,2.0,1,1
22.10256083905498,3,1,1,29.19008773492638,7,0.5979664120309736,0.30946599438422806,13394.389824178026,5.66476147311748,2.0,0,1
110.13011328926986,1,2,1,6.9836142860110995,1,2.055082186359623,2.1498880141133596,17716.781171509727,3.300091844484422,1.0,1,0
122.58114159661874,1,1,1,8.836071031837633,1,2.4290038105786187,3.3939785063890016,23100.69594173173,0.0,1.0,1,0
744.7152689350145,2,1,1,22.88214150573701,8,0.5506605612322713,0.2918115482601808,2381.616510534313,4.690547807880859,1.0,0,1
513.0787221252733,2,2,1,6.776617946719209,0,4.714639675473795,4.739038488920369,30164.523169115208,3.5015462487399547,1.0,1,0
1477.1016494524306,2,2,1,25.403938564550817,4,0.2983346186753064,0.0571725088752522,1613.5196704984653,0.0,3.0,4,1
0.0,1,1,1,7.124696874696047,1,5.643313309378702,3.463775683749605,19955.553608358925,3.5930616117488063,1.0,2,0
1429.6863004677173,1,2,1,0.0,0,0.0,5.170744724557863,17863.425480437447,3.5578307051084015,1.0,1,0
1414.9453570728451,1,2,1,0.0,2,0.6138782246537507,0.5369667590334728,31077.69670953845,4.027461726178656,1.0,2,0
47.5813688326766,1,1,1,33.569537557892275,2,0.9795340305056723,0.517092532306875,785.9950903247263,3.559378666282268,5.0,1,1
132.0666778588626,1,2,0,9.412854784043224,1,3.4514543029958995,3.6411161517891597,0.0,3.739300841054,1.0,1,0
0.0,1,1,1,4.349996951101845,4,4.175185533536864,4.671447579681224,16096.297206105051,0.0,1.0,1,0
67.50295720945834,1,3,1,3.1007744463348637,5,0.0,4.71381241093391,7900.357720971743,4.793526210690984,1.0,1,0
510.88271718490654,1,2,1,6.115732590490826,1,0.0,3.2691839382913597,22773.300024846478,0.0,1.0,1,0
112.38054216851461,2,1,1,12.424922991671341,1,0.7956666508882164,0.878712681987231,22027.586150259416,3.9128682510658943,1.0,1,0
47.67641554746403,2,1,1,40.60735966368103,3,0.09073572544011459,0.01623147686280696,3269.354404140205,0.0,3.0,1,1
1482.126917879373,1,1,1,17.304985382896405,7,1.8757201101899288,1.2150452230379398,1663.2447630463116,4.926099008517906,5.0,4,1
71.40999210421948,1,1,1,3.1249855563119646,4,10.430154859007692,12.373531786986248,10498.324967920986,3.6497391555058316,1.0,2,0
0.0,1,1,1,9.590974557738722,2,2.7849762329760686,3.3487399077609394,0.0,3.895038296845469,1.0,1,0
127.43551905551415,2,1,0,5.0504395366050865,1,3.9330083644682836,5.739873795773342,13879.745532891968,3.6742796256521753,1.0,1,0
1459.1497692131127,1,2,1,24.22075630198397,3,1.0995083674910477,0.19422783859338177,7094.092617880012,6.834020159358578,2.0,2,1
60.35725572586683,1,1,1,9.890489654791116,2,5.083652975763802,6.708887836848993,6942.938009303803,2.749710620030794,0.0,1,0
0.0,1,1,0,1.709747436926503,1,11.862845378931352,10.142969065774476,5858.631523447888,3.1802357852305905,1.0,1,0
79.09718090023645,1,1,0,6.524588123972559,3,15.064907976837336,19.656466909026577,0.0,3.4759127471557827,1.0,1,0
70.66805507444664,1,1,1,2.782973487446574,2,4.346879664964614,5.7592186061692185,18905.60987808303,0.0,1.0,1,0
72.0389316786235,2,1,0,10.216239391234916,3,4.56890059474877,5.304095062157676,3502.644008057253,3.7165169594201006,1.0,2,0
518.62398322795,1,1,1,6.901948786173124,3,4.08887044468763,3.7648385192329616,13976.663243471206,3.4039090830937915,1.0,1,0
128.56620999867232,1,1,1,0.0,1,0.0,12.961720801977085,16047.989123250863,3.6356359746301057,1.0,1,0
43.62846751058856,1,1,1,23.333271319001646,7,0.7874248456633787,0.29181844028992415,2516.350288224884,3.9703699075460435,5.0,2,1
81.54755829998362,1,1,1,2.6649191263476526,0,4.176715654422744,3.6754701026935015,43570.110244777,0.0,0.0,1,0
58.56366375593357,1,1,1,3.385211367022317,2,0.20887580437932377,0.21364115078994494,16075.767658740551,0.0,1.0,1,0
59.18390613790321,1,1,0,10.69325934233223,1,4.40479517478612,0.0,18885.115239016883,3.6611271996040897,1.0,1,0
61.39808188059354,1,1,1,0.0,5,0.0,10.595213352004604,60456.588375959465,3.493991470069481,1.0,1,0
112.54241403378688,1,1,1,4.797596022121661,1,5.8878607839947925,5.943836869304197,34352.131587588396,4.2584172153659,1.0,1,0
0.0,1,2,0,1.9754482638397923,1,8.529334800156393,10.435871972257132,24203.025330646964,4.536844583902444,1.0,1,0
759.2805555076156,1,2,1,25.03677655677469,5,1.7601077834047063,0.7789313867454323,6987.625054776744,6.625174947876647,1.0,0,1
0.0,1,1,1,2.9764285659277023,4,4.299155042597268,0.0,21417.678770938783,3.3899095272966506,0.0,1,0
42.90531519561928,2,1,1,12.59856619658218,6,1.929011561509724,0.8818415219274127,2275.714935846196,6.2025667495846015,1.0,0,1
54.79113587098335,1,1,1,20.067595755619706,2,0.7678153722485874,0.3239349905860997,4395.581627137063,5.047090385693011,1.0,1,1
0.0,1,1,1,0.0,2,2.441649915353819,2.445580859774901,7508.08883206273,3.9751423136948856,1.0,1,0
1468.3590221238305,1,3,1,21.451747245591942,5,0.0,0.28405564953522294,21761.3801014705,5.029464778088387,1.0,4,1
71.827945521871,1,2,1,4.303521936760313,1,2.252521466588847,1.47943262274628,6646.095983553542,4.103104253210701,1.0,0,0
752.6375168387718,1,3,1,29.281382352126563,5,0.2627136963626126,0.0,5310.831969939633,5.438396173281243,0.0,1,1
33.17596641174851,1,2,0,33.81909215475724,4,1.1517246561416528,0.553744559608642,4559.136214831553,6.181312053241445,2.0,2,1
1404.386450707539,1,1,1,0.0,0,2.6618894239995723,1.6916444226006209,0.0,4.063556144194359,1.0,1,0
508.0335797554129,1,1,1,10.50458465062252,1,5.331802930005249,0.0,3836.6539540033596,3.695096579377235,1.0,1,0
1434.9752644174198,1,3,0,5.852337426965895,1,3.654654152890514,4.2160805949238584,0.0,3.5992857153144184,0.0,1,0
137.11810352906866,1,1,1,2.3377023901114455,1,0.0,4.391369019775916,24098.86488624869,4.718667083472724,1.0,1,0
1473.1650593762504,1,2,1,25.360000448228337,4,0.23244876986753288,0.0,8568.366979086959,7.222610926193111,1.0,2,1
526.4672392389065,1,1,1,4.734751395514995,2,3.758226994070879,4.9882493051651045,5574.441619790802,3.596287839823285,1.0,1,0
39.79320664283366,2,1,1,0.0,2,1.869586156331704,0.8520651228198018,11643.760398377042,4.470442552635329,1.0,2,1
745.4628179847415,1,1,0,36.943389972909955,0,0.31062796225424205,0.19462531794927931,5063.193366662707,5.497976538672911,1.0,1,1
53.273882162638074,1,2,1,7.8546264455372015,2,21.020606353095403,13.059873113533055,12207.39247158426,4.0980139260755415,1.0,1,0
140.5291288941694,2,3,1,0.0,2,8.972761566798564,10.794096569762312,20785.34562193207,4.0622593817339165,1.0,1,0
61.38878323598133,1,1,1,0.0,7,3.029825548700461,1.1493827376023482,364.256257302144,5.28029656477128,5.0,2,1
63.86181995253768,1,1,1,3.645250810819148,2,4.784146335682701,5.627858938603059,8974.52362680724,3.66104109113785,1.0,1,0
519.5763961251847,1,1,1,2.5758153732376012,1,5.408669879969426,0.0,37499.82682869621,3.425065226025636,0.0,1,0
135.54312602522734,1,3,1,6.302761056483594,1,2.502878266019599,1.6046136168599774,8710.59665724766,4.040034149718851,0.0,1,0
60.86362740917072,1,1,1,1.4514420161142825,2,1.053570151730676,0.8781945397879445,4494.124952640116,3.8319150767301733,1.0,1,0
521.8939375222029,1,1,1,3.693970781178103,3,2.1654596744811814,2.8283950763372316,25085.05823487847,3.359887412767031,1.0,2,0
50.88235323721139,1,1,1,0.0,1,4.950405173134913,0.0,31388.58933250793,4.474836608893642,1.0,1,0
87.79701614121726,1,2,1,42.691507607971985,7,1.219211648594062,0.5971091541059479,12688.372390805625,5.1497266670255675,3.0,1,1
112.17758459932281,1,1,1,0.0,3,1.3615341472662965,1.531480684411216,17279.415782457174,4.267500519354484,1.0,1,0
738.9697064374867,1,2,0,44.304512052490026,7,0.09692044271510888,0.04708753133486266,6727.090749348787,4.243980388694337,1.0,2,1
1417.4355824350562,1,1,1,3.8352341529455165,1,2.52261740400614,2.2421347817517057,14999.01471599999,4.598640034103234,1.0,1,0
1483.4449164362597,1,1,1,9.207592136133789,3,1.316122104071369,0.5910407294556934,1919.1667336103362,0.0,1.0,1,1
128.79898785369534,1,3,1,9.94248294547879,5,1.456860481066543,2.1609699125461894,27511.11765753232,3.1044423107959,1.0,1,0
1442.981648951709,1,2,0,22.969507448242638,6,0.7903922581712423,0.6063436135852247,6920.907735323229,4.771437854109326,1.0,2,1
1431.1275870613997,1,2,1,5.887676889192865,2,0.0,4.154177880539236,17895.393666192333,3.4283941466380004,1.0,1,0
103.61328017669254,1,1,1,21.331339146075447,3,0.6231144863214374,0.3226746152910791,2877.6023481001284,4.964386718995327,1.0,1,1
521.7326670001071,1,2,1,6.520289185603028,1,3.097200139742163,1.9950694286051558,14819.021474721463,3.9323451639355005,1.0,1,0
1425.9172369799671,1,1,0,9.886407575840417,1,2.0674660067440187,1.6607085357409817,12466.072620227586,4.0356941394046455,1.0,1,0
82.83045264693381,1,1,1,2.5223052551593015,2,4.079090549993305,5.799982984084876,18823.78879451836,3.9884780234474047,1.0,1,0
131.02487334247715,1,1,1,2.6939055406399417,1,3.153278294511774,2.40878609244339,9564.487043847383,4.056450150443898,0.0,1,0
61.7667826946287,1,1,1,8.892315193989543,3,0.0,0.0,0.0,4.068445609637545,1.0,1,0
0.0,1,2,1,6.64931604710187,3,7.557252883930238,7.732923709335481,0.0,4.392444291331039,0.0,1,0
51.46606492562716,2,1,1,13.643612054081043,1,13.00651436262286,17.482395522306092,22091.52868186468,3.6265476376941663,1.0,1,0
0.0,1,1,1,7.127479116720172,1,3.0758387310725444,3.1923670082510927,25042.66041102471,3.7121235943847717,1.0,1,0
70.5625223283515,2,2,1,32.90422209796978,3,0.10210325935728211,0.07619178715455774,4214.5591017721445,4.421498155599113,1.0,4,1
1420.8228895315754,1,2,1,6.210557594550472,2,0.0,2.7236416299968504,32598.519101068694,3.3218004456271006,1.0,1,0
79.28148512235445,2,1,0,9.06524170185369,2,0.0,14.00639813869649,26288.017312924156,3.6683585330555357,1.0,1,0
1435.5860836304744,1,1,1,0.0,3,12.359199129920816,14.074227117811699,39298.3557197395,3.9796580557428536,1.0,2,0
64.76246509079371,1,3,0,2.3192233851389457,1,15.840996833845937,0.0,15701.71234388537,4.189624259716932,1.0,1,0
0.0,1,2,1,19.346993579995004,7,0.0,1.1837495088803538,7982.677258714785,4.42826625436002,2.0,1,1
741.9117697408454,1,2,0,34.67851108640291,10,0.5266878454104332,0.3526876071552632,0.0,5.916773702289746,1.0,1,1
19.827935975224857,1,2,1,23.83072169235744,4,2.8302537936977723,0.7905379941961136,8530.423362304433,5.5181973521191034,5.0,1,1
76.00231953147008,1,1,1,0.0,1,7.542958554601557,8.165043639521677,12677.187180479179,3.567985665718536,1.0,1,0
66.553067580425,1,1,1,4.8742285845996305,2,1.0455425351903371,1.5390378644666922,0.0,3.4555613683678628,1.0,1,0
137.07584807093414,1,3,1,11.69025458097559,1,5.367162783222616,0.0,21004.332648851156,3.4048296726258895,1.0,1,0
86.27974776178515,1,2,1,0.0,8,0.0,0.248417192468499,15903.243065986646,5.210477247999135,1.0,1,1
1466.2475150197417,1,2,0,25.145278101165246,4,0.6110962663143602,0.36654666810776637,11408.628135579253,4.8191121423894865,3.0,1,1
74.01669396823316,1,1,0,2.114241583938641,3,1.88453295144276,1.4763099603233156,13493.715788030493,4.653842816646083,1.0,2,0
511.5404313418296,1,1,1,5.430689514192214,3,1.2864348434473576,1.7533078291876862,19934.210224105893,4.230295824083365,0.0,0,0
500.6194881243624,2,1,1,0.0,1,2.208992383114949,3.2346126221436675,23864.78475398985,4.5786923484826145,1.0,1,0
512.3406602669844,1,1,0,7.913326759196134,2,10.201903657818681,13.375958628880168,14096.140468001842,4.416020924699815,1.0,1,0
130.14018968576775,2,2,1,2.072179489914885,4,4.427957044999583,4.4484301326781495,22977.654955166166,4.395372771198755,1.0,1,0
494.65204659730847,2,2,1,3.706923542237953,0,1.258018839447677,1.8315638558512801,8686.488698790145,4.177044539514071,1.0,1,0
44.30889947141242,1,1,1,46.830575700930346,9,0.9157847932949845,0.4056498305638491,7893.951614831346,5.684368080188154,3.0,2,1
54.57074633120611,1,2,1,24.42012851744856,5,0.7516609558990341,0.4212719738303167,8963.947598118995,5.172314827504707,3.0,1,1
511.13891661795896,1,1,1,9.962653904431743,4,1.3017001832232107,0.9779243754972209,16698.693112922883,3.7683297904158106,1.0,1,0
516.3213980292505,1,1,1,6.694751686455384,1,1.0540893660694384,1.3003946035164744,2963.430818256156,3.845123559455817,1.0,1,0
69.53057144314229,1,1,0,6.684644828724789,1,0.24719369543699507,0.3620811314122589,15726.429148192115,3.756361472390498,1.0,1,0
124.37128168531912,1,1,1,7.802581041276749,4,13.94071996506459,17.61285860285895,14993.795364798307,0.0,1.0,1,0
0.0,2,1,1,0.0,3,3.6710199770012513,0.0,12094.458827954913,4.529861057900069,1.0,1,0
1450.2447349165407,1,3,1,39.534476903772365,8,0.11544531312434209,0.04528333513141953,5111.13748151772,5.857648441407271,1.0,4,1
527.6404634940293,1,1,1,10.120173714721526,3,2.212044649269924,2.474090128723226,27932.360103155646,2.723026807001986,1.0,1,0
86.70410016299407,1,1,1,0.0,0,0.8883229365971126,0.4792054938244031,7912.194172388274,5.728674082088205,2.0,1,1
1457.1253195604295,2,2,1,19.53829178741804,7,5.479804717948151,1.5510275436452619,15189.798876768658,6.142037532757794,2.0,1,1
146.94936487519743,2,1,1,12.447007882919934,1,0.8409585770827043,0.8668698399402096,30995.05151682844,4.420521666847258,1.0,1,0
0.0,1,1,1,9.546909969539879,2,4.896136645124164,4.217316517214722,14642.671253490827,3.6089230133865815,1.0,0,0
504.87864263334114,1,1,0,5.396235733510465,2,3.2849767214113363,4.334805841630869,21577.082418771,3.8681980867646386,1.0,1,0
64.24242396510532,1,3,1,4.100124410788947,3,0.8674857741312602,0.527655936761022,13260.965802199398,3.4944975736175614,1.0,1,0
1433.2225273262495,1,2,1,5.686205471174652,1,4.235952813239389,5.557184654428745,9511.643056743265,3.963291894878317,1.0,1,0
498.8301859023675,1,1,1,6.438628932584517,4,1.1974554482692608,1.410263770072396,45218.505041206336,3.651527993923116,0.0,0,0
1418.3310546985788,1,2,1,2.9032711030210145,5,6.803360418467777,0.0,76663.3842114574,4.130325414624124,1.0,1,0
0.0,2,1,1,6.195336131246623,4,0.0,11.217408490417668,12192.34252589695,4.391097548496188,1.0,1,0
0.0,3,3,1,19.640788473708486,5,4.3101651660711795,2.296442826750868,6062.877963575132,4.962279899781781,1.0,2,1
528.4845467852573,1,2,0,14.496820486454395,3,8.950199518078923,11.544658162075644,0.0,3.8328313789081214,1.0,1,0
66.23570839892591,1,2,0,35.62379122050448,4,0.08284919455733937,0.011145604083583357,8498.885297067563,0.0,2.0,1,1
117.0070513816751,1,1,1,8.229011179122862,1,14.279251739569519,9.782123308768963,51254.75639699229,3.915152589010821,1.0,1,0
0.0,1,2,1,2.4684379944214196,2,0.0,8.35248152977235,17168.959641614405,0.0,1.0,1,0
1462.6000367897973,2,3,1,21.582221203838063,0,1.1916547369151695,0.6036382311615575,7912.773883736892,6.971807569328628,2.0,1,1
136.2118425708871,1,2,1,2.6640287179991944,1,0.0,2.204683673047962,4398.246449746286,3.336480442169175,1.0,1,0
129.21439567994977,1,1,1,2.197353889753284,0,1.7258709875638276,1.7902743147345823,6587.471814433299,3.822531156740039,0.0,1,0
1420.9405113915182,1,1,1,4.802671996338937,3,1.2811123209346145,0.8565187549407863,3834.007267624157,0.0,0.0,1,0
1468.941152973537,1,2,0,0.0,6,0.28767367882397543,0.04164452976418829,9162.596504508832,6.775336269720082,1.0,2,1
121.04497409664344,1,1,1,6.884108080761361,3,4.291803370824613,0.0,10294.710020955263,4.558683949858673,1.0,1,0
0.0,1,3,1,2.781221792133505,1,2.9521194171328418,2.934514618503224,0.0,3.2389328643593207,1.0,1,0
58.204829709070054,1,2,1,4.920558307791844,2,2.0092509197792756,2.9512658063276054,25661.515723668585,3.8415541509337086,1.0,0,0
1430.8884506405398,1,2,1,17.49964451400067,2,0.15495392372952105,0.06447969455734817,14693.414379749247,5.543372355868687,1.0,1,1
144.11370405906112,1,1,1,6.45391638011341,4,0.9822739470447055,1.425646397244336,14234.29727346341,3.754111122430519,1.0,0,0
504.1919969955413,1,1,1,9.491960571653726,1,0.14984752449176497,0.10835179082111007,17254.022354123925,0.0,1.0,1,0
515.2831886447965,2,1,1,1.6843072717231786,3,3.5751574127177714,3.8920816910343934,45174.02882703346,3.5013335861807486,1.0,2,0
1416.2743924107974,1,2,1,5.145759073969464,2,1.1761736260984472,1.4283646178297085,8182.67692652464,3.527003556147898,1.0,0,0
0.0,1,1,1,9.42444403409151,1,4.87571705184427,6.7392018550986,12185.800773058156,3.734825427797145,0.0,1,0
115.06375563867054,1,1,1,2.839132318973191,3,1.2771166925903947,1.8191224424236572,0.0,3.2259670578766264,1.0,1,0
1474.8629515747537,1,2,1,19.31528139564087,3,0.36093657449595296,0.2205066763653215,22426.613188968153,5.335120473464033,1.0,4,1
0.0,1,2,1,12.082718079188652,2,1.5802101386850311,0.7466582838976771,7786.154662840338,5.694428499037562,0.0,2,1
82.39050155811535,1,1,1,16.901742391541433,11,0.04947658694929682,0.005530011372398024,4526.6299210356365,4.892437892528016,1.0,2,1
1443.9019424705461,2,3,1,23.083093587734986,6,0.0,0.19453510550176548,0.0,6.1881530684573915,1.0,4,1
1426.8445311792143,1,1,1,0.0,1,5.838378100756151,5.05393833255236,9863.176011609054,3.854592782435526,1.0,1,0
531.4246586148274,1,1,1,4.7408489094580935,1,7.784227873452656,5.322799938440756,7975.119246027831,3.6339586037549294,1.0,1,0
1426.0180945672594,1,1,1,3.9937164480705856,1,6.199102477431045,7.370999226908197,24071.111164455342,3.648314737874997,1.0,1,0
88.10070861567056,1,1,1,41.7473135149412,8,1.791167900768304,0.4701236990447796,4557.581820693586,5.996078664795074,3.0,1,1
136.87253302284054,1,3,1,10.870437825972859,1,9.17730851202405,5.895864734744428,9929.06350765454,0.0,1.0,1,0
57.28106001112304,1,1,1,2.5236774508795063,4,0.3177878388442367,0.3555117499239749,26363.05247784773,3.5540982535928762,1.0,1,0
61.80891354297791,1,2,1,24.84940569604753,0,2.811679552920585,1.1815790240924848,0.0,5.801695566381892,2.0,8,1
67.00835714614414,1,1,1,12.968567599117918,10,1.0192881463497923,0.19277502150566095,12232.354869567147,5.165187572422355,5.0,2,1
0.0,1,1,0,6.620346517708224,3,13.756143249752588,8.56561407634717,18923.237486887778,3.866075882833085,1.0,1,0
60.2235875767107,1,1,1,0.0,1,2.2203401412338777,2.4662824523818916,8863.269672795519,3.8523462578258503,1.0,1,0
1420.790987237168,1,1,1,10.851783513687586,3,0.0,1.1931795989041536,36039.10785695001,3.8680416061006415,1.0,1,0
19.027822236500256,1,1,1,22.670822333747985,8,1.7491223002267808,0.36050210855205617,8887.18430518701,5.622016733246168,3.0,1,1
1414.8236174995552,2,1,1,2.399368008274526,1,8.031058263870685,11.341540863666976,0.0,3.2277253946079107,1.0,2,0
83.67874480462541,1,1,1,3.961313712281223,4,0.6665399046174297,0.0,6164.518255883859,3.529701267935444,1.0,1,0
757.8675461420239,1,2,1,19.705698519866225,5,1.7980162353017173,0.4607955567992807,5334.333344539795,4.584536962184458,5.0,2,1
56.424867565384716,1,1,0,2.8402766647437607,5,1.2045154727769645,1.3354294721662103,22741.597020104586,4.093592692183321,1.0,1,0
1410.9183110382503,1,1,1,6.490340180062007,1,0.4182364946024223,0.3092861544905376,10531.191964433017,0.0,0.0,1,0
119.77572962880738,1,1,1,4.583567675297236,0,26.243753775947255,30.76268328801835,50549.04731676599,3.7656917398636494,1.0,1,0
1421.7004023218026,1,1,1,6.384288332639545,2,10.816811487671997,10.601587378375813,12344.35200011198,4.103927134956275,1.0,1,0
0.0,1,1,1,2.5852722679526634,0,1.69319689965964,2.2317310116717617,33909.87772956666,3.5123489076204515,1.0,1,0
76.69562207271952,1,1,1,5.6602154517929675,3,7.347777546876223,7.485606825046324,33237.35677287111,3.2730237122094197,0.0,1,0
53.523612733354604,2,1,1,33.836849166814716,9,0.06291939698478338,0.029826624963242655,12271.228482722201,6.086882660937271,1.0,2,1
123.0197932244997,1,1,1,2.548570017473141,1,0.0,4.546220082044618,16113.161999447722,4.8093469064164,1.0,1,0
527.5610439593071,1,1,1,4.921785642283637,1,3.223863998602072,4.522415123707478,36939.702360288386,3.108836338646808,1.0,1,0
1442.6379623492667,1,2,1,23.48535678649501,8,3.3650618541510617,0.0,15158.760479453467,0.0,1.0,2,1
0.0,1,3,1,0.0,2,4.203141018367175,5.055032071027944,3997.8795256751177,3.6543812374875015,0.0,1,0
511.9077791192049,1,1,1,5.46927466093366,2,0.20008397500913036,0.2553012837574352,25025.57594352711,3.2428785884493614,1.0,1,0
63.13120802723929,2,1,1,8.24255552335974,0,3.4147737282877193,3.208904577740586,31964.16684199913,4.170528749162131,1.0,1,0
125.39534189591414,1,2,1,4.428739671210309,2,2.710570171625668,3.600858923805103,15510.910581909275,3.7945560342118827,1.0,1,0
1468.1017450187958,2,1,1,12.724284100579833,2,0.0,1.2143385793031423,11895.410010978208,6.3993207454100824,1.0,1,1
67.19022723156428,1,1,1,4.041984646056299,1,0.905479029797414,1.2190448318098706,3607.316228451296,3.907749371291188,1.0,1,0
112.08101173602421,1,2,1,5.710009551492101,0,0.0,0.0,20086.42371109374,3.8954480521013446,1.0,1,0
71.58579748348495,1,3,1,2.3394528635319807,1,3.436290348213008,4.729085439766424,24078.44830797343,0.0,1.0,1,0
56.982991919443094,1,3,1,4.980161887452329,5,3.015188581729058,2.6837191864516545,24096.85314707913,3.7068037908233706,1.0,1,0
723.4445540047687,1,2,1,19.459345357359815,4,0.21363578349701196,0.07767908811436167,0.0,4.151343224068148,2.0,4,1
67.49238946585291,1,2,1,5.347249556119326,1,14.452987351245833,19.797780146447117,15247.52815646537,3.973152826053033,1.0,1,0
1482.6663073269121,1,1,1,34.231748797818035,7,0.19055731399554487,0.097285501613719,4866.4930870570715,5.260325961970484,3.0,4,1
69.95443550901341,1,1,1,3.211447043526934,5,7.194542074448232,10.01100669781634,30538.774408697074,3.8621767876355584,1.0,1,0
44.55732183674289,1,1,1,0.0,4,2.858931482350446,1.8974375796539793,15048.307415926183,5.328438819953183,3.0,0,1
1419.212575850841,1,3,1,6.515960491276596,4,15.536360654193627,12.300055617354273,11721.750178084734,4.15317357040089,1.0,1,0
0.0,1,1,0,5.317419510653843,2,5.567392291869831,0.0,7944.692869107402,3.911698477577594,1.0,1,0
114.85802103495266,1,1,1,5.32439757525992,3,7.437633136526117,10.106854984280151,27151.155621186794,3.467424289339996,1.0,1,0
52.6809710461993,1,3,1,51.358876228731226,5,0.0,0.25136315119499,5686.678581608372,4.405975193843236,2.0,2,1
38.814888108788566,1,1,1,2.997848459016872,1,8.28393406961345,7.893232237569503,17960.841087088687,3.3708983845296143,1.0,2,0
61.55674895270025,1,2,1,26.300150371471272,3,1.1717822054855902,0.0,0.0,6.286590038079858,1.0,1,1
128.74832891599945,1,2,1,0.0,3,9.674456595327179,13.652932936205628,13803.68285770375,3.5162975263258573,1.0,1,0
50.21763825015026,1,2,0,0.0,3,2.030671287789645,1.4472354008670807,7677.282730291423,4.109005823680374,2.0,0,1
140.0091895296957,1,1,1,5.3447222473771685,5,2.408184792495523,2.6851868643329038,18392.05397317434,0.0,0.0,1,0
82.32018741835662,1,2,1,4.769390401425429,1,6.398822629773509,6.2348516813034225,16288.673602530413,4.272200212437662,1.0,1,0
723.5675929820884,3,2,1,20.831769405221664,7,6.22180568259562,2.5119752984143062,2689.787772068491,4.176823639616035,1.0,0,1
1437.0546709406774,1,1,1,2.3974218842815724,1,10.102090212426516,9.979700487579052,14893.502118063727,3.8622098763631896,1.0,1,0
76.610630469831,1,2,1,45.78366166859998,10,1.7275566482251214,0.4960115430636059,8757.723494895294,5.05309940058345,2.0,2,1
63.85042106994439,1,1,0,31.65137986140477,6,1.6206095618903082,1.0095212156509354,1458.539136784156,6.204854976357747,5.0,2,1
0.0,1,1,1,41.47909679893144,1,1.7192082489702163,1.2058361447568304,24566.267876573256,6.930621951324699,5.0,0,1
775.2375959659718,1,1,1,22.808277616709667,5,2.0502102540907012,1.6100041158569718,3538.525105225088,5.625057832543809,1.0,1,1
0.0,1,1,1,15.330524947383074,4,0.6205896679690402,0.15273148249689264,0.0,4.2241222198454285,1.0,2,1
527.38977225706,1,1,1,7.130594800313166,3,4.990513532172178,3.1981571163096927,0.0,3.665917296752162,1.0,1,0
0.0,1,3,0,29.410386626369466,4,0.0,0.0816228537931457,3831.6032099235294,5.325311291072516,2.0,8,1
128.11169622729108,1,1,1,2.605127243558404,1,10.438630259025983,14.949267402727736,5565.96063896797,4.053699429646866,1.0,1,0
0.0,1,1,1,1.97995974399602,5,4.37080435410395,0.0,0.0,3.806457258015736,1.0,1,0
1433.9199345715883,1,1,1,4.7412496951964105,2,5.894796140391261,4.952072493073571,19269.298395849604,4.523492419146087,1.0,1,0
1436.260067498146,2,1,0,7.030747215603422,5,6.805582644411273,7.229393269951324,18800.797251140895,3.698990407913829,1.0,0,0
530.5382355005052,1,2,1,6.095078225074473,2,7.430160954895621,4.661222764396385,61393.1855462123,3.3855145210094344,0.0,1,0
746.7913665113072,1,3,0,26.03261124536759,0,0.39179213813882297,0.2576459337746709,10084.454700688628,4.729291382106267,1.0,1,1
93.36818583122817,1,3,1,35.69011057524283,5,6.318751376993431,0.0,7634.3930222548925,3.724158227046246,5.0,1,1
1410.7480623652878,2,1,1,0.0,2,0.0,0.7259263119695795,23803.665547368313,4.459729608983413,1.0,0,0
0.0,1,1,0,1.9128145818815887,3,1.507843876819431,2.0438961340514363,5348.218474793938,4.0488238898085065,1.0,1,0
65.89057677831521,1,1,1,6.396804088731637,2,29.17345415202666,32.495497488467,8785.130628780717,2.936265709327868,1.0,1,0
126.91582898360474,1,3,1,3.50742884671148,1,16.11188750761529,0.0,7492.154798209707,3.698620249110823,1.0,1,0
0.0,1,1,0,34.86881122234897,6,1.9682072444889347,1.0968446862786652,4266.707739176501,7.5,0.0,4,1
1421.809864770314,2,1,1,6.4804683641822605,0,1.7623404874612545,1.0811018527420753,26106.358445937738,3.683110838750199,1.0,2,0
529.4020953989602,1,1,1,7.114277665663874,0,5.748774285931842,0.0,3417.449267108303,3.9683622728739523,1.0,0,0
70.30793087703351,2,3,1,17.168310225208433,4,0.06737719882879713,0.03996660637728026,13324.724679260175,5.402464661413062,2.0,8,1
116.70578480292676,1,1,1,5.4419877182168275,1,2.7306091211816037,0.0,0.0,3.4425122205372,1.0,2,0
488.1277293199967,2,1,1,13.095251997870474,2,5.51154567474627,7.258285177347361,21557.870381933586,5.0,1.0,1,0
0.0,1,1,0,4.8600627492648165,2,0.15695314988054232,0.19072567848699779,15617.152528133192,3.603491064317052,1.0,1,0
0.0,2,1,1,3.0600787250067616,4,3.391605424868895,3.6165964301660325,17068.535127725572,3.7970673546969893,1.0,1,0
531.6471644849578,1,1,1,7.299345617222862,2,6.168334435952056,8.207202826205531,1351.700534561537,3.8245885304688616,1.0,1,0
74.30792679029904,1,1,1,4.496128168648327,4,0.0,5.732573821495115,4543.028747316568,3.7955573201130783,1.0,0,0
507.8075132029463,1,1,1,4.56017718300434,3,5.527106612103227,8.03963773000575,0.0,3.149698180791164,1.0,1,0
121.09475076627389,1,1,1,0.0,2,0.7851514376025176,0.5929879369412354,20371.073030455627,3.917396768914607,1.0,2,0
741.3233037182287,1,1,1,11.873714901128118,6,0.7213173293316122,0.39240183296317077,1455.0428435064828,4.663451535910846,1.0,1,1
130.32526435091083,1,1,0,6.014201061675699,2,0.0,1.171530021253607,33390.539480865176,4.4899133745342485,1.0,1,0
1410.2340133012785,2,2,0,3.278179406431847,2,3.9253188870507127,2.436394832954775,24413.777243896995,4.022170964564529,1.0,2,0
76.92620675855171,1,1,1,33.23449626965065,4,1.4333528597004856,0.8741931815924212,10210.842842396532,6.742086579008427,2.0,2,1
65.07175271291415,1,1,1,2.7252087267964082,2,5.0121170275959575,3.0483109153545613,0.0,4.324069645502341,1.0,1,0
50.28315798531451,1,1,0,39.44338900534777,0,0.6199761715395831,0.13680114253011996,2259.5543425463693,0.0,1.0,1,1
493.1627857115527,1,1,1,3.6510917732343167,3,0.0,5.982780939147078,26257.939556008187,4.311506063193513,1.0,1,0
44.74224588487994,1,1,1,26.216911816138957,10,1.9327028567373867,0.9220846981304364,3046.4551403767177,4.711542886497628,1.0,1,1
81.93977913343707,1,1,1,10.228878019446219,0,0.0,3.8109222768204862,0.0,4.03843572612392,1.0,0,0
515.7739375007918,2,1,1,4.6821208182074106,0,0.13169590120749722,0.16380960673966977,9056.427822840467,4.5488101360713875,1.0,1,0
75.71199519529101,1,2,1,0.0,6,0.904544612538733,0.5220461747049524,0.0,6.523667516800345,1.0,1,1
0.0,1,1,1,6.989057394605728,2,8.77695847185496,7.368693678016615,19177.358410381068,4.348941660618824,1.0,0,0
52.122484573180856,2,2,1,17.59965588893688,0,0.33520533474696057,0.05169479625539919,21281.35756327398,6.080034216583227,1.0,1,1
525.2228632284819,1,1,1,7.169166255152731,3,0.44815995766822814,0.3497786282813495,4504.755752666635,4.199020346283863,1.0,1,0
1429.596473013063,1,1,1,3.1531977372133206,0,6.245430725088349,0.0,10684.017907666894,2.7835219399686664,1.0,0,0
56.899950687176435,1,1,1,3.089070304143143,1,5.451763487700973,4.252294422712241,30998.13273066215,4.2611821886045105,1.0,1,0
68.20107212587723,1,2,1,4.822671500702616,0,5.278509672685701,3.2051388021648233,27507.217463241603,4.308342899275978,1.0,0,0
57.76251164988356,1,2,1,25.112748316317962,0,0.3688498660507775,0.0,7882.520598257214,0.0,1.0,8,1
54.83192421740088,1,2,1,18.277858865266705,6,2.955136257823792,1.1838240333381922,8283.369290645825,6.522389907589321,3.0,8,1
505.07464408180005,2,1,1,5.08089455094072,4,9.98102119439382,14.62966572166874,6820.478298452085,3.7876774221091107,1.0,1,0
0.0,1,1,1,4.683030285144548,2,3.3629452268383875,4.826759745525853,29175.86967575823,3.749504753504319,1.0,2,0
496.513321418217,1,3,1,4.865715296190593,0,1.2150782662525275,1.7356316116152923,17353.460810513545,3.2105953186737017,1.0,1,0
0.0,1,2,1,27.761302686459135,7,0.59196689914003,0.25450937392010387,8131.037844943727,5.537206575757663,5.0,4,1
46.649022448816154,1,2,1,4.275488746501394,3,1.1279078078060143,1.0360820372631525,13774.595320948985,4.376272718449972,1.0,1,0
521.9178918919753,1,1,1,5.947812063504488,1,5.6952084502085105,0.0,0.0,3.7608469035283028,0.0,1,0
511.0804745533664,1,2,1,2.8986489210933604,1,2.2398518147988904,2.8289209287842616,8210.921331323038,3.495030045442601,1.0,1,0
736.509689946384,1,2,1,31.469608369582076,6,2.8215039163001703,1.4259698536079475,5878.624364120948,4.948200871522351,2.0,8,1
50.90651121602197,1,1,1,18.849092234785864,6,1.6390761389686415,0.8666395570319653,0.0,3.802113493760798,0.0,1,1
115.11968008350532,1,2,1,5.428076974122401,3,9.188569166059091,9.280786561469327,40446.88552621215,3.7213585675035783,1.0,1,0
499.341224215824,1,1,1,2.338703996841626,1,0.3830852190544184,0.3243557618935893,0.0,3.5498884340594055,0.0,1,0
80.53077053011535,1,1,1,22.72345603425074,0,1.1399438976543976,0.12513587591145864,3479.2546960704117,0.0,5.0,1,1
1412.278548433689,1,1,1,5.549356568333045,3,6.2843510971453584,7.024797764500458,4245.901571306472,0.0,1.0,1,0
1395.712749759121,1,2,1,6.746182528196963,1,27.318161749240186,0.0,13625.993389810872,3.605295539583938,0.0,1,0
1422.3306902578768,1,1,1,5.013639147785731,0,3.829206304516082,4.114281053825377,22713.47330918721,3.5220524996338045,1.0,1,0
1487.1278015424364,1,2,1,31.493368097663154,3,0.864693952798337,0.47760481359940715,12064.949226081922,6.642128656470211,2.0,1,1
736.6987684670422,1,3,1,25.224183000896836,6,1.7698515354562239,0.7050719986514248,9167.08394864529,6.006496239635721,5.0,1,1
84.59556497813304,1,1,1,5.977128891654711,0,3.9065915430748683,4.261123444433128,0.0,3.7346066544972767,1.0,1,0
126.68418688114457,1,2,1,15.332678095561544,1,29.2407090779669,18.44788661966856,0.0,4.251409079197657,0.0,1,0
49.955085574785784,1,2,1,3.455185792200993,2,2.312815631512478,2.852849294344815,11059.274495003196,3.3062403007151313,1.0,0,0
124.66443046850328,1,1,0,5.236152659715312,1,0.9330148639729215,0.8026052582354406,9374.463872311908,3.9077913008289538,0.0,0,0
152.6720798250919,1,1,1,3.239860318657311,1,0.11916455041973288,0.13674975840070028,18419.279611559377,4.002555417489203,1.0,1,0
506.1899315297334,1,2,1,4.4572023255044435,4,8.51132252616939,10.684574632900416,11569.073673753246,3.033273951572001,1.0,1,0
68.26401681018604,1,3,1,2.7066553785727034,2,19.5862470609318,19.76974034663736,27852.19591171618,0.0,1.0,1,0
131.682744252617,1,1,1,4.86132038011603,1,4.269833233489118,6.288746011093401,23306.53191660795,3.6242556174576737,1.0,1,0
76.68557747042243,2,2,1,2.8502848266338074,3,1.6260233649258624,2.2470421586391245,4832.536408037177,4.2234389519711115,1.0,0,0
50.19309481748282,1,1,1,9.891089142400597,2,5.951619940673248,7.990869270796964,13934.993640224397,3.786285989345638,1.0,2,0
1428.4311148224406,1,2,1,7.265967930516392,5,5.372083562969368,0.0,17139.220103462296,4.479130555460598,1.0,0,0
736.7582524232718,2,1,0,0.0,3,1.6429041062611407,0.20314702374598484,7431.908220580518,5.450977531633439,1.0,1,1
513.7179155442614,1,3,1,6.6806814935272945,2,5.764789328647809,8.608750112361472,27641.955202104455,4.091384937362348,0.0,1,0
13.625669104433946,2,2,1,25.41078939784597,5,0.0,1.2672937152182489,5724.820107130454,4.384332379810938,0.0,4,1
1411.7384118632126,1,1,1,5.826167222384711,0,2.3282846444073733,1.7913009045575234,9960.98852457338,3.9671070950228384,1.0,1,0
527.3793867507407,1,1,1,3.026417226252222,1,7.668162148130124,11.272226588728552,20918.270796376957,3.319042812618551,1.0,1,0
52.41638508225478,1,3,1,22.83596383093577,9,3.312007133626306,1.6709796403981865,0.0,0.0,2.0,1,1
59.26972432950531,1,1,0,4.075129241201273,3,20.209660875091362,19.91979903596827,10246.023202294,3.168266322260153,1.0,1,0
1476.2125312291976,2,2,0,21.05400054571874,3,1.8344708872667514,0.0,17331.472851012357,0.0,1.0,4,1
1452.559259297477,1,1,1,28.35370850621363,0,6.0459540041047735,4.689498431427853,18648.26074170714,5.026561918620484,3.0,0,1
1449.258055324309,1,2,1,33.80065506042186,4,0.2936647793972605,0.2001509085036665,12001.915118705412,0.0,3.0,1,1
112.10150746824938,1,2,1,3.259754420390671,2,0.22687159269231852,0.0,23337.79044094942,0.0,1.0,2,0
82.47131542609053,1,1,1,5.986507087063516,2,0.42422345857275334,0.41678505216121503,17587.072561886405,4.425600707760136,1.0,1,0
507.4921152725894,1,2,1,4.121539213249809,0,0.9924671719877455,1.0042825077503021,14908.584175284892,3.2288416488502207,1.0,1,0
40.91163931507382,1,1,1,26.608707739211713,7,0.48579207342069775,0.1521401239702052,14774.856788410714,4.5967423750947685,2.0,4,1
60.55100883108002,1,2,0,0.0,6,1.930258927963282,0.0,2695.2408488178457,4.018125391007906,3.0,0,1
51.48752707035146,1,1,1,0.0,0,0.3608843900037706,0.49595271538938945,0.0,3.298573928570765,1.0,1,0
44.20551011140962,1,1,1,40.67769998600015,6,1.4003768618933983,0.5841090048700024,7378.956400759091,6.609162722002115,0.0,2,1
0.0,1,1,0,8.640328728727223,3,3.405532464482769,3.302239691482816,15066.779250021298,0.0,0.0,1,0
74.6334637945319,1,1,1,0.0,1,0.0,2.477744093069724,3999.0084623725047,4.291350974942164,1.0,1,0
136.9469665262031,1,1,1,11.022382420294988,3,12.328456962986055,0.0,7099.980628956824,3.729213450508001,1.0,1,0
120.06679584190793,2,2,1,9.315352352667778,0,6.3189867225432135,0.0,6955.457746367881,3.823224174026507,1.0,1,0
0.0,1,1,1,0.0,1,0.0,1.4813611978246177,23404.82880165694,3.8542296917903367,1.0,1,0
129.1910474509718,1,1,0,5.149053697810828,2,6.75794062953823,10.106857394341958,12351.95540738041,4.366871535583052,1.0,0,0
58.343641075848836,1,2,0,3.7627565706370727,1,0.0,3.2132214339451757,16213.48386472476,4.271912577874842,0.0,1,0
133.11969053420026,1,2,1,8.905675981487336,4,0.0,0.0,0.0,3.8117379066529553,1.0,1,0
1458.2206707084056,1,2,1,36.78563648485763,0,0.08407409754515889,0.05541013126204516,9179.998054997825,5.07942885465743,0.0,0,1
516.3444704041241,1,2,1,7.501131600239943,3,6.809978467680857,6.203655540530985,17424.10918595404,3.502253047460851,1.0,1,0
65.77120069408431,1,3,1,10.162924686093861,2,4.449589729796078,4.868432870780572,24196.58312660228,4.217648668608139,1.0,1,0
116.85687342639423,1,3,1,0.0,3,10.42391753569178,12.3628973648469,14155.957335666602,3.573373879272402,1.0,0,0
0.0,1,1,1,2.4727804068388544,1,35.73284097928001,44.932362214460966,4357.634119694702,4.547503316016676,1.0,1,0
1455.4739443340163,1,2,0,26.593614339378096,9,0.5485044157914549,0.15903573537236756,0.0,5.957665143092543,2.0,1,1
60.33445741603462,1,1,1,0.0,1,1.9376340545094517,2.1330968354267963,49224.2360589227,3.8742117840819126,0.0,0,0
119.98647864190924,2,2,1,0.0,2,0.0,2.7270248082327897,13650.957873724703,3.004131540224674,1.0,1,0
0.0,1,1,1,9.452632423927007,1,10.831728746324096,14.336466668001528,0.0,3.111335945067572,1.0,1,0
56.08132556778493,1,3,1,5.235322086481609,1,9.925837240316532,11.196637735307306,0.0,0.0,1.0,1,0
65.45550232729059,1,1,1,3.9201132030537695,3,1.5932556768912374,1.4980774783404147,22073.87946933809,4.259264058021134,1.0,1,0
60.0807413781007,1,3,1,21.629448014615246,5,0.9113026582175221,0.0,16377.319015741552,4.234476798799002,2.0,2,1
737.6528967147607,1,3,1,27.270832212387045,5,1.0234825573612143,0.6043106622675855,8600.861836997674,5.63494230695481,2.0,2,1
51.215427055268115,1,2,1,13.765913997772627,0,4.700419150770847,2.7793481807829123,0.0,5.525966121930996,1.0,2,1
0.0,1,1,1,2.866020329175565,2,0.0,0.7034627103118266,9973.023595397373,3.076028078383267,1.0,1,0
497.362419666387,1,1,1,3.224058563566953,4,3.724571206478618,2.7190513399898664,10831.287498537009,3.980495995954558,1.0,1,0
72.28197902915208,1,1,1,9.108611420723458,0,4.522062985034606,4.202915658794918,9860.828683960057,3.9979545203172253,1.0,1,0
124.1898615389287,1,1,1,6.6152846842509545,2,5.009767780330101,4.182844077576083,34543.86639085664,3.8029964865380617,1.0,1,0
142.98882404212722,1,1,0,11.347571189310665,2,1.2175018168074538,1.474816055206797,19488.54160368596,3.953668990734535,1.0,1,0
1425.5290102128224,1,3,1,6.3012651066446415,3,8.128335972371351,12.115758335994265,11628.951743832433,4.445581985424605,1.0,2,0
125.12939568043096,2,1,1,0.0,4,15.888995679198148,13.689502281806664,0.0,0.0,1.0,1,0
124.41179660456798,1,3,1,4.045418927782846,4,0.8422270418940464,0.8165528231034179,21342.5215606987,4.156518358540918,1.0,1,0
0.0,1,1,1,0.0,2,0.484021570115699,0.5930062768271526,16947.274960696162,3.8605033230777615,1.0,0,0
56.53254775177986,1,1,1,26.59744873851114,5,2.462876504209879,0.0,13557.699620888601,6.603020703853373,2.0,0,1
506.9570521010502,1,1,1,4.909784544815371,4,1.2889011222052225,1.217201659259483,2090.054279578971,3.188435642704949,1.0,1,0
88.65660712078582,3,1,1,27.22816331162375,1,4.304587583183874,1.0842768015427535,11660.608899754281,7.141784543822245,2.0,1,1
127.77597435754168,1,1,1,0.0,0,0.7777406395025797,1.1432468253092194,23070.30761590324,3.684357086453442,1.0,0,0
505.4332838727989,1,2,1,8.45293271556542,5,6.535260835331242,5.456131091966891,22335.45776988145,4.023530741896354,1.0,1,0
65.5687454811643,1,1,1,3.5502425813310214,2,3.0945235846384436,3.572318924180671,9408.230445283454,3.6018096913816433,1.0,1,0
0.0,1,1,1,5.253294510874817,3,0.37895437307679747,0.39170008549970087,40597.06099615989,3.5192411617933654,1.0,0,0
66.31846426872247,1,1,0,4.239891654971823,1,4.764773880277671,3.1333970790492702,9615.712082655273,4.1832273372204805,1.0,1,0
53.46695229261439,1,2,1,4.454624839565064,3,0.9649056457752073,1.2753081915487088,18559.915661671672,3.433275409576473,1.0,0,0
82.42765872320365,1,2,0,8.051841758549077,2,1.6677303416015878,1.2137530026096652,23353.143410959023,0.0,1.0,1,0
55.30537857452239,1,1,1,11.12228939222538,2,0.0,0.7876028852219846,20852.352180413272,3.7634554500549546,1.0,2,0
134.65697623016345,1,1,1,6.882246299161637,8,0.9035107605996555,1.1992425118227412,18950.89929708107,2.9632525196857884,1.0,1,0
130.17076356283093,1,2,1,4.805123713267091,2,11.033154344882659,9.390138688240299,10844.76990548894,4.01648165928988,1.0,1,0
512.6263207911494,1,2,1,9.220086339749813,2,2.003016902735778,2.01520055117214,37074.62332796781,3.5297488784635966,1.0,1,0
518.7127522928602,1,2,1,13.97549460808638,1,0.4952386128177271,0.6207782211635663,16927.6202840022,4.1377204992478696,1.0,1,0
150.57152086740587,1,1,1,5.851178539358228,3,0.0,2.5112287566283897,8548.739226112284,4.365734264911396,1.0,1,0
17.09920125781011,1,1,1,19.23321932027477,5,0.0,0.0,8263.66462320098,5.290127579664252,2.0,1,1
35.14286543959584,1,2,1,0.0,10,4.381905067286768,0.9762497986718668,0.0,5.290069488816972,1.0,2,1
131.1736412088913,1,1,1,6.393108423710965,1,0.11281862778226677,0.1340434908885572,0.0,4.048468638116975,1.0,1,0
1424.2307031705575,2,1,1,7.330545789453646,2,4.125168420041863,0.0,24103.528731484002,4.34265236911423,1.0,1,0
1408.9522432662895,1,1,0,2.151318078180124,4,0.17184783596160025,0.22591548453811483,51003.511028042296,3.8845572542676226,1.0,2,0
1431.9786478073072,3,3,1,15.493285283944195,3,1.52837590143964,1.198683786123388,2893.1829212615053,5.8221934758643705,1.0,2,1
516.1791470243248,1,1,1,3.417680569414349,1,0.7537214236150874,0.8394852112452785,32250.513068625325,3.380105136755065,1.0,2,0
52.751298245138756,1,1,1,7.574464640638701,1,0.21834420226155155,0.27426401095417957,0.0,3.615322713151547,1.0,1,0
510.4613754413632,1,1,1,3.363118940563468,2,1.2673494987804639,1.8885801065593297,21226.737192375265,4.484282397937975,1.0,1,0
56.29861461557353,1,1,1,9.970292126589506,0,43.670630261081904,49.72053289050692,22487.533127025014,3.804681700698407,0.0,1,0
50.480392162068455,1,1,1,0.0,4,0.7702206390313806,0.4576997347991699,12961.58502080367,5.465611756003829,3.0,0,1
114.36397036820979,1,1,1,4.332144523478103,2,1.8997202439831173,0.0,20030.093555489108,4.15043952016557,1.0,2,0
1458.2004906528118,1,2,1,9.28720164689264,7,0.041956607554436504,0.031855558802802886,3781.931075162694,5.800074721452976,2.0,2,1
1465.9615903466934,1,2,1,22.295940554241533,11,0.09812190331098117,0.018539865979708664,14320.903946131542,5.358085733382011,0.0,4,1
1458.7279193171514,1,1,0,40.213034684299814,5,1.626267517724911,0.475944610604534,909.2729334398836,5.72760057157114,1.0,1,1
102.76221227693361,1,1,1,20.09707173401,4,0.0,0.1728145909570351,3452.5850279578262,4.661645903320597,5.0,2,1
123.62457674286793,1,2,1,3.18106893409953,0,0.46154649491985267,0.34979395406506647,12858.834071888903,3.7395219458241256,1.0,1,0
23.077827997884402,1,2,1,0.0,8,0.6065042799600399,0.13052985731436986,11974.25209095217,4.365033338376601,0.0,1,1
93.35560831150386,1,3,1,14.226153704859957,0,0.3123438953938969,0.21372884264224357,2078.703139445649,0.0,5.0,1,1
522.8546143977385,1,1,1,0.0,1,0.8701815282961961,0.8111633701613651,21492.345250132417,3.8992615775318096,1.0,1,0
56.13651367335462,1,1,1,6.874168946381528,3,1.690728207178487,1.9512685976222064,37426.89200888152,3.6328049358313055,1.0,1,0
80.45106520553908,1,3,1,3.0742980340880495,2,0.0,2.0083971071340985,30929.44895041441,3.921913129293115,0.0,1,0
0.0,1,2,1,0.0,0,1.7803583961071985,1.074294021116515,7084.912795813185,5.498240737576516,0.0,0,1
30.408081023329927,2,3,0,16.809380183830843,5,0.4358293677619275,0.0,1344.583434670352,5.576398817153611,0.0,1,1
509.2006456148646,1,1,1,4.463467611793525,1,0.0,0.0,4527.892243661583,3.2962819122143556,1.0,1,0
79.6930344780213,1,2,1,20.57377957135523,3,3.588188041260757,0.8837468259997047,1618.9416651566448,0.0,3.0,1,1
68.94465835898414,1,1,1,5.76153360472615,1,8.157658169782911,6.968425973096835,29115.54867903255,3.8673506517569596,1.0,2,0
112.13857340866763,1,1,1,6.57383843457523,4,1.2610368548464073,1.816770045695042,19867.131006620108,0.0,1.0,1,0
513.3457347625662,1,1,1,3.6957348269216754,1,0.1018436736329493,0.095661378333912,11320.33989742932,3.5900815801215153,1.0,1,0
0.0,1,1,1,0.0,0,5.83047512003074,5.017488124876801,5923.166123455255,4.176062530029213,1.0,1,0
129.05477764079484,1,1,1,4.921004415354908,5,0.4541377553331548,0.3606810475042569,12889.91215917389,3.5353498592295423,1.0,1,0
506.1203648546842,1,1,1,7.9692813051443325,4,0.1519698351057885,0.22306410746969924,7053.5426632683375,3.502642003799562,1.0,1,0
39.62813397858492,1,2,1,21.996783342372787,5,0.0,0.5298024041484319,0.0,4.522875210323733,2.0,1,1
516.5543966388749,1,1,1,7.804232484240089,3,0.5875585036523269,0.7235033718758996,24364.809395748624,3.1185760339175257,1.0,1,0
131.56278356085252,1,1,1,1.398789194859878,3,0.6789539998386654,0.882866794737111,6950.698542959879,0.0,1.0,1,0
1425.1785206564823,1,1,1,7.189763057581892,1,0.19199521107660733,0.0,40317.63322143597,0.0,1.0,1,0
1410.4963435866914,1,2,1,3.83437993043879,2,0.0,0.3892612171646858,23408.417262165454,4.052916437784406,1.0,1,0
0.0,1,1,1,4.261290545210237,1,7.295988408745321,4.432152509619889,20543.581890342768,3.790894046673343,1.0,1,0
131.65180074587713,2,2,1,4.368868609380298,2,6.594758558019139,7.556002791182542,14535.280225001019,4.208118359091247,0.0,1,0
505.37168590989717,1,1,1,5.1536587657707065,4,1.851959983135341,1.707916567311224,31463.337643583192,4.019688978715886,1.0,1,0
72.33998237131308,2,3,1,2.3292938082036985,0,5.5367427900194475,4.561429890236057,13272.702666864492,4.20250887420194,0.0,1,0
753.6270703223747,1,2,1,31.592681838257413,4,0.928280639299774,0.5817523939816424,0.0,4.007763296566542,1.0,1,1
107.45006903317638,1,1,1,33.40648352897054,4,1.1313474055485615,0.12986553691412905,4546.248883060031,4.927873763722779,3.0,2,1
50.617232074585566,1,1,0,20.57385053215843,6,0.0,0.6206359356473438,0.0,5.449957117279783,1.0,1,1
126.3494516743681,1,1,0,4.277373276593552,1,0.0,14.123258922986867,7990.205290232618,4.334839621413811,1.0,0,0
524.7485512155768,1,3,1,8.512848129307905,1,1.5969481936636547,1.3313786448430416,35339.64092571214,3.659440574799385,1.0,1,0
518.5302868123327,1,1,1,6.9406260797329935,1,0.5929620288922598,0.7946723690322561,17618.526776166214,3.768467220270601,1.0,0,0
79.83400115032843,1,2,1,5.5902214320623145,1,0.41453527897400266,0.2593661814093499,21578.138188975925,4.560795972389737,1.0,0,0
65.37565400004034,2,2,1,0.0,3,0.34134085157717575,0.26691824449303203,0.0,4.761696455986643,1.0,1,1
517.0041261724184,1,1,1,12.07581991765006,1,0.5337262034506138,0.366061286882092,16877.326555445765,0.0,1.0,1,0
519.4773074682187,1,1,1,6.278638411489845,5,6.5533409089773915,5.2066641245456005,30490.785668490604,0.0,1.0,1,0
128.55313209443878,1,1,1,3.585479109548859,1,8.846621201245851,7.14602291212593,17611.218809585265,4.212256853777321,1.0,1,0
0.0,1,1,1,3.223391409019515,3,2.8127877526184144,3.6573078043095286,27719.54089281982,0.0,1.0,0,0
54.783767626105494,1,1,1,28.178185490309446,6,3.811413390745204,1.3098158889656826,10922.903236795613,5.824725512824494,2.0,4,1
32.76479592046394,1,3,1,24.86655044384931,3,0.09250501608183397,0.0331056491954702,9571.440161897543,5.539956450081472,3.0,1,1
31.862281424895478,1,1,1,21.985832772820675,4,8.44759949018341,4.9825002138316785,4280.4732446562875,5.7482026513630355,1.0,4,1
123.4459317306591,1,1,1,3.9485519039450794,0,0.0,5.688641036025568,13461.443539291722,4.019301928891414,1.0,2,0
1407.1268792671908,1,1,1,4.266345471122095,3,1.1887554787856163,1.5961701619721538,25079.13476133655,3.762818076559072,0.0,1,0
0.0,1,1,1,1.9327877961204236,1,3.2070736042459043,3.5829589591035456,0.0,3.1018450506538264,1.0,2,0
139.4111560063804,2,1,1,7.181713279775653,1,2.4244049476977385,0.0,5646.173318233703,3.9840977258907895,0.0,1,0
746.81463685143,1,2,1,48.37160100608803,6,0.569379575466242,0.2270012308330608,4877.222079822141,5.9438332588367855,1.0,4,1
0.0,1,3,1,4.582425847475651,2,7.630649401041276,8.966635215124592,13967.716533740246,3.8653882307908796,0.0,1,0
49.53007161314477,1,1,1,2.7332371085511564,2,7.322185135796795,10.213383938155724,23967.871333989155,3.4819370898878694,1.0,1,0
137.72259519976456,1,1,1,0.0,0,5.582797808520812,6.89158717049404,17972.847309658096,0.0,1.0,1,0
530.8727729287881,1,1,0,1.8508229788480173,4,0.7033424825237912,1.0392221377562492,25876.967954347794,3.64613440968994,1.0,1,0
746.957574719536,2,1,1,34.323753649640885,7,2.401690277996453,0.38773787963990364,0.0,4.666684229372269,1.0,2,1
115.95765263305795,1,1,0,7.87393629707186,0,0.0,2.7012256851800105,3838.4334157547337,4.533982840159872,1.0,1,0
126.54860251516963,1,1,1,7.721163974003222,1,1.5038300905303945,1.5694681784355546,7117.7059733075275,3.7832533820515986,1.0,2,0
0.0,1,3,1,4.26092002427202,3,2.7017325059565915,1.9506897515431878,19677.667828641566,3.9832231568818637,1.0,1,0
62.2801056828014,1,1,1,3.6380068740495854,2,1.4174628043274107,1.9866255320836128,43111.2252608743,4.22481501013397,1.0,1,0
122.50376791568469,1,1,1,7.478640525418592,1,5.385312802314884,6.234812255111703,16684.99315249553,3.956482350047408,1.0,1,0
0.0,2,2,1,19.623454967024692,2,1.2485624365711183,0.7394883300538255,2252.5681757789907,5.539333503341587,3.0,8,1
52.83091952974375,1,1,1,0.0,3,1.4537931043441163,1.7837716733874143,16625.38859611221,3.676284878319626,1.0,1,0
1416.4912836545745,1,1,1,5.151556647913456,1,0.4183501421617374,0.6017180904951386,0.0,0.0,1.0,1,0
63.73360673897062,2,2,1,16.330810213906727,11,2.1578795249905056,0.6271466090076129,6211.919705122502,3.807177696052193,1.0,2,1
67.8060890621747,1,2,0,4.557998412210452,3,15.958969398238606,0.0,7520.384099743157,3.548642782700478,1.0,1,0
83.62050679128672,1,1,1,0.0,0,4.617514309688499,3.262590791410564,8851.614857318937,4.55681975722732,1.0,1,0
533.3673739707951,1,1,1,8.216507063603277,3,0.0,6.521784990548007,0.0,3.9204353141886816,1.0,1,0
1473.6283382387282,1,3,1,25.98545002804308,9,1.1880311189390642,0.17882740359289984,21516.839558969816,5.46524764192414,1.0,1,1
513.7210990312057,1,2,1,5.7026531905847,1,0.3767847794669844,0.23859197956759165,25708.49981178974,4.140272723188958,1.0,1,0
522.2002785134856,1,1,1,4.639987379331901,7,4.495735558483196,2.803848716807217,2758.3693854847024,3.4956317982080924,1.0,1,0
1420.1738294580728,1,1,1,0.0,2,2.511412597745262,2.3248379381672826,0.0,4.243202036463001,1.0,1,0
65.59323545679938,1,2,0,0.0,2,0.7285384273943071,0.9419173945542569,7958.974664560356,3.8689516814613256,1.0,1,0
63.37292725791427,1,1,1,5.558218001883758,2,7.299898600477995,6.710786410169345,22178.58226743144,3.4253859224631413,1.0,1,0
89.64437946863696,2,2,1,20.00916482076184,4,1.0634981548348483,0.2891837430324193,2362.923568807402,5.0583997593335726,1.0,0,1
736.6971004860827,1,2,1,22.801777923252033,11,0.0,1.1799861180554716,888.4301808161207,6.841333480339493,1.0,0,1
75.22832626974645,2,1,1,9.091135380930487,3,0.9022222109010661,1.088339213363806,32169.68732357009,0.0,1.0,1,0
67.67517663288385,1,2,1,41.16814798840538,5,4.359448439524879,2.9937632723049696,9105.355894745378,4.760896863869089,3.0,1,1
45.49288096060346,1,1,1,21.276923446691928,4,0.7262909462718059,0.2010170069703308,12069.702409226049,6.244831330745733,1.0,2,1
1420.920782960985,1,3,1,2.787915907272372,2,8.309358816716456,5.542451103608323,37730.10742486125,0.0,1.0,1,0
0.0,1,1,1,5.493079187929094,3,0.0,0.5695384113644004,19709.655794345494,3.6507257812519986,1.0,1,0
55.47885536151205,2,1,1,26.175174721201607,5,0.24928068725788233,0.04045276742914282,9153.964955929961,5.818838102557986,2.0,2,1
517.7123702007073,2,1,1,9.572898256430346,1,19.63575852175644,26.95829952097839,25377.163188017243,3.553241348307877,1.0,1,0
125.9302759330095,1,1,1,2.5302169579293254,2,4.581226830606639,6.293154261360449,14001.68167962511,4.033236237079489,1.0,1,0
48.95095658215691,2,1,1,9.21158982629724,5,0.0,14.571191576341686,2543.277624763424,4.295097681431539,1.0,1,0
40.852225932497255,2,3,1,36.68464166557748,7,0.18348985840794121,0.11776581594139457,2949.4737582722823,4.510791422032166,1.0,2,1
501.39166495660754,1,1,1,11.066006372024546,1,0.16606566216619728,0.145669905051645,3142.147032930329,0.0,1.0,1,0
63.80930661101034,1,1,1,11.993704820204437,1,6.998051776799204,8.606829745102793,49080.40272485373,3.360177401216559,1.0,2,0
755.442107885675,1,1,1,23.113835039557188,7,3.4469848996591845,1.9053822176210897,5085.327489123783,0.0,5.0,4,1
50.00683604443746,2,1,0,39.75532614337015,7,0.7886272844549799,0.0,3295.6388649429223,6.325592985316565,1.0,8,1
58.98294826563773,2,2,1,0.0,7,5.546991630983008,1.852390034089449,6821.938216427081,4.061628826221858,1.0,2,1
512.4094574587158,2,2,1,9.728163679455289,2,1.4010129315667788,1.9912055993323572,20336.005352527613,4.291279850823045,1.0,1,0
124.75051735716329,1,3,1,8.357687190842414,1,14.364883103568115,9.17495009112735,6350.595265842116,3.926034702054362,1.0,1,0
515.7947074590828,1,1,0,6.438235730563754,0,12.501976841878113,9.260164385289174,9033.77711259026,3.842011032729439,1.0,2,0
0.0,1,1,1,5.4702594999422836,2,4.345706947154282,3.770640994635878,14235.939936237119,0.0,1.0,1,0
76.06974657094503,2,1,1,42.268348611903434,0,0.7251948031644071,0.5643183575986828,3876.164596544359,5.04237274834669,2.0,4,1
65.92125095142121,1,1,1,7.868086681022756,3,5.016912048842181,3.6141878481573073,27404.01148020941,3.585886399606627,1.0,1,0
1453.1443347187515,1,2,0,31.585603915797652,5,1.3219577681885708,0.5846106681885379,10223.99907068375,5.37610503941905,1.0,0,1
500.1141873384477,1,1,1,4.412586527898391,1,2.197556981707764,2.6883477430109415,0.0,3.5527749861621585,1.0,1,0
43.339655911333594,1,1,1,26.093648306690536,4,2.2977215641514084,0.31094695262809646,5822.815779130911,4.809809634012729,2.0,1,1
128.20879444968585,2,1,1,9.531573687702478,1,0.0,0.8431199846493885,16060.720721622061,4.223605854257309,1.0,1,0
0.0,1,1,1,10.49116277040156,1,1.3383384894288617,1.6889094733794725,21624.21060782284,4.093711404626722,1.0,1,0
150.9992881181153,2,2,1,5.441940201354746,2,2.222560157692278,1.4361312750981408,8339.299638178407,3.4931271103059767,1.0,1,0
56.65733754218936,2,1,1,8.70517057277739,6,3.1097368159746095,2.4514606456526526,9440.964830634168,5.296420061539463,1.0,0,1
1412.5339913633584,1,1,1,5.885301385766236,3,2.9825190063555818,2.060585451406173,3360.686242283738,3.1135323408697473,1.0,0,0
33.40179031032973,1,1,0,24.601849368904183,9,0.969980244863383,0.7246969146903044,4177.451695410082,5.051972546968719,2.0,4,1
0.0,1,1,1,7.334353249548886,4,1.548903306132652,0.0,34496.867940495555,3.853133111793259,1.0,1,0
0.0,1,1,1,7.697933985029722,4,4.7944064308860845,6.168487426098875,11236.126565352653,3.7023528583285388,1.0,1,0
0.0,1,1,0,3.121887015149363,4,0.2963596909561533,0.3573740025042835,37208.612032227,3.951860626974739,1.0,1,0
63.82084141895174,1,1,1,4.620973296695481,3,1.027761099777051,0.8755883587455945,40695.284854963356,3.491896358102959,1.0,0,0
87.44857643124413,2,1,1,32.03366711554571,2,0.0,0.37075169984062417,5560.172747037603,4.800960315908716,1.0,1,1
71.73321622558453,1,3,1,19.187402049880404,3,3.080947757672364,0.8432548553646821,3842.841267223234,0.0,5.0,8,1
72.27351225365081,1,1,1,0.0,5,0.9338674709780483,0.5589713476283923,0.0,7.5,0.0,2,1
62.601654045579906,1,2,1,5.325407366928674,0,0.39912501161224645,0.5808582670622803,6366.813639326616,3.6905721284683075,1.0,1,0
78.13515559979032,1,3,0,3.85581357109309,4,0.0,1.4184892470392159,10064.214909742966,3.8017737916926766,1.0,1,0
69.13305261592781,1,2,1,9.26711584900995,1,9.836696870804515,13.483981397175366,0.0,3.760475660370026,1.0,1,0
1421.3103913788116,1,1,1,4.731075850283712,3,7.001662971035101,6.650892671900577,26093.71717769648,3.8818207917496474,1.0,2,0
77.54298938728812,2,2,1,0.0,1,3.7467145266466804,3.691622736397266,19667.075067642167,3.5887804377755006,1.0,1,0
73.70135040249117,1,1,1,13.957828782233388,0,1.5814628200519447,1.7482853105784892,0.0,3.2166926798784106,1.0,1,0
63.38739297308516,2,1,1,3.1231741775455197,0,6.8062217083459,9.50190635962706,13729.27027846741,4.140993853416825,1.0,1,0
138.55348638341277,2,1,1,1.8053383256137865,1,11.356014781462964,0.0,29079.71800902958,3.6575606651508634,1.0,1,0
1430.8373656276,2,1,1,1.604230075352211,3,0.6081722374513282,0.6631009652014158,11559.919834620372,4.453424529427275,1.0,0,0
75.9175350266367,1,1,1,50.622314907196824,5,1.0066575718039033,0.45132346786222655,3127.530820963817,6.4343966848146215,5.0,8,1
75.45349716783855,2,2,1,27.96389792844851,8,0.8503537932995129,0.5529528919219906,3891.1352609767623,5.465808614762706,2.0,0,1
129.1723276837767,1,1,1,10.104627678907303,1,0.0,8.370897338024562,13737.076219458879,4.179847741552459,1.0,1,0
1497.9366178232517,2,3,1,14.051078790804945,2,2.2083027315908255,1.5728514649832632,6872.623359905285,0.0,1.0,4,1
0.0,1,1,1,5.0363599876125695,2,1.4323079108045094,1.6807268894596348,2752.7421528639375,3.999190540315044,1.0,0,0
136.57962741688982,1,1,0,4.286590922310728,0,16.149899722428117,9.816085191373551,18214.64177851647,2.976381430934336,0.0,0,0
135.69297004985486,1,1,1,4.914102765151904,4,5.440746652131248,3.398126294959065,6404.437091034197,4.159360668468064,1.0,0,0
129.2626287163121,1,3,1,9.381515000331628,0,2.7644689779577947,3.1580916729049915,41271.709974736965,4.1720080980057075,1.0,1,0
63.87491289152775,1,1,1,4.436511158052291,1,8.78982164442269,0.0,19591.17136802022,3.5088741604174327,1.0,1,0
749.3279215032675,1,2,1,30.943282925471284,4,0.5615385546670634,0.4062198590897639,7010.1005322066685,5.243881896760055,1.0,1,1
138.4314770968388,1,1,1,5.658240219932927,1,0.0,16.302917860647447,10579.657048474111,3.0711319031319992,1.0,1,0
133.95307455471507,2,1,1,8.097802423745023,1,6.176152649893914,7.46783173176226,9215.908690798584,4.035693464700369,1.0,2,0
135.69911891430473,1,3,1,2.6732672709252476,0,0.8467377352186017,0.8328712287228955,21684.066909788686,3.460291617321955,1.0,1,0
1427.7598438188138,1,1,1,10.245793813274565,1,0.564404009350033,0.0,24256.032591844098,3.78470082512996,1.0,1,0
79.80414971485969,1,3,1,26.60501313941512,4,2.2735539693697246,0.911492082697803,11086.933197112425,5.531106566786171,0.0,1,1
68.72178986130258,1,3,0,3.6893537705524557,3,3.0142352456635275,2.3906067692003887,9423.961376176205,0.0,1.0,1,0
43.303976336489725,1,1,1,22.17003971555654,6,0.07137121408088179,0.023660392770766984,5299.5414628509925,0.0,1.0,2,1
0.0,1,1,1,3.092517466429565,3,0.30170821537180736,0.22932910622537167,13460.774420080526,3.7311825757171366,1.0,1,0
140.36083081959669,1,1,1,6.086210791478249,3,11.940640430203775,7.434789972944398,17846.44887334783,4.4277213410634975,1.0,1,0
534.2153836878957,1,1,0,2.934591620191547,1,29.66965198638852,0.0,15250.40117817711,4.1380990444804855,1.0,2,0
108.1269705122244,1,1,1,22.419400995757183,2,0.0,0.36795289531235037,8191.512462842441,5.175431606926773,2.0,4,1
1415.876188663426,2,2,1,1.7733058238804271,7,0.5638011380151796,0.8091927602537796,11570.999706656805,3.8691783229976355,1.0,2,0
63.345395219360796,1,1,1,0.0,0,8.352796976263518,8.994455218232392,0.0,3.544363992805927,1.0,2,0
52.611640014934515,1,1,0,20.620195495074476,3,2.579583468418041,1.3800758174454777,5175.003176972569,4.4020106364285425,1.0,2,1
1434.6838640879992,2,1,0,22.622461563701275,6,1.0510058725384577,0.6262858110005413,2977.434608268688,5.183431123266628,1.0,1,1
1419.3607610283768,1,1,1,6.6532196053039865,1,3.3558216306401905,2.707485008446615,16585.21207762833,3.883467622649648,1.0,1,0
1412.7943205808535,1,1,1,3.7240016806998977,0,5.895626826399813,7.736001706749425,9329.952838049867,3.8872003666658914,1.0,1,0
0.0,1,1,1,3.5146199270659397,0,4.370080142994484,4.529188511787801,22994.667606342467,3.62298922436789,0.0,1,0
64.04700797546505,1,3,1,4.609359847976471,4,12.174112778118767,10.18016234133036,19278.058037055736,3.6563676023214957,1.0,1,0
142.57114456453263,1,1,0,8.202333571255627,7,0.0,3.9568821923762254,7747.254992809616,3.808760983781061,1.0,1,0
38.08484087293395,3,3,1,0.0,7,0.53850645336196,0.12899607119025833,0.0,6.471423648036373,1.0,4,1
130.6683114477677,2,1,0,7.083701415629627,1,1.7560248483103642,2.2183030982965173,24824.42436872335,3.5773251778443442,0.0,1,0
57.46349124966228,1,1,1,16.05228507232738,5,2.9304471406788646,2.2480757673523133,17668.070624502663,3.9447448715411007,3.0,2,1
73.99729076912325,1,2,1,2.024931778281927,4,14.029618081249009,11.033079168092696,0.0,3.5130844044506975,1.0,1,0
0.0,1,2,1,26.57164745216818,7,0.0,0.0,0.0,0.0,2.0,8,1
1444.078435448101,1,1,1,22.923646516704874,5,1.388641778919214,0.970272992983872,1550.401493787349,5.725199374471339,3.0,2,1
505.13200453798106,1,1,1,6.742091001740101,1,3.6366525730027117,2.803761947051322,11144.90283707122,3.5357285654195283,1.0,1,0
65.95448355549877,1,1,0,19.701469771858545,6,0.0,0.6419488953716536,0.0,6.789032551448506,3.0,8,1
66.04396366632805,1,1,1,2.80318107256313,2,2.047723427838892,1.3247567347153615,0.0,4.024443568432512,1.0,0,0
1431.304438029322,2,2,1,0.0,1,21.384759625313777,13.743989132166519,0.0,3.798670699183786,1.0,1,0
51.9763422638723,2,3,1,3.3123183803912637,0,0.2726070719884387,0.30281003110234167,15898.323212563828,4.417679747589638,1.0,1,0
66.71715900309387,1,1,1,3.8304849200107642,0,5.0814063426697675,4.940467237686919,0.0,4.103369804676065,1.0,1,0
0.0,3,2,1,24.649676810805033,5,2.87138053274755,1.9720454551373774,13851.159398973308,5.494123284516063,5.0,1,1
1474.1571454195541,1,3,1,0.0,5,2.6591480554820146,1.6556958158198494,14004.180203101132,4.951801020282985,2.0,1,1
105.45212801362194,2,1,1,5.24196162291511,1,11.644603874545206,11.912293949973353,35479.39811899049,3.9424561301683143,1.0,1,0
70.72390356798563,1,1,1,9.685177980695228,2,3.2968871039249295,4.081084215589693,0.0,3.1823976031740284,1.0,1,0
115.63621920592345,1,2,1,11.047482881283292,1,2.385798997308548,2.0591882466242457,23425.1284748949,3.8273415213037967,1.0,1,0
60.84961383064957,1,1,1,2.127157552489214,1,0.25429313253842645,0.1599798192480039,32354.24117968238,3.3184606744259564,1.0,1,0
137.20055542318855,1,1,1,4.0876126459035085,4,2.4514877834777042,1.6108240427639025,29832.426343850715,2.767304278831855,1.0,1,0
59.0640061649957,1,3,1,24.635217336480533,1,0.033078337439976714,0.025401986189016814,14348.34332113887,0.0,0.0,4,1
53.37183575551052,1,1,0,4.240689548514073,3,4.225665083831499,4.338059722588775,30155.596535430224,3.1538026366941048,1.0,1,0
0.0,1,2,0,0.0,6,0.0,0.07182471316844367,10495.994708076489,3.9620303143131004,2.0,4,1
56.107910884286156,1,1,1,6.402030542531849,1,31.126406516080536,39.90779834412582,12497.281898272762,4.055940673636364,1.0,1,0
123.20357706448114,1,1,0,0.0,1,0.20966203539108125,0.2530841942417048,12831.548078662126,4.346869004244454,1.0,1,0
39.94208871468859,2,1,1,14.375142271652932,8,0.0,0.4481146818600674,15214.915517548441,5.319725167545081,0.0,2,1
1425.6361724618587,1,2,1,2.222237086269332,3,2.814044105144426,1.9294418533866953,12476.391953449325,3.2099086518896436,1.0,1,0
127.81305428685376,1,1,1,9.730442489955955,1,16.00592603629264,16.682919103606743,2939.187829723887,3.787797905465127,1.0,1,0
54.138675479508635,1,1,1,3.7418681314410778,1,0.0,0.9661079357046558,23455.883905253424,3.8592918709368393,1.0,1,0
1409.7581776228783,1,1,1,1.9452203454289636,1,2.0225227418525207,1.4462635036584812,39117.1150506193,3.134614947920335,1.0,1,0
0.0,1,3,1,21.263317484572397,6,0.272357126208683,0.05650752864891588,15499.627527984878,4.2421140347126185,1.0,1,1
123.35874566638292,1,1,1,3.0410476919440255,2,1.74100060985608,1.0638374165495592,12878.937412609617,3.6241326409731136,1.0,1,0
117.13605747357454,1,2,1,9.952382938474074,2,2.83799826059238,2.0767220188979736,20812.76729632076,4.700440382967592,1.0,1,0
140.32672114364468,1,2,1,2.5317615058876033,1,1.880757573904349,2.1793009993890715,20751.274078778948,0.0,1.0,1,0
0.0,1,1,1,8.07036028673038,2,0.32500015874958876,0.2715246448502338,7980.552161541987,4.123202531457943,1.0,1,0
0.0,1,2,0,4.9635266015062545,1,2.3983652778732076,2.354869323304795,11723.017369355852,3.358087098354848,1.0,1,0
122.24292957137872,1,2,1,5.501477254416843,3,4.507003083478683,0.0,15257.54233789509,0.0,1.0,1,0
763.8375079047147,1,1,1,17.720814690865314,5,0.19084260642170037,0.061057652024053,5396.228474170983,5.1339480276661,5.0,2,1
1473.4827241936246,1,2,0,16.476882735831495,0,0.2868004482567726,0.0,6138.090013480164,6.052009022626131,1.0,1,1
1427.1128597275645,1,2,1,10.475988507511342,2,16.90664882457623,13.279682912312222,19478.093321093453,4.080860481766518,1.0,1,0
147.52849001783468,1,1,1,10.092015676484904,1,4.444509787795775,6.116028299751422,7728.618330814941,3.7410728250965564,1.0,1,0
47.101456399621455,2,1,1,5.662413789798132,1,1.070036309452889,1.5338029328788403,4188.50985865327,3.8095309256396845,1.0,1,0
75.12971083659424,2,1,1,28.053472242394854,6,2.7455673924261106,2.1620353630331968,7144.937683419454,4.754438165358252,2.0,8,1
60.08318141788526,2,1,0,20.986022496618524,2,0.8136153234979673,0.08699287460856361,5399.986028650824,6.37647829967896,5.0,4,1
61.40293045061189,1,2,0,17.572537003721585,11,1.9233144567273655,0.778205305404211,2885.649399351939,4.700395577659419,1.0,4,1
508.8709498493601,1,1,1,2.9496811233602136,1,3.7050966430557364,3.7094269464908987,23254.277120043433,3.737669719067903,1.0,1,0
65.45268018129678,1,3,1,9.048808383950764,1,1.0465825265525508,0.9736378580499655,9615.049792357624,3.2922966424242115,1.0,1,0
0.0,1,2,1,9.348057481393585,2,0.0,3.5675468692489454,23302.300975279766,3.786618215993658,1.0,1,0
507.042577599098,1,1,1,4.4533323916251515,2,2.2714019783615096,2.456948151352282,6221.841119049326,4.210653141113777,1.0,1,0
135.63121616319555,1,2,1,1.9582862467691817,4,10.271939616670013,9.697663734743866,16859.295979047325,3.9669463463146935,1.0,0,0
81.10750638195076,1,2,1,14.22271398200981,7,3.2892254069673905,0.884397299848559,343.5065395224295,6.220781807510692,1.0,4,1
80.52766512760627,1,3,1,5.656124404035007,3,10.695541630469389,15.335735314655013,20055.48390057264,3.959839679457084,1.0,0,0
32.34825197035525,1,3,1,16.34092532796801,3,4.218334772334957,2.220182468503234,2539.7435517005115,0.0,0.0,4,1
120.5317881284795,1,1,1,6.3812408154346665,4,2.8729797299272937,4.134848122165253,17624.610122248163,3.691407790028723,1.0,2,0
140.25515151917608,2,2,1,3.322435670482773,5,6.096153435621228,4.020226339918512,3624.4870457022475,3.8825565306546967,1.0,1,0
89.9713507715444,1,1,1,18.113263346808324,4,0.2635987243066628,0.08267241267876128,12398.366199469669,5.7811798034172694,3.0,0,1
493.01137819961923,1,3,1,15.21866337562131,2,4.137532403024204,2.790260159049923,13480.750187913642,3.3883035326210154,0.0,1,0
516.1038181340372,1,2,1,3.4303270646793447,4,0.0,0.0,27539.18671808371,3.598551797339744,1.0,1,0
1413.4738703223177,2,1,1,6.1497920301452655,5,3.1695485225754667,3.630173429593191,15299.04873041203,3.8241618908420305,1.0,1,0
83.02894966314473,2,1,0,40.80060966622684,9,1.6494785142216515,0.9601574837712015,15662.541765361373,5.225794319650164,0.0,1,1
506.0455997914255,1,1,1,0.0,2,0.9784993810004061,0.0,4752.296709255303,4.12887198187466,1.0,1,0
66.74485166305332,3,2,0,30.535966285098368,4,0.08799748147975472,0.0277203297914385,10949.06427047891,5.574630590550134,3.0,2,1
65.55862929209788,1,2,1,5.078038170546962,1,4.6723140413879545,4.410605914311656,40451.839888798895,4.032536827359413,1.0,1,0
66.39964119240393,1,1,1,0.0,4,2.4050391011018255,2.5353192009035657,19489.764909004072,4.1682527051410645,0.0,1,0
1434.9800982660768,1,1,1,6.7715457552060005,2,0.0,1.5469543192919382,9671.910511722253,3.7760109806664683,1.0,1,0
61.9396221612115,1,1,1,1.8381926187228503,1,6.564887727152694,8.725541098528614,0.0,4.131951880339302,1.0,1,0
62.672115614165314,2,1,1,8.933013317026337,1,0.2954424700329864,0.2084462346421025,22594.220161995745,3.8442888440878358,1.0,1,0
523.2087904671752,1,1,1,3.1469774228297087,1,3.417448334810492,3.884081989727597,12415.985950525299,3.9670007155859497,1.0,1,0
0.0,1,3,1,5.197013423432183,1,1.1568154113619291,0.0,14183.743786067173,4.319389165302586,1.0,1,0
68.99657702534886,1,3,1,12.093431745752873,8,0.25126400060543674,0.15838243100051472,9753.460750738675,5.284776147311686,1.0,2,1
760.5604714211462,1,2,1,17.62133899275849,6,2.6616266257584176,0.6080126418931422,12708.985990980882,0.0,1.0,2,1
1427.3801270697072,1,1,1,6.9247095293431835,1,1.2577114795936029,0.0,10534.57338427358,3.75846796563589,1.0,1,0
64.7643702095286,1,1,1,9.222557702088103,1,4.082788234580549,4.7980316496693485,16121.129944118798,3.475533551823791,1.0,1,0
101.74059521556163,1,2,0,21.180682087620674,4,3.438981640277003,0.8498104520459012,0.0,5.935176682952714,3.0,1,1
114.94136622087476,1,1,1,8.26807582909441,1,15.894115058243365,23.508741407291257,9838.12150600607,4.210101764981158,0.0,1,0
1430.0356308657808,1,1,1,3.7723663430917376,1,0.12944150069622368,0.13931588406966153,10919.763375343535,3.3384769138154966,1.0,2,0
125.85269277597504,2,3,1,5.441968101748181,1,2.0901209725494447,2.8690610760996083,17729.498924095045,3.1515742117378807,1.0,2,0
1414.7529013369208,1,2,0,4.31840120386161,1,0.0,7.375925858399694,18175.87324855043,4.074594921262163,1.0,1,0
1426.9912522455202,1,1,1,0.0,2,3.151039749942643,0.0,9144.028832223672,4.18048748167244,1.0,1,0
739.8730690325667,1,3,1,36.64535883222657,4,0.4832519512339874,0.3157764744009509,3373.4176732784913,5.708631644037038,1.0,1,1
52.80057982359108,1,1,1,2.962528020954523,1,5.209962878088482,5.959094937472822,1773.7712295764106,3.687053650074706,1.0,1,0
55.04511095110339,1,3,1,23.00140849091787,5,0.0,0.07231220154249517,12251.744996762707,7.151030521028868,3.0,4,1
0.0,1,1,1,8.82997593610077,2,5.377035551249767,7.214635965480406,29690.911962971255,3.956908020624965,1.0,1,0
126.31467979598904,1,2,1,6.986241314786912,2,7.829802605445951,9.245849965456653,28110.427039850343,4.125474038077158,1.0,1,0
71.309270718819,1,2,0,32.5652428442542,8,0.4415178642923187,0.06896338158898829,5008.6009698495,5.8704997260396565,1.0,1,1
1423.1321116476809,1,2,0,8.873093710186575,1,19.736504592908954,26.503355270094193,16775.484252914084,3.6912855121197605,1.0,1,0
56.48651182737953,1,1,1,4.959983355600611,3,1.228451799656191,0.8541633005295186,0.0,3.8084738185347873,1.0,1,0
516.4643389571901,2,1,1,1.4846732644808762,1,6.602479776441849,4.435036264180294,19488.728772532322,5.0,1.0,1,0
41.47051030120399,1,2,1,16.29262962588995,6,0.04125361021899101,0.02028996812955372,0.0,5.502228007727767,2.0,1,1
67.07300655796817,1,2,1,1.099393391123496,5,0.0,1.3553537032568792,15196.749365399153,3.467759147261317,1.0,1,0
72.24317316071176,1,2,1,27.81462710191485,2,0.21381516120533767,0.051803456497018445,6634.275735704684,0.0,1.0,0,1
57.71670558148014,1,3,1,4.065683161582412,1,0.31151256943664124,0.4658310881655062,23657.128518617657,4.295976752389002,0.0,2,0
1455.6920458721838,1,2,1,28.40501254946208,7,4.449854143009201,1.04556829009008,2253.7598922391467,6.537935646566501,3.0,0,1
0.0,1,1,1,2.7506518415797094,3,2.4957404885360437,3.6604180031339815,20892.99829245949,3.8683872137162014,1.0,1,0
507.79043790661456,2,1,1,7.552451083214099,1,3.231224934769268,4.304947715592149,9123.572504292424,4.145070659054706,1.0,1,0
127.91167513214576,1,1,1,3.733867195030467,2,1.2537864483003072,1.8095110707080369,0.0,4.088695420700944,0.0,1,0
510.9404675432151,1,1,1,2.3972528072376758,4,0.3528995984457928,0.28231855100434117,23951.37120390296,3.9657218522116904,1.0,2,0
9.972404122546983,2,1,1,37.71991604900553,0,2.3971788213818517,1.8614392198080196,2097.796088784471,5.889666588450239,1.0,2,1
83.11202489998509,3,2,1,0.0,5,3.488230856279535,0.9495358555969824,2904.6064698957257,5.0187775389262725,3.0,4,1
69.2980396366149,1,3,1,26.13101089379134,5,0.4854731612597102,0.185562352439283,1385.6787126439397,5.176381979048676,1.0,8,1
123.58122977343963,1,1,1,3.487560548075202,1,1.501909727787909,1.143608037816318,37873.09067114806,3.213736750806173,1.0,1,0
125.63548996884057,1,2,1,1.8990365286788558,2,0.8200411920757161,0.0,5660.247989324638,3.673871280885046,1.0,1,0
1413.286559911265,1,2,0,5.511320758403485,1,0.0,5.340022363986604,14612.686619088192,0.0,1.0,1,0
1414.590866304412,1,1,1,3.289309370494453,0,2.3516601559021786,1.8747539461979061,38835.04880920601,0.0,1.0,2,0
495.57903349961623,1,1,1,3.5766998142476645,2,2.8308336376804895,3.488411246244772,29661.887730679784,4.192910564416124,1.0,0,0
62.42195318280834,1,2,1,3.9773890157134826,1,2.892677175836632,2.173354624610183,22879.591070447048,4.090056251979172,1.0,1,0
28.674006932969153,1,3,0,14.157114682255507,0,2.0802057056749534,0.5330642940051733,11641.355393554923,5.814854336118731,2.0,2,1
46.51654638843292,1,2,1,4.598675634658269,4,2.637285147031236,3.4765731796235877,10098.843758890906,3.377802302095693,1.0,1,0
131.41888150918678,1,1,1,0.0,1,0.4409033942631734,0.5349290677117112,8265.634354936035,3.6249670252746133,1.0,2,0
80.88600913613116,2,1,1,6.248812645469971,0,2.772494946663109,3.0769029442440616,29977.982863447956,3.700339615387252,1.0,2,0
1413.7916056161866,1,2,0,6.942069619997454,1,5.367763736282039,5.91315608021945,15732.286657334595,3.6246463878997703,0.0,1,0
0.0,2,1,1,4.3995732207605975,1,7.638693592473112,4.705951308037718,13911.511170389493,3.6889354057252395,1.0,1,0
41.8085538142108,1,1,1,6.143330849553594,3,5.546323398113923,3.7501701851811338,24974.505744239625,0.0,1.0,1,0
91.18779351837978,1,1,0,9.294372000886161,2,0.0,7.933228433596973,34798.75858236014,3.4497627882500392,1.0,1,0
69.80006073987443,1,1,1,0.0,2,3.476152650624706,3.8474056081339234,28930.966183869332,3.2216299107412962,1.0,1,0
525.7374047183589,1,1,0,4.163883661099787,3,10.242657460843038,12.33654031518609,9552.053656193366,4.510073310040434,1.0,1,0
1438.2195194805245,1,2,0,16.66742585014545,7,2.7207695099187648,1.4082808863080418,5381.643082992779,4.814348219447668,2.0,1,1
47.401482627556625,1,1,1,25.235224192448097,4,2.7556503643249233,2.008955103812969,13706.085596880679,6.1642693344417765,1.0,1,1
1418.4098621983187,1,1,1,7.262019185700388,2,12.336128786742849,8.513404330749538,17000.098913519934,3.2834517003542976,0.0,0,0
119.01893686737749,1,1,1,10.504652888054,5,5.293831793443087,0.0,16125.83428895203,4.462963488873537,1.0,1,0
109.60649628309928,1,1,1,0.0,2,1.7136121471649415,1.4254706783991447,16072.08148804339,3.7104139305303083,1.0,1,0
93.23213116797635,1,2,1,28.365972352691784,2,0.32493289281910015,0.06382057550392685,2609.1622251390695,0.0,2.0,4,1
0.0,1,1,1,4.413996229748664,0,3.7626483145837204,2.8527969878110686,24846.81661699817,3.512978351341214,1.0,1,0
48.24704584665746,1,2,1,44.08035370109996,4,3.400791297595116,0.5891024788698586,8481.002141104378,5.420188411104845,1.0,1,1
135.06233603968533,2,3,1,2.8729650819615964,3,1.9010833531518512,2.687722216509978,16571.315650379143,0.0,1.0,1,0
142.68624265397156,1,1,1,7.891563740450599,2,9.69541732652122,12.14613236398071,25452.22934515312,4.252572327052385,1.0,1,0
50.03066767450337,2,1,0,21.848577474959885,4,2.2028024517940676,1.023816050627634,16867.580757644635,4.976971942308579,1.0,2,1
112.63339604147612,1,1,1,0.0,2,6.446351185074976,8.587524255584535,12369.074325369713,0.0,1.0,1,0
76.9407489196322,1,1,1,4.385603111903874,2,17.319448552774855,0.0,13920.687630792929,3.9479389612536995,1.0,1,0
0.0,1,3,0,0.0,3,3.091048066973692,3.8041489998181275,13869.699462923132,3.7410928220300828,1.0,1,0
54.2987517883587,2,1,1,31.33216730190475,2,1.7925174271177073,0.7289166649686398,12923.732184621571,6.4127183826885155,2.0,8,1
58.92229473641062,1,1,1,4.997435845594186,4,1.5647095023292137,2.151216239866384,7851.985868243749,3.3862925863707396,0.0,0,0
755.8244055204274,1,1,1,22.36848495966473,5,0.5634544745296486,0.22819992896404176,7232.808328254514,5.5510140810563255,2.0,2,1
81.70486733480692,1,1,0,16.865708206481393,5,0.6669412371013267,0.0,12596.371189378133,7.5,2.0,8,1
526.2764553337389,1,2,1,4.5489863227609435,1,15.547544186887833,20.077794504270905,10824.758351235112,4.036440750488992,1.0,1,0
1436.9661418933997,1,1,1,5.741154502864953,3,14.559105936979849,18.274658884336386,6089.481409459083,3.544433077484565,1.0,1,0
1416.9425004965783,2,1,1,3.965810841421484,3,2.993660722426501,3.47756695387833,12213.954250364064,4.0441911294436395,1.0,0,0
62.83476297104305,1,1,0,13.29658481707032,7,5.671556054341199,7.962694242265209,7563.194988196016,4.192612839296857,1.0,1,0
145.5317289995044,1,1,1,5.300596423786224,1,1.0219529153751818,0.8685733548316433,15485.651128240164,4.070259274140919,0.0,1,0
1462.0282916166407,1,3,1,24.820218959961647,8,0.31418995297108543,0.21570437386957367,16147.493549187853,5.502810419735654,5.0,8,1
128.61677611742482,1,2,1,1.490286588316918,1,9.436304447813798,9.910673924172281,2819.7766619279405,3.6774673094694537,1.0,1,0
0.0,1,1,1,0.0,2,2.262047145427588,2.1115379795405627,4452.136774298282,3.523873897145971,1.0,1,0
47.31205187476075,1,1,1,27.840509732896173,5,1.0233293548653848,0.5754929099969477,14946.49957747994,4.762345984870094,2.0,1,1
1416.3772810805444,1,1,1,8.05188160226043,1,1.6079329183925481,1.3218797885433125,26872.18139036507,3.218083812460179,1.0,1,0
499.21007611699594,1,1,0,9.421227951520022,2,8.808309143557816,5.893981826155184,27050.285123049398,3.6650106767841493,1.0,1,0
152.73058893351117,1,2,1,5.700515318384687,3,7.981121988376738,6.808834298757283,9817.851466768483,3.516963239111031,1.0,1,0
1457.9617248689794,1,1,0,23.77282968337195,5,0.0552407926441696,0.021306644083178485,0.0,5.628235985137744,1.0,8,1
98.81572495741226,1,1,1,0.0,4,0.5460260295721817,0.42959200311854395,5852.225085275676,6.6854788294276855,1.0,2,1
137.01765133608615,1,1,1,8.418533921772626,1,2.0272715318262167,1.3179398565399758,5719.24051784251,3.60490953474057,1.0,1,0
124.96169537342226,1,1,0,0.0,3,6.811892969985075,6.593743209307642,7708.170001306209,4.0897698661617214,1.0,0,0
71.03786798934247,1,1,1,9.187807581743225,2,4.506515844761489,4.403886267003267,28699.375278357016,3.9605252869035272,1.0,1,0
1417.5850749043886,1,1,1,2.1113690711354707,2,0.0,1.5232408695392683,0.0,3.875316232670427,1.0,1,0
47.43617579803772,1,1,0,12.954389931769057,1,0.3085330080488369,0.440669166029334,0.0,4.305962539778424,1.0,1,0
120.60536666614226,1,3,1,7.851427242818634,1,3.8500233268524253,3.5141392862679375,2288.4444620276145,0.0,1.0,1,0
761.173440160971,1,2,1,30.791864435151414,6,3.901990200243615,0.0,4942.466660955773,6.399083546788101,2.0,2,1
41.61417850829909,2,1,1,18.771817516072694,5,0.04454792659860676,0.028748758676120544,4318.197124612848,5.129773946891929,1.0,2,1
1421.676772260172,1,1,1,0.0,3,2.6053346338565384,2.983988978926765,12388.612980211685,4.072653326794847,0.0,1,0
68.30951183890053,1,1,1,27.903936066109548,3,0.1563050737518878,0.07339909608600705,10083.487877931235,4.7079817558383015,3.0,4,1
741.5138966343864,1,1,1,32.684137867346934,2,1.001691527627273,0.0,3885.5683692531557,6.21819267983325,2.0,1,1
121.06602327177272,1,3,1,3.2451366828102595,2,4.863140681105887,5.831747496082898,22889.80280260598,3.286165400391086,1.0,1,0
62.45658274812956,1,1,1,8.336783726690689,1,7.745216610511073,9.884111019301438,0.0,3.638561548171361,0.0,2,0
55.72637546389548,1,1,1,22.682682061551777,5,3.078509245512131,0.4091134197667882,10030.987581063724,6.522150871031717,1.0,0,1
132.5627155516618,2,1,1,4.38055528543186,2,1.9080919106906813,1.7360387459424027,14700.78412154093,4.282967904967069,1.0,1,0
0.0,1,2,1,1.7758244658245639,2,9.109083198323072,12.409904144390044,10754.724401401148,4.149954596205732,1.0,1,0
508.0889230136788,2,1,0,0.0,1,6.445561057235383,4.406673680960691,22307.743671454315,3.7602188441026794,1.0,2,0
13.707313045374228,1,2,1,28.33378897756957,7,0.7014331988603002,0.3268844189161456,6986.512834002318,5.998177571381708,0.0,2,1
51.378551202168616,2,2,1,25.7802822038051,6,4.15756065720784,0.7977583389487615,2724.461843775696,5.085945593829005,2.0,2,1
742.7949793533403,1,3,1,24.850305497367586,15,3.745464615482657,2.048236568378565,2354.9331283923525,4.3490845162598575,1.0,1,1
510.2654942938585,1,1,1,4.0798885344840965,1,0.32976482549692787,0.3504068746698518,2161.055066758827,3.8486519482894073,1.0,0,0
38.84087954254031,1,3,1,5.41536266952237,2,1.9762860494249177,2.236129023332982,34141.15644741208,3.759607341281923,1.0,1,0
520.9233660087799,1,1,1,3.4439927722535586,2,10.071363624222808,9.789257639730561,25155.111891908677,4.058121313150615,1.0,1,0
60.80180646493952,2,1,1,2.4676098373692144,7,0.49809003439435995,0.7074860236983863,9967.104459873091,3.8350304548871055,1.0,2,0
1410.251321132481,1,2,1,0.0,5,26.44425421799478,16.740391943167094,23722.599608181466,4.336939093464927,1.0,1,0
1402.3385126256271,1,1,1,9.834919204538966,1,8.847190331750415,10.397802473089888,12794.870039235726,4.12398683624128,1.0,1,0
140.6373617563239,1,1,1,5.904401506009475,2,2.062272471460534,1.9871758363188619,33302.09989454483,4.2907608382814635,1.0,2,0
72.13174348593472,1,1,1,5.594972843330882,0,1.1129802192650178,0.9589330661263079,20583.663385651427,3.3424649972650737,1.0,0,0
519.8571334320261,1,1,1,6.41774604857372,1,22.410877823975664,30.91975952589046,11046.033689486541,0.0,1.0,2,0
64.78378372282297,1,1,1,0.0,0,3.0645361334785473,3.2089459864668575,0.0,0.0,1.0,0,0
75.40768495674924,1,2,1,0.0,5,2.5646309961266653,1.464047619089071,12035.643646595847,0.0,2.0,1,1
142.50865696056272,1,1,1,8.409051641686517,1,0.3876809048233003,0.5285920980989769,12257.287387249731,4.225208448087904,1.0,2,0
1436.8195776171378,1,3,1,10.497090239383994,3,0.764688322521278,0.47294016717942244,36639.028836225065,4.158148437786192,1.0,1,0
70.59074615635633,1,1,1,5.714458384756211,4,10.108868349563462,9.481674718565465,29980.392599194984,0.0,0.0,1,0
53.26853878540401,1,2,1,12.9857031028465,6,1.5537299739926527,0.48783693517909354,6723.46090339759,6.579257825730842,1.0,2,1
74.39916142005208,1,3,1,20.760251303302184,5,0.4471534230673346,0.10266791135514672,1230.9307356548209,5.740530063964313,2.0,2,1
523.8835951543936,1,1,1,7.9674940528672735,2,2.1983441649035216,1.5257423641309593,9777.25458048979,4.047531489008589,1.0,1,0
87.86881129844339,1,3,1,37.42691188434894,6,0.7957618886936428,0.6355109895991307,3542.5010274869655,4.802094633780117,1.0,0,1
63.41317515792722,1,2,1,2.4124671688535613,1,3.7470305338828362,3.842541070752462,5277.486145018093,3.3240507067449023,1.0,1,0
120.06466493685485,2,1,0,9.066196137840763,2,0.0,4.218455966065457,0.0,4.209375112863154,1.0,1,0
1410.5021156249657,1,1,1,0.0,1,0.7730164295780547,0.7751568060087195,21411.09218603549,3.9546824933772102,1.0,1,0
123.55605996130983,1,2,1,4.349441116865795,3,1.3038738250023831,1.1804658563961057,21573.84417782034,2.5708417290781678,1.0,1,0
130.9372937785936,1,2,0,3.2168496496872527,4,8.09762873089939,9.21841753121675,14240.249722473496,3.0640771232332282,1.0,1,0
131.25478746674347,1,1,1,2.2898404268332118,1,2.4218945660453595,2.3164328023948646,25977.9172793492,4.000072000561385,1.0,1,0
54.144912066378424,2,3,1,6.683285355745207,2,1.5676954923078756,1.625730492003745,10037.992535256635,3.3143590249919166,1.0,1,0
61.65526599020158,2,1,1,16.728521501972118,0,0.0,0.8594879589010471,29093.39813347097,3.8050200009384807,1.0,1,0
144.8531761997594,1,2,1,15.624753717735233,2,5.8702160022774486,6.4459797528810325,24930.57353072483,3.4586391569461763,1.0,1,0
70.437696947212,1,1,1,10.349646160541846,2,1.4914344823627759,1.6589159180288464,13546.27148442648,0.0,1.0,1,0
127.5979642978677,1,1,1,5.11370231709689,1,0.17236293055912277,0.18422203811699983,13422.593206789203,3.637333759429768,1.0,1,0
51.94635325020686,1,3,1,0.0,1,0.3899249587089544,0.17044612889290675,3053.6192301158376,6.358194734280622,2.0,1,1
728.0402626506077,1,3,1,13.014643900835772,4,0.819442584970154,0.3696221521947178,0.0,4.154627091084555,1.0,2,1
78.30430978192511,2,2,1,6.516743568157951,0,3.0921229325385826,3.0549202020802735,29639.582547505925,0.0,1.0,0,0
1419.2429418947108,1,1,1,7.357860901106057,3,5.208007231451722,3.660104492516773,6430.815037423442,0.0,1.0,2,0
104.37598248894031,1,3,1,16.51070261035906,6,0.05773458578059535,0.01070998129551241,3786.6856707150164,5.730449312311536,2.0,0,1
1420.4150590031297,2,3,1,4.732816471517019,0,4.9168966238746155,4.544780057414556,19861.45782823286,3.2790501769537967,0.0,1,0
67.17467358956436,1,1,1,0.0,2,11.193598703330114,8.75871747885574,15466.861813101199,3.9797428567476936,1.0,0,0
73.29107725763268,1,1,1,0.0,1,0.16330449452666562,0.13221470444675745,7509.591645595364,3.1008845595384638,1.0,1,0
56.2874032311718,1,3,1,0.0,2,4.712762681507908,5.808191370545841,18593.37750108,3.85614262092222,1.0,1,0
0.0,1,1,0,3.0052765971391824,1,15.697689026106998,15.233376065839053,10819.624159766183,3.6952755575667657,1.0,1,0
142.04264383488456,1,1,1,6.948281968247214,5,1.2114062576245903,0.0,17538.885247397477,3.106345668142711,1.0,1,0
505.82344102058704,2,2,1,3.309341101209744,2,2.6612480699814585,3.032729232588123,37226.885781454796,3.7258426687724793,1.0,0,0
77.42299166242556,1,1,1,6.620741383182337,4,7.638019848617799,5.995247406197895,33248.15643050257,4.474040577035789,1.0,1,0
495.13353207739704,1,1,1,5.7672529592188395,0,0.2564081594433496,0.29778856905909545,10463.113810291536,3.984445342533543,1.0,1,0
0.0,1,1,1,2.678270532434448,2,6.128229304425419,6.420043821871639,17803.160650261525,0.0,1.0,1,0
38.81016966055965,1,1,1,31.40021214475155,10,1.0606884552041946,0.0,3933.1063207825355,4.476019415510963,1.0,1,1
117.7923089544586,1,2,1,6.598084335204323,2,2.775633150609282,0.0,0.0,3.8447383298020403,1.0,1,0
135.61135200959492,1,1,1,5.308327646130118,0,2.3125056847322836,0.0,10299.76419229868,4.007030514090455,1.0,1,0
64.8029980838563,1,3,1,33.03989883317921,6,3.154683722468893,2.5147260761229484,10469.10566013875,4.728688228057875,0.0,1,1
121.3971083768962,1,1,1,11.260988383982765,0,5.934966762565811,6.805089844134642,16571.002270601246,3.574391677851297,1.0,1,0
1405.0694960441951,1,2,1,6.648738535148785,2,14.956525903976114,19.728115630429382,23497.200728981097,3.5790144691309043,1.0,2,0
774.1126982426929,1,2,1,21.241854370435338,3,0.0,0.09848117002032546,5455.404095873927,6.176103702890123,1.0,1,1
509.8802030524649,2,1,0,7.655938128329153,3,3.172130566142376,4.207523702807168,29542.17988410235,3.5539761125896967,0.0,1,0
120.95856024154915,1,1,0,7.305319664408969,3,1.853542060875968,1.1178670206897128,10756.757561590504,4.251696817296839,1.0,1,0
740.734604971128,3,1,1,23.032324320990455,7,2.2318900143701432,1.0983140687587476,22685.208997339352,5.814771161191699,1.0,4,1
1399.409406464601,1,1,1,3.9956018427967446,2,0.5063169261147331,0.3250838197972001,3136.008265677882,3.6450996109056777,1.0,1,0
