packet_length,protocol_encoding,dst_port_class,src_port_ephemeral,event_rate_1m,burst_rate_10s,inter_arrival_mean,inter_arrival_std,packet_size_variance,payload_entropy,unique_dst_ips,unique_dst_ports,label
56.64668396364471,1,1,1,6.100951491521826,2,25.32037230439031,19.84442601483269,10867.046239605017,3.870043065829868,8.0,10,0
503.0455480015704,1,1,1,4.7666033778584875,5,5.940851182061469,7.172746788474,10222.990619043865,4.081456033238774,8.0,5,0
1470.6194818553913,1,2,1,24.853231087980337,5,4.03544452881997,2.3383947125840554,36451.66201936481,5.685084445071672,2.0,20,1
1411.680123154455,1,2,0,2.8453528348430543,3,11.510367976328865,14.906713629316478,12875.00592450724,3.9071586335499067,4.0,5,0
121.70214835583303,1,2,1,7.180710262083718,1,3.5698991773143356,3.8387145095132005,34751.97263533905,4.24128069332572,8.0,2,0
762.7225632982176,1,3,1,20.084102846342,3,4.913615223664505,2.0031711662003344,5182.272557473404,5.308772844895359,4.0,2,1
109.62023449350727,1,2,1,37.79050365623595,7,1.856740505330859,1.1420770838616854,6173.600204780668,6.308029474991661,4.0,4,1
59.082089359784234,1,2,1,28.42758678629786,12,0.651340936749637,0.10171074370821966,14717.921069453092,5.710319261745713,8.0,10,1
60.76854283180748,2,1,1,12.770909790434946,1,1.962019153546299,1.399379839901508,27597.62416442681,3.892082619536412,4.0,5,0
79.18264710013547,1,3,1,11.593644172860536,3,1.1496054644841185,1.6881360396688996,37133.40795998613,3.650484428705488,2.0,2,0
62.94772718006014,1,2,1,2.422206302901155,2,8.251919292552877,10.138342715386027,8174.5143493215855,3.17267397258458,2.0,2,0
56.46435666236318,1,1,1,10.708575597687998,1,5.022754762522623,6.801367150127927,5586.590008886183,4.043027102917558,4.0,5,0
1429.6710629287786,1,1,1,6.181543889136475,1,2.0430151054907686,2.2833875535936494,35357.37697157723,3.811584899069415,2.0,10,0
118.42493917340855,1,1,1,3.9064896605607076,1,2.650759319944275,3.238950785691028,10482.591366029294,3.9477359088639767,15.0,10,0
143.11824191969976,1,1,1,6.296653752373822,4,4.070837683566395,3.5515869635265838,21712.462901348783,4.61069102180749,4.0,10,0
513.8523845625105,1,1,1,7.590104649898709,3,1.2202007911873674,1.284463276086848,6162.904920947347,3.392718346516439,15.0,10,0
115.32223981248794,1,1,1,21.249150803301884,2,0.38250936026985694,0.2967108141748512,10404.969574281095,5.588484999284815,30.0,20,1
509.31954696105015,1,1,1,7.176163154141873,1,3.8450220212090898,2.921974880090197,43421.0540999398,4.265909429998898,8.0,5,0
768.9249891399265,1,2,0,20.717455759419664,8,0.2302376299132568,0.13707956480076983,9804.930850218563,5.4812865860531526,30.0,10,1
66.60559701147928,1,2,1,22.3551290413796,8,1.1544579305784581,0.6472539133725067,10129.822491678222,6.031561583388916,6.0,2,1
101.34171491078722,1,2,1,18.74459341313909,5,0.7069242202339792,0.2518343476053797,19634.181580007295,5.46620682226616,8.0,2,1
139.7183689740575,1,1,1,7.453047396235383,4,15.625257226782699,12.993720871491316,25628.556166117978,3.9086686567923214,4.0,2,0
68.74942956025959,1,3,1,6.466787367786211,4,1.8208807592232863,1.1909647776949914,37039.759923250356,3.561015521000788,2.0,10,0
75.99128781012787,1,3,1,4.587202998997652,3,2.219633988078655,1.5312408604743724,23705.962854166228,3.589830625681914,2.0,2,0
120.31558318625827,1,1,1,2.9517414639574353,2,4.259573555304749,6.296577669253867,12732.015666815332,3.525428639693002,4.0,5,0
53.585203448079426,1,1,1,4.249202751718628,1,7.870037414091431,11.616426762790649,16528.373965021998,3.552070659016583,8.0,5,0
520.2419599490652,1,1,1,6.298693613017654,1,3.2553512864782648,3.6899096084704057,22735.060595202136,4.574824568360279,4.0,2,0
1449.0192964759067,1,3,1,22.277043304226986,9,0.4748038810842756,0.2526428757307866,9424.590136694622,4.405736873680533,2.0,10,1
61.34332048945695,1,1,1,9.331718456320068,1,11.13116223498652,14.8706491506364,5123.192302249195,4.0493264176560375,4.0,5,0
129.002998947292,1,1,1,6.6839612044916565,2,3.5331027626883094,4.864884401345773,16935.08465116158,3.941319427858423,4.0,5,0
45.547269747989105,1,1,1,17.058291023097443,2,2.837258464683639,3.670107593703065,16564.283612750605,3.9996564801404073,2.0,10,0
127.18294197674629,2,1,1,4.206382936086593,1,2.8580942320403993,3.9571416539407966,35617.94801197314,3.4753607957288772,4.0,5,0
55.57667393379255,1,1,1,8.884174110229766,2,1.7217417029555129,1.1998746095092818,24470.959865618635,3.4175608940613666,2.0,2,0
142.66794914181278,1,1,1,4.379383373386464,4,16.605250149555875,15.673621994451128,7121.2624367030285,4.134918948542714,15.0,10,0
1430.6100725030758,1,1,1,5.1364908852270705,2,4.500886911855046,3.317513876629529,33839.11905114055,3.772643007747672,2.0,10,0
134.4699958616019,1,1,1,6.673624764188777,2,0.9793946516776898,1.429479699691904,14763.675706363365,3.849492886631566,4.0,5,0
134.23328579375752,1,1,1,2.931018485565226,1,3.589453161603877,2.263526115395713,22688.433041252978,3.4194443368342258,15.0,2,0
38.64553490735895,1,1,1,6.9167519381293,3,5.222952861020575,7.755468244199428,31027.23984008539,3.6422100125961756,15.0,5,0
47.43801473266246,2,3,1,18.219571118665957,5,1.0079441507517628,0.13924739637864594,15604.197305122272,5.7268800135040046,4.0,5,1
516.1449188419613,1,1,1,7.59006843986263,1,8.602996317067886,9.644897828578072,6986.693860102882,4.267672371480582,4.0,20,0
67.38230878134067,2,2,1,12.406550822949203,4,4.308822557680137,5.167620937182859,6474.309829033947,4.0768668485494155,2.0,5,0
508.5827373777834,1,1,1,7.049608702887322,1,2.9381660297660916,2.0453507374462205,18427.25210474432,4.059755867814144,4.0,10,0
117.04488835115009,1,1,1,10.857546344900266,2,19.88845018760837,16.928810979537303,5989.776388586071,2.8840262364872036,4.0,5,0
1419.517763934664,1,1,1,9.068278096075323,1,1.4070476276651327,1.557198689152795,14631.149140718238,2.947681122436139,2.0,5,0
779.7462401760362,1,3,1,14.87629613555703,6,4.040768727378694,0.4875489242515982,4894.322881894216,4.651117807359007,8.0,20,1
1426.4820258105633,1,1,1,4.619883303750451,5,8.825316935485999,13.151368144011316,14768.339747795695,4.4555498221365495,8.0,5,0
58.92785229822749,1,1,1,2.0767134960543907,1,0.3691301279511663,0.4757820414234412,11387.720610146593,3.9429493569162366,2.0,4,0
74.26498776722325,2,1,1,7.57001584817799,3,3.2666822417166563,2.0040027183689895,13519.223491932147,3.2415060334491024,4.0,2,0
60.924544486742015,2,1,1,4.304296697126655,2,2.095443350872299,2.372806551889561,11577.861301123865,2.961252943067393,4.0,5,0
61.940343686397085,2,1,1,12.7476407621679,3,1.9642660354934993,0.7953506265066383,5646.848505778363,6.259568056639051,8.0,4,1
64.89122617504906,1,2,1,30.51033539264037,3,0.6463559934712372,0.3857622042641342,6252.955016424846,6.1065525374261425,12.0,20,1
126.66370828197016,2,2,1,9.233682637254603,4,3.9918579497460467,2.8379950611793747,15286.457000357892,3.7730059938156604,8.0,5,0
58.730919018820394,1,2,0,20.264444958613325,6,1.6149897235653057,0.7896217185526654,12655.64772734014,5.424808686997325,12.0,8,1
500.67668886369626,1,1,1,9.095368233537762,3,1.1929413803657911,1.5822671092523006,33842.09723625514,3.4756603279040013,4.0,5,0
80.32430217899778,1,2,1,21.632644396350283,5,3.726060468000851,1.28510502169697,3730.5152679951434,6.237737934433702,2.0,20,1
1423.6945968144432,1,2,1,9.277814966930224,1,7.257557333840687,4.909315031481417,12365.041258010255,4.016956458510799,8.0,2,0
1449.3700634111624,2,3,1,20.722734999533216,6,0.7372359146409783,0.07760661315320769,11975.537443733157,4.873633867762632,4.0,10,1
32.489230854498224,2,1,1,4.753510152959914,1,3.9887001363419743,5.541525717334401,15499.72731758957,3.571942965122904,2.0,5,0
60.174779901850684,2,1,1,1.7985413249473172,2,4.466964413219988,5.73161190466093,20840.545419382062,3.9415675784238364,4.0,10,0
510.0110145285577,2,2,1,5.350515603047878,1,10.863764310241242,9.849012028514343,23904.887030916936,3.826165569806206,2.0,10,0
1426.1271989910942,1,1,1,6.960932224674344,3,11.136223996513857,8.099114639718533,26357.914070037285,3.7388372886691137,8.0,2,0
512.0374201622583,1,2,1,5.409773328588392,1,5.077918262894261,5.603462048290691,9936.99497729846,2.6652207771820784,4.0,4,0
1418.7840441350486,1,2,1,9.072309638459453,2,9.53479763772979,10.856827174377964,4536.127380060364,3.9869470576802084,4.0,2,0
128.2759662062344,1,2,1,5.111826654188515,1,11.179272756871574,12.66890479757407,12073.396341537748,4.1213207605443625,8.0,5,0
140.0347825683737,2,1,1,7.185412260502713,2,6.111249521135694,7.06331059075783,27201.444177887777,4.183738399395308,8.0,5,0
122.74125219039962,1,1,1,4.041557525497927,2,7.425251190854432,4.733507594036719,5433.125632750846,3.514186501332864,15.0,2,0
132.3701989815201,1,1,1,3.3710689637289244,1,6.852920929122595,4.83401475363777,6112.61833280214,3.4886462382151824,4.0,10,0
519.8675038039573,1,1,1,4.418538138076977,3,1.8986399969545613,2.0134712568119983,21727.183852689264,4.10892380706758,4.0,4,0
74.19100299159359,1,2,1,30.577610651591996,4,0.09798990147314934,0.023634138133156814,7964.99563973734,5.2961996123418436,16.0,10,1
45.68904303385044,1,1,1,2.50560637645424,1,0.42217606022775456,0.4761798606998519,9854.379901844388,3.923151766231259,8.0,5,0
73.90670299570137,1,1,1,25.359476758313566,2,1.5913468999632252,0.2830113499127738,11561.266145341586,6.524687326314962,8.0,10,1
1425.0936078481027,2,2,1,7.407062185842232,1,4.026282033727324,4.782585601105642,18936.86568201986,4.224301671530246,8.0,5,0
84.03587087916608,2,2,0,22.510925800633583,3,2.0733085394243944,1.1951395048724138,7792.888570614026,5.895879774387461,20.0,10,1
1410.0370272892158,2,1,1,7.873815331118078,1,0.9370433434194124,1.101051390614586,29690.05949652413,2.849331885117026,4.0,5,0
125.35873000244041,2,2,1,5.059803863551063,1,3.1038868608409307,2.167096210873591,10888.338902971254,3.6719528527614833,4.0,20,0
60.934108397759786,2,1,1,9.858924168639676,1,11.27346661684289,14.569929095527472,15246.016478076535,3.4271623208584,8.0,5,0
55.39161163454941,1,2,1,20.186011368319612,5,1.3701498144592232,0.6075916829717907,3340.0636264511404,5.3048485495495585,2.0,10,1
1404.4616562737933,1,1,1,4.4832010679949565,3,11.796827771098872,9.713626097767637,30840.603937239124,4.54781465654602,2.0,2,0
136.4121326861357,1,2,1,5.6562812926717365,4,3.240949112532083,3.0925105993508266,11075.000313534858,4.46269673861023,4.0,2,0
50.88813769078201,1,2,1,58.674566475330295,6,1.720299712346472,0.2363284547146027,3512.2444010280087,4.833564440576781,8.0,20,1
51.55685934270304,1,2,0,25.109374389112954,5,0.3804959817817581,0.11436452025816693,4917.496835061045,5.3255861870884775,4.0,8,1
61.88512264690382,1,3,0,28.358195298638,2,6.783416511405434,3.085030700762824,24963.217799649465,4.706601273316764,4.0,10,1
56.180958006117876,1,1,1,15.433488234148163,1,0.9319374783682036,1.358373197147797,12962.086690670812,3.1437078488095866,4.0,10,0
86.14424541637943,1,3,0,27.678332516548224,5,1.2401778174732203,0.30507854362309894,10250.609049521177,6.529541811243037,12.0,2,1
60.99169443175504,1,2,1,2.0639424722629904,1,2.041974600583905,1.5203944916018768,21002.867187961314,3.133061196878908,2.0,5,0
737.4894118901689,1,3,1,24.690222904339347,9,0.2018123162170082,0.15844702914539974,5948.016934368873,5.830575410200197,4.0,5,1
70.26766561342077,3,3,1,30.871816308393807,2,0.7097350137442282,0.4185882393253027,11291.080183349128,4.7800199903309935,2.0,10,1
71.90928406983178,1,1,1,3.5927188930857046,3,6.404847940856261,4.348709110782467,38362.83108088166,3.9664354460524978,4.0,5,0
1421.5104208253397,1,3,1,2.90962900175444,1,8.621551846530956,5.320329777221748,14838.144750231337,3.924217657478976,4.0,5,0
51.45098701430378,1,3,1,21.76578956242575,6,2.861650761431572,0.6339887512924366,2704.284013338308,5.383531649098765,4.0,2,1
70.76320436728047,1,1,1,27.49996139260204,6,0.47349401413912595,0.19950284803294838,1058.8455614122154,4.693807778243412,12.0,5,1
80.08055154633789,1,1,1,20.683560340257763,3,4.4359120450382665,2.8379621663198633,7864.940644946378,6.151771596559879,8.0,20,1
48.85168037154641,1,1,1,27.704109194738432,1,1.6060922488691187,0.2283368416402609,3934.7390508546314,4.943688805395661,16.0,5,1
68.9255327438386,1,1,0,7.7064116690116435,3,1.1498241308555703,0.8801969326337525,12132.05288870641,3.2507249049235125,8.0,2,0
518.0282585422843,1,1,1,10.896777109133353,1,2.4713414171866273,1.7029910147068297,29807.61924606481,3.6485869736167293,8.0,10,0
127.52518892242577,1,1,1,2.705615338969191,2,4.7462775392625325,3.725176484476864,21834.857008955158,3.6242291367251287,8.0,2,0
90.73154680196846,1,3,0,23.614230711266572,3,0.09982955948814556,0.026352242798339174,13013.217751325825,4.34687411716494,15.0,20,1
137.7677820733974,1,1,1,2.056194351950575,2,2.3496734306569986,1.5101011081390432,4980.894524122095,4.360379078968972,2.0,5,0
81.060929632268,2,2,1,28.553594654894944,5,0.8314464288980414,0.21004930796906152,1081.163901855169,4.710609144197874,8.0,20,1
74.24625133565085,1,1,1,4.726458117670592,1,2.321342895634377,3.2468311898330353,3077.2010364915523,3.1493872557790317,2.0,5,0
125.03870784186783,1,1,1,3.937826591343853,3,3.370248183613287,2.608933795867607,22802.671462463564,3.8081784169610358,4.0,5,0
497.209729895049,1,1,1,5.364796788610973,2,9.206321363445733,7.348529899788189,23964.695786121287,3.7896241573855445,4.0,5,0
63.57657597308523,1,1,1,9.202165527605246,1,15.962872841005852,20.939045957919713,33279.07059727901,3.3166359277967397,4.0,2,0
525.1304058240091,2,1,1,8.121092204617824,1,4.744045442024017,5.420471234569195,10231.514259648453,3.5586770031433295,2.0,5,0
75.6829347756088,3,1,1,15.81882985531866,2,6.433573364819364,1.9760130617649267,10987.120845557785,5.650336341518549,12.0,5,1
61.16054147617017,1,2,1,16.346784241889807,7,0.7557560540256167,0.13813902265077194,8923.886088405661,5.056216827165446,8.0,20,1
511.08281952481474,1,3,0,3.1538174046802077,2,6.400622081782566,7.459168669889898,22988.760894777843,3.669123966984372,2.0,2,0
56.5157345084787,1,1,1,5.212615855660397,1,1.6508029580217431,1.8955370105590952,13525.253326944869,4.062576164313715,2.0,10,0
61.80387701705935,1,2,1,6.578243511598744,3,2.863465108323522,3.388297928094292,22066.24374925613,3.680618389828078,4.0,2,0
68.72958698185303,1,1,1,3.6805236277780504,2,5.081826867939246,6.596320209349498,27079.028949148866,3.449380451306644,2.0,2,0
508.33200006737917,1,1,1,2.8529963667780303,1,8.75629604489645,12.854702454080222,15013.186261011102,3.7230017034825122,8.0,10,0
34.49225035462657,1,1,1,3.995224222273071,4,3.0792623797852348,2.0863468851442577,36457.50873854741,4.320988603490381,2.0,10,0
507.0855826427045,2,1,1,2.1457001946398346,1,1.0852132911320567,0.7661833951116445,17145.865902768754,4.282461664026095,8.0,2,0
78.91948197532184,1,1,1,22.30916868850658,5,4.818265899661879,2.7866797959838756,8119.769669068855,5.485665796563476,15.0,5,1
514.5207196393292,1,1,1,4.532361389326585,1,5.890750725353249,7.432992052366862,36169.53457045686,3.2729924419418284,8.0,4,0
43.856071974529776,1,2,1,25.027892864625088,5,0.10166684340252281,0.06628062840173164,14606.49051052158,6.144641003481804,12.0,20,1
87.4015550158058,2,1,1,29.12086662669305,3,6.162031591511278,3.9784840769987864,9135.787981996433,6.09165580747921,8.0,20,1
56.86187148425173,1,2,1,12.56414369899581,4,2.1718738799979427,0.39682189876984225,11811.927694229313,5.567104948959751,8.0,20,1
140.02911709933414,1,2,1,2.2013189812838583,1,3.8587690550413867,3.1516920514561213,32069.99005875505,3.5261240638296787,2.0,10,0
1416.8669861189062,2,3,1,9.183253416479088,1,8.82088403636955,8.306528217013478,17134.248102501297,4.331353447393792,8.0,5,0
503.5090947506451,1,3,1,6.2229838306488885,1,10.357634936999327,9.06020501450922,20965.293953673194,3.9831781054098174,15.0,2,0
136.56509316187467,1,1,1,6.814477313543258,2,8.73806520153342,7.082581868586853,12558.915067050957,4.197594295363389,2.0,2,0
32.16113611047205,2,2,1,18.165519764662008,6,0.9192086145802486,0.4755381102749886,350.67981220089604,6.350190757706775,2.0,20,1
521.9572218348228,1,3,1,2.209741135139839,1,0.24521506539184051,0.1562174629240984,14670.291520507655,3.8821667968074483,4.0,2,0
101.47823223817142,1,1,1,17.072411028970734,9,1.9099256625975058,1.203849356146605,5738.278818859293,5.440151225269743,8.0,4,1
110.52457560224526,1,3,1,10.577552055677627,1,23.41545284299207,27.8565032013566,4699.336020765529,3.5428668002728143,8.0,5,0
771.8408477510428,2,1,1,17.08642732047394,7,0.050965724609854095,0.019191854659634886,2423.8604455927843,4.561416151944249,8.0,20,1
80.50498245731714,1,2,1,22.551902099366217,1,0.36066676831922007,0.24042603373181715,8345.54648661174,6.338031296150289,4.0,2,1
510.80519357110813,1,1,0,8.75736695371309,2,3.643577528196025,4.6912980421891515,55388.177602789765,3.09974785451034,4.0,2,0
56.16083037626634,1,1,1,4.533940049589022,1,4.327862955357208,2.8877317559324625,7743.0027959076915,3.8319313918922275,2.0,10,0
61.13165068053051,1,1,1,5.142089137594292,1,11.76587441479245,9.716890601985433,17380.70168263585,3.6598808385472426,2.0,10,0
137.00211423180306,2,1,1,9.018899521673296,1,2.6947668871109474,2.5059959615914917,17479.442390928813,4.356248380340478,15.0,10,0
61.10109686288147,2,1,1,9.474454838711603,1,7.607634842906613,7.6392221748550195,11063.17639643198,4.60223129033832,2.0,2,0
1470.4633489690998,1,2,1,29.33835780523751,4,2.3037028040744283,1.264930054297595,5715.38711273539,5.944734024024573,4.0,16,1
54.16655682029999,1,3,1,8.842360336622356,2,1.323818304650472,1.110233237898103,20252.390581671872,3.867538907258532,8.0,10,0
36.88864311288111,3,2,1,17.89749548228631,2,2.737198440862394,0.6410791731467315,3560.6157727145815,5.304216654798369,24.0,8,1
131.5251205063096,1,1,1,7.94738828401071,3,1.5749332823332485,1.2727435421359017,11952.95752905939,4.363145227812082,4.0,2,0
64.29411766167716,2,2,0,26.98908468591928,5,1.2546269353104658,0.26666509287967993,687.0205422298629,6.565076092861759,15.0,20,1
1419.6304375603268,1,2,1,7.233344304421854,4,0.1878716739029063,0.20935104435511775,28784.131391485804,3.312072082195989,15.0,5,0
134.83222275303842,1,1,1,2.8271549818411605,1,8.312690251539978,7.6078373672946205,36694.0355296272,3.958293822795736,8.0,2,0
1400.9499119957015,1,1,1,4.754596254999077,1,4.542355550064563,5.182549490453635,27956.693548107403,3.5706069234543367,2.0,2,0
504.13042473910974,1,3,1,9.221010605458957,2,0.5469476433685065,0.5960580641809502,21289.04667766566,4.17985816215345,4.0,5,0
758.4765471861765,1,2,1,32.72981562781118,6,2.0243956575733275,0.7264317196987581,4907.848402278686,5.621120066039273,24.0,20,1
87.57351766418554,1,2,1,13.351215627540915,4,2.261134833980305,1.0358183450944227,4028.2442310876777,5.581002020992879,12.0,10,1
47.90211815479261,1,2,1,28.890630960760646,5,0.11997741296621044,0.06547226242218841,13298.794547337047,5.209430403058567,4.0,5,1
726.7689286631594,1,1,1,26.34962108443484,6,0.5320359388144942,0.331622145688086,5985.873460500159,5.000183520040519,2.0,4,1
56.908927048099926,1,2,1,12.172464593095171,1,1.9376674151827957,2.350012818587536,6050.969563394805,3.507546519467114,4.0,2,0
1418.5827692036303,1,1,1,10.638480950421455,4,1.5859872663775365,2.222682691588453,11345.831641302737,4.477391227156351,2.0,5,0
63.407963020091735,1,1,1,4.180007797640545,1,0.9643880025331962,0.7528679457931992,8616.007245475568,3.941522486166485,4.0,5,0
512.9196345866243,1,1,1,4.474758810275685,1,6.86253687809654,7.117405191313697,21813.304507706605,3.4946805555215863,8.0,2,0
734.4705323855467,1,3,1,24.836949655392477,9,3.6852125600793437,2.925663589139953,3715.8680189420397,4.762995949326092,4.0,20,1
76.52517173823557,1,2,1,6.466238310511329,2,4.045015678799491,5.974818434388946,9218.54275700637,4.121500433630674,2.0,10,0
56.35038335323513,1,1,1,28.06829498504276,3,1.9177863143236704,1.2870407723569701,1938.9756013767267,4.966470127874618,4.0,20,1
60.23803829528813,1,3,1,6.703038249033483,2,7.557329698604272,8.730441455438225,13421.058353678065,3.458280885221898,2.0,4,0
505.072753429923,1,1,1,3.781265866627764,3,5.646163338773894,5.528752007245392,5772.642658435378,3.4212566779484277,8.0,5,0
58.828600850259015,1,1,1,8.558129007923059,1,4.586251869457441,5.758367512595767,19734.59685922778,4.336335067167751,2.0,10,0
40.851860279910866,1,1,1,9.121963625836168,2,6.959758565066292,10.26045041273309,24977.93130359552,3.3649929389512616,4.0,2,0
85.89479712929543,1,1,1,22.556225447510652,7,2.226561269878616,0.8473930038366297,10314.509276219003,6.219770715296983,8.0,4,1
23.33656973290872,1,2,1,14.896584402301656,5,3.152980202600001,2.1809408065844536,11310.255910463327,5.7541473597331905,8.0,2,1
134.753715520072,1,1,1,1.2626704462150233,3,9.97880907737108,10.563531608050212,16523.325766632486,3.333040842686889,2.0,2,0
117.2937976572,1,1,1,8.588005856181237,1,2.6888119290661376,2.2697648104206567,26810.567661804114,3.6110890885118554,4.0,2,0
528.5100624364985,1,1,1,3.4833769413256777,1,0.9528629859432599,0.7822134724343356,11593.746820095403,3.4798919218607103,2.0,2,0
725.1348356275898,1,1,1,26.59980350297036,2,1.500423942797643,0.5993714798539719,7563.011895762206,6.567848847031334,10.0,2,1
131.07922088039408,1,1,1,5.108183599320357,2,7.984383046423105,9.811003003641792,23044.702882724672,3.9712719359782382,8.0,5,0
126.94436284254984,1,2,1,2.156324581188452,6,2.28577852556193,1.682119932065061,14050.231472783033,3.9116513354718774,8.0,5,0
54.202053206407875,1,1,1,39.20949383175064,7,0.7864192341589988,0.1254882947287637,5170.27321021588,5.217340381038455,30.0,2,1
502.8344657361866,1,2,0,4.1167598789492645,1,2.7515085838476554,2.7697322253849515,46780.953647941955,3.604402437849472,4.0,5,0
64.49038654070861,1,2,1,20.240375893940634,4,1.7779231781237268,0.7949396410858053,2831.6543959402743,5.966427228811357,8.0,2,1
500.4585633684907,1,1,1,8.242369719049558,3,0.9593438155768536,1.143740136629219,47496.27197804295,3.8443704788704864,2.0,2,0
121.9372254416464,2,1,1,4.647079046715294,1,0.7379815727859174,0.494457404142434,13941.972360345351,3.7902495627273365,8.0,10,0
1432.2661851640678,1,1,1,8.582750022240251,1,12.576854221561664,8.089301666549291,30851.543437827895,3.988305714584181,2.0,10,0
1423.344413675114,1,1,1,8.220135164386308,4,9.45953421158667,8.730781737335061,29994.55677525755,3.9318802508988253,15.0,5,0
736.4388279701518,2,1,0,18.33559721674692,8,0.7472186059478663,0.4816168269267653,2103.8446653067504,6.505075934806502,2.0,5,1
1408.4570241585584,1,1,1,6.419608542894408,1,3.3495816086010066,3.645147168709007,34426.84011104673,3.9568633577061334,8.0,10,0
124.76215147163467,1,1,1,10.484585237977216,3,0.9620564557513837,0.7479792794496859,26195.121940962425,3.8422885512830467,4.0,2,0
519.4739655174069,1,1,1,13.322870935880172,1,7.730112914833171,7.0670633445227296,2558.749757075036,3.493490334917461,4.0,5,0
1410.7812412591818,1,1,1,2.061564703801896,4,7.452416710978108,7.341374003620631,7956.010486194977,3.116484751080083,2.0,10,0
510.3425307523771,1,2,1,2.7668391333287756,4,21.906139122322696,16.91636456572227,22301.763155852168,3.3740045956328606,8.0,5,0
1478.8094559397152,2,2,1,28.81003889162754,7,0.01740303445342247,0.011959281216736086,18354.005739805947,7.1083493757061795,4.0,20,1
1452.9803439601003,1,1,1,17.84802880022498,3,0.07502818341782842,0.023531932778288994,4416.717718430025,6.278872458615755,4.0,5,1
62.03448969257079,1,2,1,4.06505481249877,2,3.0480758355290583,2.3012764539654196,14571.761985713258,4.05257144514478,2.0,5,0
26.887667270911148,1,1,1,30.64951804548962,3,0.9726049759272786,0.7500818170732505,4260.815280551133,4.892252104050506,15.0,20,1
137.7075233704519,1,1,1,4.076614044722833,3,1.4990246319040308,1.5680110950950326,24660.030868521048,3.5537199055414916,4.0,10,0
1435.3000290655527,1,1,1,10.75849473873562,1,0.30346209921710504,0.4471041183138685,12499.628940259832,3.581005292913384,8.0,2,0
111.92450043636211,1,2,1,5.050901186675293,1,2.914633810505985,1.9976664512858884,17126.390237700958,3.7388655165006783,8.0,5,0
128.5234536430736,1,1,1,14.848360635495164,2,28.50672129315437,32.70454187111714,2066.999931185719,3.481190862181035,8.0,10,0
16.075951164732928,1,3,1,28.15598574465414,7,0.762818993063408,0.287533096411467,7371.324402728449,6.391940826145511,8.0,4,1
142.12839303419528,1,1,1,5.738683766261271,1,0.8299596282363569,0.7102785087167761,14437.687937345607,3.1972335610134657,2.0,5,0
514.3205236414931,1,3,1,8.656892065505431,1,1.4420641936676843,1.7705957180625291,33005.88366213108,4.827789534013807,4.0,2,0
63.556907345557434,1,1,1,7.684879243068481,5,0.5817192769191926,0.37070256641562693,31587.224767864886,3.974240661465406,2.0,5,0
135.06992243620107,1,1,1,3.6883888278556687,2,4.945380221970042,3.3224147889531035,17169.507440591515,4.965772608042814,2.0,5,0
67.27894795938,2,2,1,2.735289161185813,3,1.7052786616765068,1.5336680727338796,17014.06683669888,3.8165585924495344,4.0,5,0
68.49329031390288,1,1,1,2.0409514729583504,1,2.289577009936522,3.1156058959788324,5012.455250901891,4.024363052898664,8.0,2,0
127.16500601445783,1,1,1,2.331893658585945,5,0.5134053420580733,0.3168468481661507,11216.411685851213,3.4296661197641467,2.0,5,0
118.54952224314215,1,1,1,13.041615523052338,3,0.31607193239401987,0.21229310745957833,24376.949123896386,4.085126674886823,4.0,5,0
513.5844969507309,1,3,1,3.9240187765693837,2,0.26875611336098015,0.3083754764492796,16800.150505957175,3.9404304047915852,15.0,2,0
74.92511645184882,1,1,1,6.5625940285163376,2,5.408325520505146,7.571896580776749,5473.5078790751295,3.791880737543617,8.0,5,0
88.37583591488453,3,3,1,21.80965847188174,4,5.329076305703077,1.3556472683795837,19149.135588889672,4.745585224937031,4.0,20,1
1412.9282383320458,1,1,1,2.1659144497263503,1,2.481416116142198,3.332967313202628,3862.678381496007,3.539194338205577,2.0,5,0
527.6221821702973,1,1,1,5.630654753805095,1,4.845576234906875,4.322631019807436,14446.081880448935,3.6425289061323474,2.0,5,0
137.1890195093363,1,1,1,3.5612664571044927,1,3.733664874335244,4.803814409676662,7823.369885260917,3.9949215899193247,4.0,2,0
25.958314686209,2,1,1,20.59673822484012,5,0.8420708206758997,0.5886825508000203,859.6342240543346,5.849367421166477,2.0,4,1
64.78974452200879,1,1,1,8.435383281614815,3,7.559748483193449,10.365985611087115,22090.415264524145,3.4814012260077747,4.0,2,0
50.80386643146839,1,2,1,21.30633963647986,2,0.23783716966316754,0.1134069579534779,4595.458224141727,4.794706341032764,15.0,5,1
118.34038988527423,1,1,1,8.085949646988682,1,5.743117745504078,5.932642413786769,13356.936993022782,3.7901895323749124,4.0,5,0
124.3803764047093,1,1,1,4.4663733825271,3,3.020471964105481,3.3924549806741697,12413.495243296113,4.163793835553767,4.0,10,0
1418.8260973732047,1,1,1,5.774321265027321,2,1.9427808641325204,1.2234727665406688,12791.142872685996,4.411418968077055,4.0,2,0
122.97134566631638,1,1,1,4.383159932203961,2,18.700258945120193,16.866024664418497,10857.976218355028,4.337933027616636,2.0,10,0
56.61359823406467,1,1,1,4.019302196734797,1,0.1550986469739055,0.15878287419485704,45780.6320096088,3.5491758097973762,2.0,5,0
1428.3718713744533,1,2,1,4.617805660349868,1,3.70436144942796,3.057907420037524,21927.2523658477,3.27985915701025,4.0,5,0
717.800515188802,1,3,1,19.045105391056225,7,1.2487252627450263,0.7481815997673469,4538.522382448807,5.12605609117651,4.0,2,1
140.76105802328678,2,1,1,7.332063973199359,1,8.05569262189445,6.184647464178713,22677.180088507623,4.4171888446642535,2.0,2,0
1456.6005764618906,3,1,0,32.51583043229847,7,0.26702795852850625,0.04680363450848816,3702.953373295423,3.377638314739577,2.0,5,1
64.7780409696071,1,1,1,6.981654590546129,1,4.597242466646324,6.365614467739982,31943.00199127412,4.053194171496611,2.0,5,0
54.29989475925855,1,1,1,5.039590229211762,3,15.648162201410582,21.575719255513953,8780.636390585496,3.462193409001363,4.0,5,0
125.0511960291081,1,1,1,4.439034374232275,3,5.198157416515586,7.523712616275977,11469.084994335388,4.019398329563794,2.0,5,0
1424.8088137551122,1,1,1,2.9109913098340376,5,6.09159405904669,6.8880179835970266,37585.151120545335,3.6966817420506124,2.0,5,0
1455.8241083682244,2,2,1,25.293980038465165,4,1.326852496549895,0.14430741117947515,5003.713517897877,4.479449967602428,2.0,10,1
123.09502065247881,1,1,1,4.744601568405324,5,13.513777198873491,10.697450559630129,15650.163261662414,3.953217153071203,4.0,2,0
72.93375001110775,1,1,1,6.221088396423381,2,2.2448355833909805,1.5082864045099473,10967.402617767006,3.9648271004642432,4.0,5,0
1427.6260562454695,1,1,1,7.97725130285375,1,1.5752075951972402,1.071933871939546,8911.274229333809,3.9248243821300166,4.0,4,0
97.25584779541998,1,2,1,20.22120635742201,5,0.16847058810759713,0.0741173853955433,6224.691293724435,4.609746538476914,2.0,10,1
128.3298172567546,1,1,1,3.614778220296781,2,8.006752852036344,8.970084651410609,12269.143308075634,3.514341640314242,4.0,2,0
124.26236293107732,1,1,1,10.609144745378035,1,2.0964049819586372,1.6685464605672042,20207.389626346536,3.7984433924980308,4.0,5,0
1425.8096201190042,1,1,0,38.98869602052438,7,0.10928208618591241,0.050074011800590186,18534.737493402296,5.815816183795892,8.0,10,1
1425.4695717336108,2,1,1,8.16612200697725,1,2.279768556834067,1.98089739029065,18348.214406371517,3.741519287469491,4.0,2,0
105.54404250580829,1,3,1,27.080746468270295,6,0.14770059601268806,0.04591666475587343,4816.94530693578,4.879446214628506,4.0,20,1
48.127331661030645,1,1,0,17.61514903802626,4,0.607537937908706,0.17022797636240666,16250.440197063828,4.377922059841885,4.0,5,1
64.37380938800419,1,2,1,5.997866894826192,2,20.523040866660047,12.734402426420502,33261.63244701814,4.232859724370584,4.0,10,0
121.48070290107829,1,3,1,4.599877564535589,1,5.79363619275378,6.206070488486981,30976.945094662733,3.7515303246044778,2.0,2,0
34.24809702247143,1,2,1,34.187218534793246,5,0.262363882519706,0.20177618056464375,4195.483064583513,5.632584272116925,4.0,20,1
47.91995447915063,1,3,1,18.66385422581649,8,0.8532827317930747,0.36222331865035984,2225.020812759893,4.145125235822878,2.0,4,1
57.5852946691018,1,1,1,2.8054616850126797,4,11.076664299072121,7.1191634829458,35841.14032038354,3.5576561157849316,2.0,5,0
62.11990986011116,1,1,1,7.479389014300379,2,1.9068768437240469,1.4344034301496456,31649.73113552194,4.697726792361919,8.0,5,0
109.16651379782442,1,3,1,30.866571621886358,5,0.5469216161174417,0.10503746511155405,526.8344759528363,5.915646360296318,2.0,2,1
77.15060816727265,1,1,1,10.195317528136552,2,3.39569670902119,3.3056364693479674,55993.51657439772,3.861533887039483,2.0,5,0
524.1205071288257,1,1,1,3.2121251433576155,2,2.3846410609148867,3.2776715835307533,19728.866767474286,3.869840875241135,15.0,2,0
1420.445376135343,1,1,1,7.981176267495578,2,2.2911627294622376,1.7512116264400683,21321.619154179283,3.839560056048333,15.0,5,0
70.00239028218667,1,3,1,26.63508147295592,9,1.9844015773574137,0.5363249507212643,8421.21072189949,5.756395440762468,4.0,20,1
766.0468522094279,1,1,1,16.858651604295453,8,0.5854457234283832,0.07632787300843419,6257.759096662428,3.8142308635480857,4.0,10,1
69.45314041873984,2,2,1,23.602720202909712,6,1.0252641039415913,0.2633150125506409,1777.929083203897,7.040471061969502,6.0,2,1
132.5490321889023,1,1,1,1.9481254991683343,1,1.4977514611348521,1.5006084016490868,26911.783084634724,3.855405687503932,4.0,10,0
129.63862494988422,1,2,1,5.954326547008233,1,3.9213890031646796,5.05955048637739,10576.26274497884,4.597843590914324,2.0,10,0
486.56292783158597,1,1,1,5.756403151417527,1,1.2520047445974374,1.0298407086185506,13364.992853106118,4.503788897095707,4.0,2,0
116.8800232957381,1,1,1,5.615908863953454,2,9.975001305751773,13.387417849074989,7681.371473326391,3.796040824407535,8.0,2,0
32.179934157410464,1,1,1,27.452894943768893,6,3.8521535558046525,0.4139441516126509,19224.440968327097,5.346097959369189,30.0,10,1
742.3593072203331,1,1,1,18.32066428148056,3,2.1743116162805833,0.8942629843292582,13878.7218176292,4.033675394410027,6.0,8,1
514.4106513592346,1,1,1,7.31707197589072,3,12.678881135791261,13.003679126404437,15129.131530508954,3.653839356687945,2.0,20,0
125.31369378529033,2,1,1,3.8811317829384,2,2.796946600210281,2.650463694270578,14613.847425417582,3.828956777639521,8.0,10,0
67.75898047471229,1,1,1,4.84618915200706,1,0.25133767186976014,0.25924214975659393,26944.52404668448,3.053028188054089,4.0,10,0
58.9995743791398,1,1,1,35.73589242798408,6,3.452986901749105,2.645709358891448,14783.875662052806,5.683273984334108,8.0,4,1
1429.521254898197,2,1,1,10.188619846730443,3,0.333201189113498,0.3511983008563721,6480.608378190349,4.059204623389615,2.0,10,0
761.2511194293695,3,1,1,27.81558326608657,5,1.9555411145346457,0.5585148368329256,974.1655937557192,4.451114290955031,2.0,10,1
1447.0534296240003,2,1,1,21.11450424707265,4,1.8247788895187418,0.817036882830962,7078.186596247948,4.454720341349875,2.0,10,1
1402.74099687752,1,1,1,12.771280021911414,2,0.7709432272066038,0.6624580024957083,15218.162017228047,3.9796542365383076,2.0,2,0
525.541974225267,1,1,1,2.4223557632120425,1,1.1178023028365434,1.2813007935728524,17173.923054557614,3.8315645335006248,8.0,10,0
1428.5688740167002,1,1,1,3.520723245703147,3,2.2483243443611456,1.729560495738619,7874.527986014953,3.3302203460235824,4.0,5,0
57.044537305998546,2,1,1,6.583132831117153,2,1.1567302911816042,1.37382337547718,7559.559073965136,3.8606961069085046,2.0,2,0
1413.18570796313,1,1,1,2.7078009337122246,3,4.976087138059441,6.649809771457723,9672.042184314689,2.9025702663983455,8.0,5,0
529.463759077792,1,1,1,3.4623718452048533,2,0.2023031162081142,0.19528818054873884,15058.081573736765,4.031657402723802,8.0,5,0
51.15714086186229,1,1,1,24.475396606768992,4,1.541415438513263,1.1319206415937098,9568.168479520024,4.05637686932848,8.0,2,1
126.61966846268561,2,1,1,3.882961758192187,1,0.1395629013925216,0.20350108795160005,15935.426112794385,3.765680862041217,2.0,5,0
767.4099621983446,2,2,1,19.5047931165564,7,0.5466187860047576,0.40245622743808135,13531.899350705617,5.175378974302605,4.0,20,1
508.2060953165221,1,1,1,7.404176541605873,2,2.33832501905982,1.6626338979236102,22964.119696396338,3.501363681637167,4.0,2,0
78.92307074143802,1,2,1,8.779340855765398,3,0.46299396236039536,0.2823854003567673,6922.587754812488,6.21875382857778,8.0,2,1
520.6969355114874,1,1,1,11.738994348382432,3,1.9313336531174874,1.2375628970078958,6153.889956181961,4.422744373904261,15.0,10,0
498.2624656610611,1,1,1,4.044935900718931,2,5.380522137220051,6.058696514547284,44112.88974525622,4.227670240973444,4.0,5,0
58.951402736617204,2,2,1,8.428207488758078,4,3.851039126967127,3.7894715941080843,21153.05659129375,3.9502010046719334,4.0,5,0
67.50743095826847,1,1,0,15.626555100187437,5,3.888953192735368,2.2074303706870433,15279.4581183786,3.4303342350740675,16.0,10,1
81.5506806018933,1,2,1,30.424492589720828,4,0.10922080794782175,0.07389758202557652,1699.5628476302968,4.251645849081539,4.0,8,1
73.12634110024501,1,1,1,8.687868333919681,2,0.49885555573228935,0.35432437473416745,8300.74296040374,3.9658258801504087,8.0,5,0
64.17941733762925,1,1,1,4.561995637818386,1,2.8028117341729444,3.088519889819487,25497.0003824969,3.7765807244171965,8.0,10,0
143.56742098617457,1,1,1,12.61360039797158,4,3.5976182373104497,5.365487556443557,9313.13545465658,4.040423069909027,2.0,5,0
61.818096522302056,1,2,1,4.54812797926345,4,1.6643601484495198,1.0897009926437942,7476.536346773637,4.404824798108122,8.0,5,0
59.908288078498636,1,3,0,25.14327013517325,8,2.7418147642876813,0.9334150481529638,15072.847835842564,4.860513765049616,4.0,20,1
1439.1580773697272,1,3,1,6.114384118043575,1,3.2507045069833467,4.665302129958385,8554.127162593051,3.8843797729310205,4.0,2,0
61.60759477999062,1,2,1,10.62538468271384,1,2.561803313664143,3.2406653357517023,9615.815414691962,4.038339109202976,8.0,2,0
34.20998809164718,1,1,1,21.690040777454076,7,0.8193730693463044,0.48601001274263433,14029.683984667587,5.150494468396498,30.0,4,1
507.4863094948418,1,2,1,2.129778943032152,5,4.586469366476178,4.151213243286771,40745.12358900864,3.3036274741392964,4.0,5,0
67.39575927927427,1,1,1,3.5001004743418735,1,1.4171298760611553,1.26621976823348,7860.763475240129,4.219952898641255,8.0,5,0
122.06351085122496,1,2,1,3.7416803304860005,3,9.82660612441581,13.951537852339198,27749.671016984754,4.130055127945893,2.0,10,0
499.4211962050798,2,2,1,4.759667519231215,2,0.11296100202879886,0.07454318646385592,19845.53417601135,3.94234421685244,8.0,5,0
60.4741788295565,1,1,1,3.449284382982973,6,2.6271717563322787,2.749329165764362,24466.028299723315,3.845563542289274,2.0,10,0
1422.7137038329204,1,1,1,2.5919872110277784,4,27.944903450411015,19.40846973013398,7711.553047763699,4.5983809447475785,4.0,5,0
43.81235376034597,1,1,1,25.24419913836644,5,0.8734655272769196,0.676150399841643,1957.7498046230562,6.032347794402098,15.0,20,1
73.0567903798643,1,2,1,3.9949836170891095,3,8.356494923536866,7.314632983528149,22381.998667056723,3.999981907429019,8.0,10,0
506.6051889906708,1,2,1,5.672297620969477,2,19.6779842029537,21.625156506700378,18632.46166949716,3.2437554603009056,2.0,4,0
522.2710474833666,1,1,1,4.373304140544907,1,9.645969946983499,13.899083751964083,12598.1994667524,3.9264870473739353,2.0,5,0
1418.8475097761216,1,1,1,3.7137618462805793,2,5.254339653738585,3.2612657124650175,3838.243493232479,4.22882611655751,4.0,5,0
83.57916359862706,1,1,1,6.604359295819436,1,2.73900616542859,3.5631650348023776,37929.197970828456,3.509941491777224,2.0,2,0
118.79628452494349,1,2,1,8.15667740882244,2,18.94002879027151,15.010720157424753,7428.761583142148,4.06563207228915,2.0,5,0
53.42016400734402,2,1,1,36.89447154526727,3,1.1686667067096674,0.136972133850236,6214.919829979861,5.990988311236068,2.0,8,1
522.3715436730747,1,1,1,4.2491962628823705,5,3.713320997401563,4.253704253773371,46866.67303225009,4.009847613968295,8.0,5,0
514.8545953295222,1,2,1,1.6875330494345104,2,5.972204245579446,4.89876024781147,8191.573495782431,4.1278728904507505,4.0,2,0
32.36463895478167,1,3,1,17.973555274015922,3,0.4794734061129273,0.2114879021404886,7744.41985452324,4.572224596657043,4.0,2,1
53.742318130002246,1,2,1,4.953119125537472,3,13.33689025233888,16.22993249905096,15654.14448863019,3.8778240965592956,4.0,5,0
717.2949625722766,1,2,0,26.363189679007352,6,1.516416410945949,0.34693113962371824,12343.199533461158,7.198990193860974,2.0,20,1
137.44759556243412,1,1,1,9.375263637860137,1,3.4996418788840553,3.5165136258350684,21827.05287200388,4.1165728291846175,4.0,2,0
137.5211713101712,1,1,0,12.627074334232315,3,0.7365185433983442,0.6811976613695986,26307.043767265102,3.501345625052158,2.0,2,0
59.1843813993671,1,2,1,12.266325127891225,6,1.7114512745397696,0.27321528546454754,8172.416588934945,5.547180075375833,8.0,20,1
74.40242799316677,1,1,1,10.249337194558462,1,7.317013028689713,10.93804679245632,4521.207293125869,4.427765075674913,2.0,2,0
512.0591058221625,1,2,1,2.3862392937663524,4,3.182656158190451,4.267480518854971,21638.77471673997,3.678725856818914,4.0,5,0
123.37352135410744,1,1,1,4.7874642053659064,1,22.288601368500125,30.697587198748227,20823.208497730568,3.1572821128930784,4.0,2,0
735.134419997633,1,3,1,28.893802822726247,4,0.5124649081121588,0.3614623868995876,5162.820604575514,6.465068649547623,30.0,2,1
27.40117338525547,1,3,1,34.47288928346579,3,4.569396910726216,3.3883259704457833,6440.425096739416,5.386658364969585,4.0,4,1
121.03322960493816,1,2,1,4.273361136525777,1,7.8241872066528195,7.923419955793171,16649.24327430985,4.2918408443884095,8.0,20,0
68.52578340501233,1,1,1,11.316569804683528,2,4.249138245533273,4.085469498867701,18667.310168348653,3.738456747946651,2.0,10,0
58.30675856284582,1,2,1,20.008032569613537,6,1.3838935667137322,0.370011698819676,1510.3870166006259,6.182334847449301,4.0,20,1
25.01372809412938,1,2,1,16.9829602078563,2,0.015157166155096033,0.006896859821440584,8161.945712420431,4.803873207652712,30.0,5,1
83.14226342556665,1,2,1,39.68499942642711,5,1.0080519747078367,0.4285033760982548,5632.825036820515,5.958602441234006,8.0,16,1
59.410627216068164,2,1,1,3.8030126433984424,2,5.622985323677543,4.367003001728001,20230.277159947134,3.5992064545845452,8.0,10,0
128.60340788630214,1,2,1,2.4338643830281574,3,2.634714144158583,1.9516181253172038,8003.924670223646,2.9951516072262754,2.0,5,0
1419.1050257874927,1,2,1,3.408405996144481,1,10.614418842557354,10.594113722867098,4080.839295168705,3.938158126893305,4.0,2,0
33.684459498914606,1,3,1,29.059908089361357,4,3.4147738028738828,0.9493555149431283,1013.1427062930387,4.89114099719195,4.0,5,1
125.89730641850574,1,1,1,7.818487220864285,2,3.1733722975039593,2.537651761631177,29553.5671953843,3.6978935118371803,4.0,5,0
69.24673831362975,1,1,1,9.306844780034684,2,3.1541146653992844,1.920224964196967,24775.2130432359,2.7986297146528143,8.0,5,0
515.0181745200158,1,1,1,3.1934123572220363,2,10.301434721315065,7.95042110368208,17764.852761641294,3.5942969065976738,2.0,2,0
124.38726379917796,1,1,1,4.265581831119877,2,7.002620867537337,6.448420421968994,12887.879624125128,3.499585206430325,15.0,2,0
503.3484263643793,1,2,1,3.9825945413054296,5,4.87514404697678,6.333046876335428,6083.583720498337,4.240631357980277,4.0,5,0
503.4614891193557,1,1,1,3.4299890693388977,1,2.166837581923423,2.306874160414577,7101.060222936678,3.9139095748892743,2.0,2,0
79.87382801679503,1,1,1,2.576038306522285,2,4.877238111068713,4.866690221552068,22398.746889937505,3.1300415759179154,15.0,2,0
501.65473761883817,1,1,1,11.270318600043112,1,16.471438449188717,24.482888363876775,25244.517931377213,3.5281801361148055,4.0,10,0
1419.7333720077545,1,1,1,7.212901605911346,2,0.3905717271254482,0.25058134276913246,15500.114311501215,4.3230285154337755,4.0,2,0
513.0119781524462,1,2,0,7.365947205897793,3,8.876409139139115,7.902893869213536,16720.392496201504,3.892476191262221,2.0,5,0
130.9394948588973,1,2,1,5.7301014739835745,3,3.1940593815308933,3.1078857567491696,15742.660224660216,4.00745730862115,4.0,2,0
73.79548921860949,1,2,0,26.687461334541204,4,2.5707389798538585,1.8917370428623412,3256.658883653668,5.041867944269375,2.0,16,1
511.5658466649904,2,1,1,3.1079034369472125,3,13.679241640088788,20.13217280211847,4828.964391590414,4.198553747084516,4.0,2,0
50.518420377488056,2,2,1,17.61725800640305,1,0.18082361634924407,0.05177931051424965,8635.085680521532,6.838524165762766,4.0,20,1
514.3371671208879,1,1,1,2.8520469121238436,6,5.711198998393762,4.411935149862954,7629.38717689603,3.6273772915102307,8.0,5,0
40.30029557298854,2,2,0,23.093879888968395,3,2.98226752064119,1.4559524276307119,13469.793045782304,5.3680835820755295,6.0,20,1
744.3901185252593,3,2,1,16.942835138575006,1,0.2725207340889803,0.19546575987055323,2284.376945794326,4.944350641697139,2.0,5,1
508.2257108769103,2,1,1,8.545046195159724,2,0.863352003196907,1.2069875095042502,18054.70877565385,4.29663592206526,2.0,10,0
745.6949508017511,1,2,1,19.180919657842978,6,1.1104814389559428,0.37451239945766424,2371.143760731915,6.51372832257586,6.0,20,1
529.6016012317465,2,3,1,2.12221301798216,1,0.31280481264235527,0.21671410716027842,16049.5680917147,3.9787475602198548,2.0,2,0
136.79872899878444,1,2,1,6.851338842472592,1,1.042376600384787,1.2536711351813623,12454.376182928472,2.941915008067447,8.0,5,0
21.224713003037603,1,3,1,33.96970022776749,5,1.218624765392612,0.6488222426623125,4776.324500567778,6.356120394831443,24.0,5,1
42.20963133032305,1,1,1,23.03597698166281,4,0.7123405617087244,0.07409795556572711,2073.7917218439934,6.375059140514034,2.0,16,1
509.21041614462405,1,1,1,2.2091099033540456,1,3.881175908861397,2.879514729365242,7433.082656841246,4.0998858185335605,4.0,5,0
56.923143060724215,1,2,1,3.5294675563265687,1,1.1558942541392845,1.6727540219637684,6877.807167275619,4.669366772015323,4.0,10,0
133.4597619516996,1,2,1,4.521167386549349,5,1.445686146868729,1.51464852539743,14441.235187310105,3.800175807662286,8.0,2,0
64.54953326341789,1,2,1,15.711645938327084,6,1.3076911699156368,0.7188398790364706,6257.027991007251,6.316490342107066,8.0,20,1
1427.4109321681913,1,1,1,6.1193254495523455,1,7.880026022287303,9.78735875340998,53013.011705430734,2.7448383405574326,8.0,2,0
148.93699487610846,1,1,1,5.27593577656631,2,6.832565200038065,6.391049214032767,4888.501727976725,3.805088252113612,8.0,2,0
517.318071315589,1,1,1,4.682550846175241,1,2.8927077050776373,3.73419220509007,13833.007646559132,3.2039999593527644,4.0,2,0
1465.664884471186,1,1,1,24.66774695434405,8,3.334433835946538,1.7086064260195388,8255.217292292307,6.233570416085192,6.0,10,1
76.51620599160697,1,1,1,4.498166118491293,2,0.1279156231696299,0.15251562450785672,15560.498999235639,3.567201315512369,8.0,2,0
500.63872933803214,1,1,1,3.4570216256769424,2,2.1550498187798053,2.876414549655924,21662.39202777443,3.5104735101313063,8.0,2,0
1419.5478627888142,1,3,1,8.041351015608004,5,4.805448231600232,3.695248824375727,19927.644018891464,3.9321857243192526,4.0,10,0
63.64176911044773,1,1,1,6.91158247190956,2,2.8626789147990013,4.047463861260941,13665.232459316456,3.7892044534274993,4.0,2,0
44.486800155105456,1,1,1,6.805125784318296,1,5.180174720788313,7.077354347319357,9799.49210284869,3.931726575676329,15.0,10,0
1412.1450458598922,1,1,1,5.91522476887224,3,0.5734708085842679,0.6659415956415545,17520.82178173315,3.901623843637679,8.0,2,0
120.55017758898079,1,1,1,4.025332853873336,7,5.4257425175044345,4.744056107956843,20595.757675292443,3.1984499073303683,4.0,2,0
120.54659495177017,1,2,1,7.985863968704871,1,1.270502652010101,1.7260206857346858,13094.58010881194,3.8533264071212554,2.0,5,0
114.81067634557377,2,1,1,7.375744250830256,1,8.944425255903283,10.075506096857401,13867.80494387407,3.9733179276767703,2.0,5,0
511.61456042758886,1,1,1,3.875164475178041,4,4.327879850558201,3.768527991603698,4913.095348123127,3.770481264409434,8.0,10,0
510.71976843252395,1,1,1,3.0694467964930126,1,1.679238096544493,1.0625299649542972,5997.146131570934,3.4440942343164265,8.0,2,0
507.6446688914226,2,1,1,3.188390159603766,2,0.2841040144005014,0.3337187847096125,31252.005916197788,3.9144984286954747,4.0,10,0
1416.9646051480197,1,1,1,3.623875735062199,2,3.5825299497581247,2.284733467577643,5272.266852260893,3.7145576265484372,15.0,5,0
68.25259626168624,1,2,0,29.699636474122975,7,2.4265764368606586,0.7875704762293646,2994.6907050355853,5.489315604382146,4.0,10,1
82.47179597222379,2,3,1,2.8674048709628677,1,6.333862784487275,5.461580426313649,24086.579191791167,3.2705534355080292,4.0,10,0
522.8513438725554,1,2,1,5.814535147769849,1,1.8997955419823596,2.3033608935113277,15092.008078190182,4.157489988704708,4.0,10,0
131.89588658307548,1,2,1,7.144141833003566,1,11.02668100880931,15.698880340486305,15488.888437160162,3.962756099542555,4.0,2,0
134.0738723573592,2,1,1,6.299479830548053,2,3.752884531170275,4.768110027783162,11046.76921560765,3.3498926744895297,8.0,10,0
1426.9631552860274,1,1,0,7.339970941737762,2,0.8001559836669367,0.6686726168094461,26484.450725122846,4.262983950314306,4.0,2,0
1427.252125198291,1,3,1,7.470744061492712,1,6.960767597707742,7.407460744393659,12526.799918291641,3.3887244452316505,15.0,5,0
137.36286297295393,1,1,1,5.760226721046744,4,14.266619413239122,14.932698541058157,11099.648727559077,3.6219228329027944,4.0,5,0
56.45670901378051,1,1,0,10.754430636195856,3,0.4324937887256809,0.5244834430626918,20472.241745699463,4.455922985258206,8.0,5,0
1427.4225345678747,1,1,1,2.4386582307622877,4,1.220452955849868,1.2499710172882081,18811.29638502894,3.958193468071718,2.0,2,0
53.66843004601526,1,1,1,3.872509149305908,1,1.2127034918934516,1.0556547115510375,39317.51385708746,3.8295873530287485,2.0,5,0
510.6944008883487,1,2,0,3.7086967007424874,1,4.256716361245177,4.666237269086881,17316.550084280887,4.092016890821912,2.0,2,0
514.3740073838535,1,1,1,7.371991392817421,3,9.881574363299375,14.626271160297563,2195.4394417735166,3.7635758649417013,15.0,10,0
62.659093753149975,1,1,1,4.892322873845539,3,2.813254667842265,2.2539120973518685,9446.047277520842,3.5900079871660173,8.0,5,0
753.0816866018307,1,3,1,18.328688056420063,6,0.14842644480409428,0.11371377004344363,11326.586669210046,4.238961236975983,8.0,5,1
89.3113183883075,1,2,1,14.314350490118917,6,2.968807703492777,0.412489228343713,1685.556456218221,6.537390339999573,4.0,4,1
126.11767988049519,1,1,1,9.10869939308578,1,4.814920939369375,5.040390887016582,32785.33296736354,3.7712674605310363,4.0,2,0
106.05188437098316,2,3,1,3.2488935255100273,1,4.893178209380201,3.7564171947144143,11500.089255659474,4.37626673957428,4.0,2,0
138.04822818547706,1,1,1,7.121991997281663,2,14.983182461413843,10.72358202595746,21427.858099096324,3.2250676760793837,4.0,5,0
126.32613049376185,1,1,0,5.854473642881334,2,5.840840638379057,6.894329135712029,7098.520892109129,3.3740109654876953,2.0,10,0
56.48315143593386,1,3,1,44.19915609508968,5,1.1379907063364638,0.7995237266871515,11247.650554568556,4.319485522114341,16.0,2,1
739.1234860144931,2,2,1,19.196013878054508,2,4.679291197952617,3.687983177689884,7167.150734799059,4.65004490980866,20.0,2,1
114.63059572462191,1,1,1,5.6823121939089845,4,0.18489623648189962,0.22842507569560255,19274.675127721006,3.343353472873508,4.0,10,0
1420.964861815841,1,1,1,5.398623477483305,1,16.18078503216303,17.715496033641177,16475.367181378562,3.54301730271138,4.0,10,0
36.130789916471095,1,2,1,21.08726718294731,6,2.997620198649158,1.4178255750712643,7966.328635119547,5.021534285023953,15.0,16,1
1493.654973763792,1,2,1,26.08349047002491,4,0.16621420360048317,0.05226597623852511,18957.066986782924,5.184637425379446,15.0,16,1
40.50428256293731,1,1,1,29.09995089150164,5,0.8602701968391784,0.3674453418436725,4478.055415125769,6.330834461854427,4.0,10,1
512.0125691236499,1,1,0,4.213123437271317,3,10.331592903019123,8.985982883971424,10500.12249411788,3.4411694355601017,2.0,5,0
1427.6477536996404,2,1,1,7.19380835528019,2,0.35700631015378537,0.263591661391323,12880.296814387717,3.7913738362317755,2.0,5,0
72.10686012580669,1,2,1,21.235181148965804,3,1.7830995896818618,0.8909508070126247,5110.242750143608,5.914516337644608,8.0,2,1
120.66499230455338,1,1,1,9.36778384963406,2,14.61304429259819,21.027871551269698,39153.187052988134,3.7250735129131343,4.0,10,0
512.6081757548592,1,1,1,5.82597842110664,1,3.352600106649759,3.6898718702509665,10923.237621121709,3.7568243910311274,2.0,5,0
59.19295612463291,1,1,1,5.3310527505773315,2,5.080649882344318,6.974955965026507,17889.312643802128,4.220602918242922,4.0,5,0
122.01109233312637,1,3,1,8.177555432990406,1,8.419337227194616,9.92918732710572,27703.47279278802,3.8691836755864646,2.0,10,0
499.66551512220684,1,2,1,4.38837194048733,4,5.4713098261283335,4.063324517915075,10946.541098229718,3.9664657764064537,2.0,10,0
122.41378508518763,1,2,1,4.686772923521299,2,5.225078108410814,6.114155313101147,8711.239749733873,3.737311608519383,4.0,5,0
531.9359949955247,1,1,1,3.6018911599024657,1,2.057021877970261,1.5032410510124716,30057.097530652252,3.899965430094654,8.0,5,0
124.71164526260549,2,3,1,3.785015826716009,1,3.0573273556089076,3.498674291043614,34577.39370201943,4.394184049160641,8.0,2,0
1450.5999958535983,1,1,1,5.999885382150898,1,1.7647876421500153,1.7016724497893443,33375.74092336949,3.696054557236896,4.0,5,0
68.50257942128923,1,1,1,17.180932223584293,4,0.7412992278324432,0.42696958213595415,4898.451716635951,4.5429671323172265,2.0,2,1
62.51308074229169,1,3,1,4.551088139844634,1,7.168478775109653,6.026167614199581,9797.363445149647,3.2223109164114137,4.0,10,0
1429.300934388048,2,1,1,1.6257791817690572,3,2.7083668221187307,2.766660311610426,27275.49018304576,3.8680303589216307,2.0,10,0
126.569108149036,1,3,1,3.786907037941037,2,4.301053318083803,4.420878460299781,24496.037566290273,3.520029959491888,8.0,5,0
63.25560141496537,1,1,1,7.107493833849992,4,10.027429898310322,12.693788733947573,17503.48132739852,3.6636704670222593,8.0,2,0
127.84504543408386,1,1,1,7.673129906252351,2,3.655152581190972,2.6254712738540484,20478.066229541368,4.2266107187774375,4.0,5,0
83.97065934925631,1,1,1,22.998986494201407,5,0.23092383513731907,0.12361898152370712,12002.653461669399,5.312250640030313,4.0,20,1
129.423239277469,1,1,1,7.038763457206546,1,14.131659671786403,12.295190960531896,11571.076895628157,2.9964930228608426,4.0,5,0
133.56242978135742,1,3,1,6.89560560696968,1,1.4289129701183334,2.1100074806771456,13769.95133752719,3.542011093238262,2.0,2,0
750.2573194405318,1,1,1,17.391826519894536,3,2.4796248355509913,0.5372428634883221,2604.0705947784495,7.5,30.0,2,1
1464.1149577849803,1,2,1,28.629764953913295,4,1.4597811967529275,0.24022289680570894,863.761701024052,5.357136611756976,4.0,16,1
37.422246194467,1,1,0,19.674950383046408,5,0.7645178145613403,0.4718367284438357,2770.0616978085873,6.526715130331366,30.0,20,1
80.24076505909122,1,1,1,5.341183340629387,1,8.795028230210844,10.16172549740108,4333.9553719228525,4.0478519526330725,8.0,10,0
127.21002966040983,1,1,1,2.197299609248028,1,15.88795670660066,12.64925312710713,17762.31245766609,3.9108612314136795,2.0,4,0
48.191771854219084,1,1,1,25.262724854890443,4,0.41380457080321154,0.28866297951015807,3932.319583382054,4.8213390771288,8.0,4,1
129.9485397725642,1,2,1,11.99205299832578,2,0.5654101101368142,0.4349395234924584,12624.810916205884,3.060908875232582,8.0,2,0
1403.2745356682965,1,1,1,7.4879600143438125,1,4.2178748431529165,5.327443540612012,16491.159414336053,4.386840748997489,2.0,2,0
1426.184549477937,2,1,1,14.290367568860196,2,1.4169345713594492,2.0110030676730775,9720.453325734827,4.497371718842446,4.0,5,0
503.6244958947293,2,2,1,14.827522466776932,1,5.407263428740013,5.599235519781484,28004.30745800827,3.9499315473465426,8.0,2,0
507.8006513712766,1,1,1,15.860171868372273,1,9.166153018305277,9.339812232579094,13668.310827011395,4.457253803116753,8.0,2,0
1485.4293664798333,2,2,1,35.273178722906884,9,0.8892415131503527,0.6511810299259827,12369.297695361895,5.684794144865105,30.0,2,1
127.98545781242942,1,1,1,7.770344501627641,4,3.3191680108502704,4.184788213112683,19378.909125223254,3.928824190915423,4.0,10,0
1426.8227734415957,1,1,1,4.827448225386879,1,0.8342265268186174,0.5840568066508564,25205.054064360564,3.907590480943667,4.0,2,0
525.3775710010017,1,2,1,3.209841278467717,2,6.286185494015333,6.7941544536490355,14604.316650718802,3.4225110837586237,4.0,2,0
70.94650648628458,1,1,1,13.251757144200528,3,0.7058799033653842,0.8022943883822122,6129.64815366347,3.2900911975451606,2.0,10,0
51.303340594384956,1,2,1,24.953864271834963,5,0.5580771837357645,0.15635337261125312,5676.766443095184,5.609684277328005,2.0,10,1
48.19936580448143,1,1,1,20.169629151122646,9,2.270871023986657,1.530893577073678,2525.399555212348,4.714228259724238,24.0,4,1
513.1969967588902,1,1,1,6.415478903467384,4,6.880704136804684,4.713875056291431,34717.46781851738,3.031241755364358,4.0,5,0
132.35283188062726,1,1,1,4.408799518691055,2,4.870618946225588,3.2481949673057517,24135.695180808932,3.3966443715148102,4.0,2,0
77.423303341181,1,2,1,20.211539488383707,9,1.4643240426721602,0.3759809215879763,5555.532849026178,5.07396531056236,15.0,4,1
1465.3486106089965,1,2,1,17.766331674661078,2,2.2250873358347922,1.7248611549599446,3937.508721190884,5.745391240548933,2.0,20,1
525.365817675144,1,1,1,3.5798302418814694,2,9.912265202356517,6.618793904584336,8198.769476742495,3.883596011091676,4.0,10,0
1411.7648867510723,2,1,1,7.21337029480589,3,15.678186690208959,16.734355804197122,24188.652010432685,3.7426756921984206,2.0,4,0
48.76636744727437,1,3,1,25.56440275734025,2,0.6743322164857082,0.1688780331974824,24950.64632203835,5.172588807788104,4.0,4,1
1451.016046685247,1,3,1,26.41627081603087,1,0.9677977533419352,0.10157735754475422,18686.862329006795,6.414812757089718,16.0,2,1
63.373350801799134,1,2,1,23.1063854641603,4,0.6765819296881317,0.28150604736368595,8343.702223868,6.566249760228713,4.0,20,1
47.5430807785169,1,1,0,3.083233204311032,1,3.384921506679139,2.5837145805076878,34704.86810046434,3.8252247240204755,2.0,5,0
114.03820063156961,2,1,1,2.1658935878283914,1,3.1641815136012084,4.5162864022299045,8138.473017646781,2.75772915710711,4.0,2,0
48.410661890621014,1,1,1,17.103974989368577,4,2.152620200371308,1.2026650608814493,15719.82369620583,4.569745110733411,4.0,20,1
66.94336059025512,1,1,1,9.239389777656271,6,2.6527144022311124,2.496380684598583,20139.46453458512,4.097595634200634,2.0,2,0
501.2223499605205,1,2,1,2.5577980248535352,1,2.008976589603366,1.7584323063225928,10226.211447852218,3.576524144025583,4.0,2,0
54.60491918400884,1,3,1,11.608713011524102,3,0.5935920890173573,0.3646544413318126,20577.493471868773,7.363661492300208,2.0,16,1
77.129806265282,1,1,1,2.953045759450564,1,19.866306854107954,13.857892004064999,8434.994259659014,3.621622085637987,8.0,5,0
1442.465320083202,2,1,0,35.063183305230666,3,0.8783456837292773,0.6772963074776964,3064.952708909302,5.980621838422497,4.0,20,1
509.5714691171725,1,1,1,6.85126842838038,2,22.82778156645214,16.473687270974732,15132.368477279495,3.6086351049322256,2.0,10,0
148.38059202782688,1,1,1,7.7070486660937085,1,9.303139633419505,8.930591804873309,26464.155223762715,3.7322883728352787,2.0,2,0
93.9394214651638,1,1,1,16.103856184218145,4,0.7518034144832032,0.4879657315004812,14166.546182748512,4.247324009214828,4.0,16,1
731.959623977107,2,2,1,12.177422822036785,9,0.15888526659906105,0.019220777053194454,8432.309270286567,6.19276950775594,6.0,5,1
1408.0242926155004,1,1,1,5.316091036593294,1,4.094617723496228,5.2911241177468655,11026.725424084087,3.672774848684941,4.0,2,0
1409.2052983415074,1,1,1,5.449676296432124,1,13.593250377807077,8.996222464651485,22969.555985237126,3.392247694549429,4.0,2,0
64.55992880075165,1,1,1,8.578367837979204,1,1.3178762700479192,1.0543618667719608,24522.807734867023,4.089832651274912,4.0,10,0
59.607255438570135,1,1,1,3.061915795628363,2,8.39647840154394,12.045038964898772,9646.010204168968,3.3850673511521028,2.0,2,0
76.48830706750319,2,1,1,5.871494133967256,1,3.0287791924816916,4.1225677504695035,15981.881410662569,3.1728226720788655,15.0,2,0
510.25833571350375,1,1,1,2.922095700817021,1,10.087317562311867,12.030026448415887,27806.81526407767,3.9955515568467983,4.0,2,0
88.92962812565202,2,1,1,29.00633849454593,5,2.089296948593173,1.1981181929130023,6296.3240085865855,4.715511826028369,2.0,2,1
131.5379659478088,1,2,1,1.7522833525881958,1,0.5574676465202298,0.4732227733362845,16573.551606955054,3.7688955386891627,2.0,10,0
143.37792066144,1,1,1,1.9685009861758116,4,6.301229332631794,6.598112378244796,6274.474739707527,3.7440944621579972,2.0,2,0
57.23803222009871,1,2,1,1.6476039113412742,3,12.461410367140973,14.701595930750837,7644.435320095012,4.542801231075296,4.0,5,0
127.28499784968605,1,1,1,2.3072846688090944,5,1.4829392244131778,1.4925866325021326,29120.008830782655,2.9495165359130233,4.0,10,0
66.76948512433802,1,2,1,3.788129359530451,1,9.305994180589884,9.010469037851895,18087.920256769274,3.6172246355597673,4.0,2,0
68.62412045308386,1,1,1,5.237477353448762,1,4.413747786343318,6.153282679900623,9121.525660318825,4.417445911298346,2.0,5,0
1419.1652911039203,1,1,1,2.836531182488095,3,0.9529697700043237,1.2113639117257895,10753.141706593182,3.479610080681066,4.0,2,0
134.77257816627275,2,1,1,11.4550648504707,1,2.2665619704664,2.1952454332991707,24993.75049127376,4.168304609318363,2.0,2,0
139.9662966011213,1,3,1,8.585498824510056,1,3.069550819207228,3.4599050854258304,26133.28416444692,4.55889579413709,4.0,5,0
129.75735119972862,1,1,1,2.4570541823926666,4,3.2726437559999066,2.3250553137064065,4011.214782904385,4.211813848738293,4.0,5,0
1416.512841693615,2,1,1,3.75953640792309,1,20.971965861527707,26.637707907379568,20631.52603732443,3.657134834271,4.0,10,0
529.2618114762284,1,1,1,4.720818565354982,1,9.201338408499149,12.66711768206722,20177.70094826203,3.7242145043333057,4.0,10,0
111.32385444716684,1,1,1,2.8775866668987504,2,1.1365541458137136,0.9377612368985377,9039.086675025206,4.118055556150012,4.0,2,0
65.12550845677369,1,2,1,15.222376875528667,4,0.41923734529595474,0.15652661435760568,6649.040941160966,5.6182282514527735,12.0,4,1
69.15565585585117,1,1,1,8.666474876234329,5,3.439137134494859,4.149461575609726,26751.86245041823,4.576847154414143,2.0,2,0
112.03107967668751,1,2,1,51.42918376289749,2,0.9254776901015724,0.13250707099413797,14478.850337191645,5.905800609200688,8.0,20,1
50.65347339705963,1,3,1,25.05827040423633,8,2.2669069105033905,1.250882520467773,1802.7787970564746,4.766302412826997,8.0,5,1
69.96307624909464,1,3,1,5.467942947767636,2,1.2321999392472063,0.898026406991637,14751.673606363514,3.816630878769216,8.0,2,0
506.36548229689856,1,2,1,5.232045564196704,2,2.4510661230477777,3.307926396517501,13148.018061599807,4.045376487908188,4.0,2,0
66.20551678743179,2,1,1,23.64398610011363,6,0.5154694316029816,0.13896132993718932,5881.815034897718,5.4321524755121295,2.0,8,1
1448.5982237701862,1,1,1,16.327910032909124,3,0.7996197935705582,0.5801648134740996,13707.250492758183,6.99002976272304,2.0,4,1
136.61387646585032,2,1,1,7.048729529010602,2,3.983414815187378,5.940638092114025,20229.70603416994,3.5711273564578208,2.0,5,0
505.59057778700776,1,3,1,5.442769029693486,4,2.095882641133897,1.689028567971442,28483.836152570682,3.856568998042721,4.0,2,0
1430.4359022560552,1,2,1,6.950927813430436,1,4.54887528084135,6.283867720382594,11280.13672780536,3.8688015052539546,2.0,10,0
1428.5428709106081,1,1,1,7.582304444602736,4,8.523392355483784,9.032650139663883,10094.69836895914,4.2855523202834425,2.0,2,0
47.038095159639454,1,2,1,12.00406178067028,6,0.16030104488489372,0.10693093759557638,4926.6458340608515,6.914281208596111,12.0,20,1
76.5323487517528,1,1,1,18.96730861409793,13,0.21165749736456108,0.11382670099641787,3304.0105922519583,4.642595469463957,8.0,5,1
127.53716356035795,1,2,1,8.040096827155637,1,2.624927867875052,2.873954566985419,8806.521602119015,3.8176272203593467,4.0,2,0
1435.6602573773162,1,1,1,4.725066864147118,1,1.5622188642536485,2.247979613574798,10363.290791916563,2.8804474052479856,4.0,2,0
56.265832899744424,1,1,0,15.20700712066804,7,2.6664410638584406,0.5892715849589336,5852.237024649508,6.287938116635735,12.0,5,1
526.2130127495669,1,1,1,5.320140571882202,1,6.290225543081795,6.702660785755434,8005.329432110982,4.1641592480474445,4.0,10,0
82.2463405342651,1,2,1,33.63396621764155,3,0.9573711770074165,0.25609564147844666,14751.17973793952,4.72283492387424,12.0,20,1
141.1115839079752,2,1,1,4.852347961234928,1,3.0085857103909337,3.9871439648978115,45945.430438233154,3.599747566003067,2.0,5,0
111.910373374184,2,3,1,4.902369236730829,1,1.0089889445917761,1.0762718175866943,14940.266830912935,4.029577131126588,2.0,2,0
53.85885950454035,1,1,1,10.368384761349457,10,4.452732016029369,3.5015667763928007,5310.482038784894,5.213752775600767,8.0,10,1
56.436378913178295,1,1,1,4.277383498013564,2,6.599859307182412,5.60137781329545,15338.786468634353,4.5742868206432306,2.0,10,0
1438.7564297957972,1,2,1,26.534961476016527,4,4.287450563531672,0.5222568136161567,6407.931985091475,6.502259162956903,2.0,4,1
1409.319023013993,1,1,1,3.7563407012917454,2,2.870857857886097,2.658635314741294,6605.093370498913,3.5593445196139593,2.0,2,0
112.11262740351775,1,1,1,5.793179318658217,2,2.3509902776917913,2.6451202425006066,10242.848407905456,4.321735106325333,2.0,5,0
41.30090573506319,1,2,0,13.068448266756628,3,0.3854090302258788,0.2965748124555646,14273.955871728145,3.382745993959523,4.0,5,1
2.7930100192173484,1,2,1,55.98187995248732,4,0.2976660224354265,0.04210400226812032,8991.714723804289,5.512316530039604,4.0,10,1
130.2153520241645,1,1,1,3.941148810043972,2,1.4275966193565224,0.8953329712342741,18549.960435849298,4.258039562850023,2.0,10,0
130.00903822552078,1,1,1,6.161030688551551,3,0.25643626752085824,0.2520649716642537,18821.94558205408,3.496861279479797,15.0,2,0
498.0710731873041,2,1,1,13.702499723912908,2,7.586813413299424,6.562155714604843,5027.704091524595,3.5119170077515696,4.0,5,0
101.84485110379158,1,1,1,6.0431618038881325,5,0.41600660655738075,0.2571574517394244,21892.211634359945,4.3366348342103604,8.0,10,0
152.2243813581266,1,1,1,4.516861521557662,1,4.93014259259236,4.2667179534271975,6877.770157006099,3.9816633358993183,4.0,5,0
67.37973249247484,1,1,1,10.380939280545904,1,11.15136175107794,8.151830488079831,26160.038921772404,3.7885679908700065,2.0,5,0
1422.8603838321496,1,2,1,4.450605732050817,1,4.020825031004,3.447119424652233,13998.079158906863,3.559168084068928,8.0,2,0
1432.103842610929,1,1,1,5.939958512107031,1,5.529733897342723,7.3628070167567365,14197.33063736782,3.3407960171349096,4.0,5,0
48.5548776094391,1,1,1,7.51652544000122,3,0.595227280452152,0.7381094037715922,25307.931645699457,3.8556430922924507,2.0,10,0
1438.7606046893152,1,1,1,28.186179168267852,6,0.23213638196267505,0.16517814212135934,7569.475848449294,5.299324074281818,16.0,2,1
61.97757231532471,1,1,1,27.07888379884393,5,1.860418941759814,0.4168085890194791,6295.411620972289,3.967928329464143,4.0,10,1
19.169915891301336,2,3,1,46.226064480467976,5,0.5410477372676591,0.40189172241985033,9761.716759662124,5.575102401963539,4.0,20,1
146.97227242164507,1,3,1,4.272771024819445,4,0.3532907732014895,0.2710153369843858,11268.911633389775,4.593013794478079,8.0,5,0
119.4558328909937,1,1,1,9.048845147015765,2,1.539011215707845,1.6358730733637388,22904.567221427405,3.3383657907124435,2.0,5,0
510.9841177097027,1,1,1,3.1126211565369246,2,1.6814163140436065,1.5631653269589438,16584.159940938178,3.2270959734002744,4.0,2,0
499.6126956838288,1,1,1,4.74324197103506,1,12.732430050999762,14.049258557344594,22878.641385486237,3.5979069646656154,2.0,5,0
58.32478823496389,1,1,1,32.75968850276057,8,0.1699156360684394,0.09834772959995529,6160.764463014757,6.07557082466087,30.0,2,1
43.76673138959925,1,2,1,19.534787759246665,4,0.32142126064375304,0.18112984581885289,1632.6157976851248,6.561839897087238,6.0,10,1
49.236558608340495,1,3,1,33.1748359162378,10,2.076961898379969,1.394954578098834,11248.886383119803,5.339514473824346,4.0,4,1
50.97979510486222,1,2,1,10.968758125914233,2,8.850914835391606,9.7004110378467,15686.671720330534,3.993603462334724,8.0,5,0
515.1899247176336,1,2,1,6.501104681337128,2,24.85269436391901,33.52064741607473,12433.78015119625,3.4795350164057592,8.0,5,0
1407.7022898034907,2,1,1,9.682847067905714,3,0.5830947166337307,0.41248553877520455,13627.044740154899,4.178375925566977,8.0,5,0
113.78077656437203,1,1,0,4.605640301273737,1,0.46938389082998366,0.3415505625998834,24540.7450042655,4.052081991177021,4.0,2,0
520.0671812194425,1,1,1,10.952607661053445,1,1.812292455387356,2.506970141186645,10808.31777319506,3.568552560384103,4.0,5,0
522.1592731008847,2,1,1,7.096777513201643,3,1.6773935056406255,1.2402341936494028,6630.720127429229,3.948038207061045,8.0,4,0
1427.2122262399607,1,2,1,6.388278898993853,2,2.5213020779850983,1.7437420645644308,7984.736691286704,4.026227574712467,2.0,5,0
46.60329535577483,1,3,1,23.807898194031512,4,1.3494497135338028,0.8996009156797502,5606.0377981186875,5.950744504578589,8.0,10,1
1405.1259531410367,2,1,1,11.461112466059175,1,1.133895383593955,1.5099732177573928,27974.916293349102,3.232710936184847,8.0,4,0
64.73039047412273,1,2,1,19.864133479849297,3,1.321754067548338,0.25040163609773375,14496.331508969219,6.833628618929341,4.0,20,1
767.7263725589187,1,1,1,12.330334522359049,5,0.79607780364751,0.11361593572600671,13221.928226675067,6.639820622960098,24.0,10,1
68.04796419460898,1,3,1,4.054745247643892,2,5.872450792647174,5.279644477121887,12765.750180355368,3.8114506437099824,4.0,10,0
40.22726739093887,1,2,1,22.260875659292367,5,0.6948941342006205,0.5428008471888385,964.7723926226292,6.470219143904027,30.0,16,1
125.54881163560205,1,1,1,5.202139576236677,2,6.1684268190066165,7.656246841882336,2402.024958124488,3.362765877924593,4.0,2,0
48.34630032678854,1,1,1,5.372118237258814,4,3.0366148769272545,3.0421008260546514,35037.52646889876,4.680826633618414,2.0,5,0
143.2690020032407,2,1,1,3.0778689835328485,1,1.7223756900584961,2.0589125094389984,13716.795047855989,3.5306793324364607,8.0,5,0
1406.630932458113,2,1,1,4.91314189103478,1,4.316416864262872,5.250715301539441,22773.555172559438,4.085839596685434,15.0,5,0
514.0393306363763,1,1,1,4.6717428534916525,1,3.334311755852217,3.661921880302005,24327.981498823523,3.803823831454289,4.0,10,0
510.1223253466118,1,3,1,6.291293102619141,3,1.0280556164798331,0.9325269949735228,13664.509306994387,3.786718387639406,15.0,5,0
61.09128280474732,1,3,0,6.986120506607533,7,5.182919628865056,6.391627881428361,5502.159942229855,3.2860870808742164,2.0,2,0
1451.6515297238577,1,2,1,25.207978932231114,7,1.8543559169919483,1.4090213508929397,9469.077040915563,5.0468197946708555,6.0,8,1
510.15285233611854,1,1,1,7.823977358514865,1,1.870674296317777,1.3992185715257595,20001.62240552168,3.5173674670486834,8.0,2,0
79.25654658888051,1,3,0,14.1877958364259,3,1.1291921031996477,0.21179272917706776,4384.156564968864,5.08775471521726,2.0,10,1
52.71110808332812,1,1,1,25.04102228377514,6,0.13124293289627592,0.09647478133097358,17631.662086623026,5.964343479291928,10.0,20,1
55.11906201303123,2,1,1,1.5468257824787173,6,3.017591907013102,3.489254742108942,15126.578819687427,3.3860845373055133,2.0,2,0
490.3884605961311,1,1,1,1.6539863293231951,3,7.060239073785652,7.553347211740733,2088.2687945264347,3.049548221950624,4.0,5,0
126.68267082225627,1,1,1,6.997169576314002,1,0.10288524932791732,0.063464715874832,34084.709009653976,3.8559733765872264,4.0,10,0
772.8229553496859,2,2,0,36.24546274677273,4,3.19996608780742,0.5524420866857523,3421.5482750778924,5.7681493468570935,15.0,5,1
511.216071802674,1,1,1,9.026573377724283,2,8.164417253513875,9.998758495880375,8512.069699892152,3.9452351868437545,4.0,2,0
58.8377336094694,1,1,1,6.158258656843143,3,2.9410652369536576,2.0319332871125426,12775.806328691751,4.028359397134473,15.0,2,0
1426.8835713278602,1,2,1,8.765869806215562,3,6.406962060107224,7.519189432332717,18792.688501030163,4.069813607814294,2.0,2,0
53.30006709036084,1,1,1,1.70199087330485,5,3.820697183632809,3.0615646496797564,4701.381112447426,3.891850269182773,4.0,2,0
136.2820076471607,1,2,1,6.042372698691614,1,5.1898114595079,4.687266453464293,21036.792410414782,4.666311457363872,4.0,5,0
41.21740780791221,1,1,0,39.44409841430796,6,1.5960231981814565,0.6923891087453024,10693.320323205291,6.197729912854533,4.0,10,1
65.42698306592479,2,2,1,4.429236804093907,4,2.281934263827048,2.5206182508511943,38449.187704613556,3.804365238239198,15.0,5,0
82.66546461006362,1,1,1,14.176859481380614,9,1.4107347583105836,0.6999585009401906,6009.196900831599,4.750180042075294,2.0,10,1
122.66729399098622,1,1,1,4.908849767368941,3,10.12352163560678,8.280313991702311,9859.5234438641,4.122920512927201,8.0,20,0
119.77312886345491,1,1,1,7.352149652709363,2,2.997587864004368,3.3452500761168964,16842.27150129221,3.708828866165731,15.0,2,0
123.54359352418354,1,1,1,13.980141632487129,2,7.3765613587834675,8.774581751768359,13282.012189758254,4.264099291821264,4.0,5,0
1418.3424176249537,1,1,1,1.6500073265229172,1,3.6070554643136,2.2439011976302736,13066.287259448183,3.7916246814842722,8.0,5,0
92.43819236624739,1,2,0,17.147132702415192,8,1.3214591552164496,0.8304793536492414,3351.254443169504,4.257334020993573,30.0,10,1
133.1248965471668,1,1,1,1.549747617714077,1,0.34448330316336173,0.4988203995050135,9976.174031624028,3.483941469475197,2.0,5,0
1406.1741108212898,1,2,1,10.946518373260183,5,1.8563391279176629,2.5283135174772187,13898.69373658076,4.022493119600529,4.0,5,0
109.76080038736411,1,2,1,8.093099776555263,2,5.385206619207207,7.370698847269278,37454.18971297372,3.8659370042919536,2.0,10,0
1410.2989497291298,2,2,1,13.088133138597469,1,0.178617248289034,0.12318086641966845,26286.56912628334,4.592039378673412,4.0,4,0
497.4525094823578,1,1,1,5.091826689829779,3,0.27253989714351956,0.17861581207796765,32575.23475757234,4.119498811147399,15.0,2,0
53.99807428884292,1,1,1,1.4779104203364446,1,0.5187408784869398,0.478015027525927,14915.660658994799,3.885326156151874,2.0,10,0
520.9217432304347,1,2,1,3.550418198106329,3,15.947189950085612,16.880598770845648,9495.672009257189,3.598628952703157,15.0,5,0
151.20447545818266,1,1,1,5.549971645871042,1,6.254388292486091,9.32835508955112,21812.591682158316,3.5955123008555585,2.0,2,0
56.90784391975433,1,2,1,18.421619163836308,8,1.4583060700304287,0.2044561844083863,8425.841713475795,5.716560319536689,8.0,4,1
30.709919216219266,1,1,1,17.66249166798223,4,7.417892951720916,3.6510586086442793,16994.653261568463,5.294664798178942,4.0,10,1
1465.8444655655953,1,3,1,23.15890135395554,4,5.727852782055927,1.1578409244381958,11429.844080706265,4.497358977392006,4.0,2,1
48.67315509897304,2,3,1,2.8994354365029884,2,5.038166844823774,7.466542302616078,22674.737499048948,3.8188524081901662,2.0,5,0
61.39202965566899,1,2,0,18.828940670990548,7,0.8163935171758789,0.5235136941455423,8080.334895750003,4.952412452675853,8.0,20,1
54.03731334276576,2,1,1,7.900493559074303,2,5.46575929161578,4.288212523395659,13973.122974036176,3.966953051540197,4.0,5,0
516.4774414254769,1,2,1,5.976737191785894,1,20.805178027202793,22.132175855414726,46862.09179102416,4.2888175966927475,15.0,2,0
65.64724787236074,1,1,1,6.523021705075967,2,2.7646147064188553,3.7027797885611675,23204.93493693857,3.6944308492469498,2.0,5,0
746.0480415555568,1,1,1,29.508302731670714,2,2.548014735184149,1.6017881249462873,16167.519605539883,6.6769352327618625,4.0,10,1
120.78016747097284,1,1,1,6.118863639074771,4,3.926862564187228,4.330313334638686,32834.033535860406,3.0786472761322883,15.0,5,0
129.6352926809965,1,1,1,8.095526351056183,2,7.420465812791604,5.295324000541356,40879.1574722538,4.239768186576465,4.0,2,0
51.92734737062009,1,1,1,6.0098331137220145,1,1.3854022343044776,1.326371984942635,10519.922845042103,3.4486783760622233,2.0,5,0
59.70567870881909,1,3,1,4.249285589179428,1,2.155590404451552,1.5402709307673403,20930.15853649058,3.9294712411562687,2.0,5,0
58.6229631100079,1,1,1,21.03687683588256,2,0.4644593831735809,0.15140937908119356,3659.2002061155467,6.3189648944214944,4.0,20,1
134.8365116766976,1,2,1,5.377887553146432,1,13.132437840008333,9.360800658446134,18882.313386874066,3.8972747658728357,15.0,5,0
60.29837579973159,2,1,1,4.765622430446506,3,3.1492505880854176,2.9650174481291227,11067.981713940237,3.366792023636447,2.0,2,0
497.61406234450794,1,1,1,7.211329819280552,3,1.4481498075971695,0.9061739528960668,5191.869267278115,3.8714439351876893,4.0,10,0
71.18481324393919,1,1,1,7.7506318070977684,3,3.4709598422784746,3.834468930036407,16021.40322107583,3.5167652103181286,4.0,5,0
134.52128766366818,1,2,1,4.511316181124455,4,1.0844465540658634,1.0012485936578857,10621.343654202246,3.923215869189755,4.0,2,0
81.00861935041289,1,1,0,11.71885953089604,4,1.5174872616675554,0.41449097707620813,3946.5945143591275,4.637285935910416,16.0,20,1
49.92167693856949,1,3,1,14.097970783238896,3,0.9608752918876082,0.560588990082619,8667.406162344865,4.512204245037842,4.0,5,1
74.19772115475624,2,1,1,6.871648257583215,2,8.108171269515003,6.738927472334694,4224.785940808055,3.3019313732172453,8.0,2,0
1433.3197912467506,2,1,1,11.424027779778573,1,6.799609910964289,7.593142853330841,17480.317773354876,4.603909249319633,2.0,5,0
504.504160610321,1,1,1,7.66979978091002,1,3.7171377714888054,2.672261440585452,17420.90569700022,4.136095792269175,4.0,2,0
1422.1432076066626,1,1,1,6.5575462525469135,4,24.93006954757987,28.14081772410781,10328.999446155472,4.26299553086,2.0,5,0
1425.0928527110214,1,1,1,7.600199169632897,3,2.494211902327842,2.1522137209135064,18005.75941542462,3.900164824869926,8.0,5,0
500.83669300165974,1,1,1,7.941573965037375,1,3.5228003725486605,4.339701401709419,18953.624104172948,3.6821056823118616,2.0,2,0
40.74305317317735,1,1,0,23.088966743509694,7,0.9155722014323693,0.31890105160288823,15004.288197527787,5.930882626971343,4.0,20,1
746.4455767541341,3,3,1,18.722180694816505,4,0.3985210450860015,0.21833542834964792,9279.75769500443,5.428898860570863,12.0,5,1
1415.7955301542343,1,1,1,6.102942194996445,3,2.270218901255513,2.906695893333227,24593.71503773177,3.643387787601279,4.0,5,0
1413.6639817973073,1,2,1,5.566955687626003,3,0.21634169084025412,0.25926308719507435,15787.046609545028,3.2980142355818787,4.0,10,0
1422.854074017291,1,1,1,4.824758322490442,1,4.050501433429329,3.2805527412236857,41913.837892398034,3.8097035089879245,2.0,2,0
1399.9336410602746,1,1,1,5.237701196872577,4,9.471851130855141,13.962961329217512,27146.27690975184,3.46261419948424,4.0,2,0
136.38914111541925,2,1,1,3.634870620202181,1,0.9824228945106065,0.6630501333075098,6324.440866145165,4.313954987208911,2.0,5,0
140.66704269916752,1,3,1,1.6671161160329788,2,1.1219849306303369,1.1714538585809764,18435.684656790112,3.854824277960158,4.0,5,0
520.6293069414724,1,2,1,3.9967527615338043,3,12.327902961388896,14.309609729474541,11875.375365971704,5.0,4.0,10,0
493.8461472807444,1,1,1,5.207744378259054,2,0.40054563154393785,0.4027559803665022,16164.875803720903,3.698430058870548,4.0,10,0
37.41742483353016,1,1,1,16.877202548447674,4,0.8881742022809607,0.11046943775055355,10306.151999035716,4.987758872821617,6.0,10,1
113.0411745774146,1,1,1,4.6674843343784955,3,1.8989764392395612,2.5839549301602385,35585.88675136318,3.7340539625997877,2.0,5,0
1457.4351902041203,2,1,1,29.219191534395826,3,4.303925928435528,2.1710303776159114,1967.8638454470015,4.919215194058019,4.0,4,1
496.39424324589163,1,2,1,10.34766293632873,3,2.78677221635987,1.8724119083144437,9446.680730334265,4.414773060024524,4.0,20,0
516.47875438193,1,1,0,3.0230091593644954,3,1.5763971737373201,1.0614365834312054,19104.812776394865,3.453048079459875,4.0,10,0
516.4867861738802,1,3,1,3.694159560513931,4,3.4674743880460954,3.2467348729146135,16143.876083613042,3.75576157375964,8.0,10,0
35.79857106866965,2,2,1,15.73385738118131,6,2.1174707298969833,0.7390885116399805,2682.338361197259,5.252213465849438,8.0,2,1
521.6265048844077,1,2,1,9.39429282585862,1,4.1245562232310915,5.1418864998538485,19371.92821239705,3.7518525501442443,2.0,20,0
136.95486585467845,1,1,1,8.66234131335111,3,5.317852359872845,4.627087532415952,13453.241549628017,3.634274198463471,4.0,10,0
1432.5516949343125,1,2,1,25.039565491316843,2,9.283572397187227,3.2380939518653182,1669.4507001735647,6.090705132565716,8.0,4,1
57.1453265603963,1,2,1,28.000987102291948,5,0.40225256534318754,0.3195463493635206,10341.527240661531,6.1193381265640925,2.0,20,1
67.75140549318895,1,3,0,18.864889170891374,4,0.09841278111422186,0.03196320692108185,18350.620721935782,5.932732430813789,4.0,5,1
51.012403644013965,1,1,1,6.671279791087706,2,2.998249174898309,1.938763034823674,29256.889933875027,3.7488380288099643,4.0,5,0
1407.347932753204,1,3,1,2.475610517059423,1,0.24262389951125524,0.17345508709757326,22162.04231104458,3.7885017301744512,8.0,2,0
494.528211395949,1,1,1,5.545267961005429,3,4.181780015467029,4.504675293586554,20735.63192410092,3.8473227422660865,15.0,5,0
35.94992994401646,1,1,1,15.36621535688202,7,0.08969124005757971,0.015465448528468081,2178.737929222898,6.143413837068115,4.0,2,1
1418.8129149007082,1,3,1,1.7180924958773165,2,0.7537511776429237,0.7137957718157121,17321.428542254165,3.813594288414125,4.0,5,0
121.01664578871386,1,1,1,5.688890489567284,4,0.9173758669113561,0.741361801877544,10015.273653396214,3.6414319365414465,4.0,5,0
77.6956223009856,1,2,1,36.724649465861084,5,1.7710650121636726,0.2759890828013346,5443.331595664699,4.837663880798305,6.0,2,1
505.8154588118342,2,1,1,5.599096311867186,1,2.172334650727805,1.5538255282635605,24717.90589988696,4.007035515113037,15.0,2,0
76.70958768068242,1,2,1,6.669283570464431,3,0.2252267819738013,0.2937400994932935,13580.575047875538,3.4648985923504934,4.0,5,0
508.2588645993339,1,1,1,3.616656160633656,3,3.262722343502254,4.82877526783703,25830.6587690492,4.010109397244793,4.0,10,0
55.430047314595974,2,1,1,22.076992125665495,4,0.03390684901186797,0.02658152930126772,6062.873070785483,4.341643922164814,4.0,5,1
50.18112980940268,1,1,1,3.3502676213563225,3,11.687927065066413,16.08686313459019,13786.563170626941,3.366839769159732,8.0,5,0
141.90975869468753,2,1,1,3.059704847277133,4,7.351193139069247,7.038946517061275,20543.860023267862,4.242137755151206,4.0,2,0
79.43871110393181,2,1,1,30.169722856627473,9,5.571746910119662,3.2342092192773357,7045.056000636696,4.054112768397732,8.0,20,1
91.54238207581686,1,2,1,21.954937184894135,3,0.13839455346718701,0.0196522256592777,14799.989926572369,5.837444692826464,2.0,20,1
78.82878009855038,1,1,1,26.81941676168808,3,4.476013851542091,0.8763382584962895,9556.471874704917,4.990509233652471,30.0,20,1
79.49910467538541,1,1,1,25.39244559864672,1,0.6260631199533679,0.5007822839734085,11676.285411857365,6.205434990965739,16.0,16,1
67.23440804424125,2,1,1,4.267999503448817,1,6.85405040087817,6.794411112793786,22505.990309106644,3.6078809416749817,8.0,2,0
44.627693214452734,1,2,1,17.882876663426497,4,0.176615017421201,0.09288065591930661,4271.545448368222,5.092008788496166,4.0,10,1
46.51662939909389,1,1,1,4.309888075551694,3,14.84223133683668,15.549167176944675,8559.702563431032,3.2505355062566816,4.0,20,0
120.13672896562213,2,1,1,5.157753036636395,2,1.8227593613772903,2.4723121514830093,19970.59502071479,3.4272216483910354,2.0,2,0
137.49045297727616,1,2,1,2.5429617788502368,3,0.9199878596101639,0.7558543488102114,14185.786041815334,3.7385033841413766,4.0,5,0
122.53795335788041,1,1,1,4.201382819212659,1,2.5147022500009037,3.264580761455828,22162.379480526273,3.937549693729589,4.0,5,0
1452.5110228389829,2,2,1,30.291033074061577,6,0.38006658471193666,0.09494960082062462,19478.399390372473,4.450498197511568,2.0,8,1
53.469558409060156,1,1,0,33.81803091687526,3,2.801860925198091,1.7949743669805474,11094.953929540035,4.992730983364511,12.0,20,1
73.65591146677761,3,1,1,31.305399063621838,3,0.0689192404376921,0.010521759743853597,3185.2166107176636,7.220663799616126,6.0,5,1
63.821835007114686,1,1,1,2.6036828433053145,2,0.5446552349482864,0.6992447939243297,7001.619900815882,4.067893385581043,8.0,5,0
72.68827859754357,1,1,1,4.520925029473881,3,7.4348716451021435,9.539862296873439,23040.35668586058,3.5259435289751244,2.0,2,0
67.67616243022177,1,1,1,4.440976537478911,2,0.7144644991841832,0.5914928101405224,17240.451252624363,2.94505219992448,2.0,5,0
46.056824170359604,1,1,1,22.612637479643517,8,0.5881278699270795,0.2714943032528673,7042.220286974352,6.4708357988077285,4.0,10,1
510.49325134171494,1,1,1,2.7052828757390928,3,21.026153425719944,31.2663440246306,7217.99852479529,3.215106579978571,2.0,10,0
78.67813581862703,1,1,1,29.280731238305414,7,1.6027273129255868,1.0020578981987776,8065.916393915295,4.363140925545516,2.0,10,1
56.43029229467278,2,2,1,15.47030174108262,3,2.8813825359627554,1.1863455407849508,3226.547041170376,5.3459028188162625,20.0,2,1
527.003634852864,1,1,1,8.027282295693418,1,1.376060508084651,1.705460428576191,12009.244552078657,3.0988974080225877,4.0,2,0
508.8097518935727,1,3,1,9.81445538021266,2,1.357550491711774,1.3241113731920846,13156.88079400303,4.060398612203541,4.0,5,0
1430.4438774490588,2,1,1,7.438579465338495,2,1.5898366909902064,1.903575716701731,18417.5060889344,3.6525275297343094,15.0,5,0
141.50564021537738,1,2,1,4.19575106802147,3,0.27293061163277893,0.3196493133122246,15921.565993955848,4.076253386136197,2.0,2,0
1420.3408693631557,1,3,1,5.067457608006132,4,6.833142718332148,4.544231345544756,12098.906239041937,4.35925767437328,4.0,10,0
58.393345422379596,1,1,1,7.402748600429381,1,8.522904284781317,11.980901477196355,12906.22864393963,2.680169560074204,15.0,5,0
57.1691906395809,1,1,1,7.264302156343957,2,2.9595499264932874,3.412501858098574,12828.67508510717,4.122656025494122,8.0,5,0
514.3350390638158,1,1,1,6.619579891936522,1,17.498089811101313,18.452559132056404,11424.039858957649,4.205839302820551,4.0,2,0
52.35308037096292,1,1,1,6.289741096857663,1,0.4777028895874734,0.5536893042650831,23165.626716952258,3.5078418010561117,8.0,10,0
506.6462774077578,1,3,0,7.436130040046458,2,0.4539823275931161,0.5734169595646018,5591.683137870826,4.375146084406193,2.0,10,0
1481.1666081274063,1,2,1,30.765836115128398,3,6.702980565566879,3.5350996999291193,16486.50293878745,5.904320100393865,4.0,8,1
54.394809736336114,1,2,1,4.0741621922623565,1,0.7335950069635989,0.855431236675089,25052.511390652933,4.289322067518412,4.0,4,0
1460.5837960853592,1,2,1,25.276019536686338,5,0.08459556389328382,0.03613852961081221,10937.568028850266,6.0314351558792705,20.0,20,1
145.71078780979587,1,1,1,5.024578169558578,7,3.8182192493394425,3.7122995086282575,5235.7568887828875,4.051608429165057,8.0,20,0
126.29359317942419,1,3,1,7.338255170343582,2,3.775581241097445,5.651656355394427,21415.998323134594,3.519398838834816,2.0,2,0
127.9653814529249,2,2,1,5.203400529424207,2,4.348416869042392,3.107238324226228,20992.36986217186,4.08930032569202,4.0,10,0
136.35573169661666,1,1,1,5.145251342454404,2,3.770017156822618,5.177274231850975,3633.2045529658726,3.4988697187407443,2.0,2,0
71.19180283339038,1,1,1,6.727073886072123,1,24.71986403973056,21.34936042360479,31086.303570494998,3.6135090893779336,2.0,4,0
97.76729984811433,1,2,1,17.87487050111429,5,1.051564290996743,0.6235702941159235,6231.504683606665,6.351880079392496,4.0,2,1
130.2972125634813,2,1,1,5.188193376989889,2,1.847519350896104,2.2940982078049923,27290.599239847965,3.6950527212003776,4.0,2,0
133.18653486155398,1,3,1,3.397094757006842,4,1.0094141747252567,1.3792996281248402,15961.24255129552,3.7016020840694095,4.0,4,0
75.86666454720152,1,2,1,6.784274549081562,1,5.2656478462829615,6.2655338619474445,3204.947773909224,3.5272416492729928,4.0,5,0
51.5318279761533,2,1,1,17.15314642901504,6,0.3085056063217895,0.13437616985228001,7033.4788612666225,6.26306075970305,2.0,8,1
128.99182704192634,1,2,1,11.897414614616022,1,3.7081643332132814,4.649056875570405,17805.41034416589,4.173856910147716,4.0,5,0
1446.2696185438817,1,1,1,14.529935795656318,8,1.0918200151513122,0.5628785841517621,8809.582550912179,6.330752478133505,8.0,2,1
34.59017518249053,1,3,1,22.48639446281176,2,0.5708208884489563,0.20920019388368938,1966.180069951759,5.278468881557921,4.0,2,1
138.0490526305205,1,1,1,4.083900360412077,1,7.182750708100643,10.321971686216598,7506.313835244764,3.1166028230395826,8.0,5,0
740.4408107375252,1,3,1,21.085391280133518,3,1.8961224104727064,1.3052956100334392,7692.645614185225,3.988979549366014,8.0,5,1
55.210355471110276,2,3,1,1.22369606681903,2,1.2581716046734124,1.5720428054062232,7545.357829183833,4.127082098590946,2.0,5,0
756.8669863754815,3,3,1,14.279617930589843,1,0.15426675583920862,0.04313533121982582,14294.675317085339,4.342772501618967,8.0,20,1
1426.0578413651276,1,1,1,12.56605443536737,3,4.335416533839002,3.6207496795172873,27454.517137918916,3.7182446957944233,2.0,5,0
1410.6557743193516,1,1,1,15.179229327110004,1,3.9680124642434103,5.422644848779643,49447.783265823025,3.8721171487311326,8.0,10,0
508.85083338750735,1,1,1,3.7185650441308242,2,10.005009546108722,10.380898868049904,23079.038368767306,3.8974798209343002,15.0,2,0
518.1645276989555,2,1,1,2.8197550793380706,1,10.790362904978448,14.696143177706102,12273.784214024176,4.325571330553321,2.0,10,0
64.48307842530744,1,1,1,2.031075326121906,1,7.809338655338827,7.934564041704058,21428.30371518085,3.155072110077018,2.0,2,0
130.17159669727783,2,1,1,1.2944367479686008,2,0.36284468859580865,0.5336068773208712,7359.923834830228,3.508718813918858,8.0,2,0
40.066753893195994,2,1,1,3.5636836417677205,1,2.932982356653677,2.607155017370827,9731.344823384961,4.183565623275621,2.0,2,0
1457.0559452080986,2,1,1,42.09692384613715,7,3.9562737923920963,3.1194085816213724,3143.6900672843767,5.9119979454812475,2.0,2,1
51.70437189169712,1,1,1,6.410355400464893,4,3.7934799622531066,5.345836579727175,23994.29572533717,3.9127086273738536,8.0,10,0
96.7391754665025,1,2,1,35.758133591736026,2,1.3265952668725378,0.5816723712337966,3499.2259378873623,5.267940451918388,4.0,20,1
126.01965111380579,1,1,1,4.856244999990123,3,7.813423523267552,7.828850663354803,19154.460941094985,3.888767728707918,4.0,10,0
1411.8891218371207,2,1,1,3.758512634768141,2,3.4943914379745125,3.2811026711230507,16287.05432239258,4.007056037960578,2.0,5,0
119.42628436392566,1,2,1,1.130196139145899,4,9.431875549709886,9.97258292354256,16328.325688629788,3.7498580357764624,8.0,2,0
777.3567144004788,3,3,1,35.260501959846515,7,0.7873769634660428,0.21601613246472767,8380.355731861366,4.757607724878533,24.0,20,1
94.12675723553546,1,3,1,30.209447969406096,5,0.21973806748312905,0.043580951966609424,13353.000741079593,5.12770939432674,4.0,20,1
64.36308202339421,1,1,1,30.027383314128905,2,1.064648396969164,0.3939361041497446,8209.158214206129,4.851521702527794,24.0,20,1
131.98241104195552,1,1,1,3.4916082403556743,3,10.651008623482019,15.596296039176865,16294.842239174679,4.032087145066598,2.0,10,0
147.70145480725282,1,1,1,3.778129110717933,2,3.8200076350130696,4.27307591855046,22301.576130172736,3.2515116240261484,2.0,2,0
57.8713366877348,1,1,1,9.977969123442326,1,1.734066407006569,2.021866735477363,19056.57604274942,3.562389828967426,15.0,2,0
126.35742833384457,1,1,1,1.7751097423848616,3,1.5856934838881878,1.4512314179002868,43113.562768330485,3.6262248431464603,2.0,5,0
66.43698279830184,1,1,1,4.020797680366213,1,6.761360180449359,7.027616397420675,32947.07270957783,4.503209112612942,4.0,10,0
77.28039619695771,1,1,1,26.379965530389804,6,0.7725981898143369,0.38348358367217084,6749.449133475531,6.620859251828595,16.0,5,1
39.12468874600508,1,1,1,21.440284864810792,5,2.1560805925479762,0.8711061581832642,3997.322343361675,5.8223064899808215,8.0,4,1
130.24117067330457,1,1,1,2.6747117548134307,1,6.141097194483748,8.404683826676232,27060.149355889036,3.4528517369724883,4.0,5,0
85.54705706494154,2,1,1,34.29634665340835,3,0.5315884719837947,0.059629303431262604,17905.96870956209,6.669885032527366,2.0,5,1
1418.0320683997788,2,1,0,14.163588118130981,3,5.863762847525959,6.249109436586331,5540.793773237631,3.280487314946235,2.0,5,0
74.06717530733425,1,3,1,2.3062562630237777,1,0.7277666649337179,0.966561326185471,30282.352531988294,3.8019204414183156,4.0,2,0
503.65796508066643,1,1,0,6.58348117402358,3,4.922694438757385,4.7896367718444495,24931.867182581736,3.7171736080390207,4.0,5,0
66.65407210066287,1,3,1,2.467730021390068,2,1.648462548955216,1.8222122862126868,28169.83868686993,4.007813972443768,2.0,5,0
127.64431444899675,1,1,1,14.079668154319155,3,1.1088885251954406,1.2692049715046725,22550.61560835965,3.5211757285111327,8.0,2,0
58.79100159436194,2,3,1,16.511929016679904,3,2.6335231712381035,0.6255261585039645,6246.154568500063,4.432984912675632,4.0,16,1
515.1299151084279,1,1,1,7.162370104637583,2,1.6717132115389775,1.1495463322052397,36584.395206774694,3.8499109103354536,4.0,10,0
87.37862879907827,2,2,1,4.170823125093422,1,7.039430577678722,7.862724396489567,6693.564032302428,3.3452676544046023,15.0,10,0
524.9634240261022,1,3,1,2.6451703772724233,2,1.3059020886423243,1.5578962332037785,21375.37520810025,3.6989464553931417,2.0,10,0
141.340375489513,1,1,1,6.157683748516114,3,1.3206060499231722,1.2692333904243187,18024.27625646854,3.3952137656065187,4.0,5,0
94.2297298419904,1,1,1,38.03927000316411,3,0.05634152726503845,0.02837610609080306,1333.0823730363093,5.222966257782985,4.0,2,1
96.14495567725132,1,1,0,48.24633984609419,5,0.08325148144119543,0.019416119542533423,10270.65233348944,5.038027664798726,2.0,5,1
82.11360343274029,2,2,1,29.850803540666462,4,5.285125522635022,3.447736358675606,10992.378999104869,5.5069537061928395,4.0,5,1
61.39326271130718,1,1,1,4.798035886751111,2,2.4037483927495424,1.7505543385521214,23009.9487477114,4.404163454042003,2.0,5,0
521.5908424757661,1,1,1,6.720151952238986,1,10.077110792490224,8.47619769624158,12923.380130338128,4.0946109547458,4.0,2,0
64.37782067522944,1,3,1,6.692871414712397,2,0.13913541985435104,0.17908084283142892,41159.46579714702,4.253572095014721,4.0,5,0
77.42011510600587,1,3,1,41.29852604894119,8,0.9819010403838463,0.3081539626581,7028.03325093908,5.219688947904394,4.0,20,1
522.1076376956834,1,1,1,8.21163367657745,3,0.5554778769435004,0.6855506173536979,10421.978314716785,3.8929250983300783,8.0,5,0
123.4060586114038,1,1,0,1.9996626813455656,4,2.791583131784285,3.5321705747785686,12083.75776811054,3.6720547480617816,4.0,2,0
1416.0340318667647,1,1,0,1.4526250864557655,2,3.971784816572093,5.385159811060569,47327.250496219334,3.8196236703996247,8.0,2,0
744.9898739290428,1,2,1,27.04410642541274,5,1.7586769637524764,1.2469985809641237,5181.874950396764,4.83902763716814,30.0,20,1
66.42278680749493,1,1,1,9.13553480127997,3,0.8384762809447975,1.2417991361454221,6580.802497181475,3.7351151952416886,4.0,10,0
79.95027794750948,1,2,1,26.068634265745263,7,0.04670619856509468,0.029934501050128653,21709.86070281249,6.112971808452372,20.0,10,1
509.8386237466218,1,1,1,9.656282372929779,1,3.692072507240272,4.039484896186362,22105.810793138626,3.8485231740327017,2.0,2,0
62.416890845906835,1,3,1,4.180147937219074,3,0.8231344176162518,0.5492023273002469,33295.67926904763,3.528839095964874,4.0,2,0
507.3902507332743,2,1,1,7.364445403348397,2,0.905308616977415,0.5511560870434176,36520.43618804297,3.707418066886647,2.0,2,0
511.92631586212786,1,1,1,8.655945911755458,3,5.584297472796569,3.8839152091379012,15704.624399415801,3.350571448378332,2.0,2,0
55.64807875167484,1,2,1,14.572686413629869,2,0.7531751457862469,0.693243042201912,28037.090460096373,3.4938375144007714,2.0,5,0
74.6482505293225,1,1,1,4.896119759942362,3,9.224010406253326,5.603457237483688,33013.37087043707,3.3925956255318623,2.0,5,0
12.976814395966876,1,2,1,27.153188322524386,4,0.38680612584535934,0.2054709503018997,4469.153505532651,5.227726530695192,4.0,4,1
46.79500804705073,1,1,1,2.8029311370357877,2,1.0703080076245264,1.3078053450197589,14876.792392828896,3.3301671371025137,2.0,2,0
138.05691509048853,1,1,1,3.3702337180095814,2,0.24776547507219077,0.28004878224425706,13638.55355216648,3.1205817361679373,2.0,5,0
95.72512371090517,1,2,1,15.058687927252489,4,0.07547455743983665,0.0591214187504106,8002.511335796456,4.051471605505089,4.0,5,1
59.24374215705467,1,1,1,6.582475150452051,5,0.5513691290792763,0.7645020112897699,10155.491548259499,4.006226542894702,4.0,10,0
142.08055932642299,1,1,1,2.770035680672552,1,0.8409199796536154,0.7008867534852965,19302.472200755274,3.6735500288042107,8.0,2,0
1418.6635999291311,1,1,1,5.601640804526188,2,12.798038269132874,13.147907881044402,14556.571051147497,3.771813198750965,4.0,5,0
63.3133637706938,1,1,1,5.978161537278559,2,9.723744911272792,9.917067338835121,15876.477865414732,3.461150013072287,2.0,10,0
129.85324029815487,1,1,1,4.634065104770993,2,6.26370304112059,8.085884354199615,26556.986182708733,3.7011928912332417,8.0,5,0
76.64894608106559,1,2,1,34.62576547155507,4,0.06988972717175153,0.01530061165491949,15219.989467132018,5.888633676610599,2.0,4,1
68.75280568131052,2,3,1,2.5508515075289697,2,22.601681884418838,33.73356547468351,13205.197979832577,3.7680354852447433,2.0,5,0
515.220863507552,1,1,1,4.673311686201545,2,3.433379039164765,3.751096510357261,20004.599684453384,3.8562100671901245,4.0,2,0
1424.79347837574,1,1,1,4.910487993475393,3,0.25376958492220986,0.22549081135122295,8593.511975372197,3.787490567432156,4.0,2,0
141.1346171069823,1,1,1,2.8575983550679025,4,5.415542216828222,4.801719900331224,16879.18147510323,4.649590512438661,2.0,5,0
499.5960208087877,1,2,1,4.238173604981912,1,2.239589189306238,1.637848013488522,14390.839338701022,4.132105470930236,8.0,10,0
146.9354484338516,1,1,1,5.8103496268034265,1,12.330308122939604,16.805845243779242,30688.749510443096,3.917860552631109,4.0,2,0
114.39307190793471,2,1,1,8.439565628971717,2,7.655717196778842,5.9022962125149565,23014.504155800212,3.8026227235815795,4.0,2,0
36.155455443919074,1,2,1,27.053245292499334,8,0.5247905333536659,0.08541585460096839,5005.660052486538,5.094420826888366,12.0,2,1
1420.7354756587667,1,1,1,10.227242481095729,3,10.774068358221092,13.894915444906005,6743.558169802156,3.323741817208294,4.0,2,0
80.55489831740724,1,1,1,7.223863777384532,2,1.6819423168020842,1.5356168065932565,8949.087405463966,3.6211349404238597,15.0,5,0
64.82166474342856,1,2,1,20.15502685123208,2,5.377660000876314,7.98276016484809,12260.399135535105,4.398593479993285,15.0,5,0
51.03227197503435,1,1,0,8.235279649878148,1,2.228859590073843,1.7951506026892978,11934.084911606178,3.9517440296787107,4.0,5,0
58.25037016499253,1,1,1,5.048721355588451,2,16.584209554111506,20.791722755406475,16815.974253457178,3.977745129194493,2.0,20,0
116.37449373737411,1,1,1,3.327055223529526,1,9.682265912258066,13.260906168805727,13782.281957336067,4.1065978825689236,2.0,5,0
61.32760509762625,1,1,1,7.1022973667664475,2,3.412159672467214,2.814775237514056,18525.661600235784,4.427043858553599,8.0,4,0
750.3473020578649,1,2,1,28.94229276080881,3,2.1407912143946852,0.4917909317867316,11815.00026464461,4.890735762493506,4.0,10,1
1450.085045575992,3,2,1,16.0026152349162,10,2.7946636468939836,0.9891476151616148,2859.6214722004033,4.132623044691466,2.0,2,1
1406.1416782779277,2,3,0,12.488633228911176,2,7.195937560514686,7.198952254292474,10183.536983125845,4.373707531796258,4.0,20,0
509.5303649216841,1,1,1,7.525715450806062,3,1.0805834001208419,1.0890196010394586,16080.284797753544,3.592631208995651,2.0,2,0
66.97866235547967,1,1,1,35.483716074450896,5,1.316619116378033,0.5729673235064778,2214.7656897795628,4.872037241805813,20.0,20,1
76.34235402589152,1,1,1,6.898933036845527,2,0.2882268520120318,0.23300586210504484,9669.773031421753,3.3006948028360585,2.0,5,0
76.6816451299654,1,1,1,2.8334705441000336,3,9.669138098807894,7.937730729127174,11319.035724307943,3.911896841024516,15.0,10,0
109.39522849439521,2,1,1,18.871883265682932,3,1.5989639642118412,1.1712908565972828,3978.949149061711,5.710932310191698,8.0,20,1
49.151287141415004,2,1,1,2.1854387955303918,1,0.6309572702379592,0.5474772107971542,28720.140854040226,2.8973186882655964,2.0,5,0
72.85398183076497,1,1,1,19.51611095733125,3,1.1928349118025239,0.9314115857078126,10881.27208395777,5.591265170895543,30.0,20,1
62.92444413201239,1,2,0,3.8800290477656736,2,0.1719169744460572,0.12976557191689525,26101.753485002217,4.348520495140253,4.0,10,0
46.57689257185689,1,1,1,12.837236283155137,6,1.2994410947653279,0.44954369355340246,2800.0615991794725,5.314223556071205,30.0,5,1
1427.926028825248,2,3,1,9.931519695589481,1,1.0968366542656516,1.2297370538494419,35769.80400982458,3.215133024784888,2.0,2,0
35.4888250249399,1,1,1,5.192039156261681,2,0.3516029274964728,0.30307453123606065,26782.42276151626,2.773146061238844,2.0,2,0
121.35675737502159,2,3,1,2.065017228164403,1,6.519678252251844,3.91722160865103,2941.2426539302733,3.047542682010227,15.0,10,0
110.86875545966382,1,1,1,4.362224166219379,1,0.1349623451072329,0.16978387004201967,39623.73430856403,4.104434285185505,15.0,2,0
1411.815693601987,1,1,1,8.080432428957401,4,0.7505781833854595,0.8962660899306547,31156.271355214965,3.4704339527826784,4.0,5,0
53.54581660041573,1,1,1,6.567248309115979,4,3.3839342560667416,4.186638779012605,12547.97681661698,3.851528368381946,4.0,5,0
60.14731516430961,1,1,1,24.60226365003019,7,1.3600313758865157,0.7349533823492691,7346.415240143855,5.6755460448129735,4.0,2,1
55.69787224836578,1,1,1,3.014873384748527,1,1.57637217836925,2.3259244094451135,18586.457400225667,3.272921819569887,4.0,10,0
52.40715812024911,1,1,1,3.7345879030768567,1,0.2320581031503283,0.187970236010032,9231.869314006419,4.331820419541189,8.0,10,0
115.208590445159,2,1,1,4.442111388818983,1,9.452190891956397,12.196236071639573,35022.36023153498,4.064522240868003,8.0,10,0
1419.5044246572106,1,1,1,7.613479530007668,2,2.155743945507372,2.8094352318423326,32470.033194226544,3.6312400500131146,4.0,10,0
513.1687613643431,1,1,1,3.15663407047956,2,3.818913765350838,2.4532938016501613,14821.391937278062,4.121940800597642,2.0,5,0
58.185796684250214,1,3,1,14.960557082518537,3,0.3178179542161994,0.14929471804035507,5352.844113019407,5.408169763286686,2.0,10,1
519.7356423846536,1,1,1,6.666788316559254,5,9.74667887282387,10.104591972320877,35381.68978528233,3.854951265084789,4.0,5,0
748.5822131289162,1,1,1,23.34142166981406,4,0.7621304788989235,0.08102179994547894,6339.793593937325,5.330055389092539,2.0,10,1
66.46880715912198,3,3,1,11.360745944801023,2,3.1711022062243774,0.7735564325512918,1246.2291615865233,5.276296032226714,4.0,10,1
128.8916724443509,1,1,0,7.399022989860321,1,14.35870987073057,17.276402471827648,16489.82965518833,4.154714934280384,4.0,10,0
1428.9359816783365,1,1,1,3.3999142792903885,2,4.698215081056762,4.449473745800015,30320.625327619127,4.156805465112963,4.0,5,0
64.48685249498362,1,1,1,2.5546119792290627,1,11.21198287276287,9.509008153665896,14359.37955189069,3.9815986922452007,4.0,5,0
113.77281931873654,1,2,1,5.456552653619058,2,6.1175323540687305,6.941156079109875,18908.02986717208,3.6453893248398974,8.0,2,0
1436.877648775967,1,1,1,3.611349937872047,4,2.3430626164267756,2.7835621699321678,15309.57544883319,4.062538762998768,4.0,10,0
526.6055355088465,1,1,1,2.3733451080593575,3,0.7070721748069763,0.6333943486592521,23308.06083777774,4.072478060414807,4.0,2,0
34.685202519196395,1,3,1,16.757732397815857,2,2.024344053464566,0.34623510632572935,4762.8026356626815,5.016676110653145,4.0,16,1
61.35004026586698,1,3,1,4.677692218217006,1,11.38489401364035,8.741515501846472,17532.011913977887,3.371600270670465,2.0,2,0
115.64247856355948,1,1,1,2.74410671765824,1,1.3056727489581468,1.3134796677316884,23313.682608563544,3.251478137225726,4.0,5,0
53.96703138275465,1,2,1,21.17942920707597,2,0.3671522408842026,0.04492580027470011,9389.269975294708,5.67305340578089,2.0,10,1
133.8251292700346,1,1,1,9.763144174266145,3,4.546616394491995,4.834355564576648,15325.180310903861,3.8008038401330677,4.0,5,0
56.054731013224405,1,2,1,20.689140253430814,5,0.47796410921265986,0.26353464362640755,3637.2921975045974,5.471114722226474,16.0,5,1
1446.7244598191446,1,1,1,13.973576286932044,2,4.7983957912723,3.753413474440871,25918.99073513053,3.733575701032503,8.0,5,0
62.23175594992535,3,1,1,35.38448774302248,2,0.38555960792884103,0.19083391396276436,10242.82465682261,6.420235648091031,30.0,8,1
71.1953858629351,2,2,1,3.591700793457056,1,1.5339190527540407,2.0317798853102182,29620.2349004954,3.8821964089965513,8.0,10,0
128.54730821324299,1,3,1,6.604166403542085,1,4.91008150129832,3.210304699944869,27893.105263920646,3.7178138065588398,8.0,2,0
116.24992779432773,1,1,1,4.900207265949367,2,19.012100731088715,13.048546418980019,22160.93985144094,3.7603746548651835,8.0,20,0
1418.2314698230573,2,1,1,10.580306838042643,1,1.4667501407194639,1.4898264715288214,19840.856506408993,3.9405344265796853,15.0,2,0
126.15921268377524,1,1,1,2.538697289197602,2,6.603191073465376,9.001990437132235,10395.849956578144,3.998738459525574,2.0,5,0
92.8904103289686,2,1,1,35.047405563658316,6,3.175720706074265,0.9294153943801295,2116.4397749186464,5.846899047445185,8.0,16,1
1421.506266187058,2,2,1,8.525957245228255,2,0.194280641833089,0.15298280155451346,27030.915559672016,4.222038493410351,4.0,5,0
143.0666666019734,1,1,1,11.357467915857496,2,0.6526530758591487,0.8351783153364688,7782.153121715825,3.684001357024445,4.0,5,0
509.7687737991616,1,2,1,3.240377302748429,3,6.756525640276271,10.072212580141555,8743.490048655607,4.583339763443486,2.0,2,0
69.53883026821548,1,1,1,6.189010268684718,1,0.7249581231907751,0.9915137754136879,11035.628962492932,3.4592165076965093,2.0,10,0
67.50937960137453,1,1,1,1.5965424857442074,6,0.8163247197829947,1.1308624183568887,26040.206515033733,3.7872706680799815,2.0,10,0
517.443148400153,1,1,1,6.284399792208461,3,8.360184984822714,7.898844522552487,9192.778385301204,3.405913984061751,2.0,2,0
82.27150436787305,1,2,1,29.17252845015271,7,0.17018350522610923,0.08394344192267916,5293.589493616232,6.0191631412992965,30.0,20,1
67.11473450183523,1,2,0,27.757537635750616,5,2.9779353916914384,0.4542729553199755,11749.53392545774,5.695018547208448,8.0,10,1
107.97415553733823,1,2,1,4.3755541500444535,3,3.3717254490771578,3.2136598791074835,12218.18468060349,3.586412981765924,4.0,5,0
126.96342098427893,1,2,1,5.735937021171414,1,1.6318018426453407,2.106133806031057,20162.5619234796,3.8105067761152362,4.0,5,0
529.1648298156163,1,2,1,2.46779339240295,1,10.863726606299732,8.343561835599353,17181.75198335986,4.05730956909428,8.0,2,0
131.48516993881557,2,1,1,3.7265893634961973,1,3.1167727936971983,2.3999781779912963,14806.264213002474,3.521908804869557,4.0,5,0
66.8854648129134,1,1,1,2.9925352535464667,2,0.8350027435074517,1.0023395606807184,24826.69188311048,4.105244430915228,2.0,5,0
1426.8958497101985,1,1,0,6.66415799354722,1,0.953642231349079,1.1887114146087345,16307.721938467923,4.3599236872085525,2.0,5,0
529.5539416729868,1,2,1,5.792896513977077,1,3.541912658974926,4.683615155566072,13053.028351992458,3.6059914250411813,4.0,5,0
84.20736151797871,1,1,1,8.984657592712704,3,4.267798931485412,4.809709130417934,18047.975316260454,4.418374698213909,4.0,2,0
64.03742171613868,1,2,1,14.123336354500681,6,1.1186996982006738,0.7597922617740202,20485.96070226028,4.394632694667704,4.0,5,1
754.661349710858,2,2,1,23.11968010904382,7,0.06319613633445244,0.013397339471305501,16480.78441430108,7.173441141561857,12.0,10,1
89.68680580261716,1,2,1,6.38852957176368,3,0.6741893835618022,0.7187746716172961,9610.263296002831,3.899578211660359,2.0,2,0
60.71594330801419,2,3,0,21.510039494299917,1,1.8445971067959357,0.7499204815210816,6525.13560405699,6.4743346393255825,2.0,10,1
1430.4191378732633,1,3,1,1.6040970729283688,2,2.4595637429212345,2.8306655959625937,7785.245705868398,4.2455768053239265,8.0,5,0
1461.2296805815593,3,1,1,38.28832952712192,5,1.174680053802116,0.9104383178120754,9390.679636871473,5.775207679609691,12.0,4,1
116.90466026842913,1,1,0,13.17425437951863,1,2.501824668028721,3.632614327552862,51949.91366652291,3.9631685269778347,4.0,10,0
65.49482466495155,1,1,1,5.370079425612586,3,6.339521276702863,6.119721176489392,30591.068023551154,3.7806030804688016,4.0,5,0
82.72341899369987,1,1,0,16.68682097235005,7,1.5417684487754693,0.7126949548778475,3201.5704613493813,6.466812165780918,4.0,10,1
131.91716210382563,1,1,1,2.916641548617095,1,4.417315140794716,6.528552619411449,15821.829849120195,4.319436194034221,2.0,20,0
50.79497850775488,1,1,1,5.6260304714098215,2,1.0336782980370374,0.8085423420559504,17221.764486393342,4.353406494794044,15.0,2,0
1408.7188425398242,1,1,1,6.004261859140769,2,11.2536397234603,14.01238423036256,33775.375262273075,3.835014548910181,4.0,2,0
1425.034118273142,1,1,1,6.254581796525968,4,3.783621402267503,3.7079237057271435,23897.88709833879,4.190705421862207,4.0,5,0
71.51485829686021,2,2,1,9.931235917028161,4,0.3072745433785612,0.448958170470345,14772.779436248571,3.5745152642013784,2.0,5,0
1437.2669720518886,2,3,1,3.413073586504304,2,5.184107273170795,3.424604082966924,20798.693352702794,4.109424342607665,15.0,2,0
137.64813542526363,1,2,1,6.643331800845435,5,4.6039333924882335,6.087432833071535,8525.18536019395,3.987737937864425,2.0,5,0
135.77312063479795,2,2,1,5.454780734754667,1,9.856604981354007,8.45212953420754,25158.63071074457,4.340722447951387,4.0,2,0
50.29329219831908,1,3,1,4.664859016571464,4,3.364206982463505,2.1587647976984625,10087.548269225601,3.5044413594423447,15.0,5,0
1420.4941739638575,1,1,1,4.592669718730858,3,0.15779653016433207,0.1628322315662135,9964.520704963505,3.7001564545850902,2.0,2,0
1415.7333569708248,1,3,1,3.4718856016406505,5,0.3238366912146913,0.4619896960671372,5987.447200060706,3.5271498376595414,8.0,2,0
68.44898729665513,1,1,1,7.931056488208726,2,1.5571396881976283,1.1182910727777482,17789.686933785415,3.4417352362629607,4.0,2,0
1446.7511580913458,1,1,1,16.746439753634334,4,2.726336399162028,1.291417245708139,6457.019231095395,5.5740255544931285,20.0,2,1
56.05375939572767,1,3,1,32.75786974428809,6,0.24632866565552325,0.08170520758640369,3665.285079614326,5.173102081172357,20.0,8,1
123.058442410267,1,1,1,6.507656898911163,3,5.7227645361777695,7.815595075533732,3513.2326727914224,3.448338069669209,2.0,20,0
49.3485010621848,1,1,1,4.077952144628655,1,4.910608250792562,3.164383584622765,17916.92596911671,3.29728725811554,2.0,2,0
513.8530854278742,1,1,1,4.19407220984816,1,4.1460542235859075,5.722929413395909,13122.357486829098,4.0180263255889495,8.0,10,0
50.22105657173094,1,1,1,5.203836214247693,4,9.333225469941992,11.002133331081357,22368.112392300918,2.8759870289907874,4.0,10,0
1409.2756023208963,1,1,1,4.831519139376757,1,1.9152229818274293,2.399093610137451,4951.378900193203,3.6008640377906564,4.0,10,0
149.94031063087468,2,1,1,3.128019248944365,5,0.18447871801313334,0.18035306796203027,12816.034852915473,3.652678480003556,4.0,2,0
506.4923554282038,1,1,1,1.2532075893418526,1,4.8655672120208076,3.5395779054084313,4724.103537927519,2.6857767515657285,2.0,10,0
121.9896758490437,1,1,1,4.1916496761384625,3,2.438637493417079,1.8797767125181362,6959.032503072532,3.368075241414398,4.0,2,0
26.76463754879903,2,1,1,24.050110868012034,6,0.2037775822084378,0.11591524868604175,3898.046802441841,3.9413939403184086,12.0,20,1
120.64812457400502,1,1,1,7.195621614343822,2,8.672477549125169,7.011699760721233,4817.48529843591,3.97186234433348,2.0,2,0
1437.9513429171823,1,2,1,24.459530109920035,9,1.1424583234924899,0.4936532386291431,18299.798592219693,4.791109302576002,2.0,20,1
1460.3218441601482,1,2,1,41.78173783041874,4,0.22812313997423747,0.029209291890708776,9659.199411988659,5.119847537746629,16.0,20,1
135.35510801330776,1,3,1,3.38138208334333,4,8.303008182912192,6.277292504272014,40915.93470595256,3.5523979493803424,8.0,2,0
76.54988507804993,1,2,1,35.63607979175495,1,0.4839172048170841,0.0697699350172921,4959.169713158246,6.1408384658149915,4.0,10,1
75.98239680076557,1,1,1,23.592253506022274,7,3.02139028573811,1.3113857587585074,2472.757652456026,5.278781566113332,15.0,5,1
49.95484094791533,1,1,1,11.060859235498677,3,4.504305577129283,5.40360445563311,7118.546769356001,4.193359899242703,4.0,5,0
86.09628654945023,1,1,1,8.40437854756226,3,1.1837242529716163,1.4676500003566908,15701.280408797349,3.859395924590022,2.0,5,0
119.78398020690074,1,1,1,3.089381975420289,3,0.7104164806227867,0.9523599974221291,28494.42339858187,4.233431957268879,2.0,2,0
508.0674900994878,1,1,1,7.232389800532403,1,4.666257729384641,3.16673340171483,34030.513912883696,3.3941702012373107,2.0,10,0
108.21732454770635,2,1,1,6.989800868624373,1,4.390717420158383,6.070486726789935,34545.05399861598,3.2426328183180937,8.0,5,0
71.93886638505249,1,1,1,6.961701636524845,5,4.153125751425252,4.749151890919901,11409.0414760534,3.7340368056230253,8.0,2,0
57.288564382961276,1,1,1,2.4598450196875827,4,9.477212173231644,9.128813051892912,19820.355778792495,3.844468946003291,2.0,10,0
487.8174072465457,1,3,1,4.836146922030185,5,3.600272542258791,2.1782508559159184,21567.099566531106,3.0292822084697355,4.0,10,0
83.55750580767469,1,1,1,3.8071854865495185,1,5.401323661295605,3.9888289256327285,10569.940860030274,3.807165322983842,4.0,5,0
521.5728467313187,2,1,1,10.250741891798151,5,0.8632987434849934,1.234879676432813,17919.546395346137,3.627564840083306,8.0,2,0
136.59637072151503,1,1,1,3.0860461221268203,1,0.4696340545010822,0.5278540460793179,31284.74782381515,4.37908097437038,4.0,5,0
519.5455304267126,1,1,1,3.7978886250851103,2,1.5965087161454052,2.0955019656724554,10031.00769628635,3.830683588655253,8.0,20,0
1420.4542727144826,1,1,1,16.43961679206631,1,2.459519543355246,3.6500405662410342,18110.999214066927,3.3763790480551967,8.0,5,0
1418.7810876365493,1,1,1,4.779237391201745,3,12.672124842040724,16.691179007781724,8261.620689959547,4.384760754006262,2.0,5,0
45.21559808321564,1,1,1,2.127854909935982,1,0.7868824181024846,1.1308036577496416,32706.983872970945,3.7167318996576535,8.0,5,0
1460.3989483894443,1,2,1,38.95352799617311,1,1.7685890184169495,0.6710385329715569,6234.818640258805,5.574615910605767,12.0,4,1
44.792164740886555,1,2,1,18.142292768797383,6,0.4592296314360462,0.18039914623848866,5247.9490874323865,5.368184746102193,4.0,5,1
54.56865164663931,2,1,1,6.624820412193164,3,4.094706982654814,3.7063235450341274,17839.29254472522,3.715659259689456,2.0,5,0
45.53530636220077,1,1,1,5.633228242477838,3,0.7008085321596118,1.0389741070557392,6525.320188483151,3.2196103599700687,4.0,20,0
132.68097309797892,2,3,1,3.4750548894583493,3,8.958942513340622,11.245700420747422,13524.945527080652,3.7226437179883405,2.0,2,0
516.9221938832728,1,3,1,7.164424229237356,1,3.731801661284582,3.665260410665607,24850.402621539863,4.377541032432724,4.0,5,0
1410.5115882434316,2,1,1,5.341807735455592,1,4.662472087570305,5.804200191865498,7181.594706105638,4.105600093264472,4.0,2,0
59.37846672592141,1,1,1,8.108240010842676,2,3.6232527034471986,3.6974166081608026,31738.576627874845,3.077043111517523,15.0,10,0
47.827716365646886,2,1,1,38.30167974046074,2,2.567749769824374,0.7878948221874796,10377.619250334972,4.586680275551236,4.0,5,1
81.00744266956065,2,1,1,36.845041481956756,3,2.0140128802525723,0.7282367346431156,6702.8107770760125,5.61117007368066,8.0,10,1
64.96246522277768,2,1,1,10.16780908307715,1,10.484895268772354,10.217825664620776,9153.100223401152,3.7816833023403715,8.0,10,0
40.10381005888406,1,2,1,34.72167046705441,5,0.6692317267672707,0.44534259205793675,19009.90928487229,5.410171179377475,8.0,8,1
56.121523032303884,1,1,1,23.320659163694728,4,1.0067360414555455,0.12043044440938885,10476.410340860306,5.544027161703344,4.0,5,1
514.8436061497564,1,1,1,1.577863282688316,1,3.5543525026244804,2.8137518096171097,19389.525753100505,3.425039072399997,2.0,10,0
1408.6763067895654,1,3,1,7.026559327768928,1,7.652618556975509,10.389696745772687,19897.70809721541,3.9065983436531573,4.0,2,0
56.939077390429716,1,2,1,28.509784789752114,3,0.13734900129501015,0.08282826545937005,7483.267057699872,4.682171437249646,2.0,10,1
134.51214133420768,1,1,0,6.4594514455565,1,12.328102775612503,9.81951209851612,18628.059918177652,3.942746632793712,8.0,10,0
504.8264375351366,1,2,1,8.292556379232781,1,5.305891653252713,7.206195046004445,27378.986281466154,3.2462521632061696,2.0,2,0
104.7871376092167,1,2,1,24.37431966117857,5,0.8566271818195168,0.3841325301140284,10309.933452157247,4.802330786765174,8.0,8,1
123.94390553554989,1,1,1,7.468642696459204,1,3.8561123406448083,4.710762517846602,19992.142989351574,3.7279230527155574,2.0,20,0
765.1558136372046,1,2,1,11.37471089697896,5,1.1134700477778707,0.38601035033523995,16901.46498350275,4.696458871845873,4.0,2,1
515.5156189880308,1,1,1,8.146313159789674,2,1.1462069362963778,1.617194753165211,10550.228309193686,3.8566961439815133,4.0,2,0
520.4105099070708,1,1,0,2.956558784654179,3,5.688892474756476,5.624156083851246,11059.243803904468,3.987726095663856,2.0,2,0
136.74005058170567,1,1,1,10.026220399284199,3,3.1263583411080256,3.665883027933229,22747.126103092025,3.7933667775553372,2.0,2,0
79.31634554178154,1,2,1,3.213045385439403,3,1.4599390432780404,2.1720720354762224,18502.032909719546,3.28340655363371,2.0,2,0
88.27730537807079,1,2,1,25.718760284236133,4,1.240766408622872,0.2531587645209021,527.4259867736835,5.921411361716858,6.0,5,1
65.97263861931637,1,1,1,1.903558332304581,4,0.2666831911773069,0.2667337936844518,12201.948410416604,3.289697764872626,2.0,10,0
1471.1215260394233,1,2,1,21.33137272262112,7,0.7012403204600108,0.43004321888707414,8355.567550517997,4.032691103882269,2.0,4,1
118.21559543289412,1,3,1,5.015895822576273,2,8.425542172329077,7.374777540933257,6599.089617062173,3.249409749248504,15.0,5,0
45.68553821314547,1,3,1,15.541460142699892,3,7.063678348624765,2.7178683705603564,7332.998357134299,5.870868796046569,2.0,8,1
747.1532924564401,1,1,1,13.346331999793746,6,0.619865549794445,0.3766921435793792,1371.1238341103037,6.154459337111396,30.0,8,1
42.479501318594394,1,3,1,10.662198672925413,3,0.5395087861202736,0.19717600401876467,2566.979197707557,5.7137983222125595,8.0,20,1
112.70762143866023,1,2,1,7.649034192580635,1,5.80024697286084,6.229921768039732,38147.480584918325,3.769803090849911,4.0,5,0
73.48130655999623,1,1,1,8.137910485764372,5,6.9662172351501335,4.546404741021443,33452.64882033067,3.8833321650700294,4.0,5,0
55.6010177705719,1,1,1,29.454483239152925,2,1.6180477583182984,1.1768672090331211,7122.029655291139,5.364796472285847,8.0,20,1
130.21107121867558,1,2,1,4.823862621900155,3,1.002201246240335,1.272872877528072,28585.47359700272,3.577374478742352,4.0,10,0
58.12187805703269,1,1,1,2.668004573865959,1,8.448560459057619,8.19682697233564,6694.669751710586,3.1375150689080007,2.0,2,0
135.36292858111307,1,1,1,4.478202161118421,1,10.841587737419164,12.507225169800359,27675.444525290633,4.10542055823446,4.0,5,0
1403.7592287006576,1,1,1,6.2572874906455995,1,8.004965049726199,7.226697127645068,11336.226876921435,4.338322731395466,4.0,5,0
55.83398900303147,1,2,1,27.906933232502432,3,0.23302188105279642,0.18096495180857322,1939.442742147032,4.97376204358728,8.0,4,1
1418.2335228502552,1,1,1,6.654332161510706,2,0.9242111708616926,1.2677769183849903,14909.795904327768,4.686558523783357,4.0,5,0
62.5441407790335,1,3,1,30.571331900805493,4,0.40652625710412577,0.14935250847702564,6059.220098655095,4.363339760287312,20.0,10,1
31.28867994120216,1,1,1,27.50561360500029,9,2.666898490192929,1.7862440168973983,10991.362721880208,5.600556060101096,30.0,2,1
120.75856711507566,1,1,1,6.47397567560327,1,0.10734947216372719,0.10334466058808187,22767.48196302981,3.3278725461949197,15.0,4,0
86.91917905317388,1,1,0,24.693213674029064,7,0.4364179961237477,0.3101340728146677,12417.015515246792,5.548315996114148,4.0,2,1
48.243650011186894,2,3,1,5.087814693520622,7,14.511295616132843,20.845987435225624,19157.403016153752,3.7172954677282037,2.0,2,0
1476.6858440614328,1,3,1,19.17738270140487,7,1.4148345282886277,0.5349088035302225,8342.10608497492,6.030340992854874,12.0,2,1
64.65796529487363,1,1,1,5.583312008307757,1,7.799131626306089,5.34533387441858,8540.872783279725,4.041506373076836,2.0,2,0
1480.4656604696847,3,2,1,26.00009145097127,3,4.363343372552846,1.4785137732888898,4617.195976223937,5.606541678139577,10.0,10,1
68.81173996702059,1,2,1,3.7226782996749685,1,2.88467160590808,4.2237772795581385,23639.15774916151,4.073872937728021,2.0,2,0
1410.629023814993,1,1,1,3.2941971714278084,1,1.628844243950833,2.25747198535852,30126.16687986524,3.73082158532904,4.0,10,0
526.0663895936052,1,1,1,7.368264429313205,2,6.936682292930534,6.531606728917254,19843.357542773138,3.7253746262897485,2.0,5,0
79.9078502059848,1,3,1,3.562456907414864,7,4.8716000996107365,4.2485696993328155,34174.81029005148,2.730814383723601,4.0,10,0
50.87273754698669,1,1,1,27.251082207667203,5,4.802964395058818,3.767456870354574,4591.37603102098,5.811282945105979,4.0,20,1
109.26487726479719,2,1,1,5.229338738991335,5,6.183393612823474,7.4322388422728,19502.4200955096,4.056245116822614,4.0,5,0
125.50953833247264,1,1,1,3.907815472445849,2,4.874216903482855,3.897488501010227,12821.74624424975,3.3113802728959727,2.0,5,0
67.07823808587516,1,1,1,5.84091458871174,6,3.7658207881847905,3.634917556736402,28803.764576462327,3.6633634247854454,2.0,10,0
128.86025659445778,1,1,1,3.2597709971461235,3,3.1845376090685416,4.20475199172548,27883.641224553627,3.5874024507799254,4.0,2,0
75.38732529322681,1,1,1,38.39879152958672,7,1.7776995948283922,0.4021162011858173,16911.917954437227,5.325804784301331,4.0,10,1
499.27658467610115,1,1,1,4.208951444142783,2,12.109274213130009,17.616402544386823,23919.473120694984,3.386669983043303,8.0,5,0
135.26394562247637,2,2,1,3.2162948884982234,4,1.483238910175804,2.0426594866797005,10408.773424149793,3.3021788009623014,15.0,2,0
726.8417095216394,3,2,1,19.801687622365748,8,2.281030604658195,0.9018489793609905,17061.48467886839,5.977225713919329,4.0,20,1
22.54365962658826,1,2,1,13.390365047827041,4,0.395398156668085,0.23956084608028227,11908.510652738443,6.309348902038895,8.0,20,1
48.80155824012637,1,1,1,2.389654585413882,3,8.832468903011279,7.135817424523019,27042.417687427213,3.407249146718067,8.0,2,0
752.2339056825648,1,1,1,36.04509117392385,9,1.7667575841590495,0.4505321301710607,9934.769897330383,5.0201327700773355,4.0,20,1
1468.5730681288962,1,2,1,17.40077967026573,3,1.660431270843606,1.2180663202584934,21118.453243004,4.805955354663163,4.0,2,1
1435.5063689326678,1,1,1,7.06422749320749,1,8.693709374822047,6.643488811529281,47377.876780418555,4.212136951952464,2.0,4,0
56.170595957840646,1,2,0,27.297470473194547,3,0.2826097156209569,0.08259431289631214,3375.7409547119382,4.481094578687351,4.0,2,1
158.72567324605345,1,1,1,8.028904441901485,2,13.078290609607325,15.943622844723848,14741.76515830685,3.7451200380389618,2.0,2,0
119.27015573753437,1,2,1,3.1606489431228,4,1.841993591131572,2.757670163964066,19195.674876939633,3.92310050080207,2.0,2,0
50.96295129116092,1,2,1,19.49350362493525,2,0.7265569157135249,0.5314933778628431,7946.255382722867,6.024307857697956,2.0,8,1
1441.9337498450134,2,3,1,20.033093729247128,3,4.402343024466465,1.641117308909002,3115.071712680556,5.096221503193643,2.0,5,1
514.4351161746741,1,1,1,1.952146405541518,1,3.759017155779187,4.440495000649045,14957.72632341928,3.7307283302426044,4.0,10,0
31.67042316521822,1,2,1,25.411595820386506,2,2.1606987745511756,0.6904224575522038,13375.621895126935,6.233725334567413,30.0,8,1
45.91425299734507,1,1,1,14.905903752528898,6,0.5830254927023721,0.396639538631765,11347.810948313325,4.435106918424978,2.0,16,1
53.187896114130005,1,1,1,4.610041551854936,3,5.825288350948244,6.06331586959886,7366.365502904206,4.019937202481693,4.0,2,0
1429.6055804066925,1,2,1,5.481553859189112,3,4.879370921011871,4.632868837297446,19928.46679334934,4.101641615226474,2.0,2,0
503.1967706532153,1,1,1,9.380959016908719,6,3.600681886561714,2.244166349897459,10720.3111112616,3.72583681993955,4.0,10,0
121.96555093775054,2,1,1,3.7792224761800015,2,1.4052953539153314,1.8837181972065824,38060.040854313964,3.8072144106427994,2.0,5,0
140.82851119800995,1,1,1,8.152134934190759,1,11.426532667710429,8.066717510928642,26365.02326825945,3.90651657338826,4.0,5,0
57.01563744414491,1,3,1,3.666598410235433,1,5.133727500893553,4.226742193152376,18761.397202886303,3.9076954828403117,4.0,2,0
55.60021432249847,2,2,0,33.82522540902486,5,0.7978953114587142,0.41217186103248166,4696.731270346529,5.234408733265463,2.0,10,1
514.0804970520691,1,2,1,2.0573955192741984,1,3.0447720079427687,2.507954784535159,13025.707059638306,4.650392967392948,8.0,5,0
1435.7207657606803,1,1,1,5.9342670786756235,1,0.2961022870162039,0.2697472108538649,25301.147002900605,3.507732044697971,15.0,2,0
124.30276236443332,1,1,1,9.930567239731925,2,1.7887486481678438,1.4904299150110172,14893.18377593638,3.6015231438820225,8.0,5,0
53.271771567767985,1,1,1,5.568401543295537,1,6.649414725753996,4.96650040037895,27687.51831717301,3.378455847681057,4.0,10,0
513.2444144031438,1,2,1,8.395206197928541,1,11.541096313007449,13.447582267584373,7214.549885805364,3.167183206813207,8.0,2,0
503.3920664209793,1,2,1,5.88630662072065,1,1.470026371034748,0.9344866120751515,32516.668846028944,3.9729856718008567,4.0,5,0
70.71481935637608,3,2,1,28.728787760221486,4,0.9651158049972733,0.7430523285911,4930.868466002663,6.245413622000612,8.0,10,1
62.37999936531993,1,1,1,18.77924729875563,5,1.3049037733693027,0.47704225206025463,7272.1775988025165,4.961485044647877,12.0,10,1
127.70134630408937,1,1,1,6.22153630729634,2,17.730821299668527,21.632025212247697,12494.447874297744,4.19962533714266,4.0,10,0
514.3405753507683,1,1,1,6.90665171832547,2,4.005475388344018,3.6162568531856008,18786.75313560608,3.6834282558692992,4.0,5,0
89.13529278560354,3,1,1,31.428669935906502,3,0.8893387284638044,0.2795304379263565,5638.660551915563,5.227127115611876,8.0,20,1
138.74757233537974,2,2,1,2.0094969959030298,2,5.774626479167389,7.530821240312382,17389.657813026384,3.273697025687666,15.0,10,0
1440.7707835216745,1,1,1,7.909744985147938,5,1.7715250419206852,1.7174137517864039,2154.694574192779,3.6509957281694216,4.0,2,0
123.36080861009812,1,2,1,3.820084722705037,1,4.0782229830196055,2.664380865445771,10300.614374027311,3.662731979652038,4.0,10,0
1422.6617638196628,1,2,1,7.543586164720424,1,11.46504200937955,13.851036351478413,47635.06018767007,3.3663121194729264,8.0,5,0
125.07315706421588,1,1,1,4.346052880191489,2,7.414371261671038,9.836849212144704,29420.93430199026,2.9529728111223625,4.0,5,0
75.06103793288992,1,1,1,7.8586768724616975,1,0.1410124621873535,0.18427125797718732,16099.696888265895,3.3417476061138753,4.0,2,0
137.17473410876093,1,1,1,4.0302623682131715,1,2.306906464630104,1.513073821442519,18681.4241340964,3.395284714638361,4.0,5,0
1434.8941900503917,2,1,1,7.1887882844633095,4,6.978467795164292,5.573695115806108,22601.963567620915,3.070384914259387,8.0,4,0
70.8420319899511,1,1,1,3.135556328140992,1,8.778688225877378,11.019541036318172,26926.701347260365,3.8810843654837535,2.0,10,0
509.25701050589976,1,1,1,6.775381327258986,1,2.1649974562756906,2.627270958748246,11638.381192440034,3.845800737086036,4.0,5,0
23.317153338914398,1,1,1,28.719947020717928,4,0.8754404388277099,0.49721334690513863,6314.925541123631,6.843681394119233,8.0,20,1
117.23052667908613,1,1,1,8.617939884816554,2,4.386311054906808,6.543405294868014,13986.978175516191,3.7776652369160444,4.0,10,0
130.80837722102868,1,1,1,2.1884354002265596,1,1.4553042065506903,0.9161658672419726,10769.137186278202,3.790848900006885,2.0,5,0
118.81665061159786,1,1,1,5.88659000694204,5,5.822363515365271,7.960181373760375,11289.003599370664,3.585753917749739,2.0,5,0
752.6918545026789,1,3,1,21.523817895312924,5,1.3660766927896464,0.6772652286683207,16477.94279600782,5.236704370787032,20.0,20,1
35.778118720816394,1,2,1,43.519779807447975,8,0.6019506794013183,0.18392487298692775,898.5045302225727,5.4775371833344595,2.0,5,1
85.35507422353244,1,2,1,18.782897168814827,4,0.4114492391770508,0.05275316603314267,2211.3122287048595,7.234516110769725,15.0,5,1
29.176219717431493,2,2,1,27.30413775427578,2,0.3279149455599361,0.07016529500806964,18185.855017705795,6.171836453674844,20.0,8,1
132.19938608103183,1,2,1,4.544489600839578,3,0.3695836947502803,0.30680842517545076,6897.703120259415,3.266637169423433,15.0,5,0
133.9994718568701,1,1,1,10.918441278774472,2,5.482744900777191,6.576689601010728,9905.185860835978,4.16384618036287,8.0,5,0
1433.478460975064,1,1,1,5.032577715794512,2,1.4284042564513726,1.2210628536872814,48985.364052708705,3.664754302286387,4.0,2,0
135.49989785841888,1,1,1,7.257083436727754,3,0.7552486414012894,0.6299947419925482,23303.856266308063,3.34640060423481,8.0,2,0
93.04445730469114,1,2,1,24.497475680262387,4,0.9312242949151978,0.707529871555335,8268.53203456144,5.344142039770065,8.0,20,1
1421.9027691287736,1,2,1,6.03912200961532,2,17.595697887173497,21.24829641943271,9240.369116018248,3.9367465125776584,4.0,5,0
515.2682606953015,1,1,1,7.037151266700224,5,3.94690092177639,3.264371099625047,34982.748310629664,3.6875918650863553,4.0,4,0
62.42732790592137,1,2,1,38.458860447750574,6,0.6327697433580064,0.13233008103201507,1999.0321041789466,4.941351193943133,4.0,4,1
523.3598730099195,2,2,1,3.1634034354304257,2,4.7222669490763804,5.892366044766825,27757.493925898314,4.009416225908672,4.0,2,0
65.56505125937406,1,3,1,4.449521972438058,1,0.4460625123928168,0.3653819839131531,10640.389917028278,3.847215293705442,8.0,2,0
70.40460143692385,1,2,1,15.737068706016506,2,0.04757817460326685,0.034393759836282754,5081.285922514785,4.868904498736577,4.0,5,1
763.8718242419392,1,2,0,12.278633895906534,4,0.36246487454369447,0.12731216832648953,3803.609384864648,5.883037449026926,8.0,2,1
19.316920187247554,1,1,1,23.403317507892815,6,0.10998678588884035,0.0785410593365294,5516.382577405426,5.044067794373563,2.0,10,1
59.07512258268237,1,3,1,14.566509250795473,1,7.49414953026937,7.686726789408836,4651.592205984758,4.001787170487276,15.0,5,0
141.323229235062,1,3,1,6.46848715981437,1,4.970611740262518,4.8027903128327765,24555.294275002558,4.076168765860748,2.0,5,0
69.07061432593215,1,2,1,3.9917234672351536,1,0.9321125094995897,0.8672136477589145,16629.768318693474,3.913339783180533,2.0,5,0
74.42655065223109,1,1,1,4.457790857790769,2,4.460320232547147,2.8850989201372843,4817.097300168168,4.153451320326811,4.0,2,0
132.710198899926,1,1,1,11.459878641434674,3,8.351110607651817,12.05405519568959,17772.081996528268,3.5878580123504245,4.0,10,0
123.1507738789194,2,2,1,2.5310288729130264,5,6.978103195583919,8.838861731587647,29435.372941275124,3.4386860928297596,15.0,2,0
522.907718002166,1,1,1,4.0076314825564685,5,5.33782779035913,6.9067044173863925,25262.6990949929,3.1663994808154343,8.0,5,0
