packet_length,protocol_encoding,dst_port_class,src_port_ephemeral,event_rate_1m,burst_rate_10s,inter_arrival_mean,inter_arrival_std,packet_size_variance,payload_entropy,unique_dst_ips,unique_dst_ports,label
802.3337782380314,1,1,1,34.72130828136558,6,1.1628738426027236,0.4734529906797716,19796.186714124695,5.8087295367881895,1.0,1,1
242.11730714675608,2,1,1,6.6339045077769745,2,2.553249053763779,3.0829119894062367,33778.73514932946,4.150091150669957,1.0,1,0
482.7008028606604,1,1,1,3.846937141389906,1,13.64772872160778,12.759707510975485,58503.53462283889,3.8579183749602763,1.0,1,0
256.67385244115616,1,1,1,3.194378962419822,3,5.050607096106714,6.6739522320386335,29923.710655094725,4.191164039066755,1.0,1,0
186.6579917471298,2,1,1,3.6098267003339246,2,20.32580241724828,23.437588940531153,50952.766225368476,4.337982430442645,1.0,1,0
133.18176394870565,2,1,1,4.958225513214616,1,2.3662640061003777,1.865537034423595,73382.76587894201,3.4645016966301414,1.0,1,0
195.46503330672678,1,2,1,3.4769545747945165,1,0.2595273455158973,0.15846370806302543,55778.54486868424,3.9618831743719385,1.0,1,0
129.27441779480918,1,2,1,8.871718602874981,2,0.6017943865629028,0.8288144085516774,11985.953056096274,3.8421794029211127,1.0,1,0
358.91014198070775,1,2,1,45.03126630383107,5,0.18382770848006683,0.081018464831161,17193.32075096655,4.0523484905866205,1.0,4,1
269.41985854260474,1,1,1,21.808102446221607,5,1.9384365470045928,0.23079577001353366,19859.394071859257,6.267807992919209,2.0,4,1
419.5333656436142,1,3,1,23.077553723952793,3,1.3818413874320599,0.4946363881393232,22151.659355672826,4.463403682721575,1.0,1,1
149.17356477473183,1,3,0,14.983316988233756,9,1.3700748461023375,0.6813432626093053,64849.43899763205,5.649691714617131,2.0,1,1
306.8381932276049,1,1,1,3.0210208600352937,1,3.571807517891033,4.941396691660085,225003.34831985598,3.7963281051841578,1.0,1,0
369.66662597391485,1,3,1,5.839031153021528,1,18.447691426891783,16.042487741194673,85957.954250156,3.8945009119056606,1.0,1,0
319.8404040417079,1,3,1,5.25904027318179,4,4.8192929713671715,3.8467526287950893,32231.946701451303,3.753718607097341,1.0,1,0
140.92615694821015,1,1,1,6.904657835038023,3,7.532302470801496,10.664587194466968,17870.241671772266,3.990006156901797,1.0,1,0
145.41469718467295,1,3,1,26.370116670012326,5,5.184198447611428,4.133182462960198,11826.178265184271,6.449489804793311,1.0,4,1
127.9882363617424,2,2,1,40.172429561241415,5,0.5241376225931741,0.3116906299167259,10958.090285881979,6.1027006927358185,3.0,4,1
133.69438510643192,1,1,1,39.9709325414503,6,0.9753954396613251,0.7651540648200927,27594.927998940777,6.402846372692418,2.0,1,1
264.72842134165387,1,1,1,4.650662366527772,3,9.026040667700215,7.1011303213296255,6658.155570216275,3.681632314668695,1.0,1,0
140.3049243476728,1,2,1,15.504909420185546,6,4.86673804195699,2.6389462828593966,25954.674838907795,4.706360048131237,1.0,1,1
148.94337837650582,1,2,1,21.35444942700212,7,2.9889131992911158,0.4197073139604383,25183.408707894934,6.403037763990936,1.0,2,1
127.79679406891275,1,3,1,2.545865558820048,1,2.522256780771633,3.2398472385074086,45231.09080914541,4.152257423520257,1.0,1,0
352.9059096677083,1,1,1,6.985724719006102,2,2.452642496026993,3.653060872314623,114648.19696018405,3.6875177991490338,1.0,1,0
260.17736097773053,1,1,1,5.5499684828904785,2,7.112926696893973,6.900874891395266,37720.733332702315,4.342938984559413,1.0,1,0
225.21048449310092,1,1,1,5.413218822128722,1,3.890791243678544,3.7133405455633874,50417.005154533246,3.2110976006538055,1.0,1,0
123.7078883105736,1,1,1,8.566587945346074,2,1.210589464068041,1.2308722513985144,31521.38809183148,3.9451681785718433,1.0,1,0
136.6988902457202,1,1,1,3.1490830771068046,1,3.0570125308958835,2.2253384129525506,27274.766707154537,3.6129695163228446,1.0,1,0
243.75421215651,1,3,1,5.565593571682671,4,2.731166319989753,2.141964315017605,13411.859724102074,3.187052723390103,1.0,1,0
164.74796621448476,1,1,1,30.30465002166184,4,0.11150446429946269,0.08409891356147292,66515.0913401845,6.073835940500657,5.0,4,1
133.07521952579702,2,1,1,4.802628926567335,1,3.246102938814261,3.1812418007630625,34187.813590931066,3.7686460196426674,1.0,1,0
314.62455883061034,1,1,1,12.958851199510615,7,0.7674559412471322,0.3182114553470836,7779.108092387901,6.424810565859531,3.0,2,1
210.6406627642356,1,1,1,5.254086731966584,1,5.444630440778886,7.779410604826099,81811.18891861643,3.2670373846997127,1.0,1,0
2764.9779287977044,1,1,1,3.513037702449666,2,1.5431011517336808,2.0711818013826333,20584.629145690844,3.409436844562242,1.0,1,0
290.7482851351117,1,1,1,4.9042812177083395,4,1.096533804849548,0.7491122686020127,31257.396444062633,3.083210737272272,1.0,1,0
208.8518737222372,1,2,1,19.552594494711037,3,3.3813811678297463,1.9786698125295963,41085.750724367,5.031852122434732,1.0,2,1
121.70946591644822,1,1,1,2.3244659476047334,5,5.1696126712653925,6.642880975637441,61314.394305443726,4.001827504813939,1.0,1,0
163.5035856643962,2,2,1,4.080064976757297,2,4.018467872469956,4.841387682283538,44021.23605452826,3.858076808113957,1.0,1,0
137.94139540144096,1,2,1,9.964678400144775,2,1.3847195407074913,1.2329175461921036,36008.04091822796,3.455234982432216,1.0,1,0
186.66222031160862,1,1,1,25.124670627312437,5,1.4599354822603,0.19470398150777965,28373.846595479627,5.418627731485436,2.0,1,1
428.2044833978983,1,1,1,4.619859761425781,4,7.7921449751388066,10.564967991838211,190452.83502247877,3.585217614202944,1.0,1,0
200.21471764914827,1,1,1,8.633644681967397,4,0.15538708956341357,0.21554024252116616,135225.57085317952,3.7174622353167135,1.0,1,0
293.317664097757,1,1,1,8.104991300749578,3,1.485234576315311,1.067991764067164,122820.93539914611,4.6897348194091375,1.0,1,0
194.2067236543094,1,1,1,8.535356150759934,1,1.2591432495852444,1.7837175121636086,58257.940073998136,3.952861778005585,1.0,1,0
180.13899817088762,1,1,1,5.807685522427694,2,3.8544741155715307,3.2906642902806134,109979.64543204679,3.37171414006022,1.0,1,0
128.65756996587294,2,1,1,2.2208385642991795,1,4.107373011320584,2.6788797827136115,87158.096165652,3.7391073794265033,1.0,1,0
189.76452649915012,2,1,1,9.451454230245544,1,5.812753050302188,6.412484241636209,34023.362499572024,4.069005716091459,1.0,1,0
247.30370488635464,1,2,1,1.2606915368760196,2,1.3547583548762312,1.4678162405819808,66466.8712005468,3.6783261747171068,1.0,1,0
222.37543524066285,1,1,1,7.290234147700226,1,5.818649183536187,4.730671417806944,59756.11041883489,3.6858014431148862,1.0,1,0
188.68408439671256,1,1,1,6.364930626717792,1,5.181554341718569,4.839360072707519,148536.87349868202,4.058171041021218,1.0,1,0
352.6514217763932,1,1,1,4.33394331039279,1,10.333016053744023,8.320432751095026,53114.67753527063,3.806687692127855,1.0,1,0
137.18151394046964,1,2,0,11.83087796406667,6,2.17969568967712,0.7676097635155813,40065.128641500225,5.800164946172161,1.0,2,1
260.85411781147104,2,1,1,21.01335495234095,3,2.482078426870559,1.7446575322525213,63032.52596324833,3.136312990128598,1.0,1,0
219.7771758078759,1,1,1,7.960374681690097,1,0.4745099989579209,0.6578714361911093,90987.58474441097,4.0408267497168495,1.0,1,0
145.44882653968824,1,1,1,3.1495134682177857,1,11.325147782370992,14.378608175704894,31124.144269486278,3.6597483015917827,1.0,1,0
156.9022340603458,1,1,1,3.7812229658416503,1,8.540509719760506,10.999496594242899,33593.99423116141,3.6734345478841246,1.0,1,0
212.39289313177588,1,1,1,2.1807040276326095,2,21.973250969201075,21.560620142395514,51856.27553664968,4.149882614286907,1.0,1,0
159.70234116427008,1,2,1,3.2312822956754155,2,2.82223975780813,4.20607649320374,50350.48116031483,3.5890270265113218,1.0,2,0
762.8183505279893,1,3,1,7.1314750242981715,2,6.782667867453025,7.642209189748704,42177.38394799438,3.308598720346506,1.0,1,0
232.09805491049383,1,3,1,8.52030288369107,2,4.143799994687328,5.500858502736354,13658.739872331804,3.364378564607741,1.0,2,0
128.5426925614143,1,1,1,11.65626960735712,1,6.415907872968641,4.596659865033135,18963.03471158227,3.166698151118155,1.0,1,0
142.5405613298521,1,1,1,5.073445128055958,1,5.939289989600658,5.071193983511996,92043.73316644112,3.4542325378738825,1.0,1,0
145.6591935919144,1,1,1,2.124571487300388,2,0.7063612014613948,0.6246473475225764,27172.581588832796,3.270603401965476,1.0,1,0
170.66859436659584,1,1,1,1.478969913157494,2,5.694656546724018,7.066142378091782,49724.79843035752,3.7400605410876344,1.0,1,0
200.1073090583932,1,1,1,3.152558426868116,1,0.17706964929773633,0.12302629425130694,119239.86453621856,4.970899037006372,1.0,1,0
191.24816572044242,1,3,1,3.52217009507288,2,9.774040555894638,6.640152250032407,87319.25633415706,4.374436912921775,1.0,1,0
207.04117228697143,1,1,1,2.613946502756119,1,1.8018749325627348,2.6530855618445033,104852.76020699496,3.741962905254801,1.0,1,0
335.39570351650895,1,2,1,34.4166109954766,7,0.691605650172559,0.40674693535686274,19257.876118071545,5.920553694181361,2.0,8,1
129.81071449421697,1,1,1,7.779520993001385,4,5.521749089202037,5.957204535980691,55855.652665246336,4.166351390641445,1.0,1,0
152.3145502070143,1,1,1,8.64128066668572,3,1.7161776218694471,1.6138446404792883,71246.18161198277,4.30988717021008,1.0,1,0
155.1951990082729,1,1,1,8.464864594257582,4,6.897422806249756,7.604939310139499,68720.09424053898,3.7706478340049405,1.0,1,0
137.45493711145076,1,1,1,6.89195518737741,1,0.5820316737561319,0.5998288686569423,29036.82348096484,3.804553081147368,1.0,1,0
223.1869564171075,2,3,1,6.817975122024135,2,5.207938259220286,4.112608447355137,82099.4544356058,3.9272719204696904,1.0,1,0
153.5865102842402,2,2,0,18.57495836442869,3,0.5054462338084418,0.3408098721730301,31084.977463552437,4.845783242861791,3.0,2,1
137.94721969897853,1,2,1,44.822895747358494,2,4.100522254450504,3.11306581037262,22152.556674246774,6.351264124635692,1.0,1,1
342.39179307414855,1,2,1,6.786541961286105,1,2.7333863431641974,2.8288924239319098,24122.751516089647,4.1863570810503115,1.0,1,0
132.62542046439373,1,1,1,3.149314868744104,2,0.19211387173696168,0.14051596117776755,151357.41214354642,3.07942784953827,1.0,1,0
1378.017920106781,1,1,1,20.992190247316877,10,1.5280809150824584,0.6645695019174277,21064.991133756117,5.6628939344123035,2.0,2,1
127.88907989339941,1,1,1,5.049096900863246,1,1.221860986903411,1.7099231913255821,105593.6813516763,4.631633117635846,1.0,1,0
138.06520697273493,1,2,1,24.869007926412703,9,0.6018899947117464,0.19600295803803933,21560.108779839476,5.695030633784904,1.0,8,1
144.7784213216836,1,1,1,6.808431405928985,2,1.455198584927715,2.1661982770657415,63976.812111989835,3.672042370377301,1.0,1,0
3861.2898777469186,1,2,1,4.856528719721656,1,1.207060209282662,1.120242572680063,41477.499295538306,3.904303741072305,1.0,1,0
205.60416778497617,1,1,0,19.716494112404476,1,1.575078421097589,0.4435309663064653,46156.51270946639,6.328509152065353,1.0,2,1
276.85579401911514,1,3,1,11.138209363451649,1,2.7970218476845674,2.1500753474281233,100765.86242849936,3.8758421835346044,1.0,1,0
472.2108566910908,1,3,1,31.22470875555915,3,2.660492589290499,0.6761036722093728,19615.87854961449,5.719011680436266,1.0,1,1
128.86261174444,1,1,1,3.828651046204504,2,2.2110119778817166,2.6963781582732955,35810.30187583703,3.701308503926993,1.0,1,0
146.19235419852785,1,2,1,11.674671452986697,1,3.3779612609360243,4.4309419310369575,57691.81983535931,3.3289660832813905,1.0,1,0
131.59293516282347,1,1,1,6.6187505557208945,3,14.511228818815741,9.186356762918493,67850.12159823996,3.88513355086398,1.0,1,0
146.77035899198347,3,2,1,23.887542325872086,5,2.2851863895657045,1.7906238770531022,4485.558263236714,4.6916424302967545,1.0,1,1
269.50120283462144,1,1,1,2.0075919707793073,2,1.017322710322699,0.9123027225708765,85694.14343313959,3.652624000287001,1.0,1,0
142.07578321496987,1,1,1,2.920671549023627,1,6.033258701096592,8.696128910637874,58827.26300221652,3.832905661834572,1.0,1,0
120.17212976682929,1,2,1,19.028948426085762,4,0.11747759483043478,0.014365759677719454,11270.418078137563,5.336806683203215,2.0,1,1
128.51172855633854,2,3,1,4.560389946895624,3,0.9145359637227434,0.6057326548377735,83348.2080926766,3.7976714741801323,1.0,1,0
136.81984094590968,1,2,1,17.9451620307132,4,0.4649525999361214,0.21717898743287045,8597.952144093997,5.262740941290569,3.0,1,1
160.86265630969584,1,1,1,26.649776414166762,8,0.0378958198580552,0.016127762926467296,8226.9037231882,5.238843113653712,3.0,4,1
226.02155522853667,1,1,1,5.091890093925094,2,2.7216846203658602,1.7812816175130453,34357.55499727018,4.0347007812531634,1.0,1,0
217.48633278898336,2,1,1,8.173049385809668,6,17.392687775312208,24.16182455522233,35511.039535220545,4.1287041882703175,1.0,1,0
145.5400556983008,1,1,1,14.871179167842078,4,0.15151466509133,0.07950144649520387,27190.154742348543,5.506178817591,1.0,4,1
152.2730565564828,1,1,1,37.206955452324664,3,1.0584942112409468,0.3762362681715386,18622.883494321304,6.429204371513148,1.0,1,1
121.88824518093637,1,1,1,4.212540611596302,2,7.00091023154458,4.616909278061401,16872.928889576968,4.095958602763911,1.0,1,0
268.6096394081287,1,1,1,4.70399330499591,5,0.14254160882151382,0.09489259870300813,49766.236638062925,3.915309211576179,1.0,1,0
896.6134936342419,1,3,1,5.192353247702047,1,1.650471472081204,2.3008613568012097,74541.34730102142,4.1460029357800705,1.0,1,0
214.12515604573537,1,1,1,21.874100442457994,7,2.0308742217371103,1.3466336786643287,40122.34342355554,4.956678630690514,1.0,1,1
137.4065502626524,1,1,1,7.21014197601126,1,2.3070071977131708,3.1956092786609176,35410.18746974243,4.123418598128915,1.0,2,0
204.9258588942779,2,3,1,3.884799052124506,2,19.219514272591887,26.274854692959853,51723.56548154803,4.272250481829181,1.0,1,0
873.0535890110491,2,1,0,30.536812111114223,2,2.289277104931389,0.687799876317104,7697.759962581086,5.852572435362088,2.0,1,1
223.8567460229637,2,2,1,7.986090672129711,1,1.040028842964823,1.2390963605792613,36548.669137610384,4.061585149406703,1.0,1,0
195.58516047253124,1,1,1,2.4287359380042703,1,1.962677801870671,2.7293848728768673,31351.528169800342,4.235857581411035,1.0,1,0
377.18268260100183,2,3,1,21.120382814697138,5,4.364740651010208,3.1691116791311673,6725.232800816759,4.120706197647601,2.0,8,1
288.28731215418736,1,2,1,39.933848861953045,4,0.1719638014273066,0.13664029950882062,6297.367415030009,6.102618472711887,2.0,8,1
132.79477611148755,1,3,1,23.96729323767161,5,0.2745795358381433,0.13570108861719465,49628.95938882467,5.690256708838857,1.0,2,1
232.2491739422563,1,1,1,4.640459568642239,1,6.050902944993192,5.896092625637011,19913.907674429815,3.3161537964136576,1.0,1,0
228.47527425927134,1,2,1,13.216268917161905,3,2.883798655806517,1.8862465233498353,43975.42025581853,3.5668723409482035,1.0,1,0
146.89310242523513,1,1,1,2.2934332707352776,1,0.6840396333369444,1.0227246192883919,64847.913298255575,3.2014770471947975,1.0,1,0
136.9999787725265,2,2,1,33.76658004628275,5,0.08109349693511608,0.03480683453884569,14016.350688228644,5.104798687267072,3.0,2,1
143.28607180251228,1,1,1,2.8613046265046957,3,1.8876437503721668,2.5760801185146724,129747.28760288544,3.661544358417054,1.0,1,0
145.61868992975576,1,2,1,4.925436681650012,1,0.43444783127500386,0.4895028007137044,30378.46564226469,4.518168297386492,1.0,1,0
185.46564334808608,1,3,1,2.6227789472948673,1,3.7166290695476105,3.791202264463859,90670.16058917208,4.208228953208534,1.0,1,0
142.61812583932303,1,3,1,27.855620799622727,5,3.0167497204536726,0.6030308369948669,10611.711693674262,4.596796185651,2.0,4,1
325.38410992973985,2,1,1,34.95295803360452,5,0.12953952981220226,0.02798306124528272,8230.025357328745,7.314671315943822,5.0,4,1
394.8679426278874,1,3,1,19.164892997798127,5,1.5441441259837523,0.3718431200160959,30226.8637202151,5.002496719570911,3.0,1,1
241.05441733057023,3,2,1,36.49487735933873,4,1.0139391120865697,0.24227167097312924,11064.037858611142,6.124963082050569,2.0,4,1
157.01111642095645,3,3,1,16.151138627151617,1,3.733482134413989,1.8013884467088044,29044.234438297884,5.266326911636006,1.0,8,1
165.92140736969617,1,2,0,15.666287182517213,3,0.7330274899497418,0.25014196716963477,15839.580564518705,6.105680986834328,1.0,1,1
132.7232159786792,1,2,1,6.20129332302453,2,0.4269777671478041,0.5399006235271259,34618.512512712245,3.5933901191708912,1.0,1,0
248.17128600710748,2,1,1,20.430878024195145,3,0.5250879411197722,0.20606272596435132,33722.490307210675,6.734270105531719,1.0,1,1
253.75171756783774,1,1,0,10.56422135780232,2,0.6061043186144706,0.884505829004544,95445.40397815057,4.035448188607375,1.0,2,0
222.67366407695164,1,2,1,6.172172786377732,4,0.4010936945196598,0.33882064087992353,81823.91428566811,4.06127580509201,1.0,1,0
171.24222665763705,1,2,1,7.99457452554463,3,14.262663532696893,13.15647350753036,78798.97506728329,3.9807991275352173,1.0,1,0
251.46140508632521,2,2,1,25.476016730054443,5,4.3668363471634235,2.39059488929209,25144.465695351148,6.857143793536032,1.0,1,1
278.763609243237,1,1,1,2.4259116738097752,1,6.313503872338744,4.001982143723218,97539.23028869838,3.7839372608565784,1.0,1,0
363.3433578052564,1,1,1,2.799571938379168,1,3.018675802328452,2.752742951166195,322168.82824163546,3.5864644346303356,1.0,1,0
120.97574644564547,1,1,1,2.5164268344707126,2,16.231569729088395,18.096046459847628,26182.36528313857,3.64404407448428,1.0,1,0
132.5054805549073,1,2,1,16.12751485500604,5,1.4946163667526526,0.8380905951234525,32215.243838907532,6.044329642254758,5.0,1,1
218.04424391260477,1,1,1,8.130136756465383,1,2.228378968007685,2.4844288881779493,73152.77821526802,3.549400145361537,1.0,1,0
187.48690127865268,1,3,1,17.593405022469746,8,4.056282638315184,1.142126618627762,25132.343736492978,5.522591239822383,1.0,2,1
120.94845739221701,1,1,1,34.19235397489854,3,2.225287503153388,1.6917525946858334,14508.808176990133,6.4016012656530705,2.0,1,1
217.51676336657664,1,2,1,7.958321256701449,1,5.198225525899567,4.254485192117462,147301.95989354822,4.297536253804683,1.0,1,0
236.11811958215858,2,1,1,8.411527785465445,1,4.002444027989332,3.6895323425107778,62325.65527724033,3.355450607017217,1.0,1,0
179.04658565416406,2,2,1,18.460159275108133,4,0.6156006237996874,0.37365724037793063,33519.77097332986,5.038307527099369,1.0,1,1
143.1020737212174,1,1,1,19.988741297897,7,1.087893067063074,0.11659826813705393,59650.36528147718,5.344651512105999,5.0,2,1
259.9339632541849,1,1,1,7.772364754630998,5,3.1436387092584757,1.9410715283579396,42620.71095023176,3.5412623795267613,1.0,1,0
168.35698335533812,1,2,1,17.65529603038211,2,2.1561049492541247,0.26825954112329636,40613.21577580765,5.8384095938842755,1.0,4,1
155.03552990045114,1,1,1,1.8065031486525278,1,0.8018599393822964,0.6893147900920253,18771.50423528368,3.0518918782628215,1.0,2,0
465.33343199645253,1,2,1,33.852891765450345,4,3.218896428938053,1.3099369690195217,26402.42570982638,6.595617663222035,1.0,1,1
122.74114940016675,1,1,0,11.193850967160127,4,7.456547105666777,7.7282310307791615,99274.75058605362,4.150202107326134,1.0,1,0
352.40625136037727,1,1,1,6.903269816317776,3,8.062357290634202,10.867501006478108,88950.11679559185,4.186334922680238,1.0,1,0
1667.5398491739404,1,2,1,3.2302720347762377,3,2.1089885857219253,2.348597816027779,81080.34774534771,3.4852691156023083,1.0,1,0
160.26576501165263,2,1,1,5.920343199776348,1,0.6398174139125395,0.5778218440307583,53715.65415696903,4.520477968884776,1.0,1,0
203.1953877991575,1,1,1,2.6022491448847074,4,1.467578890037794,1.137685448846025,27075.244743191826,3.3317498532024334,1.0,1,0
136.0374830358222,1,1,1,2.551244450146597,4,2.5218840959677795,3.64032500299351,110676.19227126006,3.733444620265966,1.0,1,0
240.62763494989787,2,1,1,4.770900838154855,4,4.48799435470688,6.048496760352129,71513.78492974957,3.5219634101443846,1.0,1,0
126.00359998301953,1,1,1,5.414160989239435,3,9.200966528592334,8.895072636836964,72453.00453523961,3.336163679767596,1.0,1,0
128.39186089276743,2,2,1,10.872417429292328,2,2.7286589766464875,1.6399550805889787,41988.1624150676,4.477193673033153,1.0,1,0
2094.1153411212017,1,1,1,2.0506220461699325,1,1.405686334224027,1.9591343665435768,120910.93670388342,3.9487092984718744,1.0,1,0
135.75126980120874,1,1,1,3.0741587921119797,1,7.279853133100296,4.704787189756585,61910.34704461795,4.492381371601229,1.0,1,0
126.19006484826996,1,1,1,13.321770996665016,1,1.0338807334163056,0.9552512204440969,67010.601868099,3.848792624231859,1.0,1,0
140.44020998130026,1,1,0,3.272688329338282,4,0.15096237700903167,0.14368277128451631,154173.12193369886,4.263191055442632,1.0,2,0
208.01724398392153,1,1,1,3.481989108285848,1,3.669514259468903,4.4565390422964075,52609.92809126165,3.3324633400600465,1.0,1,0
392.3793842034633,1,1,1,25.51428170687142,3,0.5004068500410401,0.06916325138630007,3906.8634756361275,4.663257110026565,1.0,4,1
235.13088834858016,1,1,1,7.356268358289459,2,5.9636655905473654,5.113992770418707,59267.97879463327,3.9064729506294964,1.0,1,0
121.78248664282714,1,1,1,4.818320577269874,3,4.71542754527853,6.698154256163289,121456.96521913129,4.016517177263985,1.0,1,0
128.3864548530822,1,1,1,3.1657492101965548,1,2.398959973509094,2.3242353734078587,33633.72165464262,3.567871440340166,1.0,1,0
155.80955444651843,2,2,1,14.459149962614134,3,1.0652220457889883,0.7365405355493785,41263.07348305822,5.365830364243572,1.0,2,1
127.11812807245491,1,1,0,7.34817541290571,2,8.478675657899862,8.466368319395206,54723.96046433067,3.651600134633791,1.0,1,0
182.8463047230801,1,1,1,6.821270205740448,4,9.133875160677109,10.25237571912506,55298.28710740199,3.494980538727856,1.0,1,0
227.45006145970342,1,1,0,9.922614596807191,3,5.1486892382682665,5.854017443623769,71754.1598749925,4.225763412205241,1.0,1,0
182.49351408578337,1,3,1,7.385713890343772,6,14.295279755232777,9.001306998139073,95760.36685627518,3.8673915906505725,1.0,1,0
177.4538263762658,1,1,1,13.306188974600332,5,9.762360189569431,12.400091485140038,77967.81462295783,3.6031900185987737,1.0,1,0
207.99294051981778,2,2,1,22.411192863237833,5,0.6112327506860217,0.14106276400843207,9330.98481149668,4.962245539668312,1.0,8,1
298.6988859236867,2,1,1,7.738319093355546,1,10.187275659446843,13.923855003264842,65854.25238864652,3.950176692246754,1.0,2,0
122.15156907449595,1,2,1,3.311915159448606,1,2.3349058713155855,2.135671203868022,36889.88417033321,3.0049896780937493,1.0,1,0
152.19038750775837,1,1,1,2.4266974835290864,5,1.309257887392857,1.6617395954520033,46464.202006379644,4.656394028643306,1.0,1,0
177.1699122456835,1,2,1,18.90136065006765,3,1.1154850378426038,0.6061268049132233,12911.945435781836,6.516800133532789,1.0,2,1
155.34386362875745,1,1,1,4.325014477079334,2,4.234440040521135,5.371887897171735,48279.86584190832,4.195482272064763,1.0,1,0
136.3811625804904,1,1,1,4.91011003082081,4,3.770730719654558,5.392216414703047,39047.58299286141,3.463706029723459,1.0,2,0
156.46986173633616,1,3,1,6.262378792752839,3,13.263000618512564,15.994280545354133,37277.22171018449,4.3330854475163765,1.0,1,0
301.92120991812817,1,1,1,4.274620971849405,1,2.4036546227028093,2.650892349200251,96517.66565957754,3.570318648101019,1.0,1,0
211.44161624990943,1,1,1,16.79991090357077,9,0.819574571225711,0.5872728789785379,47678.23535808457,6.379064186755402,3.0,2,1
144.9595704824329,1,1,1,13.905378844273152,1,12.025911948506641,9.70063367561136,16892.713195963766,4.158626665538176,1.0,1,0
122.72836659009758,1,1,1,1.4664827006585757,2,3.1785135449727275,3.542708632615727,58634.12089831642,3.6983554513398733,1.0,1,0
218.15527227823006,1,2,1,7.435628529735533,1,0.7948595265054748,1.0055124908644983,56288.80638425942,3.2092169978788387,1.0,1,0
307.3447504172262,1,1,1,4.305847117341671,2,10.353469795229193,12.009815966451496,57422.49585237232,4.106394451367728,1.0,1,0
148.60905276481046,3,1,0,19.613625378980903,7,4.2027403827782805,2.019552449191611,20616.458946323626,5.73147577658692,1.0,1,1
209.63514036580887,1,1,1,5.990528143053191,2,11.16928219136053,6.924488208362791,73553.42017432443,3.248287036302592,1.0,1,0
360.3003176355866,1,1,1,5.117481720429584,1,7.164355305447593,9.87413221779805,69962.57023543978,3.3918227757504407,1.0,1,0
129.88441675515938,1,2,1,5.938865881272863,2,0.2949734016954813,0.3819101058324089,83574.44620945075,3.6641223872459325,1.0,1,0
237.2876286553402,1,1,1,5.89018071435363,1,12.152878039889146,12.38939381006793,54797.2264559349,4.152911870611692,1.0,1,0
130.95437290188454,1,2,1,32.07647916331692,7,3.346971376899723,1.5998562704593007,13088.618156088824,6.989886353213593,3.0,1,1
189.29371343909685,1,1,1,27.53602841130562,4,1.5073995207842104,1.0904787308772317,5535.091661725461,5.345633936150643,1.0,8,1
146.27355799084344,1,3,1,7.745050507116704,3,7.4620881889173605,8.738680829019533,89123.06815438908,3.49216388538163,1.0,1,0
312.7117824829587,2,1,1,2.6961164625931637,2,3.7110773710911586,5.052721119189385,112480.15112868267,3.7314673084489134,1.0,1,0
247.02642663118928,2,1,0,41.1832910189667,1,1.2830016198175573,0.18137209975162943,33031.06036376467,5.7994823833503775,1.0,8,1
181.08451182817328,1,2,1,36.61479350934687,2,0.09067469882475722,0.013115284123067242,49432.839134216134,5.571026162482564,1.0,1,1
224.55273069105817,1,1,1,12.189954271160877,1,6.411354197346713,8.330783684125825,93663.5560035249,3.491040488504421,1.0,1,0
139.72348758125403,1,1,1,3.7065033941166785,2,0.8530126374984542,0.8925805338830137,37852.237035156286,3.3336800287408703,1.0,1,0
141.26585551090776,2,3,1,19.6015671215093,10,0.6771967475653956,0.10284647340583461,12188.056361983341,4.364156534067838,1.0,1,1
245.55247742526217,1,1,1,8.32542110774494,1,2.923493167132857,2.656486652341786,93850.39318800697,4.590169774033163,1.0,1,0
199.27745135048988,1,1,1,7.224382780190113,3,1.9904871994763758,1.8166438552899709,40780.61266469172,3.2108412732528184,1.0,2,0
162.84524178863754,1,1,1,5.843416521076255,1,0.882775250898542,0.7880475620689277,74447.75341143234,3.4368819977820584,1.0,1,0
222.81979256886254,1,1,1,3.56490843897807,1,11.119530241306302,15.748092693505676,80403.50035861696,4.109833740901218,1.0,1,0
126.91987260597354,1,3,1,4.752191353308874,2,12.545079287701958,10.445110201499318,88651.31124776177,4.077585310430901,1.0,1,0
123.87701243016322,1,1,1,5.551418980351146,1,1.4562055197280908,1.9700681707329355,66668.13570043018,3.808975308313188,1.0,1,0
262.42969663338306,1,2,1,6.2003147143572654,3,2.424819010527013,3.018721208102201,90654.84910391213,4.385171709124387,1.0,1,0
230.4750041045359,1,2,1,24.90701858607204,6,5.0588923530984795,3.9683427888316016,26801.74898684858,5.219931956794573,2.0,2,1
134.67578960859768,2,3,1,2.906451805730173,3,4.10277151068553,2.7965166317105226,22610.34331871368,3.905257316800515,1.0,1,0
183.80099942736592,1,1,1,21.22887917417976,3,0.03732276111523192,0.02956729084421673,4118.421243139924,5.703776715629127,3.0,2,1
269.39604758409683,1,1,1,6.186686923271291,2,14.049688004773367,9.617104830777091,90257.0886157253,3.4135407032078677,1.0,1,0
142.60757238504652,2,1,1,3.107800070622871,4,7.907879170149654,6.986549132904282,56624.333457625384,3.9855646166838654,1.0,1,0
123.02736024507242,1,1,1,7.238145966406684,2,5.777969205416076,6.3088459917159065,43360.404085545364,3.021249541850739,1.0,1,0
157.15421481898656,2,1,1,6.545866687356682,1,3.197807517447671,2.885244138056053,52440.31174184221,3.7791753182253403,1.0,1,0
165.88746034795471,1,3,1,21.351917708825592,2,0.7475041511890859,0.37751058031576584,20009.759004801457,4.449572456848341,1.0,4,1
1221.217037981599,2,1,1,24.83927015438234,7,0.10399191681539528,0.07948108395526254,2887.377223457267,4.744818647519713,1.0,1,1
198.9289922005802,2,3,1,24.081397946628513,3,0.15374754385359182,0.026789345052462714,8553.628811652005,5.532332598891185,2.0,2,1
217.20497899627796,1,2,1,3.816408637925367,3,4.301468418607945,6.125481043809848,71517.4639600208,3.8340283412047262,1.0,1,0
146.23058780786752,1,2,1,18.362608303948136,7,1.5678743068902259,0.48243091815169015,40195.14710627466,5.563131088753,2.0,1,1
632.2682307807089,1,1,1,45.217164966390705,4,1.5144442384211305,0.5671419368863431,42575.415764017176,6.364904970847619,3.0,4,1
154.88237354575642,2,1,1,2.548607322840529,1,2.6876397330949926,2.5287840419947614,66838.9142820717,3.4807969998632755,1.0,2,0
192.06992463442543,1,1,1,10.525776123464192,1,2.955573064036081,3.6207912093924866,166058.86266411908,3.505631592144368,1.0,1,0
130.58536562306352,2,2,1,7.971991159542357,1,2.629843080102869,3.8357566117353605,47609.34026712821,3.4278986117577466,1.0,1,0
133.30709583471491,1,1,1,14.104043835515679,2,1.4069872245621702,1.9427014846770796,61709.25365181129,4.12557373511054,1.0,1,0
661.2565250102932,1,3,1,31.326789851502873,4,4.1131402223806255,1.1955822504515279,25610.86554819438,6.094293749673236,2.0,2,1
267.91241370583595,1,2,1,5.404718996089027,1,2.1546047225946845,1.4050708821569673,69802.49884386951,3.883793135154884,1.0,1,0
169.00797533791135,1,1,1,2.4907494922308224,3,22.700873934353417,18.971912177000426,53139.90529445878,3.783628516914906,1.0,1,0
191.0781360339015,2,1,1,11.418214360208934,1,3.731120877213117,3.6620972909048137,123860.02716979705,4.03030597923208,1.0,1,0
1141.8829597674394,1,3,1,1.7255304787925712,2,2.613466449638128,2.463021985250069,38520.99438696558,3.9712417261792563,1.0,1,0
196.91380533602185,1,1,1,5.489425462778736,3,7.352343905367886,10.742327214126425,26583.644045391375,3.576063937463183,1.0,1,0
198.6126015037253,1,1,1,11.245225471959138,3,4.828435927826406,5.230478017635627,32856.718239854345,4.090862198166103,1.0,1,0
139.3275834306094,1,2,1,4.6877113739767236,1,1.6617812722225047,1.6339050759473404,76953.68154470228,4.555339684124273,1.0,1,0
465.77383611829407,1,1,1,7.711413975457065,2,8.425822305631705,5.641309800479814,22406.04304442292,3.6850697012395037,1.0,1,0
240.36089713147382,1,1,1,5.202668607345938,1,4.606945325740262,6.274165608340393,71555.76892090341,3.962665950318846,1.0,1,0
122.05800134247824,1,1,1,17.72577425642782,5,2.1378676696365124,1.2741495957438194,16643.501745163012,5.896847745074588,1.0,1,1
317.2782952221959,1,1,1,7.53929713124809,4,2.0715728619772973,1.5738812948207417,34616.59578833507,3.977040619335481,1.0,1,0
191.35475124516506,1,3,1,46.07114796823221,4,5.800361974559982,1.70204515879013,4483.067183387549,5.108081337017119,3.0,4,1
129.60412403407636,1,1,1,5.753430612668673,6,3.605623277454931,3.928810912753403,51241.73383915165,3.6692997644692253,1.0,1,0
178.45562564046588,1,1,1,3.9820333786177793,2,1.042017555339667,1.3932602143809756,44172.72032300938,4.486943008595869,1.0,1,0
186.644085474279,2,1,1,8.345907824309506,1,10.886918918719886,15.866547299411675,42334.94057019324,4.125414219327417,1.0,1,0
231.04516801879333,1,1,1,3.374139503974953,7,3.0808342632954084,2.2524170592288932,9374.820497978242,3.5809091185007556,1.0,1,0
421.0641895576251,1,1,1,1.6338362782953526,2,8.471811489958604,8.203291062949384,43463.944111341145,4.045842258925307,1.0,1,0
182.66682364346352,1,1,1,5.631370459703956,5,3.7741750715444096,4.175090342961019,16956.46202572583,3.5779067613147024,1.0,2,0
852.6871783724239,2,1,1,2.153513066974387,3,8.705081506970037,5.360885578082539,22358.23865065186,3.9644415209093387,1.0,1,0
538.8917882818946,1,2,1,6.784033231405421,1,3.8925165802494583,4.441032661005025,36757.17849511846,3.1029693918426164,1.0,1,0
4127.14331164808,2,1,0,7.72862726505278,1,11.165996692938062,10.045675420710426,81473.08683313412,4.221952721544502,1.0,1,0
255.40848545684923,1,1,1,5.820930595593044,2,6.862074543096198,6.232828157405791,80593.05745493737,3.0802709933723893,1.0,2,0
135.48249341368697,1,2,1,6.248933592609912,1,9.236112139682579,11.49897898587139,99314.06209954771,3.98838189866239,1.0,1,0
475.6748384002806,1,1,1,9.093650274530637,1,3.803348992264455,4.973062416951184,54436.02644738359,3.6449056608786123,1.0,1,0
599.3531065990798,1,1,1,1.5222054657830586,2,0.9476762617691542,0.8302041625559076,76575.61102479816,3.9954816043781367,1.0,1,0
164.53703354313916,1,3,1,24.47099060506571,5,0.022781745983966983,0.011523899032633891,20492.042322141908,4.967408333030709,1.0,1,1
128.8077375518666,1,3,1,15.380191594153626,6,0.2748013486824711,0.03494274076227628,75949.815754171,5.283215502662608,1.0,1,1
179.58546442486855,1,1,0,2.858870481951681,1,0.6087989187659644,0.5793864439491466,104028.75601612103,3.7704827100877836,1.0,1,0
220.66968190257577,1,1,1,5.077433596586025,1,3.9313349285233894,2.4593571202584616,79686.75782796851,3.5394224836765993,1.0,1,0
123.661540003999,2,2,1,23.551542333132527,2,0.6971884465703352,0.11351314311957243,40953.645738301624,4.693496317259875,3.0,2,1
156.81409754984023,2,1,1,5.836152621471914,2,7.156970556379455,8.778301960792062,158847.33216936918,3.9375095105334625,1.0,1,0
122.76199692171856,2,2,1,31.83273925853243,5,3.9203772205266905,0.40923313704905656,66309.64677906166,5.186914667177862,1.0,4,1
206.72925724367363,1,3,1,2.2369205189622834,4,11.353024377648657,11.932471362158452,85231.66143283436,3.958186857611973,1.0,2,0
125.71982761327865,1,1,1,4.463284564008482,2,3.5978261697531253,4.378417948936819,170811.99568319667,3.2578460386063113,1.0,1,0
335.0887290529247,2,1,1,2.825393466340933,1,0.2689614193870176,0.2884107198029865,22210.400103059503,3.724266300342706,1.0,1,0
170.3810793191255,1,1,1,4.4051727957376805,3,1.0650010686801707,0.744799849019154,16357.092775088968,3.318289112240299,1.0,1,0
187.70987818349727,1,1,1,3.5852293021580772,1,4.116223882105546,5.4451750013755635,16245.995575881858,3.4152412559288323,1.0,1,0
1647.5257731760423,2,1,1,5.122855348505285,4,2.221378351344892,1.841164903425243,19931.171928897533,3.442091820135545,1.0,1,0
198.8273865972651,1,1,1,16.105988257689397,4,0.06581578192868084,0.04703791918412515,12294.736810512535,4.511121194359816,2.0,1,1
530.6959348283486,2,1,1,4.014186204813244,1,5.412143809715836,5.540934851287683,47282.08024887796,3.2697991220481137,1.0,1,0
1371.3391852367893,1,3,1,3.7166540074094736,3,10.751300661707727,11.062904164751163,60895.186144160194,3.769511309033348,1.0,2,0
329.8253341558379,1,1,1,6.494958322427005,4,15.854147652451715,17.452598557392005,55639.841910051815,3.6265333490068987,1.0,1,0
207.40505551016355,1,1,1,13.84483965197838,1,3.289287633406443,2.829407663661032,93712.95020097167,3.440387085606515,1.0,1,0
190.4815586837381,1,3,0,4.515949775288801,5,0.4024756708151457,0.3036900842399275,22611.880666355548,4.26369988050807,1.0,1,0
139.36922078662062,1,2,1,7.85684100953301,4,1.0699245885267916,1.4204611694479354,37575.37557450995,3.004640157779085,1.0,1,0
142.13187952512737,1,3,1,7.041175541285488,7,3.951938112380668,2.339188576748091,31247.6401224512,4.461006099685198,3.0,1,1
415.4408854583723,1,1,1,4.7867204855248,1,5.576017481714797,7.094840193105063,21061.84273186234,3.7268534547612395,1.0,1,0
417.2633127790012,1,2,1,26.119331598871167,4,2.1768803931207605,1.2970360339414266,8245.005201292473,5.979629286652903,1.0,8,1
129.88053007101698,1,1,1,5.709444415441894,4,4.594270281684658,2.962917284009092,51011.770799730875,3.9429305997527644,1.0,1,0
173.94458083726596,1,2,1,5.763195667377767,1,8.26873192549314,5.457976331230586,30139.1606035039,3.7375627815156154,1.0,2,0
583.9330510923428,1,1,0,40.60584527120417,11,0.19599425486684152,0.06485050100944266,6392.755136030193,5.555392514814803,1.0,1,1
134.1272245710465,3,2,1,13.896863450593651,1,3.2061504231932645,2.3856678098809394,13331.036375242536,4.984293568414436,1.0,4,1
120.32368117837808,1,1,1,5.8817641005198285,1,1.485090108535366,2.1845095100071927,26290.890151668358,3.7767088781604388,1.0,1,0
184.876091493368,1,1,1,7.4189916189130605,1,0.2726996050411471,0.2820519871867704,23362.825266008418,3.5514848988152865,1.0,1,0
267.77825730636084,1,2,1,4.633907374969736,1,4.688821734423537,3.1703292071770393,17306.19621332112,3.3647100628680287,1.0,2,0
267.5155666097147,1,1,1,5.788277711322384,1,0.9509016850418077,1.2119481273686652,116114.07094158324,4.538089859885886,1.0,1,0
173.22822062469447,1,1,0,9.12251274873469,3,2.7405865003557217,3.233961457305304,83940.2403875143,3.6153939659505316,1.0,1,0
198.18758789065504,1,2,1,30.649679341595828,3,2.2258854715166856,1.0559322809923635,15836.599724494288,6.968045130305422,1.0,8,1
120.471778735274,1,1,0,21.50834185508201,2,2.8366200014017555,1.18111533361252,43362.61824623958,6.358977214115931,2.0,1,1
200.3045040598415,1,1,1,31.66568355780654,2,2.1141847210983213,0.37236921823441343,23834.997424228484,6.095032821525725,2.0,4,1
153.8134236760899,1,2,0,4.969805691867217,1,2.6076284393101923,3.0955917846167327,12212.139028633856,3.401251785673988,1.0,1,0
184.05802130816343,2,1,1,21.88064821718538,4,0.6749300391921144,0.3552264078230359,27732.393984615785,4.502793306205311,1.0,2,1
332.1005288100566,1,1,0,28.51744720021992,4,0.5090733463110092,0.22659346469986558,32966.44291914861,6.5726724766385765,1.0,2,1
137.74441499083122,1,1,1,1.5407734298959808,3,0.23996308180458772,0.35232601182947226,94059.01281955562,3.523855724260059,1.0,1,0
221.3337905671978,1,3,1,21.769068021907113,1,7.914541523788991,10.746934471183769,63720.59407651204,3.4072003290129804,1.0,1,0
478.02490250109645,1,3,1,12.292985346445697,3,3.5646290045637063,5.238997654790821,49255.95806692487,4.48005155426328,1.0,1,0
154.70358928760626,1,1,1,9.139264196125033,3,0.2502650205061051,0.3414562020374266,64713.70651434572,3.5661959828149046,1.0,1,0
385.10827044050734,1,2,1,6.466206296779486,1,0.19611594548996508,0.26399509717585934,52344.50537388297,4.031898201622748,1.0,1,0
155.04131864044146,1,1,1,8.903534269127203,3,1.0530512920429105,1.3110903695265665,108507.60123196729,3.690172845750039,1.0,1,0
131.13644501765054,1,1,1,5.157355701190614,2,1.2848485785635324,1.6923105636562608,64806.76469009582,4.144342370118429,1.0,1,0
153.3813003752775,1,2,1,3.4682150542166035,1,0.7432108696674942,1.0966088516890942,89695.5807042069,3.4087624186525063,1.0,1,0
412.73155694180593,1,1,1,8.47246473457988,1,1.3675134439127692,1.3755902278297685,10714.956450638958,3.697452757100346,1.0,1,0
306.4988064875945,1,1,1,5.419957620497102,3,9.753428484756425,10.158899759361184,75830.25466458796,3.391576627129433,1.0,1,0
315.1388164163573,1,1,1,6.161160644779831,3,2.055934354958619,2.956594435085674,40285.10717462159,4.103862718742012,1.0,1,0
129.27894478185618,1,1,1,3.4358447122998332,4,2.6719671791504602,1.8292868134308227,21540.276031913407,3.5904639742446904,1.0,1,0
157.0869324044037,1,1,1,5.276193323923399,2,7.984075401921264,7.198486647103439,28889.257537391375,3.8941761812078037,1.0,1,0
221.02749698223622,1,1,1,19.22527052157811,6,1.5952799196591292,0.38533094024033626,44240.1058347595,6.233262164137486,1.0,1,1
120.27193664498168,1,2,1,22.790575032168157,7,1.0257806876258757,0.7761901988873448,23312.209636211042,6.9300303746373215,1.0,8,1
147.12946808303226,1,2,1,21.835809065189146,8,0.6240579056813529,0.38158161723189854,3950.299396046535,6.760065724120044,3.0,1,1
123.49812473258845,2,1,1,4.962480523355579,2,2.6166330371876008,3.657699128243301,36795.56816833654,4.186742336421638,1.0,1,0
145.8379804756837,1,2,0,2.816046485391295,3,1.2669621410481717,1.0894639859660356,106489.03656228338,4.060344035370034,1.0,1,0
126.38419709221563,1,3,1,12.04700996749257,3,31.7529581671692,28.62082472924978,162789.77373963725,3.4111926757368343,1.0,1,0
475.42280825384785,1,1,0,1.942437238175576,2,4.935823433549936,6.43514477250681,31300.17842151591,3.74664269042718,1.0,1,0
121.65001299530299,1,2,1,2.9536578385611105,3,5.807062235994444,7.83375032618973,27062.458125471505,3.9885638023224192,1.0,1,0
191.80858987795636,1,1,1,6.9142435795396375,2,6.335632024845311,8.458496326519276,29781.48215325649,3.591902819283355,1.0,2,0
443.85085421355495,1,1,0,5.350058365359283,6,3.88977225065261,4.005601834073725,36761.50391254681,3.233888295837981,1.0,1,0
204.54839327541148,1,3,1,7.4616511032641295,2,8.623384272841314,6.175015558685137,41211.61449400169,3.7050910582077963,1.0,1,0
414.4018374720654,1,1,1,3.363551728755178,1,0.6928532211257997,0.42947388756262234,72656.29957639748,3.49137993255073,1.0,1,0
208.68008807386488,1,2,1,31.997483290556847,2,1.778518101046713,0.5467959807474452,34807.0416034371,5.182765506882678,1.0,4,1
138.97690240326378,1,2,1,2.0677553178493984,1,7.048057232158103,8.249066622899518,174271.2889919311,4.25202127696225,1.0,1,0
145.43939210407444,1,1,1,4.5816642588990995,2,4.721379746954149,4.311210335437534,21297.09063246385,3.711636365841863,1.0,1,0
262.94879674892974,1,1,1,30.14748841234631,4,0.8784449549013541,0.6730071340325106,12347.397671651406,4.404705404901595,1.0,4,1
182.56216162760546,1,2,1,9.373296005694709,2,0.6875387692465625,0.44798903859529915,46802.94930393483,3.8429750987221736,1.0,1,0
128.43965274068526,1,1,1,6.067059214369821,1,11.797453082883191,10.187429542559745,31739.23780681726,3.812272582438663,1.0,1,0
155.627094864684,1,1,1,2.2988772640520816,1,3.637788771828121,3.006067162379374,98163.39962235237,3.6567580246538665,1.0,1,0
305.4265693155795,1,1,1,24.30357437684567,1,2.1878029703849866,0.23773035508599039,4283.062874826208,5.179384182702046,5.0,2,1
194.78078425910806,1,2,1,27.461295478750205,5,0.28602405970753764,0.22351080989584426,29960.724302080696,6.32737458472485,5.0,2,1
203.27883094773517,1,1,1,6.713909915331594,1,3.358405535228816,4.9989587362626855,30934.373079970836,3.294648498799854,1.0,1,0
153.2066053278839,1,3,1,14.525526640155032,3,1.6333862775761363,0.22326386958489639,28544.58293962387,4.821352282602836,1.0,1,1
218.4688425181973,1,1,1,20.88762098570578,3,0.7146117109591086,0.19669379454664487,25477.732116458494,5.950359268979167,1.0,4,1
297.541908178401,1,1,1,13.817792532826267,2,13.327473160530433,15.287883241225291,78527.76813214704,4.386512101477779,1.0,1,0
151.72253721579062,1,2,1,10.112138077319642,2,0.47594347591900565,0.6653191329660942,49923.704582277845,3.637820726518229,1.0,1,0
142.70071871166385,1,1,1,8.746856694365366,2,2.4101897918810056,1.7644206818829204,35872.951728318694,4.1594906447298206,1.0,1,0
900.5920890557718,1,1,1,23.713979053712308,2,0.1435630677403034,0.09321530693348949,52807.974195585215,4.406578791836589,3.0,4,1
1697.3537401593553,1,2,1,9.138440187161503,5,10.377377196795189,13.04831969738374,146990.6786507259,3.604366037196772,1.0,1,0
327.6044764896445,1,1,1,6.404097901240542,1,3.489659886804013,3.0014670859437254,75358.8103222885,4.497580002453557,1.0,1,0
201.21426358947326,1,1,1,4.462304325714426,1,3.098589873509489,4.056787585786366,28522.736476350714,3.741998942449439,1.0,1,0
205.8180972242655,1,1,1,19.45093262865933,6,1.6921361972674884,1.3387183258640667,29911.16190440894,5.561257877767197,1.0,2,1
2378.0106117154005,1,2,1,5.882848947223304,3,11.62172088995326,16.940853986915705,26388.024654671925,3.982918903926495,1.0,1,0
139.65049142797596,1,1,1,4.760681881326802,2,3.839217000759156,3.974420434974092,18242.770707697666,3.213874782649152,1.0,1,0
195.33342466453084,1,1,1,30.029593122329906,4,0.34806799415146417,0.2351553365689753,11314.005942981166,6.891140563348166,3.0,2,1
162.11674011906456,1,2,1,5.793546510852978,1,2.4137647357346883,2.6051534626237327,72574.37363409401,4.431066749680508,1.0,2,0
161.66012574047815,1,2,1,4.3360775826443145,1,9.116246302429083,8.295354763208898,45553.15231483745,4.349216675455665,1.0,1,0
128.38332532627388,1,1,1,7.667068366465261,3,0.601475357798062,0.4330968063057922,101967.99683719945,3.2921966243257486,1.0,1,0
206.09576926916793,1,1,1,3.1744347669152626,1,0.8748114525573673,0.9270736015490757,58466.70608711178,3.4044645845648684,1.0,1,0
274.93979045518876,2,1,1,7.580426665017586,1,6.5138765184974865,8.154307673534815,75476.89603119575,3.440573846658445,1.0,1,0
163.1929423676859,1,2,1,12.182633662435364,3,1.8910149073200173,0.49442320319689187,8087.413925043021,5.901624108058559,3.0,1,1
124.16777891524653,1,2,1,17.5995980969683,4,0.2597601435678731,0.1956600315153287,21059.915254080985,6.201618823305548,3.0,4,1
180.33257114006906,2,1,1,14.28505401901224,1,4.185715574989025,3.808387325128,65233.61719538086,3.7072340861077513,1.0,1,0
178.2794871284705,1,2,1,11.971863957336186,6,1.4613303248253162,0.2963914024542101,47351.19307855152,6.275853655250493,1.0,2,1
571.6428676364377,1,3,1,19.59981494084685,4,2.2475163625703427,0.2352050848287293,28744.115967912618,6.1292526272588015,2.0,1,1
300.264702415732,1,1,1,29.3409712521409,6,4.308034964591916,3.333081970765244,16985.55382778588,6.505234258752827,1.0,1,1
377.46396607746857,2,3,1,11.40611222625402,8,1.8699831065125307,0.1936137485328169,20568.665634720634,5.021404592412546,1.0,1,1
120.31130189553848,1,1,1,2.698356498605567,1,0.3207083548171109,0.40792860191141533,40741.5042605759,4.029831942470167,1.0,1,0
129.50561872833808,1,1,1,6.592853358671426,1,6.778509418258775,4.860432850520743,167904.80603831276,3.472599912201644,1.0,1,0
182.07317976915925,1,1,1,6.106684867043065,3,5.882095101840778,5.998801173785275,47155.79261664687,3.6391982138664267,1.0,1,0
228.65691137999372,1,2,1,6.113544934469482,1,0.340683394021154,0.30031007653009545,51349.83390753661,3.7528070240054636,1.0,1,0
201.68163425848883,1,1,1,10.717980940528557,1,2.08864742071872,2.026668222947845,39370.44315388196,3.8999311338965894,1.0,1,0
272.7845113042067,1,1,0,22.772224787746648,4,4.0239509590663705,1.0773245726030876,76532.70536227632,5.69663920356457,2.0,4,1
143.94030665672796,1,1,1,9.452997404114853,3,0.5705163777003279,0.6717049512639258,94981.4681138897,3.700121741387851,1.0,1,0
538.4369222062755,1,1,1,4.3466169679562885,1,7.164176000251231,8.482277145485478,80001.74765311445,3.063153352599343,1.0,1,0
687.5572078605395,1,3,1,35.360033352437725,5,3.521473259025826,1.1963260696979272,13770.323858301337,5.554165722214792,2.0,2,1
216.38686140379266,1,2,1,33.1590302889207,6,0.06236330777148923,0.026969443169231017,15899.00279336717,5.003512376397918,2.0,4,1
480.229113274759,2,1,1,6.820428736619561,3,5.481089162506976,3.386846847633468,65997.63375216702,3.9773444801370443,1.0,1,0
254.25793235796755,1,1,1,3.943291831517843,1,1.8771380492339143,1.1819050663587183,96296.72912128284,3.609435189230724,1.0,1,0
123.01100572271636,1,1,1,4.424069859760175,3,6.808923878389407,7.223584677322828,54386.94525840706,3.5829572961355165,1.0,1,0
394.9026076559308,1,2,1,6.618780064434362,2,6.886109355622262,5.304347789886739,14327.312922280256,4.128563405636327,1.0,1,0
149.8317113336883,1,2,1,1.9704171616865258,2,5.069991990672937,4.172356192925689,69168.92177803295,2.7801365426801237,1.0,1,0
154.84239735325895,1,3,1,7.54493561474507,1,0.41870882738200077,0.6204312330447637,114381.0986669668,4.268215425881264,1.0,1,0
126.22875549723172,1,1,1,2.8142202018549383,1,5.849441773721443,5.693326516631492,74211.44149327597,3.659750604284844,1.0,1,0
258.8865477959526,1,1,1,6.823384296340727,5,0.5026628798607101,0.6557248767019327,63862.2077852352,3.8553802965936743,1.0,2,0
931.3754260663277,1,1,1,3.180295663921921,1,2.2639928998522127,3.3382023287656692,52250.34182072401,3.89995289189534,1.0,1,0
148.31130538155796,1,2,1,5.553706253591388,1,3.9148113024085824,4.762429549282013,97633.33354592894,3.6468159959346336,1.0,1,0
182.9435334239104,3,1,1,20.95663854049026,10,0.8956786857662105,0.39870418796329027,8368.032800892895,5.2777227518157686,2.0,4,1
127.87059187552254,1,2,1,28.54108784026453,7,0.8657665219498343,0.22292160026585067,17075.578525988007,4.164816681727311,2.0,1,1
256.25883746799065,2,1,1,9.142194575556768,2,0.9805900145445469,0.9921711760274186,24861.28319435757,3.936759231436137,1.0,2,0
166.13671630493732,3,1,1,30.468839851029653,9,2.8842753125093905,1.5330377922736567,11123.012170166156,6.429271515545387,3.0,1,1
139.13039778441077,1,1,1,1.3574802759166529,1,1.5825415100044853,1.6560901286430874,38885.341811136204,4.446603935159919,1.0,1,0
172.22143874894556,1,1,1,7.73378384484254,2,11.795142026493448,14.335862766510399,70517.53579704846,3.8103869151416583,1.0,1,0
160.07650418965514,1,3,1,24.66057283800591,4,2.0843447307846055,1.38426719886996,132693.11075229966,5.838718425780322,5.0,1,1
170.78774647595006,1,3,1,3.6400854124724873,3,1.3540816511406333,1.9718739714509683,24633.40449632277,4.983494891473637,1.0,1,0
150.3158489969074,1,2,0,11.408448029373671,5,0.7176332717608773,0.16732840312688693,39710.133772934,5.97619118063255,3.0,4,1
398.2665021898327,1,1,0,5.3615437923915135,2,0.4513106087628749,0.6745645759586811,28494.47298942688,3.4757410504804707,1.0,1,0
224.3405647664734,1,1,1,5.786716749803603,1,1.260559944460031,1.259379996625479,16144.91176581583,4.159294315595768,1.0,1,0
146.77414317458664,1,1,1,7.561775113341809,4,1.3838244205811878,1.0986152561557994,51793.453082070184,3.721662060041194,1.0,1,0
135.64454698924447,1,1,1,12.364715749674172,1,0.6963414291779044,0.1619437323304422,40464.4097235627,5.018858502658187,1.0,8,1
167.1177606947184,1,1,1,9.82477561746807,2,4.264650287316662,4.977586023180076,76110.41650266829,3.733339198911464,1.0,1,0
134.14869127530707,1,1,1,8.83376869946666,1,0.16229505456005194,0.13535177744417817,19444.246975376213,3.777052062824665,1.0,1,0
510.21977861679727,1,1,1,3.6882932303592706,1,3.038976396178946,3.88463917324733,71215.76942879327,3.71378091902216,1.0,1,0
172.85530489650773,2,1,1,7.013738303352208,3,1.2336193633421049,1.2588852960180397,149565.3785919808,3.3775875998621143,1.0,1,0
270.1342673387977,1,2,1,5.175421075296821,2,1.8479035251320972,2.4103854860859686,107414.17957751508,3.293883051278696,1.0,1,0
214.84933030314525,1,1,1,4.808603099632716,1,0.7672389335501151,0.9539892170474504,43364.85529802192,4.39718809518461,1.0,1,0
131.20559636123912,1,1,1,5.408468054523388,2,1.5045134689161797,1.4745219586535931,57264.90706080712,3.801822917793078,1.0,1,0
121.2209028775469,1,1,1,4.842933277974876,1,9.589908898642655,9.242350665848896,80388.72226222514,4.246896061480175,1.0,1,0
159.09458573966754,1,1,1,4.415298199487808,4,7.824012406287977,8.55595848107409,62848.44418604625,3.789149528763887,1.0,1,0
5066.888228893326,2,1,1,2.500325653742383,2,0.682258724888438,0.6339677329118724,31045.155089330307,3.6782518763925776,1.0,1,0
208.43006531560562,2,2,1,24.05833685760812,2,1.358266661230213,0.5690505231072639,76243.76976452433,5.785878118158916,3.0,1,1
127.6743126525316,1,1,1,18.001664772858746,7,0.35868738254308086,0.2269952417747195,26839.748506251268,5.474146035846262,1.0,1,1
284.16438298691986,1,1,1,4.437164724604218,3,5.594787599503478,3.7694174870541852,45198.16413252338,4.226287535863664,1.0,1,0
135.8110461124555,1,1,1,34.238078338200395,6,0.3151866165526991,0.22961330191447882,9559.752449758,5.901835005221085,2.0,1,1
338.2922906672787,1,3,1,18.79479111442629,2,0.27969520727057984,0.09394248382333949,51625.839897712096,4.764087257074948,2.0,2,1
154.602663799019,1,1,1,7.330854035380301,1,9.310266872294122,10.343188246747532,83030.50354819928,2.9828422683537443,1.0,1,0
147.21123306964492,1,1,1,6.674289496087156,3,4.817877848531596,4.557134640639521,10130.396794860799,3.8830068890218175,1.0,1,0
553.6999453411186,1,1,0,36.01190901588362,3,1.2218015242693097,0.33510968057537316,45986.742573095624,4.192928345872494,1.0,1,1
134.6601770208137,1,1,1,5.5262468264364575,1,16.429631981636916,20.085872022063917,51362.91318800745,3.7869957066737747,1.0,1,0
167.8893507324566,1,1,1,15.042316305475508,1,11.777793815258335,10.744734910786722,23898.94038175837,3.5974985773824253,1.0,1,0
255.2369516821486,1,1,1,11.800149869866695,1,1.261590817008535,1.3729713203324052,99438.36441650549,4.198109064096297,1.0,1,0
120.16598395703797,1,2,1,6.372289222983184,1,6.942597611696062,5.38624969171436,40894.8819110127,4.244872292612607,1.0,1,0
143.23871014710772,1,2,1,25.206642028655878,4,8.328073525130351,5.034582045549369,1304.113163308676,5.774207653588192,1.0,1,1
155.76670523012027,1,2,1,31.305948272396034,5,1.184246721782737,0.4201046262983914,22224.86835375835,6.806754051885547,2.0,1,1
193.80179798498023,1,3,1,21.91970954396771,4,0.0786054763444937,0.05113485855831936,9399.246919485404,5.403084304029074,1.0,4,1
143.61664986319985,1,1,1,3.6834481654795503,1,4.2407180921888346,4.635542047334433,12335.100803087607,3.4359114229995527,1.0,1,0
184.87287908988455,1,2,1,3.7847197252003584,2,1.7782530140442152,1.1353964994102117,78877.60210045791,4.38682086377428,1.0,2,0
160.07435859443112,1,1,1,3.9744574440911995,1,0.14574063692018283,0.1782470893124107,66928.05212091225,3.6988856326071398,1.0,1,0
136.26677341763448,1,2,1,5.017734424755642,1,1.4242150936046096,0.910021512997064,45776.51502872003,3.465990082338917,1.0,1,0
157.37708391336224,1,3,1,9.668100781395072,1,8.119235470724158,7.382523769099082,60230.779452922914,3.306814943573772,1.0,1,0
150.4013330292838,1,1,1,10.516408966245912,3,0.8796320973310469,1.2731210280436969,75978.91454480687,4.2182074701578625,1.0,1,0
142.21190661746928,1,1,1,5.000340540999318,2,4.209978580785322,5.006211467313142,31665.517848811556,3.751520164665431,1.0,1,0
144.7337295584826,1,1,1,3.757451590453599,1,4.93364630950822,3.129337930867013,34975.96231379904,4.26503219361873,1.0,1,0
123.63358876267264,1,1,1,33.75273913646444,8,0.22629352315764495,0.09779248223808756,65389.14383943936,5.3011705217367515,1.0,1,1
5539.828256693453,2,1,1,21.438917244233938,6,4.065790851857222,0.7250654015286825,19476.5507337196,6.223138481699861,1.0,8,1
245.03767705486095,1,1,1,21.309409917242494,2,0.6606291033906886,0.4096320172113659,10032.736533853336,6.294540987413125,1.0,4,1
178.1140387763864,1,1,1,5.14029882383357,2,17.28050257720878,15.925831190012875,38990.83405642491,4.0993827184193945,1.0,1,0
208.75194857788946,1,1,1,40.91660231855472,6,0.3998169742751695,0.148662689509588,11675.804302894103,6.438629407408034,2.0,4,1
130.40288151812314,2,1,1,2.8172532841149445,2,0.4380486092638596,0.6148916468977028,37651.96989452077,4.012474863574911,1.0,1,0
147.2272465065471,1,1,1,7.03799858126776,1,5.740484394839573,5.05914417193541,51155.09002647085,4.1249242964644,1.0,1,0
198.94898788307484,1,1,1,5.471005952329067,1,0.6092148791744205,0.8616501037005107,74128.63116124184,3.925300837379892,1.0,1,0
130.6359243571485,1,1,1,8.225193014446225,4,3.4235021456168204,4.134803643912098,19979.87948787054,4.275712149834326,1.0,1,0
226.40728308617042,1,1,1,23.038479748190536,4,1.1074302970216636,0.2691746831697216,16333.331966044992,6.763745033151518,2.0,1,1
121.9027818564878,2,1,1,5.985189142014269,2,11.336191429084367,11.894884082107517,45742.245228112784,3.3023947798174995,1.0,2,0
204.87483921376156,1,1,1,2.797533680542964,2,3.0836714306768176,4.196178166172462,99879.15645611523,2.8968930214915187,1.0,1,0
225.3765795986025,1,1,1,4.879417962129807,1,0.775177270486935,1.0529133758681073,37715.88941243111,3.259943626117458,1.0,1,0
161.77517142547293,1,2,1,19.43733222158272,8,1.525305267667622,0.4683665710427443,9398.876879781397,6.839901152807381,1.0,2,1
149.03203179258506,1,1,1,5.220089146599649,2,1.8191263445191677,2.251916649609285,103486.98383983887,3.186326228486975,1.0,1,0
129.624100366256,1,2,1,3.2855728582159,2,2.4359977337789753,1.607073918755723,69736.736790272,3.277390539250491,1.0,1,0
137.6098822889539,1,2,1,3.975242732825306,4,9.321436532813616,7.920485354934685,43204.529493406306,4.062602536597835,1.0,1,0
130.02226319351266,1,1,1,6.897954989312002,4,9.417441428727127,11.153808095279887,87290.8042035353,3.8088104201309587,1.0,1,0
123.60764902172167,1,1,1,8.759313051468819,2,8.945469206288548,6.972405780183333,9736.985677255321,4.244344602248081,1.0,1,0
120.80221328551927,1,2,1,30.00190684704724,4,0.6690306160039042,0.4239923384085876,33206.012346451076,6.216335161063309,1.0,1,1
527.1672342105985,1,1,1,7.436982273255733,3,0.16959695779499873,0.14307995206587018,28456.18762269722,4.453422241966001,1.0,1,0
254.8618166395113,2,1,1,4.6769400697825,2,1.8631887454490472,1.4909920089183673,19399.409891058054,4.396806014349654,1.0,1,0
127.5115534848161,1,1,1,5.073422906178057,2,0.6299056220337199,0.7301328024051869,61993.12359486466,3.8402601543531483,1.0,1,0
363.86987903952615,2,2,1,18.453688670401625,3,0.390929596897754,0.29248179740235675,28490.739252879048,4.248631792099442,3.0,2,1
251.63116156858146,2,1,1,16.590437438292195,8,0.7881722127695867,0.37392123928512383,26914.62810064935,5.534920211329948,1.0,2,1
148.37520023318942,2,2,1,22.508586506379594,8,1.340741572492668,1.0434235345209597,41132.89013181008,5.136763481248822,3.0,8,1
122.40852109343184,2,1,1,30.33207919235382,1,1.4018335480111779,0.19229304226755542,68978.75663831811,5.715035196113753,3.0,1,1
286.9563958215738,1,1,0,8.10015866075902,3,2.4927380676287725,2.0453290715526715,12946.838528838176,4.039117700113128,1.0,1,0
142.57607842733344,1,1,1,8.582214762584947,2,6.0353963445513275,7.484837861372746,81107.19760210671,3.235653412403566,1.0,1,0
124.84649880558557,1,1,1,7.32037408250709,1,3.223812673948879,3.8538297660106764,53133.52222289743,4.206275379132689,1.0,1,0
205.2096291685083,1,1,1,6.511946952011494,3,0.6609871315067283,0.4390607677678062,23551.1716324058,2.4373914613820338,1.0,1,0
247.291186804179,1,1,1,33.78133281949581,11,1.2191608219841055,0.8387480283081005,23671.719466059003,5.5834006002544045,1.0,1,1
147.60183929320357,1,1,1,8.00751521895599,1,1.6113504734849713,2.268876111355228,30881.984489555212,4.157505738324545,1.0,1,0
218.34611007261645,1,2,1,1.948496263307763,2,7.2935258314428815,9.240973336705476,134828.17515246553,3.830643233982542,1.0,1,0
162.09875555616068,1,1,1,8.5853004945935,1,1.7116958656908299,2.454125803989556,89421.37365528877,3.5207435210659117,1.0,2,0
144.74385296893735,2,2,1,34.3332548276797,5,0.13224452938233144,0.0817636961249685,22366.546837645838,4.513777355653592,2.0,1,1
145.85771724696122,1,1,1,18.041739172617678,7,1.9747496460633291,0.6402310785967078,5301.575108193696,6.423071103189054,1.0,2,1
130.98412159666185,1,1,1,6.025069893731966,2,2.777601552092364,2.818641594350307,107309.01443003328,3.305059990947594,1.0,1,0
181.9686657830991,1,1,1,2.686657497850353,1,22.598084144066576,32.42975812829931,163162.07132041414,3.810718478611541,1.0,1,0
521.2509895360538,1,3,1,2.8878742265107826,1,6.667581767240468,4.303019840670228,50703.11733672558,3.584333919315493,1.0,1,0
331.833550504727,1,1,1,10.990663753036854,4,2.7190393153763255,2.146806028888625,50183.310326150626,3.5911483354973517,1.0,1,0
135.25791372528275,1,3,1,5.460695271578898,2,2.5191833651360738,2.6316127876669544,58881.16820278553,4.607273148093591,1.0,1,0
207.85981765240118,1,1,1,1.7457828606020915,1,5.7654824605743595,8.41986309122117,53566.2488215434,3.7148887900235197,1.0,1,0
126.1061233762936,1,1,1,7.360756450346554,1,0.8869722314588563,1.1979703354169904,126076.39980680047,4.612289921922415,1.0,2,0
235.1729650116758,1,1,1,7.170566988462056,3,1.5436429461841372,0.9587896271770747,57589.2487179271,3.8413356750515275,1.0,1,0
161.72521228338425,1,1,1,8.53964981963956,3,3.594652855788603,3.063144481006508,33789.0054278945,3.636340143939834,1.0,1,0
126.08257939449322,1,1,1,3.702968060610876,3,2.819671251876426,3.2644071737163407,98473.90542495468,3.796148218883727,1.0,1,0
158.22285432822534,1,1,1,46.04736650677037,5,1.4688690260141497,0.7237605643143168,12284.621862919354,5.1427605212502066,1.0,1,1
322.430815239411,1,1,1,5.2275798028876705,2,0.15115946298289107,0.17166605062685636,44701.084283640856,3.4539488282554256,1.0,1,0
123.12078819241505,2,3,1,3.478708408742206,1,9.223992084086108,9.81435462230797,53660.303012597076,3.3003734633428525,1.0,1,0
142.22592318116654,1,2,1,8.348166715619612,2,1.8476105640158358,1.74616709650776,121831.91220421446,3.1688102334650745,1.0,1,0
219.36916285683975,1,2,1,26.058410268578275,5,2.013416644145643,1.2354302839013829,4464.9855228290935,6.263970038278063,3.0,4,1
879.5965224357527,1,2,0,6.860424849816419,2,10.136625022666712,12.458973437635564,50828.84379193751,3.877357076006591,1.0,1,0
424.43884926296016,1,1,1,5.3336925631501595,1,2.8291929619629546,2.869008196889896,32509.251154826492,3.8386450990439243,1.0,2,0
234.38105963451625,1,1,1,5.297300016173013,3,8.467142658874513,12.335106052651986,30667.45893450308,3.3744116918827447,1.0,1,0
195.11463662378563,2,2,1,7.1898876903939035,1,19.25444463105302,26.442550504813475,61510.20762552544,4.0263243504138275,1.0,1,0
141.40120077534243,1,1,1,20.329537994005406,6,0.6277006071263009,0.41660742492541014,16498.91942229792,3.7673403546201962,2.0,4,1
363.26299607588663,1,1,1,28.617027921899496,7,0.3766707294054729,0.09565024863756674,10585.231281196266,5.513700017017318,3.0,2,1
126.80816442045271,2,1,1,10.646094679087707,1,7.939902295156983,8.045478026146183,143048.64184550205,4.582012222850582,1.0,1,0
154.1829226746082,1,3,1,26.52814741705686,4,7.767616229395305,2.9634222944910067,42910.200475416765,6.2581506780988505,2.0,2,1
125.59180531470102,1,2,1,28.975035786162213,2,1.196684931990564,0.12805236712733306,6331.723056104535,5.418069710518325,1.0,1,1
347.5509105448059,1,2,1,15.333675853403674,2,0.2335224407047981,0.11686572869798131,72544.38356353741,5.845421344909561,5.0,8,1
125.10815736590366,1,3,1,15.22257644094495,2,0.4247509277783944,0.22374330133285503,20410.956889947647,5.575857779943923,5.0,4,1
123.57409998198607,1,2,1,6.781732643056076,3,6.0614733692479925,4.531512089706523,33870.47356992791,3.8027158585663225,1.0,1,0
161.95222834752857,1,2,1,11.540348309212906,3,0.5222191163064674,0.2073952228896403,42986.302669588826,5.8368589855506885,1.0,1,1
126.20740256041735,2,1,1,17.344548627395348,5,2.0864367057355677,0.7777819139060829,15493.560032878338,3.9884980933949366,3.0,1,1
162.13099427600437,1,1,1,8.778758954968584,7,9.66433070957556,9.271016667621048,41354.68851259243,3.148022837297217,1.0,1,0
169.13710117448804,1,1,1,5.772135334528129,2,10.57190528472296,7.34426872432988,45502.18832600924,4.126880598488611,1.0,1,0
136.52000952024204,1,1,1,32.45768910076999,8,0.19040584657736015,0.06869684316723253,56795.86308340488,5.868706165843902,1.0,2,1
153.58382518719966,1,1,1,3.4677766251379074,3,4.335136979622597,5.585298228610501,24058.710778405155,4.2286802395978,1.0,1,0
131.10574856288244,1,2,1,4.97395890673317,1,10.26727127236444,14.780239982219637,45572.006075462195,3.5926743204403015,1.0,1,0
178.61151527102717,1,2,1,8.243435936326001,4,10.263284383047894,11.157916186320715,48073.80757800288,3.36250108873051,1.0,1,0
209.12354930928706,1,1,1,12.602282219063984,1,14.839795855725589,21.236017261482402,36750.46386808202,4.233221000449184,1.0,2,0
127.95802113091996,1,2,1,2.614190642959543,1,2.4726852575815075,1.783776497074515,37388.77762902898,3.864381281470077,1.0,1,0
968.8869700036607,1,2,1,5.63176046787862,1,10.646109741146686,8.219788352904986,128942.87724742891,3.760050410985864,1.0,1,0
229.92458142765096,1,1,1,5.149607567138423,2,10.208941215791961,14.46766171907599,53771.76236783801,3.3544731533472385,1.0,2,0
120.28095381737745,1,2,1,25.40015249143428,1,0.22066990492679103,0.03121119685973435,49294.39540160093,5.0589174503456045,5.0,2,1
159.14393565158883,1,2,1,11.50909181696221,2,4.466825182370166,5.134012728875953,33700.522781143845,4.161968972796849,1.0,1,0
228.16570091933207,1,3,1,10.85696270420919,1,4.1411062669418,2.7500626755517046,91649.03354315032,3.8888241418336387,1.0,1,0
190.08759012384044,2,1,1,23.43003681673942,2,0.779916911195474,0.5578619740222499,20692.41399797086,4.641835287537525,1.0,2,1
121.50469096556802,1,2,1,4.831270961566446,1,2.6229543651392633,1.819230796303463,59365.230062212984,3.436450173954955,1.0,1,0
121.37957373724878,1,1,1,7.85448657790909,3,9.806196170380263,10.71242510564953,14994.837269467465,5.0,1.0,1,0
421.28933278641256,2,2,1,23.25967797808397,7,0.8406090779828452,0.3495671856587106,62736.40267155099,4.080233496714428,1.0,2,1
210.4138964638634,1,2,1,11.80300493938499,5,1.3440068815581327,0.8171445160774516,11853.264411740396,5.078614225603443,1.0,2,1
179.0551089788795,1,2,1,21.205481627621676,4,0.7799594888135148,0.318474619466594,23108.456792809055,6.285113113594073,1.0,4,1
157.02888021852942,1,1,1,18.639274752491914,5,0.23968412638397366,0.03887741238818053,4260.276126073464,4.6248064484337394,1.0,2,1
395.95930284983046,1,1,0,3.456130093404106,1,6.7424802211340396,6.918258585495288,98060.66698773997,4.00731727840564,1.0,1,0
186.21280456346798,1,2,1,3.462155582044811,1,0.3511284945267765,0.45566228271314735,37367.099314699946,4.970789587766447,1.0,1,0
125.56719259013258,2,2,1,4.886255940873552,3,7.624680924581346,8.008394779641923,229638.95982440282,3.459271381933395,1.0,1,0
220.48271137027263,1,1,1,12.88995092940379,2,1.009588954460752,0.7827179262295569,42652.93876589421,3.5258158040897474,1.0,1,0
140.7096984598254,2,1,1,7.976336044275693,1,5.4347415882360846,6.757178769957066,83511.39231205903,4.082876896817948,1.0,1,0
131.31811222489284,1,3,1,5.0215545924613885,2,0.3086100291703615,0.3534278386909797,37449.58706848748,3.2633010434838727,1.0,2,0
153.9788842763568,1,2,1,59.15310516202624,8,0.8742620650843373,0.28802819488568154,24621.939569725142,7.5,2.0,1,1
125.31198323779678,1,1,1,6.038579309294388,2,15.497706206346914,19.580304109571735,67144.59760730636,3.3469135560879018,1.0,2,0
122.01461672512524,1,1,1,6.264615392691663,4,20.760807061031368,22.04136906415354,30807.029213187092,3.9805071161985106,1.0,1,0
502.13967363019316,1,1,1,5.364639498365328,1,18.446884627230222,21.560138951402525,160836.7438038219,3.3894762029163163,1.0,1,0
348.1715490774722,1,1,0,7.277578875730479,4,0.8343923874258967,0.6969199056798547,39846.65344745314,3.280406658859578,1.0,2,0
135.45746398573195,1,1,1,20.088916996887136,8,0.053702706410127636,0.039475684444712174,32932.07092182376,5.220320705499305,1.0,4,1
4002.089844219514,1,1,1,3.8841083242662764,4,10.548965252023516,15.821045135433538,52500.75486946049,3.6567111020152967,1.0,1,0
223.66183404575273,1,3,1,19.019614608239365,7,0.47588031372121753,0.35647797159223127,26112.652558410013,5.858674059645631,2.0,4,1
178.35667058404732,1,1,1,5.1326241127189585,2,11.253047307835153,16.332190850497145,61323.73548452122,3.968440264397028,1.0,1,0
137.09800552006732,1,1,1,4.311295385936306,4,22.618239377291644,23.461064155848746,95143.095803716,3.727293987964864,1.0,2,0
196.89448534614564,1,1,1,4.7223711105157395,2,8.028335300990921,9.768754642383568,18346.815320343063,3.5587583547610024,1.0,1,0
123.27463411091865,1,3,1,17.07438985865265,3,4.614027150217979,2.775696230995339,23018.467961772665,4.820711264709498,1.0,2,1
161.96318196055793,1,1,1,10.218808355434835,1,1.936645905400313,2.8277777653774345,22523.274206497492,3.3874749550425554,1.0,1,0
196.80864916819274,1,1,1,1.716523178814703,2,6.361081806831507,8.855089140170215,60965.7264880758,3.4143468595802635,1.0,1,0
2193.8885576635525,1,1,1,5.970787575459943,4,0.7532672691946277,0.8710673662194257,9586.855963889424,4.250167558860372,1.0,1,0
170.53821987255407,1,3,1,8.599709961440468,3,5.793178650864609,6.327917404709679,135444.9823088999,3.1075735553768142,1.0,1,0
398.97917920791684,2,1,1,2.0664692486237874,4,1.5172143548900214,1.29809478241465,76701.18151848466,4.1792326191346625,1.0,2,0
201.29613017353222,2,1,1,5.673287141530834,2,2.3869741217921376,2.1645852561018923,85683.2674044518,3.431050557285336,1.0,1,0
150.43775783385377,1,1,1,6.568678827451895,5,4.272592332754027,5.054146419551038,78759.95554472697,3.9417060753912225,1.0,1,0
157.83348219232107,1,2,1,25.046840856897838,5,0.4610181607881791,0.1616825056982914,35921.26323539029,6.11182455772316,1.0,4,1
131.65379568050167,2,1,1,11.277100754740013,1,5.370884683842469,7.005201468076571,29213.915817292243,3.943010962870149,1.0,1,0
190.1653145628112,1,2,0,29.150719908769158,3,0.7129610526716204,0.47271488224120833,4756.261893319388,4.84427758284047,5.0,2,1
568.2925158809614,1,3,1,8.436886142741127,4,1.1567033323276519,1.309926739616239,41473.86629499143,4.244095153828947,1.0,1,0
286.86077311559177,1,2,1,27.129508751752827,7,0.04355656302194332,0.006178714599370649,31246.5239132314,4.426969470475109,1.0,1,1
226.4711767991442,1,1,1,2.2320170828101142,2,5.051893778689412,4.253011215530038,34255.455432183546,4.168710563754681,1.0,1,0
165.09037570026726,1,2,1,15.661690168549809,8,2.214960188951114,1.2090424024672053,10324.652672906288,3.2832041875382845,2.0,2,1
4112.879383331352,1,1,1,7.541053386342831,2,9.600542498794628,6.784306361971744,111426.13656147645,3.7624834727172187,1.0,1,0
445.03867315679395,1,3,1,12.066030284900997,1,1.3577978729090823,2.024093505681187,239542.67255850695,4.010326504523397,1.0,1,0
2020.1736113791287,1,1,1,19.925227901778825,8,2.9933320366894316,1.6645221414893971,8670.758824967457,5.868791988872033,1.0,4,1
204.32197618556586,2,1,1,10.52131416365984,2,5.673895968663217,7.759316048676622,32254.258723816973,4.398202528224675,1.0,1,0
806.389316381433,1,1,1,27.285400789691288,8,0.3037474834072787,0.07692063106545277,25735.645581536268,5.950489023235235,1.0,1,1
169.89164986266428,1,1,1,1.9424150311838617,1,16.856868011145604,11.106729080628696,43529.50738711614,4.599841013586976,1.0,1,0
722.9345786014277,1,1,1,8.816704564058012,3,0.16536602799551725,0.22307444471487223,20950.072151262477,3.1523440006548893,1.0,1,0
425.79712782834036,1,1,1,5.517976399756905,1,6.129872491872238,4.235802288437623,105178.92999693338,3.5358417136597695,1.0,1,0
448.14353853777396,2,1,1,6.447713091320136,3,3.842589069342416,5.758673023685871,35422.41011143808,3.479017617100152,1.0,1,0
151.21783606376022,1,1,1,2.888984670901749,4,2.0283560228982696,1.763897113073158,45050.65111498755,3.7317763983129897,1.0,1,0
296.6878263080282,1,2,1,4.210316622490108,1,3.772032934752629,2.601152183665495,72410.55907102197,3.8965565743875903,1.0,1,0
279.50500153470676,2,2,1,19.533574692394083,8,3.4183988096635822,1.4767062566617823,25724.333742181192,4.680997885268857,2.0,4,1
275.78196512378935,1,1,1,5.35210896293861,2,4.311638920589532,2.985426180133166,112890.19470677385,4.013778534922319,1.0,2,0
134.9767262114701,1,2,1,6.331518086661082,5,2.018140454141142,2.9742744207622187,128463.53461569348,3.336987492220199,1.0,1,0
122.87334069337187,1,1,1,3.2180378147565993,5,1.461577919101411,1.2006584433595675,7740.167600868679,3.8020862074414827,1.0,1,0
333.6524997294045,1,2,1,6.63463364636697,2,1.8372162935262926,2.5438192997730718,126247.05065305128,4.277188208228034,1.0,1,0
149.12502622598976,1,2,1,6.660112431452726,2,2.2360715894522456,2.675244738871111,25510.73090151284,3.2935617726140234,1.0,1,0
139.74663742994647,1,1,1,2.8643600554856667,2,7.005479560361076,9.84778415559732,64688.7044054214,4.317106855814661,1.0,1,0
122.53219759889771,1,1,1,4.646803410914032,1,10.119213358389949,11.052611011384405,72536.30125132705,3.76760862037414,1.0,1,0
134.91623224433079,1,2,1,20.99684938799959,1,1.9105135413449548,0.2673776116500984,17077.729909493104,5.547708629510259,3.0,8,1
170.96662073234845,1,1,1,3.7868769803402045,2,0.7621749214836663,0.7967260329157642,36003.67457671409,4.236248759428811,1.0,1,0
135.3995245810683,1,2,1,26.654611068772528,5,5.9849714144176325,1.7526345645742933,36231.29817973351,5.797092839554684,1.0,4,1
144.18546409467876,1,1,1,10.833905038813912,3,18.21012566572518,14.033944594771658,78754.29411781684,4.061166000549477,1.0,1,0
178.9368737241628,1,2,1,10.398114253226682,2,6.661325860015858,5.928428562700265,8449.309466635914,3.876642779209705,1.0,1,0
201.01300394660205,2,2,1,4.41640210057917,1,1.445378013920905,2.1466715032958086,123569.64401593711,4.54224666319913,1.0,1,0
379.79368724931635,1,2,1,7.813987526889198,2,1.8503261797759198,1.1895560175149846,38998.97814780774,3.8284850227780427,1.0,1,0
131.4341886966889,1,1,1,7.744013141817863,1,2.3615545626174774,2.6310716403523142,16072.29114247902,3.988336997175878,1.0,1,0
140.77776579877002,1,3,1,5.4468136093908575,1,4.988936342501649,5.032193715546741,71119.67599515743,4.443070777356736,1.0,1,0
150.0816281339674,1,1,1,8.71754360111938,5,0.31604900401070685,0.3661492746600996,69551.14184885105,3.5941381979778053,1.0,1,0
159.0349582568841,1,1,1,23.418070216220435,8,0.4530542608011949,0.06187298412447173,20295.551180333594,6.299209614656418,1.0,2,1
162.1480225231131,2,2,1,4.7575753297009316,2,4.070914262135624,3.016846192472387,95090.49611753866,3.158439264171035,1.0,1,0
235.97771295102018,2,1,1,16.589952163154674,3,1.6287971034586033,0.37672728836762853,30196.67599592948,5.5649845931183135,1.0,2,1
130.46140371912716,1,1,0,13.285825903122554,2,2.625476088842671,1.361268227878145,50250.388707308586,5.9969630817367605,2.0,2,1
610.7406148862453,1,1,0,32.85156825337238,2,1.0260310214321093,0.563184028919646,27753.882156403844,6.2702607879872545,1.0,4,1
258.2086268792277,1,1,1,12.542492414370665,5,20.838569697200036,17.866756192901725,104188.50984949734,3.922500874074156,1.0,2,0
145.35745017857693,1,2,1,4.026079372128798,1,1.4599005501000946,1.8406538806932333,31271.0381082085,3.883144553987221,1.0,1,0
244.47239791113705,2,1,1,10.19188815800081,7,0.117093785345439,0.046847818676293666,10486.940602620261,6.007348227668025,3.0,4,1
181.15312923637785,1,3,0,27.721215690815033,5,1.2301899000080416,0.3955422794973363,10724.860613520128,5.988108645451148,1.0,4,1
130.25742179019238,1,1,1,2.7493903547797633,1,4.746021703279887,5.870239039706417,61421.74181546526,3.6064407993333436,1.0,1,0
149.8786715301697,1,2,1,10.56938587159253,2,10.377035118734543,12.1513608172609,35742.92430032969,3.9054773633481727,1.0,1,0
222.2054758178942,1,1,1,5.4846503241497375,1,8.640157139745623,9.849382097825197,34335.435127157325,4.216905344512468,1.0,1,0
202.76107469826349,1,1,1,2.114491116605608,3,6.068220284155475,8.20431094550169,87216.34087123355,3.5151471876033726,1.0,1,0
179.72801979325317,3,3,1,18.53843377799343,4,4.708167510973459,0.6696833773352461,55284.29206559659,7.002321615184139,1.0,2,1
160.89711568581737,1,1,1,5.063518595919878,1,3.779080797692176,2.3350204531142897,46882.51597891439,3.940309439735722,1.0,1,0
123.8062982770445,2,3,1,18.267204630811946,7,1.509900393621092,0.8032729081732889,17022.80678914433,5.344506132291965,1.0,4,1
149.2862631464893,1,3,1,22.844003685710668,7,0.08730413379815774,0.05110472332078912,20785.920474961553,4.915887275054396,2.0,2,1
138.85886112331406,1,1,1,20.074507150246156,4,2.5723077421708904,0.5464337380455146,67760.66748687754,6.009993219763253,5.0,1,1
418.3251893616376,1,2,1,7.084887206294759,1,2.7074743899560807,2.7146740780699283,68978.97411223287,4.099213745498013,1.0,1,0
276.6949872757947,1,1,1,6.0626083379078874,1,1.4145587762196419,1.56041994272001,99522.00326758012,4.2488807819153775,1.0,1,0
138.90490887887728,1,1,1,3.8010821702042006,6,8.091096158800125,11.528139837827073,12993.798553134933,3.1204293110573915,1.0,1,0
146.94653620468245,1,1,1,1.4915879695312306,2,5.476704203629976,3.421804402789609,92626.51195783734,3.50978712814001,1.0,1,0
464.8424635539494,2,2,1,8.058125100825885,1,7.693967834261552,5.2209746858826565,125503.88623195786,3.8849901423652904,1.0,1,0
133.3152581272164,1,1,1,28.969180968942986,3,3.5531151325140957,2.4174918886925543,9326.592900267893,5.173496163614881,2.0,1,1
212.71906655259605,1,1,1,15.745172449811475,2,3.1756229123002093,2.388372488495329,99869.93177139951,4.210116348880287,1.0,1,0
146.34377182238092,1,2,1,5.343356993225103,1,2.54737284335033,2.6719953432327137,43922.01338117447,4.205909621696376,1.0,1,0
200.50911275296255,1,2,1,24.217949493158947,5,0.23228772670020978,0.18248634070746206,67828.14891038975,5.295644463809648,2.0,2,1
135.32983551404888,1,1,1,3.709999971152468,1,0.1896373432624081,0.20820204922592095,130983.55087107727,3.686534893362062,1.0,2,0
155.60910066226745,1,1,1,11.95179074936854,2,1.6630521054495382,2.057193645204438,63843.244223575006,3.258443396633186,1.0,1,0
121.8370033670692,1,1,1,37.762065509265206,3,8.510201916083133,2.1832838666189263,111573.88042312722,5.791553325302814,1.0,2,1
126.50466198213874,1,1,1,4.022024603838976,1,10.39869738643596,6.974552361020668,61844.42351807808,4.037847769946001,1.0,1,0
162.57956015081297,1,2,1,4.395662174852141,2,0.5844778187776207,0.43505420297498254,71320.30672147735,3.719375054675001,1.0,1,0
440.11999063220674,2,1,1,7.569843260495957,5,2.086188523634031,2.2270531829567277,71527.78822447069,3.7660685299834014,1.0,1,0
192.70964229918178,1,2,1,22.106768384926866,3,3.730174831963559,0.7948327818595884,23902.829564446525,5.752259576752763,3.0,4,1
125.916002618986,1,1,1,8.972842451949626,1,13.645066942757637,14.24264705258546,35418.77064391307,4.347449028764397,1.0,1,0
287.85536731775886,2,1,0,27.816894438050607,4,1.0344906946445829,0.2083377997409101,16265.135960301704,5.331957079263188,1.0,2,1
190.13664463992598,1,3,1,34.548455463152735,10,0.6611961773002805,0.5200877464463616,9551.17402049854,5.056888796843429,2.0,1,1
126.07813704192225,1,2,1,25.380029470566512,3,0.5170656298005395,0.319604304478942,15459.37176224802,4.824320764068801,1.0,2,1
150.81567614361157,1,3,1,32.40512609799975,7,3.481493805553117,0.6494524697183135,54694.5858530362,4.813977775800609,2.0,2,1
195.46964474967416,2,1,1,8.573318536227138,3,5.22787890193217,5.499905555371113,72513.64305041882,3.284274844991671,1.0,1,0
129.19680688949515,1,2,1,6.407613445119215,4,0.6106719673610874,0.44956489298784075,64039.54013499688,3.1186457326255157,1.0,2,0
158.30318373331917,2,1,1,5.30030768340789,2,1.182546468683148,1.1044311794135009,133046.3666117189,3.7772812724683718,1.0,1,0
152.08975680926983,3,1,1,24.317467291933845,3,0.5114437054007939,0.30366738344253225,6738.914103272019,5.812085187326684,2.0,2,1
318.3012380950731,2,2,0,6.77245142808429,1,2.4004548805601686,3.2335260191495396,47082.06428961005,4.638078501456068,1.0,1,0
158.5784369081034,2,1,1,2.8843807952882248,1,13.299640589694471,13.343479972665484,22623.97232102747,4.63170733947319,1.0,1,0
191.87198101859389,1,2,1,24.686858810487337,1,2.2463406339875145,0.656203157854591,71580.3721398813,6.198944696561479,3.0,4,1
276.3334549545313,1,2,1,30.145625219630105,5,0.23510864059345404,0.1530446776509347,43931.716529625235,5.018561331863098,1.0,4,1
324.7553064161131,1,1,1,3.9774879479775955,5,0.9808223260259963,0.8802578102833976,20607.798787271146,3.583100264427232,1.0,1,0
122.44825871380347,1,1,1,4.701082039936815,1,13.268404815387024,12.715339772343597,49133.038246657445,3.8662816399883657,1.0,1,0
138.1519108659544,1,1,1,5.025550000330669,4,9.907406275527263,9.893034210402746,50459.19527846606,3.4778689224367776,1.0,1,0
136.5056437907019,1,1,1,5.739559557254032,2,2.0179057503724103,2.085970437204544,9957.16663046497,4.3143666616011735,1.0,1,0
210.87637318847476,2,1,1,3.477029940778457,4,10.056869100191491,12.71915755451265,51833.52888931978,2.787917764498305,1.0,1,0
126.46297521958498,2,3,1,19.502031314095852,2,2.017565684358585,0.45529750249001705,36501.151688618236,6.227309415216286,2.0,4,1
157.0516426539312,1,2,1,27.54829146420116,4,3.772834155133497,1.6980516992503105,33669.36248817078,5.29950887143443,1.0,8,1
126.65548184204384,1,3,1,11.926585231951712,3,0.1715661103873865,0.24546549607965357,141700.93533013976,3.7892105433127794,1.0,1,0
3347.9935569363183,1,2,1,4.3277504106609745,2,0.2876269751941198,0.42044922833216525,66333.89415347522,4.061179435660906,1.0,1,0
134.14682449516508,1,1,1,9.455665407530127,2,1.0821046975064292,1.3711282426677327,32955.50768469961,3.9383388003308046,1.0,1,0
129.2634727415779,1,1,1,6.126036542805355,2,1.857924993421639,1.1650464121581119,34726.86898571111,3.645742181103033,1.0,1,0
163.4782170398153,1,1,1,10.371424314362422,1,2.5306240067055725,3.513990942908112,89497.51212382139,3.5965796435821673,1.0,1,0
220.80094078898742,1,3,1,4.171471238434524,3,3.179481937267832,4.210003359383553,26434.786347706002,4.05069909244973,1.0,1,0
169.68252555823327,1,1,1,4.841114510724099,2,0.471343060817762,0.323038186647157,44078.86009358213,4.048515393346876,1.0,1,0
172.59626263942283,1,3,1,8.518317104818447,1,24.164628760592816,21.63008214577288,118864.98570424302,4.1687851719402245,1.0,1,0
195.65376881773992,1,1,1,6.170275759644582,1,3.2251956699292434,3.5799173323665565,114701.38239226399,3.5023877280722107,1.0,1,0
333.4094026749556,1,3,1,8.525993944332662,1,5.425762261293444,6.487051595116398,76336.01979246746,4.158030107590989,1.0,1,0
153.60483562024146,1,2,1,14.634483543681318,1,4.535895547133591,6.4215706670035555,49081.768039856,3.6617470262305734,1.0,1,0
154.17270708285915,1,1,1,21.212754583044077,5,3.34362538983741,1.3140288632015455,903.9319104600253,5.107804220768535,3.0,1,1
385.39991128727576,1,3,1,14.098531971530198,2,2.5817865686326003,3.2064850656231987,68927.48877914733,3.6264165820404526,1.0,1,0
120.58264697983083,1,1,1,1.587325057948924,2,4.765300248887282,6.457739088140995,131281.72550649516,4.202934966797972,1.0,1,0
131.048944906801,1,1,1,3.818998392800197,1,5.284282036239437,4.405966103444468,34006.17739989668,3.734681648961041,1.0,2,0
125.83135379456084,1,1,1,2.9666263711784424,6,1.641483037483047,1.0223931713287326,59802.17852895842,4.389172166701194,1.0,1,0
139.77824962063912,1,1,1,17.251589401639016,2,3.047160125871156,1.9600931353599944,73974.1914875147,3.9074363096594955,1.0,2,0
132.40282228302456,2,1,1,12.706265678146398,3,2.125279133673221,0.39187226580182816,49347.31740834458,6.361315712609212,1.0,2,1
175.37780500836183,1,3,1,18.759281868350385,1,0.06753725216677774,0.008932848883118228,38551.14630428312,5.012097079738488,1.0,2,1
132.23709930923513,1,3,1,35.90087773697778,6,0.37202104184987683,0.2064339826677382,19295.491852145256,6.2511625697272555,1.0,4,1
132.2116374571024,1,2,1,30.0649325343429,5,3.73130931815646,0.9230658325312258,48739.40862418564,6.461857350786806,1.0,1,1
273.7779156998813,1,3,1,9.030334521347122,3,5.697555122857286,4.69702347948117,29708.85688060029,4.695492311807585,1.0,1,0
142.83086449732448,1,2,1,37.866616684739434,7,0.20838563305025226,0.0809347955366529,12484.859598242087,3.95034781448995,3.0,8,1
128.24571835384265,2,1,1,23.677751609997834,7,0.3604158258701024,0.26817585335439226,14004.610616073833,5.224062985544674,3.0,1,1
207.6767954524977,1,2,1,31.794005173744868,5,0.27766617872309673,0.1352465294864028,3869.4321228352114,4.91481418204325,1.0,1,1
252.23130097212467,1,3,1,2.3166708439598986,1,4.630609179323489,6.31774043327873,34435.09032013129,3.9110634412953305,1.0,1,0
125.8739647036952,2,1,1,7.168766924590569,4,9.123153777865907,11.7257112556056,9307.284782572582,4.192250824535137,1.0,1,0
135.4523438528527,1,1,1,5.056182224210685,3,1.5079514891584014,2.11642046652474,14047.971405405593,4.188767044775874,1.0,1,0
321.89390256223555,1,1,1,10.561621996203534,2,4.264210292565665,6.114944149664873,58533.56864700709,2.807536765193354,1.0,1,0
211.08839140671105,1,1,1,3.6781098283509155,3,3.8423026673110976,3.4773529455316154,55298.224794182766,4.021322022140048,1.0,1,0
241.27047508757718,1,1,1,22.520278298174883,2,1.087959664423663,0.6582150790098528,52313.998819431465,5.287285735193932,1.0,1,1
281.2273529494729,1,1,1,4.429806657943702,2,1.1564051104744513,0.7906660728991006,107594.1547747054,4.171423580548797,1.0,1,0
132.8009246636335,1,1,1,16.961265753156972,3,2.426195305654323,0.8410376351291816,51275.26441280445,3.994809623955941,3.0,2,1
200.0268108390339,1,1,1,3.2465087110011317,1,5.297124333843374,5.470677660959094,34117.582482667596,3.451973549373152,1.0,2,0
121.19920066539608,1,3,1,4.445379627526284,4,4.481366327564558,5.178298588899743,156781.66900119293,3.815021832547238,1.0,1,0
811.4525551183276,2,3,1,13.590993611850285,2,11.805063174002433,11.874589345350264,70666.64402636533,3.3642604623642516,1.0,1,0
158.95864128268317,2,1,1,23.58526987433042,14,0.15220387674644875,0.03455010307914026,33322.352427751466,5.201225774781116,5.0,2,1
410.8063390289386,1,3,1,7.390906447857732,2,3.3525943771541153,4.25480320817842,77460.66403313196,4.1586589107874,1.0,1,0
308.8490582617112,1,1,1,3.413200959745487,2,2.6185898002045893,3.0645413122519067,22715.94265614537,3.4450314495851644,1.0,1,0
122.90626978348877,1,1,1,36.49893432375582,4,0.35043432920025797,0.04752808811104294,8269.189658666497,6.543479897441117,2.0,1,1
161.9411156913429,1,3,1,23.22344622453319,2,0.4638600039741696,0.3209132978160406,40336.47622159131,6.803519937619803,2.0,1,1
121.82338171407503,1,1,1,27.407771057166357,5,0.22804004235406974,0.12842100487680563,26319.771584123522,7.178025484581562,1.0,4,1
301.8394976745124,1,1,0,49.42418130976753,4,0.08338741886066174,0.03809294735723761,14204.596517667467,4.693422321844896,5.0,2,1
152.1157370622995,1,1,1,6.138873804964402,2,10.764750312836144,12.248619235363467,121132.43795390002,3.8709018969258806,1.0,1,0
158.39206934599588,2,2,1,3.5233988685361237,1,5.539736332692865,6.3648723709078805,85336.10994247645,4.5175816416766965,1.0,1,0
278.13656570854573,2,1,1,5.824294548707836,3,4.203759984876655,4.462355400622464,40261.041856329444,4.164184468147753,1.0,1,0
134.0146206548484,3,2,1,28.011284060547098,6,0.5088030119540228,0.05672776168248685,25010.919400998257,5.921794947926504,1.0,1,1
172.25899518213663,1,1,1,2.9804430475084276,2,5.526697867613032,5.925392556163871,62604.164865700295,4.18356053623389,1.0,1,0
131.00675012544534,1,1,1,4.068592387158116,7,22.19739343134302,18.079334290638037,114015.59304195215,4.351903228397247,1.0,1,0
163.33903110376926,1,1,1,20.649971995558126,2,0.5109301305403819,0.4058163166860654,11142.892642465386,6.444430484203358,5.0,1,1
165.13663608554202,1,1,1,22.391807514520714,6,4.186493952579128,1.472044914981127,42424.508532806176,3.887848248127042,1.0,8,1
196.87079537082337,1,1,1,29.40926181087394,2,0.2401389755096126,0.1482033674136851,14190.795312409684,4.491371459985107,2.0,2,1
224.72037153986332,1,2,1,3.3629808070875784,5,6.200004328782816,8.98196051355471,125987.44293653512,4.034160178302128,1.0,1,0
132.0896727994104,1,1,1,4.279729579574571,3,4.733651999673041,3.538959386107758,49783.004203809236,3.3499853399584754,1.0,1,0
284.42643624195915,1,1,1,6.15599469270413,1,2.1642423185834976,2.4897460030178507,67595.79968605703,3.9053176233083966,1.0,1,0
142.67305409244918,1,1,1,29.80506216602027,8,0.34970922142318617,0.20183646273629244,9469.08630496158,4.974225338238033,5.0,4,1
162.08076471946225,1,2,1,2.8498710009629473,1,8.2929134335066,12.393985151040901,26248.2002824566,4.006886591729203,1.0,1,0
145.833405858429,2,1,1,3.333195230699146,5,1.371439288983507,0.8466290741155599,86221.56855948862,3.5680976701943905,1.0,1,0
120.56583152346363,1,3,1,28.28100266393782,6,0.15936815579379188,0.1159119553295604,21093.6784737435,5.878308376069894,2.0,1,1
637.8736495046938,1,2,1,3.4069760660528012,1,0.2875692609260367,0.35738537183682156,44061.32236909918,3.696307495838472,1.0,1,0
196.45069755735418,2,2,1,21.56160316944594,2,0.423191775738743,0.3271941834871984,8461.456521048862,4.924988654378521,1.0,1,1
399.10295382454757,1,1,1,1.6637104472779802,5,3.23070160400673,2.1813405664132763,70389.6118140783,3.7257335860311542,1.0,1,0
143.09044766905922,1,1,1,9.043955381096659,1,0.5046962178907352,0.31325074263599584,43194.611178664,3.957584530236104,1.0,1,0
223.77097927477567,1,1,1,1.3961892650443914,1,7.146673084642675,7.337711274799667,78005.01639368858,3.7782795329690546,1.0,1,0
149.8218671851939,2,2,1,19.613435097252882,4,0.3263729576766394,0.09603325224103895,19188.873055743974,4.419346507977245,1.0,1,1
142.79324957827538,1,1,1,13.74088240401331,6,0.41050490719664373,0.24067739688289913,5718.2718419296325,5.088998237041884,1.0,8,1
271.20846235452063,2,2,1,15.05748743341925,3,0.07715571623561066,0.021487772945784064,41900.83941605782,5.880322555149028,1.0,8,1
128.57740677756857,1,2,1,7.746313575928645,2,2.4423613472410612,2.218535853224006,56412.11733604688,3.9365903855174866,1.0,1,0
124.19387625799936,1,2,1,3.2724717720737746,2,7.535488392860922,10.551271801674138,95698.7255472046,3.61452733931199,1.0,1,0
129.16352770655786,1,3,1,16.795245657348296,5,0.17413770927270641,0.09557104147317246,40336.26399196952,5.684913096800707,3.0,4,1
161.42228298959725,2,2,1,5.985978546831398,1,0.5471686919874086,0.7304014166966848,34550.29236985276,4.409744788230605,1.0,2,0
187.3776795623483,1,1,1,28.057386621536644,8,3.9265402312550286,0.9749849353674857,34174.652156149954,5.391409775758311,1.0,1,1
124.71769883928386,1,1,1,6.514060913879459,1,18.32525155917934,17.729223392848155,91199.91971946563,4.11457015636006,1.0,1,0
192.1678742044459,1,3,1,29.31941105536132,6,0.9026147284544792,0.44569317867773667,24529.054665544627,6.501274617488715,2.0,1,1
132.73670257230765,2,1,1,3.4536154276622555,2,2.1767695343034714,2.362041381773836,87108.76414519378,2.724649803878444,1.0,1,0
977.9264842136481,1,3,1,8.452707214625153,2,1.0271550298621144,0.994667834685502,19578.44866005729,3.650456392680584,1.0,2,0
128.62016209922265,1,2,1,2.83899874716722,1,5.889494993508064,6.823648515668438,32010.62064293282,4.217828972508034,1.0,1,0
135.89449342504895,1,1,1,12.845001618448327,1,4.304686075560856,4.302559141926669,48554.5339241545,3.7782709143377042,1.0,1,0
147.3936002355975,1,1,1,11.600039453866843,1,2.544638022612141,2.3877330860711603,56372.674799881046,3.630922945263456,1.0,1,0
134.15504568263714,1,1,1,9.628527936966913,2,1.6651796797281715,2.074473749023991,28289.951517002984,3.5972969588085975,1.0,1,0
233.2150955572102,1,2,1,10.339642037373354,1,2.3543599156698165,3.0521903937631647,103605.67268043171,3.4854860359417112,1.0,1,0
139.8396131491715,2,1,1,29.32546294092325,7,0.24888351024240654,0.06582701721323726,20220.349798610678,4.115383668077147,2.0,8,1
154.02424942751946,2,1,1,9.050645395119,3,11.394576492775185,16.332702726954146,59697.5133568941,3.3323340774855645,1.0,1,0
462.24005372380987,1,1,0,5.481689671813495,4,13.731604552038915,11.414707679593509,53118.01825736606,4.0751746389543975,1.0,1,0
191.65702102936532,2,1,1,5.223934074816983,2,1.468930071039032,0.9889249858387004,67300.76589540066,3.6890093059034745,1.0,2,0
340.52010481954204,1,1,1,3.0010786354109538,3,16.698718809324692,23.554523033986978,62272.32485697126,4.668300189277806,1.0,1,0
132.79690168548782,1,2,1,8.016172385050393,2,5.311887645693874,6.313784840524195,139310.57410615496,3.4397237874716478,1.0,1,0
340.4702456090569,1,1,1,12.858805891422596,1,18.984555861907207,23.704109331900906,17353.306309348358,3.6558377060879668,1.0,1,0
130.80333338943154,1,1,1,8.17236042231076,1,0.33415938497800046,0.20795409783902896,59529.26257022618,4.403011090121204,1.0,1,0
281.0575264006365,2,1,1,8.448751796462407,1,0.3778977367525992,0.3613315793814076,50290.21169645713,3.7558798674077325,1.0,1,0
154.16278724796797,1,3,1,7.58143256127337,3,1.609081779986692,2.361136077601768,55514.71420885409,4.633446468262115,1.0,1,0
141.9569497720925,1,1,1,5.676939812713566,3,3.5221789466681144,4.720201961117632,28377.672265180496,4.534302779728943,1.0,1,0
272.03288313510154,1,1,1,9.865923036947757,1,1.8106291027239658,2.577395396425321,19931.840139228036,3.7837804777729236,1.0,1,0
210.8853266254865,2,3,1,2.014115125713232,2,0.4758978550117845,0.3483039612909325,8863.717705356672,3.614667564573878,1.0,1,0
124.85394863285396,1,1,1,42.493219642888754,9,0.03418690043620313,0.02275063757280303,40485.70039371653,5.923978973407214,1.0,2,1
1469.7520568365874,1,1,1,2.452350784321375,2,2.8035732408980425,3.0631079248010007,61356.837061413826,4.128769822015363,1.0,1,0
162.2761305142202,2,1,1,18.71971221681832,1,1.8364168300374826,1.1442771701833998,53968.41403705715,4.187615612575755,1.0,1,0
124.65640398210554,2,2,1,11.8880113901,6,0.08127261564054108,0.010268401333198712,3312.3223448041126,4.4365812538837375,2.0,4,1
314.94525763108675,1,1,1,4.074770028448091,1,12.671869240721756,16.85301183345883,66069.31937037036,3.6488040477894197,1.0,1,0
269.34349370567713,1,1,1,6.976724931640414,1,14.681008244340264,12.072335865816887,49564.33662588418,3.9496486120420604,1.0,1,0
570.4005504615238,1,1,1,6.297676666778459,4,0.831497607877095,1.0478029449942179,49615.26053812937,3.818107743716683,1.0,1,0
184.2862931530704,1,3,1,9.945114667025802,1,1.3748805120179872,1.2997766837576896,50068.42961415108,3.9221644926134873,1.0,1,0
126.51733986534636,2,1,1,18.925005723713177,1,1.7540684141528768,0.44867201489540454,76169.58508767768,3.5388064004448667,1.0,8,1
158.6603648374532,1,2,1,10.914669210442113,3,4.435556683409556,4.567785365356659,89648.97075791855,4.171724881587272,1.0,1,0
128.48964012461283,1,1,1,1.854301056905987,1,6.205173581371455,6.644234356738717,61830.324266278585,4.328459462755057,1.0,2,0
124.85075194726876,1,1,1,3.784152764787331,1,9.910453134067703,9.09371942902186,73224.10103563649,3.77873169623001,1.0,2,0
389.01365248619834,1,3,0,19.88344995239826,4,2.58106066369015,0.860472026380948,23955.10665915507,5.736706194389288,1.0,1,1
122.23400862068148,1,1,1,45.61479533063641,1,0.265703569361308,0.12232449190427055,4401.04223414824,3.907552209534,2.0,1,1
244.11991880887297,2,1,0,3.49181719283006,6,1.6365114651557897,2.3881780160415853,11594.299136703616,3.1833553754325745,1.0,1,0
862.5675274044377,1,1,1,5.631053971781139,1,1.1646520605856467,0.774762423648677,14098.678748585293,2.895567900427904,1.0,1,0
144.21289907721373,2,2,1,9.102349868107744,4,3.789617372654672,2.6350060485473654,84185.90160595738,4.064168391335163,1.0,1,0
232.37721961970178,1,1,1,3.560264509641105,1,4.598115597112205,4.547484184090545,52935.37355264144,2.963374033751902,1.0,1,0
137.47181432165635,1,1,1,7.334246431485734,3,0.3328663016965302,0.37881790302777446,48140.5244496081,3.0643389397636986,1.0,1,0
259.1108850505935,1,2,1,16.145448008547397,5,5.067073339727749,3.301600365507744,8781.923740760449,5.339210953244777,3.0,1,1
182.61092958286258,1,1,1,1.8328446808633325,2,3.118181393083311,2.6562244810046103,119988.19215427636,3.741079616048952,1.0,1,0
123.91822347066552,1,1,0,2.6982003901014098,3,17.797118076931508,19.047498062935187,57546.56930841744,4.007764035093494,1.0,1,0
149.6046227075686,2,3,1,41.958936124912576,7,0.40125254396341625,0.04819822517351201,21686.468888492094,4.812061928901598,1.0,1,1
210.4619302061136,1,1,1,9.376114663968904,4,1.317909426782787,1.2968102921087539,46723.44117046305,3.193593639048256,1.0,1,0
229.91758909487257,1,2,1,23.716796190039574,6,6.268170628694985,4.720459785221218,58394.46283290216,5.07883288235821,2.0,2,1
265.80191919215446,2,2,1,5.099027050272108,1,2.015784444662263,2.4514714609564856,49435.54154381225,3.3751835180148437,1.0,1,0
134.63686803994744,1,1,1,7.722606951794384,1,2.8755741420471206,4.167497129231767,71664.26455962805,4.072216576085805,1.0,1,0
123.68261281260749,2,2,1,8.858728508579613,2,6.061312380452543,4.405093666364704,29805.557094510317,4.323914138856162,1.0,1,0
257.2234922396312,1,1,1,6.789752110860148,7,17.102607865382424,22.986571615797814,53782.37026888965,3.700955346980963,1.0,2,0
123.11136208822882,1,1,1,3.290614120277965,1,2.7042600450056815,3.9012835528268077,33245.736115933316,4.668128041818765,1.0,1,0
515.0557665156285,1,3,1,18.896463650100007,10,0.37172264426110874,0.15863304586877305,39596.92219440574,5.223678581704753,1.0,2,1
130.22041073885106,1,1,1,25.49170984538966,6,1.3796515506040676,0.6119138444303107,16950.52929547456,5.081084628855053,1.0,1,1
567.4800078198673,1,1,1,18.483419710861206,8,0.03220731370901606,0.011439488390198317,26209.766947239386,6.447665264507406,5.0,8,1
369.50531473580656,1,1,1,16.658365962363703,11,3.0229670932049935,1.5807883514734027,22633.957789891472,5.35921975397214,1.0,4,1
409.97405771253506,2,1,1,5.800276458651689,2,7.329362552632659,6.686353623278447,141149.42715597793,3.7540383844660967,1.0,2,0
361.8154777654236,1,1,1,9.495991998570663,1,8.311569253728617,7.190386945225718,40467.80853624953,3.650777026061722,1.0,1,0
284.5412327586639,1,1,1,10.840357351863487,1,4.300908445975992,3.9189676691384916,64843.53862599658,4.100806540302512,1.0,1,0
294.26617566219875,1,2,1,6.766831353242084,5,11.16432603814952,8.55934507850178,117300.79216053295,3.3987027189621752,1.0,1,0
236.34050237615958,1,2,1,14.702783987986678,1,2.082887596040609,1.5864932844987651,63540.901135812994,3.4201835201548247,1.0,1,0
147.62606663826162,1,2,1,19.798117391821393,6,0.012813034400998798,0.010132505404029785,49260.311716675904,6.841572606926384,1.0,4,1
421.6150635346207,1,2,1,3.349047535742669,1,1.939571366682914,1.880268116471257,57164.56641318784,3.6449690935993986,1.0,1,0
217.87029399637683,1,1,0,6.243247868740391,4,3.570527479360383,2.7070185158830156,7943.663638208768,4.38766896319296,1.0,1,0
156.89418599036105,1,1,1,7.534969029025934,1,11.43773758992961,8.203285398127766,46767.667807220125,3.0061220726816718,1.0,1,0
137.16984756800434,1,1,1,6.325729082277529,4,0.8211476325624222,0.6925101273762275,19970.48127752543,3.8728583040899562,1.0,1,0
151.23175523277777,1,2,1,3.953607840956486,3,18.42037355731358,18.696115531499327,164904.58173481352,4.110612390239883,1.0,1,0
242.08404135264357,1,1,1,1.7669067906245866,7,9.479555894830758,7.6991173776177355,8186.131218198446,3.0934585066798146,1.0,1,0
174.4998589620024,1,3,1,3.30947570975949,2,2.0953695572650366,1.3085439844512898,62163.04769750975,4.170754252768236,1.0,1,0
190.61781620210368,1,1,1,7.046848293674113,1,3.109196872158902,2.236758103890399,100299.03461762323,4.251935821042327,1.0,1,0
167.7096379393334,1,2,1,7.127083663560948,1,2.5999525942517234,2.043947154845752,29911.11324924556,4.021479723540864,1.0,1,0
166.75547054928256,1,1,1,9.625973505540742,2,3.7588954699551222,3.844287185611417,105156.71977524736,3.684752692372946,1.0,1,0
134.2456913882956,1,1,0,8.643745091931272,2,14.722054333317146,20.919724708542475,26977.80428040402,4.02264192681243,1.0,1,0
394.5129721566595,1,3,1,6.800490930059767,5,0.6902564353650569,0.9806575191340802,88194.14436352414,3.906880838788489,1.0,1,0
354.4559635056351,1,1,1,3.6974090822651964,3,15.975916089339266,12.382693331122034,66943.95742670595,4.106849860012664,1.0,1,0
470.5631276622165,1,1,1,7.338490718220262,1,2.1995422691589694,2.5883611382030542,91620.37098121418,3.358695120205901,1.0,1,0
180.9591244723024,1,1,1,4.701470853150409,1,21.177928825594332,23.873954543794298,53696.56545273697,3.7757238479834108,1.0,1,0
145.84904841644482,1,1,0,3.026752770561476,3,4.235508364057042,5.463290070218222,93997.9353418434,3.6687733596548457,1.0,1,0
142.88081915788294,1,1,1,4.267267812822086,1,5.516623594715252,4.662910625331283,23144.787992564743,4.0826187303262715,1.0,1,0
132.63480747335657,1,1,1,5.542263141735738,3,12.320197696772805,12.439101585013276,57544.504331573735,3.2041900504515057,1.0,1,0
141.5273865711624,1,1,1,2.7277474141790297,1,7.451604220711713,7.37829808009899,93939.333023687,3.456369755930443,1.0,1,0
121.60461296275209,2,2,1,34.72740450102318,7,1.4213004849036002,0.509356046994273,9510.141919299744,5.922819045099901,1.0,8,1
164.90511499218945,1,3,1,20.258327671183324,6,0.5215641021219393,0.196962024395725,34482.21960147247,7.0183538963083985,3.0,2,1
542.3260136340472,1,1,1,5.4133439311141665,3,0.7999329908254765,0.9098118226006541,146460.56322259112,4.569677792991222,1.0,2,0
652.7650337677035,1,1,1,7.794208121395258,3,1.2929942685354563,0.9265700138445615,78576.82368225395,3.8948305303491395,1.0,1,0
163.00205790103652,1,3,1,20.118884885723425,3,2.5432232337643095,1.5358155340361863,17914.374487502355,5.509607952640235,3.0,1,1
662.4189520283553,1,3,1,7.949616392364222,4,10.891014826997289,13.014134159309268,135389.56875175113,3.888326964109043,1.0,1,0
297.95138035594005,1,1,1,4.547722998317687,1,0.2791546815915249,0.22394540065124405,35302.53276907228,3.8486701050122827,1.0,1,0
165.69380842885622,1,1,1,5.0922011122616775,2,0.5954852867263433,0.6919852410501142,67845.31980142384,4.856822210688672,1.0,1,0
185.04050230357404,1,1,0,24.47237749953176,6,0.4133035640154078,0.26142814817160004,10725.01789748851,5.510156394297284,1.0,1,1
138.55235619566488,2,1,1,10.808638209908496,8,0.020087861011395477,0.00838535591895472,31149.848116128625,5.949110090128057,2.0,1,1
124.66969853129933,1,1,1,2.872119952957996,3,16.267712727861504,16.458550494234213,40312.17250072287,3.7962331682644272,1.0,1,0
143.37967054948214,1,2,1,6.456648315383774,1,25.660183587914993,27.819707585358703,84673.70353585882,3.347517203079519,1.0,1,0
244.54229217124626,1,1,0,30.950601163090745,7,0.0676179017530774,0.04425845722796707,34789.85503833308,5.717638149282111,2.0,2,1
573.1927173045638,1,1,1,22.744300631512974,6,4.0968409194319255,1.0195922889236444,20925.266009643772,4.356041237486672,1.0,4,1
191.83395389792895,1,1,1,21.73350102125851,1,0.921537074889766,0.25958765984123583,6323.822095415212,4.778943710271859,2.0,1,1
517.857679784808,1,1,1,3.2754495844076716,3,2.798508322918886,1.8775752651189157,12333.403236241555,3.9976235491752057,1.0,1,0
161.51466161647468,1,2,1,10.199228346462546,2,3.630613903734383,3.976789935596385,21174.03120986678,4.228520558702999,1.0,2,0
287.06402804023537,2,1,1,4.4465989003414474,1,2.414720272404083,3.4603934611521883,29337.255217140686,3.707391161530843,1.0,1,0
287.94945295162904,1,3,1,12.634913614518824,2,3.2447657096043208,3.1571136008934713,51119.2731694066,3.1653968560332784,1.0,1,0
136.02120494453322,1,1,1,6.2993942186099705,3,3.3101698383584632,4.286004220087541,80337.14870359006,3.2618522787686857,1.0,1,0
178.36210649397384,1,1,1,2.6474356980763813,2,1.0278741534505875,1.532678428663025,32163.098956793805,3.3719618301293406,1.0,1,0
525.5267045562573,2,3,1,6.782704476943777,1,9.062381914938411,13.538620737722521,54077.56823836515,3.959795429556583,1.0,1,0
322.37251078949885,1,1,0,6.151202847293661,3,5.509365805756582,4.249513626683638,37552.38609689302,3.2520770872869957,1.0,1,0
400.17338231185755,2,2,1,17.997259040530324,8,0.4177394088115719,0.23498304959748825,1518.0438209187416,3.9463799860313253,1.0,1,1
132.3547862408821,1,1,1,2.294304124052995,2,2.9064046769721013,2.1168913684994366,38157.10459852758,3.8115098062188997,1.0,1,0
1017.2171220621071,1,2,1,3.36680489487261,1,5.567147964959334,3.519743172737579,91233.87296638638,3.7796027384508166,1.0,1,0
178.4921982826524,2,2,0,37.98058756450424,3,0.3448786637331841,0.20430584163493715,24513.385938827552,4.409599518033557,2.0,4,1
130.41707516957445,1,1,1,2.7106838475476103,2,1.8194687871652448,1.4922824892521536,87163.27267034102,3.5941317479790316,1.0,1,0
226.80448777157218,1,2,1,3.53341960550024,1,8.946428072783704,7.735955342815584,8098.414547822549,3.9944049105152657,1.0,1,0
156.707382982403,1,1,1,2.670096203417438,1,17.789471971853654,19.885203548493507,123699.5854562866,4.286953895784751,1.0,1,0
163.17014218160222,1,1,1,4.341260809352829,2,4.292011881716414,6.253063507332125,75828.26622307781,3.599768851293189,1.0,1,0
594.3696548581585,1,1,1,6.240173375031876,3,3.2786341987036676,3.0737889931286086,30869.790420746347,3.1615706574784603,1.0,2,0
209.14158598590146,3,2,1,22.475479035410636,4,1.0008789431608607,0.34858774839575035,6362.86202916168,5.404023090988993,1.0,1,1
263.9919374187963,1,1,1,2.584609653419414,2,2.143315079015794,1.4991584014699573,97567.76160560032,4.324845812170714,1.0,1,0
324.59441285231264,2,2,1,24.687222826864527,6,0.8569204860535451,0.3631357482693176,28751.71575887221,5.867102198958195,2.0,1,1
155.26974341693202,1,1,1,2.56565591976609,3,1.666900881208466,1.1205686489999993,188332.15028580587,3.6694760190430538,1.0,1,0
141.65593785492558,1,3,1,17.70206026508327,4,0.12368444266309502,0.020434458739300554,23365.103382247744,5.654922530521703,1.0,2,1
138.52945876516029,1,2,1,16.75942891405412,4,0.3633398134123423,0.1151051156303158,27331.244350581317,6.307962293857779,5.0,2,1
152.133883683692,1,2,1,9.402651366559654,1,1.7729621833333022,2.28858571652459,105940.41526696704,3.854581153488664,1.0,1,0
274.35674064823576,1,1,1,6.253231310447493,3,0.5237173362177283,0.5075318604197001,56050.16599865004,3.283932428007192,1.0,1,0
335.08193224750573,2,1,1,4.031636984609005,1,2.107915660024618,1.3868173120962395,166818.43700712587,4.523322340564906,1.0,2,0
251.74103645977013,1,1,1,3.8256113585511335,2,3.642219056602688,2.917085605394529,75038.33820959588,3.9398121661464502,1.0,1,0
179.21983812186116,2,2,1,15.838543769033851,6,0.01259694447438378,0.006627055256996691,10505.024090265993,5.620773021838068,2.0,1,1
503.10089607123894,1,1,1,6.935650702747966,3,2.124775122460807,2.4522751081850838,33826.7153093237,3.40587794876099,1.0,1,0
268.7080762640129,1,3,1,24.074287627010136,5,1.9781428806799204,0.2014802803879436,3372.2518696153493,5.279031807062111,1.0,8,1
161.80355670620014,1,1,1,30.100725037793953,4,0.5015238532152386,0.16419159685669507,32387.89759578258,6.376735529236861,1.0,1,1
151.1372850237946,1,1,1,2.325383951956372,2,9.105218603480978,9.217414062585402,41477.34470161509,4.270928952920724,1.0,2,0
223.16503749788203,2,1,1,3.9956126974394364,1,4.284322819823773,6.321748476307985,36146.53053002847,3.901094944684919,1.0,1,0
146.92053441586037,2,1,1,16.961879689326807,3,9.991020515703584,12.003098416588942,97607.10702422017,4.176578731413729,1.0,1,0
142.65198982403035,1,1,1,25.36835503510242,6,1.312907847182592,0.9634928272759308,55915.28706207472,5.434292478684168,1.0,1,1
180.046501803101,1,2,1,20.235753550480393,4,0.7854614540824969,0.12693896200112817,17804.339572002173,5.632775481483785,1.0,2,1
195.09376854721245,1,1,1,9.891906050050538,2,11.441106683372254,11.747187738850142,53650.498947964865,4.522070855897268,1.0,1,0
182.6292473224751,1,2,1,31.3975156874904,6,0.7848323687572243,0.4042336106679383,20681.659047414923,6.274179180686456,2.0,4,1
265.6075882319456,1,1,1,6.131326188191232,1,11.370103819460512,14.06833848640343,54278.100146490615,3.7791365888235466,1.0,1,0
250.46426599423137,1,1,1,7.404590132872183,2,8.233187846185798,7.000390916533657,56826.25130192227,3.3375181049155014,1.0,1,0
182.93653466846717,1,1,1,5.729717039282488,1,0.5539420518885737,0.6404570917104183,67642.58604401596,4.687435518614178,1.0,1,0
125.157777915321,1,1,1,1.7605243116707123,2,0.2576686967372949,0.2493505919810285,83419.8465768096,3.650237069776993,1.0,1,0
146.73640097333237,1,1,0,13.053528012616832,3,2.464118356813224,2.8170796915307283,119770.4879618679,4.284196989121157,1.0,1,0
122.72057776831771,1,2,1,7.916159063831157,1,0.6889265149200502,0.7367834633155483,89371.11120672779,3.6203135581370804,1.0,1,0
190.0578581717947,2,2,1,17.64119695617058,3,0.44323834947542495,0.050465763325167494,14226.435929951806,5.543955086825861,1.0,1,1
404.5880666478196,2,3,1,37.506786394782786,8,0.9501767758368802,0.7195909371378231,8079.681452930208,5.120390353581117,1.0,1,1
139.03677600228556,1,1,1,2.0282211166263364,5,2.9515890921620658,4.383653092148457,63739.411326125344,3.857336801852382,1.0,2,0
247.30778438069163,1,1,1,11.183861523683765,3,0.15467546701832946,0.2057814877762739,35307.820689554756,3.655254144969175,1.0,1,0
170.30672178454574,1,2,0,26.676158588589487,5,1.6051643214775944,0.3596005954978006,20882.87916581926,6.385024107011336,1.0,4,1
346.5798003500312,2,1,1,5.863451998123861,1,6.6498645065490996,5.876504924425832,94409.46491553671,4.108349872585322,1.0,2,0
147.34359407491152,1,1,1,13.099318990075885,3,6.067711598595353,8.99967394352845,42320.17780546196,3.7418169665544854,1.0,2,0
321.365074379424,2,1,1,9.834024926400222,4,7.955115854824625,9.104003885769838,17125.599362567005,3.392523691772361,1.0,1,0
131.78291090855677,1,1,1,6.001171438717519,2,1.8168857800459262,2.2500763708478573,58145.79361835483,4.402008934170197,1.0,1,0
313.09421516582717,1,1,1,5.376770450421837,3,6.455222207228436,6.728619739831497,100998.81206001103,3.9738610077795045,1.0,1,0
158.78943355104974,1,1,1,5.3639934137403795,1,21.10927366854036,24.160596435129822,16291.796579212192,4.123147635009418,1.0,1,0
234.92963307442648,1,1,1,7.025047876996902,1,9.016259411460958,7.386514041614822,34056.80464375629,3.4711497473071544,1.0,1,0
133.47486177053491,1,1,1,4.905689625545087,1,3.695736659485745,2.682853410476705,44214.443091558824,4.317168869466558,1.0,1,0
197.5174657603931,1,2,1,24.377896018452777,6,0.6201124634471508,0.1921390985873914,16572.589975625735,5.727587500670037,3.0,1,1
135.39044381440195,1,1,1,3.5834939695278596,4,4.4117769889689535,3.271156047837846,114938.9727782918,4.04915983439719,1.0,1,0
165.49827534562579,1,1,1,6.034345528652401,1,14.770121178939617,17.319440051767156,275006.3678925076,3.4043286668215997,1.0,1,0
146.23644844299545,1,2,1,9.863549475227293,4,7.091271797885052,10.251018374841104,70319.48738113925,3.768398138415264,1.0,1,0
749.9961575645256,1,1,1,6.552491922158532,3,4.356850385197442,6.344260248942712,69839.29324940356,2.949552960247826,1.0,1,0
124.02243632994806,1,2,1,23.25676949769105,5,5.421716173887668,3.624015511193175,34814.9627676092,5.854177505099236,3.0,1,1
172.41470523068034,1,1,1,4.938840669063765,5,0.6422702403069012,0.5928865034714662,39596.4621719987,3.810664307771123,1.0,1,0
126.0234481036168,2,2,1,7.488337459914372,2,1.5206851592325856,1.78294977735015,44701.14316179688,3.4421225681021173,1.0,1,0
604.242866491796,1,1,1,9.207841992129678,1,0.5273913950931225,0.7663315449750701,25287.395011159228,3.5379173319809567,1.0,1,0
158.65774797473478,2,1,1,3.0799641634169554,2,4.7309266985783776,5.683468039327288,52791.74430774635,4.331190609081606,1.0,1,0
168.7598542111192,1,1,1,19.95405952457954,5,0.4496940499208084,0.05004909621239205,22975.940583609026,4.569990305477605,2.0,1,1
129.63477001390743,2,1,1,29.685496912081454,7,0.8179232367393063,0.1965174075994782,28929.864503304743,5.313254728548552,1.0,2,1
186.036138249828,1,1,1,4.190141599205141,1,29.84103703998886,28.049296333671986,154173.12586043123,3.475691401885621,1.0,1,0
141.01535027078233,1,1,1,4.141355755374807,2,4.430720361785556,6.043569398037092,63134.152373365396,3.8911212796436883,1.0,1,0
129.11764008338145,1,1,1,3.8570824888315167,4,9.385407980712886,9.585426853652645,101462.98398215267,3.4603246207656024,1.0,1,0
904.30406817372,1,1,1,2.8558820296352616,2,0.3637676297555814,0.29374519217111666,45867.48755984519,3.3249955189361566,1.0,1,0
258.7325322570832,1,2,1,23.619441102783984,7,2.3550343118747343,0.38596146445414725,8477.649694428046,5.526337563747487,2.0,1,1
323.0995151268218,1,1,0,12.367162593617808,2,7.144785523312088,8.829886292188183,7293.640663177321,4.139991723884753,1.0,1,0
123.01059339246218,1,3,1,5.2307200509082366,3,3.748931331050646,3.064939753720145,56149.81961804725,3.6974786365611076,1.0,1,0
121.6118763675192,1,1,1,2.7643608940693167,1,2.2047383208880427,1.9860511855023975,52964.75664617602,3.4847288977194544,1.0,1,0
130.66289735962175,1,1,1,9.213126078838267,3,1.4580289949371064,1.4557125760613951,71180.15267420697,3.60033061261146,1.0,1,0
122.15509715005209,1,1,1,6.287485802147984,1,6.377856119842431,8.978636671780409,53114.45937071736,3.7200464138849676,1.0,1,0
138.04926505496806,1,1,1,2.720665225502742,4,17.91046244596109,20.945121784640286,46900.20765002392,4.251612404931865,1.0,1,0
161.1201664356667,2,1,1,2.837832603328562,1,6.393799058453304,9.160073547035049,45249.65308785017,3.3582440580743715,1.0,1,0
230.39327829301968,1,3,1,3.4087487904380933,3,4.812630047309361,6.948319551059785,188685.54854777225,4.011659355279702,1.0,1,0
270.73776200947816,2,1,1,14.4551035085605,3,4.765432780537387,3.689993250313503,1522.6484300503375,5.931133774115039,1.0,1,1
125.3668999561528,1,2,1,13.617413925566275,4,2.607200316186673,1.1763768194177202,36262.52498739877,5.83649703115986,1.0,2,1
121.19187292774606,1,2,1,46.20384697344252,10,0.603296754901151,0.4620272448854025,15267.275680325423,5.73173037195272,1.0,2,1
174.94590446347664,1,1,1,37.870083521809754,13,0.2815839757886313,0.13027028338454363,18646.55843973937,6.177784721053794,1.0,1,1
129.43095108806656,1,1,1,4.708966541493872,1,7.691054297776272,8.797104706214721,15195.029046629767,3.5508557392875755,1.0,1,0
196.01483409904168,1,1,1,5.183506460500088,4,9.645316395168752,12.366145585695373,9899.30183432056,4.206365498972467,1.0,1,0
173.41240368465515,1,3,0,19.459844458161626,10,1.5828553794991114,0.7386372448930149,14733.227612906336,4.468508793831442,3.0,2,1
176.6593873338247,1,1,1,7.317786737043575,4,0.2868427926318927,0.22573310603702768,63646.407889200476,3.3640656175423285,1.0,1,0
159.93729848794237,1,1,1,26.784421350811076,4,0.3367093683916066,0.17164235252569146,48460.162443976886,6.8543758821658685,3.0,1,1
179.5561196329392,1,1,1,10.49016685807122,1,5.224596622482578,6.658731190436814,159830.13189708864,4.239104449628644,1.0,1,0
123.80754091972727,2,2,1,9.491044672069389,2,13.893374543334469,14.710685072248616,37683.573811583585,3.5614611273815724,1.0,1,0
431.88060811694874,1,1,0,6.33600051243814,1,2.264790713753972,2.8787809573249916,167827.1763241779,3.6013498223358105,1.0,1,0
409.68181774776366,1,1,1,11.966950427151332,1,0.3777651637226157,0.2311834228899239,17227.997524767274,4.451643162206626,1.0,1,0
209.42962156440785,1,1,1,3.798073239264326,1,0.3301752187948637,0.4747930652426233,13552.69748935109,3.8622874408232546,1.0,1,0
144.3050591934298,1,2,1,22.121465053569924,2,0.32154982724954495,0.0447860572319328,79065.3305568789,5.713623712588945,1.0,4,1
132.2822701341248,1,1,1,2.7545405183326066,3,0.3348580583743721,0.36325782507972276,35740.06092830823,4.25393905805115,1.0,1,0
142.3494374642703,1,2,1,13.503064657964112,3,0.16056112151050872,0.08088765889374304,3418.7843548143833,5.465327425907937,2.0,2,1
130.2757995093571,1,2,0,3.2108647083945177,3,2.9435086836210647,3.2518474044049164,11008.900221606216,3.5527451397387964,1.0,1,0
300.3434069305029,1,3,1,1.3631350916443816,2,1.5370078332255463,2.261170686969337,32509.55108663078,4.123491024440776,1.0,1,0
697.0061932469146,1,1,1,6.740165043836628,2,1.3316764808494317,1.5907486724974904,35763.766150114985,4.0398855159407665,1.0,1,0
499.338813900725,1,2,1,3.820568356497063,1,0.23038701297715827,0.20986335630879255,115210.22026470002,3.473792007912139,1.0,2,0
160.91350055380866,1,1,1,18.17654996333454,9,1.1334423236139373,0.33418996640074355,24315.03530187951,4.818333828079077,1.0,8,1
543.9116949381679,1,3,1,13.802209840750947,7,0.49477566784427773,0.2895823922055509,12262.041054594243,6.247400048459769,2.0,4,1
179.0848818555961,2,3,1,14.545928437155654,2,3.6121470857530085,3.0812028524914754,17411.021492868043,4.7576096710709255,1.0,1,0
148.8858817448896,1,2,1,26.785699029203712,8,0.34529945827453856,0.04755670934422491,58518.220374435135,6.142222451212018,2.0,1,1
124.13353102973866,1,1,1,18.745736829923107,8,1.7406343663381718,0.31956142754505035,18463.343708074615,5.168920652169703,1.0,4,1
425.0589541674276,1,2,1,9.991007776306295,2,4.1335445811234655,3.695852920746015,28359.51651781458,3.7260803851397815,1.0,1,0
3160.522848237608,1,1,1,19.791621096844125,6,2.7506970675734346,1.6355935769587209,24647.247804390976,5.186481175074974,1.0,2,1
152.49017797615073,1,1,1,3.4391936418014537,2,0.30635772507713255,0.2496397707536484,40229.95307956497,3.6643546715338573,1.0,1,0
151.49912475301585,1,1,1,2.4421771013264357,1,11.898639399274822,13.471163324411057,62606.14744765579,3.5133060069169066,1.0,1,0
215.32987724756717,1,1,1,10.62815086669509,3,1.307470481535205,1.6974658305212547,63258.71768898304,3.8093939058995043,1.0,2,0
231.80579891270017,1,1,1,11.908664628441654,2,0.24647721059731126,0.360279154692359,117050.70372142422,3.8270638348422934,1.0,1,0
133.602111725157,2,1,1,2.769421164289646,5,4.63795154005838,5.6284782845807815,37787.71929322908,3.5860762651912235,1.0,2,0
123.73521756343439,1,1,1,38.92683677959231,2,2.1878436603195173,1.3840528280002606,25323.030516931558,6.218338172355687,1.0,4,1
127.29462782581527,1,1,1,2.0630940803993068,2,9.961270710953672,13.213964215377915,56003.11138701997,4.127696891203132,1.0,1,0
124.37663848991195,1,2,1,5.5498152558606115,3,1.0372153625097862,0.8884315648424885,256555.02759236904,4.149937863198118,1.0,1,0
155.66446104652354,1,1,1,7.266758236496478,1,11.386960506864689,12.946340196732104,27203.042461535268,4.180172982800328,1.0,1,0
735.8095811217873,1,3,1,29.565833165793965,4,2.9140642323896966,2.151481887096255,27668.810690974984,6.778755614661334,3.0,1,1
160.74510699628522,1,1,1,4.905484519915834,1,0.39712600076778504,0.2506619605388612,28058.247373781953,3.8641528613038405,1.0,1,0
317.5059384129781,1,1,1,4.762502762456345,4,6.662960377804604,8.707913750357104,51834.03396739309,3.5153737250702752,1.0,1,0
498.70533717965816,1,1,1,26.904113008523368,4,0.999998668494424,0.1740245343472592,10643.700234054122,6.2233904373331175,1.0,1,1
130.67636138616066,1,1,1,21.38470140338691,1,0.5259089792043162,0.0811434769326346,19195.547066606898,4.679948359069267,1.0,2,1
160.9589853113118,1,1,1,5.816485018357493,2,9.877069340939936,6.544967252686366,105052.3614513953,4.054193193138348,1.0,1,0
145.52244080319738,1,1,1,25.851800019292963,1,1.572431442782983,0.5805830608421483,53613.85494837423,5.332441526574789,1.0,1,1
214.09143370048974,2,2,0,46.73713384458861,5,3.9789775884664493,2.958113093658666,8867.885733570365,4.992971761469937,3.0,1,1
638.1293568563395,1,1,1,8.884895141409967,2,4.496101112588352,4.407121107245652,53390.665772025524,4.35286058997468,1.0,1,0
168.03124558566512,1,2,1,32.04481773587018,4,2.8282863550124655,1.4111297080005283,60833.33739544584,6.731152700395304,1.0,8,1
210.76032691374786,1,1,1,5.9849543943542125,1,5.2073994418077145,4.513761333892543,48179.68300020538,3.679134229601591,1.0,1,0
274.7785760505277,1,3,1,17.841595852222902,1,1.1354575727859562,0.45585589213427236,5584.0391237898175,7.316883995090753,1.0,2,1
154.51470026603047,1,1,1,2.63769749392167,4,1.8831474828810215,1.500828068824936,54873.93958700415,3.213033412292471,1.0,1,0
182.16721398313848,1,1,1,26.19936502658499,6,0.12011530605895483,0.030285364686541243,32294.47144761444,5.6824979127347905,1.0,8,1
167.81151065371935,1,3,1,14.559885213379557,6,1.6560815964830855,0.6263208293542435,10181.960423735127,4.725383270841415,2.0,2,1
126.04031696222431,1,2,1,28.594703791191733,4,5.2785946438558655,3.9217061084360965,22256.894839293233,6.323039603522056,1.0,1,1
563.910133419689,1,2,1,32.64533811029694,4,3.0715185322648497,0.32197734491779545,32786.35605340974,5.824901391612099,1.0,1,1
148.21166544240245,1,3,1,22.22510200739936,5,0.19847803512549145,0.029875045068949804,43517.957101697,5.849504021798416,2.0,2,1
157.31413596133504,2,1,1,3.51300708265805,2,5.109477493461512,4.369588051922248,52290.43521934812,3.0748026060049254,1.0,1,0
168.5978190378601,1,2,1,20.36243868700903,4,0.01965500772855596,0.013004536816879365,10027.380682996525,5.230000018363309,1.0,4,1
200.65578842703195,1,2,1,1.7951917212505193,2,6.250559396163993,4.650494228338285,68192.92338954302,3.726097379475997,1.0,1,0
174.88434940381347,1,1,1,5.4620979742767535,4,4.447755839475362,5.113163986884502,36200.83452934743,3.4693582184644463,1.0,1,0
215.72507688169412,1,1,0,4.04197716681835,1,8.176540880658102,10.467041978267272,118853.15120086701,3.136146525203722,1.0,1,0
551.6246801121873,1,1,1,8.813017258037593,1,0.1833141092430226,0.20925512819219338,101414.24000107539,3.3273262868459725,1.0,1,0
124.92256776481861,2,3,0,17.153866668134278,6,1.6807905152142144,1.2425499022603106,44708.55411862273,5.1494173941061705,3.0,1,1
126.45435666540041,1,1,1,4.235999592662508,1,3.1337940919468705,2.6353717848036577,96164.45353511076,4.172418074377751,1.0,1,0
209.9747501879962,1,1,1,7.413470533654518,1,6.838006974716443,5.283443337316517,169348.99707854723,3.9607830819444922,1.0,1,0
146.26631520689097,1,3,1,7.4453889642089415,3,16.031163162528784,9.699167988947634,61362.610703399296,4.3489664576580545,1.0,1,0
121.74587949711031,2,2,1,2.558602696876937,2,2.152038416080972,1.7129125254180353,61495.816906925575,3.5316613422515766,1.0,1,0
155.68255652086162,1,1,1,6.728351461975515,1,7.358637914972332,5.51725279072745,45555.93014369375,3.393014126105712,1.0,2,0
221.13482642273297,1,1,1,5.439754354017402,1,7.680904814694612,8.43576118238081,72671.42446728605,3.642819927609671,1.0,2,0
210.99417536024163,1,1,1,7.71700329735506,1,0.2004263945548453,0.23491348634591824,40767.87570467551,3.2813451442451784,1.0,1,0
182.91039020415263,1,1,1,6.280699375635212,1,4.710763569556787,2.9846769610529384,55837.032154735076,3.991953577717586,1.0,1,0
145.46578605183493,1,3,0,4.177623818034018,2,4.003439583462321,5.555643715521918,53548.72394055699,4.098275247747777,1.0,1,0
143.42974459237087,1,2,1,17.684995823633187,7,0.32571029277361924,0.13797997858026612,33327.6967855413,5.168903359046922,1.0,1,1
148.89993135804477,1,3,1,2.9054937358179274,1,8.989657235937175,6.739822961436588,117013.80392478134,3.519830547698608,1.0,1,0
192.06661704294618,2,1,1,4.217420096306448,1,0.1972306139803433,0.13037352949072809,34585.39718003349,4.2110365869413044,1.0,1,0
260.65268921031645,1,1,1,1.3278949796311632,2,3.576582766341453,4.264303102821694,26128.119520466378,3.496943058252786,1.0,1,0
481.73868707859566,1,1,1,7.923699006649431,3,5.629770003221389,7.664643385478344,70932.31037580522,3.645142847203089,1.0,1,0
129.22220835213813,1,2,0,19.605256515306976,7,0.3741862915217853,0.08029874541482022,25123.11894813362,5.366332557929845,1.0,2,1
184.16144511359315,1,1,1,2.2793937767465504,1,6.262453549669981,8.507334375159232,23883.593374797598,3.773713533623068,1.0,1,0
184.30941834138096,1,1,1,7.751072405000143,1,2.55242872605548,2.533454912320004,42130.95254056847,3.5853116258885067,1.0,1,0
148.41132614729054,1,1,0,9.28474436694536,3,15.225505108825702,20.172990031679515,75945.75227437407,3.111196462006024,1.0,1,0
132.05136675367936,1,1,1,10.772661267114838,3,4.5320628294329035,4.174591064694198,65047.37348763047,3.637416673611108,1.0,2,0
171.94202970930618,1,1,1,7.603960502912924,2,2.77636239516896,2.966065011448795,86552.57907291915,3.9577015724901896,1.0,1,0
411.09461515582404,1,1,1,6.245757111815759,2,4.0815442301972205,3.5103000833599896,16761.50584454271,3.9434091393009023,1.0,1,0
212.4490152043264,2,1,1,5.95277525740108,4,1.0478359644618702,1.134764836150456,93627.81709220955,3.803975179042457,1.0,1,0
147.86620440699187,1,1,1,8.67540505212639,2,5.316631560217404,6.4245299408198555,57267.87769312,4.2866394327938675,1.0,1,0
459.0601610380243,2,1,1,2.7192898060985247,1,0.21532891207366855,0.1984552367259913,208728.8341643421,4.191346421760516,1.0,1,0
179.1145934916433,1,3,1,4.3247711309781565,2,5.200156718196251,3.5674513210872605,84319.21503597632,4.331637980482318,1.0,1,0
196.25687670565745,1,1,1,2.624401858396089,3,0.6852751676540939,0.9403289099063513,9567.98906851031,3.910730953102753,1.0,1,0
280.1888117630618,1,1,1,6.9254221578591535,1,0.9618402935396139,1.2552436055337588,100402.14364153007,4.361917391374298,1.0,1,0
128.81906196105632,1,2,1,9.703993900019551,1,0.8471317328108163,0.6126534203565178,49160.07442370732,6.317339616262306,2.0,2,1
266.6057735154855,1,2,1,2.0985720277352238,2,4.223021216557197,2.6547137438663366,62179.20689520386,3.397095862910573,1.0,1,0
182.76310238288352,1,1,1,5.017655849812787,3,3.5070844557099137,3.0120383047265773,31846.244543424848,3.644350502381741,1.0,1,0
290.1522165103943,1,1,0,17.71579452950587,6,1.1494566987626251,0.7211693874286643,27292.453107861948,4.3717794981800076,1.0,1,1
162.859481721715,1,2,1,37.18622064735205,4,1.6880769512544778,0.42501000717253407,25950.047538442264,5.311618715998045,2.0,2,1
303.85763427710685,2,1,1,2.514560181916629,1,4.463832325252411,5.577396622349019,177297.01955904378,3.7086669197904816,1.0,1,0
177.51259674781215,1,1,1,3.733605630870898,1,9.300050526289043,10.143564125498704,33085.62732355928,3.821955459960372,1.0,1,0
128.827029043724,1,1,1,4.5911409742389475,1,1.6714272546731435,1.6645758715452048,62665.137413125245,3.7683429271513806,1.0,1,0
131.6771125852538,1,2,1,3.979067460264622,3,1.4628137499519245,1.9155902140237844,79666.37944754737,3.9438809071156204,1.0,1,0
121.04275533812951,1,3,1,10.568678180087119,3,14.825354038869031,13.41327846297366,37052.47862285811,4.351151962240164,1.0,1,0
121.19615249375872,1,3,1,5.108715238253258,1,0.2775062308694629,0.22961784333239546,142532.2781258929,3.3720180041559966,1.0,1,0
181.65771635432776,1,2,1,30.525025331085473,5,0.4568700028029188,0.3386149392339959,22916.83498564412,6.3373709510915495,1.0,8,1
137.46488468588333,1,1,1,20.96994333440893,9,1.7843603611548922,0.8541466729363026,24305.78087749985,5.561854563687447,1.0,1,1
126.9542141057697,1,1,1,4.742657130952447,1,1.4575250162323095,1.408986243138293,28804.684742020643,3.7926112315383116,1.0,1,0
670.3146782977456,1,2,1,3.469785738858258,1,3.7548029860177508,3.0344144664137365,14843.436441952013,3.671552269300329,1.0,1,0
161.34876982557483,1,1,1,3.891464526282358,1,11.074010383806959,10.07603551752812,54782.45081007651,3.9864331304409237,1.0,2,0
158.76638286109176,1,2,1,25.855977281582657,3,2.054843390279382,0.4906719949611775,14527.97448594031,6.1725088380187065,3.0,1,1
531.2266510489623,1,1,1,5.849693286785837,2,6.066914527817936,6.023494007721464,26984.21733122569,4.1895115537477405,1.0,1,0
154.60808879599358,1,2,1,22.52808089865057,1,1.9300742219832938,0.538573984820734,37877.35424970592,6.160101126568763,1.0,1,1
130.4615642409476,2,1,1,26.25906474569938,3,0.3322744098976763,0.12611399207326496,15412.943680516115,5.722440711117955,1.0,2,1
123.76443710839658,1,2,1,8.702987397873677,4,0.38910598333457225,0.43452977542357296,95963.61971626736,3.2731769043164327,1.0,1,0
128.32662558462042,1,3,1,6.7326558346120695,1,7.066866873874371,8.980590055692689,47827.16139965544,3.6062296933677542,1.0,1,0
137.41077610423605,1,2,1,1.5126925017323953,1,1.3898269391908171,0.8507443230652035,44975.40981254402,3.7037191851432176,1.0,2,0
172.4404890730208,1,1,1,5.0094527341746184,1,3.209293204230148,4.223705451372851,10847.719221798192,3.687252191164697,1.0,1,0
125.73484660639645,2,1,1,6.74772698168159,3,17.104127311974022,10.6833789064215,32371.282197823526,3.677607715261657,1.0,1,0
137.56699303261178,1,1,1,2.4255495996914878,2,3.978963680480669,5.496724983064126,38432.372025802186,3.821658036899292,1.0,1,0
229.43182110520533,1,1,1,15.787744328884152,2,2.4057089813223405,0.35084272034819275,28576.53991915506,4.969081909765814,2.0,1,1
132.31534114802318,2,1,1,13.139130193402414,2,4.03618480395588,4.277658132150171,126942.14865230721,3.852104063323942,1.0,1,0
328.8918600765752,2,1,1,5.430283897997899,4,6.427444064423014,6.693778413918545,84158.35769719243,3.3410371999569053,1.0,2,0
373.11109423523,1,1,1,3.892251396464277,3,2.6634167664461383,3.1757921807844003,73284.23021432047,4.077399136869111,1.0,1,0
128.5505172241532,1,1,1,32.36061753725026,8,1.3038845953130758,0.7972583445475657,26882.782802749683,4.6139975672898546,3.0,1,1
136.0684814927365,1,1,1,3.5544933056217434,1,0.5648655554989604,0.6312280762777842,116256.83548901211,3.8342515124902636,1.0,1,0
455.0693647367173,1,1,1,2.6327328322851775,1,1.652270092040563,2.0912938241912546,52342.259949591135,3.6273463519859366,1.0,1,0
190.6931666386297,1,2,1,3.069165337419706,2,5.838186400723134,7.48282112769555,54157.9579912781,4.226341220977335,1.0,1,0
123.46177329451764,1,1,1,16.310470973696567,1,0.3627701506034262,0.13106993955793142,51867.50568642395,4.9182650851752,1.0,4,1
198.4550847237713,2,1,1,10.13685899723754,1,14.9075945583769,18.021874963238993,37878.66892002052,3.499442483102921,1.0,2,0
471.7609008874312,1,2,0,6.156574241925553,1,0.5226355830609726,0.7209375980089106,58207.39884933219,3.5040791748272264,1.0,1,0
426.37827802523157,1,1,0,4.407791504038105,1,0.3141466093596153,0.24433536476601528,60965.46043774314,3.5895821560603185,1.0,1,0
156.16645836473538,2,2,1,7.2080291887518415,1,8.501386463561326,6.2612077684236365,21385.26673335899,3.526177452273979,1.0,1,0
354.1225282438711,1,1,1,24.33564606185593,8,1.6378719953139271,0.6661273761212103,14793.037313046832,6.595300892464298,5.0,1,1
993.2639659531451,1,1,1,4.665186709101543,3,4.299939533088523,3.8092220181153564,73215.7144969097,4.496556994887035,1.0,1,0
144.23906192851265,1,2,1,6.364573370108832,1,7.089232867504821,5.051341499084975,53657.4052988684,3.680778675594517,1.0,1,0
605.270729291344,1,1,1,7.416820584008255,4,1.272983220809072,1.881141353235835,52068.29431508139,4.228190110667207,1.0,1,0
151.48427979996367,1,2,0,11.097667825078428,4,1.9373993757013572,2.2438118776394136,26410.887768764158,2.880467613229529,1.0,1,0
442.9388361431452,2,2,1,7.154017696820588,1,23.61986753237227,16.146284957559352,149134.7515575241,3.525610593891481,1.0,1,0
221.04584073305958,1,1,1,7.9616443028755235,2,7.3089651093375005,9.255260140178988,50925.646567679716,3.305747690680505,1.0,1,0
160.92488814075335,2,1,1,29.540606252866056,1,1.0262443729258546,0.3278654110437024,37400.10651052876,6.433959804432871,2.0,2,1
152.00336026314153,1,1,1,3.8028106774339414,1,13.345986392056005,18.14512783831908,30102.787950489852,3.1905124605980473,1.0,1,0
131.0565137703019,1,2,1,38.615652778230086,4,0.9254224960034075,0.5055571776361859,13911.707871291266,4.730839617861363,2.0,1,1
