packet_length,protocol_encoding,dst_port_class,src_port_ephemeral,event_rate_1m,burst_rate_10s,inter_arrival_mean,inter_arrival_std,packet_size_variance,payload_entropy,unique_dst_ips,unique_dst_ports,label
53.074548986525606,1,1,1,5.846958876710954,2,0.5848741779154375,0.8690924933335785,7376.609419481911,4.272557417072097,1.0,1,0
106.11110208476559,1,2,1,3.3137322231122575,3,1.19158532869135,0.8667122396167105,15342.67545481057,3.470313916483831,1.0,1,0
505.50703791120145,1,2,1,2.1017708201023635,1,8.111803237986267,10.737791446296148,25052.3780353065,4.114706357756392,1.0,1,0
1417.081828975778,2,1,1,2.2498039524608355,1,9.18467325726497,13.271936965345496,29171.640101812012,3.5957115143119944,1.0,1,0
100.17203546486637,1,1,1,7.631246123831644,1,0.4138330051900264,0.27313174540722257,16316.409776559643,3.4075587015918307,1.0,1,0
517.4869341181925,1,3,1,1.9333747801783534,5,0.5940021221194751,0.5621854156939862,9195.492837198379,4.64494403390829,1.0,1,0
1399.2963960223526,2,1,1,3.6663110204398053,2,3.938026596641673,3.0358522602436335,10359.374928769808,2.8725558739744987,1.0,1,0
95.21430534422299,3,2,1,16.791136228375542,2,0.25306610378603,0.11224196338515915,5271.481909009256,7.168893671036337,2.0,1,1
54.5002388384152,1,3,0,15.218827563082522,8,1.103411144432962,0.8532993955293837,2759.7839527927554,4.5440412697894335,3.0,4,1
102.70121878295728,1,1,0,24.74134066427555,5,1.2316387601920158,0.9670442279251881,7597.873323797475,3.910668674043575,2.0,1,1
74.22182801545144,1,1,1,12.459407937411699,1,2.136621344706747,2.142215747362775,17606.00358938715,4.423609174086595,1.0,1,0
140.69938428996215,2,1,0,7.051216663182479,4,5.161946104186009,5.391608949957036,13940.401572105331,3.5691278289289143,1.0,1,0
-3.0934574300561124,1,1,1,32.132857568712595,1,0.107745979960003,0.06455119651807412,8167.507393908284,6.868852843886168,1.0,1,1
122.99050081446538,1,1,1,7.259874803666616,4,9.501496704924422,9.530983529796082,8349.739299772351,2.990997037804923,1.0,2,0
1405.368753690594,1,3,1,9.06802416174524,2,13.673088557404789,10.37672913102005,18303.730669613116,3.88317948649366,1.0,1,0
47.206038704712796,1,3,1,19.607919745447298,7,1.5073238202210133,0.8206131595725605,17651.115967954116,6.7934855252067194,1.0,4,1
73.2063460459287,1,1,1,6.511030160605271,1,8.064793013445865,6.724298290004724,37191.01012046402,3.486144494034842,1.0,1,0
77.49114322702329,1,1,1,7.9781632087737435,2,0.8480858495902209,0.9122244584584898,24720.204422367817,4.2114389422242375,1.0,2,0
124.24655272075834,1,1,1,3.977028296981203,3,2.767058602056649,3.539024777770703,14796.40384951591,3.4049753666504876,1.0,1,0
52.468101672718575,1,1,1,1.90280006922988,2,4.804816058162124,4.187126069721086,16191.561415440205,3.8695866213821124,1.0,1,0
1422.2918485581183,1,1,1,2.641892861302627,3,6.482153816540237,9.489276719223597,5312.016379116537,3.4114701286971334,1.0,1,0
59.86958509637165,1,2,1,12.322858018129212,2,0.5028919569704545,0.5036910053569523,8768.64988130162,3.801151317860459,1.0,1,0
56.22305058661527,1,2,1,6.841765403604602,1,4.138485785070159,5.991445685295231,11856.522284305507,3.84732226790006,1.0,2,0
509.66643870423667,1,2,1,2.597445706642305,3,9.817983196058501,13.716842891211119,13877.146257965513,3.6248707049871705,1.0,1,0
62.04409161357819,1,1,1,7.640100257689687,1,2.418047678339575,3.2943726448747084,30950.561801352986,3.644395171017665,1.0,1,0
37.904231934661006,1,2,0,13.829081176857365,1,0.6789511017842509,0.11170764517374433,10137.678841973317,5.002932809110641,5.0,2,1
114.67045082471405,1,1,1,4.068016486070128,4,2.237348360689026,3.0256044558922675,19861.832334531824,3.253390958973877,1.0,1,0
515.1521291377732,2,1,1,1.8156094393448843,4,0.3817897905354263,0.4473141784046143,16727.748329726757,3.7944052736932288,1.0,1,0
751.0207431562122,1,1,1,41.02009371927789,3,0.26139941022846225,0.035065365423528706,3218.6638892547053,4.679049439003204,2.0,1,1
726.5712002899522,2,3,1,20.92348093948965,6,0.14917836441987073,0.09404694354232873,19005.723555030636,5.429603537178284,3.0,2,1
125.03105361774705,1,1,1,8.371423812654644,2,2.0682812104880868,2.918821707571488,40739.18848220576,3.4701938789039497,1.0,1,0
49.913735359468674,1,1,1,3.569424063174899,2,1.83359139627819,1.878428162174761,8302.66185290136,3.795387922326096,1.0,2,0
67.34678699891951,1,2,0,3.164517775159161,4,2.1125438643028422,2.37824516743248,41523.9231065226,4.007686490137463,1.0,1,0
744.6853909544444,1,1,1,22.719771258151066,9,0.20186652620816015,0.11672859844009492,2026.1145539892116,5.17606484767536,1.0,1,1
77.00679341415811,1,3,1,2.6369645897347773,1,4.155789756699752,4.396846155475901,25081.104633019044,4.221972170465766,1.0,1,0
90.91184143186075,1,3,1,24.666091590339363,10,0.040137684197264684,0.025360691372068894,3967.4965032605483,5.1282200285589274,2.0,1,1
119.31160512086812,2,1,1,4.802340162533239,3,13.487189319952703,13.874645114177635,15608.72878171953,3.300846490405082,1.0,1,0
1490.4877192774381,1,2,1,23.448857885748204,5,0.839232079941205,0.584399826710364,2559.1297193826576,5.286006669941963,1.0,8,1
1457.495347856061,1,1,1,22.074575424892696,4,1.4351910780403005,0.6274492135929541,6029.592492949553,4.090610678050058,3.0,8,1
511.7320419444708,1,2,1,13.960782127567503,3,0.14362077679420515,0.20884097063034188,10517.571612277858,3.938671543326902,1.0,1,0
74.88736020282771,2,1,1,16.16178559930979,4,5.065681267445784,1.0202473051200984,36655.624775557306,5.701140864775518,2.0,1,1
741.1385682673387,1,1,1,41.84670533781918,4,0.37851092684096577,0.25451046464712324,15601.925547255083,5.017157032861209,2.0,2,1
117.157095050511,1,1,1,8.166857576404647,1,23.899401473168048,22.041112895866338,26414.744773103263,4.205731564971329,1.0,1,0
133.79287356315928,1,1,1,6.9940637481511745,1,1.881379405286778,1.7072490590977394,12254.276425627131,3.79935139589039,1.0,1,0
1433.3459072685591,1,3,1,5.301285169224937,2,0.6831194128208151,0.5697100577686078,9312.517640298276,3.8710278227460884,1.0,1,0
137.34146876882716,1,1,1,3.5508683094067486,1,1.7977954989639313,2.562745610640334,7498.3137108645,3.8693469386530692,1.0,1,0
531.1931020643973,1,2,1,4.349274253454254,5,12.815823721696075,16.93023964606819,16380.486647348389,3.0315126674206265,1.0,1,0
125.80034287276371,2,1,1,3.1355341875640863,2,0.48341108890692674,0.4206139996514029,27655.341109101882,4.09533971413834,1.0,1,0
1425.5837386649978,1,1,1,9.216070357301435,2,1.6152870508293038,1.8763446152792727,35944.78012943286,4.176252053303108,1.0,1,0
1464.011519039783,1,3,1,16.36421799501654,10,2.683616653811239,0.693041614126569,15244.57274097438,5.910202042600137,3.0,1,1
517.8395066618439,1,2,1,4.152158267758322,1,11.784164085707141,8.289555675700221,23866.040026037015,3.6845788055247364,1.0,1,0
1491.9944371379795,1,1,1,19.250550370820257,4,0.2700295684308553,0.1400755754706872,3723.0339990417124,5.384107378162201,2.0,1,1
98.83382941384116,1,2,1,17.959080865879816,6,0.12225251353739892,0.02931254759205543,7264.393755405998,5.776818065896153,1.0,4,1
132.7863745017754,1,2,1,5.799314107748408,4,9.807690706494297,11.568419403255291,21053.089844249826,3.336138055373537,1.0,1,0
136.33766407482102,2,1,1,6.949241122606011,1,2.670173213878264,2.739364448354429,2817.398528044988,3.0055765595000796,1.0,1,0
26.841897742092286,1,1,1,16.073209577896115,5,0.9346725733048278,0.5651943154499111,5777.219808727459,6.520051110499918,1.0,2,1
144.95797622697643,2,3,1,12.215493835846752,2,1.9467784318280996,2.8326978376226224,17143.342796695917,3.7099160429051707,1.0,2,0
769.7113828904235,2,1,1,16.762132130295566,4,1.4142569201135033,0.8525545631444901,3638.091222447928,6.357634129138114,1.0,4,1
1415.138024382756,1,1,0,15.523976425780805,2,5.816619244523336,7.088704392847199,14619.680585419688,3.746566772777608,1.0,1,0
767.5651481567467,2,3,1,18.498425881713082,6,1.1545075158029114,0.36726975935216893,1191.8149110189465,6.119208733687071,1.0,1,1
1430.14004261854,1,1,1,3.77272000219817,2,0.32239378292873366,0.4311325244191657,12653.469510360546,3.7078821003870197,1.0,2,0
501.7146631180785,1,2,0,8.30969934470696,2,0.4563149276224323,0.4912926694062247,16526.580569372036,3.241769674575978,1.0,2,0
96.20092090104612,1,1,1,26.727730507607088,6,0.5501738428630845,0.0603065577800516,5440.746321766261,6.042570848708555,2.0,2,1
51.150352839314316,1,1,1,21.785397029808465,8,1.588218972148664,0.8426486440596568,6715.685526273917,5.917785029642863,1.0,1,1
735.2125297920544,2,2,1,49.00021345435159,7,0.43617372460437825,0.11930921542545724,3280.1419190464662,4.701548605378079,2.0,2,1
86.67521084721746,1,1,1,5.575690383742988,4,1.0881529248501685,0.9915719804113124,31744.93804618055,2.9496520291491355,1.0,2,0
1467.4537954361524,1,1,1,13.382527115569843,2,1.4193494698754585,0.6297875066957469,9143.49220920021,6.000586351975729,1.0,4,1
27.265831169694835,1,1,1,6.3397125887722074,2,1.8808194942956056,2.725979466361432,7181.660186556777,2.979441374732385,1.0,1,0
36.087779193295745,1,3,1,40.184063442265526,1,0.326345502408718,0.07964370371827328,8073.626232498439,5.032556193908063,2.0,1,1
513.4333089565594,1,1,1,2.6550843167896083,1,13.161046467206152,14.582523335703376,39598.82975952994,4.327815903837808,1.0,1,0
74.9624022084366,1,2,1,7.864066150067201,2,4.61036438557691,4.8632381969582115,57428.84409652076,3.964391258659567,1.0,1,0
1425.2953962774116,2,2,1,55.708723649157776,2,1.0362590492148034,0.17132981929903707,5797.270403303489,6.527577937073451,2.0,1,1
80.10626893914495,1,3,1,18.30919515239365,4,1.319648572349305,0.8222589402008915,5717.121088324396,6.356002064021984,1.0,4,1
62.029352344968046,1,1,1,6.349744699569301,1,1.6513933229519688,1.183072017021768,12757.981014780347,3.566372285580847,1.0,1,0
517.5563940776785,1,1,1,2.820316648756293,3,0.9663250100103885,1.0286301116864183,12766.45455739175,3.557314784448135,1.0,1,0
78.69935114104321,1,2,0,21.5850964418551,6,3.413688117192974,1.7157730282250867,23418.693355022653,6.1720561754928935,2.0,2,1
78.83965844482142,1,1,1,32.69613359002622,5,5.289008909853156,3.837985505229213,2866.9660863265176,6.151760577418076,2.0,4,1
96.57412835324013,2,1,1,17.703432412233475,5,0.3714666105982436,0.2874160114696598,13838.63142248881,5.708191418622046,2.0,2,1
1440.9388713039752,2,1,1,26.098079618269946,4,0.30946711076915184,0.2293270065745851,1937.9729035995651,5.441423322781045,1.0,4,1
536.501409248665,2,1,1,9.838598001370817,4,0.3144614022910388,0.25249685622682194,9531.521471999007,3.6510785669189625,1.0,1,0
1420.4092115173019,2,1,1,5.082565518620614,4,5.628217296498995,4.415761379418833,21691.301847101186,4.028324498040673,1.0,1,0
1423.8263632247003,2,1,0,11.863924632523988,1,8.334835951737952,7.038641400361218,5061.834753413963,3.75787700874282,1.0,1,0
763.2181447841111,2,3,1,24.484426759277373,5,2.5295298880451007,1.959734052044998,19790.37989195855,6.455941867112143,2.0,2,1
1423.1063445349048,1,2,1,13.568982827233894,3,0.6884978262112954,0.7646238943279505,31218.716170685642,3.4620802859872666,1.0,1,0
89.84429107806875,1,3,1,15.584539090923284,3,0.4507974685541436,0.1922519769427839,6010.731238080033,5.796837158194874,1.0,1,1
52.44411131246198,2,2,0,7.9997425933204855,1,0.3167965851119785,0.36048453761860755,13644.993828563815,3.9523726114061777,1.0,1,0
85.77001042884324,1,1,1,22.98124321711743,4,0.9504948578074295,0.1933248952062682,7886.983595491919,5.570429807800495,1.0,4,1
136.3446540375295,2,2,1,7.376451204027022,1,5.668630288623351,7.6021018010320764,6119.77891039699,3.5624078043764102,1.0,1,0
1448.3062222884569,1,2,1,16.00586699051981,3,0.674627569289654,0.40539624027521537,14756.545432150939,4.624199746581554,2.0,1,1
36.77885379667827,1,2,1,39.51267266505237,6,1.0105019131892585,0.2036897417504311,2307.8580295489173,4.8824052321834674,1.0,1,1
80.36992226770299,1,1,1,3.819752190728962,2,15.383924718186583,12.197096180158493,8672.541610806715,4.290082401979926,1.0,1,0
65.14165888163339,1,2,1,18.833428428414592,7,2.2334210248070074,1.533198204770161,11058.765428961788,5.360997768396748,1.0,1,1
136.12035950993769,2,1,1,3.7425568266806315,2,0.3781461930264046,0.265397822993446,14600.112999874687,3.5611422529373704,1.0,2,0
72.61341451955302,1,2,1,42.72661008968807,5,1.0160034230219108,0.7335343269065291,26751.030217266467,5.945978411655396,1.0,2,1
528.1230060961955,1,1,1,3.9897041830473103,2,4.532559028214529,4.386005325028258,13494.167772135408,3.5579159869694466,1.0,1,0
517.9940657386402,2,1,1,7.754898258424094,2,1.4716331372064522,1.410338120788266,2281.8697778948376,3.983107396365167,1.0,1,0
129.09435501671447,2,1,1,9.118568058052974,1,4.44241211456574,4.510805782551854,5227.037412304669,4.1436114538990685,1.0,1,0
508.39050990632506,1,2,1,2.8569795565415843,1,11.091438692767062,11.366204598420323,25808.286223231295,3.474849795665663,1.0,1,0
32.755732106371994,1,1,1,15.835621791505323,6,3.931500351221426,1.2138923103072676,1982.5110666283283,5.468518208646053,3.0,1,1
30.219762182187264,1,3,1,23.474781155096704,6,0.7002296904419799,0.42225369827683595,2916.589095032448,5.133605420307101,5.0,8,1
509.4043001524805,1,3,1,9.353003259250475,1,0.2204858293389204,0.21270725942307658,18471.24855918906,4.268462780935298,1.0,1,0
45.69941246141373,1,3,1,24.147082637884772,6,1.322488758098218,0.15023997038553036,7448.043359134333,6.189046479669314,3.0,2,1
75.48657416083846,1,1,1,9.371046612389076,2,1.2389564582187138,1.021474673784468,24407.711379827197,3.5052786085733048,1.0,1,0
1419.17480879903,1,2,1,4.9298594748050455,1,3.5339769353751693,2.682677873405682,25605.799830654305,3.3118907097251142,1.0,1,0
755.0546986209799,1,2,1,40.61954905619726,5,0.17035375073914313,0.08202053440525446,3643.0541552538475,6.338390318614534,1.0,2,1
760.7767937595403,1,1,1,17.013976820937387,4,0.26510673691360465,0.13697949159295336,2878.248493351571,5.616681716057228,2.0,8,1
750.840556763939,3,1,1,33.256733859487625,4,0.5738119383979728,0.24706614410187602,13106.922854930534,6.0722175076147735,5.0,1,1
92.16511100195555,1,2,1,21.868054177564076,4,1.384931418692476,1.051132424145411,10436.439506167882,5.000858359791801,1.0,4,1
1415.6928920150035,1,1,1,10.257230914472084,4,9.610050198100968,13.902916535670604,7611.788666276244,4.2350002448548745,1.0,1,0
132.85847281932246,1,1,1,8.534296103141722,1,3.881575979991532,5.65970347626308,31185.603875269633,3.9946679736213775,1.0,1,0
1456.5389313486662,1,1,1,27.782563491022163,6,0.25833128780277514,0.0553192411527075,3830.340726975223,5.414695685279354,5.0,1,1
80.43942237746579,1,2,1,3.99071653098444,5,2.741011960253345,2.546648525276082,14093.622192411325,3.1530930870291343,1.0,1,0
84.89150559065423,1,2,1,18.906624321178242,6,0.4384108500350292,0.2760008788809343,4672.137224610541,5.742827463477021,2.0,2,1
82.77074819845566,1,1,1,23.06896889253373,3,0.2688084503288273,0.12882559216257441,3721.5788835963144,5.561270763884705,3.0,2,1
67.66353829591344,1,1,1,5.448136607990374,2,3.3323960066052645,4.064849513901477,14159.82151202796,3.2845037931787107,1.0,1,0
497.66784313013136,2,2,1,5.742401694016771,2,5.9821604313610095,7.376453879081085,31125.290815804354,3.4951743134234086,1.0,1,0
512.7283255772196,1,1,1,5.917983860095501,5,4.827196030280708,5.375305776395889,7546.423344210184,4.190643073150242,1.0,1,0
63.04273479476733,2,3,1,15.978885945525725,2,0.42212581648876635,0.5532535633615921,18223.50725314044,3.7431124913642155,1.0,1,0
100.69165893536874,1,1,1,13.892954248184003,10,0.9536109508630131,0.1012670156509424,3264.0302055455304,4.456435772301921,1.0,1,1
1468.5750094069012,1,1,1,30.102540139011758,7,0.4054881034035949,0.29347869122326276,9589.868796198478,5.45053942446786,1.0,1,1
77.08999636829353,1,3,1,6.107501062144006,1,3.482457702090048,4.223600070097755,9740.321364633128,3.673028393807273,1.0,1,0
127.28454634244083,1,1,1,2.516717151003779,1,1.611220501888355,1.309414574475851,21110.664659993126,3.784771683912145,1.0,1,0
49.11641584815299,1,2,1,12.298203411124142,1,4.465852020820759,2.7547510781575326,10639.708045411931,5.396010726529824,3.0,1,1
134.63706171242978,1,1,1,2.8679952947437903,2,0.5977104471635701,0.8140284205663387,18127.62591815989,4.442680640399221,1.0,1,0
1466.100508720248,1,1,1,27.835718848677434,6,0.08599184289345947,0.03331353725493135,5656.443041669653,6.039584860706927,1.0,2,1
67.60149168233963,2,1,1,26.956288537795604,2,0.5462137498515618,0.13584614237306383,14245.18684899678,6.3300514983423355,1.0,4,1
82.64143918659173,2,1,1,25.47355515549444,3,4.879739191807028,0.9963234614399298,22112.562692546697,5.328357688457735,1.0,1,1
123.44394925683937,1,2,1,8.730125985667735,1,16.77621422137027,20.98367525016472,32554.691241362212,3.783077867324788,1.0,1,0
32.90327680893407,2,1,1,11.583149851933452,7,4.455437662044804,2.6372112784497563,2857.5939647338055,5.3535903198228745,3.0,4,1
57.60479097506191,1,1,1,5.243415837425291,2,3.4817859138959038,3.854193816198092,6579.051164097632,3.3856473665374645,1.0,1,0
126.25889418856384,2,1,1,8.557749823743295,4,5.0730610500922335,3.2293875857576326,12013.348405162447,3.7660442724850913,1.0,1,0
126.7376301022772,1,1,1,4.143530958320483,1,5.7198169969804695,4.177226518700908,16728.70946480294,3.7978716842967084,1.0,1,0
53.290575082647436,1,2,1,3.0571401494946175,1,2.6474108928166245,3.860149701262342,27871.646895053724,3.3828575213599303,1.0,1,0
71.88164425615358,1,1,1,27.954509623431754,5,1.725244849338021,0.9622776208365498,5655.975661239308,4.486014613108361,1.0,1,1
730.4564172544781,1,2,1,26.01128540674113,7,2.495877385058952,1.1423147903776238,8827.191538444426,6.1488951908775515,1.0,2,1
135.8404873101174,1,1,1,4.3635146013363455,4,16.59613666509971,22.161979510535925,17789.444766888268,3.398752575037919,1.0,1,0
126.90813057331458,1,1,1,3.9432388198054973,1,5.600623038115445,6.519617269868228,22791.56885991657,3.6204351957430823,1.0,1,0
39.62945664160551,1,2,1,28.02304741268214,5,0.551610197360649,0.13873749095864832,9517.247323006777,4.982438220062741,2.0,8,1
71.51296876293074,1,1,1,7.30924688727678,1,7.636342825825634,7.771528573691631,7040.13035022318,3.053912201607017,1.0,1,0
51.30688273778116,1,3,1,4.527123259972308,3,2.2023296900441025,1.911236270662812,7611.5184755747105,3.9143923621629897,1.0,1,0
63.83769017679349,1,1,1,24.276774349816026,1,1.7219336060407255,0.9410267255796003,3145.115789238679,4.516357687076281,2.0,2,1
121.09157198868066,2,1,1,10.517977902895185,1,0.556584748553622,0.5793846701738532,10349.719464420465,3.9240635779076074,1.0,2,0
57.657635895595035,1,1,1,14.709431814583265,3,0.8565962442176978,0.11637325649638502,9009.060616200406,5.908351660906899,1.0,4,1
68.72089920556031,1,2,1,33.85368074741139,6,0.6253344111022032,0.1429188671803102,8140.650040105582,5.550486872254992,1.0,1,1
43.235728053055226,1,2,1,21.570818590885548,6,0.41477594588422995,0.17943518981744885,3904.488874674317,5.018570700931376,1.0,2,1
93.03544274404027,1,1,1,21.097979108258563,4,0.2588221325864715,0.0766065776071045,626.7400572968622,4.757168592120215,1.0,1,1
32.95571617697167,1,2,1,27.78960798736663,6,1.0590484325421283,0.7189907648422151,1827.6665465062213,4.327792352868485,2.0,1,1
1411.3014595087604,1,3,1,10.420012081634201,1,8.100857225864578,4.970384170891214,15472.273274536577,4.27285039097503,1.0,1,0
110.09398129671453,1,1,1,5.505534285989245,4,2.1726999321262013,1.7582623996898399,10877.598871184855,3.3445205891751155,1.0,1,0
55.299013226702016,1,2,1,8.501082401895209,2,4.570387427251796,5.418426092299927,25197.787901853568,3.7461728815130364,1.0,1,0
73.82726028039323,1,2,1,20.073237936518602,5,1.8997989170420744,0.2983524287253448,2457.5144025082855,4.573587076211183,1.0,1,1
54.17362378900685,1,3,1,3.705945855139935,1,0.43751871214154137,0.3570628893114743,10694.868691618492,4.0276210311413,1.0,1,0
128.94005319846391,1,2,1,8.558576201222005,1,3.4034540015324977,2.766309547283842,8243.723843267084,4.2352207638984805,1.0,1,0
77.74494337249617,1,1,0,23.479091933594887,6,0.9052502051574653,0.5061950496869639,5433.968428935869,6.0514944839745315,1.0,4,1
69.11421071907301,1,2,1,9.28759608523932,2,0.15051733260364392,0.20881695773050174,19542.69643115997,3.9643532192129696,1.0,1,0
55.87976035903316,1,1,1,13.799530995793614,3,2.34747206136929,3.50063441901567,11595.650069744539,4.26285956524989,1.0,1,0
1413.785186354943,1,1,1,8.500019633506266,2,6.693596479166576,4.7135908595570175,35721.97069929156,3.573055343759943,1.0,1,0
78.56126532044904,1,1,1,31.69185541280155,3,0.41648755415284816,0.20707042890689206,7337.599879455081,5.226667372774929,2.0,4,1
509.9939009677747,1,1,1,8.60876695956841,3,3.7037669350876263,2.585531237871532,3854.636495081907,3.960466642732842,1.0,2,0
123.66463600778847,2,1,1,4.287321578304704,7,0.8488038730888584,0.7883102564235779,19299.66720177335,3.4977350965814344,1.0,1,0
76.03248379981366,1,2,1,11.722171478649303,1,0.3182770151401686,0.34287195785816754,30597.287461697277,3.5118788713283715,1.0,1,0
32.13147229013921,1,1,1,39.48504379858821,5,0.10223390495149197,0.018798493034520476,12677.602673429721,4.692678896609097,1.0,1,1
731.9413834893068,1,3,1,19.73072442214844,8,1.3714105656542215,0.7332694137962071,7731.24126952998,6.148311933388114,3.0,1,1
119.92971065625349,1,2,1,3.6659838674042717,2,16.7116919554256,10.096952362384135,18787.12222056679,3.6344075893236214,1.0,1,0
36.505845008103606,1,2,1,26.482939443532647,5,1.5567822741066688,1.0499511977349714,9089.483799660115,6.726525007122719,5.0,2,1
70.16848086149338,1,1,1,8.965252438447175,1,7.500522010457529,6.81747925078424,41695.0627072781,3.704358644783519,1.0,1,0
1469.0092253683097,1,3,1,23.849995971063628,4,1.2236328749898537,0.4160146689315933,13002.185226338535,6.0566528703561575,2.0,1,1
27.889101929458064,1,2,1,21.75365616901455,6,2.9336889545379488,1.5786599746519956,5838.329748634665,6.192729090594552,2.0,1,1
55.88223263245463,1,2,1,3.8227045390891377,2,7.904203933416764,11.257043857579866,10224.561333081634,3.7708425581513034,1.0,1,0
53.35272440037708,1,1,1,8.572771360970227,6,0.0938346988205201,0.03120831705851321,16498.17864502102,5.397556578319781,1.0,8,1
735.3025367724682,2,3,1,22.084498456695666,6,0.22350191990947,0.024624139364142376,23306.81469465329,5.975782781287154,3.0,1,1
86.15255374440505,2,1,1,30.604270262769756,4,0.053257387087274906,0.01704594457298082,2629.24089025903,6.213482571307983,1.0,8,1
33.16833560265904,1,3,1,19.606787399670942,2,0.5858005613228355,0.2438978484341847,11470.176594320896,4.953140229923055,1.0,1,1
62.660574251193964,1,2,1,15.281973647337027,3,2.0210671301442313,0.7272130066067619,2187.951533529776,3.878738293994438,3.0,1,1
71.66582390882634,1,2,1,28.202332332162342,7,0.6378250952868977,0.3071903488793117,18315.66184262501,4.949311525786556,2.0,1,1
1432.3504021729468,1,2,1,7.3626870471858865,2,6.448851643476428,4.3434732605945205,15973.049955400313,3.6953646947937275,1.0,1,0
519.1343897339166,1,1,0,4.342793071199048,1,22.030427343319424,22.527945167654686,13933.270277598118,3.791509380867353,1.0,1,0
138.4046420725478,1,3,1,4.076906225803203,3,0.3887216753690568,0.42897908065033175,51151.20594647281,3.633422163178651,1.0,1,0
1419.6096167485773,1,2,1,6.730437280968495,3,2.327466353052843,3.4235511305253556,11341.21350251159,4.030490079693132,1.0,1,0
135.8632043023085,1,1,1,5.052082032419107,2,0.5653680449655641,0.6342588414890746,29495.21603534395,4.290261125445113,1.0,2,0
59.51746973638242,1,2,1,2.497534743588875,2,5.441824222891489,4.063086328400168,9577.970248043921,4.292892029605425,1.0,1,0
124.27753839124739,1,1,1,5.413455603700534,1,7.607302089589278,4.937801647351812,8844.247848030893,3.6996850123396476,1.0,1,0
1414.1038488249621,1,1,1,3.639975560204705,1,1.7759150703208215,1.6222331940161647,16368.481862586605,4.077641647974226,1.0,1,0
1473.8565399227589,1,1,0,16.003379194606914,4,0.08808131073409586,0.03969571196269348,7212.9188860530785,5.750266088400759,5.0,1,1
121.34234014039043,1,1,1,4.458913611096108,2,1.8638772521000948,2.0453212401516785,7944.389380235748,4.281213363350944,1.0,1,0
139.02774569732296,1,2,0,2.454589196632739,1,5.588047107934291,4.063759320226305,12991.47484325203,3.732264649142741,1.0,1,0
506.3791647011748,1,1,1,6.538454130577242,1,0.19835299169053267,0.1343739412011731,11342.663225222706,3.68789308845483,1.0,1,0
134.23220876018385,1,3,1,10.94326465650805,2,15.711302707040922,11.796688726944215,29545.274887203035,3.900954939736219,1.0,1,0
1409.9439802686836,1,1,1,13.615854335952347,1,2.1957126420043336,1.40848692590178,13634.825909962065,3.6587698088884735,1.0,1,0
85.50113014431024,2,2,0,31.34168369400378,3,0.36291765453520675,0.21535458847186084,1086.5168018538031,6.285683810489523,2.0,4,1
78.45647189398215,1,1,1,21.038655226714706,7,1.2175806880759115,0.7692877877878088,6733.410469884542,5.248810463440367,2.0,2,1
59.273850286569264,1,2,1,8.819298098742394,1,1.2331810382910984,0.7600385405580075,22824.68802939872,4.459858745281742,1.0,1,0
16.657873675700102,1,1,1,37.21509568636993,1,1.064361047792332,0.1629654372499921,399.01821709428685,5.8148671635654585,2.0,2,1
59.0776249459806,1,2,1,4.73640844374075,2,2.7838919371984927,3.994771867582152,20710.91091252088,3.6661100109645126,1.0,1,0
1425.3870591233099,1,1,1,9.356808832583896,1,1.6556640763950534,1.424498568824396,17334.451504994842,3.1553537398656126,1.0,1,0
74.25056132081218,1,2,1,22.22275857556501,5,2.9859934709268816,1.6838578549459893,1835.667683582318,5.206300150265125,1.0,4,1
747.5261078056484,1,2,1,31.39943928239457,6,1.3885788542305815,0.1864619180846688,7041.8500449372095,6.693831363987289,2.0,4,1
98.73398443648354,2,1,1,21.522014734470552,4,4.322171403522155,2.6077825205011114,4477.437852770785,5.366273444967343,1.0,4,1
80.12973321221696,1,3,1,2.793959517619207,1,3.3573822010935035,4.346306062329518,26982.283495138094,3.6761788195798384,1.0,1,0
67.81897844275903,1,2,1,4.281804860840706,1,6.838600996444123,8.350330670845219,10914.679493768104,3.8434273032959676,1.0,2,0
1419.6383583540628,1,1,1,2.126642525050978,2,5.296534461310272,7.6950120481694775,16054.768120824741,4.286885139581626,1.0,1,0
125.47744462691375,1,1,1,3.206857573678823,2,4.3873502386321,3.870956070712684,7243.626113558697,3.7296135430499158,1.0,1,0
31.4671395212554,1,2,1,23.26538109901592,5,3.046995892355821,1.3004693538025704,8937.4192182132,6.435904157905384,2.0,8,1
95.72675374871073,1,1,1,33.7375526247755,8,0.1371953333473304,0.09842214821699909,3239.91114440511,5.551603031215939,1.0,2,1
77.55379705532758,2,3,1,33.71801967277636,8,2.667156218415921,1.6875171447914232,9895.59409404994,5.784182453305127,2.0,1,1
73.35776481538424,1,3,1,12.452510880580151,1,3.768370301760709,3.3732244826481206,12193.838173456264,3.5928932717143196,1.0,1,0
510.5707822014459,1,2,1,2.7397498407610974,1,3.0079377765234687,4.260746228947526,15270.790808579926,3.6941218663507827,1.0,2,0
54.37162492627639,1,2,1,2.783716381135606,1,1.981318299911079,1.9492229072791023,27185.535475813806,3.6240897668356022,1.0,1,0
77.10325069710655,1,2,1,19.285084031740958,6,1.4973151180955206,0.4380208229447639,9956.716695035222,5.804954067205065,1.0,2,1
72.69971689676366,2,3,1,3.2935668079641895,1,1.2623778643668842,0.7819332486945834,18171.42316676353,3.722538033151711,1.0,1,0
1430.4036089138256,1,1,1,3.582288125670432,4,10.369706432071592,12.242116782427173,22343.501756272683,3.6552736139683537,1.0,1,0
67.25596712438677,1,1,1,5.537654402421501,1,19.189198711686554,13.211713322034282,29943.296482443748,3.8851768531093844,1.0,1,0
525.768759503038,1,1,1,3.4215327076736193,1,22.203571733627832,23.82074324477786,29503.117358634023,3.770287515925094,1.0,1,0
513.8411658353857,1,1,1,11.697863849751423,2,4.381186355034872,4.374234002022042,12048.390471053917,3.5554016717493546,1.0,1,0
56.48573569508558,1,2,1,4.473243882843283,1,2.1837523969946004,1.4538750883112144,29635.859062060998,4.330292407260731,1.0,1,0
73.85381324593541,1,3,1,9.719354871087507,2,14.368610154516608,11.79671512748782,39475.60304782026,3.702720655573986,1.0,1,0
27.074112455172184,1,1,1,25.03958976052108,2,1.8853147584317607,1.3154401167844343,2939.7439484585457,5.532008472214239,1.0,8,1
121.85512182321558,2,3,1,4.736705733095634,1,15.54022392344982,16.15572055691146,16249.19825775452,4.889891600536752,1.0,1,0
38.88397477576162,2,1,1,27.923367247618145,5,0.23088545066879207,0.04223506899436375,9001.901337575891,6.0501865349404955,3.0,1,1
80.58083983679505,2,3,1,3.5335018277760444,1,3.133017783022741,4.404608607537191,30203.057635096076,3.5959715335785876,1.0,1,0
37.06282904512128,1,1,1,22.497314240952313,3,0.44537071846178106,0.1392440039190507,7081.748545039987,6.726028128534657,1.0,8,1
77.62717062431878,1,1,1,39.218415724334754,7,2.7442092533169014,1.0463211087275621,16820.888641711994,5.162794647709074,5.0,1,1
97.49002702280042,1,1,0,25.763804863226834,4,0.870450317029329,0.5606805283515817,2495.358384471175,5.149079221435088,2.0,2,1
768.817864159748,1,1,1,38.22666456822424,3,0.06187296141523818,0.010870586827179007,16421.88006321314,7.114617201334148,2.0,1,1
134.11303011948948,2,1,1,8.524476951591,2,6.904573117233462,5.3744058775653345,8249.410742695909,4.17061383783182,1.0,1,0
1426.7424146805415,2,1,1,4.712126226422649,2,4.597891554249763,4.096720835934211,20891.958829290867,4.2073807781246755,1.0,1,0
1423.2387499382353,1,1,1,3.1821375263325633,1,12.808920045687065,8.398737059911191,17783.31379551786,3.6271091995996043,1.0,1,0
68.86219501774525,1,1,1,20.679555972118827,6,0.30523145213677466,0.10932212553234938,18781.669339706226,6.488617232528908,1.0,2,1
56.33963490090106,2,3,1,23.853560967669317,4,0.7377390430210656,0.3250408924494688,4690.991421614567,5.284749476542379,1.0,1,1
79.96633298538659,1,3,1,27.003408279717473,4,3.0120219597193127,0.3860637579557768,546.219169010361,7.428042363852958,1.0,2,1
37.261894239601276,1,2,1,29.865171549807496,6,5.201367774476905,1.3122370997222308,12411.993956948163,5.933980379703926,3.0,2,1
132.45131199326514,1,3,1,2.9758592477440295,2,14.473832598876868,11.413508921110973,5446.44962805958,3.5987549612299854,1.0,1,0
753.0185784135389,1,3,1,21.649550831124348,5,1.3115264124959645,0.4236118828068452,6599.4888673631585,6.037368551757567,1.0,8,1
62.95498441771811,1,2,1,29.481263011390052,4,0.19884454005594399,0.15579833670926954,17554.23854684784,4.391345689670892,1.0,1,1
1436.0953995831414,1,1,1,2.19778467520434,4,3.7528573422649383,2.8809098319021187,35956.3798877725,4.6062749065143,1.0,1,0
1424.9879382746115,1,2,1,4.2818772454912,2,3.879222409891092,2.6395460119546295,17251.671034852625,3.9197753817789187,1.0,1,0
51.0847199856251,2,2,1,37.69731499002053,4,2.411161385897523,1.0381012678263297,4551.516926594759,7.032633486497432,2.0,1,1
68.51256608501532,1,1,1,3.928603243977859,1,15.489906217365755,22.375631539220574,29229.07460580433,3.7377336646164556,1.0,1,0
131.84121930289191,1,3,1,5.620114648259021,2,3.213462455569123,4.496814291756761,16718.815594263753,3.624850393799324,1.0,1,0
69.05535557623428,1,1,1,5.632651452510974,1,7.791406484436839,7.011910610805593,12036.338885836189,4.470390647080477,1.0,2,0
62.57117214363927,1,3,1,9.61459978394955,9,0.44402391034560573,0.20983738149754938,10866.601689735544,6.293240699121481,2.0,2,1
76.54878574511483,2,2,0,52.972810187282896,1,0.5351671508792827,0.22024688391106748,8790.620945468758,5.979264391189725,1.0,1,1
521.1744170288828,1,2,1,11.187903514615797,2,2.319005297576238,1.548759291617961,9236.134824079429,3.4453348814874403,1.0,1,0
1422.318550437043,1,1,1,7.478754812273996,2,5.643282933855364,7.444386517566715,13240.280885678916,4.024561950320502,1.0,2,0
49.51316713410027,1,1,1,24.08435598345814,4,0.0136598301950192,0.007760979709343795,2949.9695519812544,5.964899510726705,1.0,8,1
114.26476959240422,2,2,1,3.351336337272084,3,7.392996672349066,5.1159680756439965,10849.37382543326,4.175143215057852,1.0,1,0
764.6479597770879,2,1,1,18.56358784381029,9,0.3024823888620834,0.12187865227640532,3390.499977817425,6.98584287586698,3.0,4,1
46.75541112812031,1,1,1,31.669369645142293,6,0.359045439210918,0.2779207157658158,12303.051052679262,5.543635120160038,2.0,2,1
514.3275578400204,1,1,1,5.901791086503776,2,1.222491660088754,0.9478785413691337,3348.7271685505316,3.148978917582557,1.0,1,0
94.16041060318896,1,3,0,26.310340557771106,6,1.2411624701757233,0.22210290188639856,20886.43404750961,4.91497577832308,2.0,2,1
69.857926238477,2,3,1,4.361744463239552,2,1.4225407807531494,1.8529311930504497,17633.82231735683,4.786298796624999,1.0,1,0
1469.1766792074304,1,1,1,49.46051446343021,6,0.6574473316043088,0.3058822641185476,11085.946034537286,4.206557471442377,1.0,1,1
70.24388784394282,1,2,1,5.685295333818684,3,2.0238869165595696,2.6896679955338203,18213.518188174636,3.7348955601229887,1.0,1,0
1425.7449380461762,1,2,1,9.84880133746776,3,2.991730523835282,2.142693796540184,27540.946699139102,3.5599840778521554,1.0,1,0
1486.2857395016829,1,2,0,25.473337390654876,6,1.1878106065391738,0.45493653462006406,7232.552433319152,4.894370922552088,1.0,8,1
54.71913535080767,1,3,1,4.931082584870403,3,6.986432791451171,10.206924631234909,16599.51652781793,3.8975077161676186,1.0,1,0
55.94515221169341,1,1,1,27.250394348237716,2,1.9006062100886274,0.47050803789543194,1460.560208502863,5.094322266212386,2.0,2,1
53.815415051323384,1,1,1,17.463320601644618,8,0.7126480905200362,0.26265438417017656,3796.011367847981,4.633893238641684,2.0,1,1
520.7902075862554,2,1,1,3.3391127769770446,2,6.045521155329296,6.741357073857564,7367.212154397464,4.188638121708276,1.0,1,0
12.190709178545525,1,1,1,17.788649285292173,2,1.3497870926857691,0.9654132059337941,10683.453103630634,4.410765244272174,5.0,2,1
133.80583326871314,2,1,0,7.52498612475427,1,20.008622327012883,29.63090726725423,21361.997808181484,3.5749728180573386,1.0,1,0
35.218601208428645,1,1,0,40.86885594249963,1,2.3640893688904896,1.1728683054829905,15201.977853835568,5.9794419419693865,1.0,2,1
760.1732814775447,1,2,1,16.772892381206056,2,0.05558313827764247,0.015569283575782628,10650.220732615144,5.513997976105334,1.0,1,1
71.77019163390246,1,1,1,11.090318323583567,2,1.286261118248481,1.4480378803233172,27779.957671851345,4.028030222256154,1.0,1,0
52.7783969875775,1,1,1,31.02812161755954,3,2.5065254448616954,0.6877411734902612,15246.188714434806,5.827209365735463,3.0,1,1
129.38685246181976,1,1,1,6.862545900442488,3,0.9924763435943222,1.0456473362479641,24838.43545178036,3.5279051964094417,1.0,2,0
58.8163682517933,1,1,1,4.015002198590047,2,9.439519519378981,8.202906620634353,7350.967930060002,3.6185449141500823,1.0,1,0
510.13490410930933,1,1,1,8.663602225540497,1,1.234003168238866,1.1201892401385156,15752.1472816489,3.7950439842388257,1.0,1,0
736.4114529128899,2,1,1,19.33987142403198,6,1.1516540895707483,0.704283650471381,8453.480677565203,5.1553119886229615,2.0,4,1
43.82322907701255,1,1,1,37.47696492030429,4,0.0334707186575882,0.009940920255032897,6747.572170175726,6.299805628742644,2.0,1,1
121.5673466913361,1,1,1,4.823537502721524,1,2.4100837942962663,2.700064817672916,10442.054117464344,4.605060693962392,1.0,1,0
55.1268215675716,1,3,1,4.177400745419584,2,1.274637972328306,1.5359720118506022,10787.018894084342,4.48858967647886,1.0,1,0
729.0618633230611,2,2,1,27.812382151539,6,0.9464666283961856,0.11408956892899176,26505.96959223086,5.185396447012129,1.0,1,1
489.59187591923717,1,1,1,17.072091507140644,1,7.8757998658519135,7.931026749656757,5354.586301612955,3.954709385872868,1.0,2,0
78.94521621167551,1,2,1,21.366509694877703,4,1.2600886036983094,0.4058901101541757,2047.016414675552,5.163447140498265,1.0,4,1
761.3571713959632,1,1,1,19.644978742442945,5,0.5093168374572244,0.26037470622951014,5382.135978604632,6.6089093227441245,2.0,1,1
54.03071648584903,1,3,1,4.147501575996767,1,3.703120387678309,2.5949694253908357,38102.67983454459,3.6021768967301675,1.0,1,0
756.987757364382,1,2,1,18.344259618271607,7,0.8843957613842324,0.5869196631326669,8861.09096006567,4.296655497786533,1.0,2,1
74.1370929648373,1,3,1,19.31200619926472,6,2.451198540585876,0.3419210388919068,3688.9726453050816,5.901061718032056,1.0,2,1
49.066527898628735,1,1,1,13.056347864488796,4,0.21371719067860342,0.12088973998827439,5112.076925452235,5.536996805654228,2.0,8,1
130.80438921873235,2,1,1,5.8663048549213475,1,7.649887033476572,4.945424007966827,25081.7075499757,3.6877945599747086,1.0,1,0
35.434287869090966,1,3,1,23.54953736100463,5,0.6595474779552792,0.07274456058158822,210.6422232544766,4.386061940664757,3.0,1,1
49.68009148125021,1,1,0,27.209842167456816,7,0.6608594440285049,0.39771658585782727,6042.75258031688,5.961606555499968,1.0,2,1
724.1005549953411,2,3,1,22.333578371732624,4,0.6943613877479465,0.10834163736495413,11814.714812636017,4.805477481006842,1.0,8,1
75.95975200423813,1,2,1,27.626164645740065,3,3.815281482989046,2.9121141499441467,1513.3109886493007,5.048813745337613,1.0,1,1
742.6643355990369,1,3,1,26.27427407201786,4,0.7074885818919396,0.22875184479947316,13422.392996327624,4.704162423725267,1.0,2,1
40.349155670356794,3,2,1,21.64999275736564,6,1.553017095848529,0.43619791331861046,2700.999285565632,4.442893523377937,1.0,1,1
52.659715828127055,1,2,1,25.29823963657593,4,0.351551655436941,0.21192142199051556,8572.86427651192,5.5780185537561096,3.0,2,1
69.56086818524898,3,2,1,18.91318233492155,1,0.07913937936863107,0.026359519401948278,11432.862271550193,5.661508546345269,1.0,8,1
66.1572111721397,1,1,1,4.242672382075987,2,1.9363038520684284,1.8095442226847986,33441.933763616806,3.3148100942138035,1.0,2,0
87.62854895968505,1,1,1,14.085548170940525,11,0.49553333090547425,0.2539162178701135,11067.7000300741,6.235852807670078,3.0,1,1
61.12002479758977,2,2,1,14.453649853532786,7,0.027574989545956947,0.020031086180433918,1802.132981236776,5.979600392376622,1.0,8,1
72.40756872004337,1,1,1,22.97147000010133,5,1.402737839009896,0.15375364654619306,5485.2518945189395,5.294726834307114,5.0,2,1
1416.0833197329755,1,1,1,3.293167602211815,1,3.764076059885588,5.616422942773404,46977.12482930918,4.220371411074171,1.0,2,0
1422.847754446286,1,3,0,7.488142427351926,1,5.2180514774562194,4.655425773656867,33853.337102142206,3.498095337309919,1.0,1,0
147.49238731302324,1,1,1,3.598111810109273,2,2.6378740137867918,2.2555065062378814,12327.204086948605,3.4581875728229985,1.0,1,0
1451.6471970377756,2,2,1,27.957344530521013,9,2.6093813518572935,1.2325323877007155,11182.506805805,5.87101957274902,1.0,1,1
137.224972748641,1,1,1,5.680665729128175,3,1.3401982959764478,1.2035818849846875,25130.61690453732,3.797374340041583,1.0,1,0
1408.4145606213203,2,1,1,4.377272688491259,4,1.967337342928265,2.735159662237677,10950.498965589186,3.9397622456486188,1.0,1,0
44.47782956697724,1,3,1,47.04423221193297,4,0.19490365177858748,0.0672610340448116,8528.03431402114,5.830331495951558,1.0,2,1
36.84276908649689,1,3,1,19.310773799995424,3,0.17853317717229328,0.06278844657452243,15965.189912505008,6.711801921023645,1.0,4,1
1459.663088200916,1,2,0,16.734963119305956,2,0.685037039599696,0.38869586431146563,5290.169631874683,5.291944860363118,1.0,2,1
135.91515292095158,1,3,1,6.391987137021839,2,2.716407867798319,1.9974315400692149,36920.253413564016,3.956134511966824,1.0,1,0
55.91713243858383,1,1,0,5.781578081357712,2,0.9610749819992342,1.1460843464828325,9352.39459539256,4.028685695195081,1.0,2,0
525.963608629875,1,1,0,3.037307046282022,2,3.100549724861776,4.192454491973076,25240.417813502234,4.445098212682371,1.0,2,0
1447.2770545400267,1,2,1,29.679167359825954,5,0.032849283316667005,0.00842744636017656,10977.508225471729,5.250135294699416,1.0,1,1
1423.6664757833446,1,1,0,4.616841707414867,1,3.60116296113971,3.876284532130154,46346.30162357704,3.7941901738839756,1.0,2,0
29.55744758288901,1,2,0,29.25908469294322,5,2.2756969302028303,1.6637142803151888,678.059558899241,5.844363607630054,3.0,4,1
67.65580595655865,1,2,1,23.634090706206774,1,0.7053378580374312,0.5585976986943648,2443.15897321409,5.205827660038311,1.0,8,1
54.51467321464662,2,1,1,17.782279866303682,5,3.829154812926233,2.761000520277559,5163.538619596431,5.4663804983374655,2.0,8,1
73.93678048246265,1,2,1,20.281066954623896,3,0.6474319658658685,0.14800383526677463,21204.304929313657,3.8943114967355412,2.0,4,1
125.12962732165201,2,1,1,5.477953228241801,3,17.707989977912327,11.37702810564493,14051.726099780495,3.961614081511423,1.0,1,0
62.644518122063644,2,3,1,28.84845239082824,10,0.11392706522541103,0.05776191481049706,9797.298831396645,5.223302850351787,2.0,1,1
58.48593392364826,1,1,1,46.486936870660834,2,0.0529434007680988,0.01583251087079264,6914.268030429116,6.3510187994877,1.0,2,1
504.07772234787365,2,1,1,5.529744195551792,2,4.528330904940482,3.4444363978518684,43655.893120615874,4.38937562478815,1.0,1,0
71.766790485127,1,3,1,5.143889752080559,2,5.909455442328196,3.555428742221568,11345.75116837112,3.508705635296012,1.0,1,0
128.59614625349312,1,1,1,5.572611872488801,3,4.329164689635642,3.69326043326004,11001.752031081167,3.429257902604652,1.0,1,0
525.3587033089967,1,3,1,5.578305577740969,4,0.8203637160585141,1.2237715230370203,13807.99380608932,4.286667165148528,1.0,1,0
35.25971952395253,2,2,1,50.02443104187863,4,0.7354948523270548,0.4460124288990822,16960.717321335604,5.135373855121238,2.0,1,1
70.28959314475588,1,1,1,27.42485362614257,6,0.40320918952840623,0.07457435771531,9439.37545818264,4.428920421687523,5.0,2,1
21.144170067245245,1,1,1,31.43556543768877,4,3.273867840042733,1.9248816728889808,7786.7757752067,5.93927961878695,1.0,2,1
84.07259271457865,1,3,1,16.573574290283297,3,0.7206236080119319,0.4659804452219353,6017.0101737620635,5.607542985317632,2.0,1,1
49.029254601535925,2,1,1,25.89043353225055,1,0.8890843287272143,0.15592754827377472,5317.0077339086665,4.575135063251772,1.0,1,1
62.211815776540384,1,2,1,26.044561944685356,5,1.5092362775927557,0.3684095347997834,11697.354288093777,5.3868060484235905,1.0,4,1
1444.2274020306486,1,3,1,18.08710453787245,5,1.124168960352053,0.8928191844112341,10037.796641324976,6.315796570333853,1.0,2,1
753.0126683777509,1,2,1,17.581039432090936,3,0.6107544467208117,0.2749291190628885,7778.547874861306,7.079986786273658,2.0,2,1
139.0514400871753,1,3,1,6.668474492043538,3,14.015872069592584,18.362019164492377,42562.464643627674,4.189586723737293,1.0,1,0
1417.5081589197748,1,2,1,6.193373042702802,3,4.797418310077313,5.498812814708711,10604.923885685765,3.216151566155563,1.0,1,0
499.4226420206417,1,1,1,4.914086175313914,1,3.275423349342235,2.413323778178506,5553.845301966231,3.4254748015156364,1.0,1,0
62.913380372220445,1,2,1,16.603312193398196,8,0.2999156839029362,0.21779851722944524,10159.201557532733,6.284510613892949,1.0,2,1
111.86546833354987,1,1,1,2.186084991417936,2,8.290618135109813,7.915588028445939,14235.813704203514,3.79023813570246,1.0,1,0
139.54232003022386,2,1,1,3.5936424593028007,1,1.7127128469923898,2.5017034914544425,9983.25315908436,3.922146149007738,1.0,1,0
513.9269367688861,1,1,1,5.176590137440392,2,1.8978325007970296,2.8165276241451047,23857.00856057342,4.094055063382115,1.0,2,0
64.76702263194434,1,1,1,26.202763742015648,3,1.9205672017470532,0.853929410651414,6537.50210934109,5.398776328173945,2.0,1,1
1424.398609629704,1,1,1,2.4382698767827424,1,0.19072212417664455,0.19762697760190304,25896.761297012457,3.6946558208582565,1.0,1,0
33.039803276335796,2,3,1,21.56187069884492,9,0.606890215673078,0.2359378588230808,9115.419854589081,5.6514386418585305,2.0,1,1
64.12404644376936,1,1,0,6.368420539316976,1,5.775974691735403,4.028592912743281,3451.420211506126,4.020024355179522,1.0,2,0
62.40308223460136,3,2,0,33.87045141766055,6,0.6965284829780775,0.1222196783346032,9155.464193978032,4.514605539186992,2.0,1,1
80.69654118599811,1,1,0,39.8401035065623,4,1.919688722922271,0.6212151959895628,2254.932599345039,7.031872505252535,1.0,1,1
74.11293654348155,1,1,1,4.872968985509875,5,0.19668413216099123,0.19322059401616287,18773.12314913395,3.708957094342675,1.0,2,0
766.8169640932056,1,2,1,19.466223008962356,4,0.13954448396422345,0.05803492610860659,3255.9347860036555,5.80781508553591,3.0,8,1
29.79450976660897,2,2,1,47.71905088952969,6,3.367044982276332,0.8377916144831423,18372.64215523809,4.9961630475233205,3.0,4,1
129.54501099663776,1,2,1,1.2362015283685934,1,3.3198182319846947,3.765968429473756,31015.264625643103,4.305496023463734,1.0,1,0
1479.5015583311013,3,2,1,27.18209791703497,7,0.7899942618288838,0.08706870006272018,9839.536909371742,4.866451421752656,5.0,2,1
69.18249024308086,1,1,1,27.01094984038316,4,1.5629540904740609,0.7831778440441971,19502.585618769914,5.7312040140454155,2.0,2,1
731.0644706393296,1,2,0,30.27358862427056,4,0.31020600711324353,0.08325316939243042,4076.0980180425568,5.272659702460591,1.0,2,1
56.40123592087777,1,1,1,5.1322101622523615,2,0.4877526900582101,0.46322614195269407,15962.762937965592,4.138360785529789,1.0,1,0
737.5284442452162,1,1,1,22.267760168118613,6,2.7677751916185938,1.6648982280600604,6178.948116055667,5.168082422949898,1.0,1,1
740.2566492694083,1,2,1,21.565335137323576,5,4.037185991877205,0.5585283069060678,25645.544472338377,3.6183233125681156,2.0,2,1
77.60047483873643,1,2,1,28.630436157751852,6,0.21546327847556854,0.12333026389635954,8434.810814827582,6.140657120055441,5.0,4,1
752.9123992918072,1,1,0,23.59710386533872,7,1.0457319870426256,0.1179196646836249,4607.857753606813,5.013937741915413,1.0,4,1
65.80653629921714,2,1,1,43.7958269550215,7,0.6053067843044705,0.28153260552839193,1019.8001655255671,6.3079290924815385,3.0,1,1
37.28917281959536,1,1,1,25.265219158189357,6,0.30673256782460456,0.2295013477024406,13427.836728601627,6.278498901616672,1.0,8,1
42.565616539141686,1,3,1,14.43433038095817,16,0.24137019382191155,0.024397709357421887,10145.262673441252,6.906419713353937,1.0,1,1
140.41212578813202,1,2,1,6.683655610804467,3,3.5987457601544897,4.778374823757465,9633.541827071876,4.102418239894577,1.0,1,0
60.373293871919444,1,1,1,6.4099548682965155,1,7.2228387846755915,10.309583778541827,14561.295173615912,4.076932606828406,1.0,1,0
753.7599334456572,1,2,1,17.653081091209913,4,0.8958775410329767,0.5018742442552553,12398.71592443027,5.935902975134425,1.0,2,1
44.92838714385725,1,3,1,19.178966716449086,5,1.4111300599580154,1.0773053904766319,13054.555734326783,5.784298477708341,1.0,4,1
772.3338280113325,1,2,1,30.04358764087621,4,0.6165527031381229,0.4689236378264322,4508.452311397079,5.0231909386941425,3.0,4,1
64.22698877692191,1,1,1,3.96793437843965,1,3.0596678059801334,1.9883230696171077,18406.014137161314,2.9059742836375464,1.0,1,0
128.9343055673062,1,1,1,7.038129789814668,1,2.835626850233109,4.190318452102546,17086.643872108383,2.7821567849752205,1.0,1,0
72.19163893035889,2,2,0,11.050843077433747,2,13.793332906136653,9.410320405558533,13525.46246484627,3.764868100763579,1.0,1,0
94.63811947950305,1,2,1,15.709898986484653,9,1.69656319491221,1.2081716450716613,2475.264505376566,5.33554436444405,3.0,4,1
36.913090387165006,1,3,1,20.69242786508606,1,0.1190626545319272,0.03384258308312368,15586.20360578229,4.898149208427952,1.0,2,1
138.30123239018286,1,3,1,4.70379597270834,1,4.99254658369589,5.9293195635939835,30691.881821366842,3.7251720287101433,1.0,1,0
79.57887392721828,1,2,1,16.931206874294098,5,1.8199936267583243,1.40809386780675,6044.9422880791635,4.485595094668671,3.0,1,1
119.60360926371003,1,1,1,4.943128987957907,1,0.15850643355214353,0.13739134467515327,15817.834035977463,3.863956820136029,1.0,1,0
49.54274200450581,1,3,1,16.1363690239759,3,0.5184089755212566,0.2171290740661505,2068.8288393804,5.32972480113479,1.0,1,1
53.241266830577416,1,1,1,6.570454668569526,2,1.2983026315498156,0.8231700612575786,20672.31447051159,4.47851348179435,1.0,1,0
737.1065747231745,1,1,1,20.751711647260024,4,0.4125992644548654,0.13449113549979366,15252.654125354173,4.3873304691154695,1.0,4,1
80.82723008692292,1,1,1,10.736991612585255,2,0.7299900715122661,0.5061116895777161,16127.51286626046,3.4659896554745053,1.0,1,0
735.6592316830074,1,3,1,18.759552029220742,4,4.012789765463371,1.829569339304784,1363.0751020525888,6.261520216943438,2.0,2,1
510.1457267960446,1,1,1,3.8358465054535866,3,0.9608984480355879,0.769358658630571,27847.39766887338,3.597958139823342,1.0,1,0
748.7445332622838,1,2,0,23.731923375698834,8,1.893849731851417,1.2086433928962153,2416.417699905829,5.233195723613302,1.0,4,1
1431.221412229761,2,3,1,9.215627786900392,1,9.157402619542514,6.677295275868735,7938.712501877607,3.3002730660560937,1.0,1,0
509.728219706088,2,1,1,8.404658224233643,1,4.250643585317621,3.172281165580696,22930.447366332523,3.1034560027656695,1.0,1,0
92.96951056248734,1,2,1,37.58680223790523,8,1.7856341687828021,0.24945571157638638,4760.267442535987,5.0991157287332,2.0,8,1
46.980048493524805,1,2,1,14.619795098944437,5,1.442121368000713,0.9272240485580712,9908.40034117091,6.294175934316998,3.0,2,1
1417.5569181043309,1,1,1,10.001690491735008,2,3.630292703584918,4.551829772877955,6958.167505405428,4.266866562516338,1.0,1,0
1416.786884044646,1,1,1,4.769106153723682,4,4.400738349383531,2.7186808134272695,15656.524767299887,4.120007300437797,1.0,1,0
50.132952690125116,1,1,1,8.20823294197979,1,14.222518188132687,14.596307744010991,20494.27296606327,3.224601477036956,1.0,1,0
496.33497289877863,1,3,1,5.227887020603136,1,6.312431301616855,8.435370054815701,21930.899044090413,2.8247140670119615,1.0,1,0
1462.718614272846,1,3,1,13.5988370398611,4,0.5119935357936307,0.11035799612612147,3357.5051314176635,5.643978259474605,3.0,1,1
1492.1738619177545,1,2,1,23.262738034273294,4,0.287304289303453,0.1732937086068453,7518.101618759393,7.415436127244065,1.0,2,1
116.5445078503452,1,1,1,8.249056062688865,8,5.023187274802243,3.7351492276541975,17240.107114818555,4.378726361272877,1.0,1,0
102.81649475368518,1,1,1,2.9663506792698158,3,5.271198290006399,4.949360520382461,25920.18753244887,3.9464595142952037,1.0,1,0
1423.5918006984548,1,1,1,2.8735880552874518,3,6.048285223718351,4.32222954994276,11338.256301445566,3.561382500908652,1.0,1,0
63.32906749999899,1,2,1,27.306337070796438,5,2.199624663940105,0.8572717558347133,2228.8637318226088,5.161746727123713,1.0,2,1
35.71824160424245,1,2,1,15.448292000852735,8,1.8427539671578186,0.4030524986625133,4968.405879007441,5.518614760500036,3.0,4,1
78.17574170914098,1,2,1,21.089512521800764,4,4.941133502603844,1.2038661765390894,3948.503214722999,6.200512048612236,1.0,1,1
494.2070148660899,1,1,1,7.235324252145146,1,0.13343773367301745,0.1037804415068247,9879.623944601708,3.953734367060724,1.0,1,0
728.279931290634,1,2,1,13.665970812701694,4,1.2154823781844744,0.8842063859445267,16010.682356641642,5.066402212957004,3.0,8,1
1418.2991155498128,1,2,1,1.8726756358538634,1,4.314478312889632,4.014109128401199,17436.36270667164,4.719596017247871,1.0,1,0
1427.2405140080234,2,2,1,5.6991192408691465,1,2.7692120706508647,1.7610886210310293,14312.570636526145,3.825456905800389,1.0,1,0
70.08413274121993,2,3,1,13.649061184177686,8,0.7165061607812209,0.5135317920154064,6554.2969521868745,5.502269934501337,1.0,8,1
115.6848479609313,1,3,1,16.3176205961757,7,1.557436807789216,0.7452931768318438,10090.900183011072,4.674660668475349,1.0,8,1
515.99132832132,1,1,1,6.828251684272523,2,18.936494734437115,13.633073932222048,17577.927817967615,4.15838856983359,1.0,1,0
136.12581484493086,1,1,1,4.043388761189468,1,0.919178941916474,1.1741912799597274,29023.693973816673,3.983651879028998,1.0,1,0
63.50472775157535,2,3,1,19.391302140033424,5,1.981680824532104,0.6276094205022005,5136.481961209126,5.814114798235536,1.0,2,1
511.1124625400872,1,1,1,2.213704142996188,5,0.3231761916492458,0.23101735769313467,5333.008231391961,3.2556319772188376,1.0,1,0
68.36062187885908,1,3,1,4.862874200275641,4,0.7213286157184341,0.9650381668108258,7445.9777101659165,3.528161838415983,1.0,1,0
84.39490888484886,1,1,1,18.17931375872824,3,6.224963872888477,0.9464082276610029,5857.794337427369,5.556023208331845,2.0,2,1
45.71173578485925,2,2,1,21.920824804972685,4,0.227129030106136,0.12606954821851812,5687.4571493052035,5.176937390219724,5.0,4,1
97.4620774144331,1,2,1,22.35271843885085,7,5.747565852919253,3.729266498300733,17517.96349395336,6.579495946229574,2.0,8,1
133.92264788851716,1,1,1,12.227104075298271,1,1.9773572405838167,1.5300235622562879,27239.052884670353,3.6274301592686227,1.0,1,0
129.8343473081018,1,2,1,9.975868673086877,5,2.725729274441664,2.0448732747158616,11039.605523492051,3.550126201450089,1.0,1,0
136.75411452516434,1,1,0,5.503431576375725,1,7.687520370070705,8.769736085333829,17703.97351904666,3.86228303957923,1.0,1,0
114.93237982794523,1,1,0,8.384373369902779,1,2.3783746550501785,2.368525029595912,20314.505504723278,4.022139035889924,1.0,1,0
61.43477523522378,1,1,1,24.27863909898577,5,3.172223931627736,0.6737845629351427,1184.7163508408782,5.032321223638565,2.0,2,1
82.82452201046065,2,1,1,16.135384331376947,3,1.242497050132643,0.28197498628565926,12279.430346576219,5.165696440421419,5.0,1,1
22.971316630846058,1,1,1,29.07139382372571,7,0.2524740747468443,0.09235254550975995,9709.358696060626,4.798180290782314,3.0,1,1
62.92078851600917,1,1,1,13.189726801009552,4,0.5365787157631348,0.2738210543826895,3826.212669813327,6.705625311297033,3.0,1,1
725.7589535463338,1,1,1,15.77822244955183,3,1.3168266920709708,0.48641838710860863,10227.146923274422,4.563523874640729,1.0,1,1
67.2691941216357,1,2,1,5.637242825718127,1,9.435636675416209,11.420239712812267,23849.135153475127,3.875797809478056,1.0,1,0
77.13611335035012,2,3,1,33.19973224866809,7,2.3165711323223324,0.6013563289093752,5651.525426199432,4.85674987364845,2.0,1,1
63.65997086624947,1,1,1,2.974975180343601,4,13.11488307858458,16.664729404462033,17097.42292669954,3.5517868580608805,1.0,1,0
56.8669831176588,1,2,1,15.577745912170208,3,0.3473805539102469,0.04120416971439863,4243.0380593874415,4.409468099156328,1.0,4,1
70.76814582235285,2,1,1,13.756287071234846,4,12.227148582837799,8.031772562851705,3407.092645743281,3.7825146749186453,1.0,1,0
1484.4216212722706,1,2,1,17.472103461403307,6,2.7194227220275673,0.3626549791888763,9956.879262572276,4.49314109600747,3.0,2,1
20.739579681114776,1,3,1,19.058549606431242,8,3.1082438141986075,1.4036471534672148,2522.6705026817235,5.756458809515233,2.0,1,1
37.36538877726752,2,1,1,17.34993488188185,4,2.471816063467886,0.8513757712964128,9804.328955750254,4.1132473093302515,1.0,1,1
504.351814360392,1,1,1,8.931452491282009,3,0.9686860218305146,1.3923803176764236,19192.824266523075,3.768967187807271,1.0,1,0
770.488081742106,1,1,1,25.06347559632265,2,0.12225826294802265,0.01908968053642231,19594.590159581294,6.459599953688448,1.0,4,1
72.44559917824355,3,1,1,30.112803112253427,5,2.7226003085123383,1.418952741646856,13720.497188149373,4.141717257531953,5.0,2,1
747.7329129334814,2,3,1,26.557619195022458,6,0.22436908597027172,0.028742071537164775,6512.445206307959,6.270363838223395,1.0,2,1
49.10078819936685,1,2,1,28.10824708423099,4,0.11395451683778461,0.012861622038756463,7058.153107360247,4.675887700435932,1.0,4,1
77.75560616351954,1,2,1,20.25002803527995,5,1.334014644662213,0.7298672078469441,7183.825389821337,6.671398075516579,1.0,2,1
49.766901750163356,1,2,1,29.958513015119884,5,6.579728537659605,4.893783637288551,19099.88989057225,5.867396591097501,2.0,1,1
767.2585375237749,1,1,1,26.238246423105807,3,1.6354687315274303,0.19042517620102825,3635.6385625730263,4.632643246433905,2.0,2,1
144.1569011673478,1,1,1,4.4132462716615635,1,1.0154578322731957,1.249311004772441,9979.433992028213,4.349676029164613,1.0,1,0
506.87755321838915,1,1,1,5.813863973076897,1,3.9693965801388638,3.7235103251157926,19910.239468413998,3.56694901359685,1.0,1,0
85.60233430395286,3,1,1,18.019041159266205,5,0.34174114401296946,0.0661429593731646,5318.389078024109,6.279624458691337,1.0,1,1
60.231666645954824,1,3,1,2.813651338388842,2,15.928140125465477,20.455780587477545,8737.696721815875,3.627905062050064,1.0,1,0
76.28698704660454,1,1,1,35.51398378039733,4,2.0353080131448653,0.8817765073063675,2718.8581782372635,6.345454997962731,2.0,4,1
65.26504871297861,1,1,1,22.361072914815132,6,0.7877098732373656,0.13310923633507463,7685.687124846519,5.308893917663956,5.0,2,1
59.56290650180185,1,2,1,36.31949970174426,7,2.4848405098149158,1.2276903972879152,11930.78496163082,5.142479120495997,3.0,1,1
66.99352130447006,1,3,1,20.527368356671893,8,1.4852295397755253,0.5105229667039699,10527.534733487524,5.087266739390189,2.0,1,1
84.24010380446637,2,2,1,14.99781217820714,5,0.3463092902860855,0.21851279865076773,5278.640140520825,5.7365056903674,1.0,1,1
1471.6960023949998,1,3,1,62.63213743761479,5,4.142363430132856,2.8633521280042693,3202.6673643754666,6.276610274126789,1.0,2,1
524.0173674211487,1,1,1,3.904879094410637,3,4.168348800997797,5.774648106568999,8301.05173902281,4.015519543623325,1.0,1,0
1445.2800206499132,2,2,1,26.750841098712094,5,0.1711633447545366,0.07922550618734489,24108.596008846474,5.167929542720714,1.0,2,1
45.28416896281698,1,2,1,26.495907066152537,5,0.15354690862550613,0.016555531515614088,10139.804030694402,6.405350284847664,3.0,4,1
744.6276542882656,1,1,1,29.659539752637983,8,1.9291698212706334,1.2943934580219,13627.691272665299,5.312691203354305,2.0,2,1
93.9625141016545,1,3,1,9.262928274327807,7,1.9131188078198462,1.0259049287882744,8922.092224918979,5.858167665820617,1.0,2,1
751.9154970408235,1,3,1,15.837194099663375,2,1.6159899212206754,1.0095456646893277,11213.80950148147,4.809508042912835,3.0,1,1
72.90483320287308,1,2,1,39.79800762657459,3,3.893249800438855,2.34487695658227,6892.350480593132,4.806969426590371,1.0,4,1
123.72801162241848,1,1,1,6.145266740285995,5,0.23240889576012055,0.3020162190150486,6510.089103021508,3.3802665757719392,1.0,1,0
1475.8930058959752,2,2,1,17.86562182236534,3,1.4113799427126115,0.7440891954317091,12814.435926351645,5.077446923315067,5.0,2,1
46.21746140602231,1,1,1,25.998180017914127,6,0.8512901294059908,0.39330045120747564,12961.022983173336,5.079143659536983,2.0,1,1
523.6850426351025,1,2,1,5.93285116102823,1,0.701954591832615,0.4609226782878472,13531.06228206599,4.544578951277701,1.0,1,0
132.49713750621697,1,1,1,7.3028172208669355,1,1.6369816093267024,2.1312989329108336,12312.455906464878,3.138241778246699,1.0,1,0
54.19316223119955,2,3,1,23.996532808197216,7,0.4796941876994065,0.32565076678249605,4213.789717793623,5.094955230464381,5.0,2,1
747.7693572714987,1,1,1,15.912366558060521,2,1.3936549319225027,0.8546422122213065,6320.610379234697,6.01549439030557,2.0,2,1
507.5053330816584,1,1,1,10.142388932592095,2,6.838769070712593,10.0963129243136,20461.880582571688,4.218457590948937,1.0,1,0
148.87408112431214,1,1,1,3.8516141558215637,1,3.964752130324325,3.243888451271114,16313.888056806669,4.067339278246708,1.0,1,0
28.139846122793834,1,2,1,31.4904436215593,6,0.42881595601011946,0.16594903210307457,16513.223543847445,4.586211175349984,5.0,8,1
1452.4587189211659,2,3,1,18.775715125483753,6,6.0002027809406995,3.289730956408677,12011.79451204693,5.4365074515484,2.0,1,1
1463.1444948203787,1,1,1,12.525945493507505,4,5.23016516948181,1.9146461667464654,19641.29213322838,5.66408871429939,2.0,2,1
73.57349905582997,1,3,1,19.87683000417255,5,8.537452609054485,4.26882106807888,6017.8969065569745,5.915908179304876,2.0,1,1
101.50065013378264,1,3,1,15.988253902055227,5,2.9901065623433185,2.1746316431717383,1354.2051887188525,4.775296925400735,1.0,2,1
92.40879651610956,3,1,1,24.249630475690502,5,1.8154256896062806,0.3824726813760063,4660.679962719322,6.132595363227125,1.0,1,1
509.57683857066166,1,2,0,8.627420040700194,2,1.793247778290214,1.5281031393123927,28082.26347087015,3.6971839069593644,1.0,1,0
64.26228329434623,1,3,0,9.896601388402438,2,0.273457050200801,0.08792899878125901,12826.186664853976,7.290085027963419,1.0,1,1
73.06488384173313,1,1,1,4.292455394858937,1,2.067782317815412,1.8279627781133974,5668.081515536964,3.93899905722903,1.0,1,0
52.56031829895785,1,1,1,14.421580742863453,3,2.591037322881065,2.399779257425814,12463.704236342413,3.8146100719320715,1.0,1,0
109.66592865267438,1,1,1,2.299008878332705,2,15.107115004975752,13.63128731941157,14720.080546607316,3.6497924081651534,1.0,1,0
51.67103229881364,2,3,1,4.840447010129969,2,4.783437478131128,2.889707785292041,17229.00311889118,4.146690825303804,1.0,1,0
1426.4935667763107,1,1,1,1.5279352126024872,2,14.151637222758529,16.282352565405205,10851.176581600925,3.884049033765282,1.0,1,0
72.46384299700325,1,1,1,24.73401989787324,6,0.877236969425101,0.7011543924292745,4924.823803798396,4.301793106249531,1.0,1,1
111.20879142317222,2,2,1,7.375720472879637,2,1.5892523654104243,1.528316549720094,31328.819488466746,3.0434932659271743,1.0,1,0
61.47704598400177,1,1,1,5.1606090743771125,4,7.608817488477278,9.607037032242989,21743.652085195637,3.853225470746795,1.0,2,0
69.54979128533242,1,2,1,30.120199822344944,3,1.7275884693905394,0.847675662700876,10023.21645901968,5.818068999266044,2.0,1,1
128.14200488820222,1,1,1,1.2956252190586541,1,4.305547265219389,5.870433928013032,32666.881696378125,4.348512559781072,1.0,1,0
523.7285605415602,2,2,1,1.9484877772295874,2,17.349860436125894,26.009966642430683,13638.818464438995,2.959646357239362,1.0,1,0
92.72135543171078,1,1,1,16.774711893116525,2,3.2534947128579987,1.8870842096209552,12466.332748496265,4.316246754274256,1.0,1,1
126.10725852082746,1,2,1,11.215743206977203,3,3.039044309497539,2.0403070627663364,14136.065476609461,3.9195450120217736,1.0,1,0
69.22831828543264,1,1,1,6.143792710951388,1,1.9718632984504132,1.3568729550163987,24632.762421888146,4.307869690684904,1.0,1,0
37.71982154221212,1,1,1,16.41887997331306,8,2.1071677306874577,1.0482051809718835,4917.545558374909,5.920933389816541,1.0,1,1
56.38946109197998,1,2,1,27.220976553121435,6,0.34684901612403873,0.12406096185817046,12330.671849422451,6.581605068584841,1.0,2,1
1462.1153532532464,2,2,1,27.294124893109917,3,0.4343595128740304,0.2003285652157733,5322.247419750582,5.974812129189363,2.0,2,1
1414.1676189731645,1,1,0,4.751210158431791,1,1.8137759260651505,2.2359538057674406,3560.2243532225057,3.949575772215287,1.0,1,0
1459.2441954019232,1,2,1,18.32807029689191,4,0.34981278179760167,0.221866033592842,14658.35688130519,4.97149411863616,2.0,1,1
97.71414315510033,1,1,0,26.275270277948188,5,0.5784231766400404,0.3821299433699838,11810.786988380309,5.521319808276083,1.0,4,1
54.876468717491036,1,1,1,1.8501216046523072,4,7.0430407226321465,9.669173738355951,5207.5369403614495,3.879789583942597,1.0,1,0
33.94777417519007,1,1,1,26.211519555839715,6,1.4957282188588767,0.7132045756092699,15907.904496998126,4.863810934436797,3.0,1,1
1410.5084042907445,1,1,1,2.1532003591481796,1,13.328406049550305,9.263570521491555,43066.064515463375,3.1017071354327954,1.0,1,0
72.14340811537673,1,1,1,27.489429255925536,3,2.1587692393985773,0.4719469096117157,5387.70167271581,4.337289060128575,2.0,1,1
1448.9603119958624,1,1,1,26.283200373805187,7,0.4300113801545177,0.29815759196228814,6657.211059845328,5.695702626660559,5.0,1,1
63.182133484812766,1,2,1,8.390537247567227,1,0.17643483128756035,0.15678199408458227,7084.50983340895,2.8796565294382095,1.0,1,0
1420.868419251084,1,1,1,6.9084486093804305,3,0.14748585572602818,0.19322389959229166,6704.445640937389,4.427107995251413,1.0,1,0
83.42448642237433,1,2,1,19.891406311622664,4,2.0562575409255284,1.389672912341127,1334.2163763567735,5.248160642442277,1.0,1,1
67.28211930147648,1,2,1,3.997877759105355,1,12.285718569670554,10.064935109089863,7567.423474443577,4.101301497251909,1.0,1,0
76.09414471606664,1,2,0,6.625396600253841,1,12.038876339083314,11.75173179313147,14714.321068303916,3.469328794735975,1.0,1,0
101.25417320721296,2,1,0,26.410274617573005,2,0.6862810232408298,0.26504032025077956,16453.031427294245,5.175009762333754,1.0,1,1
60.728481436057734,1,2,1,11.187238400160652,4,2.4203749129507828,1.9370693485285853,5940.027477821649,3.5436947946662447,1.0,1,0
119.09103125671062,1,3,0,3.629331227392602,4,1.4530938769761281,1.9517937699676633,9378.280588625235,4.217356054662178,1.0,1,0
77.10567913303679,1,3,1,16.60560831584517,6,2.0473871744796086,1.4656817334543317,3090.39371614009,4.532609186520343,1.0,2,1
38.133508536385825,1,2,1,13.379337559974232,3,1.1842400552170356,0.5166338568674029,9697.088891340229,4.964525854703363,2.0,2,1
79.69588774449551,1,1,1,31.226445093604706,3,1.1019841658539498,0.7764500165086788,3650.2679202354284,5.43972019553535,1.0,2,1
49.57685841199112,1,1,1,22.20595764508649,5,0.5921541314237887,0.4733807345883941,8691.828923558887,5.109751881800194,1.0,2,1
104.45625182788281,2,1,1,4.782060674634915,1,0.5841602235861406,0.7541402808616852,3656.1866669074257,2.956540641941591,1.0,1,0
62.63797462258124,1,1,1,3.5106638502190766,1,1.8925776147400826,1.3998494006728788,21423.21342635701,4.148605039067232,1.0,1,0
507.492813606602,1,3,1,3.269583157861926,1,0.5225304567027219,0.46243468851308167,6075.773438309752,4.365238271709816,1.0,1,0
123.2428990070634,1,2,1,3.4981430425073228,2,7.127513218645731,5.990376747113543,36117.18052971617,3.74186498871782,1.0,1,0
95.16437304727643,2,2,1,26.54843509968196,9,1.1004538816411864,0.13570349462308548,13742.83751437383,5.2151874904130215,3.0,4,1
526.9563959497648,1,1,1,7.79939286789944,3,0.31840452973934064,0.42819913643975527,13020.581650352906,3.043142187386652,1.0,1,0
74.48745710413478,1,1,1,12.06797561126018,1,3.590363924159784,4.37039370716734,12672.87292497965,3.702339481126934,1.0,1,0
59.79971345634818,1,1,1,12.441873688205348,5,9.178655416498017,10.745156326110571,22433.84782026057,4.412943711217114,1.0,1,0
742.8769561975708,1,2,0,19.08868614310237,4,4.234972561821376,1.3385647509238163,6168.788426556249,4.068082199255414,1.0,1,1
743.7788034151822,1,1,1,13.849175173754919,6,0.035574662273435184,0.017042396691007596,10693.321295208443,4.465578752395305,2.0,1,1
768.4228635738248,1,1,1,14.681701933794194,6,0.7866547283734286,0.5736891244014276,5855.456101761977,6.129938087599541,3.0,4,1
513.328776368804,2,1,1,4.852078945738457,1,0.6676360922183364,0.9998382894808179,3994.469852699896,3.968459956999003,1.0,1,0
114.45982665115064,1,2,1,7.7599045123856785,2,3.7483604079882498,4.091503017312968,28364.64851058893,3.9923293282090295,1.0,1,0
126.08626482742262,1,1,1,5.389780406703168,1,7.355393576974924,8.573638979012689,24577.188735669693,4.114052177292612,1.0,1,0
58.218490768437476,1,1,1,2.0393916858689014,1,3.067864347616565,3.6780901482003654,15388.719384737935,3.472976218550009,1.0,1,0
86.5000387464814,1,2,1,39.29864488041581,10,3.0469532851113024,1.5314736909183286,1725.5131825386893,4.2011377340369425,1.0,1,1
89.22529505414916,1,2,1,38.649560672803354,5,1.376673605752356,0.41265430864094504,6918.26330875209,4.769709132676725,1.0,2,1
73.29445866779209,2,3,1,16.296252739056897,3,0.9085381626190037,0.41364993502923936,3601.8272092692137,6.989086984548742,1.0,2,1
155.02392770037895,1,2,1,8.565334914719918,3,5.678928867461058,6.240385478872726,13343.793145772186,4.4591966006689905,1.0,2,0
505.1926662088238,1,1,1,6.408725374468531,5,16.367368267748088,21.15459141930041,24192.849842172207,3.7555782691185455,1.0,1,0
89.36277299996391,1,3,1,42.10611740542504,7,1.0286337227799194,0.6069386865552736,17584.618108356277,6.014892313226649,1.0,4,1
760.2452528420191,3,2,1,25.49093363077939,2,0.06320935767320204,0.006680631516792455,6160.580403383263,4.068670603936521,1.0,8,1
46.14997044027895,2,1,1,19.969754398306566,5,0.3382997968230075,0.10766220947251254,12122.235833246683,6.351442226623627,2.0,2,1
127.34259151541944,1,1,1,2.9895890221152577,1,1.643926293364755,2.007801120121961,18470.41680752935,4.069142182727716,1.0,1,0
51.11985437677291,1,3,1,26.35365251197154,4,0.16444552423636732,0.053227227627387685,3736.1109820348743,5.54997098672075,1.0,1,1
66.62815598256908,1,1,1,4.785363850927265,1,7.408648895756979,11.041955391309486,32502.18630492519,3.5296215166080915,1.0,1,0
117.48254318810183,1,1,1,2.0443398483516955,3,3.914328453990598,2.7399077341281814,10746.125803753444,3.923553765365565,1.0,1,0
76.96828207324248,1,1,1,8.107775250359586,1,2.1693503074400926,2.471613512669089,11837.722837439142,3.072173421279622,1.0,1,0
1412.5604046840272,2,1,1,5.9671457357806235,2,2.803626063127664,2.304143559276697,23252.650104884673,3.916232863822741,1.0,1,0
1445.5348028003827,1,2,1,19.11853142296696,6,2.2651528154867138,0.8126317006054035,4694.871061662843,6.2469679533167595,2.0,2,1
507.5721996904924,1,1,1,8.119552683498354,3,2.7326346762447877,3.9675006803478223,13177.551046680981,4.08680405216801,1.0,1,0
127.54147886611915,1,1,1,3.55070754856471,1,6.061950293381629,6.9685042001678426,25600.89807141697,3.3651077538199763,1.0,1,0
132.16829867786055,1,3,1,11.011921008061446,5,2.595573147997234,2.8575864296946625,13487.579282938328,3.580685232128838,1.0,1,0
122.31990610590562,1,1,1,3.9278994108552077,1,2.573559693506215,3.8112684348163084,20047.930975757085,4.059638206092418,1.0,1,0
37.59322771854803,1,2,1,21.622964848201736,6,0.4714547317612911,0.14871110819143293,205.32386050241,6.2382184890910715,2.0,4,1
72.05559330970165,1,1,0,3.2713256373520703,1,12.133168014942889,9.828006204914479,13808.647988214261,3.8931575906502713,1.0,1,0
90.80348694559234,1,2,1,4.567246513352293,1,2.609812432462448,1.6576532931834933,11515.028608321712,3.796488462684027,1.0,1,0
61.41940911726799,1,2,1,26.058306924225512,5,0.8126442992184528,0.111833972720388,4735.578351629498,4.915279691970605,2.0,2,1
142.5748495354683,1,1,1,9.251455067122455,3,6.911227408649161,6.827637447643998,23221.493366737508,3.7247848925236875,1.0,1,0
63.217779684098424,1,1,1,3.288887247519036,2,3.322449914554847,4.098588482791447,22588.77142180554,3.832352561069723,1.0,1,0
82.1552493455309,1,2,1,18.192647155631512,4,0.6804614404071383,0.43682575140183166,4445.170785014763,5.1399836600924536,2.0,2,1
60.68931754602896,1,1,1,8.247519989496169,4,1.146443704812378,1.386636752812913,18164.137987229053,3.8578006235663573,1.0,1,0
1408.938614675084,1,2,1,2.6245354214295924,1,2.2870243278148905,2.692282633182934,1838.1546324301846,4.079563783335344,1.0,1,0
1458.4051552848157,1,2,1,33.61487146909876,3,1.0273923400927834,0.6886499303327319,14241.405772141274,6.399868639490115,1.0,8,1
95.95314714435679,1,3,1,21.564185823031227,7,0.3036492279691878,0.10447506094402963,2233.7605914468954,6.517832933142747,1.0,1,1
58.640652146274924,2,1,1,4.0113673132092025,2,7.3159211950792695,8.136391044163112,5997.276336747993,3.7144355036405985,1.0,1,0
69.45145258549502,1,1,1,5.229546326544294,3,10.090686192428,9.08065786013433,20252.701025692735,3.4303738854489736,1.0,1,0
508.0972068941603,1,1,1,12.351614410248823,1,0.6361087076010603,0.6405609078909259,31091.454836534987,3.6634251384442074,1.0,1,0
134.31850579072102,1,2,1,3.39332532197338,1,4.853622790982809,4.011052049501011,5645.400551930609,4.550889760426744,1.0,1,0
67.45514192791784,2,3,1,19.450601949824673,9,0.9096052051782284,0.3435699451025694,4601.962451382495,7.32359383891799,1.0,1,1
1457.1780553110812,1,2,1,29.30520971996904,7,0.8146493359155706,0.5128707054194063,15546.048338650502,5.664449921859512,1.0,1,1
99.30350619657298,1,3,1,19.185512411059328,7,1.623350940042007,0.39138346476826524,6369.227286548188,6.705225644867735,1.0,2,1
1475.770982961612,1,3,1,26.238305129520292,8,2.4491936219174892,1.7866163921793587,8787.541515824192,6.240189809735973,3.0,1,1
44.42622172317354,2,1,1,32.493562689821914,6,0.8654027979997072,0.5870779233704995,6494.5657702322,4.999316740533371,1.0,1,1
1466.388274917423,1,1,1,22.55765319823276,2,0.3743561532592189,0.15215296625497005,3766.491304414303,5.0854880882934195,2.0,8,1
761.9750017309332,1,1,1,23.864520779145586,4,0.10199305860402537,0.04870403574725111,7894.261799322266,6.035959684607289,1.0,2,1
1423.4529232330854,1,3,1,6.522826062513434,1,6.990845746756577,9.946628856346841,17587.66203738677,3.590292182243997,1.0,1,0
45.24382176211781,1,2,0,20.431431830648847,5,2.3437430861689057,0.3691598410697253,6778.677251917941,4.16705477276582,1.0,1,1
1446.8056835567984,1,1,1,25.352791318209945,6,1.0986755137370094,0.15583729559730336,10954.902404215241,3.3520424497124077,1.0,2,1
518.768209224667,1,1,1,3.749703320146002,2,6.475172797619813,8.608613654474686,11173.640425769241,3.933412840941992,1.0,1,0
768.6237211045495,1,3,1,33.16431508970582,6,1.1313055954799072,0.43992431430375517,2724.4907443522966,6.0205020735941535,5.0,1,1
79.05958478918069,1,1,1,25.915679370671988,5,1.3159218951037028,1.0327994753281602,14222.4281583935,3.8056862377156673,2.0,2,1
54.96929369988981,1,2,1,4.466297539763608,3,9.252089429972475,7.561324567970975,44964.546583291914,4.087950179352792,1.0,2,0
48.606084077512605,1,3,1,3.4674717214703348,2,4.211021824791217,4.511289238081006,42148.9189795739,3.7516909008661004,1.0,1,0
99.06185967898034,1,1,1,2.5627035515949643,2,0.36525993795312883,0.4616329519847546,34840.679180166946,3.6442852752154504,1.0,1,0
68.65952382789065,2,3,1,31.185274654304543,6,1.0265928722431121,0.46967342556076047,14022.536463211178,6.372459806888811,1.0,4,1
26.046991081982277,1,2,1,17.256355173261422,5,0.5682483224715291,0.1772465628784118,2915.5511441407766,7.000911922847251,1.0,1,1
22.928589104962164,1,2,1,18.445624646097087,4,1.0477613585524364,0.23443637339398868,4757.754791183108,4.917181223556977,2.0,2,1
515.6504617335684,1,1,1,3.729344532916203,1,7.702929661514899,6.7792208195694865,36057.58356443132,4.523707186468502,1.0,1,0
58.24873677562516,1,1,1,5.147451401012629,3,13.412753123087697,9.489486646539818,19124.844364324654,3.991165805549712,1.0,1,0
498.8942165215773,2,1,1,2.0347768592380544,5,2.810482764084101,3.798064370974533,24411.142979459164,3.3436306420655013,1.0,1,0
1426.3278943238336,1,1,1,7.409435539512126,2,20.58046933526573,18.25819117837263,18071.613831346458,4.115770733556578,1.0,1,0
84.5378726098843,1,3,1,34.368757635462046,4,0.3536427543290192,0.19045114602791927,10328.991808201494,5.093058687833318,3.0,1,1
59.06407021403024,1,2,1,19.976339440667964,7,0.26520035519364105,0.07724920779952701,14073.14186411761,6.807149848969779,3.0,1,1
36.889778007875506,2,3,1,18.510685009306492,2,0.6417861574410264,0.15538513420951625,7416.126816323367,6.456530957011736,2.0,4,1
734.7274836719058,1,1,1,26.6453976437095,2,2.921227327562674,1.546720855890589,8779.437842516885,6.6786836963839615,3.0,1,1
124.27675362828315,1,1,1,4.478849923889561,1,4.635032572793087,6.354013845628999,5340.171002344867,4.3156463657497115,1.0,1,0
117.93484674417132,1,2,1,3.833412256750316,6,3.10834202581704,2.9408518453244037,16066.354417662178,3.546973934634044,1.0,1,0
1411.4760995052086,1,2,1,3.385779844681302,1,4.814590754370628,4.632029952963597,8337.467507655048,3.002042351261619,1.0,1,0
69.07798487626279,1,2,1,17.466304383089387,6,5.674687120350791,2.6718006173443536,2614.73009729931,5.94739110282823,5.0,1,1
65.45220623004181,1,1,1,19.690134961456938,7,0.6253090988753833,0.3569035262779422,7687.655332223441,5.826579126520049,1.0,2,1
56.41330102972158,1,1,1,3.0017800789096305,3,2.938544294410186,3.7633241147499463,30284.275908264935,3.2409156135745962,1.0,1,0
1423.8380035592686,1,1,1,3.9197132678754807,2,14.07679551179036,11.712947123466078,16936.560070782733,4.247555458875393,1.0,1,0
761.022061994268,1,2,1,12.207305147289155,7,1.9406869256762123,1.253663504797589,11340.548809111142,5.598195757725162,1.0,2,1
119.52300519008162,1,2,0,1.7867681647904283,1,6.282034702986025,7.120027360082653,51989.06801095811,3.790578792516729,1.0,1,0
42.595859398138444,1,1,1,29.869002853188256,4,1.1441328191739724,0.43049379224205153,12831.070375847843,5.918488719499754,1.0,2,1
1470.1947592180284,1,3,1,21.428165124281485,4,0.10186024467103466,0.037879120541792655,17274.624662775313,5.292797297433016,5.0,4,1
737.4008989253383,1,2,1,12.808127617549387,5,2.9131259795876177,1.0655406655693764,8948.777293036212,5.230638984041503,1.0,2,1
1464.8622813381578,1,3,1,26.430078369278256,5,6.706030948313671,4.477569624548055,11795.511227205021,5.67984961009874,2.0,2,1
516.3477120854811,1,2,1,8.368290206222323,1,2.2183866087982578,2.483389939797252,6864.11260823109,3.4767727549326928,1.0,1,0
18.545671964135412,1,2,1,36.93560012107402,7,1.098189827633624,0.3693738817763629,5512.509294446834,5.422406656641169,1.0,1,1
133.72443417574647,1,1,1,3.424729439570139,3,3.329544376533874,3.1008718224644842,12707.79453118148,3.868432761855325,1.0,1,0
114.46688945765398,1,1,1,15.844748187064429,1,25.15101041939866,33.323160266996055,15887.077000665255,3.466915682048259,1.0,1,0
510.98737457007167,2,1,1,2.4081331992532,2,17.285685654764926,22.44449486628166,20210.820072796323,3.2499667514781194,1.0,1,0
741.767973401641,2,1,1,22.05316268978749,7,1.343882797664003,0.15446306045103034,15057.413516016246,6.197006849989022,1.0,1,1
94.99716176809305,1,3,1,33.44538018071914,2,0.11308634197117867,0.06288099844889418,3942.3708880222507,4.47036125464153,1.0,8,1
126.73504763443538,1,1,1,5.102657797011861,1,15.78115926452705,17.706681146192366,23504.70788069623,4.235903145457632,1.0,1,0
1429.8714341388797,1,1,1,9.210057230352986,2,0.22382422705808064,0.28704310352404566,10918.628587526777,3.490806341708691,1.0,1,0
131.58817388876176,1,1,1,6.44921848485937,2,7.178978845446272,9.102710541079775,14211.399292811317,3.7669479372754164,1.0,1,0
753.5902990246727,2,2,1,31.226962638326903,1,1.321344308262091,0.4294235720005378,11989.519528265078,6.031220690450487,3.0,4,1
73.50016137360863,1,2,1,28.16314867522735,5,0.4484438114145851,0.12134612409533121,8951.917278921243,5.356246487276666,5.0,2,1
72.1833050945926,1,2,1,38.12395704451703,7,0.8665782652234919,0.6555839506944298,7643.442879626506,5.199020155058201,1.0,8,1
511.10594100531125,1,2,1,2.7128560249460203,1,2.605996396085573,1.6286337767352306,10474.454404406502,4.0410144549546585,1.0,1,0
124.52568675543328,2,2,1,5.24207148136771,5,10.170409649182028,8.700760733259392,8610.926242837773,3.737644071692981,1.0,1,0
43.7579749928671,1,1,1,26.704749304699963,5,0.4753821578139854,0.1342133056759116,15730.23628534593,5.58301770513455,5.0,2,1
93.3014062514892,1,2,1,25.831460885601874,3,1.1707903801120816,0.34117835207873054,7727.819073825421,5.30274276966379,1.0,1,1
77.64741127694185,2,1,1,28.823955833586368,6,1.9651913025104635,0.39758164314868083,6695.719032992602,3.752543770083604,1.0,4,1
79.51234634862963,1,2,0,2.1777838131847425,1,11.013398794685155,8.131616310627198,11939.927290258678,3.867616580823539,1.0,1,0
70.22043633632933,2,1,1,2.5321008970030534,3,1.6521229082245998,1.418286024614758,4922.189958979005,4.436097568878862,1.0,1,0
87.70382373866595,1,3,1,14.08352469245306,8,0.7193996969779317,0.2953764673428776,4998.435889902099,6.287273761559096,2.0,4,1
88.66505718676295,1,2,1,24.748834548575697,6,1.2562956760288173,0.9802039923315723,27230.686855820986,6.842375113818234,5.0,2,1
31.59125916434842,1,2,0,41.824414782111,6,0.20202673181575243,0.07146081661441601,5905.004427925311,5.5891249358059545,1.0,1,1
504.31231307478254,1,1,1,5.179904379613791,5,1.0531664480899634,0.7561647339324605,22234.861842413804,3.9647997936483463,1.0,1,0
29.536568500375807,1,1,1,49.35229685831403,4,2.424244646750787,1.0135875140095016,4835.0589702966445,5.9480277334787175,1.0,4,1
516.6916851974645,1,2,1,5.690301981107342,1,0.9140762451228005,1.1616468261369548,25899.419259162823,4.851145406330234,1.0,1,0
133.44493247204275,1,2,1,5.361369399129751,4,6.037163614073465,7.315549485399548,24636.779119526862,4.237190586486903,1.0,1,0
1441.489216043797,1,2,1,32.066987683760956,7,1.6261489202282635,0.3487757462283385,3850.3098604166685,5.991967439977002,1.0,1,1
1417.9782611107553,2,1,1,6.368151443651098,1,5.811068759980541,5.591648606778594,6774.941587302189,3.174606325078456,1.0,1,0
126.77705400999307,2,3,1,5.427713006393666,2,9.314417586031972,8.914144121238312,8305.392085766338,3.8291769743174506,1.0,1,0
70.00419978697234,2,1,1,33.74535095087746,8,0.9084836546182087,0.6844572142014422,4565.757163186922,7.066929093552983,1.0,1,1
513.2945659409602,1,1,1,2.5533395627317343,4,0.5553824384882521,0.821317745888789,23139.32271272388,3.998538054455232,1.0,1,0
95.42095400692601,1,3,1,33.31130908923687,7,0.1399359405761451,0.047073074476715,14541.812778398285,4.5806296307263,3.0,4,1
127.31192732161202,1,2,1,7.8913897319242015,2,1.086540138708343,1.5165382823017104,40840.81949790077,4.121771655822877,1.0,1,0
120.0640235518598,1,3,1,3.089040056393193,1,2.4271983577740004,2.370945947102942,39355.172886901455,4.296006156732294,1.0,1,0
743.7900547479506,1,1,1,15.700604641840508,2,0.26908448877563573,0.16737279811804331,2957.3364727492485,3.6811229698631225,1.0,1,1
501.5971895256958,2,1,1,10.47438678032275,1,3.26604017723773,2.875916519991243,17829.473727605997,3.531659893304302,1.0,1,0
70.15036939518654,1,3,1,20.859839530886127,5,1.392793123334361,0.9946993309250871,11484.503927262831,4.502278011047142,3.0,1,1
132.1799814061058,1,1,1,4.574167595645258,2,3.21031503867473,3.6150555333436603,12683.042834361286,2.9761314173515823,1.0,2,0
47.829156183020075,2,3,1,32.577294846190995,3,1.0834112446348108,0.4629254272743923,11554.839065595783,5.377654606246589,1.0,4,1
62.93698387197442,3,3,1,42.50624064104889,5,2.408542497712383,0.36541170932203715,1408.9378865776189,5.187274095051333,5.0,2,1
505.53601512390185,1,1,1,9.298158451844229,4,4.059289412363348,3.307246726332561,3978.922458343493,3.417282366842815,1.0,1,0
514.8825815223457,1,1,1,5.20475075801518,2,2.9971212421159925,3.8452918034069614,7244.847054688784,4.113911691644904,1.0,1,0
44.297992283970025,1,2,1,20.096891840395223,3,0.5937357623445604,0.36997474872125813,7605.313249417802,4.529126206435549,2.0,1,1
125.55912287838285,1,1,1,1.2868602032954481,5,1.4727017608572923,2.192683967803186,18272.070542810052,3.7123543426507912,1.0,1,0
70.60157091401551,1,3,1,31.181876197060173,1,0.7718814261805512,0.22168966967909817,2062.5316710269594,4.898687425268005,1.0,8,1
119.59568262097991,1,2,1,11.76426714650671,1,1.125949488407101,1.1612766275342976,20347.417120141236,3.7154416547390494,1.0,1,0
128.33651167646207,1,1,1,5.06956026907772,4,2.2974186973623847,2.5227616370302894,10642.839038971719,4.2133514656780156,1.0,1,0
135.00603030654165,1,3,1,5.059809366004636,2,8.855117439031583,9.560685573498041,49492.07399052373,3.345171911660436,1.0,1,0
49.14734055882003,2,1,0,17.33358948020272,7,1.1496365628407836,0.6164368139847719,8204.306435047423,5.9518881188366715,1.0,1,1
66.11922640846215,1,2,1,14.100313764585156,12,0.19068079879417085,0.1170241118453843,4256.512824055609,5.260321770404589,5.0,1,1
78.01079414170385,1,1,1,44.910810280649784,11,0.05739507572727414,0.032411999821092836,800.6080215693415,4.86237406532803,2.0,1,1
41.49713006816833,2,2,1,30.470608413375242,4,2.3509732971425925,0.8565524828057385,2816.1787774355225,4.310289849096121,2.0,2,1
1411.744151394361,1,1,1,5.72534524624875,1,6.983009111384507,5.097125420240723,22141.59134908748,3.5253709762047114,1.0,1,0
1417.3717263155595,1,2,1,4.392666285471199,4,6.808711760125455,9.82434968202259,14451.53859138555,3.828143839938564,1.0,1,0
70.59237221969765,1,1,1,12.054286865555856,2,0.19393695411755563,0.26360850025764815,20423.505287985907,4.559523756878374,1.0,1,0
78.79301475399136,1,2,1,24.627599058914786,5,0.167314189538463,0.07939210006066516,8362.676701546157,6.4749029681724375,1.0,2,1
21.064265031239152,3,1,1,16.373032627931472,7,1.886915786939609,1.2988782519805977,3962.935541554564,5.562926945886678,1.0,2,1
47.27035905476944,1,1,1,23.095266923646854,5,1.1637806621899054,0.3472225833125163,6266.130303249152,4.766440242515888,1.0,1,1
1448.884580993584,1,1,0,35.25795312040399,4,1.0799682866869216,0.5583094313290822,2006.8420239429474,4.859166230836487,1.0,4,1
131.57844651873322,1,1,1,3.1651017217394597,1,1.0034891848469059,0.9753396171748506,16270.597571460079,3.589971141106944,1.0,1,0
495.89659985656186,1,2,1,8.974850664938309,1,1.9223253497317438,1.2390463013606587,29377.394066235436,3.166706631958909,1.0,1,0
749.7925060584911,1,2,1,20.550812365295982,7,0.546669852203512,0.19804303246274219,4907.2191664183565,5.215446716471303,5.0,1,1
139.67079857058854,1,2,1,5.234024542017289,1,7.852869720142257,6.57827273109309,14773.878307192712,4.001007781481621,1.0,1,0
1409.707570075987,1,1,1,5.265550390953471,4,4.456556409463787,3.1663723464534255,16702.74132390587,3.6900046804415023,1.0,1,0
1421.1673316673514,1,1,1,5.8530199137922985,4,15.631489356761668,21.959522600392585,14668.602719780174,4.189162937971714,1.0,1,0
66.9678718842106,1,1,1,47.195737225871554,8,2.992040221270345,0.35999093347106104,5495.226703436428,6.026835768628014,2.0,4,1
48.33970817308615,1,1,1,13.100164921119639,2,5.551719927822608,4.472741050626799,31547.993656847,3.6634290026765206,1.0,2,0
54.935576627584155,2,1,0,3.740722350272518,2,10.111819649230966,8.670628340133115,3644.6735155764327,4.448031557640561,1.0,1,0
772.0464042882364,2,2,1,25.209099375078697,2,1.9055349640391317,1.3760075730848027,5574.180139377866,3.493822536942386,2.0,1,1
86.54033570800313,2,2,1,27.48847722417632,5,0.8674702774803957,0.5098319200064492,14893.02727674769,4.679396701257573,1.0,2,1
141.53636307169995,1,2,1,3.232159213274208,1,5.2527207976163055,7.145852978811467,45353.55885535723,3.7965990834250287,1.0,1,0
508.1351176585903,1,1,1,2.7381741972343407,2,0.1503383121301286,0.13252565841668132,4250.891860883395,3.804790200362965,1.0,1,0
82.86048637379861,1,2,1,40.55469519206987,4,0.024767268265609925,0.014182561783261457,1392.7754349618313,4.8385950426172695,1.0,1,1
51.78812059180754,1,3,0,2.899463075016328,2,6.197358190453745,6.533999568291393,17692.958894907093,4.435353075055689,1.0,1,0
498.2631691390828,1,1,1,8.59231101280169,2,5.014880883276736,4.162761944937463,11601.321029606124,4.144579742461815,1.0,1,0
72.89757517435886,1,2,1,37.12103528668773,4,1.3544539602685859,0.946836534422477,12244.691353934573,6.526457989816301,1.0,1,1
752.0456146507723,2,3,1,18.64954086755982,4,2.8384519681113165,2.1550179138026673,5243.768765599327,6.520901655785566,1.0,1,1
53.02341329914083,1,2,1,36.59416525803424,6,0.11086629383563355,0.012408275314490362,5323.168837235632,4.642970648606009,3.0,2,1
48.270009027527465,1,2,1,21.388839739467848,2,1.0641134867684916,0.17924681215219537,16157.461579693845,6.145630597724197,2.0,4,1
69.05214180348153,1,3,1,22.676927849322116,1,0.649988904045528,0.31944212192204446,8316.16859472168,4.338261976517529,5.0,1,1
44.210167638309855,1,2,1,23.339419916439102,6,3.8310176941278717,1.7984736599896347,11471.240790937143,4.070038787127233,2.0,1,1
752.2925471534277,1,2,1,16.929037045154473,10,1.0322125953101726,0.14956066711052426,7468.427653083771,6.326001947306809,1.0,2,1
112.00544723854938,1,1,1,17.354908837510386,5,0.7458245380209683,0.46523596058146405,4067.4161004364323,3.95051132909269,2.0,2,1
1418.2379018129218,1,2,1,4.240509461762919,2,4.319611978192519,6.266720821870395,16800.209173891122,4.2688925088381735,1.0,1,0
76.31588905985339,1,2,1,15.856702859110195,5,3.625140921196807,2.4743412334521837,28653.28919213647,5.74912020817275,1.0,4,1
94.78524903237141,1,2,1,33.34909462910895,1,0.8993316729875896,0.6050373892951803,1816.7292774496934,5.609818490753944,1.0,4,1
68.47998006354103,1,1,1,5.932953188000327,5,4.845849681924089,7.146001930468527,13060.013764698475,4.058011406299118,1.0,1,0
91.28902232630642,1,1,1,26.335345640495387,4,10.934556205837575,6.5667240301980145,4333.906233892945,6.816254900510128,1.0,1,1
50.08050124663344,1,1,1,13.49390818052401,3,11.422804899003571,16.436169541779915,8360.371577300857,4.014449190047005,1.0,1,0
51.01285695082371,1,1,1,21.47155194925979,10,5.044363263563529,3.1215582104743813,7190.713770377581,5.111397183639363,1.0,2,1
89.10133555915326,3,1,1,42.02225753204231,9,0.7605641513379261,0.45874550375930645,5037.87644796029,6.940289424836624,3.0,2,1
1442.583737845279,3,2,1,27.165203529334175,8,1.5982540224332777,1.1615523010920166,5592.829887035051,4.6569340563969215,1.0,1,1
1480.8504265652057,1,2,1,27.054392178433254,4,0.8896551613798579,0.16318689199568093,7410.145947857229,4.917702972376955,2.0,1,1
41.463275949607976,1,2,1,30.82151375705094,4,1.6700982071988508,0.7243763655416062,4655.395997491814,4.955400102191388,1.0,2,1
1468.325153657469,1,2,1,16.418284326478794,2,2.1380642304215876,1.4740418531894517,4525.04350606516,6.2593890548887146,1.0,1,1
61.76588648017126,1,2,1,43.95158971233002,3,0.7472281101032925,0.29624467885200306,6643.212937323397,5.578525910742177,1.0,1,1
53.25842313130758,1,1,1,8.524173996934795,1,11.256499759091948,9.453980078017018,24480.66703985517,4.0779031363768,1.0,2,0
66.90238209990295,1,1,1,4.7786203902778706,3,2.6221929666433135,3.7784169082625416,9303.334373074247,4.029679967986739,1.0,1,0
79.46296210711853,1,3,1,32.16984735287912,9,1.0457170552420576,0.6642627755259304,8133.565163198779,3.646923359800075,2.0,1,1
120.20267207157693,1,1,1,5.950248989138891,2,1.9712553697467787,2.1026820004450895,20322.21156157576,4.015808082545283,1.0,1,0
55.383277459264406,3,2,1,29.23390570932006,3,2.6618445073441683,1.6311748399852817,12464.825661928666,5.773572502824567,1.0,2,1
1430.2437163429483,1,2,1,3.9028228391662805,1,16.619800266951216,11.82255579805369,17949.76417737655,3.748912131518049,1.0,1,0
780.571304137556,1,3,1,27.096487234387986,2,0.6582863109751265,0.1513585196655448,4425.9198582991585,5.130071892219962,3.0,1,1
33.146010492830825,1,2,1,34.95951894220373,9,1.5758556978864535,0.691699944248065,9020.41088615333,5.434876218005256,5.0,2,1
65.39902389079221,1,1,1,7.008229156092997,1,12.74869898467513,10.270982157338963,12201.994125269017,3.646357943650782,1.0,1,0
131.5899949239004,1,1,1,4.694682604651213,1,4.857100901444237,7.098164314246825,3297.479329352427,3.722945841221771,1.0,1,0
81.14562269562131,2,1,1,9.006333327639037,1,0.3712251328991861,0.47773104933132715,15763.463656375707,4.327092687291844,1.0,1,0
514.1098697018894,2,1,1,9.793367544028657,1,2.403091806246129,1.5057269819046881,11026.626120467903,4.215308946299707,1.0,1,0
1458.462650493819,2,2,1,24.706077504969418,4,1.3951407869650245,1.0608611486903956,4474.772705422797,5.463423473021527,1.0,2,1
70.14052290726804,1,2,1,1.7939980121162848,1,8.60993054790982,8.21004316972462,17159.084564205623,3.327647235017969,1.0,1,0
30.206796048753148,2,1,1,13.640941815147638,6,0.9510299604038408,0.33316217709936385,6447.394193900988,3.742329789365706,1.0,1,1
123.29062604625791,1,1,1,6.837865833569946,3,5.822582885439965,6.812396141106512,13931.248433771972,3.676964319311973,1.0,2,0
746.6163353971613,1,3,1,23.059121377522192,6,0.9599545430230956,0.5923194470699611,6756.813569758766,5.401165455309918,1.0,2,1
501.13648394289385,1,1,1,5.241817113909434,2,5.304945337562739,4.948526517943244,17767.89982714761,3.626394182508092,1.0,1,0
124.02950355704753,1,1,1,2.241328175446845,3,2.7599120989265358,3.9591064328338708,18442.40284902824,4.030028458157103,1.0,1,0
83.30604002027866,1,3,1,15.905129128043901,9,0.4475379107147528,0.2326041505070031,2544.0805130233834,6.005343727280643,1.0,4,1
139.8022263726204,2,3,1,3.8057042384107134,4,1.851380816658782,2.51634313276389,15812.138220144116,3.8979547786352042,1.0,2,0
60.48697634595619,1,1,1,5.911503871688442,2,7.896147445379002,6.872145825235727,7106.528083437119,4.101235588427417,1.0,1,0
23.459429709892955,1,3,1,27.61672325820098,5,5.236697098145084,2.802384001775945,3101.95391264281,6.099571053536948,1.0,2,1
522.878810652978,1,1,1,9.239188755424928,3,2.087755686122026,3.073456179129794,21000.54499649802,3.665639308317323,1.0,1,0
54.76742553652309,3,2,1,23.748520826325436,4,0.6389142773503343,0.16241500801096861,18095.273248035894,4.028765984912987,2.0,2,1
1411.1470465048606,1,1,1,12.225283816153203,5,1.9885157216427838,1.2836716234852383,6561.085741410118,4.204349052221811,1.0,1,0
518.7269905447853,1,1,1,6.783689518663649,5,1.1572501904367976,0.7378172259249169,15184.69241697568,3.7998498323763106,1.0,1,0
66.7728879264836,1,3,1,3.2826375712923586,1,11.585656132630366,14.902658921652629,26319.251533360348,3.744701198852704,1.0,1,0
770.3507591002538,2,1,1,31.005640794603067,6,1.655510600006486,0.3236001143404007,3542.4659973941107,4.604857656616771,1.0,1,1
97.03170587887018,1,1,1,20.008034540551186,5,0.5700863624620955,0.44789574392475234,4125.599875617922,6.072324434269538,1.0,4,1
1430.9919878272146,1,1,1,4.31263369206583,3,13.434309367615116,10.795351412612202,1050.1712175841303,3.7396388899430466,1.0,1,0
525.7138373959931,1,1,1,9.07264134694231,2,1.1857418118125767,1.2209791055533206,20421.230648091525,3.4288323758821653,1.0,1,0
128.83679202539483,1,1,1,2.0949999702856417,4,7.523308239619893,6.436241995177741,17239.071490063056,3.999426874643289,1.0,1,0
87.89602338432559,1,2,1,47.71388830334991,6,0.4667948943289329,0.2740685085026648,14768.431306955303,5.711637949996337,3.0,1,1
63.349911623567564,1,1,0,26.319754598514635,6,0.8526099014038323,0.665447379412707,1527.1799382022614,6.028645129120583,1.0,4,1
515.5963927229958,1,1,1,5.738461505944375,1,5.138051609443225,3.389872595806448,11712.048161313418,4.929879339082285,1.0,1,0
59.18456673761822,1,1,1,8.366536848145739,1,6.019598906171441,6.908951525262968,5588.073545595905,2.765746134374042,1.0,1,0
48.17805818953969,1,1,1,14.17934987292492,7,3.671284625352022,2.539889281855039,10315.658638617922,5.306415058135987,1.0,4,1
67.0555475016674,1,1,1,5.125802669181944,3,3.616197923068278,3.4446733921828687,25920.061654090692,3.614342603249279,1.0,1,0
68.01334176643965,1,1,1,3.396847672475192,4,2.2147457796287964,3.0991749103844137,8861.245984827936,3.2250815474424868,1.0,1,0
135.12091090616124,1,1,1,3.4695586319946927,1,4.319555650483929,3.5190564101961908,18485.019818761637,3.533942486804613,1.0,1,0
62.58740518150174,2,3,1,20.184461582848467,4,1.2190413219461917,0.5166454899167028,10567.586744212496,4.811321044179835,1.0,4,1
1419.2976639975288,1,1,1,1.501567688227114,2,4.407291935720579,4.044345617624056,24179.814824245183,3.4559632127071427,1.0,1,0
79.83505425285104,2,2,1,11.186368205984348,2,4.497871898731916,5.714049796980505,6564.481466977113,4.22462139941185,1.0,1,0
122.80103315219723,1,3,1,4.320552303004999,1,0.4128599998647935,0.3269583850106852,5454.838444266812,4.742272639261385,1.0,2,0
24.299712095337068,3,3,1,17.57226616167268,7,10.187770328534288,5.027735256032631,4561.720499917784,5.044839639009403,1.0,4,1
84.06126499186152,1,2,1,18.98604276272016,4,4.721093751214553,2.4602057824158865,11101.40021883769,5.120122785606231,1.0,4,1
129.30323539165622,1,1,1,5.182717968844101,4,5.459568465240341,5.99162112526897,19288.01148182492,4.14338815604763,1.0,1,0
34.343566930323746,2,2,1,23.678509557680545,2,0.017793094858440994,0.004442839797923408,3706.71805034096,5.24188062519182,1.0,1,1
1441.9459814465001,1,1,1,22.846749978339286,3,9.553405634956375,4.968462252611222,9226.384802433542,5.703962258323173,2.0,4,1
1415.6834602063993,1,1,1,4.441351581215894,5,2.5878469816952787,2.155395278177316,22380.096378500555,4.408678786344517,1.0,1,0
53.562724105327824,1,2,0,17.28883731960033,5,0.9086083224826174,0.17010121002447906,2957.997986850445,4.866447250902596,3.0,2,1
1472.683727764068,1,2,1,21.944579576613286,8,0.874455865106988,0.44859731953617643,8451.709827947185,5.2704420161548695,1.0,8,1
1401.3340576779979,1,1,1,6.825249548006039,6,0.24704044742061027,0.3645835927878505,10255.66424786856,3.5896821906585346,1.0,1,0
70.17300121732903,1,3,1,24.320001877625778,4,0.3797661532969932,0.24974177907701117,2401.508021944903,5.270340865554541,1.0,2,1
53.90743551470699,1,2,1,5.46797222487134,4,3.473542854816485,5.011173754631597,35582.433850524576,4.090217535934275,1.0,1,0
1401.051235717483,2,1,1,8.540439973312475,1,3.716605233740156,2.432881302853829,4082.9708530706293,3.2893277738627624,1.0,1,0
71.10924245674816,1,3,1,4.4866658565084165,1,0.5889436064217871,0.4079203912936571,6179.218120685485,3.451297712314216,1.0,1,0
151.47267393012822,1,1,1,8.323800976094759,4,7.138716575386533,7.276171104519691,17382.26377400229,4.570361606521182,1.0,1,0
1459.4237900806322,1,1,1,28.34577778348804,4,0.9240989097060625,0.15480278265860098,11826.213243339515,5.500045114147617,1.0,1,1
59.93279628665967,1,2,1,5.188540557910344,2,4.0178638601050505,5.595206037114776,1505.2281101117107,4.299472820721096,1.0,1,0
102.52347424200138,3,1,1,28.27423647453222,5,2.1188339317244225,0.6980491238416198,8425.982322533595,6.157385457902011,3.0,1,1
57.885943664139155,1,1,1,42.44354104041687,6,0.41879618615808967,0.23192998139304555,4472.9233519683685,6.244478060132927,3.0,1,1
21.133204977212493,1,1,1,40.02086118794205,2,0.7058341327772036,0.2505798593776836,4828.900327609778,4.485282817891219,1.0,4,1
130.22401899724215,1,2,1,3.4720123064391277,1,6.894712495537071,6.953791634255701,19750.596097682635,3.823749988784987,1.0,1,0
39.32112981530548,1,1,1,43.872019388631756,3,0.8398442025365154,0.6662389555500199,5114.357989164779,5.993344218385659,1.0,1,1
124.400285512731,1,1,1,4.315920123656834,2,0.8023764829327515,1.0165300061374978,17829.779102820517,2.995388437252726,1.0,1,0
90.13509621687882,1,2,1,22.411477039486343,1,0.2504720143837027,0.06731051662265844,4413.477811176517,6.539518748515248,1.0,1,1
133.33863169738086,1,2,1,18.030581324972673,4,0.436944269876115,0.44828682158814076,40890.38063003506,4.131701479908207,1.0,1,0
66.39525588753946,1,1,1,6.665757487650906,1,2.0989454566079857,2.663393052731228,25631.503093725234,4.219052132068397,1.0,2,0
48.284601281987435,1,1,1,4.084714033907392,1,0.6059741180529077,0.43095257291127154,9274.370147372945,4.511938906575301,1.0,2,0
65.20136497950868,1,2,1,42.912163264044565,1,5.876750225863279,3.713066797785922,5135.170967320494,6.399368413914536,1.0,4,1
745.2636188244926,1,3,1,23.72874747741803,6,0.3330927334129328,0.18498454786380394,11036.701930584548,5.698016195005676,3.0,2,1
54.35607354373913,1,2,1,26.17604956036096,7,0.023199297075992227,0.010181851204509708,3903.2316913903696,6.587248914858815,3.0,8,1
19.582659593474748,1,2,1,31.392376619272632,5,1.364590679782272,0.15020606967959238,14238.11157380646,5.8857695237835586,1.0,1,1
497.3566404493095,1,2,1,6.272359193224264,2,1.2961913865372534,0.7877853894510368,8705.728609788852,3.515514114217425,1.0,1,0
58.351242028774216,2,1,1,9.994816933486188,1,1.1696449996590694,0.8097882656172791,21913.746830276064,3.531299846593952,1.0,1,0
500.28111039499316,1,1,1,5.346688332659588,3,3.2557955398576905,3.8323711730691574,13779.661361427394,3.376853102166268,1.0,1,0
129.33087828484142,1,3,1,6.431629468099473,1,1.390680533765628,1.4058138570424248,24526.115450703743,4.015324594667352,1.0,1,0
61.591400148470385,1,2,1,29.95964446405908,5,1.0473905836390849,0.11993572858266219,2179.0103261713916,6.916550735859929,1.0,4,1
742.9345913029904,2,2,1,11.43630954389746,6,1.316553726511634,0.3325513431595186,7291.86245302336,5.796329057518832,1.0,1,1
1424.3243317286858,1,1,1,1.7644565974042317,1,0.5761512910472885,0.7950821143322162,15266.6995416976,3.9522330778095305,1.0,1,0
511.5047758609123,2,2,1,2.771397700041584,2,6.598672850223091,9.586091957404197,14102.273082821468,4.745243215216302,1.0,2,0
49.336322455534884,1,1,1,21.692135540458,2,0.10920082283001399,0.042447597287464126,8408.123998456644,4.917596436426423,1.0,1,1
65.05378526217964,1,1,1,2.4116863207707273,1,5.375948720752586,5.759046370277262,20573.795396197133,3.210073927898476,1.0,1,0
51.85888558423552,1,1,1,37.72669839440217,6,0.6071463765349361,0.2164669179298477,15727.202189840533,5.217706098270904,2.0,8,1
1476.6492833640768,1,3,1,14.697986743833003,4,0.9156077389057993,0.6718781565515577,1470.135304638534,7.0749923804992045,3.0,1,1
66.7520561859802,1,2,1,3.72896507824645,2,1.9374496140806319,1.1843403370872032,34834.04782041982,3.5606083881656954,1.0,1,0
51.77366287550932,1,2,1,6.301546278585056,3,1.5765372656659555,1.699805882733604,18216.35740517082,3.7365803753822595,1.0,2,0
1421.8374289154115,1,3,1,7.845430492607212,5,5.013395388764846,3.360119960867577,3588.1244258079,3.421444530648688,1.0,1,0
59.536975662309956,1,1,1,9.849661231220654,1,11.22069903785902,12.901970091977157,15885.39917104178,3.8676609937860054,1.0,2,0
72.47331422666505,1,1,1,3.9155493035669817,1,3.645235467363929,3.5370887750059627,16420.9190054247,3.290197275590907,1.0,1,0
739.8909658496362,1,2,1,46.57904516414778,8,5.657477515667345,3.329343501904185,6017.279098416147,4.843987759496156,1.0,2,1
93.02035280964212,1,2,1,30.41598826763749,5,2.1655208787096383,1.6852154359235787,7147.016902168776,4.412099268869336,2.0,2,1
54.533383957992406,1,1,1,16.810210848577512,3,0.39758029591070754,0.4004277224734359,8440.619177501903,3.4148637177442667,1.0,1,0
63.35962247592582,1,3,1,23.791672728359334,7,0.3880024809767389,0.3070998379987503,5622.631144797138,5.846870657595591,1.0,2,1
67.32347300467814,1,3,1,12.985164527947614,4,0.38739369099184673,0.22071698069100787,7256.677232529298,6.264430939492719,1.0,1,1
63.42192432869083,1,2,1,6.315508593245137,1,2.6869041973997083,3.412258452196946,17670.256196428334,3.689598807377336,1.0,1,0
75.33369056112024,1,2,1,21.646921532747818,7,0.3982927231016692,0.19431499154838308,2344.3492210993677,4.822379392282365,2.0,8,1
1449.3491874374579,2,1,1,11.108863603619994,7,0.3780882318333902,0.2662047689305612,12338.245023773185,6.7846693911837415,3.0,1,1
1447.4110775406125,1,1,1,28.390993001609797,4,1.863684789584754,0.5587208147673022,5507.6166493917835,6.494685998714898,1.0,8,1
79.25154765155496,1,1,1,12.941219386756003,1,8.708059408413634,2.571203354562554,11625.781206567717,6.487444463576924,2.0,4,1
71.80952483180909,1,1,1,3.575135204987076,1,2.518864081194084,2.679694244066093,13435.505092375259,3.838015698421247,1.0,1,0
80.41348504735889,1,1,1,17.764333937807926,7,2.388995535718695,1.5705663627516,21812.987230145704,4.337965188217873,1.0,1,1
56.068537719789916,1,2,1,2.9032693512421996,2,1.997433008639925,1.7013295206529038,7068.740028534024,4.46568679216896,1.0,1,0
126.05021898215774,1,1,0,6.096819082704283,2,4.1435759375300565,4.974595390988907,20651.68995939458,3.6988156566809294,1.0,2,0
54.838529619408945,1,2,0,34.11842867973894,10,1.0416034565401755,0.13651494945520487,35990.520131361125,5.399638757910505,1.0,4,1
45.709506950974436,1,3,1,27.72970940263113,4,0.8802124831794318,0.5498112085136975,15846.342875534674,6.002674938115232,3.0,1,1
129.910410034735,1,1,1,5.563493626674267,5,0.9203049621184313,1.013203381262351,15071.15885219092,3.526903714028791,1.0,1,0
34.82663034529449,3,1,0,20.192909197503425,2,0.3526233961971045,0.19605139050712836,17289.430967996217,5.892332202282622,1.0,4,1
506.221218200438,1,2,1,5.248020117009299,4,3.055174628979273,3.6874749330663827,30968.028958471983,3.253845625138395,1.0,1,0
779.4587868176076,1,1,1,43.34866987620369,5,1.6064780724063057,1.1015540307016536,9076.75828504683,5.343344884376847,2.0,2,1
117.21547229936394,1,1,0,5.407311994344077,2,0.13760357800931597,0.08758933592769892,10955.284970974379,3.6857868474989797,1.0,1,0
63.21918159936282,2,1,1,4.238338246894068,4,9.635383630092708,11.267509681656046,22513.379952162042,3.737571790697487,1.0,1,0
71.78816089722773,1,1,1,5.927743350384596,4,2.9312618124725476,3.213719020053376,8921.871187421131,3.8508944736242516,1.0,1,0
505.40644782771443,2,1,1,3.864200795622096,2,2.398819228102551,2.961316065261356,32622.70372727614,3.9245260153689507,1.0,1,0
48.296187511202,1,2,1,32.854691267273495,7,3.067457686374432,2.184154501194918,10573.803932286526,5.4300575334558365,3.0,1,1
1429.5392340868298,1,1,0,2.94045499829003,1,3.9188092689414127,4.184749484175102,39128.06505781317,4.26047660344095,1.0,1,0
1457.9690009852707,1,1,1,11.71540774280302,4,0.26721791866128847,0.16386502191910063,6317.4418864843565,5.167635743694665,1.0,2,1
63.838702411234685,1,2,1,24.228534515885066,2,7.026406022784276,3.230774421124238,3265.7284320108424,5.965315875664814,5.0,2,1
498.4217528168118,1,2,1,3.8059858871646135,4,1.73575275693136,1.947105780568898,8936.887051560901,3.9995858833036557,1.0,2,0
52.98670590322783,1,1,1,13.763991334656792,6,1.5554296151203741,0.5683566907179038,870.8643931279288,5.758697243885864,3.0,1,1
750.0232517328006,2,3,1,27.426832014625717,8,0.9251664310198858,0.3878981585842213,3468.6706022853355,5.356414536263642,1.0,2,1
1414.407200204688,1,1,1,3.2161997939981184,2,2.3446758861734827,1.561189620166412,7099.44539317811,4.357074052563431,1.0,1,0
54.82880882557715,1,1,1,39.139410985115894,5,0.19982090834087135,0.1569127227519268,25878.342874212045,6.840129449880956,1.0,1,1
54.35405339921456,1,1,0,35.9916736482311,6,0.4183413474353564,0.06050135712774353,13365.609378345858,5.8722668356928835,3.0,2,1
99.97055757982409,1,3,1,14.545675795530013,4,2.793007841690004,2.003644253508416,4200.361163459223,5.60858698464662,1.0,1,1
49.28584417580727,1,3,1,1.6895739868664728,2,0.36737129868904783,0.43524920589300864,24220.042460493907,4.48121008328947,1.0,1,0
1481.904740711229,1,3,1,33.35942276526774,3,1.3481164055063488,0.18996842956053683,747.9598943734663,5.575580253180302,1.0,2,1
45.84616003502562,2,1,1,14.195469450737626,2,4.8528708397021125,3.4278711727523263,14667.39039293907,7.030036887623024,1.0,4,1
56.507645643671495,1,1,1,9.530924629770428,1,7.769429758100094,6.636941076657276,16141.705521621929,3.409384312041777,1.0,1,0
56.39492966559385,1,2,1,6.6023498949897315,1,3.0205120663425333,3.4001756949653745,5031.624430240498,3.4934879488505683,1.0,2,0
81.8956788469838,1,2,1,4.620748814853478,2,3.1784252347600987,3.0649414527386183,23325.32144770289,3.6710600190449236,1.0,1,0
19.084630522114917,1,1,1,26.732863257969303,5,6.547314273207942,2.054406872157407,2045.6996824647576,5.6072425085778885,2.0,1,1
501.63934441550583,1,1,0,7.578584895664035,1,7.39318761184465,10.719777095340907,31078.936697850186,4.01066376515778,1.0,1,0
48.726958578155916,1,1,1,29.832402583704976,1,1.2476148592250111,0.4106746840718216,6351.583827817821,6.008843567650729,3.0,8,1
1416.052539012845,1,3,1,2.668427885733521,2,1.7899992537161298,1.3631690855309133,13831.281094493395,4.20777906781436,1.0,1,0
59.61226134264826,1,1,1,6.168191237672278,3,1.8060184848469483,2.5463691331925973,37737.58940663408,4.062727825007208,1.0,1,0
55.74183448457119,2,1,1,21.728396617755354,4,0.08800162761521407,0.037175523065348604,1134.82691821768,4.951091417575334,3.0,1,1
1421.8874581363261,1,3,1,28.62666514897478,6,0.5802178325748499,0.15190555318072893,5712.840464160582,5.147485250707142,2.0,2,1
127.05148797639409,1,1,1,3.214246326855291,1,7.660359779759182,6.234000251256929,13328.778170120766,3.4830272697431246,1.0,1,0
1425.7326827010395,1,1,1,6.303300096167675,3,2.9974635507131913,2.286431798154049,17991.55167680587,3.358767019354114,1.0,1,0
37.597298055931816,1,1,1,27.555064850090027,7,0.37240848647144253,0.11266036406314175,9802.47877435923,4.693539776165766,1.0,4,1
57.378407097539764,1,2,1,28.368185914613324,3,0.19934982232231357,0.060957904644964964,3209.435320839018,5.660259866150661,1.0,1,1
66.71201112531398,2,3,1,19.47197475594125,5,0.3755391592102586,0.12163875259188098,7683.409146020188,6.020107247387644,1.0,1,1
126.41755163350457,1,1,1,7.059336191361509,1,13.481083006988294,11.647409997904527,8994.2016766683,4.08012517132462,1.0,2,0
1411.2381023781177,2,1,1,2.320793819200099,1,1.8398691023282616,2.5956808636279525,18572.51697616897,3.4282101661896855,1.0,1,0
121.85078267966816,1,1,1,8.804609469850703,3,0.11881444688259804,0.13654012807722227,36585.92530895243,3.900112778539524,1.0,1,0
116.8834727609177,2,1,1,10.606068374483009,3,16.165773518845,23.70775630968812,12263.063980693814,3.4082262255122338,1.0,1,0
39.56962791158466,2,1,1,20.124067027434457,7,2.677768790197038,2.0331706153203015,7774.809400281281,6.080744635734738,1.0,2,1
49.635507192104754,1,1,1,29.48041736217658,2,0.8957793394830087,0.14161742066339775,6789.328206334275,6.081444772279626,1.0,2,1
1481.0404317791526,1,2,1,20.25110146525389,7,1.9323488051820654,0.23990444544955344,15532.782167882013,5.766276919707066,3.0,2,1
516.1196683001955,1,1,1,4.075999455843002,1,3.5707513257338714,3.4034547657943666,6111.595010288701,3.2501462840686512,1.0,1,0
1411.8170326484078,1,2,1,4.926990927296098,3,6.914872167630423,6.42910839858224,20479.552565355592,4.061705604829104,1.0,1,0
515.8810857841501,1,3,1,5.720529079517667,3,2.6822765794477865,1.890269020468284,8101.047068613331,3.4308618795150347,1.0,1,0
47.06428582091494,1,1,1,15.326561365684572,9,0.33438507303553744,0.264335410447124,6806.313504889976,4.989115009126213,2.0,8,1
122.85924099621404,1,1,1,5.434695679723657,3,7.4191265901648835,9.429843028186946,23426.71537425918,3.4877653025563378,1.0,1,0
65.71702730109651,1,1,1,21.92641060478305,3,4.603987054646803,2.760501672375803,4980.963136838791,4.861507578954178,3.0,4,1
114.16969670949312,1,1,1,9.671989188435681,2,6.705528670977888,5.1657040185131535,4100.510234698567,3.725785968952883,1.0,1,0
138.84790473972103,2,3,1,3.0228990475542084,3,1.9951919793345443,1.9217362246062006,6940.9786156633345,3.537626427988842,1.0,1,0
115.45725194714235,1,1,1,6.3040207299169015,1,23.623222353095443,33.093655063145576,25900.418962299762,3.369802913261055,1.0,1,0
73.7963309591474,1,2,1,20.117527092087197,7,1.151055938702646,0.3090723274594449,3264.5221835593634,5.3894606134110745,5.0,1,1
128.43287474711624,1,1,1,9.633558722820275,3,1.2481952619289944,1.7152830190898634,3752.268648266556,3.9740174509202695,1.0,1,0
1467.0717471597666,1,3,0,38.97830621305921,5,0.1990087560361146,0.1063163468916131,1240.717374455834,6.123786297211073,5.0,8,1
1417.0200548829423,1,1,1,5.986333248471194,6,5.353198155805369,6.713512737186102,27955.65197920521,4.009142042692595,1.0,1,0
754.2556915554874,2,1,1,22.219792864739368,4,0.44075120633882703,0.3515529652629511,8513.047779815768,5.105419482592355,1.0,2,1
1445.0304936122893,1,2,1,34.65043860900737,6,0.835727563489704,0.5946608491111522,8461.867974209428,6.0115566589940785,2.0,1,1
49.00697269360133,2,3,1,38.041447659301916,6,0.31300619036613314,0.03372925277961583,5497.655657092724,6.431369710433107,1.0,4,1
131.4982193033342,1,1,1,3.8734419966520663,1,9.45152282369517,6.253890134284395,33116.25435283771,3.744695016870332,1.0,1,0
1462.27703423132,1,3,1,26.345610530191607,4,6.563373348818807,1.1029647122214026,1130.5080583412407,3.7909982686920705,1.0,2,1
1415.479446252251,1,1,1,3.7752136022692704,2,5.327536153314062,3.866111805758201,15966.199317420793,3.817781625083449,1.0,1,0
129.03289229818253,1,1,1,2.4171150075641386,3,19.049070577880432,21.302661347942063,4384.035619808303,3.980096726885563,1.0,1,0
120.78722705173124,1,1,1,3.820311833310513,1,2.5567695170707165,2.4256185500340135,23623.13878675731,3.868446200406457,1.0,1,0
106.49257047881642,1,2,1,32.280778201637105,6,1.0418290197304505,0.23315943633530808,4155.763776826411,6.873444761616753,1.0,1,1
140.93120806199883,2,1,1,9.272792264583575,3,13.882624665911033,11.72492096053437,6608.61090281029,2.84731291498658,1.0,1,0
1468.7253047380414,1,2,1,17.918767208150257,4,3.1227247049995492,1.082398417024155,9197.091387732546,4.404338055305915,1.0,2,1
137.65690911427978,2,1,1,4.358141304819663,5,13.99788805339953,13.3123836945957,39918.10850585948,3.3588101004666306,1.0,1,0
758.1221038963754,1,2,1,26.22225995683015,2,0.768333424595544,0.48190251758527264,2744.299951041577,6.036252794045801,3.0,4,1
1401.9612171809058,1,3,1,3.5684767580012697,1,4.723329343437668,6.294275895377412,16165.770166144352,4.270080352537464,1.0,2,0
1415.8807969686534,1,1,1,2.0244249708293722,7,0.41127559255708623,0.42351199514812066,35345.86028437439,3.7854507512079416,1.0,1,0
1445.2534087194401,2,2,1,18.743064629325005,3,0.28488553839852027,0.13907247133160466,5536.704461689375,4.7433863835064765,5.0,4,1
123.20880102745556,1,1,0,6.05235341960904,3,0.8931812901695603,0.9674140466004425,14319.66458319107,3.0752938676251227,1.0,1,0
55.86102396795946,1,1,1,6.1808842853941215,1,9.668600164741834,8.006774790672024,39201.39987012546,2.8715681745226664,1.0,1,0
93.61169241617667,1,1,1,23.6505391961569,5,0.5860458431550094,0.16445174018835854,14031.992700473867,5.078318660286371,1.0,8,1
505.0316550078152,1,1,1,6.4910257458682326,4,1.2818130724730321,0.8369852402639235,22574.679154933525,3.566947808499239,1.0,1,0
1403.1097926325263,1,1,1,3.835617639015409,1,37.29714500600667,27.559576411411072,13136.393368708234,4.30385824646218,1.0,1,0
1456.875956066809,1,1,0,23.214400943430064,7,0.2732800425899321,0.04716684105390845,6398.042529688543,5.964075418810377,2.0,4,1
1455.8997653063457,1,3,1,30.03883673948562,4,2.192439420555519,0.8793135560617679,844.8975745614111,6.108724024478261,3.0,2,1
130.40080347452127,1,1,1,4.736343368948951,1,9.912030128205194,13.363839401940096,10691.227845299598,3.3731695833130475,1.0,1,0
81.43393083075371,1,1,1,4.2261470739973,1,18.761891834962405,11.340740243969513,24854.33138309264,3.944266184638712,1.0,1,0
739.8091681095005,1,1,0,19.475167882526073,3,1.408098212868829,1.0465339587066937,10052.819705077301,6.040889456325617,1.0,1,1
92.19957627309873,1,1,1,36.60735732678298,5,0.023811724427269358,0.013849179142020687,9164.134944623678,4.939933838947748,2.0,2,1
145.8799639557107,1,2,1,3.7233846697744086,1,3.783406375089134,4.154772283292286,13234.393262100457,3.30315013804584,1.0,1,0
64.17215978038465,2,1,1,3.624254308213363,3,11.393775406611272,16.090538820227575,23166.485098295903,4.357328868352386,1.0,1,0
69.26577237059166,1,1,1,3.49440711324352,3,2.5753678513138882,3.6857891502628766,6716.007757735721,4.083932233227305,1.0,1,0
145.00928825956984,1,2,1,4.291336629453232,4,0.23073515113486273,0.1974285171224665,21019.934718620185,4.506279641626602,1.0,1,0
138.70866419726005,1,1,1,3.1619946353481545,6,3.850741900764198,3.755639028306712,18466.488602342164,3.648151538162155,1.0,1,0
116.61908017652738,2,1,1,6.091312431328342,2,1.7786799417778512,2.6204811045559233,9331.018042221589,4.219614709006406,1.0,1,0
135.0675256552706,1,3,1,9.21036330760698,2,9.224221271052778,11.628754343898683,50695.25726669855,4.27380036949144,1.0,1,0
68.38139619134462,1,1,1,19.414645104170607,4,1.6656344566206924,0.27783136090866234,17166.146122843384,5.50859796269647,1.0,2,1
49.16048670318921,1,1,1,28.36857944183704,4,2.6079151984282563,0.2635088403434402,674.0786265243031,5.566330821756344,1.0,2,1
75.3104419836386,1,1,0,26.497022065825004,7,2.931835664776559,1.405682215607923,10007.384465798557,5.115284489818851,3.0,1,1
517.5519454687374,1,1,1,4.48541098890316,3,2.2907516247980872,1.632249666159342,26844.663714641756,3.5685344438000386,1.0,1,0
66.49329996534152,1,1,1,5.038929607995617,2,0.1258453971884806,0.1619019566560645,12414.387938356984,4.056446191302073,1.0,1,0
58.0703556202411,2,2,1,6.785780553178025,3,12.750617230716436,16.381539324404624,10250.07240048957,3.349765678585964,1.0,1,0
1419.9872315987227,1,1,0,5.638224639119862,1,3.6607198928209086,3.685175859234754,8743.132573527168,3.5136259961288085,1.0,1,0
26.44441841906374,1,2,1,24.728693803165264,7,0.021370570557565114,0.010567898416675704,24040.75180271734,4.957801561599716,2.0,2,1
762.8074404522159,1,1,1,16.114257165510992,6,0.07850070853772097,0.02237850474519704,6496.577473311043,4.566956742529344,1.0,2,1
53.87770347978444,1,1,0,14.338547312867938,7,0.36829218764989774,0.21463717231584073,2862.5115392663834,3.962252807140321,5.0,1,1
38.45328876548214,1,2,1,33.228025153558825,5,3.8009034057976123,3.0036808253603264,4318.415607749243,6.35317033569273,2.0,2,1
1408.5212624280857,2,1,1,1.8287198397528641,2,1.8285665739586332,2.35428244760419,9714.871157818785,3.138196595597529,1.0,2,0
731.5750972371261,1,1,1,25.780495341147358,6,1.2616964377527753,0.9424587977597982,10097.562227474062,6.898275967018968,1.0,1,1
1447.3862930898854,2,1,1,27.598337802759204,11,0.15529194660319215,0.03644252080261899,26061.787296123104,5.940723999165322,2.0,2,1
1465.624711571379,1,2,1,17.0895884927032,5,0.664549634963385,0.2209266583445875,5559.357012786377,7.32368773912564,1.0,8,1
46.074546049305894,1,1,1,1.3531999936092138,1,0.7126457373723775,0.8355154070737953,44817.35432030507,4.53433637967032,1.0,1,0
504.21226358470886,1,1,1,8.501609422200204,3,20.514795516630862,16.362999445151228,8606.555781684398,3.784173387982927,1.0,1,0
50.21844310755067,1,2,1,6.963916965834482,2,3.9233823228875475,4.4159512660470455,7397.872465835067,3.3920502167186393,1.0,1,0
492.4338438236692,1,1,1,4.31275792762824,4,2.471290952623284,3.2039242521546933,15322.698167269324,3.5051888131751987,1.0,2,0
83.38769337757356,1,1,1,24.692661657921185,7,0.5071425421706922,0.21339689836483625,3780.6730599736406,5.15970101080391,2.0,2,1
118.6860945045856,1,1,1,8.491978038165348,4,2.009643660564348,2.3369659868957653,10006.363678808268,4.0531758828304305,1.0,1,0
1420.8009561895674,1,1,0,3.9495185359392524,4,1.4323102888055164,0.8872083960120695,3801.0802735946913,3.810530038964522,1.0,1,0
512.9791855349158,2,1,0,4.28935575831837,1,3.54003204604322,3.83191833251933,8278.157258670402,4.205047772679068,1.0,1,0
54.64442029035588,1,2,0,45.82498106272517,3,0.43460344185224165,0.09249015636238614,9838.904626454798,4.7337726790826045,1.0,8,1
129.52991059934178,1,1,1,4.450935864102066,5,3.186932736237718,2.3036126711927523,20461.94642499661,3.8105626105858104,1.0,1,0
42.22196516483925,1,2,1,19.1868261964885,3,0.9922034975522173,0.5790298149718361,18266.076711671514,7.422170876046933,5.0,2,1
1433.184092835718,1,1,1,3.1218828931745115,2,1.1302981116067683,0.8888202523546533,33145.45219969867,3.9440652168431076,1.0,1,0
87.14490659515184,1,1,1,12.67091125603259,2,0.3307538716183886,0.04060159705885609,5538.547550189065,4.906478659860348,1.0,4,1
123.47763513034354,1,1,1,4.823842002430043,2,4.014209695514357,5.737168552500046,34307.70656761576,3.8027376968286055,1.0,1,0
81.02287065747915,1,3,1,15.18556485495917,3,0.22104192949712936,0.12803140812405522,16368.263706910764,5.311168081272741,3.0,2,1
60.118768546625475,1,1,1,32.5573671180559,4,2.6924759155274174,1.5119571621341938,9267.776429091662,3.868921885915945,5.0,1,1
1457.7065840007006,1,2,1,25.204818197532987,8,7.035906529083008,1.2948530370787918,14444.721893652932,5.383240568961636,5.0,1,1
90.56642859274774,1,3,1,41.8901476629562,5,3.039067206834538,2.067840776333255,9168.79623723763,4.580094528969178,3.0,2,1
67.28178732346858,1,1,1,40.200956534770306,4,0.49183327764924945,0.15738268386981838,5221.510252276836,4.85795405355149,1.0,2,1
1424.5356737992092,1,3,1,5.828626462392869,4,20.517345170943187,14.001845675644422,7173.066206848813,3.9949349277786683,1.0,1,0
51.97523482524673,3,1,0,21.514370399350835,5,0.11484215615736514,0.021490467151071953,12388.810096193418,4.30152044231694,1.0,2,1
38.73598174709512,1,2,1,21.188389786316378,5,0.8562252731092838,0.11633158109644713,151.73439200693753,5.474266635929378,2.0,1,1
79.01487982808936,2,1,1,2.0190915737632227,3,6.536864377906949,8.890031698656312,27851.813824923353,3.7148347764465734,1.0,1,0
748.0204732472483,1,2,1,32.04507399031479,2,0.14882055658194462,0.10044089449303051,4074.7793193083535,4.378423472386076,2.0,1,1
122.29998652175254,1,3,1,5.242014368336562,3,0.9863843093487853,1.1444592604569261,29803.258509081563,3.324206851362755,1.0,1,0
130.97385589099062,1,1,1,4.163665446790667,1,23.61292673815593,27.88795375949372,8360.442826880686,3.2513957532553404,1.0,1,0
767.8953302522523,1,1,1,31.117414763731865,5,0.4562927460638997,0.0716446167717125,4930.343390930189,6.684824258604604,3.0,4,1
61.422037280430345,2,1,1,38.019890927040706,9,0.7046984664531444,0.15301559289324432,6217.6403407195,4.062179223865019,2.0,1,1
491.59575245399,1,1,1,12.751553298628721,8,0.5153077323497799,0.6603965430680473,17471.324070191662,3.5659037251332086,1.0,1,0
125.70277600764156,1,1,1,3.4019794974704096,1,1.6273913899868475,1.2716683000571725,19738.832201289006,3.993901156556009,1.0,1,0
64.94421356109457,3,2,1,19.0846428965637,3,2.0411546661972517,1.2917572631589904,6134.200421735706,4.452776516022055,1.0,2,1
91.28295583798463,1,1,0,34.12666539796028,3,0.6374252622518093,0.31564633633621497,6198.262880585074,5.546267388591228,3.0,1,1
780.3551628394512,1,1,1,27.740162392124546,4,1.3568463994840116,0.2574620268300492,8676.612730662473,5.5382878374939475,3.0,4,1
1470.8356608275171,1,3,1,26.725406191515795,2,0.8594740072351459,0.4288971373204304,7351.334683691981,5.5322265209596235,1.0,8,1
1413.204926143015,1,3,1,5.65047117707783,4,11.267760564642337,11.501597077313342,14757.250771735975,3.8113808938274434,1.0,1,0
75.26381454890154,1,1,1,23.597952020190867,3,3.6970639434695425,3.304603992352039,7071.797391890365,4.060717603883992,1.0,1,0
508.87867313919094,1,1,1,11.29149716925704,1,1.0540876448133034,1.044069463841126,37406.99801608625,3.117036911084359,1.0,2,0
1479.8692990548275,2,2,1,20.339907050740774,4,0.6969460303629955,0.4727916508441266,8654.650183497655,6.249389303772894,5.0,1,1
69.84587979180709,1,2,1,37.57137771955105,4,1.5930365135366151,0.29079533452317224,4881.525391941884,4.7013723515581995,2.0,1,1
61.86546482422524,1,1,1,8.419394039899153,2,2.883110555180712,1.9341487175423695,8911.500702206718,3.968329919514315,1.0,1,0
1429.819464691063,1,1,1,7.9707099177251,2,1.684870096489777,2.48131931026957,15474.079599235723,3.584068577870113,1.0,1,0
1409.5434351025392,2,3,1,2.937456725493292,1,5.811567611072752,5.282852570988524,19142.286632743475,3.889760656402793,1.0,1,0
1467.065487424814,2,2,1,17.865432494863693,3,0.16764264801577736,0.08313325808348518,11424.078755911516,6.671448419844053,5.0,1,1
66.90137498908513,1,2,1,25.87824598334265,5,2.7002814579366747,0.8922488482249527,6806.380594829615,6.806951645132179,2.0,1,1
72.17724390525656,3,3,1,28.008640361916317,9,2.0572541228146592,1.0013366217019333,6433.15609796412,5.512830505402406,1.0,2,1
34.92365140914785,1,3,1,24.17412970324869,2,0.6985835926833426,0.4204838441304073,3449.6479730746787,5.364938421925257,5.0,2,1
79.74177217235112,1,3,0,11.464751716356288,4,0.5846891951253119,0.3586373586187661,27083.977375503855,6.208927330935325,2.0,2,1
72.86018731579387,2,2,1,20.9140754293473,1,1.3278475350782901,0.24861630586593866,6306.106942990255,5.036114927062911,3.0,4,1
33.79970478296036,2,1,1,27.849487640287474,4,5.523216846992942,3.4210868116036592,8515.542309592689,6.118362347716209,2.0,2,1
126.60197350092115,2,2,0,4.4318385981564195,1,1.7868743426794709,2.2299107333782118,15342.924715365558,3.9346374158559705,1.0,1,0
1477.3255039774203,1,2,1,20.753996234821734,5,0.27506649183101717,0.2009942218911369,2114.9017320414964,5.847326581552536,1.0,2,1
1456.9647118353942,2,2,1,23.421867406138528,3,0.8549040049990875,0.4338410183485731,5099.190652876279,5.829597077065409,2.0,4,1
61.13554649875438,2,2,1,4.384382973165383,4,1.4940080616025133,1.17618739445076,19388.93198801341,5.0,1.0,1,0
767.3744902627498,2,2,1,16.95552176363396,4,2.959962940972903,0.5882078368358434,14781.348684103807,5.392621469257232,2.0,2,1
39.92856326284212,2,3,1,19.476979108307148,7,0.9519602301857526,0.44911564247972835,4145.491913397408,5.9882132907496635,1.0,8,1
1430.2998274346216,1,1,1,9.889495650544088,1,0.7430262609154896,0.8013148118295599,20338.516521867055,4.1732730327813305,1.0,1,0
1439.716020452275,1,1,1,7.248267222993294,3,2.8234209875103167,2.5432575408699116,14038.582503473688,4.43967235270834,1.0,1,0
1433.2289839486793,1,3,1,4.927767246059183,1,1.2163671602975632,0.9011348604117752,16576.003347551054,4.1506292374059575,1.0,1,0
1423.2137534716876,1,1,1,8.015374172933413,1,0.4959184653610931,0.7222687916963568,12518.205822642198,3.7911765822152463,1.0,1,0
45.16353635346968,1,1,0,22.447913439823015,5,0.6506408855914705,0.206070456041682,17996.279798234693,6.153060988495167,1.0,4,1
90.18011215214055,2,2,1,19.060950371914277,5,0.8046757563312494,0.5531338603491145,21726.84662190937,4.996406545916897,2.0,8,1
80.87779998708787,1,2,1,23.299294421719267,5,0.1370428682220882,0.07612517138899062,4845.849658262331,6.6056984181978295,1.0,1,1
136.91446904473133,1,1,1,7.8879735909265865,1,20.046882727389104,13.10883928292341,28936.114781720178,3.3007409795177054,1.0,1,0
52.462970718194974,1,1,1,5.149010537679508,1,0.5402938511477045,0.4318304120557689,12166.603246561072,3.254753669072391,1.0,1,0
63.57087210129933,1,1,1,4.916724573527565,4,8.88525258431292,8.382943571006079,20834.992987521302,3.8163064760177847,1.0,1,0
87.51807253686582,1,1,1,3.1687035882530403,3,6.148002343954058,7.427255003080501,23283.348083902434,3.979253320093398,1.0,1,0
78.11149379700677,1,2,0,26.450950395581952,5,0.9841510548589468,0.17561489820615175,4124.1123033897275,4.9716517103927576,2.0,8,1
41.566891360324846,1,1,1,34.662359633340756,4,0.038162660348023764,0.012404500593815643,4035.8863007976825,7.278209404344967,1.0,4,1
75.05827640659012,1,1,1,4.737947644367229,1,7.187700801222254,10.179592126642206,11048.22877345944,3.8409901978670775,1.0,1,0
123.85789621373112,1,2,1,2.9551029668314,1,2.6286761360323223,3.0037323016044772,19394.35020058739,4.044147533683347,1.0,1,0
1451.1691781857212,1,1,0,33.78629103783623,5,2.7841418382261414,1.8052415598552622,20160.0108172222,4.756971722356684,3.0,1,1
76.27420367879235,2,3,1,28.993020926853582,3,2.1932108865160225,1.176925176875237,6135.667234952851,6.020214307578513,1.0,1,1
730.7360324701241,1,1,0,27.82519779693043,4,2.1282887426172796,1.6135661760883828,1783.8938932544468,5.821223802841382,1.0,8,1
748.409985115858,2,2,1,25.212250886161574,6,0.18024875839936896,0.1263138853091555,12419.029566624384,5.491631286694235,1.0,1,1
129.21492048230752,1,2,1,8.276528459179954,2,0.31887242948305794,0.3267125279667611,19109.654400148855,3.7011689028765007,1.0,1,0
44.74311816977978,1,2,1,20.574526319131788,4,1.0119713762611628,0.10816877253865777,3337.7759978588724,5.058681147554062,1.0,4,1
748.8283401570421,1,1,1,25.031536223379728,4,3.3123147814828293,0.7719505067353426,2275.6256140006885,4.627512246008624,5.0,4,1
1469.59099017795,1,1,1,34.64925638874551,2,1.3061478159981381,0.6911707804722013,5446.3787229383515,4.775902339454912,1.0,1,1
63.96258505657351,1,3,0,4.707977518641866,1,4.647122570436706,3.355633545991615,17336.156013579188,4.310941295676627,1.0,1,0
1407.7494072413313,2,2,1,2.68354028372336,2,6.640414767634996,7.578054016373239,40324.8295312117,3.2866918986169718,1.0,1,0
119.68749699627872,2,1,1,5.559502821145529,1,2.563442391577013,2.300553927907839,8988.626979544979,4.13082312829033,1.0,1,0
76.60631344948503,1,1,0,27.61695887314194,2,2.0730440531449696,0.4027889776257067,757.0283583234512,5.384065712510164,1.0,1,1
30.743143567388984,1,3,1,21.3920241338804,6,3.7675052419257042,1.201772395369058,3756.169020062708,5.98180091901415,3.0,4,1
33.53601906575321,2,2,1,20.26118415667348,3,0.07208963352926917,0.04609814469259912,2536.574707223,5.749948969937512,2.0,1,1
57.355715080455326,1,2,1,14.444479801746793,2,2.1984498938669956,2.2177546548375573,9829.23302341852,3.7709563749155026,1.0,1,0
40.608659772464456,2,2,1,48.08494199101477,3,0.39170369961079365,0.16198943868579813,1933.1802562143735,5.197689368063577,1.0,1,1
1417.034776269278,1,2,1,11.770700903276175,1,2.7742166129434453,4.12746468649662,18108.281198747623,3.7818684801801465,1.0,1,0
29.18888754241417,1,1,1,6.264420025762612,2,6.5651323057073325,9.177390613892253,25354.385265303248,4.406618027393337,1.0,1,0
140.6611626192432,1,1,1,6.31352448515318,3,2.565094230698442,3.385212383595702,8421.166514061864,3.9244965322934657,1.0,1,0
1490.1750354615094,1,1,1,23.401424257778224,2,1.948964665853786,0.6817140896808542,1529.7966072090228,5.340291648811992,2.0,2,1
67.69067162929635,3,3,1,32.899306413071166,6,0.21109402001831026,0.09448699058983392,8325.720173544407,5.705198885560248,1.0,1,1
82.29493921783148,1,1,1,28.10467830211779,5,0.2042415786043725,0.10408237835199799,10167.057838336217,5.594723862673852,2.0,1,1
117.76515610766658,1,1,1,3.4281821482328936,2,0.2478899721171184,0.3511218359279769,15332.480706419685,3.8489618565001784,1.0,1,0
50.55992059951943,1,2,0,21.8021062897718,7,2.1718616656295158,1.4153454195795518,3793.051607733881,6.2732078110248795,1.0,8,1
41.44797433071102,1,2,1,23.861922031806433,6,2.9850501453537754,0.8860730553562824,14018.710269552948,5.41887725481119,1.0,2,1
131.5249741359926,1,3,1,3.145104043480205,1,0.425296013999081,0.43260561255098673,9640.26604916114,4.267236000487222,1.0,1,0
67.88019975697715,2,1,1,4.548101498113371,1,0.7427666801661009,0.7673654047822802,21349.227488107696,2.9276737837464863,1.0,1,0
50.224291208668895,1,1,1,22.149393735370385,11,5.958622297759949,2.36079356185295,13516.117895413123,5.5520028183329355,1.0,2,1
501.8855143370413,1,1,1,5.586626303550098,1,1.8296636105058506,1.2595253486393896,17829.822610684834,4.014598933944103,1.0,1,0
57.146314397745954,2,3,0,11.456564265499642,2,4.294169166290768,2.269169425363364,8047.1875458506975,3.9936206576918583,3.0,2,1
