packet_length,protocol_encoding,dst_port_class,src_port_ephemeral,event_rate_1m,burst_rate_10s,inter_arrival_mean,inter_arrival_std,packet_size_variance,payload_entropy,unique_dst_ips,unique_dst_ports,label
52.34628786883371,1,1,1,25.886550621016852,5,0.9780012442874023,1.3303954711816848,21999.941415670113,5.498005309836119,1.0,1,1
59.942328096643415,2,1,1,19.29891595032945,4,0.3785816458273912,0.6596924439105046,7677.770814223264,5.224738843305998,1.0,1,1
77.67285220448805,1,1,1,5.170205613414603,2,7.3723901428368,13.684333924731725,17845.707752319573,3.9316001607893263,1.0,1,0
52.36440568256275,1,2,1,17.640343287765177,5,0.22817060086173144,0.3129729451786486,3703.508247196543,5.446584364306805,2.0,2,1
1421.709525346929,1,1,1,3.2594970226343993,2,8.292086329458956,10.476907477110101,26050.182308536525,3.3485398372732122,1.0,1,0
61.93245552587468,1,2,1,21.499406838896817,7,0.500666112582379,1.126893879714768,750.3695842032605,4.938360865955289,1.0,2,1
120.68401720364788,1,1,1,2.16680596743994,2,0.7509594624615337,1.6244654165262478,17413.441498468965,3.666265162092286,1.0,1,0
134.3364471675606,1,2,0,4.891472193751248,2,9.65824679664151,19.029686907191014,8296.593181979626,2.916487777123368,1.0,1,0
146.74528132056156,2,1,1,3.0459022716761215,2,0.3229724595079827,0.6037473176803795,13882.685712404418,3.0798204422210924,1.0,1,0
513.0185234112905,2,2,1,3.4945915190841856,1,8.06012321051451,15.399448165940067,13414.761413756625,4.5754542193164935,1.0,2,0
49.628766443647145,1,2,0,30.51404695710047,7,0.6168512905064606,0.8699094318502502,7891.869030102663,5.545760980736029,1.0,1,1
126.84143725766208,1,1,1,3.6845546242497886,2,2.5464753674243865,5.759814061999413,31323.593142585283,3.974224744937882,1.0,1,0
1417.354909248666,1,1,1,2.7343193233818592,2,0.6089769733460688,0.8578672309738247,16186.09896404725,4.008690917257763,1.0,1,0
1415.327889891393,1,1,1,13.155689924887696,1,0.5668118467999599,0.7584269250351151,17668.100376310373,4.336024227294885,1.0,1,0
1453.9758614326217,1,1,1,12.70957283577177,7,0.20869777277002396,0.2610613331464109,9926.003321658853,5.68307502402179,1.0,2,1
94.68566035362336,1,1,1,27.226041274183153,9,0.1873567412773351,0.3109939546286002,10471.244783855345,6.008089107561683,1.0,4,1
145.16431786649713,1,3,1,9.207109859529286,1,7.846954813536103,10.873261594210096,21191.126898572842,3.361569823889785,1.0,1,0
66.28902507799916,1,1,1,2.8931044056847086,1,7.404326557500917,9.583296710094807,8854.056282297468,2.7490299510011096,1.0,1,0
1414.3956700992944,2,2,1,4.220176200075203,1,7.516751526325353,11.256196864837536,21922.850324867595,3.6874064333795116,1.0,1,0
1477.219910677534,1,2,1,19.28816300583605,5,1.0090665217422716,2.3653254110732513,14314.170451439553,5.072372954533682,1.0,4,1
141.76241356002197,1,1,1,9.203966555010327,1,0.027491475205746775,0.034057662615690466,21663.41711035359,3.8891830221009327,1.0,1,0
114.74274279296527,2,2,1,10.651541374504458,2,1.2872355736813295,1.9008089165193194,17122.535821858684,3.859662470368755,1.0,1,0
738.6802249327346,2,2,1,18.123160809976916,6,0.6547928171332672,0.9458646351583406,1997.683085629121,5.5060274846204456,3.0,1,1
1410.28065976491,1,1,1,3.5269217913316027,3,0.6149640760675783,1.1416831712384807,14611.367011548398,3.1733838701043746,1.0,1,0
44.78041555389906,1,1,1,7.1367375739053935,1,9.81020184655378,21.242085620972514,10884.990160513875,4.028965950570474,1.0,1,0
76.71173828736052,2,2,1,2.796342907508455,1,9.008770977894825,12.085496629570903,15507.450072567766,4.166903661395579,1.0,1,0
44.270330904123895,1,1,1,3.1566883739359186,5,0.17388053763792877,0.4071568765741207,20038.23650016712,3.3459007415120645,1.0,1,0
72.09709422589324,1,1,1,2.126697786046538,4,0.49248387816166184,0.6461180526109163,17500.753603717218,3.8147411524462407,1.0,1,0
77.30807692298477,3,1,1,15.651745589409979,1,0.010075775708177583,0.018804365134824714,23990.263263749384,6.108734780101978,5.0,1,1
55.94718210827239,1,1,1,12.214523830389037,1,8.169152778554245,13.517358163993054,18190.47826968542,3.9145147095353274,1.0,1,0
133.0699873921063,1,2,1,5.675580731086834,2,1.9571091503214277,3.270905646587491,4671.0585380289485,4.0333126481472314,1.0,2,0
78.80167660687003,1,3,1,26.24180604085073,5,0.05128929065290508,0.1061108644976992,6103.947730163801,5.892661928834004,1.0,1,1
126.23064626929573,2,3,1,4.621490826156563,3,0.18574658867086416,0.27555084037352323,31843.39022393155,4.0418707882260225,1.0,1,0
73.31858199934057,1,1,1,9.23153887204391,2,0.2575100548039038,0.419645300203776,9095.334590935528,4.35188124938828,1.0,1,0
148.95077786860907,1,1,1,6.123408982922083,5,0.44499974778222573,0.7351556632581959,3274.1572845445485,3.6485515549390977,1.0,1,0
61.8428787457093,1,1,1,4.704606721345263,4,9.874646024600803,22.541179287409953,25001.483587531664,3.738019416719152,1.0,1,0
1475.6822515571628,1,3,1,20.228852300409088,4,0.10472441637369648,0.13238417174748332,9520.523347866803,5.752117533314003,3.0,2,1
71.09267452934053,1,2,1,2.7108038560025984,2,0.3920898332327117,0.8484721951136096,8679.836334438014,3.946745764134226,1.0,1,0
58.05204073355662,1,1,1,20.829363031824563,8,0.08375014539703823,0.18549975478417846,11368.525989791324,6.176110133079797,1.0,2,1
75.48741773547357,1,1,1,9.979453132228835,2,6.47081924230981,11.408452948034055,37471.33571248977,3.9395052802086306,1.0,1,0
1400.2329541617478,2,3,1,7.085957499249323,4,0.8442014056871103,1.2134273143149956,12623.577064763818,4.007331046911562,1.0,1,0
138.0803166540496,1,2,1,11.762768950804007,2,0.09828817784837107,0.12678644469141928,15342.237107174278,3.4643156872849312,1.0,1,0
128.59176830051635,1,1,1,6.910916719183835,2,0.13123072497772276,0.30521249997675765,12866.722869279563,4.293608806591936,1.0,1,0
38.61188775580238,1,2,1,8.180640275724425,1,10.853218656889597,24.92082869944438,20981.47709789229,4.119699369143181,1.0,2,0
25.698240007924113,1,3,0,35.08726914480624,5,7.72079398809035,10.448721184583897,3323.851317190027,6.01741352587454,1.0,1,1
69.96188808272373,1,1,1,16.381271265441608,1,0.01,0.020442022376569568,15933.901752927699,4.193041888102547,1.0,1,0
79.46061503590278,1,1,1,4.612666943250425,1,0.05247059944362035,0.11105948927474366,5077.998465482132,3.8151256577492574,1.0,1,0
47.1367482146352,2,2,1,22.88938564019268,9,1.5347128081385457,3.337485431417631,10321.763729189943,5.358556240114984,1.0,2,1
1418.7718460937062,1,1,1,3.144411790088484,1,9.763006885873546,16.002340025193153,27725.348761128535,3.8133695127986544,1.0,2,0
74.53137633701176,1,1,1,3.193939197690993,1,7.294668817437461,10.514924928711283,34257.05508838873,3.5422037127466095,1.0,1,0
1422.2509539633581,1,2,1,6.9925413846497815,2,0.5837977524076248,1.3499773858651622,6552.913703492171,4.087558183996,1.0,1,0
61.53187376007939,3,3,1,27.47190458949874,1,9.981055715603349,18.43581736322063,6303.812792697877,5.736705144760849,1.0,4,1
67.63858514491972,1,1,1,4.301928396511225,1,6.929636964098048,9.099111312906789,9923.379358945116,4.188828198936406,1.0,1,0
45.669925912058744,1,3,1,23.80924213850524,2,4.682567606123044,6.895032931224957,4669.317450064893,4.710558916678529,1.0,1,1
66.03900054617348,1,1,1,13.592300816311104,1,0.036991105914454876,0.06820418083773447,3257.9733513139445,4.145390879871515,1.0,1,0
122.7772882750087,1,1,1,5.857423454495254,1,5.1740410752382235,7.84367900292138,13229.633290117503,3.04521703660944,1.0,1,0
50.26974103931783,2,1,1,2.613813599617128,3,7.542315857635297,11.454891140803472,20224.35813420583,4.123935722293811,1.0,1,0
122.60772281242701,1,2,0,2.8361882657402493,2,11.343690215830694,17.226044839791033,10311.99104277833,4.41646613841476,1.0,1,0
68.01754365878877,1,1,1,7.926590030157846,1,0.9508193089807112,1.4694567939624488,18618.26836750212,3.3976081513041563,1.0,1,0
72.63178952633791,1,1,1,12.479570620303662,3,0.503373210940388,0.9431453092052905,14704.225087940584,7.5,1.0,1,1
67.89590909654842,1,2,1,14.158195915843374,8,5.975388529176671,7.775656481873167,9404.01389842615,5.589388458461013,3.0,2,1
57.2500375999932,1,2,1,3.082303455408552,1,0.37232058622411873,0.641236921458448,18685.29194258644,3.8968204354644653,1.0,1,0
80.27239400070451,1,3,1,50.54678189301254,5,8.664776511831564,12.604664989091031,5755.369049885183,4.912430054150443,5.0,4,1
67.14475897780369,1,1,1,2.406559844283715,1,0.16913884634144127,0.4044957708751558,22174.5730596506,4.284313414014515,1.0,1,0
136.98654913107396,1,2,1,4.183127589130734,1,6.385085401484469,9.273075650467021,13587.14076505988,3.755572866972903,1.0,1,0
119.3579117927585,2,3,1,12.36941947707026,1,8.002899170341873,14.93095291820032,13477.540243807314,3.9826837656507363,1.0,1,0
513.933666307015,1,1,1,3.0565251679679113,3,2.926025268573825,6.691112549294945,11158.045293539355,3.4492923292087068,1.0,1,0
1421.0868148464772,1,3,1,10.496871306876086,2,8.458829655185733,19.992066932600387,8302.369782299043,3.34588980735408,1.0,1,0
1433.4261060779318,1,1,1,5.855284461337216,2,0.12449804487149929,0.24564693001699683,43702.454020990335,3.932066369795946,1.0,1,0
1418.9167739261688,1,2,1,10.14252114435257,3,7.675548814854286,13.931385187275115,17144.401456998756,3.5613035805302213,1.0,1,0
40.98138778002049,1,3,1,7.12935737074475,2,0.19337793084014226,0.4534477051511158,20830.253338038376,3.732477020918525,1.0,2,0
66.22307613882228,1,1,1,4.376281485587528,2,0.1793145360874952,0.27921785103692526,31008.07746510377,4.156471989753629,1.0,1,0
81.05479466181849,1,1,1,36.84979687083123,4,7.156012129186792,9.861524128922293,4802.993903523986,4.743441556693519,1.0,2,1
743.2984559343928,1,1,1,26.13073403157289,7,0.04291015210559344,0.08645807430523285,5522.962904973957,6.234317332536175,2.0,2,1
146.86154511178404,1,1,1,5.716802026767879,1,7.519178385460742,12.150638230635407,11647.24832732635,3.7219316344807494,1.0,2,0
1423.641059004466,1,1,1,3.210230759205933,1,1.8055885610249027,3.547367816979521,42198.03976454636,4.249845313078951,1.0,1,0
524.4042517951806,1,1,1,5.753007529059702,2,0.5089543472317287,0.9514785595825833,6600.400641998063,3.8486652644805424,1.0,1,0
35.06508421384195,2,1,1,27.242402900280215,3,0.10663994482455107,0.15203175958683013,8374.491092003142,5.631465067942457,1.0,1,1
1469.4529740187427,2,1,0,15.341796001972185,3,0.24635313045822047,0.381303678809154,7745.424800838804,5.248814952660935,2.0,8,1
91.13468793361181,1,2,1,34.957833129904515,4,7.0636152586023675,17.609770538562127,18175.65502857861,6.4471954956149435,2.0,1,1
43.95373517009314,1,2,1,6.974405949457832,5,6.288879212698249,10.19462459108018,32326.317175523018,2.8159930935165516,1.0,1,0
105.52496063501515,2,1,1,2.5421724616655155,1,0.053837337776205536,0.12317668302673315,5968.795084877429,3.643541289507347,1.0,1,0
70.1750873507417,2,1,1,28.90104811965364,1,0.5339452460195879,0.8109410927926054,4881.296796320198,6.5886710152439205,1.0,1,1
1458.4401432936145,1,1,1,20.893300564745132,5,9.063841516359565,12.495556836731192,8430.625738641547,6.260901344111878,1.0,1,1
63.5866160331685,1,1,1,3.375171388690418,1,9.127033848181126,18.1168839862378,12843.224054122795,4.158899674588865,1.0,1,0
43.71674845973353,1,3,1,11.049911900953795,5,10.29010583679011,13.43343788804057,8638.555227163397,5.508463212406178,3.0,2,1
68.07451745735094,1,1,1,3.2682346409018184,1,0.1888064370479327,0.3782775269062049,32689.386988745282,3.090933120021967,1.0,1,0
119.46228533952534,1,1,1,6.028177844783945,2,7.744566883625355,10.973865299543434,3606.3175673680666,4.140805771008858,1.0,1,0
58.61203214581914,1,1,1,2.8700784180432626,1,6.21394901077074,9.897503715151393,5921.333474052825,3.462386791007428,1.0,1,0
144.33497680767292,2,1,1,7.074615114555036,3,0.15220114038805413,0.19978481731863493,19836.73558381164,3.1651311693011444,1.0,1,0
1423.8183874429878,1,1,1,2.959179679465009,1,0.13717256419326054,0.2872019752825309,22400.491152231934,3.5278529067599758,1.0,1,0
63.66281373772155,1,2,1,18.1080775089519,8,0.7567248430444464,1.6884709967344664,12483.232621092577,5.433899010219628,2.0,8,1
133.90732523982555,1,1,1,8.51350347682391,1,0.8435103883590759,1.1704464056060613,16791.245620755348,3.968914518503896,1.0,1,0
61.98845434117805,2,1,1,2.8678095481108183,1,0.5913802237120385,1.1193504425593832,7572.150073659544,4.033834262207999,1.0,1,0
60.93833137842131,1,1,1,1.9716690831493824,1,0.04812233784681521,0.07169108754620783,16166.929344958608,3.76724215563284,1.0,1,0
501.3123414994541,1,2,1,3.6880954171184808,1,9.704494283830071,23.17031709537933,18318.712961470515,3.5739707635754683,1.0,1,0
71.13132632519437,1,2,1,37.08896836311626,4,0.6890713911807063,1.1795503998137307,6591.732789971683,5.505498480995446,1.0,4,1
138.1316894445538,1,1,1,1.9677687344551047,1,6.192812231180688,15.420246239790217,15264.512419208359,4.562689965512143,1.0,1,0
143.18774404284588,1,2,1,2.2668048027067793,1,8.05433809962399,15.275117830816011,24550.66709266254,3.7259877999328657,1.0,1,0
67.0677655140548,1,1,1,9.102243933092184,1,0.06575209779080629,0.09726987664815813,15653.363935981653,3.532399292967428,1.0,1,0
1452.0289597252806,1,3,1,31.525784648067813,6,0.4775736962191711,1.0971313363737603,4287.3320500972695,3.773016678629576,1.0,2,1
47.48468928575045,1,3,1,1.8103115606260731,3,8.882185056031194,18.598124812005043,37399.93722328716,4.083580280515914,1.0,1,0
122.32835769485033,1,3,1,2.932709755044864,1,8.310370464730717,13.327102959526712,42472.865440631766,3.359566029629316,1.0,1,0
750.2816642160066,1,1,1,16.129162115218076,9,9.78625647592983,16.949811439148174,5434.031586454917,5.2033977566018415,1.0,8,1
83.08226805350479,1,3,1,16.467866592092456,6,8.257078069484526,18.272016382830635,5459.318858746358,7.014355908083438,1.0,1,1
40.8949107588914,1,2,1,17.82743111224487,5,0.37317478531810233,0.6729939220697125,10705.191668537658,6.324377550293196,2.0,1,1
30.519390098969545,1,1,1,23.64907984029855,5,0.5459888993194604,0.6596669483450601,5186.993090390487,6.478190847523449,2.0,2,1
116.98372758738184,1,1,1,3.827550284980235,4,0.16635387746083358,0.24346764439994475,15732.71251149244,3.647619773310689,1.0,1,0
63.62226767734186,1,2,1,25.20162319748745,4,8.192823875149989,12.57856025117421,3800.0048008026633,4.737220710559665,2.0,1,1
132.3887114449487,2,3,1,7.896902765023212,1,0.16508060742440872,0.2240666281982232,11158.67405108522,3.7148142689206733,1.0,1,0
52.355645916789605,1,1,1,5.826953827817707,2,0.2088502381391433,0.33056784867549704,18172.33582149057,4.3581179066326365,1.0,2,0
761.5564308295017,2,2,1,34.49893251220671,5,7.105249255022471,9.973547427450251,11045.796170620493,4.753321879175675,2.0,1,1
45.42963642077363,1,2,1,42.326997467111354,8,0.6176949623884461,0.8068968280345813,6947.575880268279,4.815883856680723,2.0,4,1
1415.029414001671,1,1,1,4.799111815476289,1,4.893907579437112,7.091146069046278,10325.301185078088,3.365915309182445,1.0,1,0
488.2528455983769,1,3,1,5.087029100545213,1,9.625285486340523,12.939679496951296,34514.12967317211,3.744695981427519,1.0,1,0
110.4760318814578,2,1,1,3.506843035547175,2,1.0860738826658987,2.4679829309822225,26654.049068753833,3.6151851197097504,1.0,1,0
124.56048029803527,1,1,0,3.2761960717435876,1,1.134113116598042,2.8122258379816083,25446.48604999156,3.559127427299944,1.0,1,0
69.55919817950839,1,3,1,9.011167462930617,5,0.043934270499673946,0.07397304451779564,26161.07100011986,3.5390854741844375,1.0,2,0
54.27725774300367,1,1,1,8.529238897871036,1,6.611440188918307,13.676695201888935,16685.724488769523,4.234104394937642,1.0,1,0
1418.9222767141705,1,1,1,10.971136753737166,3,0.12339614175048914,0.20078936016266577,30675.169127554953,4.103133269798016,1.0,1,0
514.5963757591742,1,1,1,10.26461007115836,1,11.458966260352524,18.46189870790119,21196.39262967469,2.9784644094175805,1.0,1,0
508.1685001898668,1,1,1,4.440067580729316,4,0.09053501712222023,0.16225160734186034,20543.545703042546,3.780639262531397,1.0,1,0
761.2917254394274,1,1,1,38.20584166843212,4,0.4445130657517711,0.7466885851341434,4248.59368473271,5.127876442392158,3.0,1,1
113.36877380140814,2,1,1,15.44983638818261,4,5.503566631616229,7.56022036437795,12943.010385953161,3.6991186371547653,1.0,1,0
124.36402847529625,1,1,0,4.281155183888325,1,9.132662185027169,15.81985312942195,4301.518876918695,4.27657804063668,1.0,1,0
118.72594010434491,1,1,1,3.482815218639995,3,7.67153381561131,9.380504559291413,34301.483999196746,4.028744537233129,1.0,1,0
109.26670427027824,1,2,1,30.293207698074017,3,0.04541847536383813,0.09038689998178422,15515.758048334847,5.054303931746593,1.0,2,1
513.2520912248647,2,1,1,6.893271294938187,3,7.729773370513085,17.166220852156137,6791.867884979549,3.8106225437769328,1.0,2,0
1414.059618164143,1,2,1,2.5035230778627193,3,1.2551881558134566,1.6910982211317276,6980.532389487335,4.396044126716633,1.0,1,0
76.86406991705094,1,1,1,15.855629145388766,6,0.01,0.012517833479058452,14296.68588720257,5.506506425236676,2.0,1,1
82.5511727123603,1,2,1,22.24976210066137,3,0.2796433620635819,0.43850952946195576,4930.90724095284,4.552153362556604,2.0,4,1
122.02761092039815,1,1,1,7.241011797906331,2,1.4757867907044464,2.514116431817921,10503.4812181144,4.350866150350102,1.0,2,0
62.65515923312421,2,1,1,5.437819793928103,3,0.2824847905163114,0.5238887382441134,16994.841549805806,4.072507399614796,1.0,1,0
503.065978453044,1,1,1,2.893351182005121,1,0.1571213799751813,0.19702751576465527,18079.74190289849,3.364642643449756,1.0,1,0
489.7524884481067,1,3,1,3.7234778229580394,2,6.293676392676886,15.40393895799482,24228.16791051553,3.977716145484714,1.0,2,0
509.1042396624272,1,1,1,5.861576715286799,7,7.470516412918666,9.682828715164582,20430.840210033406,3.4545415609376726,1.0,1,0
77.23182842942832,1,1,1,34.47225277052229,4,7.448718693659773,12.96911630762841,5447.488098328428,5.5007538835898835,1.0,2,1
126.54233911941043,1,2,1,3.783050132555518,1,9.5035536553752,14.761421845947314,6966.038115682994,3.9228479692311424,1.0,1,0
81.42503602363848,1,1,1,15.322064725252352,1,8.465053178360572,19.62953706929385,3510.926646951077,4.159299543112071,1.0,1,0
61.15994816737836,1,1,1,3.5386258583982766,2,0.17186890387230097,0.2137290274832657,9789.091221347859,3.759676434070897,1.0,1,0
42.42265186422127,1,2,1,21.440632749171957,8,7.876598997878161,13.482526488149912,2786.460809981934,5.269701134879913,1.0,4,1
516.6629414614215,2,1,1,2.1482344093373817,2,7.926444519289426,17.046343369772007,24270.135041633843,3.6807897058160965,1.0,2,0
1467.517064088693,1,2,1,12.020499846759904,5,9.727376182921489,16.628288981209764,2150.9008844356404,6.336119142958383,1.0,8,1
58.141564079912065,1,1,1,5.276889804511463,1,1.4111209322949148,3.169546578834499,22750.769105334628,3.825525530501478,1.0,1,0
56.01912084900915,1,2,1,7.7350186167014225,2,0.22645596680014474,0.30863606724620624,15536.157806890278,3.9494280037921,1.0,1,0
63.77060939391536,1,1,0,4.722102861432781,1,0.03682844420665458,0.07875648867918024,12508.791452559339,3.1189791721259024,1.0,1,0
54.36024295315689,2,3,1,29.902251852588556,6,8.165258490471992,19.22328655482609,13395.673972268896,5.6686133449199705,1.0,1,1
73.6602678972457,1,3,1,50.79586787876505,8,7.542604453197941,10.667319230728664,7964.895682732406,5.101369466518741,1.0,1,1
54.35109381431171,1,1,1,4.066867530486617,1,0.23788313456139487,0.4840348818673368,21631.491536941616,3.825632457968428,1.0,2,0
1456.1498896661913,1,1,1,24.893698341843216,7,0.011987107862844824,0.015091832031746702,1891.6925480208895,4.013661995625591,2.0,1,1
133.33109605449675,2,2,1,4.88211283828656,1,9.040410259550695,11.004149745393581,52222.550089315635,4.066966011477071,1.0,1,0
750.0321570677504,1,2,1,19.208714504295692,5,5.96895751717669,11.582604016218879,20227.66912923193,5.764189832602825,2.0,8,1
61.975719906642794,1,1,1,4.614811608255739,2,0.18424617706648688,0.3574391452734858,6131.91425079603,3.7366501285847677,1.0,1,0
98.91072251458955,1,2,1,23.731032283251974,4,7.4756419562499214,18.25646462418163,16726.59063567049,4.890096035747671,1.0,4,1
154.99739257691968,1,1,1,7.067206184763774,4,0.4547194322383137,0.6580406259790287,21940.760757505996,4.1236853880950965,1.0,1,0
69.632133603004,1,3,1,3.2312008803630072,1,10.355192997939742,14.036414107650826,17817.810934279194,3.0778180115175466,1.0,1,0
70.0668658410326,1,1,0,5.68599705470293,1,7.259029520577576,14.296504832131143,14593.791086453508,3.6744638910239207,1.0,1,0
71.5944746732289,1,3,1,17.995189772183927,3,6.84931022613894,12.044285329700553,3753.181040722748,5.855436442288401,1.0,4,1
23.218807024283297,2,1,1,37.530153922414264,2,1.7346595095514463,3.3333092589242646,18212.08264474234,6.311113685380011,5.0,1,1
767.8215943386092,2,2,1,17.40937863340559,5,7.123572701185566,10.90155992862678,2887.4500950915635,4.783254802510358,1.0,2,1
741.5931752900159,1,1,1,29.15530211101318,8,10.537728564830399,23.34936104550403,16778.883066503535,5.368498129825818,1.0,4,1
61.07856253078857,1,1,1,3.061336984388631,2,6.4106533719984045,9.559598461668115,10736.608524692805,4.276666399697963,1.0,1,0
504.88580296582217,1,1,1,2.207574803611462,3,9.822202026474253,14.72396477426835,6665.588334545647,4.3325984346323185,1.0,1,0
124.58312005366527,1,3,1,3.386387206488568,1,0.06581479938630547,0.09381029776891327,26469.798231966106,4.270334021288048,1.0,1,0
1454.6599912725662,3,1,1,11.663883630993556,5,7.054926128557843,8.841284705805554,13128.785907979485,5.925082834070523,2.0,4,1
121.14130455560199,1,1,1,2.382543767644345,4,0.23971512117311006,0.41310620284021604,8553.614443043387,4.240218423571987,1.0,1,0
122.27683362406091,1,2,1,6.57904264525796,2,0.19126496907222582,0.3152086505346643,23297.070412330697,3.9308323875889406,1.0,1,0
57.86083385802295,1,2,1,9.973612870766463,4,0.4151457945615828,0.5467269753861534,25031.302576472975,5.668299204739932,5.0,8,1
150.30087888003305,1,1,1,4.178296781438199,1,8.935735158189575,19.31838532065487,32024.41546632134,3.5847935267398467,1.0,1,0
507.2994829770235,2,1,1,4.908676744042272,6,7.439798243042347,13.113783146519,12354.488358655675,3.3175699408132417,1.0,2,0
1436.8854131700466,1,1,1,8.158678573221692,3,0.26015897873498317,0.4301034851584972,20719.680059837865,4.0945059952770615,1.0,1,0
136.54319453200654,1,1,1,4.947547196135057,1,0.3978855023724746,0.7353212564469291,26202.77703706048,3.6320404619620907,1.0,1,0
83.36076495327436,2,2,1,31.099802769605564,5,7.6245571614501335,11.262994021271293,15172.14204917363,6.624053571221425,3.0,4,1
494.1923855557623,1,1,1,10.255665365115393,6,9.24499484971639,14.712892023621153,5869.5195952416125,3.798670853881048,1.0,1,0
517.9951652309014,1,1,0,3.026880921578899,3,0.6890855947250232,1.2462220001988582,16497.109951604067,4.38048215673565,1.0,1,0
1449.7555518815868,1,2,1,29.88723000506639,3,1.1597984479948396,1.700623496621487,8007.260197168467,5.487690582665792,1.0,2,1
52.834554056058565,1,1,1,5.919174009247827,1,0.030752607506759125,0.048392794732301334,7675.4975778965345,3.5562786514143285,1.0,2,0
1415.638507192836,1,1,1,9.314975428971188,3,5.562413083055626,10.2113649514723,11627.401253110591,3.255025972954201,1.0,2,0
508.5925041649064,1,1,1,4.868578179501145,2,7.554722003093368,17.60121035512967,17635.925508791603,3.3625543693857467,1.0,1,0
60.65240177989752,1,3,1,22.814557318010156,6,9.007001971975985,12.295246204013637,2729.8406160769478,5.486967249621945,1.0,1,1
52.577900125264065,1,1,1,6.799912295777769,1,10.055550742679362,20.157480575449018,24456.845377993952,3.6160711449883394,1.0,1,0
26.928115818539403,1,2,1,20.83670219828455,7,9.082927114647761,13.8001995047953,3434.0582825814013,4.590354992517291,1.0,2,1
1446.0357926410584,1,2,1,8.266466052198233,1,0.4751120623900162,0.7363809871805094,15705.2084018068,3.7901933866292286,1.0,1,0
509.3554040016436,1,1,1,10.669999998291702,1,1.090112038559523,2.4342394306446162,10770.983179665176,3.766611151623368,1.0,1,0
135.1491155451073,1,2,1,6.466166300432089,3,0.5114322032052502,0.887046993903994,2560.2224915317247,3.5748351260981286,1.0,1,0
65.84282933830754,1,1,1,3.0363781597560844,3,0.2087799691306924,0.40072375398376275,14763.450317624287,3.4448468286867078,1.0,1,0
51.987218962452864,1,3,1,19.847199771690377,8,0.11711343837087163,0.23666280729730635,4890.255245426731,5.976663198539607,5.0,4,1
511.50853664646104,1,1,1,1.5233512779469893,2,7.653668308331878,13.419164204783499,11057.50548705376,3.600055822091199,1.0,1,0
92.30764119923185,1,1,1,37.427181944509684,6,4.48104347046486,9.018614187106797,11261.84505224862,5.406839976424756,1.0,1,1
498.62065929302884,1,1,1,3.4406605774327215,2,0.9927064288258082,1.3669075097770265,27383.87228181403,3.053809436408319,1.0,1,0
126.70712228329042,1,2,1,4.948544741953745,4,6.094005451199074,11.228896143859918,17517.941479913952,3.700683322511815,1.0,1,0
758.4690159290082,1,2,1,44.00595504826007,6,10.140744090537584,21.81032350769035,5604.464604428888,4.232734964301474,2.0,1,1
80.64653640138597,1,2,1,5.430614954919736,1,1.3046517821346997,1.8793653395163714,29534.058898387997,3.5628303577836467,1.0,2,0
1415.200030736357,1,1,1,6.759104565480435,1,0.4329262534424243,0.942115984384384,16656.911707825337,3.5734740534361724,1.0,1,0
73.5707707814595,2,1,1,8.85689534492669,4,0.38456533697353285,0.6741338582531206,17378.554780746916,3.4811299592095892,1.0,1,0
64.71463088900138,1,3,1,27.79299695990941,1,0.5070552020881084,1.0448664816559117,5183.750930957567,4.260058609745059,1.0,2,1
50.650331982698965,1,1,1,23.94025196639092,5,0.3264196259993338,0.637486589890642,6080.301571876235,5.836136557211516,1.0,8,1
56.05906879195817,1,1,1,11.505473193006324,1,0.03207990120984793,0.07796418674364877,22647.79817446718,3.464885595312124,1.0,2,0
89.1324912812606,2,1,1,6.646230680572164,3,0.27677610165174094,0.6739603904949001,39329.07053318573,4.00752663177477,1.0,2,0
93.69645262836289,2,3,1,23.689140787763073,6,6.946291586052896,12.88948163169626,12807.077419589026,6.341604552196974,1.0,4,1
72.63511959567379,1,2,1,6.8952279842305435,1,0.29489962071804204,0.4494933061403968,12802.698796943736,3.492163428044548,1.0,2,0
1421.8192757066176,1,1,1,11.346560718988409,1,9.257785061658302,16.882833606991905,18044.14303155616,3.9289198018222145,1.0,2,0
525.2198021437931,1,1,1,7.217467498016811,1,0.42552578827547594,0.9800857838298738,20086.651214324458,3.7145238107078278,1.0,1,0
70.13391207047579,1,2,1,4.026381327722875,1,0.8508933223115797,1.5318673639437324,1901.3298709849453,3.823852794094101,1.0,1,0
1427.0244266065422,1,1,1,3.6445272569036633,1,0.2351635992389835,0.28779099843252626,7783.414275311454,3.597457829173023,1.0,1,0
78.70387916723769,1,1,0,6.256574257749658,1,0.2711926495207177,0.45606195711560377,24462.689067414285,3.965607977460504,1.0,1,0
1417.9873112095784,1,1,1,7.203698002569283,2,8.139980390264043,12.702461041818836,26326.100539390613,3.2535388166327297,1.0,1,0
1414.8632386949805,1,1,1,14.020519127760524,1,0.048171120620741616,0.07358470941962222,20147.35800099279,3.896547403240783,1.0,1,0
523.1762503631293,1,1,1,5.20198025689431,4,9.5528507918311,13.899789765879678,6425.380613334281,3.6674141167713215,1.0,1,0
139.3232542279129,1,3,1,5.574391779555197,1,0.3322854314770516,0.5997821043150372,26559.57749007523,4.608183428772251,1.0,1,0
1422.1154461671774,1,1,1,4.6652133967049725,1,0.5155315232809256,1.0083990253918627,18530.82281318436,3.675992655213957,1.0,1,0
60.471750359751745,1,1,1,7.079832923184023,3,0.5338787916613577,0.9598155974017049,34535.36182212798,3.9211039479916088,1.0,1,0
121.36309972195646,1,1,1,7.170470056604073,1,7.118789225162092,12.735296767715376,8963.99572041843,3.6522794171130397,1.0,1,0
68.71512946089872,1,1,1,17.598495039801815,4,9.334310650414613,22.906237934343434,1060.47576026004,4.305107461586642,1.0,4,1
521.5801588734403,1,1,1,1.778606010405297,3,0.17292007432068168,0.2820279463323961,11310.297109163801,4.016484701623463,1.0,1,0
74.20875850639746,1,3,1,17.104011880668523,11,0.16613362029255058,0.22938378806937307,1435.7956551170846,5.317077465039181,1.0,2,1
56.4323537696325,1,1,1,2.300265676879837,2,0.13642369558206296,0.2321502750140135,18119.69031555158,3.921113216947366,1.0,2,0
517.9197006255174,1,1,1,2.6541056455991687,2,6.292314527957729,14.535410615015437,12710.206425171962,4.351136332334798,1.0,1,0
126.58259133788913,1,1,0,9.762793274963807,2,0.3666510751593789,0.5597957293462638,11800.379829673971,3.836035116883445,1.0,2,0
36.983551518091076,2,3,1,21.40755762398944,9,0.38799307519099374,0.49835106058096756,4824.060752013276,5.536609439208347,2.0,1,1
72.84986184101058,1,2,1,8.07836498619237,1,1.5651546445402116,3.3418541744536836,12585.732773694182,4.018741305672313,1.0,1,0
55.99342123482937,1,1,1,65.26958757340445,5,0.45014652526632554,0.9782321186296763,8318.231519223971,5.579635979842326,2.0,4,1
63.461867691911614,1,1,1,26.196083001962528,4,5.132097890653325,11.052504301260369,2496.597392943646,5.302294705607076,1.0,1,1
124.30660608806012,1,1,1,6.837820886609947,1,7.73827344731273,13.230803087045732,3683.009292307091,3.6483186013718143,1.0,1,0
722.5608888091111,1,1,1,36.21091605316127,2,0.1804164286779369,0.4151378038820315,3426.2949509390337,5.416006111494412,1.0,4,1
130.28707506850796,1,1,1,6.560149430619401,5,0.45511749053932177,0.56751522394938,20461.436249835377,3.8075795596966677,1.0,1,0
517.85974726712,1,1,1,6.483627970677537,2,0.9493290440198482,1.498090943490318,42792.91775018608,3.5491758017891213,1.0,1,0
1428.2186222863295,1,2,1,3.7567552044010077,2,0.44005555749979697,0.9335791516936539,38712.45533330936,4.259567666997762,1.0,1,0
164.48473778240862,1,1,1,6.74043245473303,2,1.0747798026510198,1.7006712081151287,33070.76152794993,3.226964378990718,1.0,1,0
66.31068054081652,1,1,1,1.9671606381110682,1,0.10621808837758408,0.2361348785081248,23481.789083103966,4.219188695645131,1.0,1,0
69.47915406165117,1,2,1,23.511200393933247,4,10.077381566516951,19.226410292358256,5690.758998375916,5.74585135469853,3.0,1,1
76.0075784974088,1,1,1,25.670324411923637,4,0.8234703533018233,1.4596488552501317,2924.8573923429944,4.421986209589666,2.0,2,1
68.53188603612173,2,1,1,34.97608148925072,4,0.3848511006991585,0.4946865410637769,5803.508293395044,5.4843864560920395,1.0,1,1
58.33858698031263,1,1,1,3.732044416260403,2,1.0273630900786743,1.3174795843283933,15402.8166175178,4.073551397710981,1.0,1,0
1431.7289965468417,1,1,1,3.9745596451584793,1,9.652606060055959,23.880438363295895,13371.393470054429,4.598769076835916,1.0,1,0
119.92134392741897,2,1,0,2.2139365937184508,3,0.2972478739130285,0.4405071536281722,13383.237679383823,3.9910415294396877,1.0,1,0
81.66280281177316,1,1,1,1.2789533970185234,3,0.500975670094021,0.7381059998811894,9348.387779032842,3.129083646349292,1.0,2,0
69.09896920006149,1,1,1,2.8112866674158803,1,1.0490912941847936,1.5261271035010855,21080.868700822637,3.438897453004393,1.0,1,0
512.1183052351068,2,2,1,2.389693090760116,1,0.5200244520642346,1.1261856204804848,37932.797064305894,4.34833630904741,1.0,1,0
66.34321961213914,1,1,1,4.379820893693877,2,2.7607931505669114,5.819920717274384,17322.010198635435,3.497242181516537,1.0,1,0
75.20396344507107,1,1,1,6.08620187566734,1,0.15998048510560972,0.22679385333367888,9089.185029523798,4.08346565213802,1.0,1,0
58.704912298224,1,1,1,6.713917897489477,1,1.1077929293012443,2.576157238949895,20252.029234568294,3.060255817506623,1.0,1,0
64.48038792856036,1,2,1,5.840844903263791,8,7.868154064816659,12.289017369390788,10118.50830770994,3.801382144030518,1.0,1,0
152.83746293009793,2,1,1,8.018500345644778,2,10.084348026719782,14.583535096395671,13631.73960247377,4.8185465109430305,1.0,1,0
45.98433185475212,1,2,1,33.15495641033144,2,0.5253833248409502,1.2967903309125637,3364.584459602574,5.5288881010350375,2.0,2,1
58.47271095172532,1,1,1,3.4742684336659457,1,0.06999580909073091,0.1166607376167085,43916.60692698718,3.9376903388893507,1.0,1,0
74.63757356323504,1,1,1,3.888756725810073,3,7.528040633324947,11.766328042835177,8022.469700634007,3.7920750463565462,1.0,1,0
68.69666550665363,1,1,1,5.661617759797432,2,0.26655784243903263,0.4093962550433349,14816.790019563761,4.153861189279619,1.0,1,0
48.5046232923039,1,2,1,31.29134608577437,3,6.237260808499297,11.658185716356765,2006.7827427337984,5.328594736960597,1.0,2,1
518.3806452661009,1,1,1,2.4723344155768383,1,0.08386282324283642,0.1743553939871195,7032.5816508849,4.141722546678535,1.0,1,0
127.5850005228395,1,1,1,3.422250954963541,1,9.459916803920539,11.460975590805116,12815.774052046852,4.4493923178967165,1.0,1,0
1449.535636160361,1,1,1,20.330120455435313,7,7.645506141781827,10.469645582055081,4841.3280053825565,6.17940380571093,2.0,4,1
53.53829345319271,1,1,1,7.534900820342868,3,7.04917524189664,12.615558849102712,10942.471754776274,3.72068044725714,1.0,2,0
530.2748382406673,1,3,1,2.918433849357458,2,0.2771331434518103,0.49775823090247273,24674.40436507551,4.062831137209418,1.0,2,0
130.6305234556191,1,1,1,5.743962020243215,1,0.5404951251097805,1.2633204779230534,5031.164163113217,4.04126937589572,1.0,1,0
26.490679871650457,2,3,0,13.421916749098559,3,0.07196073744700666,0.11713849022836258,5477.3789438156555,7.232277348144752,1.0,4,1
117.55522492335035,1,2,1,3.5085470089531086,2,8.91601013502846,18.22021351156241,14708.37733386392,3.874783970380334,1.0,1,0
1403.8283959497821,1,1,1,4.68911845812096,3,9.213002531057258,21.85572220791798,15280.333833486877,3.6986771033378587,1.0,1,0
758.5589006137498,1,2,1,33.13187267878461,6,0.2555515893229293,0.590164748716527,2665.6098932641535,5.030283729828292,3.0,1,1
62.939409679244065,1,1,1,7.906437639201225,2,0.2975633315361215,0.583733191345092,32632.823223126037,4.548447791781648,1.0,1,0
121.47524508485793,2,1,1,3.0964813944965126,3,8.715982006466454,17.84605400062093,3804.1673318041308,3.96033647743404,1.0,2,0
511.36096312299895,1,1,1,5.895404725365832,1,1.8819448710735018,4.659635931559371,17965.597781245106,3.5081631044867505,1.0,1,0
1450.4708783140777,1,2,1,24.280691310713387,7,0.015701490306369508,0.02981715908523308,3192.265959604185,7.08331498359137,1.0,4,1
134.2460479809379,1,1,1,3.603162223622624,2,0.25537351559298826,0.41513508207415806,34231.84866804271,4.036002663216222,1.0,1,0
1450.692538107984,1,2,1,32.46673681961825,2,1.1485533442102862,2.606563309580994,8143.441637722638,6.952158652634064,2.0,8,1
532.4894049530483,1,1,1,4.963157724370198,2,0.6272306452256096,0.9648214331060563,43802.80792044286,4.153329016187364,1.0,1,0
1480.2791549450174,1,1,1,52.14878135090874,6,0.9599422841920474,2.2128217135385393,2964.577875918681,5.7211647783402615,1.0,1,1
26.398125616286404,2,2,1,9.18843468616615,2,6.853551231249186,17.0340282077414,7802.519846657739,6.479301791158328,2.0,1,1
500.0395472231486,1,1,1,1.5598285013489122,1,0.9095219071304369,1.3708573382187432,18101.28791536039,3.815866751105565,1.0,1,0
1409.2858605917495,1,1,1,10.019285692342267,3,0.13066582012652259,0.18038839606217588,7720.532402331277,3.3760317466328327,1.0,1,0
508.2851620890826,1,2,1,18.157349794452966,1,8.204552190546542,17.805373843285075,7023.881582940094,4.078515551317087,1.0,1,0
1436.325277851826,1,2,1,5.067728342910996,1,0.18843773964174326,0.39132080355724613,8854.05251103431,3.710874254370682,1.0,1,0
762.332593369117,2,3,1,20.067791029238276,4,0.8740047412151967,1.7290947248083128,22040.332910753263,6.168804957014367,1.0,1,1
1416.3964079563805,1,1,1,6.137941358082968,2,5.875783047524212,11.847875347039155,38726.78785524864,3.69590302938773,1.0,1,0
127.49281572421795,1,2,1,6.243291752442093,1,7.73024250738672,9.303735623817536,28320.76701774287,4.259113431298213,1.0,1,0
82.49662170367237,1,1,0,29.030161062060234,6,0.0799328048656646,0.17237060113481664,1690.6112323134182,6.965412427424007,5.0,1,1
34.16929768829,1,3,1,15.748412809968103,3,0.14430077630164198,0.2814641316007402,2450.8456861954037,5.95099002897638,2.0,4,1
24.43134881213797,1,1,0,27.47707706893431,5,7.156331223575048,15.688460715786242,4093.7287657851743,4.528181258681234,3.0,2,1
518.9145599045264,1,1,1,8.19964304242129,1,0.01,0.017291912067407322,9160.264855343907,4.476196863277916,1.0,1,0
507.19093192247055,1,1,1,6.186705074173523,1,0.15702095027021462,0.385928880128011,4705.3129697774575,3.300473973262829,1.0,1,0
130.98289259828098,1,2,1,3.9147255145638185,4,0.812845839164836,1.081258999488443,28602.25090955165,3.381790736554013,1.0,1,0
46.01630338404103,2,2,1,19.922793418778138,7,0.32729234269456875,0.6078683588739893,12145.174394847523,6.877797934890563,1.0,1,1
1433.8643389734912,1,3,1,3.396279182138176,3,8.620838569776122,12.113546877052153,37211.3187035533,4.0753409697237775,1.0,1,0
1448.337538740285,1,3,1,18.087978734829225,5,1.535888300126535,2.0215565341285346,14432.677590094305,5.664849900983547,1.0,8,1
62.65530033580106,1,1,1,4.397385860514368,6,0.9165469772240528,1.5034302435967688,32350.130605387818,3.750611824636766,1.0,1,0
506.62921950148734,2,1,1,9.929584911360458,2,0.5220546573766465,0.969651831093599,6154.9515810824405,4.433168228200862,1.0,1,0
746.6379141413717,1,1,1,47.56355427087708,6,0.11928754314471154,0.20801585627358166,3402.4906298599763,6.144710985891177,2.0,1,1
79.26076512343519,1,3,0,5.9437291591476376,2,8.493112189040884,16.068427552244042,40966.95516158707,3.6630188059808964,1.0,1,0
1423.8309301481995,1,1,0,14.187425429146128,1,1.2179927706299436,2.5091521663503102,7862.455660830135,4.328149837315373,1.0,1,0
67.58615020400488,3,1,1,24.14014057421006,7,0.025293639924870916,0.05283904604677237,13376.046441285675,5.296569236572919,1.0,2,1
108.21017254962129,1,3,1,17.032035155397146,6,0.5318713781326628,1.0852200514954387,3757.4987779773837,4.598399895076573,3.0,2,1
68.20641078802008,2,1,1,7.646178207672953,3,0.49355297962557726,1.0117326052294837,15857.163932997633,3.603251382360013,1.0,1,0
67.88743574638427,1,1,0,3.5349493338917464,1,0.01978052928575158,0.04511067910769466,11198.335031480457,4.182411790076313,1.0,1,0
145.1877334575147,1,1,1,9.45822471905145,1,0.3369527668469979,0.7314164920747455,5395.955405121807,4.28263752768951,1.0,1,0
511.05709878977837,1,3,1,14.933761798911581,1,6.43873239930735,8.736668489144611,16202.601515980277,4.6130948503837255,1.0,1,0
69.44409491537198,1,1,1,2.945037749021913,3,0.10553972791266487,0.16591590453280008,8793.411949146379,3.9729460419046987,1.0,2,0
1422.0864071846343,1,2,1,7.321710061227003,1,9.48757224813838,22.501808282150353,9405.597753550788,3.8219817038274733,1.0,1,0
520.7383169535149,1,2,1,7.561448644885687,4,7.434791936874431,9.28770893592035,20333.159097245723,3.9163568679942897,1.0,2,0
53.877532086877125,1,2,1,6.130847512856885,1,8.199129118670438,17.043175745155633,23094.283884304787,3.962056612576451,1.0,1,0
71.29296978685738,1,3,1,4.610740187526269,1,7.652054398687101,10.31053165843643,20409.8107204884,4.216767705793706,1.0,1,0
1499.3741727104966,1,1,1,30.069856800235453,9,7.691653310697561,10.259348973600682,2582.0342507104533,6.009653528867008,5.0,4,1
57.21017600554358,1,2,1,10.778676695418705,7,10.269712546884861,15.688603690254812,27958.30838857912,2.9899433673454427,1.0,1,0
30.070744145789842,1,2,1,23.167561788208882,7,8.787800013080123,15.281105297976257,2962.9172433238914,3.9471715169487847,2.0,1,1
72.44479314965827,2,1,1,1.779109841838655,3,0.252193290497965,0.6264090325171872,11442.216458761433,3.3654822088689915,1.0,1,0
62.490168772486875,1,1,1,5.356780132701321,2,0.3505449292938216,0.44465437085011966,26901.106506132826,3.2586067566546375,1.0,1,0
1465.1786585988098,1,2,1,16.212684035591394,7,0.11438786889915856,0.1675198626550777,11866.584294972557,4.775536098687524,1.0,2,1
73.82198514265858,1,1,1,7.205768740926083,2,6.512035425985808,9.676722618030063,23520.116180000394,4.125861882397213,1.0,1,0
62.10030346566654,1,1,1,3.858175909281988,1,0.10711769376370282,0.2077595603592394,10491.845231111245,3.9529667260515864,1.0,1,0
50.22600308489028,1,2,1,41.57116181650188,6,8.215348445086551,12.3647226473273,14895.60945707089,5.870570957905129,2.0,2,1
55.47428746233605,1,1,1,8.380191651267806,2,6.659409172146982,12.029698704215733,15875.520229611904,3.723010310062993,1.0,1,0
46.90788127915944,1,1,1,16.101900599490886,2,7.288947863166497,17.382347245118844,9981.700766619879,5.387146947688495,3.0,4,1
494.3477230894967,2,1,1,7.093959798060339,2,0.877736146616744,1.8179072831731375,36665.93480391423,3.83514478986892,1.0,1,0
67.34111168514377,1,1,1,17.755203285845056,6,0.3415680405821544,0.687580724167527,7031.391204646441,5.144631268183885,2.0,1,1
535.3882582736279,1,2,1,4.590497106520275,1,0.43652570918953393,0.7107432719350619,26931.340632010728,4.215767645561852,1.0,1,0
117.49342799762637,1,1,1,2.65613158062836,2,0.41311039925524745,1.004607891513274,8179.35629367126,4.3060110911388305,1.0,1,0
503.63305985843965,2,1,1,7.709111509560316,1,0.33229311885994817,0.5208659987068535,15209.554981364585,3.5314549375438413,1.0,1,0
128.9125487022437,1,1,0,4.306690363309873,2,0.012331885787809556,0.019988696340690098,15523.683136527168,3.586543518474257,1.0,1,0
73.73470091425037,1,1,1,3.7391899370607966,3,10.649642014962474,16.076304014700064,12876.557620403228,3.7506943420735315,1.0,1,0
121.77561615397373,1,2,1,7.395475388164453,2,7.029585836748182,12.67070040165046,11900.002165724592,4.03348624855643,1.0,1,0
1472.2208528377282,1,1,1,19.561605406187248,4,7.4322638223871165,15.399720627791892,3189.697697825697,6.591922159919895,2.0,4,1
42.797122137664864,1,1,1,7.118115350790298,2,0.0755968910245081,0.10967341862378847,22681.910410592907,3.559542312342204,1.0,1,0
517.254689470899,1,1,1,2.3875742479063393,3,0.42029513223611126,0.7799381371689604,8022.676824711906,3.799212820395109,1.0,1,0
520.5241692486138,2,1,1,6.853967239802815,1,0.6121162239863617,1.3003276453352726,4708.450081953709,4.023604140712794,1.0,1,0
135.4456288917243,1,1,1,4.018569667335065,1,0.632953884729536,1.5299723610985843,16819.870072693335,3.2352701814009586,1.0,1,0
82.81161253053965,2,1,1,16.79476108782967,4,0.12803043665571415,0.1905442509438304,8696.770198787324,5.853230099995524,3.0,2,1
766.4028140964987,1,3,1,38.507811089211486,7,0.04098078420316591,0.0605733279317826,5967.511052116498,7.217816625049067,1.0,2,1
127.16916601164517,2,3,1,9.771841062935433,3,1.973846965306987,3.5049890860484774,8456.899891286728,3.9788698562917135,1.0,1,0
777.163382673667,1,1,1,27.23647651587894,2,0.34088341195332966,0.5272994186004751,2412.62811407245,5.774274240146928,3.0,8,1
147.79479531926296,1,1,1,5.590426958440768,1,9.736395289102516,22.085434645167364,12264.717505066761,3.6888973457244383,1.0,1,0
62.42002823375118,1,3,1,3.1751801465519445,3,5.787811670047378,14.051020659211606,14122.075847283311,3.4022810623756197,1.0,1,0
79.05196895391586,1,1,1,2.493772868143763,1,0.23917419202525972,0.2899009700968809,38340.987038955594,4.024323520336165,1.0,1,0
44.730115592918445,1,2,1,25.817056764369166,3,0.09198326035996031,0.13592711006856467,9012.384115701558,5.483271235272991,3.0,1,1
120.43814662685776,1,1,1,4.788067712648797,6,0.39461376035600704,0.6936087773430887,9813.45340106189,3.742353733364666,1.0,2,0
59.88363185285789,1,3,1,3.4802179788343524,1,0.5624729806900562,1.0375671241758422,24240.907229500106,3.6750683751282063,1.0,1,0
1466.832729395665,1,1,1,15.37235867966901,1,7.476552854410251,16.573702031565947,9111.784022589145,6.573832716157533,2.0,4,1
1414.728346416641,2,1,1,3.1751838523139795,3,9.326490802777144,13.929816439187375,13062.257473767895,2.7998451096777925,1.0,1,0
34.4440128550216,1,1,1,16.77995091420417,2,8.763660617688924,13.297690907725771,1902.085287672604,4.9678510270806235,1.0,2,1
55.37017176721493,1,3,1,5.538584740661506,1,0.6188491900200496,0.9303966535604679,32318.97429931315,3.5946577233184778,1.0,1,0
1433.179665656435,1,3,1,10.01336123648603,6,0.6171987144135548,1.1961850074861697,11406.011384013404,4.913869911045706,1.0,4,1
135.87892485841286,1,1,1,8.435360957188106,3,0.4926893384100966,0.9696172349946175,9258.282311206045,3.67286848152352,1.0,1,0
520.8604663668854,1,2,1,13.777153074247485,2,0.06852468150357141,0.16180240801532697,16633.71533382725,4.057292568611331,1.0,1,0
117.50670238876414,1,1,1,4.167458788784819,3,0.3016049016417381,0.42945795600508924,19333.74640496619,3.1654882249783647,1.0,1,0
1418.6703097642037,1,1,1,5.705397748566915,3,0.21322919352817923,0.3201214685330155,18545.029827202474,3.1722118508444233,1.0,1,0
1461.8337463144662,1,2,1,34.19591234605371,3,9.470951621376887,15.794384878058883,3387.159063270382,4.919365224643659,2.0,1,1
118.95509840614437,1,1,1,8.92765326094086,2,0.8946993203150665,2.0535931958435354,18403.802437974336,3.048739978805857,1.0,1,0
60.626973468296136,1,1,1,6.5483705347604495,2,8.762016147294883,14.436254965969617,24678.03410065374,3.51112646769639,1.0,1,0
1417.2130351465041,1,2,1,3.7804876802814755,1,6.642158588350075,14.233792399621098,6914.97444821833,4.124437274494845,1.0,1,0
123.86833811244517,2,1,1,2.7716545039573734,2,9.176085822326346,16.797493235762527,18013.92446465658,3.443196161612211,1.0,1,0
72.29898181859353,1,3,1,3.1992108391806453,1,0.23295657601790132,0.47542469938007287,7358.248735724617,4.408981980317341,1.0,1,0
69.63552267844274,2,1,1,14.468446004967873,4,1.5543859083308367,3.1480022427342687,20719.031624183346,3.6035938962975154,1.0,1,0
498.91971327540034,1,3,1,8.289385765307756,2,1.2332055011187475,1.9258612951824048,22617.457781815163,3.7209124140512615,1.0,1,0
46.11601473046803,1,3,1,21.6716898333639,3,0.15440183705609578,0.3067045788130323,15922.836874022873,6.888460897802527,1.0,1,1
43.55813326781518,1,2,1,34.12465135547737,4,8.110856511780861,17.46093749369402,8311.379972246148,4.596458553749525,5.0,8,1
141.31801704729583,1,1,1,2.1447989914673014,5,0.08678980968445878,0.188375889828686,15284.790236031464,3.3761151994106697,1.0,1,0
69.95864900012964,2,1,1,8.308810342782746,3,0.7596581755577001,1.1879730640112176,43759.84250885878,3.466424601774515,1.0,2,0
1419.8868109214077,1,1,1,13.222328544738575,1,8.230136222556682,15.792678099377754,31648.093925215253,3.5152360395142552,1.0,1,0
1412.5451505553497,1,1,1,4.410845622177205,3,7.138383049146325,11.439943343149839,9310.460175815797,3.3719704141488815,1.0,1,0
84.91855455837612,1,1,1,11.118787507334016,5,7.643955091129422,13.159904088178774,9116.32438670341,4.315663862413009,2.0,2,1
51.40565041191333,2,3,1,46.57464783412029,4,0.9657110245732836,2.3699562632371003,7691.681987795905,5.211910442527166,1.0,1,1
718.3678448959072,1,1,1,16.066344817894674,9,0.33783924532448284,0.7658716953698907,11587.773860957957,4.560928967344438,1.0,1,1
117.20205775956885,1,1,1,5.551100605597585,1,9.249826986025376,18.80325163489845,14212.634330091267,4.200219012919436,1.0,1,0
117.59628915138217,2,1,1,4.73573309413517,2,0.2817307134725696,0.4993413380493615,20563.87375222782,3.1502071090114656,1.0,1,0
128.0987589379934,1,1,1,9.708098690082922,1,5.01191531082026,11.450934577203126,5805.856410067537,3.629089978664303,1.0,1,0
31.878878705969843,1,1,1,30.782136176880513,3,0.2604774179433428,0.5657317695998834,4429.946103060108,6.361593008283107,1.0,2,1
1406.3924999627006,2,1,1,7.961550859229859,3,7.357548967794036,16.12719461527452,8477.977752265762,3.9573700028801824,1.0,1,0
116.32174679540739,1,1,1,1.2491989244571642,2,6.163656121938548,14.286702446921963,31610.62630927375,3.6684379314675475,1.0,2,0
49.087840177706546,2,3,1,36.00458613114995,5,7.290063025232021,12.276769722783005,10204.088781507666,4.575973004088961,1.0,1,1
143.37242344105655,1,1,1,2.2694912888155754,1,7.065563601063136,13.881816865270785,2081.37419160813,3.739832201035699,1.0,1,0
68.64557764136819,1,1,1,17.304064366191778,5,0.4719290197840475,0.807192170246984,4032.093755839452,5.557263663041018,1.0,1,1
1439.1416969333516,2,1,1,1.7623973158887936,1,0.28679198492995006,0.6528606482435589,15638.695217861212,3.777675606772509,1.0,1,0
41.91215262038108,2,3,1,30.592624487386782,16,9.719637772325303,21.31201302852822,1829.8875326304014,5.824959021980684,1.0,1,1
110.02663789236132,2,1,0,6.012166283029118,3,7.306220578287833,9.710071051109624,18056.481398421285,4.314699070804595,1.0,1,0
720.5472658736908,1,3,1,14.654205435614967,6,0.026044246116708275,0.03138597658605625,6134.446024931168,5.196999612391571,1.0,1,1
82.18470822734025,1,2,1,29.9931471690914,2,8.674124935058764,13.160370818362022,4005.6704962227927,3.578566515243917,5.0,4,1
532.778120883796,1,1,1,4.2370015529624325,1,0.31395248677698484,0.7700760379787449,17658.682402313025,3.876874082673931,1.0,2,0
75.19994794389963,1,1,1,20.24947321411608,6,0.8203964985809525,1.0201524434071834,6258.229433766072,5.264045428042344,1.0,1,1
133.05876127960994,1,2,1,7.149466513427433,2,0.14925138272437713,0.2526650394680934,15389.347842575646,3.005363178646837,1.0,1,0
744.9917294376233,1,3,1,45.781897864094184,5,9.356479516986619,22.407632364667492,12652.56848375667,5.777010364312742,1.0,1,1
121.39882752241272,1,1,1,3.527088594978002,4,1.2271079256477924,1.7641769267699863,15691.748093743936,4.078086226042869,1.0,1,0
132.01938266198644,1,1,1,2.3762772851457994,1,0.21479338096672587,0.38288462932636247,6167.431155110572,4.585046065486389,1.0,1,0
135.09839571402782,2,1,1,1.9859757897020631,4,0.4105180607813851,0.6336926476644659,11688.563311008946,4.09919164983715,1.0,2,0
102.4879870275502,1,1,1,10.237509293575377,1,0.110339980889154,0.26899821221041353,32577.983849897693,3.6173772080395294,1.0,1,0
1433.9022513622183,1,1,1,12.996463595592274,3,8.73373292134659,13.770766963172859,28414.37715144533,3.809545955794006,1.0,1,0
66.57890771678811,1,1,1,4.107908250598513,2,6.671702586359354,15.127313600423578,16446.766085189953,4.12511338922985,1.0,1,0
66.69312816600687,1,2,1,1.801670708325936,2,6.185320498993448,7.471111727319158,17244.593543080664,4.12746388320346,1.0,1,0
1410.569042336708,1,1,1,5.835074178837241,3,0.39049883709585503,0.5769106298138738,7453.167942491862,3.8910214215552603,1.0,2,0
528.7796817484358,1,1,1,8.751429934554865,1,0.979337988783586,1.8605204609663963,34704.7906641384,3.4204943386558266,1.0,1,0
132.60106064732275,2,1,1,3.2937007996465537,4,0.1374003977431642,0.18231647448978688,28979.584566350302,3.402350277808374,1.0,1,0
134.46537724988363,1,3,1,6.671685626210909,1,8.917393460606684,15.983519131736015,26228.783130781092,3.59346813788136,1.0,2,0
1428.8819689629531,2,1,1,11.95029047998314,1,6.735560099433184,14.072843295180666,33554.71196798004,3.723554416203763,1.0,1,0
496.8872665216399,1,1,0,5.696169295744477,1,5.731635674327027,12.88465466013069,4485.534337559145,4.085821999501966,1.0,2,0
1411.0633059332458,2,3,1,5.503287161809607,3,0.01,0.024985181394231403,6957.042263753454,3.7529957187860257,1.0,1,0
132.64585383329745,1,1,1,3.8547855809617944,1,0.6358136146665876,1.0924799266489085,19358.3880160993,3.9288155618825478,1.0,1,0
1420.3913250740814,1,2,1,8.340156020831522,3,5.8186951281518,12.019940959984734,43523.782120859425,4.10396839960012,1.0,2,0
137.30811443849223,1,1,1,11.202985895959518,1,0.863993651428031,1.1690935375259224,16065.924230912135,4.63925517296712,1.0,1,0
66.94835076847542,1,1,1,2.906727212002117,4,7.637927191270108,17.969527119318084,40060.48017769226,3.7881041682136845,1.0,1,0
88.33633946219915,1,1,1,26.478105270438515,6,1.215119852535927,2.446934641780105,10442.615054095264,5.986938666780286,2.0,8,1
125.3392810033734,1,1,1,5.720746107518195,1,0.7176319383684147,1.2480355882870378,33356.846088546234,3.7554722931435105,1.0,1,0
514.411917180322,1,1,1,11.691863430693571,1,8.552346402279065,18.565827333400694,19008.62228595031,3.8195099831142376,1.0,1,0
529.9757217671325,1,2,1,4.7364746978318095,1,0.0646653068904811,0.10591935201204272,35975.05314329688,3.616781258931647,1.0,1,0
57.596080708557466,2,1,1,30.759379879137356,6,0.17651111141577366,0.2776132370314577,4893.624554583586,5.784521205131111,2.0,8,1
64.87334382158446,1,2,1,3.9881678034616033,1,0.8637449794015769,1.1281267121213738,24568.083761882743,3.011858653615915,1.0,1,0
503.72568426172165,1,1,1,2.6849531539236127,1,0.1476466900855874,0.24678014175692237,8696.38299876488,3.859989775766167,1.0,2,0
1422.3468074171285,1,1,1,11.818155586627139,1,0.5580425570721976,1.359872389349104,19817.520636482946,4.271555366421546,1.0,1,0
41.568853577789696,2,1,1,6.816866554891937,4,7.84271524163063,11.832657645267483,12644.487457229727,2.777221262993605,1.0,1,0
1431.925525529799,1,1,1,7.177533391160629,1,0.5777757003565728,1.1612660128895707,11209.229716467486,3.10582339866969,1.0,2,0
1441.3363463045805,1,1,1,1.7370930702763432,5,0.42670404953122815,0.6268295790545698,27304.120869441293,3.47993192545185,1.0,2,0
52.66467525875058,2,3,1,22.129259505619274,2,0.4943665211341931,0.772637707238624,7575.148756458875,5.456804743897771,1.0,1,1
1422.7119939402558,1,1,1,6.033714578303255,1,10.068614182519077,12.403419414488326,8822.456296083918,4.252440861405618,1.0,1,0
150.86399727808714,1,1,1,10.26803366313864,1,3.3853434789627577,4.418672937373919,9583.697361396342,4.806880784220755,1.0,1,0
52.231678873838234,1,3,1,6.783671005476537,3,9.466967246664154,22.152993351535155,16422.649308095126,4.182447185447036,1.0,2,0
71.50711218258193,1,1,1,6.291916445449277,1,0.7285225154057158,0.9931335926864902,5984.489699931713,3.6982173360963886,1.0,1,0
738.0344515157697,1,3,1,34.75632741357096,4,8.153938936543167,16.474215927852274,14612.150268238056,6.2346714632577775,1.0,8,1
1419.4917210249139,1,1,1,6.401518124880163,2,0.5845207712608331,1.4270629473091812,10839.115155594933,3.9673672231515598,1.0,1,0
45.39985263639156,1,1,1,23.758369794556177,7,0.4229990926798594,0.7412794906644523,2690.87996350281,4.713414952127435,1.0,4,1
513.0907849338347,1,1,1,4.179610019774447,1,9.435969861072879,21.378047343796496,15368.939784362858,3.080423700293277,1.0,1,0
73.25994400244882,2,3,1,4.4023462503575645,1,8.495009652198913,12.645600471887965,34826.93499404909,4.134562418251366,1.0,1,0
750.9865926526076,1,1,1,33.569976604868764,8,0.775462051722856,1.8089154310169853,6169.3953770828975,4.550362282309426,2.0,2,1
518.9907861177826,1,3,1,2.764079887137949,3,0.041203028721699037,0.09363606794260265,17642.539850392975,3.8382920937417038,1.0,1,0
61.463053981359685,1,1,1,6.305487831434517,2,6.819687146786978,12.183115042407891,23006.806962388906,3.961905257072614,1.0,2,0
520.4583011394997,1,1,1,7.664145079568465,3,0.3336167993048587,0.7614705890292176,25977.06770121436,3.771010893040766,1.0,1,0
57.92082812197698,1,1,1,3.2893675937789735,2,0.1248131442838032,0.16489950269920214,28382.336285880152,3.377349864154242,1.0,1,0
743.1495325921386,1,1,0,41.676299241559185,4,0.5755591525615723,0.9524184397977215,4458.494068855311,6.1227229353982935,5.0,2,1
500.0701674850165,1,1,1,4.676695713698405,2,0.285708077518781,0.518145921831135,24853.991925428843,3.926867192063917,1.0,1,0
124.49910108469348,1,1,1,3.7526599973151042,1,0.4486943968252998,0.8945729277244541,15694.17111944929,3.6276697601082257,1.0,1,0
64.52341808675557,1,1,0,27.25435522701034,3,0.8420485407711938,1.4238735437312908,9043.837455878787,4.823731780419345,5.0,2,1
57.13253075128463,1,1,1,2.4792929867090727,1,6.904403939253173,11.683569078734697,12643.817102717336,3.378299095880094,1.0,1,0
136.88736741635992,1,1,1,1.8958432885832024,4,0.016947075296636714,0.025920994453542342,14885.977794523533,3.754281308647393,1.0,1,0
505.9352572898579,2,1,1,2.5069527796283744,3,2.413584376761003,4.653004303899595,48951.53395310982,4.16921315686138,1.0,1,0
139.3297994693327,1,1,1,7.418294740012464,2,11.801124108864352,18.37722284923508,4371.588857370635,4.206539008399636,1.0,1,0
516.0000214352967,1,1,1,4.336367957634953,2,8.645245590383045,18.225976708406698,7037.048574009331,3.773711045819132,1.0,1,0
1463.1009528020568,1,1,1,27.855579333474918,3,7.171624898928863,8.741919475836424,8807.263621449227,5.903588137992703,1.0,2,1
515.9083202120694,2,1,1,5.726097326438248,4,1.6983214539962916,2.151653037324282,12843.331936315171,3.715479581390363,1.0,1,0
1434.158608422553,1,1,1,11.222099722355168,2,0.7179613618720897,1.063691949953302,10082.900603212964,3.6657085513541725,1.0,1,0
68.86138619092704,1,1,1,7.541848154669615,3,0.2747301618952498,0.6188207118498028,15554.917801770802,3.375397782696711,1.0,1,0
118.4518217685411,1,2,1,5.905903738626327,1,7.51308618054205,10.25755291550415,11768.366816368924,3.434930473501086,1.0,1,0
58.67106643865074,1,1,0,4.134842400639197,1,8.436211903967674,17.010637757132436,3611.263314975266,4.200338134323128,1.0,1,0
86.9219908079949,2,2,0,28.073106250585226,4,0.8583477176217533,1.134512904706322,10992.816884281274,5.399477013130536,1.0,1,1
748.5205781470404,1,1,1,16.415810716615347,4,0.48282049573234886,1.168401166514712,1609.5142519276915,4.397617692063411,2.0,2,1
69.57354707335581,3,2,1,13.676504688678461,5,0.4870208401250565,0.7278561234457747,9742.984887438322,4.176727447547785,1.0,2,1
780.2252238302248,1,2,1,28.516142744527425,7,1.003352694957376,1.400544883946037,5496.299988675598,4.362261608579908,1.0,2,1
765.2141753372847,1,3,1,32.438743950741916,5,8.311831489704797,11.450871069449885,8696.122831985693,6.446451155585477,5.0,2,1
131.6062474948439,1,1,1,2.077820446551277,1,8.104779467330813,14.693383921974698,2585.2628240224994,3.520443107923146,1.0,2,0
1469.1613902214076,1,3,1,26.14177982436505,2,1.7955734190584955,3.053997207370776,3762.8959801028313,6.238264306704895,1.0,8,1
59.6932767822823,1,1,0,5.5193667452162085,3,0.9334798660194853,1.3980821481677355,17730.674394145164,3.6648830278906717,1.0,2,0
127.7766218100784,1,2,1,11.078643497598813,3,6.4837586523893105,10.016341395937513,17763.563897686166,3.835877819818111,1.0,1,0
1418.3527727964859,1,2,1,13.94618519556912,4,8.890188978976456,15.209674259240822,9082.853534628939,3.6718987437321298,1.0,1,0
1429.4073052008014,1,1,1,9.652755948810245,1,0.08700149661507492,0.16292190196478445,21935.163488094757,4.021402559725619,1.0,1,0
77.33662553904747,1,1,1,31.978039852965612,3,0.01,0.019254977216934203,2241.335728269006,4.954851395399167,3.0,4,1
527.8699397868226,1,1,1,7.169965105918473,3,6.458323167118888,13.613011531376086,23545.555198711285,3.322278613610979,1.0,1,0
514.1858078040491,2,1,1,4.075217044168689,1,7.4787352773136355,10.358406935170617,24965.796828817816,3.8816640801207103,1.0,1,0
108.0030032291673,1,2,1,6.169311328841634,2,8.107283763870681,18.41951486225929,22937.62514463922,4.852081745717013,1.0,1,0
138.77546332797746,1,3,0,3.346971629692773,4,8.715519775467422,19.814289398618204,15507.839606320753,3.565056436908107,1.0,1,0
526.1713368754201,2,2,1,6.048124707680355,1,6.984377053483044,10.693930228292212,20429.32130330988,4.004454180367298,1.0,1,0
96.78051290290387,1,1,1,25.137900341543524,6,0.12958087439082983,0.24246107114766893,5622.352110477772,6.229573730302716,1.0,1,1
122.15114974767152,1,1,1,1.8835359837985024,1,1.5623802612282318,2.45692023496236,5469.345237385025,3.8256089886442917,1.0,2,0
28.03816375070116,2,3,1,33.28504725241035,3,0.10585490147565162,0.13493170018830258,4847.726449534809,6.303289084554152,2.0,4,1
1410.9377725195864,1,1,1,6.258950847072936,1,0.7028805063550077,1.3484816508026827,19132.39315623428,4.456702465025287,1.0,1,0
65.02308024315079,2,2,1,32.35971426486063,7,6.1283658518436575,11.201182851410396,8574.790881472058,5.978423491327596,2.0,1,1
67.94303759791472,1,2,1,10.193641519726482,4,0.506574052218941,1.107386494509834,8831.742517687075,4.581640024192815,1.0,4,1
526.3007423134882,1,2,1,4.371441069491018,1,0.14095097167666273,0.17017552544777878,14730.429729082316,3.963760157567748,1.0,2,0
78.50328239645378,1,1,1,13.873182762799493,1,9.581784716608674,23.13162102624673,16849.294349979475,3.8494669959988057,1.0,1,0
139.69020817104882,2,1,1,3.7044786880452345,1,0.056188952152942694,0.10883469980074888,35811.01216001006,3.9384353856098246,1.0,1,0
121.15765476914994,1,1,1,5.82467323735764,2,0.8882526853567815,1.9951570389789954,18771.109163026853,3.972142043742574,1.0,1,0
40.55434868084642,1,3,1,32.90541861637674,6,0.705246124844206,0.8923970785655506,6857.3989527324065,6.033334509621828,1.0,1,1
70.25321019403711,1,2,1,14.331651018491145,3,11.51695599670768,24.10609713352985,16135.02320394171,5.897305739417498,3.0,1,1
1409.5433974730643,1,2,1,8.10287187451571,1,0.018435918523591544,0.035590995466228376,24396.854989889664,3.31079592257755,1.0,1,0
39.83088129037768,1,1,1,14.554440937337981,3,0.3812598891847434,0.6693935865204989,5366.503912359127,5.101819902521582,3.0,1,1
82.7014167619504,1,3,1,17.00551814027424,3,9.536165234212836,21.121903825839908,2537.6903600443625,5.8060380539101235,1.0,2,1
120.54268578186053,1,1,1,5.955942354786346,1,8.089041480958768,11.83857472694909,4620.387193133918,3.6388026269363807,1.0,1,0
25.259943384359914,1,2,1,22.91304461329916,4,8.249242992964026,17.649745530872757,8224.315158896125,4.7003289071449545,2.0,1,1
37.44841120978265,1,3,1,14.892336211436495,7,6.645077342496204,8.162072902119256,15602.249594430239,6.073234732602068,5.0,4,1
1466.4472627846853,1,3,1,20.098223163514163,7,0.3273125187897031,0.7513580789849268,5172.891272625886,5.415367040273811,1.0,1,1
62.28892495700558,1,1,1,2.5914869522527324,1,0.20607390726651892,0.2640252867823322,32999.06768288299,3.7088661375407117,1.0,1,0
752.2587623896862,1,3,1,23.796911981024767,4,0.34228131664671296,0.8024248905052361,10270.832536982913,6.366189051312871,1.0,8,1
137.18131267819155,1,1,1,6.252902367721382,1,9.88019181941119,22.503210729599218,19094.359284237366,4.298052388592326,1.0,1,0
97.73186599838127,1,2,0,30.047828569438458,3,7.742683196857474,14.32656707211237,3717.9512671865086,3.7630329695878117,1.0,1,1
502.9698536898224,2,1,1,2.954635268986857,1,0.48046873761817743,1.0409939098550958,25687.45343849611,3.834826538286524,1.0,1,0
84.56597376755892,1,1,1,5.2856051934482995,5,7.187192185243716,10.092951548158355,8240.730850910319,4.4401778709619775,1.0,1,0
505.494196522628,1,1,1,4.035288392249904,4,7.2429704031308155,16.677088183958702,41227.12788598437,3.367786544472618,1.0,1,0
1403.8361373636837,1,1,1,2.672787902302052,1,0.2534784052641755,0.30771596303043275,6199.116029969261,3.735715959255649,1.0,2,0
744.0708389040855,1,2,1,15.61976527896481,8,1.6715788019038755,3.9433170821844095,4029.589408606718,5.934495063302487,1.0,1,1
130.95544748435668,2,2,1,6.081306556793211,2,0.07603399146911063,0.16063236365574074,25894.420738669884,4.2892360842486745,1.0,1,0
500.94533816688823,1,1,1,4.734674168945224,2,0.17642205304576525,0.21541474395812693,38419.22030221595,4.457068132799187,1.0,1,0
1449.9011407796902,1,1,1,8.072890891779934,2,0.17831408295633464,0.2726222594328506,7354.732373795174,4.09149789092897,2.0,4,1
1394.1916000501851,1,1,0,17.809251161333634,2,10.577057359660149,20.03161277984431,38188.0228525006,4.142885028087554,1.0,1,0
50.66949838985327,1,2,1,7.213487625096741,4,0.24138842004555164,0.5270229836147712,23020.574293586626,3.5224960388372186,1.0,1,0
73.30646278262444,1,1,1,4.401094489070216,2,0.5416149871893238,1.2456151686183192,5606.805819532417,3.6725658758657675,1.0,1,0
139.05416565071135,1,2,1,12.64803763535821,3,0.592441960183668,1.045503973657587,9968.078135186774,3.6286882248957006,1.0,1,0
64.28785558938526,1,3,1,7.1791536847338335,5,9.066694357156127,19.151650189132887,10907.979614451908,3.276776226593283,1.0,2,0
118.66515457021856,1,2,1,6.3251787481785975,2,0.8534280985288034,1.428421853734911,18900.047752840193,3.3369697946840966,1.0,1,0
83.53694896138019,1,1,1,29.235546582192175,2,0.5805549129230223,1.4115330774193293,10516.167501470807,3.944087400622129,1.0,8,1
70.54247523311888,1,1,1,3.9008019706861274,2,0.03621792594675713,0.05755230919218213,26706.05893733724,3.7961394028408715,1.0,2,0
77.6078756649285,1,2,1,6.532154134138156,2,8.48619505952341,17.73390979825592,36441.42657124569,4.079285586935409,1.0,1,0
1422.9184650356224,1,1,1,5.635817382965781,2,10.392994149928988,20.29010925297513,20225.257913380497,4.56216111404321,1.0,1,0
48.46252529249597,1,1,1,4.749468345340785,1,1.0374195686313603,1.8456220574636575,24530.973894962375,3.0294950859553156,1.0,1,0
752.7917224960323,1,2,1,15.289215087658118,5,0.30392428256007215,0.7031178041400642,1800.111984049374,6.245447172522226,1.0,8,1
1436.7878203908242,1,1,1,4.701612647083667,1,8.571690497165445,10.554304097429222,30107.597353347766,4.820155985569261,1.0,1,0
74.53687902641363,1,1,1,4.076413481043921,2,0.4695830973521762,1.0842971627430609,21108.96820555516,3.437859317018079,1.0,1,0
501.86622104731737,2,1,1,11.302206333800187,1,6.492060407329048,13.910607630714873,17250.288713856375,3.7823777022528975,1.0,1,0
93.03111806080757,2,2,1,21.40856492215233,7,0.08252189815713333,0.10664565806219282,6950.594838117217,6.132213964606482,1.0,8,1
123.59057889805513,1,1,1,9.706175303389086,3,0.26657231689314975,0.4249224111063615,4861.137001843169,3.471266051697481,1.0,1,0
62.70703845830019,1,1,1,5.18749088438954,1,6.037935766604874,10.164409169874325,35539.57767132533,3.936604785475579,1.0,1,0
88.36610021843799,2,1,1,20.425510717038794,4,5.966851371302165,12.443904272427499,3060.635024516291,5.670593314973747,2.0,8,1
143.3150912556936,1,2,1,7.426223512147435,1,6.046692881036714,14.528069491183548,4048.4151929882387,3.627722392786037,1.0,1,0
754.7543141996971,1,1,1,22.50618467635566,2,10.628285804649227,25.892062900393704,15043.670334625418,5.117878244782325,3.0,2,1
57.957997446095376,1,2,1,9.33006720194455,4,1.3044553814584174,2.4708471141207786,11040.853021626892,3.8675281096048773,1.0,1,0
1430.6151423901583,1,1,1,5.9406929528616645,2,5.917279222519071,12.8010048633302,12833.67436071848,4.133258280919981,1.0,1,0
1423.6202763356525,1,2,0,6.314804239536127,1,1.181385800249552,1.4674765743161764,10544.637797287858,3.7887818007855456,1.0,1,0
760.9291619663948,1,3,1,12.893174776182878,6,0.24119713909938678,0.48347463303564314,7309.985209316127,4.751929218537619,3.0,1,1
502.4179805897661,1,1,1,18.413308422044363,1,8.861476996058698,17.95281875090374,24443.873120877968,3.992935542080624,1.0,1,0
73.96011820992783,1,3,1,3.355392283925592,2,0.36069349767703063,0.8384889595991167,15685.129500392608,3.585885546887044,1.0,1,0
514.3525423663183,1,1,1,5.626029981838163,1,0.11543707917497377,0.19667396029359321,7634.682718396339,3.7419636812068986,1.0,2,0
1414.4748216846199,1,1,1,4.618741907170676,1,6.991049001858399,9.421993212110715,13102.768449866804,3.7515665105404556,1.0,1,0
64.82393202241187,1,1,1,2.629555523634171,1,8.650632518675632,16.716032946672023,51590.66740314418,3.3427962599934333,1.0,1,0
72.14333470721967,1,1,1,18.080800710379215,7,7.3382576274521,12.248849203341825,3313.085197536187,6.283554181878217,2.0,1,1
68.84561235766233,2,3,1,16.355457573024346,3,0.17902003571687006,0.2203394265570486,2252.8392948703545,7.4019439331807995,1.0,2,1
509.36323344265634,1,1,1,4.576723441482828,1,0.27999783169178455,0.35666257586339034,11653.067654191409,4.085047661622126,1.0,1,0
510.2262958302663,1,1,1,14.109767137005596,1,4.619851074949912,7.305212697724422,10354.32916150144,3.4117623516207276,1.0,1,0
130.16133666835194,2,1,1,3.7605793540865085,1,0.6320489115184963,1.4591234244435913,20434.171814530706,4.019605463929143,1.0,1,0
41.1839454745394,1,2,1,32.324860095937325,7,0.4551593477613051,0.6095798820094478,2126.3443318636164,5.103459147193911,5.0,2,1
127.30609231973423,1,3,1,10.841089674525039,1,0.2157154092811367,0.417019448583777,11386.830743665625,3.5218992095389687,1.0,1,0
120.55637420388072,1,1,1,3.8575351832764526,1,0.4157550102400603,0.5804062391595805,7232.939612507886,3.616058695558271,1.0,1,0
77.9509817319598,2,1,1,6.6474733082134545,1,0.9599209521684795,2.111869638335429,20834.534339202488,4.109584842437615,1.0,2,0
72.33742461310241,1,1,1,3.5791809533817536,2,0.2339717960692948,0.30341329499656194,28256.50970867259,4.30328561892514,1.0,2,0
100.88695027836,1,2,1,26.399555690735234,4,0.17586844477793193,0.27777559896070597,3195.690271278406,5.415797289537945,5.0,2,1
140.74963645039506,1,1,1,6.0428420814246016,2,0.5592017149858205,0.9490461967715653,27082.08759858035,3.399932492820942,1.0,2,0
517.8408174662096,1,1,1,10.054591522505467,5,1.0266163203708774,2.072940359641239,19628.892834698046,3.2810615546455955,1.0,1,0
120.39758406655355,2,1,1,2.020089415951869,1,7.663429230982064,16.22221528585524,6487.509961729688,3.455681206995029,1.0,2,0
95.18990755237543,1,2,1,19.163309349504267,5,9.665982033180818,15.597856029904822,20149.492149377922,4.330016201237704,5.0,2,1
506.34988880483746,1,1,1,2.787952394547643,4,9.42802273687417,14.738326668367003,7023.257001725707,4.05690463697672,1.0,1,0
134.77467956687096,1,1,1,6.621681012427577,1,10.166627445637182,13.97100675608953,15407.218650138648,3.467606440392508,1.0,1,0
41.379194610360486,1,3,1,21.528805979294603,6,5.583087434957097,9.919631962293654,6896.20099609361,5.778657856436122,1.0,2,1
110.543394062552,1,3,1,14.17475864286259,7,1.3933699016012977,2.4007134934454957,12900.49194842965,6.1644750297653035,1.0,1,1
68.40035233103366,1,1,1,4.467309642259458,1,7.162885891583846,16.89134943397415,15258.990587137327,4.326422826038866,1.0,1,0
512.9840164984554,1,1,1,6.629633785183921,1,0.9311934345542471,1.6985207038827774,13744.531840991576,3.592097411304855,1.0,1,0
1406.5178466072196,1,3,1,2.32926294763855,3,8.614863212366746,18.80937558697362,15933.264598895637,3.5386982720353197,1.0,1,0
1422.1519712626816,1,2,1,13.230158145198601,1,0.20806874707197404,0.3402651873396871,25207.990599519846,3.350923371542286,1.0,1,0
1461.9422105607027,1,3,1,28.789898544697166,5,0.23339074262671827,0.4646745682732957,8987.179554381784,5.65995337564525,1.0,1,1
38.97222576616461,1,1,1,12.11855672912154,2,0.08344845811055562,0.18716308790723754,19770.985777078546,3.206928154419299,1.0,1,0
71.72426969359634,1,1,1,37.99847731206528,9,9.642218245557894,17.198700239433727,7117.095204175213,5.666636262355348,3.0,1,1
130.9857239051129,1,1,1,5.0079391997381295,1,0.5764141753060101,1.1140138213247668,13372.962908953496,3.549467698106529,1.0,2,0
784.9656664704064,1,1,1,32.66134792746884,4,8.389954759582032,12.950449990909274,5976.347087524478,6.552006929838872,1.0,2,1
1428.1986533992279,1,1,1,5.3758318143142025,1,0.030200621674680638,0.05264386635543574,16558.046269186478,3.6166106780413076,1.0,1,0
145.59435227334978,1,2,1,6.574570386997628,2,8.776148297127708,16.685087964078402,33014.9342981492,3.598536261525952,1.0,1,0
57.00411989749573,1,2,1,15.834469469061439,6,0.7958690234420718,1.2679175911368392,7976.870470379735,4.3759093940592395,5.0,1,1
1396.9169919557098,1,2,1,3.8877803966046014,1,0.5733318533670353,1.0896304567718533,30461.823216341723,4.4029870895406695,1.0,1,0
34.843757262000636,1,3,1,18.925356288396294,5,7.993726301811785,10.677989944804828,12376.384034396275,5.330946889926134,3.0,1,1
1428.2449448715736,1,1,1,12.658974805563306,3,0.12603211571448622,0.16083207506101435,10089.019845507142,3.4330086471197534,1.0,1,0
757.1640579810277,1,3,1,28.118213674721588,4,3.940399956883025,9.085875186367595,6318.87147730417,5.045541724047776,3.0,4,1
136.02290232514687,1,1,1,4.524514168066956,1,7.592031914221236,16.505138133634485,37915.44752513666,3.82123654845501,1.0,1,0
117.58050666459854,1,1,1,12.103189793056323,1,4.22951015220847,10.368338210231029,9477.437463623995,4.0158050312076385,1.0,1,0
1418.959545338505,1,1,1,12.253981568785383,3,0.07447861679687152,0.12853167419939593,20853.72511123832,3.8031448629396913,1.0,1,0
746.6270024604565,3,1,1,20.794538918255025,4,0.5785767462556205,0.9434813053241041,879.2642618741816,4.744125278977702,2.0,2,1
1424.964979405228,1,2,1,7.890337613348783,2,0.18291913199607832,0.36925548220316734,10718.55612339692,3.641163529994436,1.0,2,0
514.9789555719844,1,1,0,2.9312762683384856,1,3.517769371136499,7.579615856637842,37551.498970555986,4.1118803600805,1.0,1,0
495.0266324331189,1,1,1,7.557437881610566,2,9.375049258610765,21.880124732664132,13309.513615113374,3.9621426548187246,1.0,1,0
512.3099785795891,1,1,1,6.421464500278981,4,0.640113649290989,1.3646763506433517,3826.5450986721844,4.038228534529563,1.0,1,0
69.20702387098643,1,2,1,2.2715690685787564,1,0.32176720398085434,0.504671052715165,19978.704536102112,3.8869681106592604,1.0,2,0
66.29448925309619,1,2,1,43.038816828703226,10,0.3375740037318978,0.7846196131793642,6758.889607185094,6.9078549990498495,5.0,4,1
517.8445724762956,1,2,1,7.047295525149041,5,2.3399182125456144,5.83276526922651,73555.34895238727,4.4313084138721495,1.0,1,0
1401.069049766244,1,3,0,6.468174652467256,3,4.8338518503258525,10.874269443010133,10885.841981326763,4.0330833136799065,1.0,2,0
66.60285641996234,1,1,1,6.880405350193923,3,0.7619321830905548,1.8438195818821927,16039.654421788948,4.020725566209905,1.0,1,0
59.15845429638574,1,1,1,3.3361701785226288,1,0.9667519609779044,1.7244376791224347,35748.363313810965,3.6875386405145067,1.0,1,0
132.24589569195837,1,2,1,5.800852009602689,2,11.273669966863133,15.546457407661379,21603.88325025717,3.5309437087645015,1.0,2,0
146.9448555749486,1,1,1,4.83578475333279,2,0.01,0.023883644906200836,15001.08498951232,4.030908644325461,1.0,1,0
518.8046732149671,1,1,1,10.52438367480495,3,7.588439014530484,18.479230142306445,19013.21270527194,3.8979871659126832,1.0,1,0
753.5445210198401,1,3,1,15.638172224886155,5,1.4192706919301328,2.51136261448239,6519.810976865586,5.173992515979275,1.0,4,1
58.430219811896606,1,1,1,4.926004555005091,2,0.8488180867374157,1.9786457050326725,14778.280639692155,3.4426500451791493,1.0,1,0
104.62387337613612,1,1,0,40.092174513007414,2,0.07829598340427622,0.15673940870775924,4443.217139121886,5.53019805232281,1.0,2,1
110.29575254653959,1,1,1,3.515507525288617,4,0.19875100813999577,0.3027343664460346,20443.089536864893,3.676294973378733,1.0,1,0
125.28841722615921,1,1,0,4.539774997031007,3,7.023191771069066,11.180046827762673,22017.036078164892,3.3840772457265462,1.0,1,0
39.42577390458703,1,1,1,12.60989066143549,11,0.09201296584290387,0.20401939321579085,10975.70620160232,5.27015006379054,5.0,4,1
513.2145721334997,1,1,1,3.6048800304745288,1,0.07586964782086145,0.11792136281777159,9486.80982907528,4.250366883726128,1.0,1,0
76.29951736069698,3,2,1,67.81996658762426,3,0.6589931872178696,1.357786851344475,11412.637157432711,4.94181459878783,2.0,8,1
520.1623982365875,2,1,1,4.152612583300365,2,0.3315349976073813,0.5929897055500736,9786.09514373913,3.7326027301652847,1.0,1,0
67.57201611768197,1,1,1,8.847106460780541,4,0.10875046003653402,0.16440351093997527,17980.363446873238,4.0931065446140344,1.0,1,0
512.9338719083278,1,1,1,8.38915934076017,2,0.18311690135881187,0.26621183734772563,18146.195693676444,3.683871940296696,1.0,2,0
509.6503994323359,2,3,1,3.4853451681137035,2,0.7565930280625139,1.762291269143852,31908.78645385955,3.882769599948862,1.0,1,0
77.81877551781398,2,2,1,9.224430626342622,1,9.020322280704027,14.884303025578285,7164.866713477587,3.467534501847796,1.0,1,0
122.61274221392706,2,1,1,5.324599195012011,1,0.3879797759355518,0.9369327802520493,36992.33856110658,3.45651790831904,1.0,1,0
44.89131094479284,1,3,1,17.096637967388645,7,8.376787790193362,19.52839991500539,12571.764342018903,6.571961802192308,3.0,2,1
120.3083634921174,1,2,1,11.895463382598788,2,0.11252884498626248,0.27012672040174385,20304.65379916977,3.1536226126709836,1.0,1,0
67.62638476645071,1,3,1,6.706575711079373,5,11.701722189885198,28.1010328951285,17745.764405859907,3.660520007198429,1.0,1,0
1425.7978748443973,1,1,1,2.9628516203669237,2,0.4743643193509495,0.8831644857966972,17011.912579235963,4.327902934435,1.0,1,0
72.26145047610716,1,1,1,4.980416679618468,1,9.32211353459031,13.079794146882818,27039.82554139718,4.210835820694749,1.0,1,0
748.3687747150223,3,1,1,37.63191462057203,4,0.0716660144558306,0.1508674240546746,5419.573744408584,5.467917309026088,1.0,1,1
59.48696976368099,2,1,1,17.63672541036884,5,8.12369638275573,15.427979471547348,12033.272283498649,6.939363689492007,2.0,2,1
1429.5034199994732,1,2,1,4.324275681942262,2,1.9009661220576342,2.4778411884656566,20573.73230316693,4.088295944970131,1.0,1,0
38.72434786664052,1,2,1,18.39758105905213,6,6.752818699454531,11.074268340498122,4616.842757740328,6.7001363696688445,3.0,1,1
118.75679753116263,1,1,1,3.328756589889222,1,3.024125816992799,3.9964466856153082,40765.29878881956,4.15318671111851,1.0,1,0
64.50406016160923,2,2,1,20.88855237652101,2,9.030986975312917,14.592391939770074,2827.7891711911348,4.132755637347748,3.0,1,1
71.90358842685184,2,3,1,14.715982355902076,3,10.642989298727526,15.51018609004771,19022.0124810227,6.688785751624012,1.0,8,1
73.62713511105495,1,1,1,6.037013735015977,1,0.814194955162344,1.4010047693057275,4626.000805861932,4.403644823125427,1.0,1,0
94.91977724976468,2,2,1,37.53211932941757,3,9.183368224335908,18.233929946162682,5407.835091848744,5.4989332035428955,1.0,4,1
120.0592778980152,1,1,1,1.9330330364582597,1,0.3377070213848179,0.47223197379451837,17480.155777413358,3.757584897373118,1.0,1,0
76.41874025147735,2,1,1,21.209906300539934,2,8.99020838151196,20.309669054771852,15152.877804881557,4.645908522311077,1.0,1,1
1432.6226737780146,1,2,0,29.443568600605108,7,8.234324968207813,11.012431165483491,2620.6365895230683,4.9654504463566855,1.0,1,1
62.56193503790514,1,1,1,1.578247540635568,1,7.976902084833497,14.205166986797874,14305.95265692728,4.1490952781517905,1.0,1,0
76.83526391984482,1,2,1,44.116621328448275,6,0.01906377312719442,0.040317586571563015,5247.488825815147,5.702778128629353,2.0,2,1
1438.7300169949124,1,3,1,36.502876568345854,4,0.9057840957512352,1.6227972273130142,5120.16602275267,4.956440373676367,2.0,2,1
502.0321406111165,1,2,1,8.164238832129861,2,0.13786405165908674,0.19602148209224893,20124.063722111598,3.17743067787037,1.0,1,0
125.31832121325115,1,3,1,8.183573221315113,1,0.20004545881860375,0.2945217040111654,23162.217279639233,4.189544029717831,1.0,1,0
123.24390712886958,1,1,1,4.644752092582133,2,0.5260326315770767,1.2918552591894683,10631.015848786825,3.168995916730379,1.0,1,0
118.30740394572197,2,1,1,6.170812940716219,4,0.10306436386230573,0.18532178013845108,24990.20727722447,3.8309423078587956,1.0,2,0
520.128406327851,1,1,1,8.56983438123171,3,0.24435860028784118,0.36886244767118864,19518.399365455283,4.617540910423747,1.0,1,0
138.12330192616872,1,1,1,1.804283290601578,3,9.82479579952291,23.648348192539032,43278.166601119,3.9731399106723435,1.0,1,0
495.97354394129263,1,1,1,8.086860890295426,1,0.07775408483412606,0.14223249976283533,17057.022724093884,3.6914562725735007,1.0,1,0
59.952370504317855,1,1,1,6.241552186029809,1,0.11124701205785321,0.18097426858247717,8974.898022473764,4.109318610262839,1.0,1,0
515.5841681212959,1,2,1,4.874097281511478,2,0.4006476311237594,0.9927645435989108,20590.250009793108,3.6945972953565716,1.0,1,0
54.27472826383927,1,1,1,6.257766022760739,1,9.171303368672968,15.006958012139874,22036.443705545866,4.651295946496757,1.0,1,0
1419.8658597252424,1,1,1,3.57012833958866,1,6.23947509801316,14.691991668659357,10460.635581056107,3.404608437261449,1.0,1,0
86.48659899359998,1,1,1,6.435505432383734,2,0.5930348709356587,1.3814868872327861,16441.1414416488,4.0855380911954935,1.0,1,0
507.11918255869074,1,1,1,4.971757617258909,3,3.197467437784781,4.128057550235174,22298.11523023938,4.434811708615337,1.0,1,0
507.588553896894,1,1,1,3.9677654312651116,3,0.08679085503735244,0.18715700494850357,30637.151687748934,3.451350084599003,1.0,1,0
124.30764981669437,1,1,1,4.157874238291804,1,0.20785015835313608,0.3203771219937644,15450.35240231502,4.300250416039127,1.0,1,0
1417.8323874209252,2,1,1,13.215636889496345,1,8.639185724410959,16.802448726831035,19204.811864743668,3.803811760612075,1.0,1,0
743.405329804029,3,1,1,29.402036834648197,6,10.408735300988134,15.935815642348278,15387.607640580618,6.242958192517289,1.0,1,1
41.708371351822265,1,2,1,14.679349503067298,3,0.1334594226077409,0.24291253088781076,8055.690864104141,6.016647294684004,1.0,1,1
51.53262331465533,1,1,1,3.707642263891013,1,9.630587867907622,14.263758326145373,27504.00879192892,3.2350497751876026,1.0,1,0
146.2707127758804,2,1,1,4.325192265748019,1,9.545765457983679,20.501177049957317,14485.762590005921,3.8668568824786806,1.0,1,0
503.7103347924441,1,1,1,2.836895277947324,1,0.05847808995249226,0.10408728428334912,16937.70974839014,3.921427618144417,1.0,1,0
148.2164779805843,1,1,1,6.417946492639386,2,10.538371244689696,20.826946500874456,6471.596852921782,3.56233973237713,1.0,1,0
132.52668436869772,1,1,1,1.680885624912564,3,1.1380753670924875,1.5210266238232968,30462.21102500933,3.477623261206275,1.0,1,0
504.0951704671355,2,1,1,6.762579738365493,2,12.096600513940368,18.35821610073074,9325.55999913837,3.7762309252346182,1.0,1,0
513.9716591456115,1,1,0,7.670805951002551,3,0.14025435144094264,0.2149960307027821,22610.92605424541,3.98025927116081,1.0,2,0
142.081599524617,2,1,1,12.781668944679357,1,0.3842742439005692,0.7584941770940613,20811.40604241594,3.501236320282117,1.0,1,0
1428.4390565448814,1,2,1,8.68556584768334,1,6.325635068356533,11.875915854324607,10166.45768760976,3.1554168281085837,1.0,2,0
1412.7931168810246,1,1,1,3.867185916738518,1,0.4245117003672739,0.7125805724617964,8566.890654434457,4.46988683130022,1.0,1,0
1432.63764165208,2,3,1,2.901832316083591,2,10.436870679624317,20.866613813082605,12574.675160383518,3.715408695254359,1.0,2,0
99.2956991221759,1,1,1,24.588586132775337,3,0.6984140474890732,1.5655244478620836,1500.8956148809675,5.291156058870064,1.0,1,1
60.51977961869238,1,1,1,4.020182371639303,1,7.687862130540245,14.888748165114867,22345.635108662238,4.243535725099901,1.0,2,0
119.32638523731518,2,1,1,3.9636728784652395,3,8.372004225584204,16.566284718870126,25545.28097835856,4.492796937383794,1.0,1,0
1472.8920257230145,2,2,1,22.454032964121904,3,5.077711629117532,10.954639426775955,2152.4438833861996,4.476286627611542,3.0,1,1
54.71487843667631,1,1,1,23.4029900853051,8,0.10705370097628629,0.15533336000079193,5758.266089752968,5.63768128863612,3.0,1,1
1461.2194470961945,1,1,1,17.25165197254526,8,0.38482366144000574,0.5062579520896471,8708.280541481983,5.872801957782843,1.0,4,1
119.2800130501737,2,1,1,3.638141587626673,2,7.237011381774034,9.783014483914142,5305.521745449695,3.800883826572779,1.0,1,0
57.70876221583755,1,1,1,5.363044688045603,2,0.8410728134239269,1.999567371447733,33075.09580525197,4.045006315866306,1.0,1,0
131.78536155063316,1,2,1,6.840777842820769,2,0.14156616927973828,0.34053863275680335,6674.7436450094865,3.7757656435798297,1.0,1,0
518.0078165871802,1,1,1,6.93436039801592,2,11.227492789290352,19.369600404893536,6855.469428954141,3.603054358244322,1.0,1,0
60.49403233475325,2,1,1,7.870840301118337,3,0.04047301190093959,0.09861775785447405,9544.233483387568,4.165649601291812,1.0,1,0
1424.5141173573,2,2,1,5.057122982362358,3,0.017032483079754693,0.03567995898281283,16421.757931346776,3.905725648907029,1.0,1,0
107.24410140935264,1,1,1,8.176554402575828,2,9.152087653542994,17.756797836282797,10873.323916160836,4.408306798974705,1.0,1,0
52.085636201803766,1,1,1,34.983650231660775,5,0.1513000572160098,0.21204772845483272,10657.369886156874,6.007483544397062,1.0,2,1
520.3210123344088,1,2,1,6.045790502870089,1,0.8642148089053004,1.8337145788221811,32619.557182013144,4.0674689392073855,1.0,1,0
79.22135702650556,1,3,1,14.619835108080935,11,1.227717277855483,1.810178664208143,15254.7069714057,6.379850959703348,1.0,1,1
47.646275627320605,1,2,1,32.448352861485716,3,6.6098450191439895,16.493035549110974,1526.2116082452067,5.416377511572311,1.0,2,1
39.520986402862846,1,3,1,15.194753486111399,5,2.1491052923833553,2.870152154838747,4107.433938245138,6.583004660646553,1.0,4,1
1413.1550714956031,1,1,1,12.466028539634733,2,0.16794906336626847,0.22238516737884356,19310.583894780815,4.171557369721671,1.0,2,0
525.435670371451,2,1,1,2.5266874459120316,2,7.728031962504474,14.511573053043602,29939.233334914526,3.5726593951508683,1.0,1,0
1415.0548226507206,1,1,1,4.763543465098792,1,6.11502498263255,13.156014981082869,12659.714551744257,3.9561146809805905,1.0,1,0
505.9337739178642,1,2,1,3.8040117844642434,1,0.30746220972098787,0.7224102646419368,24249.603607935795,4.039705039669611,1.0,1,0
1425.675333180534,1,1,1,10.667750252814912,3,5.796638110137715,13.72601528719802,16683.70520715482,3.5256138446351315,1.0,1,0
1475.0965388127215,1,3,1,31.587801947172135,4,6.961875913213205,12.98318248444811,5950.587632384386,4.382444376555519,1.0,1,1
1422.8895384009459,3,3,1,24.223594468351305,1,3.795965374722571,6.818579222642803,11037.174301820396,6.248036796189561,1.0,1,1
519.0834456400764,1,1,1,7.556014720742749,2,0.9116595163310034,1.712106445988559,18761.754760560743,3.9505035329085896,1.0,1,0
1410.002869163372,1,1,1,5.023830040346797,2,0.168579989761955,0.3687778710546788,24521.075611650762,3.1090905998628857,1.0,1,0
79.02147484997136,1,2,0,28.24089997474504,11,7.632085469418126,12.380187377378817,20126.57429448296,7.053613896806207,2.0,1,1
45.03579053125135,2,3,1,23.545070237546742,4,4.5461103605133015,7.2731171972875215,2321.875145295517,5.727381283119725,1.0,1,1
1419.0157547243716,1,1,0,2.0774049078160552,1,0.9534567111198665,1.9264449108873418,15853.856507203272,3.8600188946300453,1.0,1,0
62.820130480467924,1,2,1,2.0900408244503605,2,8.017144584295211,17.94742012666111,7900.508538750612,4.136438822283301,1.0,1,0
44.76266772573882,1,1,1,6.545243401563514,2,5.6683237804403275,10.514023368099553,23685.425020279155,3.8938499838824776,1.0,1,0
138.08256680620013,1,1,1,3.1370232528481203,4,7.038808826398066,13.452303745224333,3615.817718773291,3.533364561645695,1.0,1,0
1416.5323019994516,1,1,1,6.139057212928032,1,1.2711131077147781,2.6426946684981147,29704.752972050344,4.0806111301270604,1.0,1,0
79.73394964184813,1,2,1,5.102070046886639,1,0.020717315594187866,0.0476678573357037,26455.545207257343,3.7787621592623997,1.0,1,0
59.14894084152436,1,1,1,4.595487863255816,6,7.464598373578529,16.325648089407885,17021.678372021102,3.544327962939458,1.0,1,0
132.94101944167647,1,1,1,8.052216825721764,2,0.7734933908364474,1.135304008168617,31882.273383694108,2.978247148805897,1.0,1,0
68.1419395752241,1,1,1,6.907833421998225,1,10.331045858149011,13.121462371927251,22030.735316070703,3.9740268286783653,1.0,1,0
42.322462201925504,1,1,1,4.518692029524203,5,0.19576729549795763,0.2920527826363041,14913.675506153342,3.7629513760217,1.0,1,0
519.6080728358816,1,1,1,4.229659374263707,2,7.225403759611803,16.767861233518115,16267.293293762501,3.6331082830093755,1.0,1,0
1426.1585158921114,1,1,1,4.022335911671425,1,0.5848427029991405,0.7626979130255793,18460.76053454923,3.351984894978261,1.0,1,0
525.1915757517504,1,2,1,10.802912713897907,1,7.711935575868956,16.790062446820833,17014.445918648045,3.9441375562344407,1.0,2,0
1413.10099891519,1,1,1,4.074166369383473,5,0.24689269076653314,0.3112572011042219,16549.090358099176,3.5681026323188667,1.0,1,0
509.24670629003754,1,1,1,2.9655295243927,1,7.470059517838598,16.48492890565984,10400.945198840453,3.9384919724577685,1.0,1,0
1470.9751567076041,1,1,1,11.299520931977906,7,5.579517682215896,12.490698279077872,3610.9445822983494,4.46895732962412,1.0,8,1
122.38642895931571,1,3,1,4.539185634124975,2,0.0945449637863635,0.19666889765256962,22831.90816166051,3.0389995460504124,1.0,1,0
1415.103806635861,1,2,0,2.5390470830430414,1,7.016164116385987,13.313544148817192,20364.408063766397,3.6394785676777,1.0,1,0
81.72793908255899,1,1,1,8.108865282452753,2,0.255361630343573,0.4095764300341422,29912.421588278237,3.6463283958505244,1.0,1,0
525.4039727043521,1,3,1,5.093764584434448,3,0.3155194043211033,0.6799961162142598,6604.683418092784,3.8906238929795816,1.0,1,0
527.365491705999,1,1,1,7.432132232091265,1,6.4744600705171,11.813172993819943,16784.161810206082,4.591868599015259,1.0,1,0
46.088532665637906,2,1,1,7.620318537651241,1,0.5099623638947857,1.0692025164268215,8032.973604390896,4.143512145330035,1.0,1,0
1454.9909729380372,1,1,1,24.172390689176115,5,7.022373777172584,14.55067138578434,9586.483484512839,5.905232463457001,5.0,1,1
745.7833283027306,1,1,0,24.660833383801958,6,0.032412879254724976,0.07428727232716141,27071.12605540805,5.843448327621207,1.0,1,1
76.0600051135519,1,1,1,5.194866987933425,3,0.6812644669054119,1.3465672549476058,5047.50692649372,3.7932844604184286,1.0,1,0
1412.1328516127264,1,3,1,9.08812099287084,2,0.05185964701015122,0.12391659002831573,8198.555787327768,3.0307812083730727,1.0,1,0
512.5119176952331,1,1,1,11.826246016940342,5,1.2439020253527633,2.5355881441368804,6921.098011783003,4.179220296954293,1.0,1,0
65.91618490227026,1,1,1,2.4354520231491232,2,0.6189518164316103,1.1388458101442025,20574.767005464062,3.9037053442382335,1.0,1,0
72.9136063545629,1,2,1,6.203504193808227,2,0.8243007076502279,1.4919444813629699,22166.429805590236,4.096231473584229,1.0,1,0
138.06993956296986,1,1,1,6.75874056037658,1,0.24762958808326577,0.3267582226596599,5072.23766209686,4.126636250424381,1.0,1,0
60.05370441882897,1,1,1,5.837929524582406,2,0.15338428147638408,0.29199892278144823,2884.344471805536,4.102484279787923,1.0,1,0
49.28928183474641,1,3,1,29.12165702629082,6,0.4187520439727585,0.5783623576762673,332.7153646435252,6.231363076114057,2.0,2,1
40.201116371794335,1,1,1,5.29872607965892,4,8.413758813318019,19.861144121076315,20535.799694840927,4.142917610391371,1.0,1,0
485.0623301618334,1,1,1,8.677419335420204,5,0.1103696463965144,0.23437179977439468,28221.36257570793,3.51382792950408,1.0,1,0
506.4645929335403,2,1,1,17.10720868135179,2,0.09386034779103498,0.14289256916716708,22684.726424842014,3.7221145820670163,1.0,1,0
28.606717267328044,1,2,1,31.945131484817576,4,0.08273689309667374,0.16129285425266657,5281.4003998161415,5.812415569840961,1.0,2,1
1427.9458112559666,1,1,1,5.803186256435342,1,0.07694481352408639,0.17728375925580964,14828.8514755916,2.9509048043466297,1.0,1,0
1466.0952528751172,1,1,1,16.380850454177512,7,0.0504197345618902,0.07716986717774084,6316.168327945948,4.372922180497339,1.0,1,1
54.28104865870237,1,1,1,2.555593016513109,2,0.7152017812558614,1.2360789564973573,13256.060486445778,3.6890093013687637,1.0,2,0
756.7459421757526,2,3,1,21.635100900731466,12,5.331026462822351,7.053735029538018,7378.255233700401,6.323510958046274,3.0,1,1
74.37051357404471,1,1,1,39.5504661878424,4,0.23246844241139492,0.46368614553612014,20454.24114196814,4.993479612429415,1.0,2,1
117.76728154960787,1,1,1,12.04382969603639,1,0.187390298302688,0.3966039081663731,10510.274730704657,3.485906874900251,1.0,1,0
53.84216565908118,2,1,1,9.291661432376696,2,0.07210629220258587,0.1066874496458852,6043.992838314612,4.032191299026715,1.0,1,0
62.96649738364753,2,1,1,8.139632426441734,1,0.2989259071438596,0.39071115524913674,32793.50737179807,3.9514929864522053,1.0,1,0
89.81808656562272,1,3,1,19.288942063799773,5,8.730554661992036,14.528247556819405,6171.6747268749505,4.08795418755093,3.0,2,1
70.09787687523476,1,1,1,36.49054157997601,7,5.1691052209337,8.596124630152072,3865.6667880621685,4.35528209126215,3.0,8,1
130.6985325168771,1,1,1,7.436377884988401,1,6.817943355916352,13.504588217096986,6578.120338299953,4.266201428698324,1.0,1,0
80.01952775681745,1,2,1,35.33525744017276,11,4.716426135809257,10.94495552239351,7679.214172025548,5.450634269088132,1.0,4,1
78.75264132627066,1,2,1,3.3366436010929976,2,6.668748824976385,13.747874653314662,19601.621204465133,3.7505779596163276,1.0,1,0
78.82264652593575,1,1,1,3.3735503005827945,3,0.12502117056882764,0.2681044889603726,20252.161040667514,3.9471418121632227,1.0,1,0
128.1845424301344,1,2,1,2.0311294925703764,2,9.930857246679894,19.132776196655655,19613.175886575675,3.6589054359371684,1.0,1,0
138.15159688812838,1,1,1,4.132741722649716,1,0.1755973514816774,0.2566436962479557,15111.9852628987,3.8912156572626606,1.0,2,0
54.02062068200272,2,3,1,12.822752044512786,3,0.6823937742081659,0.8866434957015257,6604.366671344554,6.949359932136789,3.0,1,1
1411.1801574757944,1,1,1,4.548288611115401,3,9.397256334148212,11.906556481318036,12832.81235741877,3.1893320486830263,1.0,1,0
62.89203491929284,1,1,1,2.6835106671869045,1,0.16081109130970772,0.3588737159511844,23537.23247350905,3.28806136264643,1.0,1,0
49.792742161475715,3,1,1,23.977248401864923,5,6.903379477032715,16.907893841963098,9329.008693807113,4.993789497116397,1.0,1,1
125.64799306172502,2,2,1,9.740575600125203,4,0.7887003289941,1.936246100556591,34717.38400918266,3.537001841342041,1.0,1,0
1421.2205536313547,2,2,1,14.127312641105595,2,7.592127010730753,9.192785480076235,45581.53298809102,3.484600685584582,1.0,1,0
507.2874631806442,2,1,1,7.174499548961265,2,0.7978262220810948,1.9187995335666912,11864.714371312943,2.9861967774576517,1.0,1,0
515.5196863175507,1,1,1,5.659338415907487,1,5.14094283781955,9.313354845626568,16341.118797106446,3.360140762827027,1.0,2,0
717.0907356946794,3,2,1,44.17493064265412,2,7.163581071876377,12.75815429892936,14415.092485252177,4.157867162741326,1.0,1,1
508.7797209514316,1,1,1,3.854103940173991,3,6.5322099598300705,9.070921507635713,6795.565570701409,3.8820009731855043,1.0,1,0
90.23607391937874,1,1,1,13.954467795457138,6,0.01,0.01367285255462903,13805.923411330887,4.998387438254255,3.0,4,1
514.5449389109635,1,2,1,5.4138756670002435,5,0.09074018404517566,0.22335254713778135,15767.249192305084,3.7692218460240383,1.0,1,0
130.11522862046164,1,3,1,1.8370743275293167,1,8.754243935440845,18.84375459676769,2976.873472902545,3.4123931937593586,1.0,1,0
94.97917053335168,1,2,1,31.568019595424545,7,0.09038159791410545,0.12026646791392062,8771.61598888366,5.542465689475164,2.0,1,1
54.60575152712771,1,1,1,12.768371558600702,8,8.976159052141181,19.476564857346542,7700.692870325763,6.055396104648055,1.0,4,1
122.91482438738217,1,1,1,2.921533542117815,1,0.025510975771633543,0.048788088291800605,14432.484295700091,3.299974011342827,1.0,1,0
68.16786153480729,1,1,1,2.6530966380638965,1,7.0267592878494005,9.193283031743308,7938.4273820222215,3.304149983458033,1.0,1,0
62.89451666934153,1,1,1,5.328998569651571,5,0.8350171637848561,1.4970170574638355,22833.79835984807,3.098732856918751,1.0,1,0
62.343662542191936,1,1,0,20.078332378376658,7,0.43097689684389756,0.7485590318407,2736.7026432192647,6.048795654238438,5.0,2,1
123.7335993631346,1,1,1,6.467889450273968,1,0.01,0.021348001035050076,10270.220126576232,3.9515868849523637,1.0,1,0
57.07380747137007,1,1,1,13.382634336781566,2,1.6652896847815524,3.811140021534646,9924.324312022662,3.6676785753466112,1.0,1,0
530.8791601815406,1,1,0,5.40087139192378,1,6.333000418344663,9.538186396428626,24945.47681243906,3.800237904936016,1.0,1,0
125.17659500004591,1,2,1,10.156723418485353,3,0.06007756860982467,0.10574903439261915,21379.431592712095,3.685615900525966,1.0,1,0
85.7741546659937,1,1,1,24.4949602425075,2,6.349170414281169,14.161994629486703,36902.262979867395,5.487223896919576,3.0,4,1
134.57189522041753,1,3,1,13.852782420504472,5,0.35388202692287274,0.5583710017843342,22131.676983223573,4.620994655325186,1.0,1,0
116.18087345732339,1,1,0,4.187080744429558,2,10.240482521426273,19.660535911157535,35926.26800353484,3.5648665708767453,1.0,1,0
44.22606741700264,1,1,1,6.348961363649375,2,0.18662754045255506,0.3230533576534473,17923.760316015178,4.14706478719464,1.0,1,0
509.0558958451236,1,1,1,8.585180449968142,5,0.5831250290387127,1.34277610510222,6681.3226748874185,4.523246536500168,1.0,1,0
56.12435434411956,1,2,1,22.224943906157254,10,0.15811977537786132,0.37733295431003616,18217.649027469215,5.563766351991934,1.0,1,1
69.2703633069022,1,2,1,13.720870520923272,1,0.4387242940245548,1.0160409911353787,29180.09221257661,4.530840814321149,1.0,1,0
78.25627904125882,1,1,1,5.0890491287295685,1,0.9134567273281812,2.1679882183353407,27427.339276701976,2.9793488206965857,1.0,1,0
763.9018909969093,2,1,1,21.686384815229143,4,0.5196307055041297,0.8870353963739844,14557.23608004316,6.512519863709923,1.0,2,1
732.2802724998153,1,2,0,35.54625832666078,2,5.466061914094534,9.307090839120358,2335.2454628866394,5.662141529396701,2.0,1,1
497.56457168275426,1,1,1,6.19745696284559,1,9.213602879987024,18.500808319896336,14492.958471066953,4.389929164762725,1.0,1,0
39.93810131683232,1,3,1,44.49216279802857,1,9.470715033495694,21.82957432365234,11789.304510020847,6.87705236329683,1.0,4,1
1407.7979375222465,1,1,1,6.728436896616135,1,6.419177446474076,14.141799435319683,9168.519616579588,3.6971081309530187,1.0,1,0
65.03556047248327,1,1,1,9.670571465539552,1,7.030253772369389,15.50838413563715,6611.176570156968,3.623795282466216,1.0,1,0
60.022179893003475,2,1,1,27.79048345947509,9,8.427390537508055,14.571687591477259,7665.671964323308,6.128098587468573,1.0,1,1
52.061742011934946,1,1,0,7.13193799314873,2,9.221608997387229,15.076768855363037,27819.854987792285,3.380281083137505,1.0,1,0
133.40638527899526,1,1,1,5.426418676421397,3,0.4814133316516189,0.6772065004900933,10911.031083433614,4.707021383097511,1.0,1,0
126.77586014091713,1,1,1,9.833379506661727,3,0.5208111121903152,0.7492910947796653,21243.7083594169,3.7664820267317776,1.0,2,0
74.53974154204494,2,2,1,8.607174907386767,5,7.8878842278528065,10.570202627282237,25235.16741227591,2.998097809040399,1.0,1,0
48.84427889864934,2,2,1,16.476768770405865,2,8.796544081028623,21.565787065378597,6708.3548794806175,5.027859898406846,5.0,4,1
500.9625224088709,1,3,1,8.634780333595298,1,8.418571725853816,15.036138238005785,11212.227866459058,4.1136289796818675,1.0,1,0
752.8489278613766,2,1,1,15.809162047111736,3,1.192677188484203,2.459304897816613,2367.099347436317,6.006504162971807,1.0,2,1
1486.9084917633988,1,1,1,23.39098086113087,3,7.818690918212942,14.897535097397279,2196.495711795992,5.260031163693687,3.0,2,1
114.44658353525448,2,1,1,6.025254056244321,3,0.14208371153964344,0.20601354525325113,7660.534220964507,3.545143920118805,1.0,1,0
1414.5124937276908,1,3,1,5.579646922778224,2,0.39933549428288945,0.77327611356337,8287.064840212164,3.9806684662927294,1.0,1,0
119.96211968669525,2,3,1,8.070980724357717,2,6.822447869980773,9.247605352147396,6331.093754519465,3.9297416309239597,1.0,1,0
1461.17761810638,1,2,1,18.086584036279042,3,0.650155348410655,1.5171569193725358,7559.473912705863,6.286511811401461,1.0,1,1
139.02447109779519,1,1,1,4.3866894339871125,1,1.185331111673029,1.5800822580825655,3033.0945825464055,3.5144085439336332,1.0,1,0
740.7955516662468,2,3,1,17.604921885367624,5,0.23091803906234998,0.30346714070599573,5907.911149692619,6.671130217309091,1.0,1,1
37.112659996547826,1,3,1,33.37547912700216,4,0.5967924945194724,1.0833496949262549,3620.3221986675753,5.246249225997818,2.0,2,1
113.73360675447353,1,1,1,10.304205326234307,2,8.006025788905198,10.392896020249154,36334.86209710786,3.6333192836100956,1.0,1,0
51.56406074261153,1,1,1,3.0923696145381765,4,0.5331636574311679,1.0464905563381186,12921.595403122188,3.9733361553265736,1.0,1,0
143.66200696640593,1,1,1,5.3345588479568,1,2.0556493708287062,3.5739682606000813,26827.06203846551,4.239755734251662,1.0,1,0
105.36890636630157,1,1,1,5.657756834681344,1,0.16574550625537557,0.38829096995909956,35000.013711233434,3.6374707972199367,1.0,1,0
527.6219509083099,1,1,1,4.501573062769767,1,5.1479545214335865,10.69075545962333,12664.384156307686,3.83369321767655,1.0,1,0
68.24348861000693,1,1,0,6.884972480158473,1,0.17577035808142388,0.29935739603338324,8084.223865146368,3.493722833757241,1.0,1,0
520.2486238723088,1,1,1,1.764912474408797,3,10.100856021985683,24.627784818643438,19121.888828958894,3.316796093632784,1.0,1,0
774.7360819699478,1,2,1,30.422244251198336,3,0.08103029845438563,0.20003778910861972,2957.180796256898,6.729814646642327,2.0,1,1
72.18707948052696,1,2,1,27.450415710499282,6,1.1420923948764414,2.0844202136172076,14068.519802019797,5.599405880038433,1.0,2,1
497.0294560592925,1,1,1,7.489292656224112,3,0.20241566982769701,0.3820266187305704,8620.31031570006,3.7402290246677716,1.0,1,0
75.83102988277167,1,1,1,10.881914851035132,2,10.874263857104282,18.787225799075706,14218.881132976665,4.207054163616021,1.0,1,0
126.63446900421073,1,2,1,11.97293452297125,4,7.179917306204258,17.422937190461724,19200.418594247785,3.5640024201015232,1.0,1,0
498.91461960193885,1,1,1,2.572849499913922,1,0.3814542502540989,0.65689861490862,25359.16203039865,3.9606758310984786,1.0,1,0
137.03098906308452,1,1,1,6.381085410326936,3,0.024396252530024982,0.029564122856462514,15473.566771326194,3.8008757140056972,1.0,2,0
48.56675944989785,1,1,1,7.6333397264584155,1,0.12318770780864895,0.27319534216519004,22442.930334996927,3.5494945447379234,1.0,2,0
120.70588797295802,1,1,1,11.482483779552501,2,6.148266719007077,9.564147590195931,9556.710601418363,3.194698709544528,1.0,1,0
86.71148310941771,1,2,1,27.05726213853639,6,0.12611568383366306,0.17092914325433659,8586.520154955027,5.440759156993115,1.0,1,1
50.335944271606564,1,1,1,26.288584469087002,4,9.538975991894239,20.850396328772405,7389.397535997871,5.42061411346312,1.0,4,1
1474.2448063873658,3,2,1,35.82244787254703,3,0.027213867142997686,0.03826323729678918,18820.22483542649,5.724505458027078,1.0,2,1
47.493870645227936,1,1,1,18.719020781822053,4,0.40509266672981736,0.9220604531436136,5271.212349343915,5.3819592209323925,5.0,1,1
142.06103532940958,1,2,1,3.9366528209409197,2,8.218448751364289,17.47672991078081,26375.26673481027,4.377740905277553,1.0,1,0
132.47315952174466,1,1,1,5.0111296126659965,1,1.0637881731371577,1.6668146021313421,26252.037333439202,4.004706676230115,1.0,2,0
58.22799470579527,1,1,1,4.515518987630513,2,0.8829272218354384,1.900720940770498,17061.902010076858,4.2558163119793795,1.0,1,0
1455.1441942266054,1,1,1,15.831910804457126,6,7.28922442355418,16.221083002736126,4134.724040582219,4.702638261616901,1.0,1,1
1404.8640345736442,1,1,1,7.119491313818293,2,0.35382828912938946,0.6948360836314684,18728.434896225415,3.4194586094245016,1.0,1,0
512.4214983296064,1,1,1,3.4854961058677842,4,10.580347880464778,24.3771829012543,20798.553926526092,2.9806354203036403,1.0,1,0
103.75011526369181,1,1,1,7.871209743910018,2,0.4443459778643865,0.8930786519835037,5914.548478297667,4.446502495314534,1.0,1,0
105.63942033497877,1,2,1,18.56482293122274,11,8.537598575165571,17.928133716766,2383.1926158390615,6.129851105077467,1.0,1,1
113.81682441934055,1,2,1,1.961725775706817,3,0.32181230276840866,0.7441540004268662,8578.25315687069,4.122962620748193,1.0,1,0
1417.1273861332759,1,1,1,12.17687437531658,1,0.864295991676247,1.859867634098599,12824.159707902892,3.334689098290143,1.0,1,0
1411.375982254167,2,2,1,3.7850451933334255,2,0.1904045294118069,0.3893235534189451,8321.499316845115,3.5957856178032825,1.0,1,0
499.7709179098682,1,1,1,2.53732036530944,2,10.045673802946647,13.129770403828521,19615.843111784,3.3431159756320135,1.0,1,0
42.16461590195203,1,2,1,30.230190408407193,5,0.45688375483527377,0.6918778306792759,6580.955808115417,6.103362263485845,3.0,2,1
127.29688565355872,1,1,1,7.895250966062257,3,0.16374735045226166,0.3449800270156065,17443.97730088355,4.198743174993827,1.0,1,0
1443.7653803827436,1,1,1,12.117774307908437,4,5.992112423531384,7.8915890529511685,2919.1709978394074,5.503437003981268,2.0,2,1
72.87473914498842,1,2,1,21.514182215303418,3,0.17834800870031395,0.42742623936972424,3743.764584333976,5.918809559259848,2.0,8,1
75.46250443627001,1,2,1,6.5220468149335336,2,0.40801528767195083,0.5664419174599729,16528.104693544272,3.67289430719585,1.0,1,0
1425.7863058287426,1,1,1,6.423829866292079,1,0.6787333495912661,1.069538732258827,24803.458456382603,4.293634779794336,1.0,1,0
747.6092102839503,2,2,1,25.659602135554312,8,0.08785153031046718,0.14255296645889576,19587.411809488247,5.793877852000525,2.0,1,1
1445.182121857076,1,1,1,4.040174009960271,4,0.8973325728886663,1.7445040171326658,15662.624510244157,4.267695237536324,1.0,1,0
1451.4109933247462,1,1,0,20.76454534151909,1,0.01,0.021757692520580935,10385.83317901646,4.033747546807278,1.0,1,1
1429.6580200692738,1,2,1,6.2174947542705,1,0.8784101700646564,1.2420480076202074,14370.529119234729,4.330892558333914,1.0,1,0
78.26264405683708,1,2,1,25.563217192078223,5,6.68225292570189,15.069067966895796,9881.906026457997,5.7640838836117,3.0,1,1
502.9909215272655,1,2,1,3.760591890167813,1,0.01,0.02483684667865054,25125.76381123345,3.0554993021496313,1.0,1,0
510.2238020940141,1,1,1,1.5488662419626311,1,0.07954410325410942,0.10729698005417804,11956.567111040098,3.6026417076431576,1.0,1,0
135.69269504231508,1,2,1,5.537338734701965,1,0.3318526409247977,0.6773496163672846,8969.365388666702,3.746910313070769,1.0,1,0
127.18006078506669,1,2,1,4.80084212143953,1,6.311797225800848,8.881617107293453,12232.977123598062,3.8750995005155993,1.0,1,0
1403.6405020294883,1,1,1,6.061293932055786,1,1.1577387305081521,2.7496905098572495,14126.232694450011,3.387859052800662,1.0,1,0
85.27404527220851,2,2,1,20.785606162365493,5,1.2150672008239167,2.349777325108379,14086.02819786452,4.592756240966162,1.0,1,1
41.275348256039436,1,1,1,28.439639184087845,3,7.959660273340392,13.527211115820306,6275.493927316014,6.007263835100942,1.0,1,1
135.31077529677103,1,2,1,17.7621802782643,4,2.0029841765575545,4.588630654129695,27197.21127699046,3.5363838723909256,1.0,1,0
80.24143229827916,1,1,1,2.87109426503198,3,8.57631268200641,10.386013694863896,11476.091472040838,3.6541025633907798,1.0,1,0
1425.6121040566627,1,1,1,7.128622688675476,5,8.78040726707396,13.579951847732497,5341.711618451004,4.341168594327924,1.0,1,0
63.11396061657151,2,2,1,30.320396618415042,2,6.817966202262941,15.41993959345407,7166.962331719854,6.230240528618559,1.0,4,1
131.08460390576587,1,2,1,5.7260015673479066,1,0.7275176070868066,1.8180967959486338,18580.86126388677,3.930477200353026,1.0,1,0
124.77115992009827,1,1,1,7.245752381612321,1,1.4501746306151,3.2580296753910405,5606.400504457133,3.9575297659455404,1.0,1,0
1458.6804443848878,1,2,1,41.950906119590165,2,8.152441157786336,12.534602502940317,4932.542400103077,5.440789687094337,1.0,1,1
1419.833194415025,1,2,1,5.504915040198108,3,6.9711490823180835,10.66497969999436,8523.093249155254,3.718204090783539,1.0,1,0
46.40546215937007,1,1,1,27.141109728828454,4,10.000135109931033,12.777339904767313,2724.6834165622304,3.6911274128676466,2.0,1,1
63.83329059086836,1,1,1,11.316452112043992,1,8.83453330581589,15.895026696219231,5222.391403561951,4.190367314065433,1.0,1,0
68.75965201478826,2,1,1,7.916025440526983,1,0.06571007747927725,0.10870151340842618,40436.64019500473,4.278694254899725,1.0,1,0
1427.026110345943,1,3,1,5.9997641291899395,1,8.670112930615765,15.77242456804174,18942.854956887626,4.019087658991105,1.0,1,0
3.972259070254566,1,2,1,17.536240951770473,8,0.6076728705756904,1.4471588401118554,8251.571267640771,5.56445923896666,3.0,2,1
756.0265207499622,1,1,1,30.3308856740711,5,8.120701459245705,9.78408972681733,10772.994861175452,4.834368082120331,2.0,1,1
50.569198369083786,1,1,1,7.927948915571715,2,6.655101923599466,9.606272022888493,21796.915882271354,4.366961725249837,1.0,1,0
1406.6355011173753,2,1,1,5.010219872174574,1,9.141496928772543,21.37900378886134,20287.51957334771,3.1483202236378287,1.0,1,0
511.3090858927386,1,1,1,9.740550390406606,1,0.955917497353415,2.1728992713262323,33305.00672549567,3.340408680300624,1.0,1,0
123.04921553979091,1,2,1,5.952939002130912,3,5.591661563673222,13.550147015594165,13776.576350608102,3.5172585676867674,1.0,1,0
63.67275284457993,3,2,0,30.445446743817683,10,5.725309851262447,11.299182092743335,1527.4053116177322,3.8973187028211855,3.0,2,1
114.88289222546437,1,3,1,7.285391623077777,4,7.217565168073282,8.667819365355154,14434.653211065668,3.6923726509249857,1.0,2,0
89.24600349103251,1,3,1,21.888798553015544,5,6.512863561804895,13.779442068159739,1504.828096827672,4.963110414377896,2.0,4,1
53.07897290460759,1,1,1,9.20282898068857,1,7.350537012463676,18.31378857131182,8991.736635941621,4.342275434135628,1.0,2,0
125.67348115802808,1,3,1,3.9701264891682477,3,1.995250042249248,3.4376752628874923,13872.796443815982,4.07681530535636,1.0,1,0
128.200221014603,1,1,1,2.6170069203477038,1,0.013232545265277512,0.03215284725083083,31069.021807750778,3.76000555816834,1.0,1,0
75.55118290847108,1,1,1,9.585580368166566,3,6.955002529334132,11.137346489830088,33116.257703684445,3.9007519052126307,1.0,1,0
521.9668401554642,1,1,1,3.788152932551583,1,8.431998869514628,14.775033007610155,7007.20325013072,3.7479809848534087,1.0,1,0
125.6325821032277,2,1,1,3.336787235966286,1,9.529762759127063,16.236768226250007,6259.430607959289,3.5151580369343525,1.0,1,0
65.01383329605802,1,1,1,4.237537801681741,2,8.918699399153656,15.454126547628585,12325.810857108605,3.5119666987376625,1.0,1,0
126.24655906713652,1,1,1,12.25276153561665,2,0.21524902609740412,0.3511827406379288,16047.107078460424,3.9068038129384886,1.0,1,0
498.95395428496926,1,1,1,8.7192499358618,1,0.531103057191636,0.8240928879639096,22566.145263724622,3.637053240952874,1.0,1,0
1425.1565418530456,1,1,1,8.603730031073674,4,0.4512723520935605,0.7602699020243066,22397.692889259975,4.1038287386823376,1.0,1,0
62.359232943186,2,1,1,4.095856320849959,1,7.319022678881471,8.957054644043971,14430.997963154165,3.9254060168622353,1.0,1,0
66.5574579897916,1,1,1,5.907344123479856,1,10.11012371056186,22.16998172314932,17622.071065376716,4.103694810153632,1.0,1,0
121.39255371707236,2,1,1,6.416131966097829,1,8.916584736973096,20.29228849611236,18229.41481134076,4.726287009683853,1.0,1,0
60.56470680777406,1,1,1,7.034465973455295,5,0.3286301895268914,0.5929154281583385,17046.167628243238,3.8236592751511442,1.0,1,0
506.53243738718527,1,1,1,3.7751939007809536,1,8.17430077424003,18.79567792985291,27376.455641748205,3.8816334710187483,1.0,1,0
1409.3847390161939,1,1,1,2.4009482385874517,2,0.04993870282177954,0.07055946584283529,56052.18860678718,2.983958404292107,1.0,1,0
48.43307126425374,1,1,1,15.778791412294552,8,0.23141866826878046,0.5390063703663746,1681.7651137562139,6.108850185183161,1.0,1,1
42.88937846363279,1,3,1,18.959041367883408,12,1.4692117181496045,2.2972661331723274,1962.916289571822,5.867232601910334,3.0,4,1
1439.386159142071,1,1,1,3.5717187980887117,1,9.995447186212003,19.612222959578,9586.524849036094,3.2789799312664365,1.0,2,0
117.78606216805183,1,3,1,5.505033922835094,4,0.550021807162633,0.831672981733076,25267.810755061462,3.750388967896465,1.0,1,0
131.65798810951307,1,3,1,8.676011343405015,5,0.10039818516777296,0.19251069978265012,20266.440858084017,3.9661052154189704,1.0,2,0
130.22454508510566,1,2,1,4.886741150371924,1,0.01,0.016556274420864145,10009.12745753122,3.2256301560852103,1.0,1,0
485.0408952178009,1,1,1,6.8255227498840085,1,0.20188942764859807,0.40706495358771183,19060.966137193554,3.607895091458563,1.0,1,0
758.2015686447124,1,1,1,20.483646914440353,3,9.71772715381007,22.239100384769067,27330.433341139786,4.973968912291146,1.0,2,1
76.39894049165542,1,2,1,40.67035189791691,4,0.13286075260815677,0.2920252796015976,13570.951514268627,4.759085010267857,2.0,2,1
75.07889039444879,1,1,1,4.645597129362013,1,0.18542748012418653,0.27873769715954994,28029.387766968,3.901772343396298,1.0,1,0
762.5508467889391,2,1,0,34.72152255974726,3,0.37663728399810525,0.8105977101436462,15746.34162996703,6.357196587693806,5.0,2,1
69.40606577495413,1,1,1,7.39309439140065,5,0.8932425840524297,1.1097594503845534,12687.585379103359,3.7132897818857855,1.0,1,0
512.0935703658319,2,1,0,2.9262998506328612,1,8.702745266614114,14.001810448044512,11701.865032231703,3.7782939856596363,1.0,1,0
134.04555556206302,1,3,1,7.449474540991128,2,9.178691188737735,18.48897482989271,25492.00304220608,3.5908715429831513,1.0,1,0
113.22677825425143,1,1,1,3.716339958758398,1,0.19720571696124395,0.33127450194836655,7793.188393425456,4.0217990454840855,1.0,1,0
63.76979579424553,1,1,1,13.826726561631848,3,0.5274954841226327,0.6370352728339461,5632.800690880915,5.980378491364046,1.0,2,1
133.45567241251987,1,3,1,11.655205266909663,1,8.783317171574627,18.45089506538207,7583.356643279682,2.9654551207740854,1.0,2,0
1422.1038973591437,1,1,1,2.5071216979438358,4,0.6523850469699308,0.8513496372421913,6116.494857517017,3.6946217191268964,1.0,1,0
129.7917323992528,2,3,1,6.7428892150931885,4,9.488069111758374,13.512766571347475,14416.371362748541,4.2600769083579815,1.0,2,0
502.9262694751405,2,2,1,3.3450121003882685,2,7.663144092057432,16.673570554897573,5479.680688929028,3.7559024757173933,1.0,1,0
63.10902137880873,1,2,1,15.776251299164846,3,0.9746013021197422,2.3529900737211022,2923.780224962058,5.9304069008149325,2.0,1,1
521.7374710504704,2,2,1,3.396099206095516,1,7.739196090061716,11.665767275548767,44115.058601136996,3.9635785905053598,1.0,1,0
125.95301929179769,1,1,1,5.475560027840832,1,2.416376967250096,3.741457455452009,10460.352916835765,4.383335128059211,1.0,1,0
59.31475611769222,1,1,1,2.680259235933775,2,6.323680401278358,14.399396026358414,34425.252856762694,3.5908188269576926,1.0,1,0
749.0775689234903,1,2,1,18.073257696984815,5,0.9913330789371424,1.8545774247634164,6808.084976977939,3.9358330898593525,2.0,8,1
77.85685191421935,1,1,1,3.325933420299429,3,8.004390143890621,11.537499597439705,16002.155558743936,3.1511189746165527,1.0,1,0
1465.419912197398,1,3,1,22.40239309838279,2,0.08270779363839573,0.1688441418492693,2450.4079571581724,6.0751235608293985,1.0,8,1
755.4099835174655,1,3,1,29.981404141729527,2,0.22682045875123028,0.485718232413887,3251.8881398398494,5.132348129816667,2.0,1,1
760.1149922434495,2,1,1,36.63804368726856,3,0.0967853552086027,0.21870281944596612,13941.776516244454,6.554496892083293,1.0,2,1
515.2383938241858,1,1,1,4.356730055346571,2,0.3728913051927457,0.6216170120729008,17154.34694330861,3.887049135678934,1.0,1,0
124.55496413296872,1,1,1,3.936032322906347,1,7.671437406064882,17.076974654072867,28678.93407652397,3.9176409308690667,1.0,2,0
62.602734016588435,2,2,1,4.740006241926974,1,5.814512038448302,13.574751260217496,18711.22580144542,3.6056000700916635,1.0,1,0
1425.155721819163,2,1,1,2.672354658880556,1,0.14838512689721076,0.22591557844644194,6412.261523709351,3.6490865012226115,1.0,1,0
81.79663102886731,1,1,0,16.749833474836826,3,0.511807431891091,0.7754467776564323,4231.1028379788895,4.713553963992139,2.0,8,1
53.747705587028385,1,1,1,5.087898939480429,3,0.025477639033107208,0.05757738070119765,11119.695148316,4.238903217653349,1.0,1,0
47.77069565325768,2,1,1,18.57862619064003,8,0.22264387462728014,0.4114530736249832,14600.802826501738,6.018936428681086,1.0,2,1
140.79435896584428,1,1,0,2.0294903233134347,3,0.1475228402987019,0.3656025098316706,7954.641481198678,3.819756241063109,1.0,1,0
128.7944987449588,1,1,1,5.062767750458598,1,0.21248967820754994,0.41663462660352485,6170.919797607682,3.238668010584593,1.0,1,0
1465.6357369445248,1,2,1,31.51972621026684,4,0.11396143429828409,0.19674389076277318,10392.246948506248,5.065659861374887,1.0,1,1
85.63521978920063,1,2,1,10.427041144557275,3,0.1308592388216887,0.18986782226872276,8916.57215931288,5.401136127714485,1.0,8,1
509.2732824788102,2,1,1,4.467923652054692,1,0.0499046314521855,0.10929465040424312,10751.174921574417,3.4921396101517685,1.0,2,0
1406.4796935792256,1,2,1,5.315909123831223,1,6.450536729129414,10.039268808704398,20104.318613436535,3.6406662783226054,1.0,1,0
1430.4887854117678,1,1,1,8.416056891275357,3,1.2299891703937713,1.8416366135542734,23010.6998175591,3.478758871937449,1.0,2,0
138.00107242925276,1,1,1,5.524419663763966,1,1.167552498362028,2.7587674477916906,7876.711700358408,4.03629186336254,1.0,1,0
44.94450810817304,1,3,0,31.770170710615332,3,0.14542942532445086,0.2330040116930809,5343.376253763372,4.67818070176051,3.0,4,1
1434.4358304223554,1,1,1,9.976328160865476,4,1.4329773452014816,2.3863423202825564,16300.182275762905,4.272344707207135,1.0,2,0
133.17903190678757,1,1,1,13.424538427041986,1,8.423519290489729,18.600391855735253,16590.794109003502,3.8908787194210386,1.0,1,0
46.75741435086937,2,1,1,13.919525029647406,4,6.949897850007703,13.668931163832859,6854.1252005729375,5.543510589470506,3.0,4,1
77.33072976823402,1,2,0,18.869852781189458,4,0.32301790169418626,0.7802231704179253,6139.122000090333,5.314834644606228,3.0,2,1
62.84164567043771,1,1,1,12.888890716523328,2,6.619217141824117,13.463872763243351,7678.169938947492,4.197618661211151,1.0,2,0
1429.0726913724116,1,2,1,18.93330923936047,7,6.835435838417649,16.077791787950805,8489.040493740808,5.48887835648633,3.0,2,1
120.63079425780082,1,1,1,12.944299370061856,1,0.5493953374178503,1.1501921743263515,16259.81248601964,3.7413571924785476,1.0,1,0
497.25493597739813,1,1,1,5.05574217286619,2,0.15858065406874394,0.27055897287836633,23457.179924522534,3.104122186704961,1.0,1,0
80.97974251000662,1,1,1,31.549851105421116,5,1.2693470264420286,2.3395536630356584,7876.864677785434,5.921743917725719,2.0,1,1
72.44817990804074,1,1,1,4.681447730732712,1,3.901434947045984,5.68015946944912,4854.204044907027,3.906575064453128,1.0,1,0
527.9937961770819,1,2,1,9.179699527684093,1,7.84884308376645,10.752755912602629,4912.132067042858,3.063155633191987,1.0,1,0
518.1347355836886,2,1,1,3.331897048240552,1,8.189356559546031,16.37827737436762,14108.887914837323,4.513881285003415,1.0,1,0
1445.8249134399914,1,1,1,18.28024950486894,7,1.4425189017841242,2.446464961890882,9201.019173849392,5.808754457155228,2.0,2,1
124.54302889132275,2,1,1,6.48102618552383,1,0.5635840151079978,1.3820217321663417,14275.67134661455,3.7475164104348813,1.0,1,0
31.365648540960727,1,1,1,14.253151544211578,9,0.8996857589762589,2.169177156429052,2909.451170585286,5.882174533926385,3.0,8,1
70.57628894979386,1,1,1,27.393684231953017,8,6.782167056680355,11.457411394485133,863.4577090702197,5.106709844799953,1.0,1,1
71.45853900068957,1,1,0,10.650027170645453,4,0.1751994282732437,0.4361114625871956,13647.405459200501,3.931081288289529,1.0,1,0
73.4375206716471,1,1,1,50.30460282052498,5,7.256960680076536,13.828713155736768,19810.18053326036,5.815595536746192,3.0,2,1
43.5571128962072,2,1,1,8.008710295605276,3,7.61679261363082,14.077090065216574,14533.226743067471,3.417979649152992,1.0,2,0
122.08163386337554,1,1,1,8.367766506800674,1,7.181351935117683,13.950805424748705,14300.380236740097,3.645020636692251,1.0,1,0
513.094780180355,2,1,1,4.474053695311577,1,0.4410317080558169,0.6680246905903275,12300.187792511346,4.2755867728327805,1.0,1,0
61.256546165883506,1,1,1,4.763061202495468,4,0.1697389573213243,0.3014830718932188,6401.925327482629,3.2505684733322298,1.0,1,0
505.551429730852,1,3,1,4.289266812141252,2,0.23650695173315986,0.5701697176287308,4638.487615709092,4.156818482561577,1.0,1,0
1453.957782148333,1,3,0,11.714591171521528,5,8.739071342818189,19.716212302029085,5376.059367154741,7.5,2.0,1,1
1427.6935027212899,1,1,1,2.176987306562001,2,8.510242005006056,20.994109921381394,18085.12498287235,4.209021953065286,1.0,1,0
58.060291355356846,1,1,1,2.5069896773967484,1,0.4544943957082297,0.7918547473983812,26014.863983038904,3.2218113148114083,1.0,1,0
64.72002965868626,1,1,1,43.120179945582876,3,11.941980599169755,23.508047119261335,2645.6337015752906,5.1150191709864075,1.0,2,1
68.31682742109706,1,2,1,19.491209132026153,4,0.2379448731656404,0.4535275314199848,2854.3613964515953,5.0848968333626985,1.0,2,1
1398.387796426803,1,2,1,6.830175754115622,1,0.01,0.01902591878002475,19761.03867956156,3.418324556732551,1.0,1,0
532.1034520779933,2,1,1,12.014383518152774,1,0.013116099034093942,0.0311618893857969,16393.608454251207,4.3060591044782734,1.0,1,0
1430.2160554233415,1,2,1,12.309950167044914,1,0.3739770096457154,0.9112517196873781,17154.46305931803,4.336891884220059,1.0,1,0
505.78903153141493,1,1,1,4.38300867243554,1,6.284992131984376,7.810858052838001,16864.450878013147,4.516314954564697,1.0,1,0
72.8588438122748,1,1,1,9.32902408592701,1,0.3008903154068117,0.38832410922657035,23416.10141237158,3.6317664773969853,1.0,2,0
43.03789021621067,1,2,1,8.215983890782418,8,7.634232135341346,15.500561871944576,3185.388113421323,6.303479851739378,2.0,2,1
114.06592051013072,1,1,0,9.91677108048489,2,0.5030125997055229,0.6274974354806798,10710.76301886409,3.5419854946962244,1.0,1,0
71.2242966463526,1,1,1,7.947131410203219,1,1.664565463520987,3.422029170993595,16029.143541443545,3.5520755767552172,1.0,1,0
1421.548100068389,1,1,1,1.8475155762102986,3,6.349476596527439,10.562131767833558,16868.795188773318,3.1862191437981995,1.0,1,0
66.25884663169212,1,1,1,4.947646282986243,1,1.241337115763642,2.4916060325791785,9143.318289850737,3.8193874871498497,1.0,1,0
516.882682527079,1,2,1,7.2770996645995245,1,0.1867107697489684,0.2759245045707671,13809.641572959403,3.3936179030360507,1.0,1,0
55.28919679843388,1,2,1,26.415761205078223,4,0.341939485523112,0.575387485926798,8634.940153890186,6.753048101777532,5.0,1,1
116.2864180527915,1,3,1,7.312458603579827,2,0.4095318671647078,1.009221858659748,9078.363625998081,3.3845279887270987,1.0,1,0
762.3822121484786,1,2,1,27.52717501685874,4,0.10479970465667594,0.2235788477851879,18164.34867154481,6.051492015261289,2.0,2,1
121.39812243288624,1,1,1,5.246095392089006,3,0.060647166297273916,0.1419173996398947,23656.981842946378,3.4451531202655636,1.0,1,0
1420.4568828590736,1,1,1,8.762857236317728,4,0.27965527956136044,0.5805317888465876,20790.18716355964,3.471014002798446,1.0,1,0
1415.2124229335654,1,3,1,11.914196345164095,3,0.22246230566641184,0.379675334812953,18007.237447439107,3.817075772274066,1.0,1,0
525.0088050627901,1,1,1,2.987589826442124,1,2.612178672973547,5.805402567860295,3789.980341576917,3.9536690944075645,1.0,1,0
60.16826182621544,1,1,1,3.2924804243629935,1,0.4060270461156936,0.5351534377157865,19594.642330039867,3.711744617704631,1.0,1,0
531.7994868561734,1,2,1,4.386940795329402,1,0.32029752911372605,0.8005944483281946,15800.459904152725,3.336663140052966,1.0,1,0
73.00764150018044,1,2,1,9.720847657025741,2,7.250061811054419,14.937464726770562,29586.735316701997,3.4889968786602252,1.0,1,0
97.9130254529349,2,1,0,3.6594618170306648,2,6.486351335668429,7.972162597109302,20760.470725424002,3.600622064701594,1.0,1,0
1416.9046034034013,2,1,1,9.17517568675974,2,0.36041642879893704,0.8820812197079602,6658.122482487842,3.318112356715564,1.0,1,0
133.0291597025592,1,1,1,9.067757673040502,2,9.60938902505587,19.395348982903464,11831.806701010619,4.0052943887608325,1.0,1,0
58.38728589716858,1,2,1,5.879870237733326,2,0.041689961199804455,0.0879290403875647,10063.829595790872,4.231193490548899,1.0,1,0
87.10614886885604,1,3,0,25.799523471705783,5,9.093978661676767,14.14562592977116,2746.5144875866,5.376020570543406,1.0,4,1
50.53779482998294,1,2,0,43.43324428380665,2,0.25570732638682736,0.45288577364401666,13926.202047804538,5.467068058639687,2.0,2,1
509.3651704022986,1,1,1,5.3688472429400225,2,8.56020519651039,18.65244297159117,4673.557090496523,3.865695977908686,1.0,2,0
1413.4181544521332,1,2,0,12.374702937760881,5,0.19888243607457995,0.25656274081357827,4954.063132965875,3.8165377149216653,1.0,1,0
57.72086809196375,1,2,0,22.08811128590269,5,8.271371843252386,16.43797749774875,13681.990748956538,6.010764098232226,2.0,1,1
130.04747068564586,1,1,1,5.711680501983531,3,0.01,0.017569371951201184,20777.23067722115,3.793338446797169,1.0,1,0
511.8315558585226,1,1,1,5.6794742149448965,4,0.4944578047191826,0.7353817430860918,20932.78465463113,3.8102235802526043,1.0,1,0
1431.0852664530232,1,2,1,4.008597943752308,2,4.595425821043399,9.894707213234268,4804.313122313376,3.6045629950714435,1.0,1,0
1429.969092858155,1,2,1,2.5379377441800894,4,0.39860400845744837,0.5895175337571538,25679.530596289253,3.700519305014314,1.0,1,0
79.85700898085817,1,1,1,7.385446277204306,2,0.11216127891129588,0.2235646392889864,14579.181164115791,3.9656619155029427,1.0,1,0
1433.5970983217637,1,1,1,4.690155543782997,1,0.5954099234975463,1.0060583070176752,13749.364264201926,4.471659838784873,1.0,1,0
66.97866843640888,1,1,1,4.914488831303155,2,0.2261725268521659,0.3203003088772336,20589.801121265235,3.0338276858950417,1.0,2,0
50.2722707686163,1,1,1,18.236416601270832,4,0.21962076379478226,0.43891149305699406,9939.357795076,6.05462054297282,1.0,2,1
507.81703263860595,1,1,1,16.71528070653191,1,0.19135985259446425,0.399563674184335,13461.310545551045,4.103541532555354,1.0,1,0
523.5058400878991,1,3,1,9.768666439054817,1,8.724589330886353,11.531620195349078,48433.400788670326,3.914459734735018,1.0,1,0
1429.6827436280767,1,1,1,3.782382415376616,2,6.649555954221666,12.04644648309898,19951.479792016882,4.4196493865961575,1.0,1,0
62.287822225216246,1,2,1,25.24282134265736,8,5.472255873965909,9.909324966614571,2994.7754636651894,4.713513960893138,1.0,1,1
127.16605218329634,1,1,1,5.50788842260656,1,0.28075126242167925,0.5373273700464085,4919.150360597231,3.9385432720621725,1.0,1,0
65.80804186046869,1,3,1,27.775667041520627,3,0.43831738361386696,0.6209962910490936,3812.1310955846566,4.171398652633786,2.0,1,1
64.63274583202357,1,1,1,13.642001139005563,3,10.019020585709978,23.470950881544734,7513.505566123813,3.3790435086751023,1.0,1,0
54.83349348978675,1,1,1,7.096726453855078,1,0.0264425524248484,0.03844361872472379,16240.512086375993,3.444614433781911,1.0,1,0
500.84365987456886,1,2,1,7.614266582865482,1,8.4513348745338,11.167302163793536,37162.91124465142,4.479402609558887,1.0,1,0
1422.1092644438022,1,1,1,3.7394279555501675,2,0.5799336698312346,1.4146238503398252,34188.16916319365,3.2119914578752145,1.0,1,0
64.87002593987128,1,3,1,4.3893966167604885,4,7.2889740706228014,12.673037531925472,37381.75530924495,3.370849300372809,1.0,1,0
124.53927416419559,1,2,1,11.176312958487614,1,8.67475250258368,18.947072429252227,9433.005297120068,3.411423491466601,1.0,1,0
127.95447079572115,1,1,1,9.54631186123042,1,7.68016288963325,15.175336264877442,50367.26636729825,4.2040718771359,1.0,1,0
132.74719756936852,1,1,1,10.233378413626003,3,0.33346878629642474,0.5101259661717573,8940.671444778336,3.825033402504743,1.0,1,0
1412.5367786358065,2,2,1,6.069345492688705,3,7.195930511756869,16.927788546870534,38769.73619378503,3.7672033359809003,1.0,1,0
61.30229378407331,1,1,1,26.254673527361362,5,0.09576735716591901,0.22430486228234164,2358.353255129236,6.44961086815899,2.0,8,1
68.66369558441143,1,2,1,4.449785593661318,2,6.0255717122093335,7.767025697369688,14982.040135471549,3.6625883205518432,1.0,1,0
60.38785093176795,1,1,1,40.45824992819281,6,0.5997600676616736,1.451095046901703,3148.8805574111475,5.47940075822581,2.0,8,1
57.85115361759753,2,2,1,19.74285825620038,3,9.288454773084508,22.81410292562947,6561.000151673267,5.89540411911316,1.0,4,1
59.523030134312414,2,1,1,16.331173196430925,2,0.47197951876784733,1.1070763182374266,6897.753767094483,4.7495300526299475,1.0,2,1
56.96411651887462,1,2,1,28.430024553796773,3,0.03847370145237346,0.050342800591148096,7912.239013403853,3.8610592082561737,3.0,4,1
58.21688781213864,1,1,1,4.034063533710665,3,9.055287041939383,17.684251367652134,53459.84655054208,3.5663729449970796,1.0,1,0
53.00316043182217,1,1,1,18.199209100654603,7,0.48820245629806763,0.638726162922772,243.99033100485627,5.233661213715262,1.0,8,1
1415.4176681388021,1,1,1,4.737171948032438,2,0.6467957568299388,1.0901123461745015,6410.013195193261,3.3911359177102507,1.0,1,0
534.8690679780996,1,1,1,11.288748250824813,3,0.07021484051721998,0.14728462035298062,23462.28256766121,3.4822072587406576,1.0,1,0
83.22761287662634,3,1,1,28.891712614752656,2,0.17135092129016977,0.326597625755211,4577.766642474972,4.99169294636515,1.0,2,1
125.91363329835109,1,1,1,11.128494746551846,2,7.676759248511215,12.019126486515752,43410.04175543454,3.7409424559805387,1.0,1,0
1424.4339229208326,1,1,1,6.149733036570468,1,0.04072755643422546,0.09141051044590984,14973.632340658332,3.4730143527279513,1.0,1,0
61.164994612224454,1,1,1,5.193873074768771,1,7.361657363857341,17.83726403129132,19500.841026159203,3.79607229733486,1.0,1,0
58.49565856378932,1,2,1,3.9747779116382165,1,0.42637592612763875,0.9829423360849017,5784.22053331485,3.41450784881503,1.0,1,0
76.60542256533765,1,3,1,45.661900627323725,5,1.0406284766363358,1.3625627124165327,1698.3236176065911,5.406054854593198,1.0,4,1
43.046475651261616,1,1,0,12.861088078243688,4,0.6366939864859669,1.4573056777573408,33797.88109176314,3.4663157285697475,1.0,1,0
129.84780600794784,1,1,1,4.577116169688878,1,5.79923483778512,11.825673930869055,22305.77920800712,3.87764043119206,1.0,1,0
132.6909484335412,2,1,1,1.2928710134950725,5,7.599191215122991,16.16926591321783,17251.604450327242,3.6273704976776586,1.0,1,0
504.4181401385924,1,1,1,3.5157033056741347,2,0.06871797370428531,0.10123761711471273,30309.478048675028,3.7575009504246797,1.0,1,0
514.5714193127033,1,2,1,3.696739372867987,1,5.40046917022552,10.534398141893302,15486.349525850537,3.583275771195491,1.0,1,0
1424.6846529492868,1,1,1,3.4730889452395246,3,8.943719383029693,17.441654440898258,23053.022669544956,2.9644033169806328,1.0,1,0
740.582992903482,1,1,1,24.17209216104971,6,7.211466221291918,15.611452521545393,13033.922443591806,4.9952716693460415,1.0,4,1
