packet_length,protocol_encoding,dst_port_class,src_port_ephemeral,event_rate_1m,burst_rate_10s,inter_arrival_mean,inter_arrival_std,packet_size_variance,payload_entropy,unique_dst_ips,unique_dst_ports,label
64.79163897168513,1,2,1,1.773477477032984,1,28.775276479409698,40.20102574905346,13237.120623764838,4.385880295170855,1.0,1,0
88.46869174156139,1,2,1,5.0,1,7.96961132220334,6.44655817237422,2412.250162283924,5.960557030908092,2.0,4,1
76.56243567315325,1,3,1,5.0,1,3.588036580026232,2.9667282792540535,18693.454235831145,5.505098990345331,2.0,4,1
62.383444605339484,1,1,1,1.7876751241447195,1,10.525623175127942,10.518623535998838,6180.971446904079,3.646761231098489,1.0,1,0
718.2895399847872,1,2,1,5.0,1,5.906902512270619,10.143337527458911,512.9013992199435,6.24609416434245,3.0,1,1
44.13098547032696,1,1,1,2.7892388388414324,1,7.3116422516958695,8.941706484437569,8397.715680281743,4.018424038222018,1.0,1,0
518.943326742694,1,1,1,3.834789702484264,1,6.031604036106915,10.621639987681966,12466.711353267605,3.50501588597688,1.0,1,0
112.09639851955745,1,2,1,1.5595269842743897,1,16.15495557079165,25.304729967439716,31470.40266007522,2.8884766787006284,1.0,1,0
74.27949924601108,1,1,1,5.0,1,36.153843586775416,36.53421622128897,18296.06207731978,3.260365185994455,1.0,1,0
1437.1396833561462,1,3,1,2.5376845331192674,1,5.094482095580419,9.431488791725348,14553.732188521959,3.5409199814994228,1.0,1,0
1419.2014586388282,1,1,1,2.674321961235138,1,50.66088526239774,67.86352162849478,38297.385379208914,3.553432953348416,1.0,1,0
62.37148806349457,1,1,1,1.3986099710590982,1,15.041167195214745,17.92426662730943,28405.477524633505,3.933173839797081,1.0,2,0
117.56739835060725,1,1,1,0.8051520639637536,1,9.321401593323786,15.206069321410906,18852.45093468703,3.2382997855573032,1.0,1,0
84.33512868701865,2,1,1,5.0,1,9.085926653011752,7.492422719350944,6142.941366508672,4.846505900589623,1.0,1,1
155.29631871923718,1,1,1,0.8778674573642953,1,11.164731677279594,11.036863759148876,19595.8346266556,3.794737578115213,1.0,1,0
91.39578907537216,1,1,1,5.0,1,4.570272819929077,7.497728877250074,11318.881256605904,5.3530397711285715,1.0,1,1
127.29884638403107,1,1,1,1.6627915780347113,1,4.586228600723113,4.946357928240369,17495.590484455188,3.880553796777876,1.0,1,0
69.75684689791684,1,1,1,1.1932276030132631,1,32.86295285664076,41.33154406966506,11369.011237442151,3.9083892542532337,1.0,1,0
63.64235646645002,1,1,1,2.3522668420851596,1,16.678397529713344,26.29411027103338,16574.31126311326,3.4937192544421887,1.0,1,0
122.2721545084121,1,1,1,2.5347443104777034,1,20.873588806892748,39.09742761479456,22718.72017174894,3.5495725330313808,1.0,1,0
513.3632082228412,1,1,1,0.6185882425096835,1,7.110120977147342,8.353296469103062,10419.145159658607,3.903140341440028,1.0,1,0
79.537140295382,2,1,1,5.0,1,4.51656274153353,5.821724343466475,15057.753394962781,4.54743818925756,1.0,2,1
78.60623508321058,1,1,1,1.1975793339959504,1,17.557931663312154,20.79662490334032,12959.755495709742,3.2102076178780745,1.0,1,0
745.0947082203659,2,2,1,5.0,1,8.830268208847563,11.933258082045192,4181.351372028428,5.699622368546531,2.0,1,1
124.66102136616911,1,2,1,4.0660128727186,1,2.688102811606294,4.505082823306355,26950.481713151326,3.883755249472977,1.0,1,0
1463.4237956083591,1,1,1,5.0,1,4.933824306139468,5.315530613704415,9064.038571231844,5.877526819417334,3.0,1,1
1463.5841362693354,1,3,1,5.0,1,7.2329807175298395,6.2718909513629235,5319.918229454198,5.004634706147012,1.0,4,1
66.95025739104796,1,1,1,1.2674405378842886,1,11.785174759798116,15.278411414479994,5899.393787786027,4.309907815672947,1.0,1,0
122.16128154722094,1,1,1,1.3369921164096703,1,2.9888233900782573,2.958169130394176,30364.63336946564,4.5944709869198395,1.0,1,0
69.9539398145804,1,1,1,1.4738990944144852,1,4.152045393873143,3.7835624416116036,8082.864787937585,3.6221336330451046,1.0,1,0
145.78042497594538,1,1,1,1.2637230549876306,1,21.04393527410121,30.937401478517803,18261.13663085278,3.786850471209241,1.0,1,0
1422.3967948037587,2,1,1,2.0758287751435107,1,10.924560850673227,12.267781227502931,6724.343385450306,3.8258707061231525,1.0,1,0
126.25370747152691,1,1,1,0.6553262803218949,1,31.964381352098247,58.06208555290664,29211.63752763971,4.130087922247554,1.0,1,0
30.283483296906283,3,2,1,5.0,1,15.008532683081546,29.081955651605906,3114.8161900186606,5.647556548548318,1.0,1,1
94.46922796538965,1,1,1,5.0,1,3.1308093615126156,4.858036545278614,9838.61620044796,3.919944439357612,1.0,1,1
1408.5501161648695,1,1,1,1.9039821258124796,1,19.308434303286454,30.544569186266088,12905.657013907068,4.43163383746107,1.0,1,0
1419.0652528276028,1,1,1,2.6238753345278027,1,18.75465409456504,17.570718569552056,18613.256700068654,3.1276522304118326,1.0,1,0
73.90455764946745,1,1,1,5.0,1,2.6711592483213966,2.786653023839715,2525.399364137932,6.876573023265957,5.0,4,1
498.51481837743995,1,1,1,1.2686028638822766,1,9.366642370565366,8.371988537499245,6318.772697151339,3.675045921018073,1.0,1,0
56.73709362225414,1,1,1,5.0,1,7.397368484995583,14.149095621896633,2411.6958313151436,3.7389542512772183,1.0,1,1
1400.3677509354793,1,1,1,1.0534936374787283,1,2.858578920637611,4.693106476295706,19724.1834062151,3.998300724099548,1.0,1,0
1425.7637450534562,1,1,1,2.8639953049176556,1,19.98836316686083,20.606724203261514,6269.404694215326,3.794197416325869,1.0,2,0
131.51153337604958,1,3,1,0.8666694722418915,1,37.63731019787179,39.50067933018648,31034.983713373473,4.322541348980368,1.0,1,0
39.39889548629222,1,2,1,5.0,1,7.440789400484539,13.511080589551558,2654.4024337819833,5.632980693640261,1.0,8,1
58.24550836084556,2,1,1,1.5227432092465922,1,2.5889807497789317,3.904701685805271,8928.489480110815,4.0746407993608385,1.0,1,0
510.62701630420656,1,1,1,3.4773356958756403,1,29.780250365979725,52.55738540014778,16047.194872012866,3.427428312550745,1.0,1,0
110.38641917261336,1,1,1,0.8839673781572244,1,13.787947687070515,11.041059407155162,12869.965055303855,3.9176611457437285,1.0,1,0
69.78182248780317,1,1,1,2.0784609827729055,1,4.116570598513032,7.089376544424765,18311.583326777603,3.1274607105142156,1.0,1,0
66.6977284094789,1,1,1,2.393993858420673,1,5.289016385395627,8.525789191763,14417.134528203085,4.574427352369428,1.0,1,0
36.47252774332018,1,1,1,5.0,1,4.32014923329885,8.559775064648928,8399.498776800652,7.2308458263732005,2.0,2,1
737.4803184330701,1,2,1,5.0,1,21.327176067976275,35.44203460418656,3482.5396324171493,5.888999834117881,1.0,1,1
78.87716767759464,1,1,1,5.0,1,4.771386473644183,3.868172205601972,23623.719584043352,5.948593154786024,1.0,1,1
82.88894475597708,3,2,1,5.0,1,19.805406034779338,34.9070305593246,10252.057344335008,5.965589720461305,3.0,1,1
36.79523785948916,2,1,1,5.0,1,5.713677299475657,5.550509924817158,13146.074258517097,7.486735872819853,3.0,2,1
114.23106697346837,1,1,1,1.8065480297733165,1,3.0857694639300077,5.339343737184312,29052.803266174273,3.680719612096013,1.0,1,0
515.9703283562276,1,1,1,1.8208209143621752,1,81.50507972504533,129.23310720667976,10492.29857278404,4.147471694560967,1.0,1,0
1429.133881930055,1,1,1,2.1578991926240185,1,42.061318604184926,46.71918439625606,21034.140553665282,3.6132969264056074,1.0,1,0
124.79431104713986,2,2,1,4.663063368554062,1,26.182584495838533,39.128456336765154,17126.187880622758,3.6579961668495935,1.0,1,0
41.63707138660752,2,3,1,5.0,1,6.416484509291128,11.859888852580545,8550.73847220713,5.174999624931675,1.0,2,1
513.0119026773899,1,1,1,1.665190203245267,1,27.029244025100326,28.009100437176635,5016.417348843712,3.3787197595900094,1.0,1,0
70.08011508190462,1,2,0,1.6386761213902394,1,4.721720565629138,9.199113845772674,13790.180149401425,4.090184418046051,1.0,1,0
52.74160083489055,2,3,1,1.1225533330776325,1,11.287668060664005,21.693307582001328,19846.08040163289,4.112606392764119,1.0,1,0
746.7784387386987,1,3,1,5.0,1,44.1153131941415,55.09125919080309,5365.0625165308165,6.8129994223384145,2.0,8,1
518.3808418181452,1,1,1,4.713369201528685,1,31.56978462509506,62.462663944799246,31361.249058406112,3.869968524155062,1.0,1,0
494.11380566328256,1,1,1,1.597244855817753,1,13.478643925575923,11.03290058153488,13468.364873419423,3.156976851081515,1.0,1,0
1429.8239104367426,1,2,1,2.602905976822689,1,44.85391462566839,48.51027857916021,21091.44351343745,4.049336370686008,1.0,2,0
116.89370361323525,1,1,1,1.664197168289996,1,20.265413776264303,40.06160568760034,23431.23993015637,3.2959664703447453,1.0,1,0
1423.0525082389324,2,1,1,2.9517169235809098,1,39.644301676042836,38.1472852672144,12682.030692101385,3.22473614940455,1.0,1,0
130.18057667087268,1,2,1,1.805300864717838,1,18.72614705023139,22.661812439546654,14606.492012864854,3.60151218940882,1.0,1,0
48.79474149339474,1,2,1,5.0,1,2.799909042616412,4.050417802489836,3208.051973284864,6.276725447499902,5.0,2,1
67.8744808776652,1,2,1,4.09191358590327,1,36.67677339458352,35.79060530102791,37940.88319603893,3.8981107360284595,1.0,1,0
131.40963064793468,1,1,1,3.325193679494224,1,48.06901031663365,66.51181274038827,21550.46354236822,3.9778972521542073,1.0,1,0
523.600127621656,1,1,1,1.961061256141259,1,32.01516395024423,34.55834703616166,14780.062744235256,3.8786375435935847,1.0,1,0
34.00039608325086,1,1,1,5.0,1,20.417436108068436,33.672926240386374,18588.602562262022,4.174749086788732,1.0,8,1
130.8973762451171,1,1,1,1.2658833138377803,1,28.159708035621797,37.83405363008444,23575.7015406477,4.079586737089112,1.0,1,0
68.6678258789846,1,1,1,1.158761404566344,1,4.932488664132155,6.560985997563947,14685.479855136737,4.130022142960693,1.0,1,0
56.42996058585016,1,2,1,5.0,1,4.419050844226332,6.719213378873755,22279.056617320213,5.656408554196876,1.0,8,1
1453.720240086427,2,3,1,5.0,1,3.7603741264739092,7.166181932241402,19514.126243390398,4.162944452285929,2.0,2,1
1464.5475369455187,1,2,1,4.7869392246527624,1,2.6210028535647005,4.419686755927378,4098.0804402268695,5.662820643713232,3.0,1,1
67.43744415160826,1,2,1,0.8895184966304781,1,17.2265670467989,19.035368910739205,13603.166123057697,3.49812843096029,1.0,2,0
524.4814355507069,1,1,1,2.639498159281589,1,15.719661060386716,18.96322598531986,7244.644381098388,4.242060130295975,1.0,1,0
733.9371304753165,1,2,1,5.0,1,8.914719753686311,11.84430311092054,3301.193464514696,5.033287734855572,1.0,2,1
121.80898761442441,1,1,1,1.8699314002026062,1,3.341114782868863,6.57001708352936,14056.432522697229,3.209794646942042,1.0,2,0
125.67306958002216,1,1,1,2.5542323165839154,1,5.208464550047539,5.13221273798731,18587.8439640325,3.9712088872421862,1.0,1,0
56.95334644801525,1,1,1,5.0,1,22.61517463338305,41.259545724501955,15595.118164423126,4.3251652794070035,5.0,1,1
1412.8219044155937,1,3,1,0.7643128125023644,1,73.06377901662435,113.52939434174257,23903.779890396934,3.3595429260789977,1.0,1,0
514.9250488284077,1,1,1,1.0407033231224645,1,4.9366970476751515,9.369485068101145,7451.981615324451,4.545646552728222,1.0,1,0
1426.0321107121006,1,1,1,0.690649147907397,1,20.79058080144688,33.28140839833421,14833.794949170204,3.592784444149003,1.0,2,0
53.27851439931723,2,3,1,2.584765765342123,1,3.423136639835983,5.904087775283772,23797.17117344441,3.377493466740193,1.0,1,0
91.48878586232222,1,1,1,5.0,1,9.611473814770203,18.99671997847461,6589.216442291797,6.105031407678453,2.0,2,1
46.35589991288569,1,2,1,4.104161197138389,1,32.994204966893086,64.20748928003721,8752.284649552508,4.868804504045006,3.0,1,1
115.50363271923801,2,1,1,3.4583798639022674,1,6.725943304531858,8.961507998678997,28494.84250626142,3.934008475247749,1.0,1,0
140.76765053209581,1,3,1,1.1934212658275076,1,3.13701203199055,4.848184721268819,12546.936138748257,4.276400448779352,1.0,1,0
1426.7365641354486,2,2,1,3.356631737596533,1,11.867897951551399,23.102951491584776,11404.797662908277,4.196847124394828,1.0,1,0
75.23693645913148,1,1,1,1.7776519743488386,1,15.914681285753193,23.021268683395494,14871.869257985172,4.3378500484081295,1.0,1,0
64.96452200945399,2,1,1,1.1383541047112329,1,9.76005441034354,10.584070094508762,8335.154962760775,3.4232461362559854,1.0,1,0
125.9346225487605,1,2,1,2.5304717589071357,1,19.520355481746442,30.581660757265304,1514.6387533268014,3.568689003036262,1.0,1,0
39.20942340655105,2,2,1,5.0,1,2.4494219202441267,3.4368036535106796,9081.722375880212,6.505411176622667,1.0,4,1
113.96275387892328,1,2,1,2.590865409621581,1,16.27627418592387,17.257741887806567,12990.801592679234,3.5232687079457934,1.0,1,0
758.3486470176776,2,3,0,5.0,1,9.687870770267345,12.755484436672111,5056.041546868455,5.310655022197596,1.0,2,1
142.06236410579234,1,1,1,1.4129761130910534,1,5.056134389575247,5.043418053987543,15056.559187156841,3.8408873417401126,1.0,1,0
78.55219084704626,1,1,1,0.6934192892329664,1,26.112557137533443,37.67482069606489,32338.096334839243,3.676651286722281,1.0,1,0
105.79798397829916,1,1,1,2.5302733791034293,1,18.613464469991122,22.128816472159684,47960.77574305857,3.4816267612614578,1.0,1,0
68.35222834640223,1,1,1,3.2505200698288954,1,25.072220063604693,39.75305949961424,19909.29869468269,4.279470568421815,1.0,1,0
55.428432773958825,2,1,1,4.752772866425873,1,5.538378684234731,10.055573620885346,19930.017574727077,5.622242167846455,2.0,1,1
79.09491336038538,1,2,1,1.9945433232773049,1,16.731262038083138,23.901295654017787,18249.194595744117,3.5202349236635113,1.0,1,0
53.26960930641207,2,1,1,0.48294708232506317,1,31.143938959646434,47.24314552330291,10036.494018504247,4.187071382697051,1.0,1,0
487.32027955050285,1,1,1,1.46101310038397,1,6.681223842039208,7.095237769400854,31086.92318322731,4.291180979332917,1.0,1,0
70.10321747621283,1,1,1,1.8840908798285336,1,6.109110092312893,10.281068178877113,39489.22691008084,3.778912783679029,1.0,1,0
55.76000413171924,1,1,1,3.612638365221818,1,17.942652897396208,34.62996850844996,15369.298282749949,3.514695796051811,1.0,1,0
1418.0532780571443,1,2,1,1.3127213723965827,1,10.611148342773356,17.5241933855616,26820.88984984558,3.133776330433764,1.0,1,0
124.36269930625721,2,1,1,1.1108378148441702,1,14.83504821325387,26.793238064259818,9942.70445288679,3.7746350829963484,1.0,1,0
61.599406284071115,2,1,1,2.1204236955745914,1,29.063739355522447,50.61018713421217,6060.616437694756,4.454640845477284,1.0,1,0
509.42410054694557,1,1,1,2.1335293950115535,1,16.807457724017517,27.681112820145756,10979.45112562233,4.173740660885826,1.0,1,0
66.30356556473093,1,2,1,3.680651820115126,1,11.16112218350205,10.097545069230243,4107.98236929631,3.608528932454601,1.0,1,0
68.76702276371304,2,1,1,4.655681748047032,1,77.54976992307417,142.59693377307713,10260.499649802285,3.8891488630967714,1.0,1,0
57.17588260400393,2,1,1,5.0,1,2.830114774115237,3.830289838493451,17329.03062591202,4.904796969443168,1.0,1,1
508.90205437541175,1,1,1,1.0891810183907318,1,4.250470582774714,5.050575275136034,28125.66718406828,3.922734874902944,1.0,1,0
1479.877719090285,2,2,1,5.0,1,2.666488640045832,2.604803516758961,17065.57921058095,4.974989471606298,1.0,4,1
519.811011664508,1,1,1,3.060377340695871,1,15.880593024287085,15.475907703593542,30907.548905271546,3.9355714696156254,1.0,1,0
71.24587932809808,2,1,1,5.0,1,4.109354340732816,5.580262037486717,10753.498205239954,6.096693947797567,1.0,2,1
52.550616527691304,1,1,1,5.0,1,4.134757569681081,7.663825432003195,9640.605365310417,4.864803227093628,5.0,1,1
129.98895647189477,2,1,1,0.5093274403813716,1,19.987589811324064,33.58609834106794,8929.33804930528,3.425149353490554,1.0,1,0
65.86324352758785,1,2,1,2.100027779789495,1,21.40702478080984,42.5198752422912,15638.716965366699,4.2316172123882705,1.0,1,0
1415.1638152826745,1,1,1,2.3624327407268457,1,3.5241015546179595,4.230123919168906,17018.09730251227,3.651550082380291,1.0,2,0
57.85548864909933,1,2,1,4.052748409074758,1,3.6830026841240713,3.227522610325423,6671.2344475761665,6.425324566035984,2.0,1,1
74.11031071728894,1,1,1,5.0,1,7.213636756372594,11.739529352048358,5263.249333133188,3.8166305434367622,1.0,8,1
118.35910602599485,1,1,1,5.0,1,5.517609007212037,7.724715055008881,28245.373539478653,4.026827984666485,1.0,1,0
16.370644492513257,1,2,1,5.0,1,3.1334073456607445,4.123730793984318,11624.743594618294,7.5,1.0,4,1
71.05737887243471,1,1,1,3.6540442432473728,1,4.905046304691734,6.480526460094941,11014.982693178052,3.2180337506616183,1.0,2,0
134.86131638233482,2,1,1,3.491753631731749,1,6.451703025515796,10.768412777055946,16579.003670911883,3.268709473778951,1.0,1,0
1473.6409675934513,1,3,1,4.075275953180354,1,3.2769872911038433,5.29024675149017,5994.750760043147,4.102085277203923,5.0,1,1
35.066813773176634,1,1,1,5.0,1,5.802528652672088,10.50254196077198,13630.55585248111,7.5,1.0,1,1
37.35076385200347,1,1,1,5.0,1,8.933464110716573,12.083344743451342,3137.99490459707,4.472755113732582,1.0,1,1
513.0200929099827,1,1,1,2.6708762855553587,1,11.833310823696511,19.96118215960898,22935.819913964435,2.639055530034476,1.0,1,0
74.26898767241981,2,1,1,5.0,1,4.315821566100109,7.718192360500479,10936.703982042787,5.966486130739311,1.0,1,1
1433.6735916866005,1,1,1,0.7789680971296051,1,7.62706056652543,10.486136594589407,19230.986472846897,3.3801223095036534,1.0,1,0
1407.848261728893,1,1,1,2.6330978495486845,1,13.85824123047069,25.04731373254645,33936.205236037065,3.8348385332528614,1.0,1,0
44.572800610917675,1,1,1,5.0,1,4.099411163318208,7.499704655706589,19896.878098261517,4.952932069388982,5.0,1,1
47.80913721125632,1,2,0,5.0,1,18.27781680076553,35.90567016884514,13975.334205359455,5.0227352850173315,1.0,8,1
76.9739579228537,1,1,1,1.964501477763072,1,4.288047378674232,5.238894008371697,4544.812155638782,3.1662584993084533,1.0,2,0
63.17343675926707,1,2,1,1.0927022564536344,1,49.88623316969877,58.99604609584696,18743.45638382507,3.8750055252465816,1.0,1,0
86.17252067171489,1,1,1,5.0,1,9.445498153324511,8.741862533758422,15078.202880371136,5.503228883042189,1.0,2,1
748.5387796758055,1,2,1,5.0,1,22.3937931651009,19.76090983283162,7573.933046200461,6.283563033809855,2.0,2,1
1464.1442458114768,2,3,0,5.0,1,5.691431086774639,8.747820585285918,2962.710423107942,5.92916063035881,1.0,1,1
497.2377261353031,1,1,1,3.55816356554001,1,11.846010667224306,18.6007123209896,27812.564268016547,3.4708828530686797,1.0,1,0
522.4019802534262,1,1,1,0.8462910554398312,1,16.225518407697827,24.99396859502223,36417.49289053366,3.7052700211428937,1.0,1,0
82.38604383044287,1,2,1,5.0,1,3.937580461530475,7.233734757566357,21410.178396184096,6.782063250151229,1.0,2,1
36.49109781094151,1,3,1,5.0,1,2.2126131642453015,4.010486790446019,10225.776914305638,4.34894869661681,2.0,1,1
514.8179672448736,1,2,1,1.7150656443682453,1,25.032975000877506,44.35598590714069,11015.650112920028,4.101773257660803,1.0,1,0
115.34479868314095,2,1,1,1.8754392900866512,1,25.653236719897066,23.636813995986923,13970.354802441745,4.166027525054631,1.0,1,0
50.09442369389808,1,2,1,1.2076100671942112,1,25.505031074642382,24.736049781384487,28009.210021290317,3.811166486501593,1.0,1,0
49.21984192257304,2,1,0,2.020638811748172,1,8.59144941498346,14.057670672730985,18063.554694136335,3.2227560098990615,1.0,1,0
58.62051071811306,1,2,1,1.7896501710700552,1,4.315317843657517,6.840988081969556,8680.597974464936,3.9308384070225437,1.0,2,0
1456.7091215656662,1,2,1,5.0,1,15.85457432643001,19.833422148970218,6266.1031876996585,4.5913302539342435,3.0,2,1
127.95796431179417,1,2,1,1.8203735510802581,1,34.898510296471244,44.878095799992245,12787.01769245563,3.559856802281647,1.0,1,0
1408.954440938928,1,2,1,3.2658562418976893,1,15.293476902497979,13.360846058330438,8732.171999734634,2.9409436095781016,1.0,1,0
534.6159515677246,1,1,1,3.487606936115562,1,32.081556917779615,55.157972405680695,6126.479887265751,3.8742890613367473,1.0,2,0
515.2375735161346,1,1,1,2.7191833351245545,1,56.30743500084465,86.30919122669128,22721.547998441078,4.534312046791573,1.0,1,0
59.268208416949605,1,1,1,2.6285375063249847,1,50.94126286951364,90.18107515256152,10129.206485385906,3.1949397595419913,1.0,1,0
122.01882618064108,1,1,1,2.20101055552837,1,7.9199651777828315,13.268659875175826,23781.682822865067,5.0,1.0,1,0
506.5072022015209,1,3,1,1.3240568988959294,1,66.85420776312797,93.98238142814465,21764.79848176481,3.949205265898522,1.0,1,0
122.13566797425861,1,2,1,2.1966103850531193,1,30.261600576695855,44.23896866710671,9926.143329240293,4.169365223352254,1.0,1,0
59.1626525453081,1,1,1,0.8531003215231482,1,11.250723672242747,11.005271840014403,27594.5590216737,3.7640035490478536,1.0,2,0
147.1820164761181,1,1,1,1.6381548577644096,1,11.098749598574384,11.893614563266404,19906.45142448274,3.3294644269505365,1.0,1,0
43.87703771350313,1,2,1,5.0,1,8.44541276709654,14.940420680168026,12831.55749717057,5.720072836436915,1.0,8,1
63.160736929335535,1,1,1,5.0,1,3.1913051812356765,5.340349845331173,6282.37761037904,7.217058054146452,1.0,1,1
512.8943652386604,2,1,1,1.2878368356699643,1,5.041788655828579,9.226057313571408,10843.92647504524,4.1286538124884675,1.0,1,0
126.9380745157801,1,1,1,1.0689414919124187,1,14.96998982537418,22.589574852784423,10761.462015996527,3.8544593884556684,1.0,1,0
520.4429368204798,1,1,1,0.9964549050096635,1,28.933117479148333,32.85255283397257,12425.219287254578,3.610766722773628,1.0,1,0
504.850691273353,1,1,1,1.5136329216124869,1,29.74188172620887,23.802439188535185,26323.4413766577,3.823111591503296,1.0,1,0
60.96594704644556,1,1,1,0.5489078334214343,1,5.38664978918308,8.427566375714239,4720.481921337897,4.015002387708932,1.0,1,0
732.2836682907867,1,2,1,5.0,1,5.8394932094050125,6.93094138635757,9077.479696258302,5.377495845581289,1.0,1,1
134.67598757312643,1,1,1,0.9712072916000668,1,9.129153222508652,16.172370587438184,20929.794179111246,3.556334242165036,1.0,2,0
774.737250876806,1,2,1,5.0,1,6.750947845566822,7.220519334821602,4652.033688999286,6.147393099080542,1.0,1,1
54.770153258109914,2,2,0,5.0,1,3.021666458625923,4.624520349566225,9301.916899459904,5.294552887659233,1.0,1,1
129.8342920768807,1,2,1,1.2617184537550237,1,15.89755038916425,21.090010096482935,13767.929979164155,3.67620912481619,1.0,1,0
1415.0510604277229,1,1,1,2.915184081121364,1,16.31348535455963,20.319812438948823,26834.333661400808,4.259500306302983,1.0,1,0
79.34084249792198,1,1,1,5.0,1,4.477618047056779,5.132042273832364,20351.33598867039,5.196612018313124,3.0,1,1
57.71538918529623,1,2,1,3.207217387804263,1,8.806321370931627,16.481544779163205,14473.99777968607,4.305003243335409,1.0,1,0
750.8962834281291,1,3,1,5.0,1,28.38650629464561,22.961518721762783,3001.224235583319,4.902086945099175,1.0,2,1
113.44901480006594,1,3,1,2.707599005700975,1,11.576147431157317,15.937862140247253,12134.138831439714,3.8275386099742605,1.0,1,0
52.51426834262902,1,1,1,0.77110122047772,1,11.485859758442158,15.399077930347266,15986.261853418597,3.967335951250984,1.0,1,0
510.1687515628162,1,1,1,2.250070296436079,1,13.580047290771763,19.62866976455565,4895.392934919793,3.792241647250875,1.0,1,0
510.8379987292342,1,2,1,2.978985904880278,1,25.368735036935266,38.06706375545903,20803.564675997113,3.8789431855206558,1.0,1,0
62.61133744954013,1,3,1,5.0,1,3.5890504582148273,5.727454998981419,4416.403542233157,6.159744724992757,2.0,4,1
132.60720924106224,1,1,1,3.0580311351933553,1,7.051990004491152,9.389987195190107,12126.23612637958,3.603319562860625,1.0,1,0
126.62355130255035,1,1,1,2.3501601295122843,1,5.448877135955852,10.701564710277282,24188.393965154843,3.5938882427751233,1.0,1,0
1426.7064095414046,2,1,1,1.6294185802170529,1,9.734916874861437,10.308760312836663,12110.767429452291,3.5977536188599144,1.0,1,0
764.900992375187,1,1,1,5.0,1,2.457013436397313,4.2154915086206195,22330.901160142876,6.2338588905223915,2.0,1,1
128.48158778251377,2,1,1,2.9931308135737433,1,18.49504512848306,16.028345116551098,5849.825937943415,3.7362872297817447,1.0,1,0
1424.5666565847237,1,1,1,4.218727271248833,1,4.077881424356896,7.838484886818313,8615.355736002744,4.217049766611414,1.0,1,0
1463.7246853556244,1,3,1,4.909455849101744,1,2.969733660075342,3.0362521836153817,25207.47571060366,4.379329416691547,5.0,8,1
113.8196858200675,1,1,1,2.2145694858787768,1,20.234453737284728,39.32809306088595,15864.566641562169,2.680922198902193,1.0,1,0
497.5262248560955,1,1,1,2.9560786623939834,1,34.241157515642946,62.22696131065765,26086.990679078346,3.5794306916671568,1.0,2,0
138.1229108966863,1,1,1,1.084063372707579,1,6.229089058591718,9.510902090948113,10187.2997396973,4.030081483247378,1.0,1,0
91.20632661496666,1,2,1,1.4282381928390564,1,69.40971839147474,89.38030811585281,18816.8608469349,3.6970625721612387,1.0,1,0
1412.9886853665005,1,1,0,2.4186202516030533,1,14.655736922718258,14.374351246967057,12299.738085807552,3.8339404662424412,1.0,1,0
755.2223774286505,2,2,1,5.0,1,9.784694855208532,14.30538776267084,2035.8495262711633,4.642703180527484,3.0,1,1
11.137756755677017,1,1,1,5.0,1,4.191490981871633,6.8250540578606165,4952.235263473615,3.7978145602104005,5.0,4,1
73.44762219232959,1,3,1,1.4490334236552391,1,4.371334204619712,6.831900892007418,3942.214806977475,3.586313775286135,1.0,2,0
53.168901203923454,1,1,1,0.9160685216473167,1,2.381315968804854,3.898358384320845,10838.58379154504,4.547678847893951,1.0,1,0
48.37511258641117,1,3,0,5.0,1,10.819966605362852,13.094995285650446,4278.3028883267425,6.276941936482411,2.0,4,1
1412.7019951072803,1,3,1,4.605567436108831,1,22.601880268304967,44.4829682656126,38089.96355224024,3.6544010357903267,1.0,1,0
52.661653351345365,1,2,0,5.0,1,15.627839556775653,15.857119623162815,8234.61079084208,4.838627971706771,1.0,4,1
41.85366582252858,1,2,1,0.4230027500733281,1,26.792758236237425,24.46887132136705,25752.828381256702,3.589289013206045,1.0,1,0
79.93003324705371,1,3,1,5.0,1,2.918881108379388,3.4726678447592065,5412.470560143655,6.297112902548015,2.0,1,1
77.12767550897806,2,3,1,5.0,1,15.989506542354684,29.418961601866386,5769.67669338686,4.552553976237008,3.0,2,1
1449.7183875095898,1,1,0,5.0,1,7.71833934734797,9.151495049837695,4894.554233346122,4.558065543223382,3.0,1,1
57.682676948973935,2,1,1,2.347920166027301,1,6.3337533458953414,11.140655640363144,12518.619602369434,3.502176506832237,1.0,1,0
84.7339788685369,3,1,1,4.779065915805201,1,8.397767806304747,10.331916403567483,7142.290759376372,5.0059398088632046,1.0,4,1
44.73379926243543,1,2,1,5.0,1,6.991034524829785,10.591964026116253,4860.115449167958,7.134918527627101,2.0,4,1
130.2506197227522,1,1,1,1.9971226721399207,1,14.54017233204427,17.39554642677418,18871.31308643791,4.066387939197799,1.0,1,0
123.55582708253489,1,1,1,2.186081739089553,1,37.73509930345251,41.733012600038975,10455.125068878677,3.9698139630855946,1.0,1,0
1463.821830075311,1,2,1,5.0,1,6.794856464410842,7.503886884818779,10085.17400696787,6.054493299432671,2.0,1,1
68.65087961805932,1,2,1,1.351582864208143,1,4.10938078286947,7.495685533616154,28834.874061440525,4.3364300678873136,1.0,2,0
1432.6185562496528,1,1,1,0.6121803867753486,1,8.858874908485276,14.853047212040122,31022.34460333223,3.681291671838058,1.0,1,0
715.0069289501438,1,2,1,5.0,1,3.428183510257268,5.560296047136841,7648.645959930625,5.735965327919147,1.0,1,1
110.4537453644938,1,1,1,1.3693081541229213,1,29.774785144581244,35.578955593606366,13367.225041740947,3.9426861710772068,1.0,2,0
1410.9467456433943,1,1,1,3.4357471299650286,1,40.0371153127441,73.40580628665117,34652.108528890945,2.932413362905909,1.0,1,0
65.21265209493826,1,1,1,1.7104484616571725,1,45.044463703820234,72.77633314204961,11682.059639962603,3.8041601750827403,1.0,1,0
1418.5831664182597,1,2,1,3.084212207670841,1,56.035792464439965,80.81466156649849,33937.64823381207,3.1313675191012136,1.0,1,0
1414.3103840628812,2,2,1,1.729736417925969,1,11.8823185029831,17.735108689076537,8306.275022697844,4.0465371341278376,1.0,1,0
77.80195278198443,1,1,1,1.0636327791640245,1,38.082257994013695,72.90790335553297,2964.043138331787,3.8758168576930148,1.0,2,0
521.4351098180997,1,1,1,1.316118077905564,1,15.529882004023959,16.778464933738192,9016.78519020014,4.830130900387203,1.0,1,0
1406.2106389031508,1,2,0,1.839462141481266,1,53.200443551488945,101.69187354307145,26113.669447813732,3.735810901828764,1.0,1,0
764.443029727117,2,2,1,5.0,1,2.6037002871358284,4.414574711080533,7418.709280968625,5.649725262564679,1.0,2,1
135.93945379176958,2,1,1,2.0319224894360435,1,13.646351745134476,13.32629617296784,23573.163889636395,3.933417585034839,1.0,1,0
61.70493631729308,2,1,1,3.2824027642684444,1,15.281158763146092,21.4463679791391,7193.4054588652125,4.083154607779194,1.0,2,0
772.5695825546213,2,2,1,5.0,1,4.677060124108527,8.798096575719349,12356.30137567004,7.013293035188144,1.0,1,1
114.29749982597775,1,2,1,4.778211113612048,1,26.352435199747546,33.01934134477102,25350.024881038316,3.8197666110051838,1.0,1,0
1400.9997129216736,2,1,1,1.719166995887644,1,34.27466449263958,35.29181336530039,16973.596869289722,4.5691927511791945,1.0,1,0
1471.7179302839882,1,2,0,5.0,1,10.73420692088793,15.911450765106832,1762.526052722063,6.430949498274079,1.0,4,1
767.8603580085008,2,2,1,5.0,1,2.609152509076159,2.904045792393789,10397.734193784405,4.874044558947461,5.0,1,1
37.62245379436767,1,2,1,5.0,1,20.621837036432364,39.71854463130942,1408.1021506399006,4.7766839825869605,1.0,4,1
128.6450048572269,1,1,1,0.7247990195414655,1,27.476495935163427,46.07806698777044,6005.898274608514,3.5687408054585554,1.0,1,0
1428.763572601065,1,1,1,1.0511991342959164,1,38.175926748240585,75.42438394411701,5973.742806355978,3.811604014188093,1.0,1,0
769.9857493779557,2,1,1,5.0,1,9.55397245114155,11.746614489977974,9588.331248443683,4.888186383309844,3.0,1,1
125.108730933496,1,1,0,1.4095589504941524,1,15.772011295096785,19.673729629104876,9337.037621194266,3.170020372896045,1.0,1,0
118.70440474854999,1,1,1,1.6797096671442973,1,14.416170918789417,11.96122672177821,5359.150762458196,3.4248013607642256,1.0,1,0
125.96973526202008,1,1,1,1.9410387310347044,1,29.429364920711418,37.163029077741896,27526.65543830172,4.035796013982108,1.0,1,0
120.77301646001813,1,1,1,2.3505675844777847,1,10.54660688542494,9.267834877009049,20483.74644600529,4.263488484635784,1.0,1,0
512.2685055647534,1,1,1,1.7570661172836572,1,28.87010868889219,47.04475034917645,7024.734117054074,3.591492010117383,1.0,1,0
63.42335614414736,1,2,1,5.0,1,2.4058573421120237,4.69515465596202,10715.19114173476,7.393158806593019,1.0,4,1
43.770383607411745,1,1,1,1.7966813087537878,1,30.240448405269245,49.577487325034596,16338.531412851617,3.1368253091049314,1.0,1,0
39.67331606421785,1,1,1,5.0,1,4.806464969496003,5.562142064277998,2797.65666650039,4.665600324151126,2.0,2,1
64.41714707433583,1,2,1,5.0,1,6.4385903695801705,9.956802996792106,2606.6752724204684,6.503537248121448,2.0,1,1
119.28476013211579,1,1,1,1.3788567639405305,1,10.685045049135743,17.90150955593756,7149.8253759948575,3.8685469840961275,1.0,2,0
1429.2649068598114,1,1,1,2.1034399204577436,1,5.8333923298570145,5.780753527877325,11298.192969177127,3.6004578864047954,1.0,1,0
764.7630178654455,1,3,1,5.0,1,7.46071931428889,14.167881012934657,5207.711304854848,6.267032464307008,5.0,8,1
1425.8507089539903,1,2,1,1.2414242847926626,1,28.611013377230833,53.30868808584977,18743.83415006674,4.1416904394069185,1.0,1,0
137.11694428110388,1,2,1,3.4891685868382476,1,13.351468606843895,23.398867814533087,19861.52419488661,4.191601803279675,1.0,1,0
70.91759180287593,1,2,0,4.118266206488248,1,15.968702686905093,15.08913585932078,7554.827967580024,5.716819856902169,3.0,2,1
74.40009886143908,1,1,0,5.0,1,4.973139212771471,9.294157603735576,6731.060496103686,4.6847888755646006,1.0,4,1
108.5196198015551,1,1,1,5.0,1,3.766055708751237,6.144089752970864,6184.561486854029,5.476188091328854,1.0,1,1
74.46293016455746,1,1,1,2.3093191962868804,1,24.398099094094093,25.96312419212996,17765.616990312443,3.5210275336560546,1.0,1,0
1442.3738559202814,1,1,1,2.8168095072898143,1,16.72327591206537,29.239331927745436,20967.201704571686,3.4288766646562028,1.0,1,0
123.77875187904488,1,1,1,1.4847186866491084,1,12.342928294581782,10.53841752454721,11601.907529860928,3.862731348569171,1.0,1,0
528.354527054184,1,1,1,1.4406483143101891,1,2.7149810484578856,3.072050866414113,8056.172015688848,4.456988435486023,1.0,1,0
1454.6098521172198,1,1,1,5.0,1,18.776557406706097,25.440662195973445,9432.049462239072,5.877600729700607,1.0,1,1
60.07450134621065,1,2,0,5.0,1,7.488600824517826,14.837159746594182,6873.525106540591,4.980474964905107,3.0,1,1
1435.4816364234916,1,1,0,1.1006158493364488,1,27.73595017801967,53.294004559911414,20371.55758422919,4.511110234547939,1.0,1,0
51.19918207119066,1,2,1,5.0,1,12.99192939851954,12.12203280195088,8280.31391484144,5.725454338094047,2.0,1,1
69.08912529906296,2,1,1,1.3891495574825277,1,3.4562779168224695,4.725852319896185,17507.397979600686,3.7402865245362924,1.0,1,0
109.84504902482274,1,2,1,0.6846307605777163,1,8.844424865619906,15.452800345399687,25287.992532803215,4.239690962449753,1.0,1,0
1419.7419051018433,1,1,1,4.234195383736146,1,5.809606570255733,11.24374465889735,7314.984332743935,3.122945621168942,1.0,1,0
137.3691214463816,1,2,1,3.4331444815457113,1,39.38818814848089,40.091721037573315,24034.098286806042,3.5021649446849117,1.0,1,0
84.19574351296379,1,2,1,5.0,1,4.677128793204847,6.124124191051235,10437.031414318877,5.635625129618997,5.0,2,1
69.98784990016777,1,1,1,2.575077539174541,1,7.401039029778807,12.112862848034538,26589.594183570654,3.5207520806990082,1.0,1,0
72.01118416534085,1,1,1,5.0,1,19.31450179029956,22.932457925423076,5677.972434366941,6.681427321826452,1.0,8,1
143.74230732565135,1,3,1,1.3899315458419823,1,3.2800107393928846,4.985660582578076,14267.601227346857,3.7696962881989777,1.0,2,0
1428.0557379758445,1,1,1,1.8972019941433702,1,10.46033114109749,12.411921239189715,17772.64409603209,3.854360386588511,1.0,2,0
131.48453495273753,1,1,1,4.762976167217605,1,26.90294286327948,46.72980203537891,16086.134295683254,3.380501728235214,1.0,1,0
64.3669604626539,1,1,1,5.0,1,2.3228607402487618,2.3340820284165655,3651.487796811712,6.148597041867225,5.0,4,1
133.86052945995004,1,1,1,3.1251292782169227,1,17.56282964501922,19.273760067589055,3768.9532549214505,3.7409862365856363,1.0,1,0
127.84348154288008,2,1,0,4.867613264185066,1,8.536887653114688,11.287456330082263,18223.04145661306,3.9823345944503497,1.0,1,0
63.76278869991403,1,1,1,1.7665450512441705,1,34.63327743154694,62.03999320887873,5375.6588559078255,3.6370067912205073,1.0,1,0
46.31344892172328,1,1,1,2.565853788732546,1,35.64518578324499,34.28481974322267,14726.291649924271,3.459390769766351,1.0,1,0
130.7244671184717,1,1,1,0.8155990141562399,1,31.240176199869012,44.50154313865615,41698.90263797072,3.9018090648998123,1.0,1,0
147.73361657281438,1,2,1,3.3929717681362592,1,28.071848883892404,38.211132495152846,29564.698372285544,3.784792860655914,1.0,1,0
1413.5458731406554,1,1,1,2.0565767976635034,1,9.90577948362137,16.4442793601327,17769.017735949004,3.5730185468365896,1.0,1,0
1434.0267438818635,1,2,1,1.0015945942023368,1,6.070211905123048,8.236470775397434,30788.13739189231,3.2392049500591806,1.0,1,0
145.223798956084,1,1,1,4.202857125703735,1,10.338158782696944,8.296761125397678,18057.062676172867,4.087203967966487,1.0,1,0
1417.9350944995804,1,1,1,2.0960656724024367,1,3.3271379270249906,5.615044287342167,11944.158535241106,4.039283685225379,1.0,2,0
41.78648159364887,1,2,1,5.0,1,6.058064571944986,12.000955874884339,1279.7275292630163,5.189261446167572,1.0,4,1
141.83472011735677,1,1,0,2.162686634625818,1,16.727450150684952,33.192502131549055,13302.50387541948,4.59084178485312,1.0,1,0
67.63953303363365,1,2,1,0.4610667188117938,1,19.164141874986225,34.35342471838907,26441.861135862426,4.054878165182454,1.0,1,0
731.9908193332714,1,3,0,5.0,1,7.257137378435501,9.462967218074255,13060.725581020608,5.119863530534496,3.0,2,1
30.38754447838248,1,3,1,2.8723834108392126,1,19.75437502732099,15.845139973421237,20812.634193273425,3.821036115315169,1.0,1,0
138.39981228679113,1,1,1,2.38060157691919,1,16.885331076076554,25.452959561434103,35189.2237611777,4.210723755520471,1.0,1,0
114.38808655051734,1,3,1,5.0,1,15.497866687019284,16.458996944572466,3645.799539290769,4.558489612213121,1.0,2,1
65.56439795091433,1,1,1,3.709017164707027,1,4.28146130043071,3.7952555777412553,27398.521164716814,3.7210579346971433,1.0,1,0
93.0153001592544,2,3,1,5.0,1,7.676571012727314,6.98924232588921,14648.22354574516,4.453269917670295,3.0,4,1
125.1670110513973,1,2,1,2.3552193443528937,1,39.74750722244478,35.7505966233857,44993.1634882209,3.774377716940116,1.0,1,0
512.9562730078176,1,1,1,0.9610576870868344,1,39.164138291104955,68.71811738925344,16363.685313325945,3.944712433167398,1.0,1,0
745.0915377471373,1,2,1,5.0,1,21.136819450574166,28.524200994684865,6522.519796045133,6.049231178781406,2.0,1,1
509.677782365518,1,2,1,3.7825357136803994,1,2.9518621228421056,3.7076462044523715,5927.615110195014,3.7868496532256195,1.0,1,0
59.29027578012925,1,2,1,1.2123141790373866,1,22.100877364125985,24.569506502179223,24084.625425068207,3.9656051028256365,1.0,2,0
50.253035853688864,1,1,1,0.9332943562950783,1,41.10150498456014,74.6955604521093,23037.908360167436,3.706454094297724,1.0,1,0
510.5508722667139,1,2,1,2.271554562039071,1,13.437014256998165,22.558133133405764,15227.33664613766,3.819348676629579,1.0,1,0
1444.3216917094633,1,3,1,5.0,1,5.98675175525767,7.295613633694134,4207.196411133232,4.486737442250357,2.0,4,1
39.55161287613184,1,2,1,5.0,1,3.151053288468801,3.0086897320407275,6319.648172727475,5.855995380206053,1.0,1,1
57.517296912901024,2,1,1,5.0,1,8.177857690321755,16.156190124017897,5309.528552807855,6.449847302365638,1.0,1,1
57.61746395973785,1,3,1,1.5245088826513868,1,47.397453561502026,65.87603459909145,32217.306761076896,3.1470160428576333,1.0,1,0
144.50292131212765,2,1,1,1.0668297380732519,1,59.81166651530404,80.98501095656995,33653.40053970707,3.966125961336647,1.0,2,0
99.4830739051556,2,1,1,5.0,1,4.261633322111555,7.987983840447128,6635.852051630432,7.215998112772967,2.0,2,1
513.3505884237952,1,2,1,3.404360610069456,1,8.914728314567387,8.51664344446516,29944.670254405497,4.370759824681045,1.0,1,0
528.0594499407542,1,2,1,1.8468006652764353,1,9.344653383295185,10.021931892779621,10973.968350511317,3.565851587534097,1.0,1,0
1428.7272391988631,1,1,1,1.4149203048924728,1,20.440429984640186,37.21031229529181,9948.28508000565,4.54999338034237,1.0,1,0
134.33159528419566,1,1,1,3.167771352139395,1,4.882500772748937,9.355342248617298,16478.310661151438,3.6642646154416774,1.0,1,0
63.0348211377713,1,2,1,2.603586933764965,1,2.43715718975893,1.9574019391332782,11851.97287743664,3.709345453234439,1.0,1,0
93.4022114765947,2,2,1,5.0,1,2.3798367758020573,4.632218339303595,18748.330257325626,7.5,1.0,1,1
1424.2794440709215,1,1,1,0.9468470094888692,1,14.382474051250174,15.61316673210461,47896.114186886254,3.841664256261166,1.0,1,0
1422.6482754097901,1,2,1,1.772354164266178,1,25.44700997412989,20.444622631894116,55122.57505996511,4.3025312881536255,1.0,1,0
508.33971434052273,1,1,1,0.8392491972581786,1,55.42477894384185,94.65218147838789,18721.947606610065,3.6142845596631488,1.0,1,0
50.225571639683196,1,2,1,5.0,1,2.7489638178105738,4.082315453372741,1253.051129350817,5.783700585295201,5.0,2,1
148.0458009091378,1,1,1,2.068863074650056,1,19.531893733366903,22.8171563331803,9865.301054291098,3.8784840250219816,1.0,1,0
63.18723341984287,1,2,1,5.0,1,6.0089736290410345,5.5787472443215025,11001.829122403684,4.221131358537735,1.0,2,1
62.40153034531487,1,1,1,5.0,1,2.9754971710884077,2.601979191168497,19308.364330631066,5.543994017241294,3.0,1,1
754.3645518820103,1,3,1,5.0,1,4.387972795503799,6.833675673983203,3372.4464107460317,5.727593860008371,1.0,4,1
533.2997452222094,1,2,0,0.7106335246250826,1,3.9965188907568647,3.213559286105554,24369.92771459929,4.409818340950865,1.0,1,0
44.19679064209012,2,1,1,4.807980263391113,1,15.308018265659655,25.862579150402244,6521.173699857822,6.248237449872068,1.0,8,1
482.2666162488379,1,1,1,1.8592763823910134,1,21.581016145223593,33.28474710303669,19150.976976609716,3.687169547143208,1.0,1,0
59.36991837400814,1,2,1,0.8552487556447128,1,19.809514071904026,20.842911749065262,15689.550804963255,3.6202121193122,1.0,1,0
61.04155998954423,2,1,1,1.5056314742160657,1,17.4499301571141,30.478867216659093,62245.22075744374,4.080640927291716,1.0,1,0
71.59470149109038,1,1,1,2.3277417643920617,1,7.258870529535717,11.99039056343167,20618.638585969984,4.319078850968505,1.0,1,0
126.9907854712978,1,1,1,2.028239063011488,1,55.65924821280786,102.80190760526354,15237.100609979043,3.5929690554171314,1.0,1,0
495.5662992959148,2,1,1,2.1470385341927622,1,4.557899897313796,7.807212814477729,18657.48140174822,3.9118165268346146,1.0,1,0
507.81080064371423,1,3,1,2.3419751714975705,1,53.340509487262594,80.86598290217984,22660.234985649597,3.329230245574923,1.0,1,0
87.14301890324396,1,2,1,5.0,1,8.65017450054024,13.984125030625155,26544.55480481182,6.229234985964807,3.0,1,1
496.5822233134948,1,1,1,3.946995498127025,1,11.52347981195361,18.850888653987433,12138.856360820539,3.901825866653907,1.0,1,0
70.38891315114523,1,1,1,5.0,1,3.1225929203448493,3.275941232238784,6381.756441771421,5.305275741844945,1.0,2,1
145.40211118484882,1,3,1,2.1769715561597653,1,15.352317473293366,13.757273895141378,16873.626891628868,3.890529199257064,1.0,1,0
81.58356220235356,1,2,0,5.0,1,7.947072922275597,11.42300088879927,8481.473054062948,5.88579873922502,1.0,8,1
506.7457176924618,1,1,1,0.7720382686188878,1,18.812078155563057,35.2438902679152,18922.131771460758,3.4802381630916903,1.0,1,0
127.91932711960871,1,1,1,3.6574855695087014,1,8.802865922126362,7.870311768933606,12574.306501763624,3.0196493548628194,1.0,1,0
498.36903686328924,1,2,1,1.3915908524810674,1,78.1333219641741,75.35918472296817,35463.83568602713,3.934236599698155,1.0,1,0
141.219274231936,1,1,1,0.9948873702876382,1,8.728865821201484,16.873871610904953,19244.62054182105,3.441030788812412,1.0,1,0
508.46719948774177,1,3,1,3.9650513704778856,1,7.211040050970173,14.21396708571454,44040.68891316835,4.087396734269591,1.0,1,0
71.50367314946422,1,1,1,5.0,1,2.784570058935607,2.558608590086236,3339.472823091769,5.837595417902776,1.0,2,1
112.10190376056599,2,1,1,0.9361578048803469,1,15.89868188196978,20.5038523476624,25074.593959869148,4.278601728445993,1.0,2,0
1427.4611440154863,2,1,1,1.7024125144802684,1,23.98459141294806,23.258913731053298,30208.684284994368,4.229284094667096,1.0,2,0
21.590828864124394,2,2,1,5.0,1,4.910175071026748,5.939892771262758,4722.245660410871,5.458793149025043,3.0,4,1
1428.4061007272637,1,1,1,0.7847500415065694,1,21.26962613800507,37.26159740351958,15661.838478852571,3.726810159107286,1.0,1,0
532.6105858654271,1,1,1,1.5885229213974914,1,13.254985963048293,22.42857166902621,5334.246637171747,3.9797725370564936,1.0,1,0
54.33068130845204,1,1,0,0.9399967161636623,1,23.56895324808093,42.75043434294434,7231.119192931117,4.007761414320773,1.0,1,0
61.60377767204336,1,1,1,1.3239253219129359,1,39.0394234617938,44.60954046429966,9332.363680076702,4.051324110221404,1.0,1,0
125.35390869355625,1,1,1,1.312865788590472,1,16.38498735048075,14.82156502726845,9124.350830555399,3.928610399277156,1.0,1,0
104.082704270506,1,1,1,1.8689186920176002,1,64.44634564239638,120.67410328182017,21897.25779143155,4.245223664316049,1.0,1,0
144.86056943827285,1,1,1,0.747859144062255,1,3.764277041428608,7.022800832312535,15522.092437599647,3.4551878040191406,1.0,1,0
56.77507406700614,1,1,1,5.0,1,6.5537153469269125,6.086826524079445,3828.6462815904306,6.018202115798807,1.0,1,1
117.74158164133136,1,1,1,2.0043798316161747,1,11.053614033312616,19.501409830079975,6294.47274140109,3.847976968627032,1.0,1,0
117.70690207269926,1,1,1,2.180229648698225,1,13.418414055092267,13.355946754601867,25824.418928308758,3.576432391416866,1.0,1,0
84.81142165177945,1,1,0,5.0,1,20.07022706441413,33.66170910197725,11613.501171646152,5.498380041962031,1.0,1,1
63.394982384046465,1,3,1,1.715645939074041,1,7.728623896937038,12.837758352831122,15649.300841340439,3.8136006621454643,1.0,1,0
48.58281484427273,1,2,1,2.6757460553570196,1,15.595139959432144,19.051108259545668,30233.085528791064,3.7036118544409344,1.0,1,0
118.98365254053994,1,1,0,2.9598302189329853,1,2.845681693044384,3.2730989120879235,19811.628651466544,3.9990622956560533,1.0,1,0
1484.8038619857894,1,3,1,5.0,1,3.632226256268031,7.244653852235389,2134.9480329276003,4.754286616457053,2.0,4,1
70.21136234413022,2,1,1,5.0,1,10.459750081329936,19.028942804451844,118.77331936994798,5.885770034345958,5.0,4,1
74.6553948842965,1,3,1,1.3315796020247048,1,54.92267246623183,66.8576599608756,6916.4868549754165,3.9518986399997327,1.0,1,0
44.58139032721354,1,1,1,4.53874668724534,1,4.309365059014592,6.9506864886738216,5793.158453122709,6.415927160572604,3.0,1,1
67.23585000376352,1,1,1,2.8880665504688667,1,5.719229016556606,11.077938279921447,4089.0484758740504,3.5888595408629804,1.0,1,0
132.40992683229928,1,1,1,5.0,1,9.10210067641831,15.775775329808399,15385.290975040498,3.575448346587256,1.0,1,0
1452.7119543189317,1,2,1,5.0,1,14.211034529003427,16.959479574228343,5068.6641720940825,5.982630473967538,2.0,2,1
110.96245741216619,1,2,1,1.6551921023940337,1,39.72576972301045,78.79322340798588,29456.731506736392,3.1769947934893246,1.0,1,0
1424.3486615885156,2,2,1,1.5879269365182185,1,52.43880779881758,62.61493478912826,14653.848426432303,3.6966226866971414,1.0,1,0
45.9783672373793,1,1,1,1.4640383519620497,1,14.68846427201969,26.495395545053974,23076.915509014925,3.6432482526564116,1.0,2,0
81.26934282631706,2,3,1,5.0,1,2.5261990366542766,3.551273398226552,2721.9470633319665,5.424988151641965,2.0,4,1
1431.2251128784396,1,1,1,5.0,1,4.46684953674103,8.621142844122543,6453.7288124717725,5.567708310371005,5.0,4,1
29.437581439782665,1,3,1,5.0,1,7.638265044505162,15.105825317762125,7030.103198154739,5.031342379754193,2.0,4,1
1444.5157546272778,1,1,1,2.828662824069621,1,11.166637212837584,10.092298004570038,30642.17673432877,3.465578635242355,1.0,1,0
132.01509922885933,1,1,1,2.3161640287180787,1,6.238133532182478,11.976328298933657,11001.978764046698,4.245072521030061,1.0,1,0
526.3969184028156,1,1,1,1.2332535470953752,1,24.122770039590968,41.106556475007714,17803.510090606327,4.029292481023424,1.0,1,0
1430.0243467224898,2,2,1,3.2849067399953498,1,17.23576515835668,29.56069981791895,29947.936969769868,4.3695969745676555,1.0,2,0
71.42084133133633,1,3,1,2.460223351251169,1,9.63552756057321,8.412810431722574,15015.013671880382,3.721290412266855,1.0,1,0
120.13885731401453,1,2,1,1.653402789537433,1,65.34203344785539,68.34882747517192,48271.77958159103,3.3843576968664486,1.0,1,0
746.8238356812278,2,3,0,5.0,1,2.9700253306932507,4.979548996874807,2452.468326582257,5.4611418237557805,1.0,1,1
506.1303326348696,1,1,1,1.4198102673053536,1,16.076452042385135,22.782442906663956,34449.79269983524,3.654092201963214,1.0,1,0
61.227921396121104,1,1,1,5.0,1,11.666536829139973,21.394967885148905,3296.616371974357,4.469816779323008,1.0,1,1
94.24669276074704,1,2,1,5.0,1,4.063720110376607,4.47734165907157,10354.919820069259,5.599978954144776,2.0,1,1
68.14072307115654,1,1,1,5.0,1,4.5624479983259585,8.773268492730905,3336.5896563273363,5.579389989153659,1.0,4,1
497.6701033854139,1,2,1,2.116536125768123,1,14.382220640059975,19.5444675648571,16166.196865088195,4.142853595661728,1.0,2,0
59.81071930695988,1,1,1,1.650203275908272,1,21.677445107253575,38.501410765559946,15794.1966269144,3.5244544009500336,1.0,1,0
1418.3183004658824,1,1,1,1.3403647001077972,1,4.927890928137883,4.385357427691024,16655.40361702341,3.744824387854311,1.0,1,0
137.4443168036629,1,2,1,1.1942790521445372,1,22.039079906024966,34.933266831776436,7864.845484373125,4.235651386168145,1.0,1,0
117.6715909547467,2,1,1,4.136148436529827,1,18.49830150909826,15.594261442553982,5168.952483624087,4.049006651280802,1.0,1,0
506.597169427534,1,2,1,0.9812673112917322,1,6.112935976533094,6.727449134430537,18080.577229556253,3.6425865500785006,1.0,1,0
1426.9044402144923,1,2,0,1.685662337928555,1,9.595192084677752,15.48849978876055,19531.447885501922,3.0326794698004944,1.0,1,0
125.50068275026653,2,3,1,2.695104425457004,1,14.121301757141142,22.16637637754528,26868.58859151429,3.319995040447187,1.0,1,0
1450.8204011841644,3,3,1,4.624421916123219,1,9.099682866153458,10.653903856008984,6071.501421665419,6.23853978878422,2.0,2,1
116.73184879252318,2,1,1,2.947643466392736,1,16.544593269789768,17.272502052547548,42254.08076348692,3.7504351716439976,1.0,1,0
499.31353134664386,1,1,1,1.8837261373871965,1,6.833757351172637,11.99276284268119,21832.625666440144,3.219348458199684,1.0,1,0
1415.1635039757587,1,1,1,2.090285127596312,1,3.505060730596613,5.507428114479711,23732.798850796455,3.65455995883099,1.0,1,0
516.4591342916542,2,1,1,1.2989750364194992,1,10.689858187692424,12.268414149528791,22440.47189487192,3.8267832665569257,1.0,2,0
1424.2633023162855,1,1,1,1.0358610754029818,1,17.03521856422517,28.25843208838335,40446.77345612439,3.6059305235184635,1.0,1,0
518.3799513477327,1,3,1,2.705440664999049,1,6.070464837907488,7.2400091326980505,19439.391357845394,3.710377355635394,1.0,1,0
749.1981911779891,1,2,1,4.843636273245105,1,2.8409021903126117,3.389318279893636,13366.476291282237,5.969497515585021,2.0,4,1
1427.4966069566633,1,1,1,1.7668545679268215,1,18.01492381731336,29.87634920077123,20749.861077855676,3.6278534037885253,1.0,2,0
92.1173910070561,1,1,1,5.0,1,5.275247384684727,7.380223601892625,4156.707479575506,5.1282885585941305,1.0,1,1
122.59263419720496,1,2,1,1.15424656527805,1,2.566666613534025,3.960904016234591,20274.367405911697,4.5820574389992,1.0,1,0
72.56491072321904,2,1,1,2.6565902235455843,1,42.39100952384857,38.72165887659997,14596.496112346715,3.520769037114397,1.0,1,0
127.18915954560673,1,1,1,1.529463689664705,1,13.041460944766984,16.905224528389336,21548.01804076878,3.017653909622506,1.0,1,0
60.26325276826788,1,1,1,5.0,1,3.5935465509340663,6.248579388681618,19560.99451974912,5.503334498891039,1.0,1,1
1427.5588225030408,1,1,1,1.5093384927648963,1,44.33596938099109,59.67474338528885,9101.159832585658,3.2365368972592328,1.0,1,0
508.18914551594264,1,1,1,1.1751675892302904,1,17.00293562628346,29.72708410301766,11816.39360936494,3.3019183931963623,1.0,1,0
511.0159053125926,1,1,1,4.516543513523035,1,22.46693190851156,37.341236385261276,9852.04882448348,4.233927158990128,1.0,1,0
128.0256764140636,1,1,1,1.4678292573392306,1,20.256284814663076,18.71724306215443,23136.351161177292,3.603739604811203,1.0,1,0
127.43715209066556,1,1,1,4.66208064902352,1,8.709342295918834,12.973015983829693,21403.259148941906,3.3963455253766672,1.0,2,0
121.40742027350123,1,1,1,1.3884580605449355,1,2.366697332952338,4.523627887367042,19579.46281998002,4.142425983044033,1.0,1,0
1474.3724928715346,1,1,0,5.0,1,2.6110047899534417,4.817303712713434,1072.3408679303718,5.087380939111201,1.0,8,1
514.1532467658913,2,1,1,1.8117831251053336,1,9.355411717774373,13.572883092228208,7623.65742599418,3.3736011280166878,1.0,1,0
39.70045538430922,2,1,1,5.0,1,17.986290528943336,23.000176241510466,4273.534027761569,6.131291450960565,1.0,2,1
71.63014672225572,1,3,1,0.8802839403138577,1,20.229618874948102,31.49960881310192,20617.437243782115,4.652917599858347,1.0,1,0
132.49194516784067,2,1,1,4.47860162732067,1,32.040008036496864,45.59177423233256,39088.92862408051,3.934005503479779,1.0,1,0
66.97513960118951,1,1,1,0.8817555987788052,1,22.544944527736863,24.67301090709221,5425.305994452034,3.937709427946165,1.0,1,0
75.43164584837065,1,2,1,1.9406259290280077,1,28.77072773687689,32.48697399178778,9102.620987779446,3.4315867506410345,1.0,1,0
79.03009060670486,1,1,0,5.0,1,2.5022874698024276,3.257327658818285,7646.495756899598,5.7830833122315175,1.0,4,1
149.29193049272297,1,1,1,1.8410555431773439,1,8.850415203851462,12.95325822606173,31843.71679273897,3.8648271190291794,1.0,1,0
80.33011074949866,2,1,1,1.2126545244693558,1,41.91052208079862,43.08672755813608,24241.821869704258,3.9741126601868624,1.0,1,0
68.20025439343421,1,1,1,4.743388049185821,1,84.48596870858054,162.4052328097237,12278.909167160406,4.126652898871981,1.0,1,0
61.148322687064244,1,1,1,2.715704353994498,1,6.386206875713402,5.554310806212448,14237.766729236535,3.9522209505778347,1.0,1,0
129.71631852651817,1,1,1,1.8442550164454548,1,24.335366124228532,35.92462282657136,16762.35048885382,3.8914305431474183,1.0,1,0
138.45204428713853,1,1,1,2.1570571745259226,1,10.440253172946209,14.045329478264792,47747.98119810588,3.4825660151076994,1.0,1,0
125.31914686324922,1,1,1,1.4478740500848502,1,15.448635261468148,30.290832215873248,9452.463764443452,3.76797069049827,1.0,1,0
514.8508828988847,2,1,1,1.0013355621884747,1,7.61156795386097,14.184180612842608,19460.86376783998,4.263416383376597,1.0,1,0
77.87499955100995,1,3,1,5.0,1,4.403778286082156,3.745191710853931,14152.61332401357,5.4398073490480385,1.0,4,1
1417.2697911016437,1,1,1,0.5592523484248602,1,9.926808526888323,14.840211978609519,33635.206197752574,3.5081904550955905,1.0,2,0
518.5224930522586,1,1,1,1.316011964917981,1,5.093685095196607,6.078562830505021,11421.426845712276,3.7900071220000204,1.0,1,0
511.91209104844967,1,1,1,1.1160892748050362,1,24.963444639821713,36.44097083225497,19998.543643351983,2.834207831334333,1.0,1,0
65.32119198662669,1,1,1,1.1454198352954352,1,8.101324161770595,12.517464263273933,23636.853077396583,3.9512424812655915,1.0,1,0
61.60197375001786,1,1,1,2.5202377713543616,1,25.801753400358347,20.765765010076475,17152.8140073163,3.9529602291454737,1.0,1,0
1473.1770970314794,1,1,1,5.0,1,18.00225007518673,23.522979844320844,6963.10082045529,5.145887318359695,5.0,4,1
142.6315519603209,1,1,1,1.7573984981163304,1,13.397670563138647,10.975139353148567,39335.65222465319,3.8837718865087316,1.0,1,0
32.45983359959217,1,2,1,5.0,1,8.475256225567877,9.781045319539363,6269.052296145505,4.504190461768561,1.0,8,1
50.38501697052074,1,1,1,2.8264827273865105,1,46.0294526577157,58.08337868801551,49654.03591541119,4.355814551846344,1.0,1,0
23.705457874994718,1,2,1,5.0,1,27.501322361925492,52.786722432595525,2125.490999320077,5.139931915941658,1.0,1,1
121.33775983647483,1,1,1,3.7678787192661787,1,48.08987462222337,87.03131143895125,16341.901794354186,3.889441797971459,1.0,2,0
1398.3365217304563,1,1,1,2.9460167010429554,1,28.669046394857258,53.60920168264221,6192.216978343358,3.125851408169154,1.0,1,0
53.31193265195462,1,3,1,1.2883641284609337,1,22.529255824213294,33.905786090344435,21408.441310644186,3.4817268865949513,1.0,1,0
103.26997036749026,1,2,1,5.0,1,3.0029383752024774,3.1591476401940493,4561.492658574799,4.383969140506204,1.0,2,1
129.08068242777185,1,1,1,2.5187991566827357,1,20.74501379065108,19.754214060845637,25786.672247046252,3.7665514848241894,1.0,2,0
36.97408069681123,1,2,1,5.0,1,3.4705299075242833,4.486152413079785,7359.357506515189,4.82501503801286,1.0,4,1
135.02084492998827,1,1,1,1.452322258473135,1,46.47092627807488,75.52662904728601,16288.25874321987,3.572210097556792,1.0,1,0
1394.492616891282,1,2,1,1.8257923993569385,1,5.009488162930041,7.448156060137517,8837.20212766334,4.620264777135955,1.0,1,0
118.97902789063258,2,1,1,1.0076601486402625,1,19.645171189801708,24.34681421441334,13468.228347177037,3.8586275222651705,1.0,2,0
1419.6297061788387,1,1,1,5.0,1,10.256768616786733,8.908538578908958,22479.615971246174,4.205647806749669,1.0,1,0
59.777902249100606,1,2,1,5.0,1,8.437048334140972,8.681022634670663,9806.147844438661,5.323342836827662,3.0,4,1
1449.6637824046425,1,1,1,5.0,1,2.32506338919899,2.8225145503050446,9537.62703568446,5.3860985597911295,1.0,2,1
1417.2664193994294,1,2,1,1.388310164393931,1,4.805525931972211,4.344840012880226,6294.278342400736,3.1003486709461963,1.0,1,0
120.12821363687799,1,2,1,0.77973096851036,1,11.400943229041593,19.328232141541296,27392.44497247936,3.360354837957036,1.0,1,0
59.89227843475942,2,3,1,1.8023905943782743,1,5.213212877580153,7.617535795351171,2301.0640379350884,4.136791507580213,1.0,1,0
75.1250466672085,1,1,1,0.6432534514942732,1,15.890159518970375,18.08948601219568,21784.38171100627,3.9035873390339355,1.0,1,0
65.45617265031473,2,1,1,0.8056699861987637,1,15.179683381418231,22.3226422076798,19483.640238969874,4.1422300781231645,1.0,1,0
1397.791402498375,1,2,0,1.3846059994746465,1,35.063019273625216,69.57326563574601,51865.314674815636,3.9136987963514116,1.0,1,0
70.4675011022389,1,1,1,1.7787540332621286,1,108.36748559136244,124.5344484220891,23901.25518450359,3.7110315005336973,1.0,1,0
72.43104324943884,1,1,1,2.2390501382692807,1,54.30445141769727,86.50361026370142,5940.925287303193,3.687136018917753,1.0,1,0
75.60221155822248,1,1,1,1.3835209855552022,1,5.059053603656532,8.24254126859978,3246.3865213352124,3.9558638212462465,1.0,1,0
1461.7458708471172,1,2,1,5.0,1,4.324192174359885,6.128820070971793,8195.836060203712,4.156865786072914,5.0,2,1
1413.6438447176345,1,1,1,0.9217445782774432,1,2.648626192707329,4.3976805762708375,29583.805107350687,3.7792694159753,1.0,1,0
1430.067303977818,1,1,1,0.8597616303122146,1,15.534625393037778,18.96621778646004,32187.57264780943,3.9515876726822095,1.0,1,0
42.641773294352575,1,1,1,5.0,1,6.753313586325642,11.985025981462533,3503.869811102527,5.752804776667249,1.0,1,1
44.128275235063846,2,1,1,1.2586822335850252,1,42.06297215995537,44.210412735557284,13672.293424421408,3.9423488108029803,1.0,1,0
85.9778481980576,1,1,1,1.4650768918737893,1,8.921934063825212,13.038369881745094,24240.994474394192,3.593442378296696,1.0,1,0
113.99005059443951,1,1,1,0.6966628026101979,1,9.919769928684925,9.298954818923978,29278.896007725307,3.5925298997627024,1.0,1,0
129.87304597283023,1,3,1,1.3349404365762907,1,3.57545703690229,3.9942277403385367,20133.739778055708,4.12653575287428,1.0,1,0
111.6438093800791,1,1,1,1.459772126612836,1,15.661034188273096,13.709584561418758,10772.467636485218,3.843322652962522,1.0,1,0
22.024021488338846,1,2,1,5.0,1,2.466831435430415,2.3914379850970064,4007.835288250651,4.674371195459034,2.0,8,1
132.49845119985497,1,1,1,1.0870062319748302,1,25.488316548640846,37.653072358033484,13722.775112552199,3.9537668994776616,1.0,1,0
1469.9750362253023,2,2,1,5.0,1,3.4226279293833772,4.099686470283785,6183.15462260995,5.083871025557594,5.0,4,1
134.89662064833604,1,2,1,1.413805760758782,1,43.52195623148201,83.32498954412264,32926.31229864529,4.507493891755269,1.0,1,0
123.07689441654419,1,1,0,1.6361996505470868,1,6.059199918346868,9.457262524640463,18468.187151488153,3.7805303245411306,1.0,1,0
70.11314795607467,1,2,1,2.8252708630099876,1,10.369631832559035,11.924674128216337,26059.808055026977,4.27843779379297,1.0,1,0
68.52299405893743,1,2,1,2.985104280245087,1,4.55383951938062,8.978939428983226,5179.016349444667,4.0801732779840805,1.0,1,0
125.58696474671859,1,2,1,3.366929771938364,1,12.768705295597542,24.439964814793495,23554.840663945775,3.9317688796838306,1.0,1,0
38.82951348010508,1,2,1,1.1788106687848057,1,7.081982029834609,9.671490815006088,11446.006730820993,3.8181621359092337,1.0,1,0
66.57436651989246,1,2,1,1.186406527234642,1,4.994189534627815,4.979248632079479,25134.14728722407,3.599940632632101,1.0,1,0
1450.0911408201196,2,3,1,5.0,1,4.2337711273851,6.853936349510156,15049.544502468882,5.185035508780996,2.0,4,1
516.3611031414192,1,1,1,1.263853165381298,1,14.443934922622239,17.90074294996514,34042.16713121521,3.678481385567916,1.0,1,0
58.92636591353757,1,1,1,2.2373055806959172,1,4.100172392847972,7.351463567285938,19791.352670169766,4.445022761202875,1.0,1,0
63.033066033263765,1,1,1,2.52359279103359,1,50.045982810499744,46.75981491672737,16064.053566865392,4.139869018248835,1.0,1,0
1467.569493405404,1,3,1,5.0,1,5.696992507805119,5.940747751522356,1217.2303220729918,5.091097987706301,2.0,1,1
764.6323816607041,1,1,1,5.0,1,12.874093475399953,22.07289077018137,15159.898244352617,5.38926144998238,3.0,2,1
70.83152704577851,2,2,1,5.0,1,2.5912202990426265,4.13458719527026,4832.325545221778,3.762772055501191,2.0,1,1
117.72887744115368,1,1,1,2.3806721661203363,1,4.501039737753954,3.61468234634342,9034.402777027197,4.620738025810576,1.0,1,0
58.35289282170656,2,1,1,2.0706535234444705,1,48.08248467659625,40.84842816228338,37663.92601373051,4.391090243121014,1.0,1,0
49.79728179400334,1,1,1,5.0,1,5.109022400787676,4.751728184619615,10218.806096508557,6.200360654516048,1.0,1,1
503.5389328136403,2,1,0,1.0904997187385994,1,36.05658017131562,30.581787797324644,17755.00547637009,4.494763806741104,1.0,1,0
1455.642921720424,1,1,1,5.0,1,3.6018830812004827,6.736545749638758,6192.58005332362,5.966170734841882,1.0,1,1
515.7906872718128,1,1,1,1.1149862120625735,1,80.09681214163984,80.74411180382083,26892.628780456092,4.505544115511923,1.0,1,0
98.25605168655977,1,2,1,5.0,1,19.117984888385642,35.51340034157026,7249.955915441504,5.0725862589891815,3.0,2,1
51.433178425586036,2,1,1,5.0,1,7.3705476221990605,7.4793738859427625,16169.576029049995,5.298903675939284,3.0,4,1
721.554922295743,1,2,0,5.0,1,2.8396496899288017,4.905747940248281,3825.799088379166,4.337562198385678,5.0,1,1
64.57115207181084,1,3,1,5.0,1,7.825456730808675,10.555994142128124,5983.863166151233,6.433153946697152,5.0,4,1
766.2869488102789,1,1,1,5.0,1,6.356511767267193,5.546670489483325,5378.30859241138,6.464488111669203,3.0,2,1
63.096586579675474,1,1,1,0.6682854830851825,1,48.9178603730868,67.58082316121093,8282.805299610789,3.485648088718839,1.0,1,0
48.19675989906138,1,1,1,5.0,1,2.715036537747198,2.725952540926624,3767.1101852272204,5.300222923099578,2.0,2,1
56.00107196577234,1,1,1,2.8186959036485013,1,12.095290647674048,18.556169714004483,8455.088231879368,3.969025085740975,1.0,1,0
31.14448321086442,1,2,1,5.0,1,6.4982687975106685,11.05984678592471,10621.75361873172,4.057425970930551,5.0,1,1
1412.4042993377436,2,2,1,2.5620464057104804,1,16.1445025795546,15.404117111356364,7231.737052551806,4.2195195206739475,1.0,1,0
138.3461357914746,1,1,1,1.6732773497751607,1,3.3213506992694986,4.36444283373133,44952.47632444846,3.5031621248405695,1.0,1,0
55.28538450320826,1,1,1,5.0,1,3.769579904178938,3.7654657133536125,4212.13472389516,5.664880347945098,1.0,1,1
129.54768514414823,1,1,1,0.5337602422631386,1,21.247419818374,24.47323080524886,22337.634574272903,3.480352089786723,1.0,1,0
133.8136442477894,1,1,1,1.82088109547292,1,2.9933556393515346,5.7413874030030385,15446.827560396297,3.356496945526652,1.0,1,0
772.5278471551272,1,1,0,5.0,1,4.858465493147319,4.310431335781991,3342.4857499571735,5.246411311318983,1.0,1,1
80.34882384223798,1,1,1,2.1085131434515576,1,14.912511683136366,24.695648318352017,14720.189203468308,3.7938004077701057,1.0,1,0
515.5393912138088,1,3,0,1.2942086691808408,1,23.580149752576727,44.077541801642866,20041.061150972077,3.3030182146341023,1.0,1,0
139.79570170377278,1,2,1,2.574004134912583,1,33.103529507458795,47.02934047841979,16140.587977743098,4.108048551286717,1.0,1,0
115.54113606271308,1,2,1,1.630640534758613,1,28.086394210827603,45.55824105907822,35121.9645242519,4.262713862276621,1.0,1,0
1410.2490175774728,1,1,1,2.5265111563712015,1,46.351346907424926,66.670909384045,15231.195593070715,3.9150805928346335,1.0,1,0
1427.9844960392065,1,1,1,5.0,1,6.081777350151914,7.240555433039746,17379.713153163317,3.7647716435482423,1.0,1,0
1470.6214963414413,1,2,0,5.0,1,5.727183974183357,10.181889727572885,3078.759706622559,5.135002621648127,3.0,1,1
118.9337285492756,1,1,1,0.7243292356369325,1,5.25240929315566,4.858903338682721,36904.94430708723,3.793140919176975,1.0,1,0
516.6771021543436,1,1,1,3.9218139729773083,1,38.11104344938255,38.005398790938,34995.87040544027,4.203361084860539,1.0,1,0
517.4058266000161,1,1,1,2.1465420021932564,1,49.22939174258302,78.12393131740343,37703.97631911096,4.211793909686084,1.0,1,0
54.84111927535436,1,1,1,1.108278700377186,1,5.0174090917577585,5.086267828904757,15530.012601382221,4.239858147240905,1.0,1,0
1412.6467611936894,1,1,1,1.5788990068656095,1,13.114716017912807,17.516047117761396,41243.113739037355,3.8141721329005907,1.0,1,0
41.672225786248816,1,3,1,5.0,1,3.606152881081048,6.890981813202629,3170.4470999756113,4.5675031155611485,2.0,4,1
98.79613197386374,1,2,1,5.0,1,4.966066613607406,9.671948956858703,2106.6790322020224,6.756189566123218,1.0,2,1
43.43983629001465,1,1,1,5.0,1,7.194266722060083,10.762563468618593,18809.092100235903,5.683022951864342,1.0,2,1
59.134479657223075,1,3,1,5.0,1,5.163164505591327,7.633588019614138,6921.881486119478,3.3161033159397775,1.0,2,1
135.5387132672367,1,1,1,2.9474037873128633,1,24.640420592826416,49.121024867634254,13881.616525332836,3.949834513237387,1.0,1,0
536.3217551192032,1,2,1,2.289333782879467,1,9.019335695031916,14.431085809760546,6403.992687438772,3.0495945591877947,1.0,1,0
1440.7588879018535,1,1,1,3.620564673569832,1,59.675680016781826,48.55089859411544,18478.3102723121,4.087069391434968,1.0,1,0
135.0506039949823,1,1,1,1.475046401731231,1,25.501278637770564,22.374560347229224,7416.031485879005,3.510632172189161,1.0,1,0
57.43401255496244,1,1,1,0.7327897398669766,1,29.949535593635524,37.2873563857807,17879.289377283272,3.4287375089602308,1.0,1,0
1417.1509854249757,1,2,1,2.102950461353563,1,5.205352083466034,4.783669319676842,21001.92589668787,4.117970434920396,1.0,1,0
129.23323809664674,1,1,1,1.1968642459581504,1,62.181667304043614,65.68764120251944,15817.5080810736,3.2618017560595796,1.0,1,0
506.07671963625114,1,3,1,4.138197432886603,1,19.54576336524362,22.04074084760834,6461.372654501353,4.457040590116457,1.0,1,0
1414.7248360067624,1,1,1,3.8338598784903217,1,19.96105676245175,29.524391835900442,31340.064170219895,3.681131411633143,1.0,1,0
515.9944435032704,2,1,1,1.4957082982033365,1,24.345739230197793,23.767642477371474,9472.828547813191,3.627493174938994,1.0,1,0
142.14491338803657,1,1,1,1.3854909764245904,1,8.90951741586721,11.025564447339336,55710.713658533125,3.847093637362531,1.0,1,0
63.24929794709611,1,2,1,5.0,1,4.5597076676294925,5.478591776475102,7424.693711242635,5.240540418290581,1.0,1,1
42.103332072965934,1,1,1,0.8224908301032,1,5.553138783649583,5.146830044691743,6525.733147016116,3.8740647330944094,1.0,1,0
65.66778520826888,1,3,1,2.4862354127199087,1,5.9004372155622145,8.691516348303798,17636.102046969183,3.617306011102872,1.0,1,0
1449.9816494306488,2,2,1,5.0,1,9.007910717982785,8.18000043745086,10062.106285544485,5.504356797820382,2.0,2,1
138.85389530542753,1,2,1,0.9019835606887446,1,8.920479967822992,10.350182260216654,39338.52099619832,3.7991363029001586,1.0,1,0
125.09935534362947,1,3,1,1.8538592319473517,1,17.67339655318753,17.368435007912463,9062.046101501946,3.9805800975108974,1.0,1,0
512.2689688718967,2,3,1,4.9245177631670325,1,19.902110844208106,33.095427476408204,11974.572011636714,3.517484394152986,1.0,1,0
758.4088133147363,3,2,1,5.0,1,4.530564863207901,9.038862957444652,8179.3417803155835,5.766233395763917,2.0,2,1
53.344308151646445,1,1,1,5.0,1,15.1178473148962,15.819185282208716,1625.1940384437885,6.661397623572397,1.0,1,1
95.41250554518746,1,3,0,5.0,1,6.9043938168661265,9.412124588472825,2252.46606513236,5.616794913959671,2.0,1,1
52.42461324866545,2,1,1,1.1676108574593402,1,54.62051522556764,58.382711590931635,35619.83350865318,3.4484454762819245,1.0,1,0
52.729103797915045,1,1,1,3.7369872169109586,1,14.40565056331867,13.757904264875904,18965.560476238737,3.832396002621388,1.0,1,0
91.29093442340921,1,1,1,5.0,1,14.850389939047838,15.683443570291887,9719.016631425618,5.420719685916737,1.0,2,1
497.7636136158359,1,1,1,2.345345229020977,1,18.701069460827494,30.767447848166704,12612.941902580815,4.061677224662832,1.0,1,0
53.73214994796723,2,1,1,5.0,1,14.155529990568962,19.89228047872044,6958.753484916442,5.942100010974551,1.0,4,1
70.77102944909392,1,1,1,4.307062747965022,1,5.310810445096756,8.640269452860526,16714.33897326357,4.046948552316488,1.0,1,0
523.4006305482486,1,2,1,2.025285650884059,1,76.46776940814303,143.00226247409023,22328.54598809273,3.472742520278466,1.0,1,0
509.8229843504076,1,1,1,1.9695336318256733,1,30.691838303417036,42.41458126404181,12620.06993864194,3.761799258198308,1.0,1,0
1443.9437073314207,1,2,0,5.0,1,2.0630935693918175,3.6472252967103365,6554.003843077227,5.101525782446339,1.0,4,1
94.2246240129368,2,1,1,5.0,1,7.122251579268711,9.185988813478353,13879.552523522818,4.8893181243207895,5.0,4,1
88.17892993527437,1,2,1,5.0,1,5.115473183181182,4.792057290590198,8199.80796093239,4.3169067821957245,3.0,1,1
1479.4226865288183,2,2,1,5.0,1,9.16503630803013,11.902700129891018,4635.304759461739,3.1709033211298694,2.0,1,1
1415.8227438128272,1,1,1,1.6687394798859128,1,7.658194191381526,13.4378832053184,22576.846786860624,4.23203267797262,1.0,1,0
50.76071958815329,2,1,1,4.24024873533761,1,26.051798191451514,30.89755793231181,14817.056421582227,4.217400608559345,1.0,1,0
61.20881397166662,1,2,1,5.0,1,32.589303507441755,53.311457597898766,16315.254864673283,3.3763481371899444,1.0,1,0
74.40209481113772,1,1,0,1.5195459586827724,1,3.18501781119098,3.707798836101425,27791.67603515759,3.795967761423236,1.0,2,0
740.3791151311549,2,2,1,5.0,1,4.369652685428385,6.929535122855163,20032.173308014866,4.308471972315228,2.0,1,1
30.54612408465811,1,2,1,5.0,1,20.30421759797215,37.084799277502086,1006.7097746907637,4.783799700767405,2.0,1,1
125.95145597079467,1,3,1,1.6902311562258587,1,8.113757568357135,7.752579283227674,26392.07121783611,4.267527987939535,1.0,1,0
529.8282853358847,1,2,1,1.0866705034346789,1,5.098590634675,5.627329828219329,24394.600462298233,4.397966078159089,1.0,1,0
522.6795323003737,1,1,1,2.2660434449421896,1,7.891040232591079,7.454513324721019,10731.778140542228,3.968586046653047,1.0,1,0
123.22875194619662,1,2,1,1.620928099588134,1,13.683250533992116,19.65557188844649,4921.784141106471,3.8383697400244654,1.0,1,0
1408.8646435249639,1,1,1,1.0477132572164505,1,25.618237807615508,50.67981812850766,17529.370516906896,4.023646071068822,1.0,1,0
511.2707337897954,1,2,1,3.0662259438059127,1,7.381648787504888,10.423103853747858,2546.231669449611,3.7384993789839855,1.0,1,0
490.40262112214555,1,1,1,0.8916721476341307,1,9.55673002858785,18.481055478892657,5007.968840880004,3.8418629141223324,1.0,1,0
75.45483734807678,1,2,1,1.6180178099879443,1,11.153837208982067,12.777026371359954,17748.145501595,4.411769297284027,1.0,2,0
101.30630334991142,1,3,0,5.0,1,3.1607999555380246,6.2985396742769115,2196.2271769568542,6.665730546436561,1.0,1,1
48.247713990481806,2,2,1,5.0,1,13.60039921903809,17.563083274859416,10026.796398134133,6.638032050906707,2.0,1,1
59.94789266320255,2,1,1,5.0,1,4.856538056656012,8.865545033941046,4866.657725511007,7.424784128668448,1.0,1,1
127.81573129148653,1,1,0,2.717406651716075,1,23.524088222115626,40.10416154150906,10191.3984086413,3.683824981917317,1.0,1,0
132.84681976304086,1,2,1,0.6143493442964896,1,10.43675876503701,19.87176458276209,10123.205468658985,3.598127546882022,1.0,1,0
131.8834525220164,1,2,1,1.9341931582435519,1,34.19905706008426,48.657627506746145,26702.092517164776,3.0741745311886652,1.0,1,0
129.5643633325559,1,1,1,1.6563949122576107,1,3.34468794897177,3.8517558973771218,6550.120958150989,4.3295415696623865,1.0,1,0
135.85913213322334,1,1,1,2.4870856549871854,1,6.272737329687946,10.970659866672621,6415.5128209642035,3.235489264580824,1.0,1,0
115.32997528482679,1,1,1,2.715980999585069,1,26.786578189949743,26.457132958990375,9233.64607611624,3.144869476192496,1.0,1,0
67.8766845605596,1,1,1,1.064526050652664,1,40.02664187526145,55.79496206210762,24678.239654092828,4.261184206307587,1.0,1,0
1407.6815589821992,1,1,1,1.3239430083068067,1,47.49089347517868,75.42562789206366,11037.674003462776,3.5446558465447766,1.0,1,0
734.8355031720048,1,2,1,5.0,1,12.238543820430333,22.02509706835998,20288.289801933868,5.053331441906967,3.0,4,1
1421.5453339965024,2,2,0,2.6106589407928453,1,12.60370247024595,13.16598350857656,21666.987691017985,4.877440730228245,1.0,1,0
55.47961030124537,1,1,1,2.4565014843196376,1,83.4847726527733,143.30588241424198,21168.58524071236,3.8687767759221767,1.0,1,0
1431.0158842996104,1,1,1,5.0,1,27.569013254980312,23.187741674384718,4689.325317827787,2.5649970150538817,1.0,1,0
1407.5292212337731,1,1,1,1.6573440131658348,1,18.958936034042882,16.80010819365668,18074.352729650545,3.611836923342209,1.0,1,0
84.3180446879205,1,2,1,5.0,1,14.427847595202326,17.54389105701926,5104.36131527208,6.912050827457311,3.0,2,1
1406.9265747178683,1,3,1,0.9865994339680069,1,2.54807621667508,2.2355242534735678,23117.59246989159,3.8725192925163365,1.0,1,0
1412.9203032809417,2,1,1,1.2265604599422317,1,4.814893881054468,6.126189946313812,22950.3943018862,3.811335986926343,1.0,1,0
1465.1333742468153,2,1,1,5.0,1,2.7622040946780237,3.6556218785074344,7855.753301780632,6.050629387546207,1.0,4,1
56.11916352248562,2,2,1,1.1812094467005463,1,16.06207909116557,13.747843263874168,7488.145988769105,3.3726329362494543,1.0,1,0
508.35092590895897,1,1,1,2.0585172254082087,1,3.0864522620196486,3.163868640407515,15458.798567091704,3.7828692321304316,1.0,1,0
89.14358721319331,1,3,1,5.0,1,7.7030458016581935,14.454053042258057,5956.833151642075,5.468469223803431,1.0,1,1
57.87163903822547,1,1,1,1.8185245821367095,1,8.433865427189698,7.571610933038005,10242.75502769858,3.4765461813493355,1.0,1,0
516.331799760501,1,1,1,3.594963198762956,1,6.539866593918374,9.474140121661401,11610.872185696444,4.056615790403458,1.0,1,0
137.76884067703577,2,1,1,2.5390974127677293,1,2.664184930225588,5.3207675140919015,5169.956150014888,4.1347763117427165,1.0,1,0
118.30877287440168,2,3,1,1.2791459940099805,1,37.185398921886346,47.31086612470952,3313.1549577693986,3.8517659857634685,1.0,1,0
56.31139861792643,1,2,1,5.0,1,3.6134853267706166,6.5411099895074605,1658.9537716663135,6.114467447669144,1.0,4,1
490.5742563237146,1,1,1,3.90813408936768,1,3.1465189363880595,4.813207125282067,4556.877912525002,4.327445419464612,1.0,1,0
37.24958734878584,1,3,1,5.0,1,2.1241509868681705,4.152366899263582,12708.601203408432,5.1101763398833056,2.0,2,1
66.78449400362827,2,1,1,3.74058768029471,1,3.0704884714037526,5.839203579906671,7350.166974912324,3.889291503238252,1.0,1,0
59.10764918354186,1,2,1,1.2680855305674885,1,9.539385617597397,11.31013783943185,8609.121207392027,4.177590760646822,1.0,1,0
1425.0981864087687,1,1,1,1.161311182364518,1,27.054996723363246,39.872443672295105,8675.090421815872,3.2639348470486453,1.0,2,0
118.98858078511581,1,1,1,1.7393005413307039,1,17.556986184563698,14.312721202712442,6249.659696204149,4.84201005821878,1.0,1,0
84.38469763271543,1,2,1,4.616551213907213,1,3.9486025336882857,7.683749432518647,12840.872929165836,5.669113710052471,1.0,8,1
49.08674216947366,1,1,1,5.0,1,8.74129743745222,17.12275006506327,1551.9398610931007,3.6355688664506167,3.0,1,1
93.91032816102054,1,3,1,5.0,1,4.392198148018178,3.6672479369557403,21724.492609426794,4.364069372015709,1.0,1,1
47.48585448357787,1,1,0,5.0,1,3.201693467837046,5.8288014316627965,2775.8735260974786,4.899514009705293,1.0,1,1
63.85089048624398,1,1,1,5.0,1,3.482787305942545,6.735849058401057,13285.585778705725,5.432223862211654,2.0,1,1
64.35714315496634,1,3,1,0.9971653195928812,1,24.0770627795666,38.59162266670861,10592.636692659311,3.902620024469911,1.0,1,0
523.4549339314898,1,1,1,2.480215635819243,1,13.853556130643488,11.945816038877776,10647.153694139915,3.585556070765658,1.0,1,0
515.2605231602291,2,1,1,0.9540484895358252,1,6.200344530471203,7.611241441894207,7632.26117569344,3.1911751200916276,1.0,1,0
40.62393534916602,1,1,1,5.0,1,4.754145713665313,8.527825203532755,5218.47061409557,5.379655312873691,1.0,1,1
67.78158285186885,1,2,1,2.976705591764711,1,4.263814696619248,8.043914587911448,11703.207817632154,3.8050993922845384,1.0,1,0
1415.1340374338674,1,1,1,2.951319044544585,1,25.28710517120858,23.97712381479863,24942.200471034237,3.2668123437278105,1.0,1,0
508.6716447699572,1,2,1,3.559564089906034,1,64.46868905340641,109.14805133353859,33109.3791483453,3.5640285372942917,1.0,1,0
1418.4440840647042,1,1,1,1.1063394123501085,1,24.505712567061803,37.855728886348466,19514.23911996592,3.8959307217825536,1.0,1,0
56.263483697275596,2,2,1,0.8131636472896844,1,4.3889024946863096,5.394854626713191,35865.5602380358,3.4792170956459443,1.0,1,0
503.3353042584845,1,2,0,2.0425417346039976,1,44.61788997551016,47.51512339686158,11189.650163039007,3.7937963323464396,1.0,1,0
521.7707162281034,1,1,1,5.0,1,6.35837311196875,12.003740114770725,8802.86782962774,4.204167626526128,1.0,1,0
97.87706597364517,1,3,1,5.0,1,2.8162054465967934,5.350300533260333,4560.704385595213,5.241155474703698,3.0,8,1
65.54473789335059,1,2,1,1.6748962584016822,1,6.1403182160349825,7.060183942606933,21258.799085169423,3.8747576611411545,1.0,1,0
1422.6558362687015,1,1,1,1.159100269415902,1,3.9506686315545276,5.245387559891157,9952.459781853844,3.816803871843873,1.0,1,0
508.4575009095617,1,1,0,1.1796459090240272,1,31.18284620963717,41.155579730449084,19017.192125562196,3.100860431598888,1.0,1,0
1469.8032872031754,1,3,1,5.0,1,5.680580300298426,10.070100354813684,13191.258371207281,6.6255892075159135,1.0,1,1
143.7671602993617,2,1,1,1.1295186359694356,1,16.402751791043507,30.47951693723524,4254.983051101462,4.203663115924556,1.0,1,0
79.49209308957128,1,1,1,5.0,1,8.900576955412106,11.014801006613736,4699.3439349295895,4.823465854502293,1.0,8,1
119.64415918554498,1,2,1,1.944561410753354,1,12.234888509110437,22.18248797145744,34481.16675996685,3.1797645511036947,1.0,1,0
60.71456911785994,1,1,1,1.410267425036343,1,11.573659644630045,20.77404413157284,19499.252416448322,3.6970470123089,1.0,1,0
1408.2092895273204,1,3,1,2.5217273145189316,1,3.2621579544040893,3.846990503369508,14509.315958536436,4.102677721220361,1.0,1,0
115.3830688473205,1,1,1,1.9800787426145123,1,2.8999807291945676,3.112777124173883,10028.360142817106,3.261808332970678,1.0,1,0
1421.0443460827187,1,1,1,2.7491333435079874,1,10.873762599185378,14.27996669966349,1481.1721994238706,3.94379845075454,1.0,1,0
65.68367585287203,1,1,1,1.103019301363874,1,4.576875383314923,3.7421370904439435,23649.33050433281,3.3881646422583858,1.0,1,0
1467.153954836039,1,3,1,5.0,1,4.7829803871342484,5.868091317211732,8850.028475879446,6.3271574566686795,3.0,8,1
40.73192837811928,1,1,1,5.0,1,4.401965313042558,5.225385332328116,12389.68839534258,6.603749819060128,3.0,1,1
1415.3651555198292,1,2,1,3.9495567399906526,1,16.32695515437213,18.669272302888572,19752.548800756296,3.4048571603703612,1.0,1,0
110.21233871322448,1,2,1,2.4082235047544285,1,4.105614236948478,4.976872391432961,14865.900112393658,4.147706280868551,1.0,1,0
1445.7695445186225,2,2,1,5.0,1,3.379180121471083,6.647304806994995,2948.1467866968974,4.169954871352935,1.0,1,1
53.87998179518161,1,2,1,5.0,1,3.4720117684769463,5.342995984134741,3024.75801039536,4.415013317261009,1.0,4,1
84.41081986411982,1,1,1,5.0,1,5.437876638707165,4.3940888067167965,2340.377422884815,6.410746952546936,1.0,1,1
57.726244838461874,2,1,1,1.499855615385247,1,36.75506683244075,59.46527541374883,21039.380792542786,3.427628716838584,1.0,1,0
117.3990279489856,1,1,1,2.3559885687515436,1,8.619567610624737,11.541267198169818,11158.547499874554,3.172775596458049,1.0,1,0
135.40072558009038,1,2,1,1.788917686587448,1,7.024672276607708,10.462224751743593,10109.795919293141,3.2999223314233257,1.0,1,0
1402.0135785388034,1,1,0,2.2613556733413667,1,3.404467542256173,4.651624295349677,24775.239819534534,4.086448252809268,1.0,1,0
65.26058882950308,1,3,1,5.0,1,9.121794664884899,12.249963994595412,14364.9312857772,5.268318350118208,2.0,1,1
1427.3154047836645,1,1,1,1.2842483954326855,1,12.923331598110847,15.187322826886454,14358.684440506233,3.927194002173154,1.0,1,0
67.17769532654323,1,2,1,1.7980472043478402,1,5.917573635924439,7.7014720055078625,10141.965899118326,4.60708282606417,1.0,1,0
61.812125819273376,1,1,1,5.0,1,6.087438741390007,5.871802388475707,4317.453571046312,5.815997826103315,5.0,4,1
104.06012567777529,1,1,1,0.8634425788721551,1,21.044103436972257,31.360065828474994,5143.736103555438,4.066658675388424,1.0,1,0
1406.1312101900603,1,1,1,1.9414100745844207,1,35.291129344493484,45.94925523391965,26761.42521689151,3.893442487844678,1.0,1,0
1446.8965684266132,1,1,1,5.0,1,5.444412323673946,10.05283847745191,2319.537904518309,6.474109419670519,5.0,1,1
494.1580391415981,2,1,1,1.2050146677461429,1,3.142591409212121,4.66724333722023,15153.625820157687,3.8043447248661826,1.0,1,0
61.3751474874424,1,1,1,2.0629386813893653,1,10.288042122232802,17.637178987640514,43844.23549841974,3.553537223813534,1.0,1,0
42.83333520986401,3,2,1,5.0,1,5.339132125107348,5.479377265630136,9757.112987710654,5.2650957953308,1.0,2,1
63.31977261477052,1,1,1,1.5332839765080089,1,50.95430548156715,78.31977123143122,11321.528552126356,4.162441609809814,1.0,1,0
75.89955797924193,2,2,1,5.0,1,5.016945983090231,6.053409337883693,2171.1392905879493,4.384739485893796,5.0,2,1
62.14447178336119,1,1,1,1.8312318734925495,1,7.960889244441244,8.806591597354258,9845.29073400245,3.8609292489888443,1.0,1,0
138.50529594723736,1,1,1,2.966567526907026,1,18.819422412492816,30.88501513424733,25861.447528772787,3.3731305707478914,1.0,1,0
123.63247719685849,2,3,1,1.1055365875978644,1,16.413705331990194,20.65640530442152,12397.325343998475,4.311369572177501,1.0,1,0
58.59710295217234,1,1,1,2.71541091184572,1,14.836127043103618,22.88384287005757,30085.991123119828,4.224896409171596,1.0,1,0
1474.0781152744464,1,2,1,5.0,1,8.671068710266706,8.187716582703157,8401.458004048969,5.902333807438141,1.0,1,1
124.1275395480148,2,2,1,3.419709545163827,1,20.728731629669188,37.78508452856655,7690.838294689304,3.7810662876893173,1.0,1,0
77.21285537808957,2,3,1,5.0,1,4.185473887363086,5.479198475625583,10208.266383504273,4.3943655010003795,1.0,4,1
505.71634629888655,1,1,1,4.111678531971002,1,25.49205005271822,24.406661300591306,20113.891319931103,2.813793053810083,1.0,1,0
75.74879533821073,2,3,1,2.9190039544830575,1,18.811204516383324,17.046147092541254,17404.43896672443,3.640416171986894,1.0,2,0
124.69932304732745,1,1,1,3.3466552154252076,1,4.405898807022382,5.382904261473429,3458.0168392939686,3.874949514447644,1.0,1,0
1441.9611352424497,2,3,1,5.0,1,7.937005267766107,14.814272871308804,16603.657027240613,5.489655577510307,1.0,4,1
120.66625487878008,2,2,1,1.6319299295046912,1,2.691734907783156,4.770187313298231,4625.9729270686685,4.530861045923809,1.0,1,0
56.36460883994157,1,1,1,3.5349508452133365,1,8.759642987553729,15.264593227984966,17769.130699256384,3.387460675118805,1.0,1,0
1462.1492675795746,1,2,1,5.0,1,5.747844077768921,5.5811279350183405,11964.37039728409,5.642903722494539,2.0,8,1
126.54969498601325,1,1,1,2.338440362272384,1,8.586931487361834,8.468822940923422,18636.923532139055,3.9872624229573708,1.0,1,0
51.8983557483665,1,1,1,5.0,1,2.4514221121817648,4.900639407276725,6003.164752325642,5.477905489108406,1.0,1,1
514.8571940656625,1,1,1,3.4839960878540874,1,8.08423791723026,9.566959533307855,46697.916627750325,3.257142988447263,1.0,1,0
70.8755056060545,2,1,1,1.9036087564252582,1,31.16757239994161,58.82295746377353,26988.36896699969,3.6844486640900795,1.0,2,0
134.76852605631237,1,1,1,3.423427310801043,1,6.750775001032103,5.709495662130433,21135.731389432105,3.7804458099948017,1.0,1,0
67.73784830199664,1,1,1,1.6341761011297062,1,25.911932840024594,27.58100722389431,20792.77318170679,3.419536554741464,1.0,1,0
128.08671961112512,1,1,1,2.4214737238233797,1,53.189651233147764,76.11867474427706,16925.06942579093,3.722599996916198,1.0,1,0
41.64107919338947,1,1,1,5.0,1,9.53514188991986,14.47647475224233,8892.272530818029,5.457936575647684,1.0,2,1
500.5847366344504,2,2,1,1.6329251792806738,1,8.788639340786148,9.120642823703022,22035.265540419634,3.944300071748813,1.0,1,0
512.7580293756913,1,1,1,1.9615054531840683,1,9.711943144920674,9.048332701519168,9802.835353811288,4.404966145930953,1.0,1,0
127.5441502393054,2,1,1,2.4551199121357388,1,24.349764817203663,45.65936664995341,6221.016385279924,4.52893942750538,1.0,1,0
1413.9077022736878,1,1,1,1.1480342643012895,1,23.263834954474234,26.973798348954794,25790.364135855216,3.7223949019805023,1.0,1,0
30.77829257298402,1,1,1,5.0,1,35.836412094886605,38.80342280088356,8056.9206482968275,5.766719577954914,1.0,4,1
1437.5911366662015,1,1,1,5.0,1,3.0583542727510302,5.89213303119005,1615.9276561945828,5.3445649811693166,1.0,1,1
57.93503002668096,2,1,1,1.0997851711376432,1,11.905597560242569,15.86081981122597,11410.64913137747,3.183968519180505,1.0,1,0
59.62305631209747,1,1,1,5.0,1,11.341402601033659,14.19166113618606,4594.048374526446,5.4898414845976875,2.0,1,1
53.789700149577364,1,1,1,1.6840616781985935,1,35.808069780630404,45.2483771884899,7366.751339697255,3.2318652162620736,1.0,1,0
121.71843140106161,1,1,1,1.1159667443351766,1,47.651412028895145,49.29749306837603,6246.584394769534,3.372137172793865,1.0,1,0
535.001692182822,2,1,1,1.0984306813260376,1,67.93805224274803,85.10521298604456,10349.891279418609,4.107157676359249,1.0,1,0
1418.514127240202,1,2,1,1.3545346324876275,1,5.121696882065066,7.466248249451058,14392.049641014866,4.136612082333383,1.0,1,0
1437.0777138543563,1,1,1,1.8802821400079925,1,5.460190840605392,4.4465576792347115,14417.379603891719,4.338262380537159,1.0,2,0
514.0862781345805,1,1,1,2.686293452190288,1,7.0667952910856,10.219269373720268,14203.238783579498,3.7762205943559426,1.0,1,0
40.30613882995195,2,1,1,5.0,1,4.283972750951399,7.412468151259292,15698.72621944874,6.033457032371617,1.0,2,1
139.83712949341788,1,1,1,2.840743309348702,1,14.419566067905919,12.587765305506611,18016.761906495878,3.9386295776159237,1.0,1,0
142.325209224625,1,1,1,2.464927878371146,1,25.18884930470449,37.350875864841925,21003.839565612943,4.110993324561295,1.0,1,0
134.55215756494374,1,1,1,1.885615947082446,1,25.4520069074806,27.460588766199354,17298.122296201782,4.005447097643353,1.0,1,0
1410.895075322181,1,1,1,3.2993140512250374,1,15.007926614990746,18.90377318495248,9116.107896846064,3.8774979385127386,1.0,1,0
56.89618606976205,1,1,1,0.8149582827575209,1,2.6667810191167685,4.627485550504223,13212.828995444688,3.3002909135281158,1.0,1,0
133.35886115450916,1,1,1,1.0276671756546265,1,20.321268176223054,25.099708299568768,16757.184872019185,4.089554211544042,1.0,1,0
1460.4000668190242,1,3,0,5.0,1,13.792196822267575,15.54973470991314,9474.738634614409,6.374562910183251,1.0,2,1
502.67266718457984,1,2,1,2.724219715000176,1,2.858141580216278,4.466606314737203,28937.935945009885,3.7701529079086122,1.0,1,0
1416.1236939080475,2,2,1,1.740810849239044,1,11.063193820827093,12.858161813403502,24105.5745930133,3.350338342982923,1.0,2,0
87.68864038615753,1,3,1,5.0,1,4.878365620058928,8.867435981106334,5502.237635870534,4.696944177846317,3.0,1,1
748.8014153009741,1,1,1,5.0,1,13.021151456783539,23.942048485365195,6754.600804699319,4.25836898924549,2.0,2,1
1458.6638586950082,1,2,1,5.0,1,11.639838907108835,11.48499308816934,8534.561036679566,5.440143106963439,3.0,1,1
78.20350874218056,1,3,1,5.0,1,4.896599398825917,6.029094719474471,12475.972495172544,6.4580190409753575,1.0,2,1
121.09739296065244,1,1,1,2.517183891351359,1,52.25696606280348,52.72357276953073,35219.18566166097,3.2769811776103914,1.0,1,0
140.72266838821346,2,3,1,3.028815488859209,1,16.057027324860226,26.249620499594275,20675.16930688138,4.404812990457352,1.0,1,0
1418.2019419058638,1,1,1,3.474600163208274,1,10.03829622605543,17.606929361106246,14492.775737468195,3.6742183408164557,1.0,2,0
756.7053800164059,1,1,1,4.965723782810906,1,3.57280561496991,6.319029341469863,13308.92938425979,5.084130661469052,1.0,4,1
39.36742298698613,1,1,1,5.0,1,5.978518195056642,6.172222245104224,4452.178099457537,5.276509911549191,2.0,4,1
57.688469182619514,1,1,1,1.1231429275471991,1,14.186517648130424,17.08748412723471,25025.437913994458,3.802080659244606,1.0,1,0
1423.2937175369548,2,1,1,1.4430424622380889,1,9.834537888873534,12.847240147596366,15168.961580810406,4.195407950995542,1.0,1,0
149.13586036446205,1,1,1,0.5833732767661003,1,7.677563134658393,7.05196847198202,22245.942794468017,4.19485368253425,1.0,1,0
489.4001273441386,1,1,1,2.4711976733429664,1,15.032651350609983,24.855602515591794,40769.85587721133,3.629251731742257,1.0,1,0
1474.559330454784,1,3,1,5.0,1,3.6945112801839786,4.927775668271397,8340.860543739731,6.075473546096402,3.0,1,1
523.1159340392918,1,1,1,3.565878495862382,1,43.231247018002364,73.34885868458852,16340.050756800934,3.7468131642888642,1.0,1,0
114.92365701178227,1,1,1,1.7080181133468346,1,4.0465355809288415,4.829134732301635,13265.411275445884,3.155992060307308,1.0,1,0
41.74058473103564,1,2,1,5.0,1,3.0644835015558467,2.8913447812083906,1836.2470173221416,5.553789597552573,1.0,1,1
44.83376084762998,1,1,1,1.170417650222517,1,16.293071105901788,29.723768794932333,4937.038794387379,3.4922648507250855,1.0,1,0
12.443006064160315,1,3,1,5.0,1,2.6414562313192427,5.208310592663199,5655.537978115639,5.997114228485182,3.0,4,1
75.19388418611771,1,1,1,5.0,1,3.9561287396409623,6.406884874059503,10579.768219981854,5.574956607366302,5.0,2,1
123.4366073446247,2,2,1,1.8224629092561688,1,32.38635138135993,63.30394824715033,11172.06376881767,4.384820886633415,1.0,2,0
513.3499758638868,1,2,1,0.7679645622012431,1,3.6129856607425164,3.376897543282284,5440.14565985945,3.248370664374372,1.0,1,0
64.50569993646428,3,2,1,5.0,1,7.775897049984058,6.78575105525889,1659.6127296863915,4.481531112002312,2.0,1,1
75.87477169719459,1,3,1,5.0,1,12.440841332617824,22.542624930824463,12343.718119750436,4.843886363302914,3.0,2,1
120.30993832694193,1,1,1,1.8168341216730404,1,16.931036250770127,15.38873123162678,21459.91801174192,3.441950337551224,1.0,1,0
125.59127184013073,1,3,1,1.6978109029694803,1,20.38263315384203,22.977020104456656,9550.341045290437,3.664317996353487,1.0,1,0
121.32546822473239,1,3,1,1.140864357002512,1,6.3561915001771645,5.229362088334307,6591.823596652296,3.175798412812537,1.0,1,0
120.02782479393532,1,1,1,1.564611287483852,1,31.27504072496718,46.49774900101622,8438.28566286949,3.701676413398901,1.0,1,0
506.48408766926224,2,1,1,0.7644625987738976,1,5.405569924030738,9.038697872535677,28530.74507151443,4.302449616810105,1.0,1,0
521.4835131070749,1,1,1,1.1774832263567534,1,31.98316653552101,32.87010135038863,9544.824055111509,3.8126061278636905,1.0,1,0
502.57883926180284,1,1,1,0.5732837160939861,1,14.236878193792672,20.562060217281303,17311.67556287483,3.6374773357595775,1.0,1,0
119.4188964506236,1,1,1,1.9511941568447009,1,24.72955723441967,49.24897860276195,24489.544144857748,3.7251563972635773,1.0,1,0
70.84974093953302,1,1,1,1.167758485383724,1,60.48017924303265,58.15024466479836,5390.66668125181,3.5850683709448283,1.0,1,0
125.15631239634897,1,1,1,2.3450513240411253,1,2.967489199269475,2.664484231050459,25007.807346222064,3.795523558976048,1.0,1,0
117.2294522562876,1,1,1,1.6715353902911085,1,17.43635097726822,16.607398329875064,25568.71525142308,3.686844325511657,1.0,1,0
505.5124162243652,1,1,1,2.3928115230869835,1,74.94477952392126,148.92930017892544,18196.58201300667,3.3707522406226937,1.0,1,0
144.12041280839688,1,1,1,2.253397493098007,1,9.903787412672607,8.236382662138777,6923.386703711485,5.0,1.0,1,0
69.6798990291771,1,1,1,0.541653528127821,1,45.86013531965022,59.509811436358085,25385.426874303674,3.2102581875095417,1.0,1,0
1415.5637663553052,1,3,1,1.3390989900931065,1,33.74173941242504,38.23565970423172,33010.645294380825,3.444725623387434,1.0,1,0
1425.8701988201908,1,2,1,1.6396429210201848,1,3.5321758171597333,4.675409363273895,30387.82505052652,4.227446927158239,1.0,1,0
120.77698823425587,1,1,1,2.336867608100356,1,17.807216548277395,31.72958570518627,17919.142479756192,3.5710174904091834,1.0,2,0
54.17184521650781,1,3,1,5.0,1,11.47701047666394,16.366774564972477,3177.334541728903,5.5029688871872,1.0,1,1
124.46415861839209,2,1,1,1.2710772280969036,1,33.36146207458932,46.983953146878115,8062.622066210715,3.6637781467173096,1.0,1,0
58.20494296669302,1,1,1,5.0,1,15.360187599982192,13.850460556774946,14026.903282583136,5.370186739162156,3.0,2,1
1399.0074751495051,1,2,1,1.9693300734766561,1,5.493822107975907,8.9504300807759,16926.922015060965,4.141932343265161,1.0,2,0
48.858804126145436,1,1,1,2.429654313207543,1,22.186467448468004,26.651342791045458,18693.11186016979,3.4463501667343026,1.0,1,0
80.13452601023886,1,2,1,5.0,1,6.718030258986881,8.415897181403817,5433.120769900522,3.8890424566349147,1.0,2,1
746.0545565398037,1,2,1,5.0,1,21.025291320411913,26.14790677777926,655.0385288391504,5.429507563176807,2.0,4,1
1427.1813507800048,1,1,1,1.5206029260936333,1,48.79300643551681,46.86427031563278,21545.25713780472,4.8301942707793435,1.0,1,0
120.89874257471351,1,1,1,1.5251642439554318,1,82.19312530326734,107.29883113556727,2514.5974566729847,3.9838444621133173,1.0,2,0
36.500181146563776,1,2,0,3.3995789817824114,1,6.864921455026638,7.715062118037837,12230.45439920618,5.443858218302345,1.0,1,1
59.026576037075934,1,2,1,2.1256597921711604,1,2.598558247255463,4.5719987608883645,14438.643314393978,3.6564992483016776,1.0,1,0
137.85180847827309,2,3,1,1.5821976960470296,1,77.47864290318098,139.86028421488385,11542.126671475193,4.214162868707502,1.0,1,0
737.2421561253647,1,2,1,5.0,1,3.9909151386524755,3.8664002994702495,7558.679210836292,3.705467929660235,1.0,1,1
505.28935776727104,1,1,1,1.0332616120894091,1,35.296214383975844,47.11647407099506,7666.526633805562,4.316183493819042,1.0,1,0
75.22265688345666,2,1,0,2.5956134164608264,1,3.1366692297538923,3.394756286627092,19323.673893217103,3.4713252676109327,1.0,1,0
526.8716999964541,1,1,1,4.714866227829377,1,34.9352008475532,30.04800256688093,13808.494747669642,3.797503449289959,1.0,1,0
1404.0738720313486,1,1,1,1.2916853522015068,1,18.781363653306418,26.39162864865656,4000.2907570076736,3.7559133448591524,1.0,1,0
65.62541994324768,1,3,0,5.0,1,5.76237866349343,5.2432161386326825,1216.0856534468728,4.15249324277587,2.0,2,1
131.64566972947503,1,2,1,1.1900158881238387,1,37.0598564058412,48.136885294903664,11617.91600476003,4.279835573301357,1.0,1,0
500.07067714905514,2,1,1,0.7365546181569416,1,2.8080382640647694,5.213111475500989,15597.881854545536,3.753576571850522,1.0,1,0
69.70287372975301,1,1,1,1.191798071121509,1,79.6345686959031,77.05759003808043,28577.500288744617,3.8424875012114588,1.0,1,0
48.927483939699414,2,1,1,5.0,1,2.84662049120036,3.8150846895986477,3560.8639611035937,3.798715922167962,3.0,2,1
126.11401736350591,1,1,1,4.037042692195947,1,38.436869444081225,71.78874239382556,27177.667444694333,3.083956042812009,1.0,1,0
40.45855740135556,1,1,1,5.0,1,4.213255564193809,7.06860035800173,4686.706854288991,5.799367105253885,3.0,4,1
127.55005883848946,2,2,1,1.8220128582144683,1,51.89989024027882,61.04456943493145,15663.116579353067,3.637620990966531,1.0,1,0
126.51238875350967,1,2,1,2.7594296421110425,1,10.473926442128016,10.909640099365406,9793.237178032852,3.727976292490965,1.0,1,0
1407.7491399581133,1,2,1,3.241065035872301,1,6.759742124687038,8.867720852332985,20406.21608026889,3.910558265891743,1.0,1,0
131.61105803061983,1,3,1,0.8695506885555282,1,13.09281967631154,16.632031226571176,11720.053390870931,3.9779655728807293,1.0,1,0
50.89362351145729,1,3,1,1.7525973300289048,1,37.370374097013524,53.93488856229564,17633.21689252821,3.4282957624776853,1.0,1,0
1402.7601666007736,1,2,1,1.0656713509872786,1,17.588258641341554,22.852465602860832,8491.886789662345,3.792596682892205,1.0,1,0
120.06477474568516,1,1,1,0.5472289722730377,1,4.288344044914488,5.904094281638156,19974.285815747877,4.245816841262554,1.0,1,0
122.179896535707,1,1,1,0.9684729866506452,1,14.250924692198506,14.418896658533754,18433.882977397076,3.817674141694151,1.0,1,0
502.0564542742686,1,3,1,1.7310508291334281,1,10.313594018384334,15.15221086445431,9248.410383314382,3.6890536639302343,1.0,1,0
1470.7424844470797,1,2,1,5.0,1,6.2815836854076315,12.43792379953074,4737.891717721522,6.477383109864765,5.0,1,1
53.03877690758998,1,1,1,5.0,1,5.813375215093394,5.318774739091707,2803.180957131443,6.539290018357329,1.0,1,1
1439.1516638210207,1,1,1,0.6337202758400698,1,6.951045222502897,10.717533867169289,3287.064754365558,3.7112441457767864,1.0,1,0
55.09398361551665,2,2,1,5.0,1,10.359559924473535,20.389954731670414,31283.87795545858,5.790119323411866,5.0,4,1
78.55199065756146,2,3,1,2.7262535704652633,1,9.770890859473552,14.06666854742814,8516.15266688366,4.962086629881135,1.0,1,0
765.0957427488274,1,1,1,5.0,1,5.207238997960742,7.111200578111047,9639.700618062956,5.385670171658287,2.0,2,1
69.84160636856855,1,1,1,1.334279307050712,1,8.361325932417376,9.160670567818551,20847.014265573915,3.567756100361502,1.0,1,0
1427.5964516299396,1,2,1,1.0845049178069441,1,57.06590111742731,108.4441188230033,36619.09700843754,3.88020655222815,1.0,1,0
1427.3580106449788,1,1,1,0.882991544989498,1,2.51552184425518,4.7871309215348425,17310.316017273803,4.152935157489826,1.0,2,0
1432.6802391396614,1,1,0,1.985842841188959,1,5.160703147617985,7.7774399652661845,19054.26724703084,3.6012824973796485,1.0,1,0
1402.8744710090366,1,1,1,0.9395176500704364,1,21.333204339826942,19.42943458209125,10377.892492312572,3.9169352880922363,1.0,2,0
42.218153503557744,1,1,1,2.824846403864001,1,21.222175562630998,31.208328449433438,30015.413949570666,3.518009377337505,1.0,1,0
137.20959324197855,1,3,1,0.6694409293413496,1,9.777962840755063,9.46789619861044,20247.890984579364,3.7515550640868343,1.0,2,0
1447.795584264934,1,2,0,5.0,1,9.347319380458323,7.643476326308315,14015.43328798489,6.634005012589716,2.0,2,1
1426.615765687257,1,3,1,1.5392846628146586,1,6.8592178633358705,10.960837420187799,15367.531182413837,2.797623366519013,1.0,1,0
64.19847970162151,2,1,1,1.2605756029088866,1,13.42381768171936,11.218183910265003,19552.10281118039,3.635075414784191,1.0,1,0
123.48518118076755,1,3,1,2.8500708842525713,1,29.25059261107568,29.041180792822676,24121.995152264903,4.428282605523024,1.0,1,0
62.025824755991366,3,2,1,5.0,1,3.9184301027346478,4.734295879681269,2131.7454563863253,5.198124551817539,1.0,2,1
55.13624967544814,1,2,1,5.0,1,6.268266657533191,7.9371248509446435,2436.3495031241505,5.176996805009306,3.0,1,1
55.75265028044419,1,1,1,1.4113870875449723,1,6.774214061553065,10.077080006339315,8421.458931386527,3.743119448272125,1.0,1,0
126.2876073439925,1,1,1,0.9277717001026505,1,37.14459636715747,37.08753559097403,12629.176030348815,4.413809317970675,1.0,1,0
1430.4941641749283,1,3,1,1.363867378280785,1,7.052809574785235,12.154129619885294,5749.148452727983,3.5065367611549547,1.0,1,0
1483.0876719397907,1,3,1,5.0,1,9.058845591844712,12.1113457324656,15842.930473849574,4.789353876052678,2.0,1,1
1409.2135605729384,1,1,1,3.1467935800019964,1,24.269056684349714,26.1804708007979,15316.895951810377,3.690818456426139,1.0,1,0
41.12527185919514,1,1,1,1.8599773112043683,1,14.238218732431271,27.058187382715428,19887.54566891551,3.9757683787001494,1.0,1,0
757.1148675746838,1,2,0,4.104463302455169,1,3.3601375396479343,2.998572469774615,1329.7604527837912,5.711841649779891,1.0,2,1
69.12000793212971,1,1,1,1.6073148674494404,1,11.158688586558158,21.456253136278058,9788.823283504547,3.7235795889614836,1.0,1,0
68.87987369254718,1,1,1,1.2354565973439107,1,28.823091199185217,32.12983339445156,15283.075270368106,3.8580288672012997,1.0,1,0
788.5908455788724,1,2,1,5.0,1,9.728218578118401,19.1381185755867,9877.762787855567,5.016828612937309,1.0,8,1
37.87642879899294,2,2,1,5.0,1,3.593672361685157,5.772859226642105,10288.544012894228,6.018448831186955,1.0,1,1
1423.4644939868772,1,1,1,1.8674795911192028,1,9.052856652000397,13.445918067360498,17358.718231428174,3.6414858352560273,1.0,1,0
528.5687563655985,1,1,1,1.1877311025236905,1,68.6148604019267,98.21051571327442,10183.95965084166,3.8130512546595985,1.0,1,0
117.28864408292449,1,1,1,2.9471498724437866,1,12.457913842344313,24.73870764780675,9232.954311855505,3.31462046340353,1.0,1,0
1421.2561570662065,1,2,1,5.0,1,45.993089090931385,81.7857291314262,15396.63062776416,3.573093967791419,1.0,1,0
520.2533462161629,1,1,1,0.6711673099824784,1,24.558194956332525,27.28622097641139,23814.93203925964,4.315486939987336,1.0,1,0
121.06631697566571,1,2,1,1.7279334010920224,1,114.18641762169379,188.55723295928797,14609.45885194011,3.0819204561790987,1.0,1,0
144.4489510561122,2,1,1,3.078166265472074,1,5.55637937100321,7.799433315663186,16683.995063152754,3.7262492051806753,1.0,1,0
527.1333773842415,2,2,1,1.1390686005645274,1,4.911223972319364,5.5999564302248555,18182.761468298435,3.54189297708342,1.0,1,0
64.40829984930674,1,2,1,3.320204899111014,1,3.257697419739821,5.5485605478723645,23534.59463226912,4.039467840961315,1.0,1,0
50.848140737587265,1,1,1,2.34546015734278,1,13.208430771700055,13.16564536604331,22049.51131407551,4.420922384713368,1.0,1,0
69.80099581473408,1,1,1,0.7816082259961376,1,36.81069353929291,66.35045109238833,13268.776346204751,3.4015552781221907,1.0,1,0
79.69872190124458,3,2,1,5.0,1,3.5941514573158497,3.9893599716071075,9446.69554165597,4.489025429898056,1.0,1,1
52.45600019328654,1,3,0,1.9385342027743449,1,10.763803925431828,13.110190328435317,21607.907002919263,4.374847471401655,1.0,1,0
62.24267678715754,1,2,0,1.9790906909795027,1,8.233192437651853,12.983024601097577,7198.163081440918,3.7885471529084165,1.0,2,0
55.062363237521076,1,1,1,1.5999474284908242,1,3.7327447897138724,4.679282083768995,15878.274569874267,3.741720442809552,1.0,1,0
62.29605171194969,2,2,1,5.0,1,8.087518593084154,6.639471241967251,20547.269885593916,5.305238854395432,1.0,2,1
111.78578864958128,1,2,1,0.6349336648386876,1,68.12312052001403,88.62616554261591,12817.335700265316,3.6029280631752956,1.0,2,0
36.52514375517593,2,2,1,5.0,1,12.588918687946212,19.527508679519205,4755.1676223383265,5.566406278835007,2.0,4,1
510.99041260446756,1,1,1,2.194782801325993,1,33.482942967081854,65.01713522913246,18357.478473916573,4.0183349698879764,1.0,1,0
68.66913848038124,1,1,1,1.5041764166915443,1,15.905673064695216,31.22280783730688,10407.983367394816,3.348534756125237,1.0,1,0
522.6859556551294,1,1,1,1.2463683697579109,1,22.84163827785751,26.85066315957879,21382.601818003943,3.8197514750833377,1.0,1,0
137.250634201422,1,1,1,1.5715638306740554,1,3.199036270396534,5.136579974145092,14115.27944384326,3.803820182401004,1.0,1,0
1417.8546433790927,1,2,1,1.3901722836893562,1,28.619993911692767,50.19741191337929,19501.08233993817,3.7380487313990733,1.0,1,0
45.02862401676462,1,1,1,5.0,1,3.2766135451440332,5.485223783559537,16278.806317523087,6.220864862890826,1.0,4,1
516.2775539170672,1,1,1,1.5299901340315913,1,8.745899319729887,11.7773539491984,2893.408588048872,3.7225284908128673,1.0,1,0
138.44608025678454,1,1,1,2.1348988345688986,1,23.10458371733225,24.460001955701948,12999.930383702667,3.937995844334916,1.0,1,0
76.71886302994724,2,1,1,2.352548847249543,1,58.310501871964604,97.6044284256534,25200.636583910764,3.706164022495072,1.0,1,0
36.701701816326505,1,1,1,3.3281857139630806,1,28.262235500141617,51.66685991459657,5716.441394598516,2.937538383568222,1.0,1,0
520.6701909200959,1,1,1,1.6959291091040267,1,15.86924984160378,19.37754248200781,36355.87958634957,3.959073673258281,1.0,1,0
51.09405542867434,2,2,0,5.0,1,6.028463490185352,5.9434530592352015,16421.144788919064,5.408017397179368,2.0,2,1
128.0745565984133,1,3,1,1.7837632379042414,1,38.371814764167944,64.5303926821236,3589.888883146326,3.8285955736581863,1.0,1,0
499.26108049168727,2,1,0,2.7351086808305594,1,5.940801031963273,9.694795678282713,8431.078616086364,3.6000168732411684,1.0,1,0
26.3026803915891,1,2,1,5.0,1,4.685755350249854,9.350033890840272,12045.24229536878,5.381906638342801,5.0,2,1
1471.0611996480727,1,2,1,5.0,1,2.7608320181852406,3.481635603336681,6942.834839697793,5.601540020331266,1.0,2,1
1421.9579875500103,1,1,1,0.7518862355033492,1,11.480140089758052,20.906743557752193,15255.064489862396,3.651108759969694,1.0,2,0
83.56892793561667,2,2,1,1.0083945941223433,1,13.07536972871747,21.26403802865159,20314.467215389464,3.6570826577879476,1.0,1,0
1404.3636935410454,2,2,1,3.165768216212413,1,7.388095995910492,7.404774500870954,6351.123883568827,4.723516882504475,1.0,1,0
499.1946340618858,1,2,1,1.7674035744737626,1,12.789649247807866,14.208353986236386,6100.8346209912725,3.849454828974276,1.0,1,0
512.5574253850701,1,1,1,4.318216028690093,1,3.734046642847378,5.5427223766891185,32622.316667151048,3.3091603197947013,1.0,1,0
103.11366697886629,1,2,1,5.0,1,3.778976386389381,3.040663075631834,7597.346337383128,6.0549647904525346,1.0,1,1
121.94091079251871,1,1,1,1.2489018928857862,1,6.121555776583014,7.868690719816969,8840.25533133512,3.417457693755891,1.0,1,0
504.007825619636,1,1,1,1.0649774267913816,1,8.899295805895058,9.024629983342193,21908.9217990137,3.6367797066802203,1.0,1,0
47.71974495100463,2,1,1,0.8594519535842694,1,4.384025423870506,7.415369413317081,1109.041183009489,2.8164070827624497,1.0,1,0
127.34477796554536,1,1,1,1.9126357144941255,1,10.258860982827237,16.242085538744334,28287.493742289385,4.250839459058263,1.0,1,0
118.24517372439003,1,1,0,0.9363676173004798,1,4.2920083293534335,4.165405861009368,15695.17354920111,3.8453065419007633,1.0,1,0
62.91824410698851,1,1,1,3.3515600425492966,1,3.0646776670320284,4.996757771734134,17240.39209724391,3.960697622112879,1.0,2,0
125.3678797852267,1,1,1,2.2495719600522857,1,21.118956575245484,19.414781944066142,10040.104377254287,3.6781054844845746,1.0,1,0
126.46691882846382,1,1,1,2.5625458237198204,1,11.214548890492356,21.459270494186036,37458.175073700535,3.7437680851360873,1.0,1,0
57.304416055390675,1,3,0,5.0,1,7.219559314321568,8.913828169663933,5552.914702639322,5.111408092926718,3.0,1,1
1439.9723362460613,2,1,1,2.261570104833397,1,13.581760305355452,26.277951346142622,17308.42318518559,3.7386757874081424,1.0,1,0
121.89980966853923,1,2,1,0.5778892704575519,1,2.580294407467459,3.9173145983548956,15156.3179638173,3.0915531508534957,1.0,1,0
76.97916693308028,1,3,1,5.0,1,10.978218843615663,17.339302411715337,3556.6985885391728,3.6263249252694862,2.0,1,1
62.907469422166734,1,1,1,1.13587983176211,1,30.891502877319283,60.39530631444693,42711.98693887628,3.9027893956401005,1.0,1,0
517.8932735788204,1,2,1,4.022026438871743,1,60.3369557559367,119.23352660289622,6234.203110517531,3.341272701745971,1.0,1,0
515.3298667159197,1,1,1,1.7625494823980998,1,7.473844626524085,10.121640615483622,7562.852931229715,3.7429305134002564,1.0,1,0
500.3014843514559,1,1,0,1.170058319788645,1,17.415229852940186,18.96567554243783,42736.776978828675,3.2588742226668574,1.0,1,0
514.6592144107401,1,1,0,1.6659905147417748,1,4.099770994695561,8.034099847205697,12650.375693406735,3.690647440633691,1.0,1,0
1455.5040413744262,1,2,0,5.0,1,8.957602440640699,8.295846864244368,19065.68805479155,5.33714291988081,1.0,4,1
75.44467211966675,2,1,1,1.8822226785387381,1,143.72727686552648,157.2858009414254,15129.718763584788,3.495567540255191,1.0,1,0
106.32009535995152,1,3,1,0.8209729154760036,1,6.408698975760783,6.650988107061269,13335.581129074844,4.131672557126951,1.0,1,0
72.28956326985598,2,2,1,3.0201257109127693,1,39.70943440388714,56.34078967383825,24107.424516108455,4.274162146557639,1.0,2,0
1459.8207785860989,1,2,1,4.967918618986671,1,20.970626408134095,30.086959512124235,15162.76956302752,4.70831706882548,1.0,2,1
124.45143732796359,1,2,1,2.142117888100565,1,19.458945637045975,18.728109725469572,15923.285109817005,3.512946967803434,1.0,1,0
135.23505762560123,2,2,1,2.707473210408815,1,23.472592381410816,42.76828788450506,46429.906257858194,2.9405010719571325,1.0,1,0
102.15517358021782,2,3,1,5.0,1,4.6654776889437795,4.250296214934354,11824.214787008606,5.829709808145596,1.0,2,1
506.05140080062716,1,1,1,1.7027432247336234,1,12.04743463288467,20.091422205369355,17552.88664061654,3.5503891849447102,1.0,1,0
1407.7213950098655,1,2,1,1.582938743112006,1,10.47775675137519,11.105621862774877,2781.6401055605215,3.1831925482431296,1.0,1,0
1410.155733650403,1,1,1,2.518353107818731,1,29.052513761837535,38.15804244415569,29916.885551158826,3.917883358968182,1.0,1,0
84.63931056818205,1,3,1,4.4985545487809615,1,21.30939792241993,35.359954336177054,5138.873900189852,6.536926087644663,1.0,1,1
47.25539844611245,1,1,1,5.0,1,4.433358642269473,3.764759492941152,7297.428587960939,5.585353435309386,1.0,2,1
119.98331804836475,1,1,1,0.9017011997588503,1,5.779797125299911,8.301852715923797,11624.221131675728,3.376456096880844,1.0,2,0
92.1943238476851,1,1,1,1.3979340790617416,1,23.831037288206996,23.983824638839316,1581.5195041416107,3.5540744054186213,1.0,1,0
69.11527106760553,1,1,1,0.9191188046836434,1,35.01030635376983,31.824762340555203,32081.931813275634,3.913040672482558,1.0,1,0
515.1428891782932,1,1,1,1.2652909187649126,1,28.364689542886904,25.83665748391335,3943.8164155132927,3.7763994370292315,1.0,2,0
1411.9593140070497,1,1,1,2.3457373220129036,1,36.36375490185612,60.30782423270645,8892.810473430498,4.064443399207916,1.0,1,0
1414.3822298234525,1,1,1,5.0,1,8.941467998101736,15.028268268278305,51949.907869099385,4.302458183077124,1.0,2,0
38.65500150858121,1,2,1,4.851727450783913,1,18.005893889352883,17.25009157535378,2249.721866703203,5.541843077752649,1.0,4,1
72.78097507198342,1,3,1,3.7118716254551622,1,8.508176280379358,11.632492401806044,4357.214631738297,3.086055250632606,1.0,2,0
1417.6345080197082,1,1,1,2.4627799932214254,1,22.87996426449484,38.468260967171894,16571.87912862939,3.808881109317929,1.0,1,0
1497.1125010150347,1,2,1,5.0,1,13.052820990137645,18.175672221032777,2942.1397750999413,4.547063458134169,2.0,1,1
60.49378801673522,1,3,1,5.0,1,9.150307953011245,7.904114466815418,8092.599632307851,4.411122056326057,2.0,2,1
1416.1747804778017,1,1,1,2.3733140865879503,1,19.214881646337542,15.410664838034014,6792.844966938933,3.6913913121157984,1.0,1,0
1420.5019045954334,1,1,1,0.9942346274221342,1,10.999622947836139,12.767812373553863,29774.15303769396,4.196641935116168,1.0,1,0
56.434701668476166,2,1,1,3.310539239429357,1,10.361094754102032,19.989074564748194,36137.92793293807,4.118547617697159,1.0,2,0
55.324249502887184,1,1,1,2.689478468127063,1,22.347399600598614,42.011289028616865,9226.881243066098,4.65943745160642,1.0,2,0
30.09879365172549,1,2,1,3.9317443838526476,1,2.6944030129700076,4.5815935419333815,2923.04359530897,6.875319297913313,1.0,4,1
45.482970954394666,2,1,1,5.0,1,8.743291932283556,10.416506808761534,2556.761475740918,5.208923005416853,3.0,1,1
35.46999993249164,1,1,1,5.0,1,13.743335248003884,11.507738966135852,6184.385060137772,5.507516463553092,2.0,1,1
70.43542648787273,1,1,1,2.829667601894702,1,5.547384334473557,6.010721944922832,14698.84075675154,3.4076198619501232,1.0,1,0
44.08764256707039,2,1,1,3.0764566117495526,1,42.97170223941022,61.02134498627023,13583.976551851658,3.716319777888547,1.0,1,0
1441.1265375974283,1,1,1,2.152492820714866,1,21.416496765838776,28.37132301769322,30439.303755707566,3.916259536630209,1.0,1,0
532.8380247469116,1,1,1,3.6835376138369376,1,6.633492019003386,7.397685957304952,35864.793346324215,4.049727383805558,1.0,1,0
66.43611146562596,1,1,1,1.8924608221525407,1,4.968787510095408,7.058559619276856,6876.539741639372,4.239245199495647,1.0,1,0
40.207986760360974,1,1,1,5.0,1,8.234146821203709,7.04115055861445,9891.342943720902,6.8702314146691155,5.0,1,1
127.1217147207746,1,2,1,1.4042964257703914,1,4.832784118257518,8.42160426784526,20546.302514787556,3.9161435320319464,1.0,1,0
1420.5829308194393,1,1,1,0.920335472680011,1,7.219972910714316,6.5829354259001,5634.096678979881,3.1370285501725883,1.0,1,0
47.93944423939285,1,1,1,5.0,1,3.0868048038418108,5.295307168169176,2756.2534880910785,5.663171525241322,1.0,2,1
110.83797293106281,1,1,1,1.3514117322969772,1,6.714751182977535,11.08127857856452,19334.320463553104,3.902005109066334,1.0,1,0
754.8953281533195,2,1,1,5.0,1,7.299019847174208,12.981751188371385,3161.4757815946637,5.391925811904622,1.0,2,1
82.30278390816738,1,3,0,5.0,1,4.9955478691772495,6.082517190931701,13461.865064652398,5.479559980876734,5.0,2,1
49.74567899312849,1,1,1,0.8641020938894843,1,4.935274545546444,4.795663491551979,16363.706379375806,4.032019184823057,1.0,2,0
1455.2005836452634,2,1,0,5.0,1,8.58443482081902,8.746944820935601,6470.260023654511,5.169566981726044,3.0,4,1
134.09539375879004,1,1,1,2.379641197884624,1,31.476682762482938,37.157572665539575,20974.66893800771,3.965724356800805,1.0,1,0
512.1671913124912,1,1,1,2.0810169305836648,1,79.19479540176354,107.88619852972377,11199.394136870125,3.948781223648699,1.0,1,0
81.83732882564328,1,1,1,2.1317772374352426,1,32.483727081047306,54.86216444780807,15777.406969811302,4.170882179938323,1.0,2,0
128.20256286278715,2,1,0,1.2956263766890719,1,18.175177318142147,24.04335170343858,30662.739281332088,3.8186259730273857,1.0,2,0
72.79183078624138,2,1,1,2.0169773207869914,1,73.58249829539125,74.19336028685638,11424.69620903015,3.805470841354971,1.0,1,0
1465.5513333111103,3,2,1,5.0,1,16.22683589905749,24.50702987103124,10016.586580415506,5.767271842354452,2.0,1,1
82.66610712150957,1,1,1,0.9138933953060271,1,19.1995181697087,25.4976099893249,1924.8839104423737,3.745828647455667,1.0,1,0
67.37191685916936,2,1,1,1.9644599210306652,1,5.404761382800871,8.045013333933301,13719.229561649701,3.38870942020541,1.0,1,0
123.3857571996774,1,1,1,3.3612816946879605,1,3.767022736715115,6.176251919429247,32744.164583452475,3.550745681793342,1.0,1,0
27.915367284115494,1,2,1,5.0,1,3.990619575318198,5.439376702163517,12648.553544748376,5.797889649014945,3.0,1,1
113.60821563031611,1,2,1,2.98384757571584,1,80.80444294889556,140.29108001452218,30494.17113293225,4.10905080855678,1.0,1,0
142.1306109114874,2,3,1,1.8962785247662575,1,49.328637784204425,89.80428724173139,29773.310966218098,3.7111932525705984,1.0,1,0
135.28298622310396,1,1,1,1.8229627706916889,1,7.9522825433656985,11.64247330741102,15232.416096805408,4.034781979733212,1.0,1,0
120.12400867627245,1,1,1,2.799928907500424,1,23.06088074217614,21.21504572240648,22561.037176715934,3.6433881666164223,1.0,1,0
136.9464761973602,1,1,1,1.1431231322795326,1,11.287814206736293,12.74803465845638,4736.880315425616,3.8027595989854635,1.0,1,0
78.03408632470294,1,3,1,5.0,1,6.291727750273012,8.256311206442325,4232.85089141867,6.583466023395143,3.0,1,1
743.2004200987305,1,3,1,5.0,1,5.765914356632294,5.857445205631392,11759.504282800051,5.484385725405255,3.0,2,1
498.6237057327083,1,1,1,1.8824641996068068,1,19.9845352294842,34.05562734265646,17753.22755107038,3.418151551579851,1.0,1,0
1437.445093536131,2,3,1,5.0,1,5.103948256273561,5.547985997298211,890.4929818822923,6.676843407698603,2.0,1,1
78.26048107241726,1,1,1,2.211716547364208,1,41.04959127668913,80.09847869269794,15376.768699959279,3.864250256800146,1.0,1,0
52.25409730335266,1,1,1,1.2273507243919328,1,24.21464607579589,36.33395053524314,9612.610145243838,4.118243623404634,1.0,2,0
1467.6322609471333,1,2,1,3.496758334652604,1,15.598285169672037,28.575532172155963,1377.15342804308,6.120016141217579,1.0,4,1
511.227826117079,1,1,1,2.1385401829392507,1,3.8765844194204164,4.659888946156502,18307.016020301944,3.9491889355570713,1.0,1,0
60.297281010071984,1,1,1,1.4446882858415095,1,4.2854559634967995,7.254111018261792,6539.311691841642,3.9770051794568633,1.0,1,0
132.53984260088632,1,3,1,1.6193748186215495,1,17.305812677905422,31.581849993470534,21596.119484444367,3.7589939325966113,1.0,1,0
58.86464695241003,1,2,1,5.0,1,9.47968033989277,12.668382914652009,5148.236148140083,4.8411017216811185,1.0,1,1
61.06856205914809,1,1,1,2.9391083950041734,1,13.38003366538028,11.529520281954484,15630.065390820675,4.416559630187227,1.0,1,0
107.54488198551397,1,2,1,1.0850415046950994,1,40.93159455405649,72.3536723981715,13286.388937976526,3.4512667004635533,1.0,1,0
127.13551322390178,1,3,1,1.5293350606644114,1,22.518055943936535,26.239337412393468,5440.438052265611,3.9439308141999465,1.0,1,0
131.8386287720203,1,1,1,1.5342220422248383,1,10.386704136888406,20.419520079345617,14009.059943675778,3.891350602310586,1.0,2,0
1414.794931879404,1,1,1,1.2415854164463542,1,7.415489504966639,6.576485661734792,4417.952809908683,3.299765996070546,1.0,1,0
1431.1763258734832,1,1,1,1.2796319344404452,1,35.06396051255394,55.361099677411886,22743.397212607262,3.6296427716426134,1.0,1,0
519.4930256504958,1,1,1,3.0980756040763318,1,10.092230836450836,10.692923751175108,16070.547053264178,3.7643265913755215,1.0,1,0
22.97124465093564,1,1,1,5.0,1,8.711628310861588,12.562525891332134,7835.371108871922,5.675081384822511,3.0,4,1
69.35027121527136,3,3,1,5.0,1,8.299679065913152,12.204608366323821,3648.706325815798,6.301592094256336,2.0,8,1
1428.8194481156281,1,1,1,1.5953241751659233,1,6.190068816399932,5.348946628374531,32579.71663366285,3.9198184820107804,1.0,1,0
55.19014091898116,1,1,0,2.334550642863419,1,4.5796869830554465,6.41717150065586,38765.42032636806,4.134326895027783,1.0,1,0
503.28641240970245,1,1,1,2.1701173241761196,1,8.517035956767739,13.897726031410626,12987.095297901855,3.7901183599688237,1.0,1,0
72.54869073682073,1,2,1,1.0638933119767646,1,8.950763591310356,10.758430978678133,21031.756222790336,3.9878517562450653,1.0,1,0
67.73023230126991,2,1,1,2.595939317964072,1,5.493348756193219,5.28561750965302,15654.362969348007,3.7259732129361898,1.0,1,0
1413.4435866212114,2,1,1,1.4353985302429038,1,49.46496737264394,44.233810864226704,12380.901867172743,3.027658811866405,1.0,1,0
55.21123213511672,1,1,1,1.2973177892697356,1,2.4064926873045653,4.038064216312585,4870.372471764935,4.171279513242343,1.0,1,0
119.5935197502939,1,1,0,2.5232036336785186,1,15.615261445089294,15.235612271652268,5583.617794619542,4.2864371671468895,1.0,1,0
511.7819701033933,1,1,1,3.457106435945256,1,55.511846838123965,97.4814748943909,14400.10714485371,4.332022631855808,1.0,1,0
53.58794549058732,1,1,1,5.0,1,2.265221646470206,4.3722525024078545,7427.87605147261,6.46477451326627,5.0,4,1
126.32301732320934,1,2,1,1.4888452742540035,1,13.538989510137615,21.448231414037856,19758.9177900016,4.455755270586769,1.0,1,0
55.220572914488905,1,1,1,1.2857252003540207,1,10.975613281339616,12.844103682372364,24173.327577878197,3.231894480761726,1.0,1,0
65.87373231436734,2,1,1,4.649743027464497,1,3.008127806313942,3.7517880850331737,32249.443412733355,4.082115494502041,1.0,1,0
56.86456928496851,2,3,1,1.1065939596456862,1,13.215343673956957,24.45883439101241,31375.680710102682,3.730147838035352,1.0,2,0
67.13790455443629,3,1,0,5.0,1,19.606509966435727,34.73985650215687,4281.398702590008,5.4114454521850215,1.0,2,1
1439.7121141489597,1,2,1,2.467255497713932,1,32.45089720906505,28.61578129292889,57051.92303298148,3.8886745708720856,1.0,1,0
60.33908204552969,1,1,1,5.0,1,28.554720696279528,43.97223597147518,15495.935172949268,3.495118083517779,1.0,1,0
513.9729524797849,1,1,1,0.9465400066345265,1,11.380929414098755,10.648268130691886,12937.78031596227,3.716386440970956,1.0,1,0
53.73269092185252,1,1,1,5.0,1,2.118258625885536,2.6309156517632633,9860.790496023232,5.658172991104053,5.0,1,1
1448.7886906165572,1,2,1,5.0,1,2.6871834942534045,2.911615738927593,15527.169930946213,6.605132291297204,1.0,4,1
128.35399078730282,1,3,1,1.5782933878310794,1,7.475756176978662,7.825994053789759,10349.818874300348,3.5258427444044425,1.0,1,0
115.59702773804244,1,3,1,1.337875804664862,1,23.200848324854515,20.163461109587818,21124.080048852662,4.179430193913594,1.0,1,0
515.574157643908,1,1,1,2.627437943871374,1,4.6546291049098265,4.668768099246616,31742.99104923221,3.8551119916734016,1.0,2,0
57.53701479439058,1,1,1,2.8503412925993388,1,9.04566758583697,8.392712234905604,7421.239187391193,4.182140740162347,1.0,1,0
32.6498051509831,1,1,1,2.88332547813606,1,4.972675341971457,4.654769139497263,5479.314367036671,5.061639516178218,1.0,1,1
86.93033345450664,1,1,1,1.9390440631489876,1,15.229414400874866,12.668208590308916,9631.82323204848,2.9163435236452115,1.0,1,0
88.46006137115295,2,1,1,5.0,1,2.2422624039522936,3.976423621477177,8666.71612790463,5.499420990009755,3.0,8,1
1428.477139810429,1,1,1,1.2192695939564764,1,16.42774459860511,23.98936846953093,18245.66126304813,3.821593507965023,1.0,1,0
68.79740505630356,1,3,1,0.7813069320019176,1,3.5487201397859356,3.5654100718090596,25303.646971267306,3.853461914585769,1.0,1,0
1433.2314903328345,1,1,1,1.916084086208935,1,3.0349107610449177,3.7582792166168244,7179.803007169708,3.8903576759922904,1.0,1,0
126.54031510626832,1,1,1,2.931696260008555,1,5.395188306011391,10.622444154695643,8963.04516561168,4.78728816838095,1.0,1,0
39.25813124141468,1,2,1,5.0,1,3.894419575747002,5.661652764708838,216.2593309146455,5.922105159235832,1.0,2,1
67.30770416622973,1,1,1,2.3865093245142166,1,63.85133744435405,55.80094852298629,15489.253488802517,4.230926414513791,1.0,1,0
132.1785946895949,1,1,1,2.5032565354230156,1,18.683924292011408,22.56989988160675,11286.64002681874,3.779696321974776,1.0,2,0
86.63968982306001,1,1,1,5.0,1,18.82374490066009,37.377324152020456,14425.382024476881,5.370451447110379,1.0,8,1
512.5528527511877,1,2,1,1.3253921875038654,1,5.155240561707296,8.720813044520767,18674.498940355257,3.7557058355163857,1.0,1,0
1435.0527006594186,1,2,1,5.0,1,2.8203351984524,4.427303187454607,9935.510100504724,4.145994908145062,1.0,4,1
116.93852886689699,2,2,1,1.9855958489486285,1,41.28469199223299,65.66985994342454,10808.211491734315,3.5639337971759657,1.0,1,0
530.1842633728108,1,1,1,1.7632849908818462,1,4.342162734374565,4.311010235080832,23903.67710369393,3.719914097087239,1.0,1,0
62.45199498411293,1,1,1,5.0,1,2.8593753522390513,4.80124487578724,14644.887424709857,6.272468112474248,5.0,2,1
1432.4509085331836,1,2,1,2.109598971029448,1,19.59994655918887,29.115754084484777,8702.330176213749,4.442801446553687,1.0,1,0
1453.6924819220444,2,2,1,5.0,1,5.662866254107215,6.354042661320065,12144.078159460238,4.5071847752546335,3.0,4,1
48.66434629164526,1,1,1,5.0,1,18.841245373239012,21.770701115579097,4080.2216131300697,3.86551521535389,1.0,2,0
521.2769696693406,1,1,1,1.6899689597916088,1,16.284733552761118,13.117579539043014,13258.512098719755,3.5605243712770545,1.0,1,0
1425.2467950770604,2,1,1,2.3272395604800473,1,14.131846517568782,15.90230826436024,13087.708407209433,2.877913677780747,1.0,2,0
125.11846199341159,1,3,1,2.262535316511673,1,17.476331275429146,14.61943598532233,4804.788744856656,3.8850691372255777,1.0,1,0
125.83148843470438,1,1,1,1.4553693736325455,1,19.13412186681248,36.82585176909957,58131.26434331695,3.8232153902264345,1.0,1,0
65.9727532973966,1,3,1,5.0,1,12.461153117950852,18.626115630216535,2581.9805364027425,5.681191127676685,1.0,2,1
65.18192368889066,1,2,1,2.0742529173631117,1,23.71496619736463,40.28730487692456,22307.11099164024,3.8355146506576414,1.0,2,0
113.81848920227868,1,1,1,2.120628894235146,1,18.405662488018297,32.90967110268837,2937.0887809061865,3.714628750716269,1.0,1,0
57.84343382711555,1,1,1,5.0,1,2.1714099305223615,2.48569151215974,6748.201433499518,5.237692596354304,1.0,4,1
123.71881425015884,1,2,1,1.80749727203937,1,47.382644020444275,85.93900404771938,32515.67375364114,4.30214637826742,1.0,1,0
1427.6612008103787,1,1,1,4.799861931393142,1,7.5586808785727975,14.333869751020828,19048.511012783823,3.884969730117841,1.0,1,0
53.08047666116925,1,2,1,5.0,1,5.155655784623169,6.30438767777763,4906.100328953492,6.103753679865038,2.0,8,1
67.72163195393195,3,1,0,5.0,1,4.235009271873951,5.36764826624669,25282.008724337244,6.748755413405267,2.0,1,1
50.88925232441996,2,2,0,5.0,1,10.098649013264811,17.022639630416066,7558.090742060979,6.2848589929893635,3.0,1,1
112.50930983965097,1,2,1,4.928829423142795,1,14.61008167933063,21.029004276964702,12306.076837663895,5.207319443902462,3.0,1,1
129.34459491128104,1,2,1,1.4114954003912918,1,14.43917909587143,22.137049620084124,17281.54964558197,3.612437616240031,1.0,1,0
58.66114939178904,1,1,1,2.0002167147490018,1,2.6495179578394636,2.783661197706176,10375.360253600731,3.381920374799307,1.0,1,0
501.67290819800155,1,2,1,1.1661567070845311,1,56.20036192763356,63.29574853247829,17196.177956513675,3.575139828587102,1.0,1,0
