packet_length,protocol_encoding,dst_port_class,src_port_ephemeral,event_rate_1m,burst_rate_10s,inter_arrival_mean,inter_arrival_std,packet_size_variance,payload_entropy,unique_dst_ips,unique_dst_ports,label
1401.067911186482,1,3,1,8.276580167156206,1,28.923253186078277,18.613529428100808,4396.194695996974,7.337050033330247,1.0,1,0
134.7051305191954,1,1,1,1.84222081033018,1,8.105246900144985,5.607754172371224,23884.0784962098,7.370959057498793,1.0,1,0
490.9853995721106,1,1,1,4.993433188628815,1,2.0434472321312214,2.5145313823088387,35478.55697780726,6.678227736095684,1.0,1,0
127.26433251714472,2,2,1,9.87688519956657,1,0.9338213100342897,1.1160962398419645,28851.006091872685,7.918546173423703,1.0,1,0
44.75579527961039,1,1,1,29.564258925569227,6,3.845471088854528,0.4079383843409536,4464.997476759457,6.788550562723097,1.0,4,1
507.4109465033537,2,2,1,9.928724933867686,1,1.3951764640918012,1.0585799949480257,41886.72883353731,7.261144802327591,1.0,1,0
121.65421796788306,1,1,1,3.857102264885664,5,14.391336296762107,14.23193492929283,9019.206262840695,7.810391587777477,1.0,1,0
72.33097414484114,2,1,1,14.294793859902807,3,4.087777075336374,3.9940013790555327,9188.456166355101,6.785054954599639,1.0,1,0
1417.305595583436,1,3,1,3.917444829802652,2,11.07033051039322,12.25908064310378,8015.409621111897,7.016070855623907,1.0,1,0
54.5709461316863,1,2,1,16.992860375764835,4,0.7845460973531916,0.4991506304002288,6289.226667098148,7.10664732001335,1.0,8,1
44.93503143433838,1,2,1,14.866778442306149,6,3.3896727327041107,1.8767580243535809,5917.139532345583,7.7867160716621,1.0,1,1
752.5266581124839,1,2,0,22.1202173686148,2,0.127742072743377,0.09458710072364801,2893.2470477852958,7.401803597125451,2.0,4,1
120.09440540987369,1,1,1,9.864725843075922,4,11.21709790750761,12.270190052909415,17729.071545711806,7.4950640752698305,1.0,1,0
509.7189963725816,1,1,1,5.593480731770698,1,8.296508196218472,6.45400738922706,11582.07460445867,7.771703384744582,1.0,1,0
102.51602259336863,1,2,1,19.172229856122087,3,1.4655809573491598,0.9877785696621216,8975.519287545714,7.741795737696862,2.0,1,1
512.6893494024466,1,1,1,6.473254758611496,1,2.148373101372606,2.403025761216165,10122.501570344299,7.629898721055093,1.0,1,0
68.0115053317834,1,1,1,8.73520084508199,1,4.4160679767411395,5.583481376401507,23548.179787848865,7.571488834154604,1.0,1,0
514.1546565835964,1,1,1,11.24072008320932,3,12.181435221143737,12.6297465364048,26617.46875803371,7.059742016486783,1.0,1,0
114.70125815023258,1,1,1,10.973457227835995,1,0.31657007947127075,0.3563617914865283,39645.88185133639,7.764215235783472,1.0,1,0
1414.395357511224,1,2,1,11.945892007461316,1,2.3203990124812246,1.9913085852663557,10984.06908770996,7.8705908955923665,1.0,1,0
1436.7222780756938,1,1,0,3.72158489390955,2,3.7831736457007277,3.989710746778351,15925.745644661616,6.867036598632291,1.0,1,0
63.140701794177986,1,1,1,4.679916741879532,3,0.559446206082015,0.7455367261763297,60114.306184105066,7.111346421269079,1.0,1,0
137.80388014223269,1,2,1,12.883645768935734,4,2.3244393315486613,2.8550513724005615,47585.47594182982,7.383305494600964,1.0,1,0
110.04539029910677,1,1,1,2.9875704867666926,2,5.175228442108673,4.438496333464421,19114.39113077358,7.551776951619124,1.0,1,0
19.44499381803591,1,2,1,21.183213410282494,6,0.04604601646782075,0.022833037740286753,34188.90238959839,7.330421059156196,1.0,1,1
127.11263102227741,2,2,1,4.271790965928821,2,0.6090670565866252,0.6437978406457853,13645.419645511072,7.786230198617244,1.0,1,0
49.712502848446256,1,1,1,19.357258551746195,1,1.175002906547764,0.7991058283514628,10680.51858358416,7.5078690273999555,3.0,8,1
753.7116210194516,1,3,1,18.55277954571287,5,0.49020574183801663,0.1526154570241166,6287.646807453845,7.363854052005575,1.0,2,1
10.62702329776075,1,3,1,22.69067645892291,7,0.15155111689224554,0.04583457378636135,17005.59208156534,7.5569840171648055,1.0,2,1
72.1079593027481,1,1,1,8.341574788947025,3,29.28267265287888,27.544095652053922,15807.764404097108,7.1365411325079915,1.0,2,0
134.68967501540814,1,1,1,5.1882104329459535,1,16.861366837114915,22.974044928122314,15901.937691867772,7.99,1.0,1,0
69.98504332539531,1,1,1,5.006861692899016,1,2.5554264861580696,1.7824386400706904,12069.605804574283,7.859004713759095,1.0,1,0
62.90469380872325,1,3,1,6.95408610692051,3,2.147451596280995,1.587644253993566,14252.412264563834,6.909821925190837,1.0,1,0
125.23336860965878,1,1,1,3.4788945204571893,1,1.3052040766743211,1.5926577301169067,24049.30042217612,7.880118129169989,1.0,1,0
1418.5405114502246,1,1,1,3.3174065508896096,2,1.2400005733883772,0.8839233517131055,11865.612434330415,6.756802093057769,1.0,1,0
59.40302652955706,1,1,1,10.631681562553261,2,9.72021342537309,8.641397266629868,49170.65035396617,7.99,1.0,2,0
73.38714298273673,1,1,1,6.168121486188552,4,1.6009037959371022,1.0240536983756723,19748.76821413462,7.246033934775274,1.0,1,0
123.95412637869148,1,1,1,3.3796650990661856,6,1.1237880124585906,1.1960898620619045,13793.812605525998,7.55268642095078,1.0,1,0
65.94451948779981,1,1,1,12.365017827468678,8,1.397737714855037,0.5120494448491214,4426.803318530745,7.652208899673141,1.0,1,1
129.9956597106655,2,1,1,6.621775230980905,4,1.7430200913027136,1.8046510510330296,5071.170421072158,7.148429764562334,1.0,2,0
516.1000574875958,1,1,1,10.07796359819199,4,14.203538799839956,11.70200603585654,17887.501297135583,7.161991360812441,1.0,1,0
749.7629763850576,2,2,1,19.394876478162356,2,0.7819358692870781,0.5182049137856644,6787.965379335424,7.309022704817847,1.0,2,1
48.327721685437936,1,1,1,3.6804297012324168,5,7.638554161325995,5.084618357105093,12465.91953956055,7.588841625871417,1.0,1,0
128.0033540140121,1,2,1,3.2439508419888874,4,4.49683621611207,5.136358802505948,12787.332931386116,7.211333362295718,1.0,1,0
1410.2004831319925,1,3,1,10.519809107373622,3,4.05453823496619,4.904565760193032,28270.619980363965,7.845669040282852,1.0,1,0
67.08207507831199,1,1,1,4.611674231966676,3,0.8254759267671316,0.8163946745427141,10674.9972722906,7.777463635307533,1.0,1,0
59.390312028015614,1,3,1,14.577522851343307,4,1.2594372731845935,0.9882474668258648,4668.268497918478,7.426377828390438,1.0,2,1
47.397597842356,1,3,1,28.624312472877843,2,0.28165367079893566,0.03920557696514258,12071.901559643266,7.536925695147201,5.0,2,1
108.06597461965166,2,1,1,4.109625611091415,1,2.4655479658783723,2.5248615359475415,12507.387500344057,7.0569497704324045,1.0,2,0
76.15658190989083,2,1,1,3.6060054930224346,2,4.3424807225189115,5.853231356986957,10496.883959096636,7.423621617813049,1.0,1,0
126.84052497543031,1,1,0,8.775577789565698,2,2.5891175114479585,3.269675325875434,15640.967359345797,7.167670860502883,1.0,1,0
79.77032568143274,1,1,1,4.110891593428495,2,0.23456673054675298,0.2217513504162812,15558.999591871689,6.817352174919015,1.0,1,0
497.6816474821635,1,1,1,2.3679266780037627,3,5.1059348920605725,4.4070604055905385,25726.116367230592,7.322147091996061,1.0,1,0
57.0701967415959,1,1,1,2.965044604017974,3,1.7004851096745393,2.311547585171411,6954.61303512276,7.32773980686001,1.0,1,0
73.28948503666054,1,1,1,5.84181739946702,2,5.6797419298312475,4.312085210227704,17883.883380155406,7.760431319759844,1.0,1,0
734.8124848989211,1,3,1,22.720151389844336,5,0.5769908508204025,0.436716295648578,5236.66593459476,7.246109582907866,5.0,4,1
1413.0184045282135,1,1,1,10.120522138186757,2,0.40965510460344945,0.5452513217601161,28554.185798551902,7.227049130837612,1.0,1,0
69.94869085766935,1,1,1,34.12901101136029,2,1.8220609277838145,0.3245190068213393,3792.5933035729386,7.368738284609974,1.0,1,1
39.42415901432338,1,2,1,16.30522337792611,5,1.285544947066446,0.8050632062231129,4374.287715172164,6.913613065923953,3.0,1,1
123.52586480321726,1,2,1,3.725705542198495,1,1.679573744596374,1.2412600206594642,8172.030929818147,7.051108683356695,1.0,1,0
730.8703977320531,1,1,1,30.652736789814213,6,1.9881135198721964,0.383546592962643,11748.163636890082,7.175281034098992,2.0,4,1
69.00819819425341,1,2,1,5.029090052878535,3,3.425499087861445,2.3396184348106632,26699.1438491216,7.573903600095861,1.0,1,0
120.12738789683537,2,1,1,11.028013369909281,2,0.7372269932153174,0.8814776228261472,25106.90147030807,7.318817166004792,1.0,1,0
52.4571677495603,2,1,1,6.4122195937655935,2,3.7757679724586057,4.450230916733121,15720.138339602987,7.566860916076317,1.0,1,0
1408.2828998043067,2,1,1,4.148064868094865,1,4.9980012020818,3.6517203585216405,17853.824233183142,7.415618738546497,1.0,1,0
502.06109935122305,1,1,1,6.170649802517902,6,0.1129452920393686,0.12994028712826666,2030.3852957663635,7.799036730595799,1.0,1,0
513.6855780110163,1,1,1,6.91801225808191,3,6.912424807117183,6.0746939540903275,25031.962924843618,7.149671460763873,1.0,1,0
64.4454741288071,2,1,1,3.503779004768083,1,3.6252871455927846,2.3086869792972804,4406.196146287316,7.693230122924112,1.0,1,0
57.35814546753167,1,1,1,2.715201812229056,1,21.101849393983763,18.71157923790312,6006.279075025626,7.1084076874746325,1.0,1,0
523.4346489022269,1,1,1,4.8111966180607375,2,2.8002651803707197,4.083194176851579,25327.763337908436,7.636640793658023,1.0,1,0
43.62725357890179,1,3,1,4.815601033500832,1,1.4364663323603226,1.1126224950335415,22821.27860368313,7.404611762342634,1.0,1,0
46.8680819585154,1,2,1,23.45525252386977,2,0.08365495403252109,0.03226714386111203,6393.302942441447,7.441417919190913,2.0,1,1
1452.7729288854007,1,3,1,15.625977432707566,6,1.4457831966407946,0.3758644920674753,616.5364565060993,7.759007166479113,3.0,1,1
65.66206814957445,1,1,1,9.751880336509815,3,1.8129866042193987,1.9290260265671253,16365.685068893288,7.30408604604611,1.0,1,0
71.97301799717007,3,2,1,26.67802976153038,5,1.5819630009842214,1.0139301768732205,19050.73007570667,7.526896238019598,2.0,2,1
127.3005595578017,2,1,1,4.633944285567406,1,1.951168669337759,1.520035472819977,13110.331786988265,7.597830374984351,1.0,1,0
121.70431042506715,1,1,0,3.6979547629890686,4,3.001982404003314,2.7964305772968583,18520.073391798625,7.533822282882592,1.0,1,0
94.54626362665428,2,2,1,29.371614350204812,4,0.7856360371984694,0.11205267798970786,10925.089126401224,7.217712924437994,2.0,1,1
780.341749531568,2,2,1,27.318934864534732,4,2.6826010110188268,1.7780807133585217,783.8420304984986,7.798405775913881,2.0,1,1
503.78776162116174,1,1,1,10.291897807660714,1,4.1399847932037215,2.948675639754331,45421.43082833663,7.3192222940628735,1.0,1,0
507.14587393415786,1,1,1,3.8046881617994734,2,0.691089342324113,0.8043873058812623,32046.589770486917,7.987539325452923,1.0,1,0
1419.9074148454233,2,2,1,10.179639297962584,2,2.3252398203372375,2.797167344735797,7345.5515723194285,7.4811905706026,1.0,2,0
104.43785222792141,2,2,1,16.35948079681731,7,6.054936263311225,1.0302263208984364,2640.0523011669743,7.721146365188902,3.0,1,1
1411.2677245264117,1,2,1,7.786545772339733,1,2.3950168746260982,1.956126035934666,29687.5889328625,6.815264016713809,1.0,1,0
44.210807087095674,1,1,1,1.9379350697639457,1,5.79170044615525,4.14456331052701,20370.754481769007,7.709922322476654,1.0,1,0
497.1040293650487,2,3,1,5.17284958547531,2,2.2352887582763494,2.7620329296984663,7034.551958876428,7.520095449673728,1.0,2,0
131.7819709590765,1,1,1,6.346164842597596,2,1.3964206710738922,1.7611878188852323,14534.709394494475,7.428397376084173,1.0,1,0
67.5582036548113,1,1,1,2.9370503724674437,1,2.6378945682946813,2.830482579973659,9842.78600518995,7.99,1.0,1,0
1427.8649700998233,1,1,0,9.697091264045824,3,1.978127450357663,1.4679012629749102,12260.679292982371,7.160957898379644,1.0,1,0
1393.3786356364512,1,1,1,2.5994253374035634,1,2.4895432513427456,2.826426951191334,22003.983071277955,7.486800800090968,1.0,1,0
65.49528972102965,1,2,1,13.352589910157414,3,1.5607555591151328,0.9889253062449141,32007.7241764907,7.5879503264945924,1.0,2,0
1408.2972339898295,1,2,1,7.740729054154219,1,5.647403664217923,7.331286955404628,15689.264433722246,7.200910339414621,1.0,2,0
1432.2128279537824,1,1,1,3.891827821010117,1,2.726366615031633,2.1667274473719624,8474.242542440843,7.480192825254512,1.0,1,0
128.29161005744095,1,2,1,4.580134330563114,1,12.77470266079445,15.385683030090613,27782.87783211284,7.145144870906822,1.0,2,0
1421.9386468779437,1,1,1,13.6790760786797,3,3.5412285389453384,3.4512046640497807,12542.860816794,7.531190247826465,1.0,1,0
28.17744742249237,1,1,1,14.270879984194329,3,1.6741205074924197,0.19924676918519862,8092.34523403568,7.250361830855746,5.0,1,1
62.3137075858168,2,2,1,21.03617097641086,1,4.5387781826131,3.1595330617648583,9782.216056727028,7.470246514166753,1.0,1,1
117.22461141026082,1,1,1,2.4673566736378323,1,4.226521294286152,3.399410817982102,13589.597484799788,7.297324851361688,1.0,1,0
112.12059161520548,1,1,1,5.318767072161772,1,15.441307436047817,21.082160078089007,5591.0006827636735,7.589189206022165,1.0,2,0
513.1596839342876,1,3,1,1.9984767513182933,1,0.746144212125783,0.9397903863782354,14154.165982685041,7.099665078086206,1.0,1,0
39.82076444921445,1,1,1,14.312425155014324,5,19.43546714878158,12.148792012242303,10366.178358842026,7.154242130912574,5.0,1,1
1426.248915657386,1,1,0,11.916359393590453,1,7.382312909071045,8.96306185809245,22764.479990378106,7.3214603397124485,1.0,1,0
750.4126900823439,3,1,1,26.510914523408722,11,3.7988537094672843,0.38373541733873523,6544.444965839001,7.316511717868901,1.0,8,1
131.03015443318907,1,1,1,7.725652298337365,1,5.428213925375184,6.574147994687294,6692.044502313718,6.73562919664319,1.0,1,0
506.8758841715586,2,1,1,2.7799665091467363,3,8.104460974290722,11.135070847916266,20043.809823344673,7.41712159461839,1.0,1,0
71.83053025862259,2,1,1,7.123520440641989,5,1.635618022865927,2.1796977935999213,18213.226506528452,7.659900823601692,1.0,1,0
51.91058634890433,1,3,1,12.645052129083629,8,0.2705605450830665,0.19775871101741097,3576.963847724318,6.939649024357113,3.0,4,1
503.7007830642873,1,1,1,9.473207644862342,5,1.5006654374156638,1.8868015981722437,5879.507670393836,7.818033358588339,1.0,1,0
134.99193876445577,1,2,1,9.596538878701992,2,13.102941262372982,17.101131293481117,2951.975932956383,7.049188462144414,1.0,1,0
66.16082452757325,1,1,1,23.322442171781486,5,1.3805609647698878,0.7833493105867738,3103.9312555860583,7.383942965431784,3.0,4,1
67.2653354729143,1,2,1,24.49365768919691,3,1.7339710378153954,0.947360698503355,7108.806192797714,7.062530676294675,1.0,2,1
1429.5766482775175,1,1,1,4.030571140075775,3,2.006324499387027,2.1621022008578645,35345.033061101756,7.7904703193897085,1.0,1,0
127.67876889851347,1,1,1,3.9256423638606246,3,2.1346352326807656,2.842890410413411,11131.16735962929,7.27932221489535,1.0,1,0
36.485055932907336,1,2,0,24.268195105871317,8,1.4688920740571134,0.771707915951556,15287.322225921751,7.354455766455182,2.0,2,1
33.60083481383468,1,2,0,20.458833174872474,6,2.3993497908625327,0.8643665906294998,9998.409685880095,7.2135820835385855,2.0,8,1
51.029757483594814,1,1,1,5.402289434339723,1,3.8567765669221665,3.712247126895371,26844.024359127932,7.294096632377099,1.0,1,0
99.68137381546893,1,1,1,9.234843432994142,2,2.304552868285035,1.4937588787599583,15196.408982031271,7.99,1.0,1,0
502.0148937625724,1,2,1,5.036693280063,3,1.1850132301046425,1.7344932928125572,10037.207609884888,7.170932965731389,1.0,1,0
123.27364240694577,1,2,1,4.34233656946028,2,1.673194524021625,1.5798664533496334,19532.12801324424,7.642419612187306,1.0,1,0
516.053163769311,1,1,1,5.3031613865745735,2,35.82766081438815,37.41903473036656,23823.011861495856,7.555944636437545,1.0,1,0
58.57383995041842,1,1,1,5.127796598441281,2,1.7115855722682947,2.0440603122162666,6092.221047157792,7.373840088607355,1.0,1,0
1461.426142645015,1,1,1,14.095592120887225,6,6.582528468012592,3.999066080889913,21067.17964029366,6.964274511754667,2.0,2,1
71.41771359372125,1,2,1,16.55710969220567,6,1.7354511435680584,0.9074799232143551,5125.8584921090915,7.233791767068539,3.0,4,1
63.453585136232995,1,3,1,19.82666034265433,8,0.4233623673111865,0.32630455641881284,5765.955530430181,7.5476577531896645,1.0,4,1
112.72801875144515,1,2,1,10.391628198318886,3,0.4752404541008308,0.499096436367833,13376.545480797702,7.513529894360858,1.0,1,0
49.404665484271526,1,3,1,6.871497913598981,1,1.1150957945366426,0.9112203532627626,19825.148630015523,7.318128325496068,1.0,1,0
60.2915885915898,1,2,1,1.7888845911116988,3,2.825606015023815,3.7609104163153857,20939.440939520962,7.738891278447928,1.0,1,0
501.48291819180827,2,1,1,2.5976149868125935,2,14.077787526010143,12.975024502802011,29273.061852388008,7.568361256695302,1.0,1,0
67.98561465851675,2,1,1,5.759775025341343,1,1.3070141599177116,1.0913373313471337,45651.06145628629,7.239357370849172,1.0,1,0
18.400978335849288,1,2,0,30.35354328219704,8,1.172876205994675,0.5676487159923964,10225.434139058627,7.402007264961993,1.0,1,1
42.23846326267874,1,2,1,24.226929900452404,6,0.08309310552558155,0.04083592748324183,8652.018834640015,7.6236148125468794,3.0,1,1
136.3062599684251,1,1,1,5.544132814086096,2,0.37667892975693706,0.42037323290678996,15756.553539169083,7.023395245365042,1.0,1,0
131.04545858947597,1,1,1,3.9112551350465967,1,2.2792955970098574,2.0618701820555922,24590.812901977584,7.283300747574877,1.0,2,0
503.7062938248072,1,2,1,5.569344324436868,3,9.512682932508062,9.574846716294756,16040.4918946586,7.3982655136717455,1.0,1,0
54.20522201861388,1,2,1,31.200184083167088,5,1.9654202036141022,0.4766728752026628,2995.4799276050176,6.991495649419309,1.0,4,1
75.39194092854375,1,1,0,14.860649438167842,8,1.0471141805999524,0.5429826704414906,940.0200891227091,7.177673004812515,3.0,1,1
48.42855629394037,1,1,1,1.473628117449128,2,2.0885611094176544,1.8878954209055747,42375.467689082,7.726968066543905,1.0,1,0
75.69105127899876,2,1,1,3.2993530687573425,1,7.1177970687370795,5.391615387216668,27099.31284243289,7.191925584658066,1.0,1,0
44.68691202580761,1,1,1,5.4085975815730585,4,4.100190568552187,4.585245876555252,33362.05015216565,7.977474697502743,1.0,2,0
111.10443553908954,1,1,1,6.383629521173875,2,9.00111547360302,10.526575476351383,8136.4783392176705,7.534074022573586,1.0,1,0
113.1307389256909,2,1,1,5.331361771547854,1,1.6415136939429167,1.7503037157018535,10324.538028162598,7.99,1.0,1,0
503.87159651791717,1,1,1,5.725502522843622,1,4.184735831166109,3.987655036791465,29711.09879338712,7.620540304482042,1.0,2,0
1420.2080723329768,1,3,1,2.9672415951754036,2,0.9761898896242387,1.0346283722938674,14572.937149119767,7.5380649101431505,1.0,1,0
1426.5881781617804,1,1,1,4.1205008836521575,2,10.887963775270583,10.780364282077896,7624.430912660319,7.566881765388328,1.0,2,0
58.11328510615522,1,2,1,36.24755480788447,8,3.0140490662154833,1.0942414903640272,4212.570695039927,7.601859487752828,2.0,2,1
522.6515060066675,1,1,0,11.743380524246318,2,3.9556995071924734,4.175636639152861,52742.12230504615,7.197326229613375,1.0,1,0
504.28907101724116,1,1,1,9.206138223070914,1,2.0217562752483578,2.5970237100068703,19414.20521456904,7.607393141678648,1.0,1,0
761.5297692956185,1,1,1,48.96060026742253,4,0.6524165284278138,0.2655498708612354,5269.215561162887,7.391122890168013,1.0,1,1
1426.2485359046134,1,1,1,3.1367742535322356,5,2.597076412864444,1.6647483479813,11980.511648811984,7.149333736646462,1.0,2,0
134.60754911979652,1,1,1,4.6203869390132795,3,9.17862974045816,7.260106976688371,17805.68781246716,7.138323857446361,1.0,1,0
83.55720844890767,1,2,1,23.019491504124826,11,1.7835985383179551,0.7188295767796878,1247.2156980992695,7.062961779181834,2.0,1,1
64.89280233348293,1,1,1,7.202026259359911,2,0.35624431404966816,0.2437005903378041,18550.007898125717,7.2237889960868245,1.0,1,0
496.0267110370668,1,2,1,3.9587069459526067,2,0.42609412022910953,0.61118274234763,14373.887391122822,7.721653701678792,1.0,1,0
68.64917877884406,1,2,1,5.11213274088549,7,1.979582787313758,2.3294679298670067,13078.525523225311,6.851186579760106,1.0,1,0
502.59364715013766,2,1,1,10.36599355096496,4,2.291039100540398,1.7915497849124478,8737.00310873918,7.796253894469639,1.0,1,0
54.63332066599378,1,2,1,5.526519681733048,3,4.758122748056558,6.986272918780332,28110.15007649273,7.7729626828248755,1.0,1,0
46.555663521991036,2,2,1,5.769566516128881,1,0.5674440115850024,0.40173555434572394,3894.205641098095,6.940403459221988,1.0,1,0
130.4205918040569,1,1,1,2.910862727794869,3,2.2019052793123604,1.8625215015303982,9152.076387366991,7.168378568276061,1.0,1,0
63.351185512280814,1,1,1,7.622691716028176,3,15.758603501149707,17.85214855090658,25147.3010794746,7.72945972925715,1.0,1,0
114.42148055637193,1,1,1,9.016407042316597,1,2.936086046446715,4.052882007023103,25107.452996124484,7.705099026268936,1.0,1,0
62.52758737937418,2,1,1,9.050719246565537,1,4.539250567102176,4.265691170872038,10049.746654247374,7.05820738638176,1.0,1,0
747.6625877630852,1,2,1,20.56654576732373,5,1.7439395048824065,1.246111463769981,20463.09367196418,7.488196781236603,2.0,2,1
122.60112014390013,1,3,1,4.956714780978219,2,1.4466507961528614,1.9837102942576517,6829.737708916331,7.44764039286743,1.0,1,0
121.87308607639413,1,1,1,7.308416616261616,1,3.7051311003607013,4.683508071280981,5607.766033521002,7.893221262911103,1.0,1,0
1479.7295239962395,1,3,1,13.261410374414924,1,1.8189578236728223,1.2403359055674883,1585.3974553224964,6.751091865537112,3.0,2,1
1431.1964753599882,1,1,1,4.432572747597355,3,11.140989487916599,13.73429778424865,30980.142127118794,7.719838004009472,1.0,1,0
33.428159534736224,2,2,1,23.3296132345138,7,0.15254898269553602,0.03968595600065501,13494.125661109656,7.726794584023023,1.0,1,1
119.9227058377487,1,1,1,4.955401247894176,1,20.456218593475995,13.1112370151797,8030.168266498417,7.296453025358819,1.0,1,0
61.668041870459014,1,3,1,22.857130876356276,4,1.3204791371244997,0.4887511086044119,1416.186710553786,7.772834022077554,1.0,1,1
64.15838113906057,2,2,1,21.05396593834639,1,0.8088951645682643,0.5876019424768636,4674.851082738607,7.385094457449974,2.0,1,1
107.41381566335917,1,1,1,15.693692208792719,4,2.3651992198545373,0.48248223000819135,6312.715509010264,7.039259360110527,2.0,1,1
128.51531109790665,1,1,1,2.7040212614805923,1,6.932087140967337,8.646699699532338,29594.345506659778,7.648136814938693,1.0,1,0
52.989871235904374,1,1,1,10.299686947286663,1,5.824417561107722,3.790559050954486,10507.536924476526,7.640942397316776,1.0,1,0
43.24815766202498,1,1,1,32.2173613739224,4,0.9801166802981067,0.5330617386888513,13850.908176563504,7.0224681976047,3.0,2,1
58.75454741987561,1,1,1,7.7233177570668134,1,13.534528042944919,9.713224153944356,16837.35538786273,7.327257230141463,1.0,1,0
1427.9026488797178,1,1,1,14.98235002622736,1,5.416746652370407,6.9665101783964944,11645.852130199377,7.704627295168324,1.0,1,0
137.74376374798032,1,2,1,8.499652939307769,3,7.0245029152299105,7.706921851570795,14598.752524399933,6.563354091421635,1.0,1,0
1439.0082184221483,1,2,1,3.9863475361211096,4,12.011260887761905,11.985063081015323,13428.506441028252,6.821042819737617,1.0,1,0
1432.2047499662963,1,3,1,1.5985914058003328,5,1.171102268635147,1.2529805952005206,30746.034680828263,7.209588358673458,1.0,1,0
53.49963290493791,1,1,0,4.266660531322794,1,3.6561268204466875,4.0233181813219625,7918.862397302957,7.99,1.0,1,0
75.06046205557043,1,1,1,3.9129205637959257,2,14.483861389420968,16.15381732124399,16872.482360177946,7.759542078657356,1.0,1,0
51.74074019914071,1,1,1,7.916248657013434,2,3.89982534765385,4.414552376261346,12776.516857900053,6.741040943095564,1.0,1,0
48.706326315811516,1,2,1,23.824838360863463,8,2.6334302346814904,0.9801966633916279,4871.3040665528715,7.973684469576869,2.0,4,1
70.34790154806775,2,1,1,5.091931269606226,1,0.5066397414616883,0.5869072022123912,38464.840263933576,7.265077115691925,1.0,1,0
53.64253471017995,1,2,1,36.12813959032305,7,1.9873452603770363,0.7681439620304976,1072.422661912512,7.350266904761439,5.0,2,1
51.075325039446966,1,1,1,39.682312835828824,7,0.25194690172728573,0.13660131903391382,12699.435566911423,7.630563663655782,1.0,8,1
757.1488416222724,1,3,1,36.4200824578283,7,0.43478226323733826,0.22358439801164443,5600.76721950936,7.865752728869549,1.0,2,1
54.21784694559295,2,1,1,4.889051147555929,2,2.4671942846933237,3.350698137222526,51970.56806748598,7.8482141113036095,1.0,1,0
522.2024402260095,1,2,1,7.702285111726763,2,2.1294905611462784,2.913956977675892,12263.98028479698,7.107186339007593,1.0,1,0
761.7219843473772,1,1,1,16.449611150491233,5,0.8683537903829053,0.4665464994420285,3977.721991205463,7.25559966257941,1.0,4,1
53.19924020154859,1,2,1,4.785281810057242,1,0.2627750459972944,0.33252209497076635,10653.192254383925,7.220715374026835,1.0,1,0
1422.7125848022881,1,1,1,10.705818272519013,1,1.3406629518220021,1.6161958928175184,9578.181141148783,7.857771439295992,1.0,1,0
78.24251218298076,2,3,1,1.8834249495027198,2,1.2772863803006669,1.5906770061857782,4618.021102634828,7.385324343692669,1.0,1,0
141.91105274460546,1,1,1,4.311760722834553,1,6.708864662740583,5.468360291589204,12483.553864160982,7.043995362035286,1.0,1,0
513.9679320057157,1,1,1,3.22673472913708,2,10.342977071376957,11.627397147924547,28278.696137003375,7.515346251723597,1.0,1,0
59.81684625343493,1,2,1,21.43276292851014,3,0.5386969996090463,0.2661334004655216,1201.0700614627676,7.068393232289765,1.0,4,1
69.8343220345905,1,1,1,3.564599835325065,1,2.269730439758463,2.433981409935005,6725.442191326096,7.397348440873088,1.0,1,0
71.30196944475587,1,1,1,7.100257418619154,6,2.2593782454746205,3.030992141952411,24103.52893519171,7.314120152628783,1.0,1,0
131.0557179590361,1,1,0,4.474491873535955,5,0.23435492964443244,0.23887815158803938,4728.992341455749,7.388525500706235,1.0,1,0
105.8467899953951,1,1,0,5.982889797159604,2,10.910675084866595,14.341572053343002,18904.43686563785,7.323591215015675,1.0,1,0
756.6879330250744,1,3,1,23.50059370593379,11,0.30895023389595355,0.10503610154996278,1463.4912914599502,7.99,1.0,1,1
54.14123825672257,1,1,1,8.499917444028304,1,4.537597476441173,6.087109016875346,20646.403543242366,6.918451082519775,1.0,2,0
123.15576625663851,1,1,1,2.468743195495991,4,1.325552993343599,1.1706716216295865,5602.291032025366,6.92153220315068,1.0,1,0
122.50078978573127,1,3,1,11.903549238592431,1,0.25079707769888765,0.3592474454268507,8433.878670868007,7.081733301884544,1.0,1,0
1462.7952217872487,2,3,0,29.179372142677746,11,1.6426317217293642,1.237347221380581,2787.420744677502,7.650187336614082,3.0,4,1
55.43211251273493,1,3,1,22.30398633176925,5,0.32794222249053395,0.2426355268894997,5716.323459465406,7.7098638079597235,2.0,2,1
71.4855336535513,1,1,1,10.92576657271604,3,7.803740854169409,6.158050661709802,25610.002091848695,7.632919059935784,1.0,1,0
68.84404874529002,1,2,1,15.109136369001414,7,1.2959226020372123,0.5985387643169262,1021.9757723966434,7.179621460843312,3.0,1,1
513.9481753944082,1,1,1,4.047144578205179,1,2.9530150565849507,2.76407509657951,43383.02520651515,7.715371843587501,1.0,1,0
68.97650117065595,1,2,1,7.345274383373198,6,1.0978634098559636,1.1564598068208198,30770.548900998732,7.320403329637107,1.0,1,0
135.7115812323411,1,2,1,8.477796762101267,1,3.0476016678597633,2.0694517377797323,17524.83084302128,7.619803283622028,1.0,1,0
117.95977026809773,1,1,1,4.721949454983257,4,6.096323445870505,7.471738731800837,6411.916682498552,7.043535433968105,1.0,1,0
123.5585883795776,1,1,1,4.791710118808904,5,6.598786186182284,6.310294056893035,20723.753998414224,7.315053787102176,1.0,1,0
1424.2413451636874,1,1,1,2.0478383250929157,2,1.6437974611055215,1.4706156655487175,48483.25843371906,6.986660453473269,1.0,1,0
80.42545118480989,2,1,1,2.868500478636427,5,2.435083007866454,1.8644522520960303,9228.017567969324,7.389720006401891,1.0,1,0
57.598724944735984,2,2,1,24.565834178883446,4,1.5391333246322827,0.21071468474893013,17040.94525573424,6.99773563168861,2.0,4,1
515.3213992272189,1,1,1,9.960217975782523,1,13.734922629355664,17.897737280633326,7634.354681581285,7.99,1.0,2,0
72.1006455762245,3,2,1,26.79127594476577,5,4.426242680293158,1.3779396398207164,12587.013682342855,7.635121577324951,1.0,4,1
107.65299203445247,1,1,1,13.232084729624914,3,3.388794197610589,2.854845188370116,23302.215541373767,7.473467383110212,1.0,1,0
124.64130651727524,2,1,1,8.99906921123129,2,7.527008508108128,7.641881090424403,11625.207448850706,7.63907875036601,1.0,1,0
42.73542369007056,1,2,1,28.615347408610052,4,3.0342694695712074,1.0313670410668165,2379.628824020497,7.416447848609944,1.0,4,1
512.9800035273553,1,2,1,4.874631308680541,1,10.306865204121353,14.089199830594033,7820.993024056831,7.682643480759512,1.0,1,0
64.59302416043414,1,3,1,6.3091227904075335,1,17.721228518591566,16.198144251386346,31807.473274992873,7.575848704431157,1.0,1,0
119.92489490262795,1,2,1,6.542098767113883,1,1.8334822677849716,1.6436963220635514,6306.28610463301,7.587929353969453,1.0,1,0
67.38009265854501,1,1,1,11.352900633856205,2,10.789247167607664,10.728626313393228,35803.45068293885,7.782722181271558,1.0,1,0
76.98737208772857,1,1,1,5.516014559805309,4,9.429096772559282,10.037758868052519,15216.12474128295,7.29008283021144,1.0,1,0
1412.3542071499858,1,1,1,9.379663774310382,3,1.0427598624264622,1.1786790310311297,31574.546920248216,7.25014921291227,1.0,2,0
78.74083915168393,2,3,1,39.74700106584691,6,2.992298417519094,0.7632433535254186,9848.450462609127,7.647673609674428,1.0,1,1
56.97900255584382,1,3,1,23.981511886311157,4,0.13993254636430458,0.044935659036831485,3262.9587944464743,7.318279227850014,3.0,2,1
70.74668173416119,1,1,1,22.205452549650676,5,0.12636675134921493,0.022060380274082955,11288.138387516594,6.897954243226742,2.0,8,1
525.1205749843796,2,2,1,5.791278566357358,1,3.937525896350909,4.457910148839734,35948.67457774686,6.948166075363584,1.0,1,0
1423.749821809724,2,3,1,3.863817487471803,3,4.940083859314804,7.233061925640209,12567.542959999351,7.364486600668232,1.0,2,0
131.41554590846255,1,2,1,2.5076043333755633,2,2.986702323492089,2.0976594002794653,14122.084698790928,7.215267780108299,1.0,2,0
1420.121822991196,1,2,1,4.947779208521533,1,0.36852831855061596,0.40722390467638053,8822.184200218786,7.173089229911985,1.0,1,0
1424.2127763740552,1,2,1,3.5773527544266375,1,9.03312763030871,11.144043343173248,5615.460227473385,7.67897996762518,1.0,1,0
1423.9779047690668,1,1,1,3.38710775464131,1,0.5907490702605258,0.46012619628063856,8145.0055533363375,7.227579188740406,1.0,1,0
500.40048085711413,1,2,1,15.982496303184329,1,12.373913878076205,12.701406032938257,43868.13947052535,7.91726534719324,1.0,1,0
38.05326591584412,1,1,1,18.249141080653125,6,2.193828046058006,1.2267492789684487,2546.078081977989,7.718809104745414,5.0,1,1
1459.918610979951,1,3,0,17.79739972842971,5,0.19113549311779549,0.019513945949038224,25874.7105561448,7.365181495798921,2.0,8,1
52.304847638341116,3,1,1,19.103665928835277,6,0.09400210848059648,0.04538044057212698,10881.926942740045,7.442947502443771,1.0,1,1
73.17995788645526,1,1,1,4.027256916465685,5,0.14280800373965963,0.13865740884481445,19225.45678695903,6.523270722820316,1.0,1,0
36.3862364191518,1,1,1,23.463034897544127,6,0.07751937707187112,0.013838747280610098,3080.74773886614,7.735222292319697,5.0,1,1
42.37328751512341,1,3,1,23.378698539484784,5,3.598798398483843,1.9500803057427318,7530.498222833628,7.556625042688611,1.0,2,1
513.356421464658,2,2,1,4.80260628978569,1,1.5522867423030777,0.9890134034642879,22876.05986313438,7.322759609238786,1.0,1,0
512.3257912903829,2,2,1,5.855321802728773,4,19.822247488888678,28.965568389277937,28667.149766166618,7.3337712005528095,1.0,1,0
132.4840956302921,1,2,1,4.049430987248333,2,0.547798556442815,0.3863736531144758,13730.931773287726,7.461752440336691,1.0,1,0
71.26324312489456,1,1,1,26.87857065629425,5,1.4154978663872477,0.8836206487057808,17408.94652774029,6.951208908126121,1.0,4,1
74.87038372368458,1,3,1,49.2296977715509,6,2.6055779598103523,1.4726460389152054,7371.600232743495,7.116423881489905,3.0,2,1
138.89912320794468,1,1,1,2.5454140262836327,3,5.148591962432147,4.164131782450104,9494.263959531274,7.1225917478676,1.0,1,0
142.6518263729669,1,1,1,8.944701764063042,2,9.56026156412987,7.017994224923016,20703.872443835113,7.021024415543634,1.0,1,0
18.081786880270666,1,2,1,21.946349378268234,4,1.4335800428806422,0.6499872785805282,15756.945182906737,7.706251963712142,3.0,1,1
66.00103167710246,1,1,1,17.07291074398544,4,5.847725104721172,7.885189010758265,34268.8232901014,7.264106224086853,1.0,2,0
56.14657535390308,2,3,1,41.78320262213324,4,0.22773148043862584,0.08590717287699173,5800.504421996103,7.473320894499143,2.0,1,1
72.18345793887202,1,1,1,2.939395612778517,1,8.221569330284899,7.815882776951979,28917.850935073464,7.146273579938305,1.0,1,0
58.276962444975034,1,2,1,21.853360590352164,3,0.13197351741333016,0.0992147593175179,1223.4939057437944,7.585174186950917,1.0,1,1
73.49730598903086,1,2,1,9.903498259536633,1,0.9063015006049798,0.1508718049926248,7980.968529788282,7.61289284900454,5.0,2,1
512.4714852609258,2,2,1,5.36517390945006,1,4.190626800649055,6.064019733870313,8179.2024493107565,7.597252837467603,1.0,1,0
504.8901984438818,1,3,1,6.4005126614639245,1,14.999219862024983,18.832571455229417,17726.804623306667,7.281309825744917,1.0,2,0
1459.89883806352,1,1,1,35.75886516797948,6,1.204002640520705,0.26252904669138244,7918.635303453884,7.215138349924684,1.0,2,1
48.39739416750184,1,1,1,29.749368544440088,4,3.8320298114397566,2.071766880148574,4586.00489449272,7.99,1.0,1,1
40.14371004303884,2,1,1,21.455821443405796,5,1.0131757758978424,0.25503142187159744,7687.943772279128,7.669300351404234,2.0,8,1
1448.305632374267,1,1,1,15.785607350551473,6,0.17246560429341085,0.08742136316926677,8522.416868366794,7.206948390073774,2.0,2,1
508.23474349971923,1,1,1,1.902233038230889,2,0.22341453450636897,0.2607158900653336,22546.949444115737,7.539747346149924,1.0,1,0
507.8352976845951,1,1,1,7.848284587132646,1,13.527617634157702,13.974969869947053,21458.32938221014,7.489319421099283,1.0,1,0
511.26610376390965,1,1,0,6.210781222657949,3,1.1340571485563584,1.3076534639653214,16515.559266721164,6.9177295887849,1.0,1,0
46.75990640418752,1,1,1,25.820300070285324,3,1.2124835238476945,0.4959079667464512,6400.412505942246,7.349696845804601,1.0,4,1
753.7296722651939,1,1,1,19.49310912990736,4,1.4317470600557236,0.3813677981565078,1550.2569591701451,7.642326289184932,2.0,8,1
1418.4400530721853,1,2,1,2.485246841974775,7,1.5176455741298778,1.898837780343829,11804.715967556625,7.281624231248916,1.0,1,0
64.43246987700952,1,1,1,12.4998408020667,1,5.606294561432321,6.4057918246476016,34113.54295175227,7.1661995912577305,1.0,1,0
46.04682919732029,2,1,1,7.535652788973746,4,6.982188368377864,7.359953049533742,26663.03344083981,7.697519590981154,1.0,1,0
77.21626681926517,1,1,1,2.233911441889385,5,0.2813687939174971,0.20809464778833997,18311.64722589367,7.330669894018001,1.0,1,0
529.1994258913942,1,1,1,3.5525110914056053,3,12.095225253889756,9.167362133374105,43238.420706646524,7.050493816368626,1.0,1,0
75.79103141040358,1,3,1,17.74939970073715,8,4.928992951236856,3.3592376052083273,2305.070547544741,7.1610845927451425,1.0,8,1
114.16405863500194,1,3,1,4.2317945771007945,3,3.088279868241148,4.578271217789906,13205.415935660876,7.617647886300379,1.0,1,0
67.86362195716575,1,1,1,5.9078958367410825,1,17.292265064712453,16.629595062865338,12552.497500467556,7.0065043545875305,1.0,1,0
61.56565327493551,1,2,1,2.614954433671948,1,8.67964548625244,8.340886986563017,20948.153364156526,7.393534651983861,1.0,2,0
510.7342615072352,2,2,1,4.3885478652065455,1,0.8883786699035465,1.0964444504953157,11600.112803105441,7.008212142387484,1.0,1,0
1423.852735804933,1,1,1,8.946701058825507,2,9.093629073318175,9.069760800865975,27077.124731174743,7.752380595828943,1.0,1,0
65.75448431772566,2,1,1,6.108040669256526,1,1.1777389656498216,1.630761593760712,17040.820947970962,7.5833307000435255,1.0,2,0
91.22077374412927,3,1,1,24.244858770963162,2,0.5531831472818848,0.3286089956102356,5289.817471795304,7.304111278787865,1.0,1,1
1422.373283190187,2,1,1,4.981594041081989,1,5.054872846658434,6.662951288483439,12049.634728477642,7.611436964797335,1.0,1,0
37.34145191023652,1,1,1,40.4761089310548,11,3.5765797244771087,0.8766693311196266,4982.095425998466,6.5,2.0,8,1
61.474168144374055,2,1,1,4.372277398568045,1,0.9413522277426956,0.5836503946474,8154.313716234212,6.59850886175511,1.0,2,0
63.83776206166348,1,1,1,5.331542244244688,1,9.242980243636927,9.144462333117087,14699.66789947944,7.822888337197644,1.0,1,0
58.421110198382756,1,2,1,19.940851871257614,6,4.880083899491387,3.2616975237215056,10364.576014700473,7.99,2.0,1,1
74.01271968143232,3,1,1,14.191344464983555,7,0.4283175678428569,0.13900005780363597,11491.035193215526,7.295970388773237,1.0,2,1
20.380271337422272,1,1,1,25.528887466929234,10,0.12654937496719387,0.09119090151970316,7146.013788615794,7.188273617272504,2.0,4,1
1418.2098288639359,1,1,1,6.4168650299201415,2,4.259315964223383,3.4179210564206883,12789.909272914801,7.018111975837976,1.0,2,0
1440.0440649400211,1,3,1,2.4158556592634457,1,2.0255968117483345,2.577379279053215,13044.492877254725,7.340578065184525,1.0,1,0
117.75807934786914,1,1,1,4.361437537807436,1,0.9780344650692623,1.2686531700644665,28219.536471293148,7.417077731372427,1.0,1,0
93.66238890996709,1,1,1,27.179019599272916,11,0.7389512306858363,0.18854194424884846,2190.4503556485515,7.087219191904114,1.0,2,1
65.88040248247766,1,2,1,11.087244970956533,1,11.661062987406385,13.820082213419548,10348.67777709324,7.3265638682074625,1.0,1,0
59.41660115303587,1,1,0,3.352865318505447,4,3.4823736132947967,3.7075007814784566,12759.346470265478,7.117297281966176,1.0,1,0
140.10793709426883,1,3,1,3.096120337340884,1,5.909954077860645,8.64728014542774,10529.818141621416,7.508069116485386,1.0,1,0
51.64592268710637,1,1,1,1.4002695134702374,1,1.4449823366009942,1.570204964766767,17359.371344335712,7.99,1.0,1,0
1449.3163644893093,3,2,1,20.28226802721108,3,3.054421374425951,1.2471934187540243,2173.845102048168,7.903909626795856,1.0,1,1
747.9366356356273,1,2,1,13.909209329096587,7,9.908137261053376,6.205578597094834,3186.1164567317815,7.091464259065353,2.0,4,1
1426.6274499633591,1,2,1,4.7424488114944126,3,2.451669996589493,3.2688517099034944,18671.15370347503,7.080112257630924,1.0,1,0
104.78672474022744,1,1,1,6.9637126003303775,3,0.18478263038642684,0.17321861366761432,7191.5475436412935,7.847306137661062,1.0,1,0
120.1946701883783,1,2,1,7.469177742715027,4,1.1193627561519004,1.191168869152689,8608.640102691743,7.602819352653796,1.0,1,0
503.5263502791976,1,1,1,3.6533866514917577,4,0.2695339285496189,0.2040636952235367,24935.88180118656,6.958928134467519,1.0,1,0
130.48817049599705,1,1,1,6.809275859360919,1,3.779150675404813,3.152270098217754,9343.437718515152,7.6875952976832505,1.0,1,0
723.7556428148837,2,1,1,13.212749360471346,9,0.26823788168045043,0.12242253071050584,14516.42622448051,7.186412347278687,1.0,2,1
31.88672919384955,1,2,1,30.848694418479468,5,2.758568912444863,1.8285538564069628,16400.43533994415,6.619183311477817,2.0,1,1
1426.7868750868706,1,2,1,3.4184318689743787,3,6.2410709491099094,5.957171097021146,21987.003879493197,7.352358945749621,1.0,1,0
59.007029451044936,1,1,1,19.70328117861234,3,0.1507919584098922,0.023853615184808847,3027.524415062603,6.872110966723341,1.0,8,1
129.97362991184195,1,2,1,2.884723928131198,4,1.6232856224703196,0.9784910428866255,30013.724357985822,7.901951068953608,1.0,2,0
62.59904762902414,1,2,1,16.65359867152817,5,3.012430051829223,2.1672250235211106,5511.653895746979,7.20799523010869,1.0,2,1
1411.5533322302713,1,2,1,5.718464273865068,1,7.7399551302400225,8.568655327045672,19201.60064574997,6.995203620466722,1.0,1,0
63.67644204545636,1,1,1,9.913007338464016,1,3.2150813106484484,3.6496838907728772,12498.640555930522,7.654888616767315,1.0,2,0
129.61783949603702,1,1,1,9.590948251211485,3,0.6209963221607026,0.6230756579813715,31897.290075316818,7.99,1.0,2,0
500.27759439493246,1,1,1,5.921591341425219,3,4.784325976737057,3.791914294362485,46506.23620543556,7.698248283334965,1.0,1,0
99.62920745222799,1,2,1,14.379960980842203,7,0.650682418726169,0.4742069717780527,8192.800842393202,6.975991950494869,1.0,1,1
147.00814533093933,2,1,0,4.200820233685411,1,0.28305835157322595,0.25796297610302177,21540.929299253585,7.520152019818688,1.0,1,0
63.686055835202495,1,1,1,3.1822367090305717,6,1.4387521686381204,1.2586929714705049,9067.446537504171,7.3427547231765775,1.0,1,0
43.71604680438813,2,1,1,41.621467051661,8,0.17337474089186244,0.1303289991564477,1646.168930312477,7.876065684953775,1.0,2,1
98.06800231570193,1,1,1,21.222852960969895,6,0.4203981654675768,0.33175126545773376,6718.150942513412,7.509250187861594,1.0,1,1
34.038441021518686,1,1,1,24.623389041592787,4,3.7648874704832105,1.7690961080099132,987.7960036259992,7.237434123072108,3.0,2,1
71.41982748134261,2,1,1,3.9194834990655045,2,10.208085965643399,7.805517676262672,17803.77577787024,7.131139929996088,1.0,1,0
119.3404196966402,1,1,1,4.330904229980419,2,4.174973189910294,4.794799525506942,10345.9019607468,7.4820135036680755,1.0,1,0
69.46266591659969,1,1,1,1.6334796239971898,3,3.294038171703078,3.0791775938214876,18201.21652220028,7.053076185588268,1.0,1,0
63.14443832724819,2,1,1,4.838958480809005,5,1.5507627491542881,2.1885485123548425,27240.730492947227,7.433541311751063,1.0,1,0
128.09149680373883,1,1,1,4.26515759892287,1,1.0822710840763539,0.8033607906970611,2796.6264423611565,7.757938312511278,1.0,1,0
49.89515316448598,1,2,1,13.013499548136648,6,7.817902591637574,4.38099435889492,12839.941494223887,7.753192302706743,2.0,1,1
81.02348418378028,1,2,1,3.8606212528635924,1,1.907592296769323,2.4476498110610954,13718.440939616612,7.08757127833239,1.0,1,0
522.7453290595823,1,1,1,5.453379302472584,2,4.8408988410774905,4.443377604709139,18658.98511477877,7.184242332354807,1.0,1,0
1426.1878319614575,1,1,1,11.063146573304701,3,17.601272662344186,22.75974336985744,12098.663037285616,6.928283925845754,1.0,1,0
519.2973954543347,1,1,1,3.0982929024507566,2,5.016884317473307,6.397733018196859,12222.921983151733,7.78799511655785,1.0,1,0
118.13952310200537,1,1,1,3.803396599514378,1,0.7456607002191263,1.1023227050769722,20995.15628904342,7.770892247385656,1.0,1,0
1406.1819058565777,1,1,1,10.977537127797493,1,1.8339921259298793,2.3294351571719356,26889.26769186192,7.99,1.0,1,0
508.2865318069819,1,1,1,7.044468419342448,1,0.806353381920725,0.7239194861895446,9435.634572403445,7.586608625727663,1.0,2,0
509.1532301336084,1,1,1,1.8579185808955336,2,0.6619666861761291,0.6632415422694322,36296.145432134996,7.477785854631862,1.0,1,0
64.42370614901253,1,1,1,13.65227646332652,4,5.34497814582782,3.6409308284527677,13804.3917518059,7.110995690543605,2.0,1,1
127.29883561866936,1,1,1,11.92511279012183,3,2.732361434533061,1.7416263884362786,13832.33723656328,7.529215140577081,1.0,1,0
520.2168009316375,1,3,1,14.63488841867683,2,11.49295277335634,12.14140502036647,15992.70081054149,7.22884155602171,1.0,1,0
98.52643450151443,1,2,1,40.41730937977047,5,0.1984003381659698,0.08051031827502546,3448.853564844092,7.566368934498044,1.0,1,1
132.17396423036186,1,1,1,4.058895138811096,1,2.836991278823264,1.9246586561442227,24958.250220385,7.801759449609333,1.0,1,0
111.08900900073766,2,3,1,4.346959462531567,3,2.179858290080528,2.7327557262836066,7250.6309179280115,7.642595952880925,1.0,1,0
502.7664291226224,1,2,1,3.0786729456818085,2,3.4945527231095155,2.225674361473331,9543.411204691974,7.707459553942333,1.0,1,0
1431.5590894219538,1,1,1,3.484491479307782,3,6.162456042547561,8.381906728722264,21396.622762805,6.5,1.0,1,0
137.4881630021088,1,1,1,6.665618639480066,4,2.080467433986073,2.2880023567038354,9241.44400817245,6.998600808565663,1.0,1,0
73.6317805857176,1,1,1,42.78517176659486,7,1.2972694621710268,0.8638943832904307,7477.080307811046,7.594835907994237,1.0,1,1
511.6934684975918,1,2,1,2.107001107917366,1,16.682627999696177,10.720833152729982,15066.180237237282,7.159336262203149,1.0,1,0
67.9183867856377,1,1,1,3.31214935394188,2,3.0364174223653495,2.5780322507156788,3584.686079951784,7.02116579562288,1.0,1,0
137.98163494995717,1,1,1,2.1037331677288833,4,17.19326621981601,21.430573236042058,12375.411515924068,7.566877786351436,1.0,1,0
53.584005741633455,2,2,1,2.637183772141015,2,3.817534507317912,3.824413751253317,10859.970048598603,7.3897576779777365,1.0,1,0
1426.6828400275408,1,1,1,5.25893246621661,1,1.0782498529356,1.2173941270733544,27717.097203322875,6.5,1.0,1,0
1396.6259309057414,1,2,1,5.574549098517781,3,4.201516553955846,5.111271958091292,25711.630801596206,7.686632578595242,1.0,1,0
66.4589560987604,1,1,1,3.7962621799854745,1,4.269914627320077,3.233877922718111,4341.084539828167,6.76336042653557,1.0,1,0
65.61289606269129,1,1,1,7.856738213413823,3,5.923310034628802,6.216191391094683,37987.27182408534,7.18856007236936,1.0,1,0
518.2989727529985,1,2,1,8.227801933267253,2,2.0567093376954206,2.540077118182733,13889.015869752502,7.138844017609129,1.0,1,0
75.24412096324642,1,2,1,28.044832089741035,5,0.31478870153155447,0.1364555071920813,6691.1450615226095,7.4857944742753535,2.0,2,1
504.8485718230681,1,2,1,3.497858931017147,2,0.1713179693460251,0.11308493880114859,25933.62400382577,7.171634383313363,1.0,1,0
133.56584044077724,1,3,1,4.3010833840914895,3,1.6938083103179595,2.3196226744799207,16400.71942094555,7.326437398123967,1.0,1,0
506.9001927357095,1,2,1,5.787545368089389,1,8.727821427383486,11.187116601358769,17388.874648357923,7.2244187480344815,1.0,1,0
1418.3057921469026,1,3,1,7.247542914201604,2,4.220184738744592,3.953107249272887,12416.329171469812,7.678488353425974,1.0,1,0
128.67134785509606,1,1,1,12.720255042160355,1,8.226605921314988,7.144558242910756,10863.242622036269,7.317006633937926,1.0,1,0
64.68229902914395,1,3,1,14.515337651421166,3,15.260642435230094,20.396728413729445,14321.91895395994,7.636090697260477,1.0,1,0
1440.4385156512083,1,1,1,24.370804541639167,8,1.332501581395706,0.6297645032840954,8412.577157052052,7.036744146445142,1.0,2,1
67.89726437910069,2,2,1,5.321674177771433,3,2.9479549801473763,3.8332157484253484,11977.490635019658,7.751260912636296,1.0,1,0
42.657798472212036,2,1,1,3.4539669939545448,3,5.353252407468318,5.22221722076243,19717.200451056935,7.893800766374011,1.0,1,0
131.5489454638796,1,1,1,4.370279294068977,2,0.6791900777902402,0.5099083360214554,20704.76893670657,7.504796558631653,1.0,1,0
63.244043207814535,1,1,1,8.281057682103803,3,0.7374972672034815,0.655875926398873,6834.142859360631,6.785186833762091,1.0,1,0
533.3704373837463,1,2,1,6.820332818872361,1,19.523721665474174,29.134960015487973,20588.34504331633,7.355497063131328,1.0,1,0
55.34805538624401,1,2,1,17.512339132474906,7,0.6149291125633022,0.23509221180877288,4063.314950870117,7.2579676179816435,5.0,1,1
134.98491205070815,1,1,1,11.140494307375633,3,0.6844051264653602,0.8251126433803705,13997.556780726953,7.528448126621163,1.0,2,0
749.3611706558617,1,1,1,18.967568983421653,7,0.08079266602481759,0.05917572133519135,2826.2580573162995,6.954267463816027,1.0,2,1
501.7496726851379,1,1,1,5.060837036473174,1,4.095878009459219,3.3449942317485286,17769.260788884887,7.394257449441675,1.0,1,0
117.82524963342853,1,1,1,2.946729667172824,1,5.86572915510182,3.557911028218653,13111.779009673717,7.614481875264058,1.0,1,0
1432.419894258444,1,3,1,8.56639289373344,1,0.3005487364612133,0.18131564372110937,13125.733793573329,7.310750698111248,1.0,1,0
35.8262688619136,1,1,1,30.69300103526139,8,0.6057638433126062,0.2885068173845721,7239.230196264698,7.406586588662206,1.0,1,1
84.31556794484268,1,2,1,34.6068095768837,7,1.056054824308644,0.7707858267971581,20638.98488711555,7.4455180228365965,2.0,4,1
70.03953422560406,2,1,1,8.449447941136153,1,12.654326687224048,10.739545169306524,10706.89678275324,7.3853902474672655,1.0,1,0
1428.3890227734178,2,2,1,3.3548363919332473,2,0.3234901084996228,0.42793350003854536,28628.16373667088,6.855268366971367,1.0,1,0
84.583544259606,1,1,1,26.3336022139743,7,1.2794576193736336,0.37068719845008635,8889.51584912585,7.11597967201265,2.0,2,1
507.32171447520756,1,1,1,4.208577302512811,2,3.987752293535343,2.415515049752756,19980.18486727523,7.606559623591606,1.0,1,0
73.75498463046523,1,1,1,10.955709312175358,1,0.130085854679676,0.11267974617095357,22668.77955395208,7.51882938364061,1.0,1,0
515.7435127365371,1,3,1,4.9061135953616795,3,5.392251186201135,7.91309753918965,20911.900322364756,7.749045145398896,1.0,1,0
64.77030251987648,1,1,1,4.488593699420214,2,0.8544231162185684,0.7375534559101435,10738.497283237439,7.139451110265336,1.0,1,0
1446.6504283466904,1,3,0,27.218104215832955,4,0.28657187344373997,0.1137004696727894,8905.51991179408,7.484801487601917,1.0,1,1
1408.7254188521474,1,1,1,3.4573293780836365,2,1.3264480752281858,1.6474458406313497,17249.046109724033,7.143672048596877,1.0,1,0
85.32693355590092,1,3,1,35.036536616425224,6,0.3397434534493142,0.1322099724024516,25080.91370454455,7.317474264742358,2.0,4,1
148.0719668150023,1,1,1,11.886792580798575,5,3.6588752477340947,4.979316732674681,32172.561702809337,7.1531452439981775,1.0,1,0
750.2116119220951,1,1,1,25.972648403647497,9,0.43729381463615713,0.249514344791418,2792.18518454391,7.433343117129711,1.0,2,1
757.5150859721563,2,2,1,29.39897911797514,7,2.1422665476101947,1.3944638942543919,5444.244388334557,7.4383780166676114,5.0,4,1
46.90221387364251,1,1,1,4.268687286757018,4,1.4461998951018322,2.0695855799468723,16224.593998569975,7.128471123336283,1.0,1,0
1417.1159772181113,1,1,1,6.992872122846986,3,0.449864607443184,0.3536166086762258,26097.212367234715,7.2285246614274,1.0,1,0
142.33248660350887,1,1,1,3.290128130289687,3,0.44458206163473957,0.5650467741500019,15613.218193369525,7.386911467857225,1.0,1,0
751.0011628616902,1,2,1,29.108172769788645,5,0.45551059008143785,0.10744167879572832,2553.572614627108,7.661116606709951,1.0,1,1
56.268480884596975,1,2,1,3.921906596787163,1,0.8334737327321872,1.143501899176871,33184.1578592339,7.456460542979276,1.0,1,0
74.33674382538993,1,1,0,7.762874980837781,2,1.299332593417135,1.9450728948584788,18275.68009596613,7.615857942293632,1.0,1,0
60.05057387897343,1,1,1,4.509327980063306,2,1.5636446904280437,1.368597477949551,13845.601060910698,7.688383106826677,1.0,1,0
62.49588599774409,1,1,1,9.302620426860248,1,5.556656019221708,5.052387617318051,36672.52130386456,6.750240320302015,1.0,1,0
86.83423802813755,1,1,1,8.889997844586354,3,0.5484030314334183,0.6695675529869758,29207.231292213808,7.18344328757916,1.0,1,0
126.25364682778101,1,1,0,3.59732570695714,2,2.3288402973806095,2.717488223593109,14444.399797692327,7.537138335137955,1.0,1,0
130.4643575295568,1,1,1,4.2921362108591445,2,3.3667563240866136,4.199546556007921,19515.62614726347,6.886223418367201,1.0,1,0
1460.089711705653,1,2,1,17.69211929124217,9,0.4783686000569109,0.2834600177618889,5233.923630365588,7.214254160139619,1.0,1,1
522.498894805537,1,1,1,5.509235801071723,1,0.10091832740695036,0.11989363115563714,4875.617081774276,7.200587487818942,1.0,1,0
69.06263048959893,1,1,1,13.87005671864319,2,6.015234221147381,5.324335587441922,25284.099725953267,7.002151440684486,1.0,1,0
71.66154471300028,1,1,1,14.579852825690015,3,1.6740992925440816,0.8157669581226412,5087.748899722469,7.185164770588009,3.0,1,1
60.79416860110512,1,1,1,4.991797327030998,2,13.794180283868519,11.957707689423051,8275.030340575991,6.746789457363303,1.0,1,0
86.63179030168075,1,2,0,34.257356406654694,4,0.4770674793414733,0.24642412738894648,13394.470067692539,7.480571783438593,5.0,1,1
139.0369486492332,2,1,1,3.4642210607744306,1,0.6855360691225276,0.589431613685807,15641.461036832034,7.737082303615024,1.0,1,0
1437.8739119926825,1,1,1,4.09337353009405,1,17.68206955900495,26.187045824939737,22111.81858323395,7.784299066954891,1.0,1,0
1393.9410168201855,1,3,1,2.583672733550764,2,2.3400547938644842,2.956574680383549,14542.248675998013,7.488725851505646,1.0,1,0
45.16487957401331,1,1,1,3.6527268131174147,2,8.107483499632638,5.09306555340484,12261.27968820369,6.982911705596087,1.0,1,0
59.593710382776656,1,1,1,9.358913968343753,1,0.6143265045086911,0.8057294769408463,7877.506699187951,7.99,1.0,1,0
47.24419063719914,1,3,1,4.412679324457173,2,0.7992441243502351,0.5011293503849465,20041.560560691552,7.88669194526574,1.0,1,0
1397.5779018874052,1,1,1,15.779400244233592,1,1.2271177343202586,0.90244540539329,24624.476986793696,7.276964791751485,1.0,1,0
777.4366429860504,2,2,1,24.48363412151758,6,7.090290888054515,2.0594064253306694,3142.974724481156,7.298943432770603,3.0,1,1
77.49327631090695,3,2,1,22.40020591205592,4,4.372449513836383,1.8005070621656807,1382.9692669187764,7.99,5.0,1,1
779.5406883636018,1,1,1,22.541563519256734,7,1.6687431245237412,1.0791723473486083,13853.69221198808,7.314028545268308,1.0,4,1
59.183060731155926,1,1,1,1.75014256567377,1,3.0478611570692142,4.0283288594695685,34523.48234187965,7.99,1.0,1,0
52.299719665528784,1,2,1,31.884579177021337,3,1.480488918616637,0.7406583310917882,6023.186444868198,7.111488512033374,1.0,4,1
121.50326705967768,2,1,1,4.687911490724153,2,1.7794509699214156,2.222501609477491,14429.842674589963,7.80847883119435,1.0,1,0
66.97816915406194,1,1,1,4.795972470696967,1,1.3361498001077061,1.6083824198341738,8343.196826335165,7.689898457059025,1.0,1,0
64.12049138135568,2,1,1,2.429160888830987,2,10.621814528709342,7.812353398306837,11720.610497449436,7.219196466305638,1.0,1,0
506.4853279140513,1,1,1,3.632352866741873,1,5.7233948087371225,5.441184470086985,81152.45104019428,7.412176097858919,1.0,1,0
137.76656782905624,1,1,1,8.892577052448608,2,0.12249674740868671,0.10379134881236787,16141.940876313625,7.654857639382348,1.0,1,0
50.431820773078,2,1,1,19.299682334693014,2,1.3313080739655552,1.2028191702305973,15727.310380419663,6.978867736137323,1.0,1,0
77.99495631033182,1,2,1,39.649003223634416,4,0.2626218666498807,0.19627279697415984,13626.878077408306,7.99,1.0,1,1
65.95135986019541,1,1,1,2.3993935502502612,3,2.823594632662543,4.006641559392818,53237.850376251234,7.623388805389093,1.0,1,0
78.13393263745644,1,1,1,27.76469984472538,7,0.10009682235205043,0.03497318692819932,1379.7761821599877,7.418999644568212,1.0,8,1
77.3377502834813,1,1,1,7.007104568783454,1,22.423133250164632,22.147859524028892,20218.633481904642,7.601223065581374,1.0,1,0
519.027462954465,2,1,1,6.0111828198338255,2,6.494397193100911,7.4275784264525475,27555.850686667887,7.451269156375121,1.0,1,0
129.3889956394764,1,1,1,3.5883688594998477,7,3.1080870468085653,2.229440425129533,16368.944784189925,7.415133905980885,1.0,1,0
1413.6576290675653,1,1,1,3.672748324475817,3,28.874991298549862,24.562375431903853,3761.469803455146,7.235399338794383,1.0,1,0
1472.810317477461,1,1,1,20.338294248180368,5,0.13964407460427802,0.05277716636350169,4454.003663841371,7.2439568348916685,2.0,2,1
69.05995936651584,1,1,1,31.503789965371563,4,1.2753458507717643,0.30919124452336405,161.08489211249523,7.11298484673598,2.0,8,1
64.84553156327773,1,1,1,11.353346567488648,1,1.8429341833743351,2.4675578689226167,55176.64887664868,7.7635330938316685,1.0,2,0
142.75444690644173,1,2,1,5.284035353417829,3,4.193065974251405,4.319310845912003,15887.62386700496,7.421547787741385,1.0,1,0
1447.110742727196,2,2,1,22.290491827381835,2,3.911593050920165,0.9695523954211965,14434.859711751225,7.161720785720321,1.0,4,1
1415.8020370250774,1,1,1,8.79509140611654,1,1.772461623558206,1.852890907551178,18892.08862752221,7.021641601461035,1.0,1,0
57.1353655418545,1,3,1,7.2974629942518385,2,5.204017273943691,7.115949776119247,11124.59912284748,7.083409852983406,1.0,2,0
1431.1418595543814,1,1,1,4.459536835981185,1,3.001552323437007,1.8646904198261338,26652.68890867063,7.008505918395753,1.0,1,0
128.17793719189646,1,3,1,4.402715106686207,4,12.405903819407166,13.288225063272101,10116.94113827187,7.99,1.0,1,0
1415.9026010071511,1,1,1,5.179354272673947,1,6.313297536677303,7.417567122901178,10466.397304267126,7.082398504418091,1.0,1,0
56.87916332890627,2,2,1,25.748149038770915,7,6.1887180355859925,4.118869789107643,7207.360320808375,7.909994782872971,1.0,4,1
94.8033565936845,1,2,1,18.828744195061113,4,1.7558523763764722,1.3950895409998132,14739.90089858891,7.549724999313677,1.0,1,1
1488.9000534520585,1,2,1,15.2192432668544,1,4.26433905098011,2.8667536805134075,6634.211138008021,6.7845552029885425,3.0,4,1
525.0282333586438,1,1,1,4.680174778171526,4,16.33587502513503,17.733150451765276,32666.496661151137,7.576454299863329,1.0,1,0
66.80186760592197,1,3,1,6.787498302882539,2,1.4602307279297708,1.1888640220159845,11110.226448403177,7.281369569471616,1.0,1,0
805.1938314715259,1,2,1,17.260816652650238,5,5.785805557248769,3.0049540442549314,4345.946418700027,7.005597165685833,3.0,8,1
75.89179084625805,1,3,1,3.285184666616189,5,16.257718563397763,10.257938983232139,11123.360598290561,6.5,1.0,1,0
75.78020349638223,1,1,1,11.552176080386571,3,2.336776331943279,2.6865851380831107,16855.8314168521,7.199152513918529,1.0,1,0
1411.551668019435,1,1,1,4.456130084936728,1,3.990945527870438,2.6362111113641924,5899.686361715431,7.616565777273511,1.0,1,0
143.010091119496,1,3,1,4.149227486712997,1,22.87491665259477,33.54259865673997,10107.157467366618,7.99,1.0,1,0
74.2561635707755,1,2,1,24.823546874530948,5,0.029651757605476517,0.005834267752601202,15759.808688802303,6.953168768788383,1.0,1,1
66.5639767173749,1,1,1,8.951411230449967,2,3.302166419178223,2.7096593231198285,18196.266997880608,7.3137308850758185,1.0,1,0
67.48947797205223,1,2,1,4.510652678871095,2,8.020816185591569,7.1640648407583924,18504.929318349612,7.245020095491014,1.0,2,0
80.23730140659205,1,1,1,19.223999190017757,3,2.110466486849966,0.7727191698412986,8599.53632964843,7.320385660817605,2.0,8,1
76.19457401642433,1,1,1,1.9142183300653248,3,1.8137337841440164,1.8623500856948776,33566.783583847035,7.379867769092642,1.0,2,0
93.98843975330992,2,1,1,25.9727869421724,7,0.14810950016570257,0.06781632190607755,5790.7114402947045,7.453440045302078,5.0,1,1
53.837980686205476,3,2,1,31.34589588480641,5,1.0629579464568306,0.27938721966859165,10447.4203108216,7.139586738455295,1.0,2,1
525.4519111368928,1,1,1,8.189340817434402,2,7.770775191860114,10.252313776643094,24070.844503551165,7.184049067253036,1.0,1,0
769.9809162172918,1,2,1,23.152704018149915,3,0.43544764254666507,0.15711948547699364,2372.812082381842,7.236053935686838,1.0,8,1
137.77298761757572,1,2,1,8.79907029498229,2,8.121808661680188,7.3544700779585055,28833.301182536652,7.666707731673195,1.0,2,0
514.1987770880611,1,2,1,8.765992504925059,1,21.993794128000932,24.255621159177924,20457.213006515987,7.59241081914926,1.0,2,0
69.29412641328312,1,2,1,5.468450818207654,5,4.220089600321884,5.201129891714195,35590.130792882504,7.4277236381686365,1.0,1,0
111.18851995974086,1,1,1,2.216489494299754,1,5.448546054350103,7.751851934127627,19265.398633794277,7.032000568089812,1.0,1,0
43.17492581250899,1,2,1,24.93682204809821,7,1.69185103098598,1.3227362573776644,5466.813935291567,7.2090867931081135,1.0,1,1
62.42940169473281,1,1,1,9.29296008077644,1,2.4095912981572707,3.033124829640337,29025.22152610817,7.3906555305839,1.0,1,0
502.8955874226449,2,1,1,5.82414193276722,1,3.268933483923526,2.379064718874095,19096.35764127963,7.412097177303562,1.0,1,0
509.96591453708294,1,2,1,4.37520219013552,1,1.762427221442842,1.3232118664105623,21994.17735567546,7.875991146179896,1.0,1,0
46.79960294087655,2,1,1,18.792584508035247,8,2.6733739160109744,0.5953958374189993,2365.644043415906,7.278944581181288,2.0,1,1
759.9666576167323,2,3,1,31.502909714791127,5,0.7177343380825909,0.4273614567672281,5139.577772717869,7.680852871359445,2.0,2,1
1473.9445088719701,1,2,1,23.58732330934614,6,1.2235445140083738,0.44634264165470044,4887.87514377583,7.394617184354934,2.0,1,1
101.53630099678465,1,2,1,16.052724178252557,5,1.7510715299917785,0.9811054808167348,3994.62958982216,7.99,1.0,4,1
89.47480246836005,1,1,1,34.830590186644855,10,0.27274601502836093,0.03965259289263441,8518.739890419001,7.043863409229323,1.0,8,1
69.1642754611565,1,2,1,4.594305203899465,4,4.129156564586345,4.682054617915714,15450.961964025388,7.8891094820350744,1.0,1,0
119.66448705490367,1,1,1,4.1483915437641175,1,1.1724015065699671,1.0696874853887635,12459.933873387727,7.246137188714533,1.0,1,0
1484.446677213766,1,2,0,27.514259938882812,5,1.094552605872365,0.3246696831125874,15038.953163926262,7.574873904920897,1.0,1,1
521.4018608251878,1,2,1,2.737627061127372,1,3.830042718294432,3.871042036120144,21089.01273861244,7.284670697728956,1.0,1,0
507.5035774390943,1,1,1,6.029917130957411,2,2.4652384882815945,1.4996795028647822,13367.237657540107,7.424631714350127,1.0,1,0
73.02111203805906,1,3,1,9.419110986591292,1,2.821917884131821,2.3182342856417835,26136.789017013496,7.0272118670054615,1.0,1,0
498.78677855704876,1,1,1,8.031725617700634,1,2.861189610633526,2.2500486276108895,5480.393300692189,7.426866156290853,1.0,1,0
69.97008816998034,1,1,0,7.768062725175253,1,8.239076327521309,6.0217562111357426,24360.45025045159,6.918584308059795,1.0,1,0
47.895868472654584,1,2,1,14.809512713954076,6,6.947243626356181,4.992693604321214,19770.900356100716,7.09985118735974,5.0,1,1
54.72371171486577,1,1,1,41.36585925495501,7,0.5534839855112146,0.3614368439864377,4196.365613580286,7.053758682671771,1.0,1,1
1423.1928465622595,1,1,1,11.237052135621918,1,19.12385269601339,15.890438282938344,8155.9281473441415,7.709624702993791,1.0,1,0
1413.1344347885554,1,1,1,2.567586303540783,2,6.594158949122582,6.118626479951561,7712.696441220354,7.392529440500465,1.0,1,0
110.59407357535994,1,2,1,5.346711491942334,3,2.2913244234176755,1.9182013079591225,15088.163327158867,6.753072557171861,1.0,1,0
149.66154114053344,1,1,1,4.729304072834731,1,2.410634988093316,1.6943207178460717,40588.67508771396,7.1213954943068,1.0,1,0
1426.8662260556312,1,3,1,3.5161610175730496,1,2.2278073791433504,3.221736498861707,15723.957129469498,7.665139163366394,1.0,1,0
44.01716260360991,1,1,1,20.64116388027712,5,0.9380216248621305,0.32459739792479286,9396.419141739434,7.694898329246854,1.0,2,1
64.92701797875425,1,1,1,4.891404977761619,1,0.10215406156517219,0.0656368577040188,23737.817343352424,7.100761412588573,1.0,1,0
110.0606665189943,1,1,1,4.845661355015706,2,1.8771047347456038,2.757436686413784,17797.571434479192,7.99,1.0,1,0
60.738417176906154,1,1,1,1.5370270649522908,1,1.8898163297205612,2.7022330927053364,11469.62263059623,7.400415560059896,1.0,1,0
67.07680498278462,1,1,1,9.227546272616225,2,0.6385875591897576,0.6579424868945691,16948.824787343987,7.3584538885956325,1.0,1,0
136.6261973537844,2,1,1,4.089584632590874,1,16.98221159269214,14.207059971644549,16524.126033407614,7.543234412349548,1.0,2,0
54.654227818975315,1,1,1,4.924818697713354,1,7.651872788265479,8.99785387268701,42275.75435013087,7.734157842802534,1.0,1,0
61.01756543610539,1,1,1,3.2324357829099597,2,5.781145929834165,5.547954452464382,9086.852713402868,7.908874187702249,1.0,2,0
57.17250830359168,1,1,1,6.307175219660418,1,3.9368966693330534,4.9479848364555785,16546.482638686706,7.7963051775071515,1.0,1,0
1422.5649284657793,1,1,1,1.877515225814948,1,0.7081434609168317,0.8803818309214548,26809.033832456495,7.4654164197651784,1.0,1,0
1421.415158736272,2,2,1,3.7376863938350215,3,0.2750887735537116,0.28266172473536283,14989.906141993448,7.2281480977988375,1.0,1,0
137.30020991154728,1,1,1,3.372065115769863,1,2.1616187306226817,2.383247608748549,18222.84604758306,7.683020096449211,1.0,2,0
54.48684315019986,1,1,1,8.811819130819517,3,5.34048203049702,7.234016909546084,13574.408761001516,7.691563668345776,1.0,1,0
130.54211909678406,1,1,1,5.19986022475363,1,2.3017727833967587,2.8816829871371286,6634.134115489903,6.909001644052143,1.0,1,0
533.4157691049228,1,1,1,3.0090943645356476,3,9.320084576648037,12.708980353627231,17753.837424557634,7.362872552729183,1.0,1,0
123.25629215297457,2,1,1,3.4163890375289676,2,0.22883693594309606,0.3324667345696003,12010.777241623,7.810378393237183,1.0,1,0
49.669660773967074,1,1,1,23.50517049692009,4,0.2411117490333302,0.1665214081395362,10629.418076628914,7.318797238524453,1.0,2,1
1427.1050398462307,1,1,1,3.2179297255612793,2,0.25051365672434744,0.25132298403217146,9448.381933997704,7.20357801082163,1.0,1,0
37.54887914622431,1,1,1,21.446435410022783,9,5.07342570153763,3.5201001865359114,1051.7673361638788,7.400469995743981,1.0,2,1
502.6278832510724,1,3,1,5.456021630467368,3,4.25448517216575,4.882537590212752,11973.666073322796,7.4463696568037845,1.0,1,0
1463.0278860455426,3,1,1,27.25630702182894,4,0.10005098576958472,0.013568671750452052,11351.206571591196,7.066995363099201,3.0,1,1
136.04037063147842,1,1,1,2.171636425422905,3,0.6294137921856803,0.6859677116445481,51437.12110137812,6.953293053417111,1.0,1,0
54.43035680535807,1,1,1,3.372755953005857,3,1.7261419444818737,1.9418791231941555,22985.144797369823,7.619787749761055,1.0,2,0
745.167858192084,1,2,1,20.346405393687768,2,0.10224280345313777,0.02735837955014772,3394.1615409831647,7.790319997696279,3.0,1,1
732.9914854322062,1,2,1,32.13654144665851,4,0.16495115949542305,0.06388977583794636,9028.94209017158,6.573610350884882,2.0,1,1
1405.6485381354414,1,1,1,3.6760136958942677,1,8.981654624360065,6.158437757628942,39381.4904943158,7.249521525197436,1.0,1,0
752.2531871193546,1,3,1,23.522888783359658,9,2.040540181659257,1.409792786367156,15335.161222519171,7.223767350715471,2.0,8,1
120.97125852495137,1,1,1,8.691135864244522,1,4.264589438642974,3.5565618774719976,18321.22283636589,7.772243515381259,1.0,1,0
1413.3907647177161,1,2,0,9.75834390817689,1,2.2821584681444067,2.549163789563824,11410.052896328325,7.41636422204936,1.0,1,0
23.617734948238724,2,3,1,25.881743730965137,3,0.7364313831843982,0.19426593909838707,1784.314285795292,7.216027059234192,1.0,1,1
1427.8288889269795,1,2,1,8.88676030247945,3,0.42728061486108027,0.6147669939657582,14667.223564186996,7.575096287506754,1.0,1,0
49.11968056996642,1,2,1,23.8930585996407,6,1.475495782620053,1.0341551023711002,14915.588761719446,7.514077894779261,1.0,4,1
510.6332852195291,1,3,1,6.071389368695457,1,4.00211849773788,4.354422030019422,23208.543063691,7.8070821102977925,1.0,1,0
46.14505354868152,1,1,1,7.303808867947171,3,9.424961031270911,7.051426191252728,21784.348633101912,7.0335510245266075,1.0,1,0
74.37129826016654,1,3,1,22.031159483495006,8,0.8827039429025809,0.6221506054015189,3994.6876140591967,7.405575968950464,1.0,1,1
1405.7577239319214,1,1,1,1.4537512978353377,1,4.62499277753743,4.059631763710585,6287.065155528221,7.201108484880993,1.0,1,0
77.38420533467229,1,3,1,38.581039502602586,5,1.8043580063632523,0.8234038991160301,3032.007114044776,7.888861032103444,2.0,1,1
68.42069775530875,1,1,1,5.356435236700901,4,2.8162705276543405,2.2414025314822834,6362.773193617841,7.818133815098471,1.0,1,0
1460.638314793738,2,3,1,18.918419774456318,7,0.870715693569484,0.41303017040478907,16618.269912606807,6.9978226109266215,3.0,2,1
102.02990343109533,2,2,1,23.986742471740087,6,1.9206052644207905,1.428808141570214,2022.9476016818105,7.100064367212619,2.0,2,1
76.28316760079447,1,2,1,14.259576733286789,6,0.12516903869874488,0.027959439949471785,6212.909594466724,6.76189207560189,1.0,2,1
96.50131483362259,1,3,1,3.048103218591868,1,1.3742083557764615,0.9648413547000967,25816.448552326827,7.416828423498465,1.0,1,0
124.9130401236905,1,1,1,4.0506192321835055,5,7.7340201190179565,8.228765930370892,17559.960079525103,7.99,1.0,1,0
126.66140393637465,2,2,1,3.970237447875784,1,1.894255771228398,2.3163822831034606,22384.736236292705,7.3869957120409335,1.0,1,0
742.3549963780997,1,2,1,18.246725666679538,9,1.0462467138614866,0.5226716696017294,2606.2217915847514,7.99,1.0,2,1
56.89991086336542,1,1,1,24.10069371899534,8,3.500605374446596,1.5034805562153877,13804.59888115694,7.99,2.0,4,1
115.30859623723741,1,2,0,6.7906108903662314,4,15.205304174414227,22.405382544077916,16669.500452397493,7.169805165118591,1.0,1,0
48.151505709199114,2,1,1,3.043589850462432,1,1.297213619534164,0.8365891890181741,17197.234206673365,7.1738476057014,1.0,1,0
66.41500963424961,2,1,1,5.8799842570336756,1,4.435454595603193,2.783844663973286,22266.838549634682,7.824268231740746,1.0,1,0
36.257734663877784,1,2,1,25.80197079700283,5,0.3847038996336496,0.271221684419329,11112.164329203462,7.548842269073028,3.0,2,1
1433.8784784643458,1,1,1,7.04788211184213,2,3.5498805428952314,2.28411566889639,16573.348233384153,7.317210656290709,1.0,1,0
125.61077533636039,1,3,1,7.564621624244521,1,0.2541071154705158,0.2535861154798323,11963.61848346184,6.997626716777278,1.0,1,0
1425.010949014074,1,1,1,4.044998561555133,1,1.9721458477968583,2.5574833213643964,11010.288183858604,7.34296757169955,1.0,1,0
747.5845150979859,1,2,1,20.155320536525522,2,2.6929511576904117,0.2950051367961597,5674.174211090907,7.528460277067374,1.0,2,1
45.91750587176858,1,2,1,12.669277188793965,1,2.2253812044507355,1.6242456376901588,17282.620513525882,7.7896402360226045,1.0,1,0
80.184986381326,2,1,1,20.62507428289045,3,0.4110761412053052,0.2574937453060526,10841.114697347171,7.53378026816834,1.0,2,1
59.038217634391806,1,1,1,3.9251826522407547,1,7.967377897179671,6.845201765495773,15424.373855680531,7.499529103310452,1.0,1,0
66.78233297014384,1,1,0,1.6630118973760772,3,2.7294328208607266,2.34598223105244,18965.553635127213,7.784367757383617,1.0,1,0
66.861149872579,1,2,0,20.827883538053797,2,0.21125687093901452,0.14355790635291518,7778.36434124099,7.1812590480690135,5.0,2,1
116.61163221635383,1,1,0,2.202208987523946,1,1.758688557475102,1.532791387797486,20417.20090751509,7.67029114616081,1.0,1,0
61.33658423156045,1,1,1,2.747614704260129,3,0.48879685867240663,0.688870129512252,29134.648347728275,7.182871915496824,1.0,1,0
527.0882203761347,1,1,1,9.461485582348939,1,1.689604369678066,1.5130730487107664,25567.428019750685,6.810494894343448,1.0,1,0
61.12723995738876,1,2,1,22.09347075493147,5,1.2550599191435459,0.3102716763076776,4309.565394808731,7.328115804677607,5.0,1,1
36.79045046484047,1,2,1,14.450339048104665,6,0.46658226572876327,0.09044210250490027,3229.5607978875223,7.656307914043277,5.0,1,1
137.18294339091983,1,3,1,3.063669653140767,1,2.353783286255859,3.1305425818731143,5553.892086648046,6.579937263592621,1.0,1,0
514.7427170593708,1,1,1,3.166666000501821,3,1.2749557920214145,1.125449140719111,10455.312166461987,7.99,1.0,1,0
124.86031065175557,1,1,1,5.292637121182004,4,1.029730127446547,1.1448088857733911,8866.637498307564,7.04967519120124,1.0,1,0
94.44921945654144,2,2,0,25.44124877888982,8,0.38178651900410393,0.043292086921466216,2900.5487516252615,7.715649834162978,1.0,2,1
133.73690598644032,1,3,1,6.551644096677194,1,1.9945099068221954,2.6649788764785236,15532.6366623184,7.773966473213009,1.0,1,0
1426.0357516936485,1,2,1,1.3952508126911431,5,6.991231368640802,9.315884649320463,26875.83186006235,7.493344517793531,1.0,1,0
62.12749623890376,1,3,1,13.97034839152477,1,10.859114320597081,8.830219845462642,27237.59822502473,7.855351183818113,1.0,1,0
1423.9704029538618,1,1,1,8.083720646260122,2,4.847314748907252,5.004898372953197,27058.196649826255,7.486077853835205,1.0,1,0
47.46481409332106,2,1,1,44.70328838491621,5,0.05388695754465361,0.016638456382690126,11120.824585988346,7.985422932218191,3.0,2,1
135.9053087869194,1,1,0,9.267284726858076,3,7.678395010133089,5.314504905268178,10754.701514012611,7.08395107505872,1.0,1,0
116.37803395681229,1,1,1,4.90369212430718,4,2.174991323144096,1.8493052574417617,23025.112337849994,7.178398830807575,1.0,1,0
73.99871328866084,1,3,1,40.2813430608976,4,1.818755118032993,0.6775775271539608,1988.8290078199466,7.583017151865951,2.0,2,1
727.10551549449,1,1,1,13.025683918226164,1,1.4324707455300367,0.49403603056977685,8276.231789699174,7.507370361628928,1.0,2,1
124.91203265683735,1,1,1,5.490232978339785,3,4.062198520551261,2.8132886504913097,9997.662346792074,7.319072420170993,1.0,1,0
61.936283162867646,1,1,1,21.99177781321548,4,0.9771518085206661,0.26007880071320866,17890.980636197874,7.549846229485815,1.0,1,1
137.05530926106468,1,1,1,3.289029413923937,2,6.717189052802546,8.082492836281599,5592.357135698618,7.335027674853881,1.0,1,0
1426.4620964646942,1,1,1,7.7979305571819095,1,1.7275489682803655,1.67635644834778,31894.875333937416,6.9711091651308195,1.0,1,0
72.8149793543232,1,1,1,4.122205555294508,2,0.1505582337007218,0.2188993221336689,11370.319587301341,6.67691755461862,1.0,1,0
122.16311222955908,1,1,1,5.68633185988875,1,1.431188855913663,1.5369795148884566,49175.1249875741,7.48727164287264,1.0,1,0
748.3343061016824,1,1,1,37.6100979581784,4,1.4880485764646694,1.1595279018765252,743.1964175941916,6.6341665982873455,1.0,4,1
516.3436296739753,1,1,0,9.888600445190795,2,4.784015365465685,5.836280637359975,12646.598252678155,7.2735534546325935,1.0,1,0
51.09231507665747,1,2,1,12.714257401073,8,0.8311671187052554,0.17107776448799875,8579.13702668624,7.825532866401551,1.0,1,1
1418.279955544735,1,1,1,2.710068673778699,1,2.723880044826885,3.629878275042603,9774.026090201372,7.559148599246146,1.0,1,0
757.8204255843528,1,2,1,20.304043804780704,1,0.05211539774379808,0.027081286494579183,4227.835574723893,7.99,1.0,1,1
125.05087644897311,1,1,1,7.115930874217896,3,5.401997711602859,7.219173479719347,11338.807999337441,7.378881120524898,1.0,1,0
133.502423753881,1,1,1,7.429272173356166,2,3.488379738837648,3.8146228450427015,5228.161678357784,7.0474150533739826,1.0,1,0
70.83657589069065,1,1,1,2.741222022725765,2,0.9746278936747215,0.8925598792752047,9726.637759848838,7.679730095682549,1.0,1,0
67.30781815997351,2,3,1,11.357765562704317,1,4.277281547748927,2.706466906479456,6313.235480802033,7.153695533484549,1.0,1,0
55.48240412054033,2,2,1,21.0084052360706,8,0.24065090154858346,0.08807351898695429,18291.740420441485,7.489772142348192,5.0,2,1
42.026334079740366,1,3,1,20.184951103015763,5,0.6805585468925263,0.5000932543633642,17985.769592216693,6.709485501762181,1.0,1,1
501.7358667881772,1,3,1,2.6157063388543764,1,10.915678748595187,15.958717450543544,26899.65371047049,7.164550208450998,1.0,1,0
55.15516781579136,1,1,1,27.341707842010575,7,0.013118865495808376,0.004112610819153392,1761.3953812787272,7.592900790373171,3.0,2,1
525.0292804192461,1,1,1,3.619091428675826,2,0.17390116517063892,0.20015145382981392,10709.432736536057,7.259037000605905,1.0,2,0
505.86945178507415,1,1,1,3.0137365796098856,1,1.4080854118415362,1.2626224583012122,11947.711748493179,6.840278732806311,1.0,1,0
132.5174195023943,1,2,0,6.913571927588711,2,0.14942070497841242,0.2204259924600308,23432.12373374531,7.574776017753228,1.0,1,0
111.48944673892606,1,1,1,8.823690055625548,6,1.3896915441238915,0.7547883897846361,5164.5469007483625,7.21819650294723,1.0,8,1
133.22240201661228,2,1,1,3.1821940087968783,1,0.11381884452629562,0.11161717846530969,10027.287531700405,7.709543014114114,1.0,1,0
729.1041992265058,3,1,1,26.670318862307496,6,2.3050992089690685,1.2633694640394275,7551.634155274569,7.584609003565559,1.0,2,1
527.3609795270579,2,1,1,2.77035029794925,2,6.333308689390854,7.1744294802189765,17609.689703504082,7.323717241527122,1.0,1,0
127.3486561795215,1,1,1,6.146939657265794,3,3.6632795255845036,3.109733524832127,16775.121203225404,7.31839707848205,1.0,2,0
80.45961449738647,1,1,1,27.76160166023384,6,0.20843177996132678,0.03206900436751225,27112.202538376896,7.273300980175432,3.0,4,1
86.07668394480825,2,1,1,20.659444128432042,1,0.9660801052807089,0.3632567969745368,2426.4542263192834,7.212863089198499,2.0,2,1
511.2441639236539,2,1,1,10.178547970961889,2,0.6105773181631214,0.7639938456399749,29884.65744097352,7.546448927392914,1.0,1,0
94.03453909598267,1,1,1,32.5310740661323,4,0.5981144056079954,0.1347647606253395,6206.725712630797,6.7127626122561646,2.0,1,1
1424.2441819012802,1,1,1,4.912697151700131,3,3.391267607185705,2.3035432415245167,28470.81602573856,7.512422028273625,1.0,1,0
517.9052967787594,2,1,1,1.3997871763068224,1,4.084276298942813,5.803932782617616,2971.7741752391694,7.3286240442673005,1.0,1,0
1434.4064439542078,1,2,1,31.584337677626444,2,1.739610498365365,0.1743142994350176,10991.14502170339,7.771309225812073,1.0,2,1
515.5892483799583,1,1,1,6.17536980907103,3,1.604556742564927,1.712776467359111,6233.873293824657,7.265925971762157,1.0,1,0
17.722881484750815,2,2,1,32.73119287215903,4,0.6656075708379968,0.4036522969953771,5084.57005679634,7.6505341749104945,3.0,1,1
514.8859679412584,1,2,1,8.460451087838326,2,37.91620997321809,53.642863796830795,29812.516819917437,7.7520086207794385,1.0,2,0
36.18585963429442,2,2,1,11.824145816776067,5,0.9851243954280997,0.39598407589866375,14786.86162679406,6.994766066127268,1.0,2,1
1404.6955859395744,1,1,1,7.730198257942208,1,9.838680901365473,12.213048564682303,25535.077688582576,7.3617899481620785,1.0,1,0
145.95756328406978,1,1,1,6.638811772134241,3,2.3947679232759715,3.191402411712379,9520.53113177886,7.528861603677186,1.0,2,0
131.53146198628593,1,1,1,6.469180690526893,1,2.6162796167425872,1.584947897004623,9714.741978353617,7.211120007257368,1.0,1,0
517.5435889129802,1,1,1,4.696036466229982,2,0.1644996329444671,0.1629043329472019,12365.55671919118,7.892483638829862,1.0,1,0
49.85889816154638,1,1,0,31.818270359246718,4,4.595721364539333,3.043595231467446,5811.754005223526,7.202366748653279,1.0,1,1
55.01397052143623,2,2,1,25.162199617582242,1,0.04708080224981344,0.020118422158343342,7638.268402936133,7.372241605671873,3.0,4,1
73.03380219109971,1,2,1,17.090142712662754,2,0.30738872790846283,0.04573563021154898,3749.101908534826,7.99,2.0,1,1
1411.5990082612896,1,2,1,4.481898460362368,3,4.867882775472632,3.7570467553831293,37257.490740501176,7.49362739560143,1.0,2,0
140.90709859601827,2,1,1,3.6120785267414584,1,4.899339484881341,3.081880746661432,5777.084337721479,7.794862680670437,1.0,1,0
38.78679965585272,2,1,1,12.910650921867385,6,1.7460037839275004,0.6749163600304106,98.14496483757141,7.048336829153036,2.0,4,1
62.35362313339721,2,1,1,15.094998604429783,6,5.8111527968814904,2.532661205390648,4270.002983171723,7.61365006645414,1.0,1,1
1413.2556445538937,1,1,0,9.920647839755576,1,0.1625443853036377,0.20337070109632366,15351.165822192694,7.779045265640507,1.0,2,0
113.27355846511452,2,1,1,13.168184871082973,1,3.496853861590618,4.889373676156618,26913.418808030863,7.464232996445905,1.0,1,0
123.84002711439652,2,3,1,7.047498901930581,1,7.632609461720292,5.754046983913728,22050.158108876785,6.726148750136051,1.0,1,0
51.881911266044064,2,1,1,14.3972301148585,4,0.896441009660268,0.44798377010274876,3064.754800296984,6.938092785216311,3.0,2,1
45.00702270257702,1,3,1,8.096713028180897,1,0.40344782713367,0.28475428217943966,15075.33103822765,7.71834701417141,1.0,1,0
1473.872534010875,1,2,1,18.305640438042737,7,1.6256365748199204,0.593226530757646,7262.812298841266,7.37995174449204,5.0,8,1
1416.8841977615257,1,1,1,2.3110639640439903,3,8.205689922938467,5.76545659731515,20912.141677723506,7.464426748979427,1.0,1,0
111.23073004741087,2,1,1,3.6572339003596,3,4.939258217833339,4.6788250586415225,23772.196132916888,7.99,1.0,2,0
58.10772324107432,1,2,1,16.445026756930112,5,1.1841059659949964,0.40703747967385573,5368.798328982494,6.650197887833886,2.0,2,1
39.845617457776065,1,2,1,26.047873217338978,7,4.28393641970889,1.965546874637287,2284.9873713737793,7.883574674287308,3.0,1,1
1432.7254113075892,1,1,1,2.2474415925031623,1,0.46412943244488203,0.4517994794180962,5028.447679595159,7.671084664979614,1.0,1,0
64.20106095678682,1,1,1,10.311815242992738,5,3.9308983135980817,0.4084517426816081,2872.1123396569137,7.26679676863753,1.0,4,1
53.68840817181653,1,2,1,2.3947562300700196,1,7.757143904986069,6.669455970789296,23615.177641590217,7.47849033983285,1.0,1,0
118.60093046671214,1,3,1,4.547725291182491,1,13.903523785105774,18.493201134013983,7038.701648822979,7.607532187204125,1.0,1,0
519.0944823716701,1,1,1,6.953412611129666,1,0.3983059051343879,0.4424587473748213,3936.9301468718754,7.014722863756931,1.0,1,0
75.99267113448214,1,2,1,22.01162680723067,5,0.09612597318367759,0.07626209297317202,2076.011110462485,7.112751084672384,3.0,2,1
66.44384259309794,2,1,1,6.273724356825607,1,4.582407984506104,3.067206231753808,17372.681008765052,7.508580340201956,1.0,1,0
58.535968594440945,1,2,1,9.341572280650743,1,2.5784646661274317,2.1149663681827042,8388.50500364837,7.341767104235979,1.0,1,0
68.97267838392632,2,2,1,7.696974948034193,1,1.178698865202121,1.5172382501068733,17502.09838690532,7.1915949464067745,1.0,1,0
71.9140067023709,1,1,1,1.4916636968831831,1,6.6513968781270725,6.934210109545627,2755.5123075909555,7.447753243886084,1.0,1,0
70.01813527960155,1,2,1,20.135856311102074,4,0.2051276819578431,0.15191959783244496,10790.018237761857,7.0561342921957015,1.0,1,1
131.4228123389411,2,1,1,4.289521769107862,1,2.3757605784960516,3.454617822656547,36744.6825625582,6.753802500267999,1.0,1,0
110.82666610824943,1,2,1,5.885580326804247,1,19.20813248530102,15.295967813315116,24659.440528366016,7.730602934883003,1.0,1,0
57.39196212015742,2,3,1,22.299588288597768,9,0.6288764900406493,0.32447894981229736,5161.331675603061,7.3436012637372245,1.0,2,1
1403.6506333619197,1,2,1,3.5341066161700905,2,0.2698878116561164,0.19657035944472728,10187.782217235579,7.546823777059896,1.0,1,0
515.1851173305892,2,1,1,3.579744475883903,2,0.20902476665615943,0.3041289673250752,12901.639837736338,7.433159209058822,1.0,1,0
515.9218542467019,1,1,1,5.41137884947988,7,5.568704523762535,5.930007788676723,7265.249254830026,7.42623081419521,1.0,1,0
1425.4933631149586,1,1,1,33.459372052088824,11,0.08971039833004656,0.017498402157529288,4798.2394630448425,7.694742789283777,1.0,4,1
53.36756062192476,1,2,1,4.998024516651993,2,7.6459337691153415,6.135094448097153,6582.039105561818,7.586059903664021,1.0,1,0
1424.4651391867212,1,2,1,5.4236705895295545,2,3.921286165701075,4.370832089878163,6716.17122572885,7.103215577941928,1.0,1,0
60.43882655938856,1,3,1,3.8375151528978226,1,11.158916448311627,14.149292101210976,18350.482494581807,6.754976267325404,1.0,1,0
78.3638563857286,2,2,1,12.284151954157124,1,0.4649770967452293,0.2514770152563818,6731.114393527306,7.538777146900473,1.0,4,1
750.3106180121167,1,3,1,19.537661108174056,5,0.4135501536581539,0.1361914654058394,8116.077465350758,7.134406048594865,3.0,4,1
131.1668266196475,1,3,1,6.943187985119802,6,17.404093041811947,20.664929100439753,31353.550995546917,7.237393059114988,1.0,1,0
1445.1359002224356,1,1,1,17.254355699672015,5,1.8069894105271322,0.9184261963972072,5868.525193680211,7.819040110036202,5.0,4,1
32.00643372140594,2,1,1,13.617787763941598,9,4.223736461311248,0.7278559299544888,7450.513751409499,7.649860433436465,1.0,2,1
519.8084369616765,1,1,1,3.145576640193542,1,1.768006638520657,2.615913109176861,9874.987906387712,7.386205109185222,1.0,1,0
120.94282263903774,1,1,1,9.753702610994653,3,3.1527175738639683,4.716157624387766,23339.39794440696,7.362702598198916,1.0,1,0
508.5182206656811,1,3,1,3.0717532303564643,3,7.380705312436415,9.157288683133691,7099.640380187099,7.653106559314186,1.0,1,0
144.01201094572343,2,2,1,6.308180064950288,1,3.302360015753932,4.561405179408522,19513.61943396204,7.486134775174042,1.0,1,0
51.3160508895609,1,1,1,3.1599551085914594,3,10.026347333606816,9.285361892656486,20965.03006484367,7.199167840848933,1.0,1,0
130.02842758813676,1,1,1,11.207586412860307,1,11.825923866498282,11.736551460403987,12750.216018372592,7.397244027939121,1.0,1,0
1431.3886470877069,1,1,1,10.918384218380384,2,0.6248389172638569,0.5020076185617662,14904.775867690676,7.384660158220479,1.0,1,0
51.69761153229365,1,2,1,2.1338199126846926,3,0.38166706208565915,0.5467526584488402,11335.657501014124,7.61455071610037,1.0,2,0
1468.896983718896,1,1,1,28.273848633144834,4,0.44289029813164515,0.17268230521327116,5982.046469793339,7.6206324227646585,1.0,1,1
128.424421382853,1,1,1,3.7714761464348108,1,9.56889239594327,9.339671968730498,12636.16814852801,7.498908083166621,1.0,1,0
53.54760066702843,1,1,1,5.233373713079262,2,9.783039090004143,8.806659327863995,13329.502812204175,7.847933020216058,1.0,1,0
126.94002938056184,1,1,1,14.84776127994023,2,2.599640342852983,2.2004581463994053,31242.266771563565,6.885473622462774,1.0,1,0
109.36550316935526,1,1,0,2.944523360830044,1,4.68266153257636,5.777854973372159,14532.630125640853,7.374194415651751,1.0,1,0
500.41383605436806,1,3,1,4.412140393514798,1,4.7582336229028925,6.938553584407645,10540.018598577399,7.9879205738445345,1.0,2,0
115.78790826822838,1,3,1,18.881539562263022,2,12.323486563257243,10.722068990776238,40236.569704742906,6.776590736452193,1.0,1,0
39.66551260802462,1,2,1,42.792319878819654,7,0.024488281063029943,0.013971536043359763,9701.432287887903,7.041084427309273,2.0,1,1
56.25490683999995,1,2,1,7.6870970647796675,3,12.974016892804007,8.333827915321217,5625.081223657347,7.360651601546763,1.0,1,0
519.1320611621098,1,1,1,4.8253494226164495,3,5.1076924192785995,6.8370113598806945,22579.396303285586,6.946451011400902,1.0,1,0
60.403256158749365,1,1,1,1.986821963914262,2,2.774706903518684,3.023344265413292,19163.527882900373,7.370335806308683,1.0,1,0
500.52024392100384,1,1,1,4.38985725984824,1,1.2110301983711558,1.2322620433425464,27836.889813202542,7.171143833253924,1.0,1,0
734.4504574200455,1,1,1,21.418407454244733,5,0.38665578882065965,0.1912740364337298,14149.076044484,7.014393000435035,2.0,2,1
1433.1778641053409,1,1,1,4.85839208415538,2,10.884711427091533,11.908207907887773,29168.921256134916,7.927635163216885,1.0,2,0
133.5547949172157,1,1,1,5.391022974665743,3,8.267495953236274,8.286810037375826,11631.613823150166,7.636251165726317,1.0,1,0
123.63011790241217,2,1,1,4.434693716006722,6,6.705181247503787,6.627974381315042,5942.653361718402,7.391223906737929,1.0,1,0
1424.796504146027,1,1,1,5.629902768798064,4,0.7720460511686141,0.991128004724279,8304.39811633265,7.099011153599484,1.0,1,0
72.97019255437363,1,1,1,12.298213689696897,3,1.5508931979858753,1.349740834179071,4168.50031273021,7.301948323185799,1.0,1,0
78.01415786263493,1,1,1,2.697694989924503,2,4.811563835392939,4.422939030054308,14848.659591607773,7.652488946754145,1.0,1,0
1463.7362845092482,1,1,1,23.88499471110452,5,0.7311385758550509,0.5467505783349436,5730.255317152263,7.346204251349848,1.0,2,1
65.62521406463,1,1,1,1.5113039352461926,1,3.3129135281878934,4.686647453920156,9486.492505375407,7.335012490511298,1.0,1,0
34.63405931268917,1,2,1,24.52649423642911,2,0.654152033154882,0.26381565710861204,10057.550426201926,7.750310840390295,1.0,4,1
1466.7476440237438,1,2,1,26.141488127443807,5,0.7772098403451169,0.38679852803197257,7869.744533276244,7.447150530008319,2.0,2,1
123.90041664324059,1,1,0,2.502258333448967,2,5.663058107763644,6.9324776765174425,27345.83278791231,7.37907833000399,1.0,1,0
1425.5136802288253,1,1,1,5.696473563895745,2,4.028721422483668,5.376988482275018,14448.606035200391,7.165499585124344,1.0,1,0
131.8204001876013,1,1,1,6.495043408305008,1,5.587644555691569,3.4678170460558664,10679.712227369611,7.849306513701892,1.0,1,0
55.037564648045475,1,2,1,16.346584853577156,6,4.794589397300191,1.4088958843662396,5383.857183241431,7.351467590071139,1.0,2,1
50.99810447766018,2,2,0,2.7909273598758233,2,2.072805960709565,1.6067313984778056,32480.667737101605,7.356531884925479,1.0,1,0
67.03533148026122,1,1,1,6.886590168199918,1,0.37876243193283987,0.23317865078695882,21583.37144348173,7.0750732132454885,1.0,1,0
1409.7421386809276,2,1,1,8.443430006028692,2,1.038791026159099,1.225632160979161,34670.538703721526,6.705535549073107,1.0,1,0
74.56976589362878,1,3,1,2.6836915839486872,2,4.116090796882194,3.10313625086755,15746.623525506984,7.398517917687827,1.0,1,0
136.49987110926523,1,1,1,2.7028749003110626,3,9.599891295662706,12.359231056899949,6379.5878512711515,7.788602769681248,1.0,1,0
1417.6871035088768,2,1,1,8.336594653487222,2,5.504408922488168,6.958373947953249,18362.8472443751,7.438383287738144,1.0,1,0
124.5259908249771,1,1,1,4.290568063908271,3,0.5716119394731519,0.6572188042510988,14734.224556805475,7.201910656468251,1.0,1,0
66.10365241786123,1,1,1,8.787052218393011,1,1.3523872604286349,1.0663219066451204,10052.897774131838,7.42597653992404,1.0,1,0
1425.9269372440122,1,1,1,3.0513112859840614,1,7.851935617151986,4.800953648284071,14149.389016149753,6.951729655978732,1.0,1,0
136.09712660111245,1,1,1,2.6157452870517166,1,7.009062823775281,9.567558929032886,23095.823226235007,7.635385234788543,1.0,2,0
117.48666778184,1,2,1,4.984569587071778,1,0.20942600547635837,0.2803874501307861,31373.457657386563,7.352057835652014,1.0,1,0
92.04769267354042,2,1,1,14.017912089966586,4,1.2270646481012684,0.5762678243684282,2252.3623217687327,7.982336035149468,3.0,8,1
514.2000691725948,1,1,1,1.942380231582621,3,4.613272526522937,3.88637324898502,1646.5404524001858,7.239779556980643,1.0,1,0
138.7740291058304,1,1,1,1.6622966317568464,4,17.746738204624375,23.02654186373381,19491.664640896164,7.094696275982848,1.0,1,0
51.208853867598364,1,1,1,2.6992506959155382,1,2.7951919466577735,3.2892508009579395,28880.629517284782,7.73653288091933,1.0,1,0
1428.8446910661814,2,1,1,4.430623741717795,2,2.4640687518132984,1.670511098479794,14535.639951781894,6.949720416969781,1.0,1,0
516.2009899091885,1,1,1,6.813815122725327,4,16.851249698299874,17.251465447871112,19526.144037170397,7.61797705273073,1.0,1,0
749.6458957880596,3,1,1,26.644844644453638,5,0.30942713704423874,0.11258858917194595,2610.2355408929852,6.930864313613577,2.0,1,1
1419.526486515946,1,3,1,5.494060933142509,1,7.987357745579402,6.025332061786473,16990.64851239487,7.036233683136921,1.0,1,0
120.72805633318505,1,3,1,4.939798789983092,1,4.890617885573847,5.250804639410648,15953.98115786655,6.859996222113898,1.0,1,0
69.5790998608923,1,2,1,4.898225506653475,2,1.3506602863089068,1.5904446750437866,15042.951530313292,7.185265434163596,1.0,1,0
768.1088106286483,2,2,1,23.749273675809263,8,5.4045569863068295,3.4851146488402454,8567.392182709866,7.530739472087788,3.0,1,1
67.2469903976562,1,1,1,8.570368188038517,2,0.16025498347406947,0.12386448453851326,13710.939850641687,7.324987543940448,1.0,1,0
524.7418881669253,1,1,1,3.3488405272245383,4,5.935367517549557,8.173725398786967,8003.886662615573,7.7246044906438005,1.0,1,0
523.4339988517141,1,1,1,3.2802672834923112,2,3.131555576394471,2.4082306005815504,12192.143673606874,7.571723091626661,1.0,1,0
1420.7581417485542,2,1,1,2.086145985337742,2,4.466926695521601,3.3679033090950288,31629.47655476069,7.214613644063656,1.0,1,0
58.16726489013092,1,1,1,30.878263153568117,7,8.706689952416824,5.548506506817222,4555.03605827679,6.892665598440042,1.0,2,1
50.88717903605205,1,1,0,7.125976671135814,3,8.265941828848348,8.625674804930037,25626.149393968048,7.446991243318669,1.0,1,0
137.40311705547052,1,3,1,8.495799388737511,2,3.267781497100463,2.7122131194845394,16081.803524683142,7.001641822834123,1.0,1,0
91.83399604210524,2,2,1,20.714453296026072,5,0.17054698598200835,0.08610514730600018,1824.2746668203702,7.586559366722377,2.0,1,1
129.1072636141669,2,1,1,6.215386903640695,1,3.206210035554345,4.669405609319058,30157.70256595885,7.592624019395081,1.0,1,0
521.2773030889789,1,2,1,2.648661388657142,2,1.3785002971738352,1.4258700604925003,5190.719203585683,7.242496697543564,1.0,1,0
132.6218851308771,1,2,1,4.006083892968245,3,6.6006178478932105,5.246650815974678,29785.702753647827,7.6931211721256325,1.0,1,0
1448.910358031906,1,1,1,27.466145575614114,4,1.255393630490161,0.8248677489831736,13602.655409657378,7.299199112491923,3.0,8,1
88.97199497475515,1,3,1,16.679706091336982,1,0.6797741887500601,0.18632072780689182,7835.67808536182,7.986300513153973,2.0,4,1
504.2495895138585,2,3,1,5.524841565567016,5,4.495777747222186,3.149833423541317,17615.888930688805,7.051104380984523,1.0,1,0
40.87358718168025,1,1,1,8.419582421112352,2,10.874140242497644,12.565996261430636,4964.485377161429,7.411155298840558,1.0,1,0
85.93572402757661,1,1,1,28.757702264913043,9,2.951035447816971,2.1035841652310063,4025.4238662091107,7.2297992251361185,1.0,4,1
69.36622317435707,1,1,1,3.690766641516307,1,0.8557176015547264,0.5524904487347462,23274.11079041893,7.152438466343962,1.0,1,0
63.29786271696576,1,3,1,5.4827314971178085,1,1.8447544391703872,1.6633131632587814,21048.274067011684,7.29021093027946,1.0,1,0
509.29227376857716,1,1,0,5.1335822842317675,2,1.3753633503879743,1.5678078934522632,14310.512297704385,7.256574852678211,1.0,1,0
521.1227099924912,1,3,1,3.300083098587083,2,0.4624519388144438,0.4080994845938735,16540.601767318425,7.576551123996611,1.0,1,0
96.56559560873069,1,1,1,15.4830583608956,7,0.770244907478403,0.46455799847310697,3039.4287927081664,7.040995041157614,1.0,2,1
121.75186595199172,1,1,1,6.452105675896574,2,2.6595765940337617,3.6818956654836597,9549.853839875135,7.295027936681231,1.0,1,0
508.6927450570045,1,1,1,9.352603330557988,2,6.056200710411928,4.250125201353116,30798.593602389028,7.972708096607542,1.0,2,0
58.140394096608404,2,1,1,2.3394941889566745,4,1.7564728050094485,1.453783124388055,12443.430753891911,7.1804316649323,1.0,1,0
87.90688019256686,2,1,1,31.541302880468532,5,0.2108832776240948,0.14613885610329286,5233.453979970319,7.391858821993986,2.0,8,1
84.99872776766699,2,1,1,7.594720599715876,1,12.409991282801537,12.092256457011532,15811.124232463695,7.6115136466946876,1.0,1,0
1423.8410041285479,1,1,1,4.685623192630084,3,10.765643334706002,8.730423646231646,33988.98664000117,7.261112824936839,1.0,1,0
70.84387708196941,1,1,1,33.837366368231955,7,2.517013590223521,1.938569016197923,5212.171029186369,7.413279775917375,1.0,1,1
59.9176818453916,1,2,1,3.8519184801408817,3,1.0415651954099703,0.8013340538070943,6539.68740594164,7.50258036410336,1.0,1,0
58.707341681552194,1,1,1,10.412523252196307,7,1.4546327689803562,0.17328548627146081,6489.873277289272,6.9044325662973804,1.0,4,1
1423.5901288663547,1,2,1,6.919354294252782,2,0.5405747178896524,0.40922496785596874,4682.755152215401,7.476792997444096,1.0,1,0
73.64833663215089,1,1,1,4.492786396364256,2,6.068098424341397,5.0851487391465335,19622.206187836964,7.33289663380904,1.0,1,0
718.3330427736902,2,2,0,18.73857921525498,13,2.9549491104730987,1.6297859027300354,4054.7889050937906,7.921065290234008,3.0,2,1
142.24264784379142,1,1,1,3.917432006439693,3,2.0249393003592866,2.896217088386899,16520.424366584717,6.816762772252384,1.0,1,0
133.2176040796594,1,2,1,3.0760161108200363,1,3.0424670202814643,4.367766932543916,20068.510661114222,7.412482451064942,1.0,1,0
123.88868649853808,1,1,1,8.027281180817578,1,1.5006764192662816,1.952889697487819,28005.969391814353,7.200759129320255,1.0,1,0
70.91933998160292,1,1,1,4.399898925751007,1,4.627464280204697,4.289787130673651,6771.496436221621,7.127198910505835,1.0,1,0
1436.7359388333332,1,3,1,7.423044602997759,1,2.159028523725379,1.5063806248165261,29557.59738633168,7.512462621929496,1.0,1,0
131.97490712840985,1,1,1,5.497912369382532,1,3.025148472568715,2.460028970007566,36156.16199779103,6.831485164652512,1.0,1,0
134.04540415683402,1,1,0,6.992789786440737,3,38.1821407050322,40.87563080846362,18156.848518288065,7.394767732740166,1.0,1,0
65.28921588752267,3,2,1,29.130301731441712,3,1.537636561314523,0.43243308657760376,10703.542748072708,6.711288108045238,2.0,2,1
1431.3542330133719,1,1,1,2.7100621001362297,1,1.531530950301506,2.2420285867423915,13659.126017754905,7.768055374757561,1.0,1,0
1420.8584729006254,2,1,1,10.768084496992262,2,9.524192021780124,12.755967214070791,31940.041468180232,7.368981957573574,1.0,1,0
515.55340653245,2,2,1,6.057329411713636,2,4.374714218899818,6.561431078559531,11872.818857276925,7.285457390646477,1.0,1,0
86.10903294923853,2,3,1,13.329244852431703,6,1.317490787801007,0.8477900652644522,12628.753438057103,7.4945276196508015,1.0,1,1
1421.189667331808,1,1,1,9.36195697711455,3,10.852988443515631,15.498864656076897,18869.75352349809,7.378328898856885,1.0,1,0
112.53648964731866,1,2,1,9.240352195921497,5,0.6432704793870795,0.7966040243375796,22625.021379347036,6.746104958503529,1.0,1,0
52.26159651480318,1,3,1,2.862077624229101,2,1.0021463175136704,0.9354454807697836,9869.905925199191,6.637757533513911,1.0,1,0
126.65873621048716,1,1,1,4.5620686447065735,3,3.2235392864478167,2.51497664996048,1892.71103935862,7.330626205226122,1.0,1,0
1413.6775346924267,2,2,1,16.89672973639889,3,3.514023730629898,3.2630633337635877,24049.59532541913,7.080702389741765,1.0,1,0
134.87671926271858,2,1,1,16.363418707444865,2,0.33272428005867294,0.35912312722554607,12821.09700891795,7.079649812119834,1.0,1,0
1404.0335690845434,1,1,1,6.273419897049838,2,3.985009883563895,5.1991454982892495,8674.196171087291,7.99,1.0,1,0
49.38224738178236,1,1,1,3.3045899646313432,2,16.27545836459065,13.823941455117268,35794.1395184457,7.556610581524921,1.0,1,0
1425.9887107156983,2,1,1,1.9403546931745486,1,2.6954431064049618,3.292373145585046,17757.90946994271,7.692364021855987,1.0,1,0
1431.0373092804477,1,2,1,8.12283850950129,2,0.1317921137886839,0.10839369110807873,23595.32294191836,6.857511162674262,1.0,1,0
1429.0763975471466,1,2,1,4.776068800398425,1,5.606664805527982,4.949405556817058,19624.331461887166,7.983729323397961,1.0,1,0
65.80634156118734,2,2,0,21.849786784231934,3,0.08666252523917663,0.053625594088052946,13875.735252561459,6.927205848515401,2.0,2,1
73.47542257682738,2,2,1,25.37693696322815,4,2.392953130961896,1.437483922802633,3928.0799646063633,7.599251861765764,2.0,8,1
79.87854949762178,1,1,1,3.9791137568966923,2,2.0419599310086625,1.3106635886540927,37913.038814477215,7.484563594897139,1.0,1,0
60.746849979168836,1,2,1,35.05445322204376,3,1.2164308282382759,0.12402990886806817,3386.6190815523064,7.889806068636674,5.0,2,1
513.5996850174571,1,3,1,6.277505372164,3,11.560546971577834,10.610177958780241,18459.674287333753,7.8802057102292915,1.0,2,0
68.95912695825699,1,1,0,33.23288795012917,4,0.2858941349742983,0.07699538948775449,15247.969737214271,7.632484121737809,3.0,2,1
122.65880855723034,1,2,1,4.391341813663821,2,4.931818401013182,6.1939558176467004,42367.09840547701,7.670282389302916,1.0,1,0
56.53150031715116,1,2,1,4.5750687272633614,1,0.9973806089704489,0.8102026301054883,13871.44644097964,7.517045535663077,1.0,1,0
116.16699148234173,1,1,1,27.41555496052541,6,3.6216343004402196,1.395269683441369,10678.64425563569,7.21036449781888,3.0,2,1
57.466880489334066,1,1,1,10.97003653385324,4,2.4179358926139014,3.5386563807430433,9998.832112091108,7.6778860984422135,1.0,1,0
74.2449658086763,1,1,1,17.187070062136144,5,0.06450111763068743,0.044795047251477704,13289.214740976566,7.675824872000455,2.0,2,1
758.5150974268489,1,2,1,16.454379928150072,6,1.3075152307626405,0.2623938298997479,4682.891232036449,7.602851127443179,1.0,1,1
71.74480935688052,2,2,1,30.683946869658588,3,1.0514712363017849,0.3775134832038619,5161.528165584714,7.4183789528684745,1.0,2,1
38.08467220140011,1,2,1,18.653126483420827,5,1.4861689474528292,0.5383992304174727,3783.1736706935344,7.429505979653541,2.0,4,1
46.10150858491495,1,1,1,5.943903495376138,4,4.000331970131626,4.737293671218317,17539.416916200054,7.622593874186297,1.0,1,0
521.7166524813994,1,1,1,7.87468161529202,1,1.5079212274710017,1.3636786603273838,5464.484732475347,7.668940129321026,1.0,1,0
1408.9243694192614,1,2,1,3.937895246508206,1,1.1274082541764958,0.7506104131593341,30841.515425252383,7.240211949045225,1.0,1,0
113.74591532651439,1,1,1,19.70010836476598,3,1.6640338749916774,1.0706696726403417,3266.959525166197,7.71145551290183,5.0,4,1
136.93254220937106,2,2,1,2.484905170176697,1,0.5111319773883474,0.5342715442638627,10287.857748140777,7.520120610078949,1.0,1,0
77.59407549171412,1,1,1,10.5744508817781,1,4.121871374664345,4.494797553896701,1415.9308119197533,7.249249603847026,1.0,1,0
1405.667063295907,1,2,1,6.344367057433078,1,3.9467170158206266,3.673687048312242,24887.91888743863,7.231828146850736,1.0,1,0
78.71446090031347,1,1,1,7.7660914399681795,1,1.1303600422095919,1.5550354868486793,19169.294680562933,7.3428773354076355,1.0,1,0
751.6165056820879,1,2,0,25.204347832022137,8,0.6954970492959015,0.4940126916760319,7552.84542488531,7.785306452708264,1.0,4,1
503.7487573628877,2,1,1,5.725118387519887,1,12.078970139922475,11.309833885751964,13669.705209087786,7.724686582958298,1.0,2,0
77.07800983027528,1,1,1,2.2445975973915684,1,4.108649557945846,2.7490398829416556,21941.363841189548,6.579726261737382,1.0,1,0
513.5988782942633,1,1,1,4.316776741766729,1,2.3153013066745594,1.4366430314609484,11115.140844781445,7.325552047552636,1.0,1,0
1464.1699961598044,1,1,1,23.690384304585344,4,1.4323705405866707,0.3568917438477581,4478.520338133716,7.48602828870747,2.0,1,1
518.9857298260066,1,1,1,2.1772673778814235,2,6.750310676295322,4.267481670551791,28888.686875973548,6.814198466503772,1.0,1,0
138.80543759241044,1,3,1,2.6948578110764774,3,4.418625781316134,5.663599822664135,24069.46348676813,7.4518194815644385,1.0,1,0
492.1491366765734,1,2,1,4.986496739625631,2,15.80126458847101,14.009553255499178,8645.615053364898,7.2468735395779,1.0,1,0
1414.3775956550253,1,2,1,6.761912028383006,3,3.5410439478748623,2.5627894580869794,10390.101870610837,7.639714883537243,1.0,1,0
80.93366491103329,1,3,1,5.229826243401854,1,0.4071299939856683,0.3114720373314904,31460.31411477677,7.022621631063686,1.0,1,0
501.21105026720187,1,2,1,10.323303868062455,1,3.956112576874919,3.3447860770851974,48140.19686354822,7.404365189600306,1.0,1,0
138.0660830284582,1,1,1,4.822550630888857,1,1.9706330839121762,2.64272009151312,21132.04374636673,6.751143238965305,1.0,1,0
739.0772176288956,1,1,0,16.02591535036082,4,0.7828993006705108,0.41496249800554125,4444.1160948308525,7.584600408414015,1.0,1,1
108.40889824327296,1,1,1,9.817338844204901,1,12.047167642025256,14.057146597610892,18380.16572452564,6.9148018205336514,1.0,1,0
120.40993730683236,1,1,1,12.978511143814549,1,7.42932058838886,7.680124535993279,13805.095414728321,7.1931956948107105,1.0,1,0
75.43274784133797,2,1,1,3.4027308974012875,2,5.1319903772045254,7.568569996829021,10170.779244887734,7.777497560688862,1.0,1,0
113.24264220076792,1,2,0,3.8777988384022075,2,10.609328991463169,11.293442204387416,6688.291176262947,6.971007868111837,1.0,1,0
67.72206000714053,1,2,1,40.94091429760556,5,3.4625760845122584,1.4003311193484034,8118.7245181918115,6.932929213971125,2.0,1,1
49.5915079868733,1,2,1,26.2129523208054,4,1.8500250055339027,0.35841455030251684,1638.6902064255808,7.395045599128177,1.0,2,1
75.98804205857114,1,1,1,2.440156340871775,2,6.664854392431445,9.863370160869378,9899.74580871164,6.8850927982845445,1.0,1,0
115.90717300448878,1,1,1,3.344180827444814,2,1.5879265407896992,1.4038553401516491,16406.58870205961,7.324348713639717,1.0,1,0
503.12481386864613,1,1,1,9.049307025135986,3,7.677949521212729,5.526382243018767,6953.930778946821,7.31775912935299,1.0,1,0
1437.7742433698843,1,1,1,6.4248892086956335,4,3.655604792905471,4.384850079271599,8337.103952056088,7.5915373809726905,1.0,1,0
1460.6879042568953,1,1,1,20.97373930671191,5,0.7538571656127051,0.5344973639812448,16976.65080132246,7.115752070497353,3.0,1,1
500.47770491579763,1,1,1,11.628684796221373,1,2.9326684836627637,4.087739950942466,26138.763494838964,7.7072347419254035,1.0,1,0
70.86917377027626,1,2,0,17.657721326698606,2,2.442356647876399,0.7909903965427525,7047.579609559634,7.160910666732581,5.0,2,1
1418.3338688576794,1,1,1,6.635752928932031,4,22.644974742379823,19.930786102348502,11929.664506055715,7.572151703265342,1.0,1,0
73.4430649910417,1,2,1,18.702861675711926,4,0.9314588109442301,0.15186522353335838,7259.256565111478,7.926423482467979,5.0,2,1
1413.545420859731,1,2,1,4.70964977640554,3,10.865665646059377,13.117046481783413,12131.703256925728,6.5,1.0,1,0
45.05193291109853,1,3,1,14.95176105590951,1,2.2073990628862004,0.6823420833685333,2961.198145299229,7.355360876056335,1.0,2,1
59.64715888963405,1,2,1,5.513374145565604,4,14.462923644781455,19.845552815701943,12891.386756825055,7.876861986034339,1.0,1,0
1424.1035782872095,2,1,1,2.601748118949299,6,5.003799961003764,7.303983143271027,10087.802787512766,6.756751834076883,1.0,2,0
72.33692639886613,1,1,1,5.0059585692650055,2,1.2909102990262475,1.6361776808615738,12805.119837769747,7.960163796379028,1.0,1,0
67.63837651805214,1,1,1,3.201454968173755,2,8.749894504714616,12.902927099573612,17542.95245077507,7.390711481986758,1.0,1,0
116.40178257367931,1,2,1,4.695173097284482,3,8.267578409606585,6.44610341540509,13336.017244470697,7.4456745026388536,1.0,1,0
129.73738951309102,1,1,1,2.97069462970551,1,9.566735505517379,10.155908150275112,5177.071723865739,7.961026117797254,1.0,1,0
519.4357384329805,1,2,1,8.843119548707826,2,0.2240610197450325,0.1460366577467407,1665.4597640214654,7.636136711470773,1.0,1,0
13.687588120011064,1,2,1,30.85967971421071,2,1.2619978947907315,0.5773933697211416,4030.5154021612993,7.725532064997595,1.0,2,1
135.18471477283575,1,1,0,12.001929970072277,3,2.1501418183297436,2.7880283847288343,23674.968687799326,7.5945059210468715,1.0,1,0
518.3596466931095,1,1,1,7.146554286387312,1,0.7809504532079984,0.5629500819653425,2461.223187658099,6.871607045646044,1.0,1,0
68.67629748058616,1,2,1,4.569015017509225,1,4.770596409638153,5.699602524273014,9300.266948577093,7.035646764681601,1.0,1,0
60.9376258716703,1,2,1,5.61248140416055,2,1.35981904735941,1.6581863572909101,6025.465956812062,7.446052193248155,1.0,1,0
106.77666620613788,1,1,1,9.578339014988252,1,6.952104916050421,9.572557942120314,8600.74401170661,7.6599966082993545,1.0,1,0
58.05349587682804,1,3,0,23.73226242055657,5,0.48355630612966727,0.12265855064782977,7099.0568405175345,7.389434967562587,3.0,1,1
82.80521725730367,1,3,1,33.87657531978839,3,0.4005323238516764,0.21074355701228967,14449.214384723064,7.7197387722372595,3.0,2,1
51.69697197147128,1,1,1,3.6177830348761875,3,1.4456802926081842,0.906017350103927,28313.288983985163,7.100025682314626,1.0,1,0
84.33060519614138,1,1,1,5.816554506559984,1,22.08054735128829,15.586501534020112,6613.364050552345,7.096722529515589,1.0,1,0
73.96818856007492,1,1,1,9.607274452996235,3,1.1559931127486454,1.461855706077599,14283.218094611168,7.99,1.0,1,0
61.93427383324906,1,1,1,3.953039499861595,2,10.31234494793177,6.683564190474495,21137.151324941642,7.18152675149444,1.0,1,0
89.75286380989522,1,2,1,34.061076998387016,4,2.5343975287708,1.769487645339622,10133.730290849466,7.48651751937051,1.0,1,1
1468.451144474622,1,1,1,17.336718849173515,2,0.371458470122677,0.039171479636974524,10757.582237069626,6.813148241776267,2.0,1,1
131.4082719203293,1,3,1,2.175370853903646,2,2.1711978384076316,2.053866799066325,15378.339895489338,7.051937893931706,1.0,1,0
518.0375910387314,1,1,1,9.530766481224763,1,8.476788038582335,7.694178730488544,25290.302397304342,7.586300402191103,1.0,1,0
111.30272510363531,1,1,1,8.038433792432896,3,10.180198812896066,9.096446615265068,16965.984050358755,7.8218241458135855,1.0,1,0
30.125246935254985,1,2,1,24.923491370475702,4,2.013913718318863,0.868759401198286,11868.90910614032,7.55475985259005,1.0,1,1
130.88536185760975,1,1,1,2.2984920886714595,1,1.250105708538176,1.2410211774446198,12610.547967272048,6.8706231197525796,1.0,1,0
62.049007173573465,1,1,1,3.3671379135704056,1,4.085935440620532,2.8556656007123666,14549.4746824508,7.176015026410507,1.0,1,0
99.06188278610551,1,2,0,30.59849726757426,3,0.9824556469915655,0.3636013247654663,14522.109502040417,7.419032923263327,1.0,1,1
57.432645892393495,1,2,1,4.908181875001439,4,14.842868415630889,20.461045748471683,7991.600079397088,7.786622048831385,1.0,1,0
37.12914913897591,2,1,1,15.546830725806442,5,0.26588111365379274,0.14688590687212785,6245.045133669262,7.521321770164908,1.0,1,1
1418.990357031883,1,2,1,6.672911281484984,2,13.478909703922358,19.830562235474154,37871.660621102,7.395968562048164,1.0,1,0
491.88604370004066,1,1,1,10.517199158974375,2,0.6678672066948941,0.9473407714450479,8997.872961627743,7.75669309480908,1.0,1,0
131.86160043237373,1,1,1,8.049000638228366,4,0.30641425166116804,0.31323131640588214,8691.488363265056,7.3212646175948395,1.0,1,0
525.7554588136384,1,1,1,4.291052781210918,3,6.985877237236949,7.7875766185937145,22533.792569651116,7.291829027945096,1.0,1,0
53.87615514912322,1,1,1,10.865060506132059,1,2.583592255017993,2.716552626075884,32448.541272038063,7.801685290003046,1.0,1,0
121.52338132224634,1,2,1,7.541038218469417,1,7.348166898126328,5.9337944668895855,22216.127270118388,7.16121953555879,1.0,1,0
61.97355272694621,1,1,1,16.922450091854998,4,2.2217413034631335,0.8520387139016213,8769.28225368749,7.092063056826594,3.0,2,1
1467.4796076329671,1,2,1,20.43018554518933,6,1.7675882048182185,0.2297930482330153,7460.743235067882,7.152069608402236,1.0,1,1
92.58269398797853,1,2,0,38.048463609380896,3,0.6024396122025408,0.21525239133819454,2459.9314224367545,7.35931669286574,2.0,1,1
17.129999080284577,1,2,1,16.706697875448423,10,3.2498850261186094,1.1145532466764498,8402.678841617455,6.815593664601864,1.0,2,1
58.34847696088055,1,1,1,4.158946476852417,2,4.817199402572997,2.8908064933649023,15803.784982571244,7.74995084050961,1.0,1,0
122.47486759198824,2,1,1,2.32348468931871,3,0.7709051121420545,0.8377869966391641,16988.901539594597,7.49447018484701,1.0,1,0
1410.570908967942,1,1,1,8.403625844083896,2,3.0330437488359663,3.7819249167149613,3262.45024353061,7.61997160420132,1.0,1,0
520.9250887897219,1,1,1,2.1662806598201145,2,0.7161753815572488,0.7970946698804176,13611.493087604633,7.61632066188482,1.0,1,0
50.68128672832157,1,1,1,1.7456564804661179,4,10.109034615450417,6.911678302598051,24310.15725056332,7.588811210191949,1.0,1,0
77.4066073857547,1,1,1,31.63215201640662,5,0.6302179181678074,0.4011197428801752,7159.024798604784,7.38663674362738,3.0,1,1
112.91840258950627,1,3,1,3.6593551537553113,1,1.2178821633642098,1.0393984458221293,17927.86845641185,7.707545756833211,1.0,1,0
123.2730154432118,2,1,1,6.6041165170677,5,2.8036178261928284,2.1390575501597984,14172.325412958115,6.72851804577709,1.0,1,0
531.4193995442653,1,1,1,6.183767439159182,1,6.854622111006259,7.02069475308077,37304.160250386274,7.653700459522285,1.0,1,0
114.16734834923959,1,2,1,5.782604221072224,2,1.337668473669136,0.8259702549356237,4830.615614318747,7.4582412025083995,1.0,1,0
127.32956738008603,1,1,1,6.986041643028211,2,19.423913902983223,16.698731417046407,17735.118046349216,7.52233082596768,1.0,1,0
509.01615785324856,1,1,1,8.82785770313879,4,4.0036423429346115,5.442568258277265,39452.33656640127,7.53528845674137,1.0,1,0
123.47242385661964,1,2,1,6.864917231388698,1,13.500588531545453,15.834240730330766,9947.039393872614,7.949414235171948,1.0,1,0
127.70027725308879,1,1,1,5.617676514112168,1,0.41761670231143966,0.47521346615301796,8288.871767060522,7.220468436564418,1.0,1,0
1472.099091141025,1,3,1,25.4861019378155,5,1.112317200672717,0.3806375800334438,14718.438321521728,7.5780277945280305,1.0,2,1
45.431074282780244,1,1,1,9.427514779615919,1,15.89457178971332,11.089857020461405,5618.079997053617,7.154578795775143,1.0,1,0
121.67381491669745,1,1,1,3.3919572436703795,3,4.90782888431617,3.4335732787551527,13160.720840461647,7.175591155857719,1.0,1,0
106.69972558570142,2,1,1,7.084902456717308,2,1.0689298501778917,1.4176714359584237,4633.264336365707,6.643195818337243,1.0,1,0
1418.20031700714,1,1,1,12.384533872027454,1,3.029274138769639,4.104160810301618,4587.684667137664,7.6799356088006085,1.0,1,0
125.15591049981622,1,1,1,3.612253646970412,1,5.850003497367113,7.57915488840061,22707.03783014952,7.557402815251175,1.0,1,0
78.85162767628835,2,2,1,3.0919572242527846,1,0.2353834723262743,0.14503750705386328,21148.011392536122,7.399676944367186,1.0,1,0
58.798810113347464,1,1,1,5.697547007673295,1,0.8387723351766796,1.2330312770891512,10248.22195629714,7.818501793449196,1.0,1,0
1431.5224709232957,1,2,1,3.630961125931992,1,6.833662581957855,8.153296549356076,31116.896842079852,7.315794701913355,1.0,1,0
121.90600981451696,1,2,1,3.1647757218701122,4,3.1509376376583895,4.443378407755421,17685.9058765376,7.3797135850036515,1.0,1,0
51.704021340029286,1,1,1,4.485392247438625,2,4.983197466214646,3.744297201035765,18939.225462400485,7.252150239838432,1.0,1,0
1444.5797909911091,3,1,1,12.25776550227387,4,2.9784769795617114,1.309262615883555,6232.794032110233,7.868550924310497,1.0,1,1
83.76910041541565,1,1,1,14.756074935415246,6,1.434891563893748,0.35999437075178636,6473.329302315035,7.900505177931389,1.0,1,1
70.26101088712954,1,3,1,11.103645487003499,1,19.22955254435598,23.763703891733776,14829.47467910123,7.463018501487556,1.0,2,0
1470.5304681104735,1,1,1,34.361491407884046,9,2.8003191850501405,0.533773823800628,5894.983990624217,7.262739444216349,2.0,4,1
113.53870806173737,1,2,1,3.9945463488345974,1,0.14936460796645631,0.14300447575445702,19618.291768303785,7.596968208973962,1.0,2,0
133.43873067895578,2,2,1,3.7452197285313344,1,0.39980632006217665,0.33654228922903817,6458.503902804208,7.62314640672562,1.0,1,0
69.65512456501398,2,1,1,13.483940491852072,7,0.7419849230856465,0.39270931658230035,903.5583690276816,7.3914093483178105,1.0,4,1
1414.7280562813996,1,2,1,11.51047311349454,2,4.115775311286981,5.000554820413492,14381.718340210622,7.4838158964822075,1.0,1,0
1441.4787792662291,1,2,1,1.7757883798768237,3,4.795876176532119,6.401046462298382,35956.2514336351,7.128133202692522,1.0,1,0
64.34013200825429,1,1,1,4.8068347874665935,2,11.996595747879594,11.508391947842759,10474.73206712439,7.441960562484648,1.0,1,0
82.46354746177495,1,1,1,22.11394322303337,7,0.1171687215093281,0.040477628695792564,2932.9007194893265,7.342777043498569,5.0,4,1
1432.6911876958081,1,1,1,7.4326075151961435,2,6.479520236111408,5.965045250392276,15179.648164191445,7.857952118165641,1.0,1,0
59.27106748934856,1,1,1,3.228126978756075,2,5.260170342654896,3.4229700817969264,5203.766118562088,7.361497550236232,1.0,1,0
35.38787783706492,1,2,1,19.073913086340106,10,0.8407960477729998,0.3336152454189674,9058.245457211568,7.296647513897536,2.0,4,1
51.5377255300096,2,1,1,1.9961796271876688,2,7.541101329519984,8.979658086571318,25818.666812101586,6.974223607219689,1.0,1,0
68.30508797881146,1,2,1,18.487402560192805,7,2.634150808991948,0.9836248628438322,6651.954969287535,6.881874049207085,1.0,2,1
508.8072572379797,1,1,1,12.568873218738354,2,3.1695039581675704,2.081979605998922,21084.285669339733,7.567051861327445,1.0,1,0
132.79669439790814,1,1,1,8.01784457379653,1,1.9234961491918274,2.407973483277598,22280.96940000543,7.43521627102823,1.0,1,0
136.67874316698766,1,2,1,5.0439913542236186,1,8.247606951206805,10.246751719063028,9201.935919076714,7.201229796919516,1.0,1,0
44.04944343309705,1,1,1,4.818643750262197,2,9.049256500564894,12.78551987939132,8034.963367709173,7.090076363188664,1.0,1,0
100.17424462516884,3,3,1,33.0704635018822,6,4.374675629913987,0.4702060060676198,6689.895095322005,7.0595892817017605,1.0,4,1
67.1289982194122,1,3,1,15.575668484440975,4,0.1642785653671801,0.04787054540561968,9623.78858961821,6.855178390974871,3.0,1,1
750.0767695395642,1,1,1,28.63872378582415,3,0.9177797011736262,0.5754690962887332,7121.198574161785,7.176505851915032,2.0,4,1
134.79476635244805,1,2,1,10.389911076551213,5,13.62818977493398,10.696742449700013,27200.86927731365,7.415010475984524,1.0,1,0
1422.7656356929326,1,1,1,3.37875970582222,1,11.41141668139547,13.713596881057063,15459.66447546306,7.551923009076939,1.0,1,0
60.9884437373096,1,1,1,2.862239876643274,1,0.8193015850439552,0.9774956431245884,47282.059504197874,7.252300750045452,1.0,1,0
1423.1265311335221,1,3,1,8.570234267644151,4,13.508636588371237,11.54125660914977,10786.176751032719,7.158768741237161,1.0,1,0
56.87981556028949,1,2,0,24.874473870951697,2,1.1146365762944863,0.7936398749954346,3163.0795796743396,6.994716746188202,3.0,1,1
87.57802318536683,1,3,1,20.22999771532206,4,0.4059060702370474,0.272693421846462,3753.958227342309,7.833372651364414,1.0,1,1
114.1784354900187,1,1,1,5.133631996371503,2,6.636574100123616,7.420764538094818,3869.6125072939312,7.621431443214708,1.0,1,0
124.04267816449075,1,2,1,4.294414402565607,2,0.3547746652630501,0.29550511737561624,24030.99373701713,7.3323020768841465,1.0,2,0
60.42230335944856,3,1,1,48.86039118272383,7,1.051529201608931,0.6407470913563467,3428.1705065529227,7.99,1.0,4,1
61.75686172947101,1,2,1,21.898072871330758,5,0.4368440442398833,0.15067344713673783,1152.2558960393915,7.097386328720513,3.0,4,1
1406.6475383342338,1,1,1,10.613958778587138,2,3.611585809798114,2.308169960134757,12431.48247995912,7.247517392208057,1.0,1,0
94.33464333489813,1,3,1,27.300794010283575,4,2.3605526069801344,1.854422817240725,10484.845990121903,7.215429324260732,1.0,4,1
109.49808132410007,1,1,1,14.60869997557478,4,2.303040110839173,2.1937099799214757,26469.68714429059,7.079286834351207,1.0,1,0
141.75319215982248,1,3,1,13.91830312060919,3,14.877944654509882,17.3912925626982,21800.01954155922,7.240454613295014,1.0,1,0
133.07987885181436,1,2,1,10.827220847260596,4,7.546234236990779,8.193439537868356,19375.692449977963,7.579572433374437,1.0,1,0
85.70300363877804,1,2,1,18.354359945941518,4,1.6566686294667208,1.0533082351255776,12553.274925660511,7.752499740962527,5.0,4,1
113.665872797233,1,1,1,4.25042557204533,1,2.984465375853644,4.009474808874805,25668.013235626066,7.017466967459291,1.0,1,0
58.2372997138941,1,1,1,25.024852783724185,5,1.2656333015651409,0.19174489966556627,9379.333163611906,7.592756067679555,1.0,2,1
54.949370181910176,1,2,1,42.562085303065,8,1.020763878921584,0.757587684169459,13325.678036735,7.602418331860145,1.0,2,1
495.7254154523486,1,1,0,7.1371747964565095,4,7.50067771294683,8.423160799735324,15595.96017430467,7.414973169385987,1.0,1,0
54.21395670527358,1,2,0,39.486062507356074,4,0.9096120658100749,0.7255897131166703,3226.6162188722874,7.944614265813888,3.0,1,1
149.2459618161166,1,1,1,9.31645558801663,2,4.107955789965488,5.90822199116463,23191.04118019624,7.376571154524743,1.0,1,0
502.91630815589326,1,1,1,10.927203381339643,2,5.616582232713268,6.5229333078352125,14809.234652504718,7.1756887538867025,1.0,1,0
124.01340713654287,1,1,1,7.053644217493181,1,2.480508622703542,3.130720684540491,5788.957263924199,7.499824706091882,1.0,1,0
115.38696902857276,1,1,1,2.449744622588441,1,20.910877449716775,29.65818856255901,7116.723464081483,7.380684005759596,1.0,1,0
1448.1418108776068,1,2,1,16.768595871785212,7,0.5657587468594889,0.275233829389297,20650.044763669113,6.86195662817618,1.0,4,1
68.0533398949745,1,1,1,10.940831424043894,1,11.29603673264697,11.478868623936572,23067.002624999317,7.554537232519561,1.0,2,0
59.16876413725877,2,2,1,5.739411890827068,2,2.4453937452999335,1.8275276859535108,13057.225542432596,7.965693348175132,1.0,1,0
141.8003061006854,1,1,1,4.435601166072192,2,4.013903109292967,4.858279172147954,27323.92706868274,7.263451309288523,1.0,1,0
64.6557322703323,1,1,1,6.772357124743168,2,7.467996325537541,6.932151394854083,37710.94870029846,7.745753568388404,1.0,1,0
39.07589883207041,1,2,1,19.597668412752085,2,0.17287664351536344,0.02547566567687423,16448.95913032615,7.505956192357561,5.0,1,1
86.92555341221768,1,1,1,8.527902962365726,5,1.6178143995327987,1.0638162375455666,16123.596663030617,7.249909913557515,1.0,1,1
1422.705560976941,2,2,1,4.392666548099207,1,5.797267213521225,8.16059755107489,5037.988720621273,6.913142180081187,1.0,1,0
147.47589740807808,1,1,1,1.530592620893687,3,2.526439526572661,2.21872469259277,9308.033430880461,7.767738766739087,1.0,1,0
529.1138224864993,1,1,1,3.8070275058853347,2,1.9144668460274739,2.0988081566876273,18510.84738725731,6.913289782233257,1.0,1,0
1414.1500223538374,1,1,1,3.1973907637546786,2,1.6189796326231098,1.2888447692109626,9166.314507032876,7.190500090163773,1.0,1,0
131.79606013850866,1,3,1,5.067205289067327,1,12.108971995972352,14.615323366078472,21960.516034689812,7.011066157288051,1.0,1,0
66.23087084048444,1,1,1,1.995990321989959,1,1.631496755809648,1.0612700204429402,5834.586878306546,7.593650009981144,1.0,1,0
141.6045190451322,1,1,1,2.06531764697057,1,6.3475269455766945,5.05482414690811,12506.872932286979,6.86367512669869,1.0,1,0
772.1190154724061,1,2,1,24.511566368342837,3,0.12703282988704578,0.033985403243283877,7109.56795038025,7.05269029731768,2.0,4,1
120.82944649425674,1,1,1,7.947277681225708,1,1.180003679415296,0.9500992078702525,26950.961183530962,7.861088365153419,1.0,1,0
75.19888260408553,2,2,1,4.683968687981276,1,16.502722630216205,16.690816741741784,13718.251516196635,7.380072149725401,1.0,1,0
68.43097948437092,1,2,1,13.50706446267365,2,8.389392099018885,6.639787715985408,9830.284733816443,7.416232366482088,1.0,2,0
72.50920074490946,1,3,1,5.940754052010092,1,8.327684887619972,10.317435283634003,19788.010134079854,7.485647191915795,1.0,1,0
62.97619791305742,1,2,1,4.688700523891658,1,5.794387523994625,4.2096302613642225,12701.723026440022,7.685410268436745,1.0,1,0
74.54680197361958,1,1,1,4.438017157593484,1,9.880688606813946,12.959455556771418,21361.830675335837,7.653728373886639,1.0,1,0
1439.413540258209,2,1,1,2.9647698269251554,1,7.286207605335815,9.32784629966431,25264.927921518807,7.677696011779376,1.0,1,0
29.96566690232299,1,2,1,35.2573457760503,6,2.6519609201013,0.7751805630078211,9318.461541516906,7.60940152014324,1.0,2,1
118.07226485076384,1,1,1,9.482959644952043,2,0.9727652200603699,1.2369281811895574,25736.904605654865,7.890245557693486,1.0,1,0
64.53228784336268,1,1,1,3.012134642282881,1,3.2863287984997434,2.354438340398458,16281.239835439905,7.694629971389114,1.0,1,0
76.31702172484025,1,1,1,4.46615787299317,1,0.10312862854896107,0.06924949047102626,27877.894442581626,7.149915359518048,1.0,1,0
68.48086728428324,2,1,1,10.842689337356415,2,2.801642324445867,1.5054043116742681,4345.659210841289,6.97256774285234,1.0,4,1
133.93724743943696,1,1,1,5.427635980748531,2,1.0095614869858816,1.4398052082821717,19083.032286393976,6.995503420158557,1.0,1,0
57.85377105377377,1,1,1,5.796759201229517,1,5.3966690880033905,4.642392213749859,10507.497295431527,7.164276367879922,1.0,1,0
81.1440974175137,3,1,1,31.86735397362513,1,1.1371311725516324,0.7344829388022099,15406.614884920913,7.124075229693486,2.0,1,1
132.00607382286458,1,1,1,2.286922836194366,2,9.794947079180563,8.694242042780115,13988.11933943184,7.486662308685392,1.0,2,0
111.61964869447843,1,2,1,28.539107811326872,5,1.1855991562488766,0.2891116946750522,12231.21166491798,7.99,2.0,1,1
142.47075185664374,1,1,1,4.429689510201662,2,1.3177430635515854,0.994506248140614,11846.8640927974,7.094817430200597,1.0,1,0
1492.8127625564669,1,1,1,26.057673033233417,3,0.22911656068748198,0.03323013905350141,4553.942166691778,7.45389728964346,3.0,4,1
741.529543484755,2,2,1,51.65510215154271,7,2.058713932591441,0.7440364525394005,4773.958039418116,7.486608694556241,1.0,2,1
28.284549015840263,1,2,1,18.81215839025537,6,0.2051629092475983,0.0621208433464448,10016.552408342635,6.907361326921025,5.0,8,1
499.42157700385775,1,2,1,3.4955415934826344,2,0.372864055741173,0.32602215712713906,14293.838902040274,7.504341848596531,1.0,1,0
1425.3011419284026,2,1,1,4.92709755411087,2,9.279076013168908,10.472848683663683,2777.104765926616,7.165563568372992,1.0,2,0
61.8600467239266,1,2,1,17.440251094678118,5,6.4752193562248905,1.933398776012249,13700.521726369938,7.124450976837146,1.0,4,1
57.717265396179776,1,1,1,4.764687496346957,6,4.179825722329228,4.165077667661537,19109.204073242945,7.228908802517123,1.0,1,0
122.91031291628255,1,1,1,7.690793214225568,1,22.900082769850787,31.295445357639732,12287.62151314175,6.732312342571714,1.0,2,0
57.456466021582884,2,1,1,25.41450790148077,2,0.932106606099818,0.7137153520583067,5551.569537553873,7.9165890964662005,1.0,4,1
1426.7097256138916,1,1,1,11.292062539441895,1,0.19639037033797863,0.17813069570646967,15804.617416979752,7.591479898182385,1.0,1,0
126.40158530000566,1,2,1,5.70169374766803,1,2.1097933556530397,1.3731526530605136,16548.802381251688,7.3163087906183755,1.0,1,0
47.23440495878484,2,2,1,17.728451349203166,5,0.03583760113051359,0.008520503713936303,2564.7214114933067,7.698980725985655,1.0,2,1
513.3933526323325,1,1,1,5.7949296219378965,2,0.7774108846816078,0.8650066921573253,12249.41412550372,7.551420926722159,1.0,1,0
1427.6751876442463,1,1,1,4.925981483627945,3,14.919524147449591,21.672374826323253,15884.794667458105,7.12534538757308,1.0,1,0
1422.5356861529453,2,1,1,16.681536644299428,1,6.006566272980167,8.761834790083,28766.111878441407,6.720353569144953,1.0,1,0
73.10338743769604,1,1,1,29.64117749166085,7,2.1164751348864224,0.8406524256064678,10352.999665099565,6.721948351717209,1.0,2,1
77.41747273812084,1,1,1,4.439226884277387,1,1.6545816040784462,1.1105989620250643,13316.120556979817,7.338626433332876,1.0,1,0
64.93289518135941,1,1,1,6.04295460752458,1,0.5674836705310637,0.7243068965080588,20750.606691490895,7.623975693350073,1.0,1,0
122.35119244749127,1,2,1,3.050635967900305,3,1.1108981342980493,0.9672656119393318,35017.012340428206,7.262098764133839,1.0,1,0
68.46872334961176,2,3,1,26.628490794685224,9,2.2928298299529732,0.582090430553968,13474.554395761514,7.731586684951087,2.0,1,1
496.29734501338646,1,1,1,3.4791188840301093,1,1.4025147614720435,0.9894653290211538,26595.398133633,7.758030144343294,1.0,1,0
499.9201977512796,2,2,1,2.7915216844866952,2,1.4021649777430918,2.0405903359626345,15638.237608142206,7.115197235270148,1.0,1,0
509.7994734190231,2,2,1,2.4297883383668175,2,2.1699199543499486,2.2883440192025164,22339.707863882104,7.094391254442778,1.0,1,0
38.48734138666674,1,3,1,26.66655045375826,5,0.21789179913057688,0.06334414459477873,4334.595159087325,7.989802766366182,1.0,1,1
62.27996322485687,1,1,1,2.577402425200073,1,4.607708319240322,4.4794602304681,22441.58779594331,7.675438033864323,1.0,1,0
134.2561746464464,1,1,1,3.606030814002087,3,18.16702759333377,17.024247756927238,5232.093006224905,6.808635654333895,1.0,1,0
506.4684728324568,1,1,1,2.8609689911386287,3,3.1968630895549395,2.530046118309432,13428.287241249718,7.99,1.0,1,0
42.030932558190266,2,2,1,42.775578330244834,8,3.178194933551719,2.2435807335632156,20467.97337968382,7.99,2.0,1,1
38.55114696596943,1,2,1,27.30680854084195,1,2.3963548960624386,1.4896899211228887,12456.166215615018,7.946399157971221,3.0,4,1
1411.6900801149807,1,1,1,4.467293599324824,3,7.057719155596445,9.226552264745251,12982.718164987778,7.443740234495452,1.0,1,0
516.055683024453,2,1,1,6.6775198522150845,3,1.7529251511161705,1.1739427127116282,22604.688480810153,7.096476888632408,1.0,1,0
136.28865317669238,1,1,1,11.48835846362109,1,11.145219382022297,9.635206874709962,30604.146289389144,7.032130453811508,1.0,1,0
102.50222611215625,1,3,1,24.939412395978916,5,3.143241717648624,0.5828946338365832,11902.882864365505,7.842078186641899,2.0,8,1
1413.5765672233047,1,1,1,3.2312423692386942,3,13.398662255284314,10.869293753049519,10179.723806983622,7.99,1.0,1,0
523.5217088304704,1,1,1,4.072426114270766,2,2.6112001149858446,1.7801652198257594,5856.292418865742,7.320846973850677,1.0,1,0
131.32035097198087,1,1,1,4.824751658376924,2,3.685085945269823,2.216170359849492,33017.54497135812,7.149656135727603,1.0,1,0
78.98043813951728,2,2,1,24.499922111244434,4,1.3282712767607765,0.9245515094484503,12088.475012448293,7.795146181789055,2.0,2,1
479.9430789551989,1,1,1,7.060969884170714,3,14.735351951086352,9.61554095045746,6296.924595470303,7.816121721117527,1.0,1,0
502.8335335272445,1,1,1,6.543983153037624,1,21.45743526195444,31.053341109304075,10344.012640956038,7.277714504199114,1.0,1,0
124.08376976593885,1,1,1,8.376369240242227,2,4.552596523083588,3.8315564233960777,8770.577699046487,7.639616693312396,1.0,2,0
65.0153912537667,1,1,1,11.04322568056023,2,1.5156514281719518,1.6635769891923742,6747.189124676835,7.527493231679162,1.0,1,0
91.62763907912434,1,1,1,30.306565020806563,3,1.73700866478824,1.0921654428960506,13405.249279935715,7.426004583505841,1.0,4,1
1427.96802839641,1,1,1,3.0152968195799077,1,11.773748326372212,14.733494713561484,8397.019412366577,6.8081275866972915,1.0,1,0
