packet_length,protocol_encoding,dst_port_class,src_port_ephemeral,event_rate_1m,burst_rate_10s,inter_arrival_mean,inter_arrival_std,packet_size_variance,payload_entropy,unique_dst_ips,unique_dst_ports,label
1426.8292430350787,2,1,1,6.716737955967385,5,4.389056401277457,5.84919887752143,17244.350941951943,3.8103344211079864,1.0,1,0
66.3285692604574,2,1,1,29.270321872306976,4,1.662538393329267,0.16923177059626993,8950.528707669328,4.917431679256937,2.0,2,1
1447.587279515556,3,1,1,19.392578290143746,2,0.598002266797053,0.15313495797072196,2657.525968278016,6.5578699399981915,1.0,1,1
127.3428237840046,2,2,1,3.4293048913700925,1,1.7424250246674102,1.8156906294096922,5491.356554918605,3.8303665913079854,1.0,1,0
514.4871636304479,2,1,1,7.1669834325917385,2,1.2027639019183378,1.6307637921723657,11738.378488377632,3.8388668294184267,1.0,1,0
126.69423924390429,2,1,0,9.724811894854469,2,18.85738973630569,15.717461263855258,4984.067255727494,4.236348123061881,1.0,1,0
517.9710725506302,2,2,1,5.385594839320137,1,11.940188109046241,9.77724401005559,13664.36659846809,3.3388020568292474,1.0,1,0
1430.328159201067,2,1,1,2.101270137011524,1,2.747516720712667,2.1468031548576523,14574.84359374425,3.9164383729893677,1.0,1,0
76.78142457600687,2,1,1,17.99240331118707,3,0.616479054069316,0.26937264726946825,6805.632936134622,5.864117821174527,5.0,8,1
1416.965809875774,2,1,1,2.357753759887635,4,3.479698186400333,3.412700626378069,18212.839046501264,3.656665866084289,1.0,1,0
748.2060613521029,2,1,1,26.993368810236547,5,0.9072480203635203,0.34742180681863166,17570.61015836939,6.393339873092391,1.0,2,1
54.730840663346314,3,1,1,10.330215954277921,3,3.612369751137818,3.7046484085435467,33569.0795092827,3.110534859479737,1.0,1,0
20.604839846911098,2,1,1,14.174134992749186,3,0.1841470843114038,0.09135009491791733,12250.556669416981,5.570862651101778,2.0,4,1
53.73838435330192,2,1,1,9.058892010104056,3,13.007131114747965,19.19772022110521,40353.93860936562,4.532371963029051,1.0,1,0
49.54711595337936,2,1,0,17.824340676776487,6,0.1298532486441523,0.1019753259835384,4494.97328722862,5.60435206104757,1.0,1,1
50.659785635942725,2,2,1,20.78901024940062,4,0.7760562314138858,0.4806663865050926,5311.348746530522,5.8494991540166055,3.0,4,1
1424.9422333899406,2,1,1,3.549286296954279,1,3.0893087073689056,4.166829214042968,13509.442881580908,4.693978832864758,1.0,1,0
1452.9966614992247,2,1,1,13.968117122263756,4,0.4812341334230228,0.1586094045261493,6728.794020696282,3.924683487378781,1.0,2,1
97.75644425781078,2,1,1,19.45247740426466,5,0.3980743517224533,0.2088979473257794,13235.356363727997,4.894287437834628,3.0,1,1
50.01617713658981,2,2,1,24.45940014549776,5,1.78859073424042,1.3551705417774824,9691.60345214361,5.157637985224744,2.0,4,1
73.50425966428175,2,1,1,7.736726324264982,1,11.763242192947088,12.199725875673634,10863.468988470126,3.853278543900848,1.0,1,0
513.8887696943441,2,2,1,6.657015823676474,2,4.257211000662394,3.5864227635461168,16424.42580019629,3.7725349986115084,1.0,1,0
83.1147375599576,2,1,1,25.80400211067941,3,1.1180030035043267,0.3540547366281535,11459.066044873734,5.025383858105483,2.0,4,1
67.26792596178802,2,1,1,4.425954139078055,1,7.437171376921414,9.849610445107741,21748.93690615668,3.7790731389543617,1.0,1,0
114.3272708698651,2,1,1,14.757995450406204,1,1.2640582549881303,1.2377515609664376,25952.98641535282,4.231595319560929,1.0,2,0
45.49279713282617,2,2,1,38.60837391330962,5,0.5248904441396833,0.27974876257970593,12176.108207112788,6.31418857361632,2.0,4,1
513.5220232419113,2,2,1,2.106277484765842,3,3.714075909592902,4.190897088434601,4539.248808704602,3.949309126184495,1.0,1,0
131.30822797445128,2,1,1,5.36442948672419,2,9.408444388282375,6.266086726302337,38710.366737399294,3.6207962114135217,1.0,1,0
507.2501488374246,2,1,1,6.533242773019097,1,0.9368837927735407,1.2284486119531706,9233.919577851013,3.994098057395777,1.0,1,0
509.94379498803863,3,1,1,14.488753254547067,1,31.216291145095706,46.76699573461344,8729.600441512532,4.131730508985867,1.0,1,0
504.2549264183305,2,1,1,4.283660627946473,4,5.948991750138882,5.896968185996313,40169.50628949475,4.31512829842487,1.0,1,0
752.5757220107641,3,1,1,26.745456189481636,2,2.4799958163998306,1.7984715948590433,4724.1523075543055,6.307848934942851,1.0,1,1
527.3299658642956,2,1,1,8.949787284771624,3,7.374496937826003,7.383835524314972,18135.04277848578,4.112174621854444,1.0,1,0
504.58272130242875,2,2,1,6.760572760396514,2,2.3987049468857347,1.7922565583559606,16288.534578498473,4.228954498322834,1.0,1,0
131.27776708927027,2,1,1,13.024595461053643,1,3.6661615007198054,5.097151396907045,14353.055822322169,3.6485126155368865,1.0,1,0
51.55608627679899,2,1,1,3.0913249180892923,2,1.920983412983683,1.7494275616636707,10814.947326981071,4.827912490860236,1.0,1,0
58.96984017667749,3,2,1,13.230010703896902,1,6.851023140402803,9.33419295309361,15991.200531725786,3.9009307739255736,1.0,1,0
1426.2591562437067,2,2,1,1.5634067971774792,3,0.3224719495650593,0.30104996241440674,13976.307049044311,4.212744344026681,1.0,1,0
102.85393763287487,2,1,1,24.354862769906152,7,3.0175527031095326,1.199400335064591,9159.022179257341,4.948324213480084,3.0,4,1
133.65035713623433,3,1,1,9.829624672400575,2,3.781125381526344,3.301408180380462,34785.74184677705,3.436746078505988,1.0,1,0
134.49594949759955,2,1,1,5.084932500686485,3,2.889964886959957,3.9117356350310306,9008.377492132748,4.0378684223579135,1.0,1,0
50.35395411915269,2,1,1,3.495693046120692,1,1.2656762409097937,1.2462899172012813,32475.762177336666,3.8948785155820804,1.0,1,0
52.03849262441192,2,1,1,47.84264050379109,1,3.8616628511694433,1.0981221457875487,10262.555881000839,4.525059048931378,2.0,4,1
136.24347991899995,2,2,1,3.5737363188037055,1,11.394326470794185,11.901615622609764,7610.555432515825,4.320909893892813,1.0,1,0
113.11868792905602,2,2,1,5.103758292333945,5,21.49356560544822,28.439958194017184,12079.020534861593,4.154245584394409,1.0,2,0
137.13659676516983,2,2,1,2.632158972254148,1,2.864404528840236,3.343643739907475,5339.371769030651,4.330885568432743,1.0,1,0
65.93342911775126,2,1,1,3.375815169524791,2,11.476247309456955,15.166071676455049,13276.323513563326,4.3646492316616285,1.0,1,0
71.68454354490919,2,1,1,5.721281872795855,4,0.7301599149256138,0.8190986924853378,21346.870665261424,3.5168277556675784,1.0,1,0
54.48105066495039,2,1,1,17.39887506356306,5,5.770555750159936,8.26001379774033,14682.642710733979,3.995301208842831,1.0,1,0
133.2320637458714,2,1,1,6.650250531036997,1,0.8001493636766611,0.5158555415124012,26629.61753417757,3.7660227436619893,1.0,1,0
744.8606269330152,2,1,1,14.069045446001862,2,0.27044527871631996,0.10417606173295264,5921.086454333251,3.0,1.0,4,1
65.61419960927276,2,1,1,9.3436594425967,1,1.2889332655480759,1.6903467637812868,13235.34325631687,3.968585287406326,1.0,1,0
1428.992067743791,2,1,1,9.542250967337514,3,1.3119985182012301,1.4777560828597756,13691.960827194242,3.485749372968052,1.0,2,0
129.76765009458683,2,1,1,3.824654578165701,4,1.8538449704795874,1.564425947532723,8120.690779224295,3.696041242683794,1.0,1,0
115.00072355236759,2,1,1,2.8695155294096217,3,0.8397288087847089,0.832525742266831,10814.860061534664,4.865145253087908,1.0,1,0
30.484424839834332,2,2,1,4.88277542858824,4,4.82893682162047,4.772193490730208,6966.899347367131,3.5029842098543837,1.0,1,0
1470.386239712144,2,1,1,17.678802431021616,4,1.7699019652809234,1.0799555044576323,16442.442835863814,4.956121549380324,2.0,1,1
117.57444293064657,2,1,1,9.637933136473674,1,6.756032336720521,9.094470532813817,16924.813935946917,4.218726831703473,1.0,2,0
74.23244780605842,2,1,1,5.749954118662387,1,15.766852348069838,13.664182022693836,33490.063055489365,3.4312912929522,1.0,1,0
500.519508051972,2,2,1,6.250669456216829,1,4.290108932360976,6.422727796199881,21208.920413830037,4.040505987135199,1.0,1,0
525.9728945288733,2,1,1,6.888439864328709,1,9.396288119479628,10.178010529309681,17733.413003648646,3.6619021719635945,1.0,2,0
503.88978205907836,2,1,1,11.521412309690978,2,7.220990508725674,8.263712127322975,22196.94358871604,3.777477554056219,1.0,1,0
57.734882700052054,2,1,1,6.053050694093125,5,12.804623566772493,15.518196032882546,8703.573829263649,3.641120667764079,1.0,1,0
80.18931549093749,3,1,1,11.907435341222651,3,2.0497160421022635,0.7702705163796315,10702.166675541208,6.704453211350173,1.0,1,1
61.235671753004084,2,1,1,9.699710891519155,1,1.841484084852637,2.0308471173710823,10232.692755077702,4.337920104238728,1.0,1,0
511.7436790086485,2,1,1,10.133913488015303,4,0.6461954978314326,0.7494294464690963,13496.686612764843,4.0882828937416695,1.0,1,0
78.76281735215474,2,1,1,4.3702043053724395,4,1.5878734852571945,1.377605060407415,20082.83057395766,3.6967393754664406,1.0,1,0
133.33063096929104,2,1,1,4.673038461639416,1,1.1097770609599689,1.128820760711279,14867.22469307003,3.6788088392967446,1.0,1,0
49.60214821387693,2,1,1,8.360135301771077,1,8.991892758288209,12.115810988512672,10057.246567607774,3.3147193824775334,1.0,1,0
771.9072680232821,2,1,1,27.929577821434687,9,0.32758519234838995,0.11725550675522968,4144.920422704527,5.270794464522093,2.0,8,1
49.70288940556034,2,1,1,4.120644734281388,2,4.290759494101382,6.382207576406921,28466.153932409477,3.786608429405603,1.0,2,0
55.88015651710134,2,1,1,6.702404264993109,3,1.402099550233652,2.0143314832251424,9541.445852258614,3.501248770086445,1.0,1,0
1422.1064275018744,2,1,1,2.1791303042471704,2,4.3824436387521235,3.2794881731405323,19401.68551595879,3.187052124379733,1.0,1,0
67.66935161878925,2,2,1,4.299579889035334,3,1.91859665768748,1.3983147447403628,10766.6523893786,3.851355394485134,1.0,1,0
68.97009503597182,3,1,1,13.507177835519546,2,0.962533747489896,0.20403634285356878,13061.566195191448,4.646153339860951,2.0,2,1
1430.840445283842,2,1,1,2.2269299852543836,3,5.189958683640708,6.894619120397768,33828.1737769898,3.8474760289455996,1.0,1,0
63.47794330053888,2,2,1,10.202394476744995,2,0.5646272261720731,0.7417475987948825,27960.304122462483,3.8928717563381254,1.0,1,0
124.16919878948191,2,1,1,8.902531152124954,3,9.759543456747275,13.93350702747976,22400.88767189898,4.032759989354762,1.0,1,0
70.67342341677428,3,1,1,7.613804464080319,4,9.82087749621904,11.580036046717286,7395.930953483904,4.669334679350242,1.0,1,0
1424.1807431073657,2,1,1,11.820603940561785,3,1.4338415138651763,1.0566266444120753,19898.010548386945,3.449624926185976,1.0,1,0
55.01535775857774,3,1,1,24.992335592057007,4,1.6985228178446807,1.106236150562069,5262.252650621943,7.5,1.0,2,1
57.38904834044135,2,1,1,19.24614460652785,6,2.5286525144073724,1.4170189148878796,14021.472382934118,6.180059573603117,3.0,1,1
49.90892135464776,3,1,1,34.86228303349928,4,0.3327461763415045,0.18104496568335496,12027.64720807934,4.878033406254021,3.0,2,1
751.125058802319,2,1,1,18.583851094066375,4,2.867345815508541,0.4499313478834929,1419.4948929834038,5.098437446891427,1.0,2,1
75.57577408709074,2,1,1,21.01350017253832,3,3.3270604614814223,2.296867489498805,17549.337905249133,6.269991770958645,1.0,1,1
65.10613512338068,2,2,1,24.35437282847365,3,2.4726768991786225,1.118287036265828,11486.451909630821,5.568842966696377,2.0,2,1
79.93858152413743,2,1,1,29.81680429012532,8,2.8964757634801295,0.42569607286561134,7104.052441138646,6.382646653494946,2.0,1,1
126.88564242437671,2,1,1,1.9864670279436794,1,1.3023453979008863,1.2189676082539131,7918.163197305538,3.6875414020111803,1.0,1,0
130.21540085862088,2,1,1,6.30450618660652,1,4.943214314349849,6.801540354290589,9348.62707424726,4.394374125812582,1.0,1,0
774.0348529512297,2,1,1,14.426594250693974,1,1.4621219625105035,0.9467898011212083,17029.549518883083,5.514332287927705,2.0,8,1
1415.4489910600012,2,2,1,2.3574723409463196,2,0.7014805856756491,0.524447868201478,18319.39908894069,4.3679598296369555,1.0,1,0
36.386412143729196,3,1,1,41.30723797962628,9,2.0072324205671586,1.1738326465997457,2885.366986467421,4.753307203905831,1.0,4,1
126.87038247942395,2,1,1,4.7986537224113395,2,11.597323331802075,13.538058455717671,28058.844998251876,4.1546655553228895,1.0,1,0
77.44871072166151,2,1,1,4.700776122699228,1,1.1996295050859853,1.3754173907574059,14230.185723457544,4.285737924189179,1.0,1,0
66.00014503771573,3,1,1,6.640966377183255,3,0.10433119574130992,0.11429434167572926,8001.112010440641,3.5272413392911948,1.0,1,0
134.03155530514354,2,1,1,6.670535978676069,1,0.8421343654808797,0.9905509382890184,26597.778184437644,4.085818654529447,1.0,1,0
505.1954026149749,2,1,0,4.258936919346979,1,0.3067931159189522,0.44466129038316216,18234.84796355384,4.164106903617124,1.0,2,0
747.6533478529853,2,1,0,40.909866289575255,6,0.3341129045698631,0.2650445866588576,1045.1197180130741,4.590779982164124,1.0,1,1
54.71576222745885,2,1,1,18.701369042466986,8,1.8556538054485598,0.31325900280154034,3165.164143621394,5.924123167122986,2.0,1,1
52.15792465793412,2,1,1,5.285208628483106,3,0.1603514855691969,0.10136650710296635,18081.71969002233,3.824791906830435,1.0,1,0
42.21861463965969,2,1,1,17.79096857064183,6,0.3518333950376441,0.18223601965470015,10357.29992077431,4.726151034299825,1.0,8,1
488.01543452370584,3,1,1,6.428654607672979,3,0.8391890255762473,0.7348137097616867,11107.640019514356,3.505157974007263,1.0,1,0
1472.6476709767476,2,1,1,40.95596876295048,3,0.6186980059518872,0.4344131565468663,12687.805600742795,6.313909810424523,2.0,4,1
739.0799049178013,2,2,1,36.681811095820265,6,0.17575565853579306,0.07477514204875092,10158.467779922117,3.9034683315104957,2.0,4,1
143.47885717712765,2,2,1,5.093978545212447,2,3.3183097751315316,3.380685327458988,6310.897578074996,3.24262718316002,1.0,1,0
1417.7242355216893,2,1,1,8.703632815460564,1,2.22452273269201,3.200095329233885,12805.903499889399,3.7901829565439016,1.0,1,0
1454.8908327329193,3,2,0,28.73947744755858,7,0.9361441497869674,0.49453193235620346,11872.2601429917,5.998597066995398,3.0,4,1
114.79000990763208,2,2,1,4.105808414441592,4,1.1123871082788006,0.8312946552705415,17428.56789567828,3.799132901220947,1.0,1,0
101.17939168959093,2,1,1,19.617253317582804,5,1.3307597725042941,0.36903843309424234,2431.503663085914,6.3257207672354046,3.0,2,1
54.80167007721809,2,1,1,6.177160552495713,1,1.6445916682771509,2.0415721941524843,15355.991554118476,3.149687882409744,1.0,1,0
512.8594116423976,2,1,1,9.145217140757932,3,0.5697591400772627,0.48646783556615475,17227.189501402503,3.7170611612572206,1.0,2,0
1422.1223938810695,2,1,1,8.022120548177654,2,16.994310567357246,15.425092222343109,27998.81042099689,3.0675559178117733,1.0,1,0
499.9592988504184,3,1,1,5.70516601939458,1,1.2266915174694772,1.7662279349298473,21998.84177238679,3.4171403148903576,1.0,1,0
518.4647161607038,2,1,1,7.891264610627772,5,12.779423179867534,13.576130479234893,8304.894727157904,3.843322884928803,1.0,1,0
58.016870474351876,2,2,1,4.118416470636284,1,2.004778726842238,1.6715474103247014,3847.6845339422707,3.7049313617660387,1.0,1,0
511.41553233786414,2,1,1,7.431727890334005,1,4.130347827680717,3.8716611950502418,54348.44068510557,3.8411442836907965,1.0,1,0
69.60978764701743,3,1,1,10.620133894857393,1,11.289446482508794,16.776929285289967,7515.804518967313,3.8398416405675126,1.0,2,0
63.33689762769261,3,1,1,4.735561872356362,5,10.060974540979329,11.122009546807623,3633.4183573646633,3.843765971787215,1.0,2,0
757.4896841730646,2,1,1,24.19570684711099,6,0.5342698111453426,0.05417655671427765,5844.434096850308,5.279083473012383,1.0,2,1
145.09772663555043,3,2,1,11.05526356057707,1,8.029773672750258,9.415235968287622,29884.32702590856,3.6205394354270943,1.0,2,0
1450.6919377389281,2,1,1,31.873903219922234,4,0.81035653796326,0.22477610686448796,8799.52158124096,4.918295412694757,3.0,2,1
33.82614505710668,3,1,1,23.300840320545788,7,0.20044690213216967,0.08635280890033321,9280.556300570663,5.113904869572098,1.0,8,1
129.24943098079572,2,2,1,7.863038475574927,3,2.6924120738460435,2.475517320403694,19186.450866200445,3.6071049127068355,1.0,1,0
39.37752574718823,2,1,0,28.49461401642958,7,0.3976677810811326,0.20354197219506961,4882.895834598222,6.6876684924173855,1.0,2,1
48.241404892840485,2,1,1,26.621159615859735,7,5.913562907015786,2.3411384445981684,9496.128843960669,6.0712780656859024,5.0,4,1
1429.1622669495216,3,1,1,7.392135998826883,3,25.501312600167306,17.685913515864588,38056.23316005265,3.734122092688255,1.0,1,0
1465.3884150139233,2,1,1,13.075042075883438,5,0.1895035007136079,0.11707927130838161,4976.589043892372,6.829608829547773,2.0,8,1
51.270708941243086,2,1,1,10.893563424344254,7,3.552825375565612,2.586553312965474,11067.145261002104,5.783638481614653,1.0,2,1
121.76061270259922,2,1,1,5.269790192251956,2,5.997667072731454,8.981430629251836,38240.49163177657,3.7861836212991102,1.0,1,0
1410.1611924867293,2,1,1,9.335730032595373,1,0.8858710873759501,1.0866809452744028,16741.02317244961,3.970716656662128,1.0,1,0
120.50353509444068,2,2,1,9.801427115655683,1,0.8122859117887458,0.5875263919669884,31164.218317174083,4.073391375991747,1.0,1,0
1424.830364040755,2,2,1,3.923901695755662,4,6.800685838448796,9.000745634307211,37464.49939936416,3.6724865567446967,1.0,1,0
58.81965465463477,2,1,1,8.820245250415791,2,9.121289378718366,10.567225602628445,12020.228743626545,4.093178512005754,1.0,1,0
734.860219127328,2,1,1,23.861622701006358,4,0.1359853608741617,0.07024036039141751,8659.001686528516,5.4355668110983695,1.0,1,1
508.57713153051145,2,1,1,2.0781640874452645,1,13.900215836115208,16.721221369935503,9107.391847037446,3.801962505819001,1.0,1,0
141.20749037914248,3,1,1,4.728896520414289,1,0.4742170354622649,0.5782502829347872,9010.887205081319,3.536737964325768,1.0,1,0
123.88340618262727,2,2,1,5.913320641251394,2,29.947515378132668,42.016318620140616,17549.228874336954,3.5351149380613425,1.0,1,0
133.0415457875187,2,1,1,8.421322138546467,1,4.417327066161815,3.0083858085217487,14895.299138905502,4.004632692986337,1.0,1,0
511.29612506441407,2,1,1,7.00410802381617,1,2.222768908063641,3.019555313472379,27267.586117998435,3.3011864264124604,1.0,1,0
87.5575964343226,2,1,1,23.17478108601377,5,1.341168680410604,0.5370246464447809,8511.434323862068,5.66139648373335,1.0,1,1
115.49141171345482,3,1,1,2.538669563182126,1,5.9065127311219285,5.660662088967558,17086.734215284214,4.058144246516169,1.0,1,0
75.31528241991116,2,1,1,9.79306434569243,1,3.355621083372145,3.244668955038094,20712.554111435675,2.8313021128017213,1.0,1,0
59.47927892276925,2,1,1,37.708897618546224,6,0.06862087970666503,0.007840174970685374,24538.055805673237,4.302544704682997,1.0,2,1
41.29279417143753,3,1,1,26.567364539756923,3,0.866183191284851,0.402543158316674,9988.190789009719,5.095480678491356,2.0,8,1
78.38666894428863,2,1,1,5.273777507305631,1,3.2779685602411743,4.682422665643134,28087.053589870677,3.890702031345071,1.0,1,0
1405.1273773526866,2,2,1,3.72483789178544,1,0.48688009689074874,0.3677253087515812,16852.037843810267,4.231909532821158,1.0,1,0
1424.5262981791434,3,1,1,3.4473271996309696,1,6.709666580395176,10.028156243042112,21795.878541660237,3.999905369813553,1.0,1,0
139.46368010634163,2,1,1,5.686293110990256,1,16.959784998461522,10.763287087667496,14890.455764494018,3.9019873102083196,1.0,1,0
133.46416989788432,2,1,1,8.008292768253455,3,3.722857150735302,3.7156151151722474,26824.079115334363,4.216895405874555,1.0,1,0
509.26346177165044,2,1,1,2.6927922725498235,2,2.550204592711766,2.8996073044560817,31627.32600009843,3.360780521022427,1.0,1,0
47.749149005437644,3,1,1,8.612672268935249,1,3.5111197355203276,4.477666390017119,23900.49290250402,3.8704383699806355,1.0,1,0
517.6835543465842,3,2,1,2.3549496513032677,1,0.17347779316184525,0.19655341773292442,28052.024004454106,3.6414732082420183,1.0,1,0
44.153019570120215,2,1,1,5.525578282295972,1,0.39783589341760395,0.35022366481458733,21347.141143014996,4.15732374026619,1.0,1,0
70.66307503778982,2,2,1,20.24297340750153,5,0.2342662121289089,0.026474524496201128,1338.1604831383659,6.1966034407911685,5.0,2,1
88.55935699263004,2,1,1,33.26705148950582,5,0.03555258299512155,0.00900172507597749,2810.6021145464265,5.689402879616935,1.0,2,1
1410.2582237173328,2,1,0,9.050223150443083,1,6.743510562676998,9.877632092843971,15947.208857125588,3.4064851497218847,1.0,1,0
124.64344042338239,2,1,1,5.324066080225172,3,1.3371262003287663,1.9637349295522333,15860.254372817131,3.6324502832980134,1.0,1,0
42.1989125003038,2,1,1,6.926664113843987,4,1.8656707275236672,2.3320378120888385,14966.745788101793,3.6865279080645754,1.0,1,0
126.4582786321065,2,1,1,6.884855223675234,3,5.824722654997903,8.520290687653599,40014.24369186912,3.890271492386478,1.0,1,0
85.81534153958921,2,1,1,9.074682873129465,6,0.11493161653474478,0.1402787470545911,9689.43368691234,3.562022243769481,1.0,1,0
131.43177803689116,2,2,1,5.682111181573322,4,1.5053044517391032,1.2528549810389116,12278.665324870577,4.549570331298417,1.0,1,0
93.50146672382388,3,1,1,13.405741264367117,6,0.4531241546235303,0.1584428359277593,2236.297703640073,4.44847000904592,1.0,2,1
40.77101659440706,2,1,1,30.358288710879005,10,3.205884979530147,1.8728896361943117,3774.1387113046417,5.353266005966453,1.0,2,1
59.0886696639432,2,1,1,4.512224525852474,5,5.69135435355833,6.917914383410247,5655.1211919277575,3.459480282850504,1.0,1,0
118.09988158471543,2,2,1,6.789059841945605,1,0.3161583329148845,0.3460543140483888,34918.04183100695,4.147611776245332,1.0,1,0
104.13992446678647,2,1,1,3.339924597858095,1,0.9109176788632866,0.6729855051880329,21402.433745006474,4.189318253513443,1.0,2,0
94.32199810050211,2,2,1,28.66597587973217,6,0.36590775505372386,0.039578635431405176,9315.982832998916,4.557481391712889,1.0,2,1
58.015438060017125,2,1,1,4.048855236802462,6,0.10975083992196544,0.08073856539522842,4692.532456247508,3.8930841459165353,1.0,1,0
1427.708161113318,2,2,1,3.5937004531140295,5,2.7820837858592724,3.825235348590313,15102.425958996675,4.195547547025324,1.0,1,0
53.73347790123062,2,1,1,49.84550135699441,11,0.15466175108731095,0.10349225187000773,7935.536215661449,6.079419757159936,2.0,1,1
511.7173307873754,2,1,0,5.962236765417065,2,6.12005822292031,7.9818112709756806,15587.29591226947,3.9369240238997927,1.0,1,0
55.37821151150365,3,1,1,11.85900416936894,2,0.520889156915076,0.7177804342770451,13911.24560460563,3.5249971635338535,1.0,1,0
65.40964422168906,2,1,1,7.983683466067341,1,2.4540946327980584,3.6267523747461974,7865.0337155059215,3.842061337334389,1.0,1,0
520.3582723982963,2,1,0,7.9648217856145935,1,2.9764379193097117,2.0587121964007693,20788.95237182903,3.801598072680895,1.0,1,0
1425.9050873827357,3,2,0,5.443552715892035,1,6.159015992385657,5.20860533231202,17786.129517301913,3.7835796138394144,1.0,1,0
727.2177538808857,2,1,0,24.80152618507446,6,1.692714819872309,0.7102358847642288,28612.784551797766,5.234668642077582,5.0,8,1
46.48626200639708,2,1,0,28.01975275532392,10,2.9940292679436853,0.8122797845718778,6538.79771820443,6.9515582894352805,1.0,8,1
66.97824809047106,2,1,1,6.8038840674401,1,6.313361765535895,7.8877831926109145,10703.355796337755,4.260976980260798,1.0,1,0
509.16227120484274,2,1,1,9.493877266480203,2,9.706522932904953,8.174403492674465,9995.59770987269,3.5092190992373906,1.0,1,0
61.47306715828135,3,1,1,2.776565918539468,1,5.13863088459523,4.634212058517456,17992.307227438763,3.3065760856740756,1.0,1,0
117.48253533439218,2,2,1,3.6462339667141284,1,2.093374386678817,2.113013059159259,7913.548618307513,3.7294478548794734,1.0,1,0
1422.0244612234108,2,1,1,8.1429378836761,1,11.770597126284498,13.285417797106792,3994.8725682064164,3.6686162223395202,1.0,1,0
69.37186926050698,3,1,1,6.992578898457025,3,5.520526475577367,7.870878184036852,25395.009261335388,3.9842827083744496,1.0,1,0
91.72557717185882,2,1,1,22.418615579798985,4,1.158583707277326,0.5107108432263175,9178.549645514906,4.727046100743447,3.0,2,1
137.59078194738143,2,1,1,6.423384920255503,1,3.031392003519556,3.0087068816135294,16269.421846477606,4.022887620921974,1.0,1,0
759.1573468010238,2,2,1,43.84525954480487,4,0.08527246779685947,0.017955907182441572,8839.892569033751,6.202169651699028,1.0,8,1
515.2996648061868,2,2,1,13.560536038264226,3,1.942659742173916,2.2415878661726936,12585.821085925947,4.047590647180207,1.0,2,0
1420.4309676651433,2,1,0,6.813134627934183,2,2.026401643990131,2.3625273241608373,44215.42599675434,4.017316790106239,1.0,1,0
1424.9734991288376,2,2,1,4.719305546549441,1,2.374661266454794,1.749422441188799,9555.049048679339,3.531126417602886,1.0,2,0
114.2417948429651,3,1,1,1.4772540064000068,3,7.503547189532319,4.822674006525852,10678.977304883803,3.7273056034630763,1.0,1,0
141.70890324921814,2,1,1,18.15622671084739,3,7.763012849791483,5.940948863117712,17967.71219312161,3.4783409493558803,1.0,1,0
63.526050686807906,2,1,1,15.883213372251934,7,0.2257021251209833,0.14397313472756038,7513.5031760838665,7.036187924062581,1.0,1,1
94.97505253314624,2,1,1,38.67670222808571,10,2.0875401678996575,0.9349946377633497,10000.577637839227,6.426083071578049,3.0,1,1
78.42429815628171,2,1,1,32.20507210683557,4,2.906288483991267,1.336157837093513,11316.404607101396,4.470192957014474,1.0,4,1
1454.8716148228216,2,1,1,27.122284558590167,4,3.927864407917733,2.1223324115282525,2768.216651348618,4.656360431651742,2.0,2,1
33.23005993073411,2,2,0,32.60795720858193,8,0.40580382160850487,0.23639673293800395,11548.48580452148,5.571632748428807,1.0,1,1
54.67903304957867,2,2,1,2.7097445961872424,1,11.612093450565363,8.219132584921132,14375.998139666515,3.497677947683696,1.0,1,0
145.72345338245475,2,1,1,5.945734445755156,5,2.3214411673045543,1.7012795955787363,16875.584413858654,3.8967382291984896,1.0,1,0
74.23919945580664,2,1,0,3.75810832380386,2,4.5860594292716925,3.4406654959464005,48258.99529926586,3.546168276157148,1.0,1,0
127.17144481626595,2,1,1,6.862933720715886,2,0.5805017593891867,0.4401403109725192,32741.584424950965,3.2522882492641694,1.0,1,0
54.65057163601608,2,1,1,13.792544196152072,5,0.39898857081450195,0.1041404368473946,4932.332637994823,4.1449778009055755,2.0,2,1
121.01909688831165,2,1,1,6.8805478036764915,4,6.658064319777097,9.028293205315796,15938.117250999252,3.571263440853814,1.0,1,0
59.98294440320779,2,1,1,2.0624469887321517,2,11.210393872264873,12.569453470324978,28560.92143752273,4.622146400469851,1.0,1,0
1422.372507460237,2,1,1,2.361719245132127,1,2.9232198311867297,1.942224835973297,15680.694024669718,4.2851922719867055,1.0,1,0
1413.408611576128,2,1,1,4.424969224767968,2,16.314379029673088,24.17077604707006,14977.788597308636,4.006054645419067,1.0,2,0
58.47468977071293,2,1,1,9.321613500692358,2,1.380679851685031,0.9428723188045067,1210.3772683182965,4.537223943646358,1.0,2,1
68.56948918936293,2,2,1,8.999080210193185,1,1.0521675630613714,0.9110091217364347,15827.97046948935,3.980530838159909,1.0,1,0
36.02110034042241,2,2,1,24.691092538572004,5,3.5756351140416163,2.487849481433671,23008.89796987365,5.624085516776327,1.0,2,1
517.9672166517263,2,1,1,3.3426813419547745,1,11.546645429404313,12.155046467671767,3484.461606271143,3.4853697677592272,1.0,1,0
511.94201934470146,2,1,1,6.746835792144347,1,7.202316121639446,4.365870571407129,7171.773205985859,4.3051680606402485,1.0,1,0
43.34564447886899,2,1,1,6.710072883495019,4,3.7498457305955646,3.7088459366172546,46013.233462023105,4.509225230491874,1.0,1,0
776.3136769865231,2,2,1,18.65666197630084,5,1.9910287515269323,0.4341834573825929,13060.609355144581,5.404118534699155,1.0,4,1
47.85665718282905,2,2,0,30.229229116421365,7,4.69683472969405,2.1588729547648047,5757.404529777075,5.434942057770508,1.0,2,1
1454.6948565961836,2,1,1,33.82158165947153,5,2.827533814446482,0.9514213441979963,8292.959837019942,5.321630641032256,1.0,1,1
1405.6423589372857,2,1,1,10.539942704925831,1,1.8622485844740635,1.1580998774983717,9190.212730951236,3.8896651594671203,1.0,1,0
508.84503596963214,2,2,1,1.3036316829745462,1,0.9960167500634284,1.2568160159910613,20161.856680034743,3.9793961267365505,1.0,1,0
127.20056815972764,3,1,1,3.634855654427681,1,1.4848046775578494,2.2032684405548895,24825.612777512222,3.601597037183036,1.0,1,0
36.66483949485103,3,1,1,30.61157535183032,3,5.61532467025348,1.0073237426929988,937.574126788753,5.097567882205525,2.0,2,1
84.67732099293994,2,2,1,18.640713903000368,11,0.6653295833366499,0.45921723751812243,3781.2384127000905,6.024498583769592,1.0,2,1
130.98417850156397,2,2,1,1.528794645261561,2,0.72791276877952,0.4741210288797684,10233.103395502223,3.70910679771112,1.0,1,0
759.0095046443944,2,1,1,16.347390817052283,5,0.07453045426755649,0.024015824620002114,8884.876328282524,5.435314418536508,2.0,4,1
490.718258048096,2,1,1,5.619773653207705,3,0.9104331834154605,1.2752114746708099,38521.3105716813,4.064242948193605,1.0,1,0
141.35737357062774,3,1,1,9.330880444950271,1,4.780356311401727,4.224690186150706,7321.445862229857,4.2856885615733145,1.0,1,0
70.01783196861638,2,2,1,11.594236032744496,4,0.689365517048264,0.14779532591636207,2935.0678319906015,5.29917647132549,1.0,8,1
136.69033655008133,2,1,1,3.388478377464289,2,1.977999921356996,2.112985111773375,11528.44190742074,4.086382904853066,1.0,1,0
519.5146369607664,2,1,1,7.608993189902987,3,15.739840292944974,22.600265588483524,11121.787211156989,3.783693399399909,1.0,1,0
70.15144921031552,3,1,1,22.869681739861353,4,0.45685593431122967,0.05041340490391195,6269.18791123545,4.701915964142862,1.0,4,1
67.71689655608739,2,2,1,7.7494024389599225,1,2.3049207426795757,1.7656916090695471,16492.063644052574,3.428175069854388,1.0,1,0
1456.3113284035367,2,1,1,3.1455025104128467,3,3.6353763533013574,2.8993310189222803,21276.989490383676,3.3962659771646355,1.0,1,0
742.6863217745383,2,1,1,22.190909356471366,3,1.1360575972272322,0.4031275372802809,7602.158170848064,4.832610228987523,1.0,1,1
1460.4825906362787,2,1,1,30.176041995858057,2,1.6054446723585858,0.31382657952500004,13461.64554082791,5.7068529794633704,1.0,1,1
66.4286725268866,2,1,1,2.6958519911722885,3,3.5212378732162937,2.5691928034193086,21491.013253527017,4.137011722871484,1.0,1,0
61.10477746395958,2,2,1,34.76479682273157,2,1.584316854801983,1.1677625624115193,3936.8256442794886,5.514444717402168,1.0,2,1
516.7080924364714,2,2,1,4.815423992270462,1,16.019620615489487,9.888166951374807,6756.467947690077,3.9207732614102406,1.0,1,0
129.83869783213387,2,1,1,2.8395117722510195,1,2.4510129514674266,3.34169185092955,7837.9321944155645,3.646353955693063,1.0,1,0
83.28157868906816,2,1,1,45.87738196683895,7,1.5202056888513875,0.566952679780711,10187.791621316697,5.159634856313573,1.0,1,1
105.67091707620628,3,2,1,18.296179975943872,6,5.517660201790562,4.331300996151515,3629.9360302808072,5.139097723402147,1.0,1,1
746.9714169830062,2,1,0,19.86027212621127,4,0.9694910773477372,0.7017263364052574,12372.916531893157,7.255998224364076,1.0,8,1
123.19216875688153,2,1,1,5.065359678689591,2,2.3755448875909098,1.673055740033653,20952.075016295985,3.6536472545366547,1.0,1,0
507.6115286293742,3,1,1,5.683553612774581,4,3.076578246897495,2.3895310999507253,10381.609183743001,4.1859635122495735,1.0,1,0
1413.4841254621206,2,1,1,5.323963523444452,3,2.8723771180822797,4.129691024177749,12297.41538403235,4.111386376843424,1.0,1,0
30.346087151767012,2,1,1,22.221123548875244,6,1.8533909316507755,1.3799961621437002,8304.920765715806,5.7596400748144365,5.0,2,1
147.31677188016812,2,1,0,3.6289392514592937,3,3.3279755042233927,4.401662969154223,25601.517615223474,3.907125956354819,1.0,1,0
122.23594719515307,2,1,1,8.558670318323498,4,0.12513760439884392,0.10913028713178438,25962.70171910952,3.4233845677359036,1.0,1,0
530.71633841258,2,1,1,2.2850701975880297,1,7.5240270436980365,6.063115533819019,14357.902238877154,3.153271816913219,1.0,1,0
67.54473311960835,3,1,1,6.358484055840616,1,2.082447538202997,2.7821532358397,25192.79550458262,3.474469502274334,1.0,1,0
72.02288321526177,2,1,1,34.92859033407622,4,0.8203521276313758,0.2588067909406442,6847.026066450799,6.0380089287285195,5.0,4,1
500.730736683836,2,1,1,4.027490516191882,3,7.000110075854318,9.369786611458524,3055.137379775321,4.015192845481886,1.0,1,0
59.692065977636574,2,1,1,6.9028626312972,1,1.9105924094425317,2.6675186675299747,23887.923368866068,3.3834467432277067,1.0,1,0
69.64335194105175,3,1,1,3.5936132695450937,2,3.9695435086016135,4.884886014380263,8254.917704199894,3.6974403975715213,1.0,1,0
734.1081413479436,2,1,1,22.951896022128174,8,4.128374733926233,1.0940598143566875,6408.821593788146,5.233451173793069,1.0,1,1
33.12374427323739,2,1,1,24.956189907095332,5,3.844350764646615,1.949579469195161,8297.144363817197,4.737425947997044,5.0,1,1
527.2046652384785,2,1,1,2.6588916240465057,1,6.044617194345909,5.690056129140875,23610.737129426027,4.422558845604841,1.0,1,0
746.5613720351828,2,1,0,13.558327573706269,3,0.01713431936462042,0.006966319374609662,7160.186881979545,7.165212639808006,3.0,1,1
56.29154342107126,2,2,1,5.560408784135468,1,3.1141733829042715,4.602215995203603,21088.267797221913,2.949802309457419,1.0,1,0
119.37292476979364,2,2,1,9.369483436570675,3,8.11175555443465,6.364421479473153,14912.804950311653,3.722102642154492,1.0,1,0
76.8804442252355,3,2,1,10.104217820142328,1,0.7239534651448996,0.9900368667788941,37210.97881972881,4.253088034909298,1.0,1,0
749.5720295871971,2,1,1,22.787255039908988,11,3.8294579955674477,0.9270818444103308,4223.542410574776,5.052710945146909,2.0,2,1
742.5812469683812,3,1,1,26.706754890904644,6,0.22186447040659957,0.07138120306222902,10951.920912978892,5.778112261923215,2.0,1,1
52.37747304569832,2,1,1,9.866916172532456,1,10.567108625194335,8.777433106931486,24798.475540153577,3.8750577599689784,1.0,1,0
134.20608857796572,2,1,1,8.90946853573682,3,16.873767205890978,18.89547892661564,44448.562875391835,3.50729202150581,1.0,1,0
731.0126575817246,3,1,1,30.92324501484837,4,2.825665427189949,0.8661957312418499,9359.187992550094,5.3945423258873495,1.0,2,1
489.9979917704829,3,1,1,2.627266850417218,1,1.284145302201547,0.9689342832153557,15291.80036271425,3.7002423632008727,1.0,1,0
1469.2913878744434,2,1,1,28.042015899596755,6,3.232753405819732,0.5364128511902131,21068.469426064163,6.78550422960565,1.0,2,1
139.46030143357467,2,1,1,10.340821728370363,3,4.72744993028128,4.327858999863836,6070.333082295542,3.4328579108606334,1.0,1,0
1462.9332855833704,2,1,1,31.285502912301727,6,4.0312655998427935,2.546674311214474,5882.231959022473,4.628974959452326,1.0,1,1
142.85428981914077,3,1,1,4.421221661310176,1,0.25902419162606266,0.26900227972632895,27857.053020625834,3.9758466922842133,1.0,1,0
151.76720288411423,2,2,1,4.3329173786770365,2,3.0356370112190576,2.2212412372498664,6535.266674496802,3.4150132148595245,1.0,1,0
123.8270467085215,2,2,1,5.840253824403528,2,20.6293776018576,25.73410707817313,13848.8297955644,3.694246276810036,1.0,1,0
90.44612353357267,2,1,1,19.98039799087239,1,2.0463544265811002,1.5900730346561534,6475.814468806459,4.689063045602772,3.0,4,1
1407.6623625003324,2,1,1,9.854159831832051,2,16.011599198864328,20.738087613966442,20742.720074414403,3.6281596822058493,1.0,1,0
62.64016955884773,3,2,1,14.38890133578597,9,4.028243616383508,0.6538736232907223,16977.266825005052,6.399145897767841,2.0,8,1
506.8270724689894,2,1,1,5.152092471088695,1,2.9495319516319363,3.1847499538577435,16328.267112140571,3.7520941819973235,1.0,1,0
1429.2284609660105,2,1,1,5.555311360781991,1,2.0415558783352354,2.3923335352188246,42249.74812955509,4.4005150896628376,1.0,1,0
501.1596761910667,3,1,1,7.568295138999351,3,3.4752853478436454,2.8828569708097143,26912.150787891405,3.8501453193617636,1.0,1,0
124.21292260224479,2,1,1,6.454111361689262,3,6.257569302241453,6.158743177794169,19193.055307269824,3.9132785100403646,1.0,1,0
92.90773144986213,2,1,1,3.915506984521436,1,3.0347805931536302,3.460534669801669,9960.81795107892,3.5543300086408336,1.0,1,0
120.32000034274347,2,1,1,10.264513737190967,2,13.827122503231763,11.17951956694645,5801.973641287437,3.760080859026457,1.0,1,0
508.2783183745078,2,1,1,4.354957336416426,2,0.9468741182937572,1.3109928022597324,9523.881392135001,3.4977451659140177,1.0,1,0
1416.7639040845854,3,1,1,10.451639245677933,1,1.8483863188877259,2.0208625673631957,21533.438089322248,3.823654756191866,1.0,1,0
111.5631786204207,2,2,1,3.0456431503884165,1,4.618429904616312,2.904070335975179,6015.787283090761,3.097911308377843,1.0,1,0
746.370025873276,2,1,1,10.559732507735681,8,0.7273461798611219,0.5695774789538586,11832.174274605457,5.5831534184791405,1.0,1,1
1430.7719192908019,2,1,1,5.6440342111250725,1,4.796716875817921,2.9435998294807297,21909.26005340641,4.090942302356174,1.0,1,0
524.9058349842803,2,1,1,13.359868708880786,2,0.7677674710248954,0.48640192655147063,15723.705476010535,3.297293287967725,1.0,1,0
521.9569235482371,2,1,1,3.165540173268606,2,0.4779696661510644,0.34120240417886205,8781.582404355222,3.457632920101877,1.0,1,0
514.4176142543233,2,1,1,8.796791378068363,3,14.810978014738728,18.722318250840882,13604.132111099734,3.757882412510834,1.0,1,0
84.21459746406437,2,1,1,39.45191876147302,5,0.9577301321531626,0.42064929013556457,9127.837999405152,6.135625396603791,3.0,1,1
80.20487486090248,2,2,1,2.2119734531162947,2,10.000194700512358,13.03363449807072,16438.760072247842,4.659250482747475,1.0,2,0
1420.4057971390052,2,1,1,7.456174488765412,3,2.968808594144815,2.3718149966886855,7248.30387815036,4.689358560123485,1.0,1,0
69.73128174646372,2,1,0,24.108798400084776,3,0.6536370437904745,0.16317495912886817,2141.227545510664,6.11148644172018,3.0,8,1
58.86884537454136,2,1,1,6.1913504274411535,1,0.3931096971813558,0.3326456784205216,22975.198759709998,3.969865422070694,1.0,1,0
58.39274914533066,2,1,1,6.210444154129877,1,0.326852937096473,0.27077479761174184,17425.723378898783,3.7214780918262202,1.0,1,0
135.76997203744236,2,2,1,14.377849794011215,1,0.165024521912026,0.23777000545104726,8638.052692726027,3.7476723201821627,1.0,2,0
1424.324322864871,2,2,1,10.348809967739719,4,1.0539865072173469,0.7255169780573061,13303.803935324631,4.114863064148272,1.0,2,0
37.350569922717334,2,1,0,30.17841162614191,7,0.2010286920723842,0.14210452824979225,6534.4473864617785,5.771494604307294,1.0,4,1
66.06567900232021,2,2,1,34.63762947692946,5,0.03691809913356263,0.004855996853662432,3818.789966784456,5.900584572842368,3.0,1,1
84.07057657594547,2,1,1,30.785014850271995,7,0.7061904755345689,0.23931762019805589,1768.1744903769134,4.66716121217613,2.0,2,1
140.90754293328484,2,1,1,6.306187988570566,1,6.190857829334246,4.8002737351379405,6000.898384090048,2.9482570663250405,1.0,1,0
33.457973602904865,2,1,1,28.780661225843808,6,0.48932199914957186,0.10772753445438474,8072.43372771654,4.196930789645844,2.0,4,1
508.96723533759916,2,1,1,6.23303234319153,2,0.16091156637437204,0.21726518082425827,41281.76658581943,4.704987617684795,1.0,2,0
1483.0072622330433,2,1,1,12.778601235197344,5,4.508715509225439,1.1158666778492474,2279.895170802841,7.364869248143934,1.0,4,1
132.9417424557111,2,1,1,5.210907216919183,2,6.358847118555179,6.522107944611596,21863.137194036546,4.17393547549054,1.0,1,0
144.73961162254943,2,1,1,19.380902488527127,1,1.8090873236965255,1.6171165889939878,17147.568235255112,3.596399839056115,1.0,1,0
750.0986929930173,2,1,1,19.417971531670673,4,4.65201682137284,1.6846617190669635,2504.8897527277045,4.691080804256985,5.0,1,1
133.41473305885043,2,1,1,3.30188686136261,2,2.1421669539846158,2.072193853992556,9976.14214648008,4.183601393753994,1.0,1,0
84.64912752369388,2,2,1,21.221466378066786,1,4.763079129901019,3.5869664692302714,2493.9679390938827,6.22350374365509,3.0,4,1
128.98292874939006,2,2,1,7.6813106144262475,1,0.5837630926567591,0.8014338561127629,6846.396658122568,3.486338929931126,1.0,1,0
52.824119349328036,3,1,1,2.9089871831558214,2,7.187341606485168,8.321579815253088,14114.869335781656,3.417626573429819,1.0,2,0
1405.905423548265,2,1,0,4.852774644533354,2,2.8844282049513876,3.6151045467897216,29443.268894539575,4.171128776657303,1.0,2,0
33.5968862424658,2,1,1,25.182589122400103,3,0.6825495579767534,0.22290623034246404,5816.435130461258,5.27943989841303,1.0,1,1
1418.489718556115,2,1,0,5.90778487011452,1,9.133771444720669,7.673971631460013,21834.409321405496,3.755779797517758,1.0,1,0
73.24957869132786,2,1,1,34.320951751360255,6,1.6080434793985061,0.9624229271753801,2675.610886291521,6.712746683923956,1.0,2,1
51.82820175373999,2,2,1,2.402104355236067,3,1.6481837825238674,1.5121599864334954,28594.84360308881,3.888467600725964,1.0,1,0
1441.4977381547562,2,1,1,6.307931148971087,1,5.737485454564715,6.334078132954259,11903.855012689648,4.176696010887983,1.0,1,0
1473.8931483645267,3,1,0,25.89468685363277,6,1.6679401494093133,0.8849528574280012,24775.645498273872,4.40032854394982,2.0,2,1
149.45656984988057,2,1,1,2.7216604603826853,4,6.833547678207968,6.089893412925504,9899.932695918764,3.9920389276344688,1.0,1,0
67.7562253180693,3,1,1,3.518178180870267,1,1.918216716340361,2.506535995404884,17261.48590243635,3.542463374665762,1.0,1,0
123.1266651456125,2,2,1,4.520086353523695,3,3.2069212808475838,4.488943465590224,15165.383188109348,3.8785998753065805,1.0,1,0
66.34953172771075,2,1,1,2.80721383045893,1,5.550316705798659,7.967645863555207,21123.519229393492,4.0668252833220215,1.0,1,0
153.2327236370603,2,1,1,5.412434854614644,4,1.8405339981582967,1.526937204403865,11333.188259103938,3.74011353978379,1.0,1,0
130.9541039879929,2,1,1,2.3692436463854625,1,15.165472677498503,9.680689216721802,13381.814124699526,4.235925220747749,1.0,1,0
77.70476502927592,2,2,1,11.493946576007927,1,1.4032360043242043,0.2575332370419106,3648.8230078364454,5.205841470670763,5.0,1,1
70.98655986525313,3,1,1,20.707753197273885,7,1.13235952942317,0.7608825762914099,7687.043971467255,5.295628937916486,1.0,2,1
57.614528976080166,2,1,0,5.355228330925398,1,4.896184672758205,6.660178269955521,15238.474070730994,4.187042439911383,1.0,1,0
508.6139976549363,3,1,0,5.948578009097689,1,2.1232332145911634,2.8670203657572726,10813.084436689316,4.312907007906686,1.0,1,0
63.874300262217695,2,1,1,5.719308590851519,4,1.9014778195309057,2.523980047863405,10241.090018535013,4.167319164431337,1.0,1,0
522.573070826648,2,1,1,5.70746458206151,3,0.31706524751151766,0.37180836188917826,25736.357285974278,3.1950192325924167,1.0,1,0
1431.0188795242684,2,1,1,32.67619275488622,2,4.378691848655277,3.309748750309974,895.4900547263787,6.572290693031122,2.0,8,1
500.8874919626285,2,1,1,5.4452820257518875,1,3.9136955016196784,2.501940948131637,11505.162298154626,4.130986775905533,1.0,1,0
133.2281977402875,2,1,1,6.201710015474055,2,3.1650089883665182,3.6478949109819996,14891.335499876957,4.2004306709204435,1.0,1,0
74.4345033714745,2,1,1,4.9530946656232935,2,0.9518922840288344,1.0720037050901663,16120.93577997713,3.465202580828919,1.0,1,0
70.70268184728427,2,2,1,12.479520742789603,5,0.5074129337700244,0.6248736445847256,21444.473064234677,2.843459120908968,1.0,1,0
1463.927005354523,2,1,1,20.337586344400123,4,0.5864407209638812,0.3282429314468623,2573.94484484267,5.3666025549402905,1.0,2,1
65.22956112749996,2,1,1,8.812815059880048,1,2.823766599005497,3.089929033628263,44899.762162809806,3.5529166708514,1.0,1,0
70.69265652086295,2,2,1,4.846827434887862,3,3.6262821868542683,4.991611616377771,16157.03904423271,4.163197947665653,1.0,1,0
1446.4158624923166,3,1,0,14.649385328790041,7,0.9384443777682682,0.3773075982907322,2913.263213896117,5.053528643614992,1.0,1,1
60.10099723979986,3,1,1,6.525620890113285,1,1.0301074710784557,1.3939824732291146,14405.76221817859,3.3417853832687467,1.0,1,0
116.83360453423063,2,1,1,34.05004284484835,6,0.3827511157931859,0.2754561961621993,11836.403646365587,5.382956841661622,1.0,1,1
1415.0811379048178,3,1,1,12.308813554628138,3,6.099432485108685,6.36321526069467,15245.658163930933,4.1266776107026715,1.0,1,0
74.77495249747884,2,1,1,5.974007450369833,1,3.514131003503843,3.9556625821688916,15989.581142897367,3.302024611722295,1.0,1,0
497.51459869344137,2,2,0,5.272202300182378,1,0.168709455682366,0.10892868441096036,27763.230799824803,3.818588909547522,1.0,1,0
510.8020803515593,3,2,1,4.804523975676563,2,2.908400108852129,4.085343398033951,5689.645640659074,3.627618090082474,1.0,1,0
104.11861427161577,2,1,1,25.95244722363378,3,2.117402302029583,1.6575402114335192,6247.619480991253,6.573735352363275,1.0,1,1
141.04251821827606,2,1,1,5.100001123877748,1,0.5985529659065948,0.46014166626324104,7478.621066997054,3.7693268896163037,1.0,2,0
69.1128595187856,2,1,1,9.742997632854198,2,0.027318070954209232,0.0039678557149821535,3137.2017884056304,4.050056596492072,1.0,2,1
62.02307417186619,2,1,1,2.4137079148871607,2,0.1477803327492778,0.16548312580677751,27240.663982561557,4.165982275851526,1.0,2,0
1413.0940404743576,3,1,1,5.3039426981662565,3,10.748651286352295,8.34433015540378,29021.15993218279,3.5043653186394645,1.0,1,0
34.576712228496866,3,1,1,13.722941256154138,6,1.1547695829779978,0.3686860398936092,15425.523203905452,5.944256646684499,2.0,1,1
505.4161886825389,2,1,1,16.279879733008507,3,7.670222516880164,9.012478131670022,14229.571116146451,4.111754955685862,1.0,1,0
77.74241524821583,2,1,1,19.562997669780643,7,1.594978663217994,0.7175355388919843,6982.1899266855135,6.056750236680173,1.0,8,1
85.3589119569888,2,1,1,18.436011788088653,9,2.6153318535183305,1.8057853461135052,2378.4657950267388,6.764301476570099,3.0,2,1
79.96269721503946,2,1,1,11.830679390552358,1,10.704173456388192,8.680468268355915,18776.795167170956,4.3997269115401485,1.0,1,0
139.70111193431714,2,1,0,8.960339557554015,1,4.501707913083007,2.9591231193354175,31431.586186906694,3.679879187201113,1.0,1,0
123.43797805291794,2,1,1,7.919246711536155,2,10.458328403441287,6.902190484730483,11515.782183384777,3.0182322994326607,1.0,1,0
128.20661500673606,2,2,1,10.174360733664075,3,2.904939204280096,3.809261546542878,28349.2931131445,3.947250550083632,1.0,1,0
507.86287888687974,2,1,1,5.5941081007846485,3,2.652480971923547,2.575191868755975,14707.032521578822,3.6855368348096365,1.0,1,0
56.25062214551459,2,2,0,32.021875211194015,5,3.4200791242329087,2.4316983552983418,9447.141554169964,6.953324936587932,3.0,4,1
1427.4144237462367,2,1,1,8.46557026081003,2,18.391172773197358,16.567914100469437,24152.23140828162,3.823485543488822,1.0,1,0
40.3736945836871,2,1,0,20.37129524791656,5,1.195720219800161,0.4767565155712737,17993.691459438727,5.3320419217452875,1.0,1,1
508.83282448018224,2,1,1,4.061515916428554,4,3.099199375652843,3.8179808690414845,18513.280517062452,3.8854383145142664,1.0,1,0
1473.216255832479,2,1,1,38.92271297538428,4,3.1359699830110017,1.730628186145013,1321.879358731819,5.76263675556052,1.0,1,1
1430.931723213105,2,1,1,6.091871471249819,3,11.430917205165956,15.607225908215602,5370.056864062472,3.758834323983583,1.0,1,0
741.5351132173627,2,1,1,21.17842960567117,5,0.4542727078055478,0.2775196464460061,10914.97253446867,5.287885934026153,1.0,1,1
122.877348317813,2,1,1,1.446232806569579,3,4.110214283045225,4.8877796750867235,16030.51565691519,3.462037331908863,1.0,1,0
123.73504256185058,3,1,1,8.255670485770644,1,8.495636138883462,10.73008987631762,14485.403863028414,4.370546558937799,1.0,1,0
756.3434411900739,2,1,1,30.944913749757195,4,2.650230844073012,0.9545472275289845,1945.4606265532002,5.3423016327367705,3.0,4,1
66.32612990676387,2,1,1,29.818144949722214,1,0.6741426485307247,0.431932895430042,7239.002156451644,6.795170850127311,1.0,1,1
74.97587855175179,2,1,1,21.560446314297835,2,2.261355207954232,0.3071516933524015,25508.254604754326,6.33289201240819,2.0,4,1
1404.7877092618412,3,1,1,2.846389709048692,3,14.79111208680846,20.881226628110706,15860.434591296333,3.659875893029171,1.0,1,0
61.7773599897932,2,1,1,4.197458406892634,2,16.73088427409813,21.8482480481842,29955.848894587933,3.4825456858775605,1.0,1,0
69.77584165687678,2,2,1,4.433591572208144,2,5.711686697950163,8.18415615237508,16602.40310774687,3.915418432094472,1.0,1,0
133.8949198895387,3,2,1,4.854528095152201,2,16.44598733324608,10.824846874918,35282.21056937576,4.09963605921457,1.0,1,0
10.021134436518267,2,1,1,12.707613856577346,3,1.112067190194994,0.7552436965627051,5828.486199735138,5.944926286193124,3.0,1,1
1414.3082577013213,2,1,1,3.883698503265928,1,8.748116190273713,7.193585490150402,24652.67141744415,4.209901833221196,1.0,1,0
1426.852127925182,2,2,1,10.273000878185266,1,0.9303001263735233,1.1071584221344195,19584.494769312154,3.7949896377213514,1.0,1,0
138.08002938519664,2,1,1,9.146966336628873,2,3.308973068169125,4.087243220161872,15285.070012797447,4.490016421216962,1.0,1,0
97.85172328231177,2,1,1,16.090426234974082,1,0.3464816188544885,0.09170843874132108,8941.25443756321,5.44802149685853,2.0,1,1
131.02168376431982,2,1,1,3.004539003160017,2,1.8806879404879728,1.5631746765943284,10696.917829591957,3.9058249854649008,1.0,1,0
61.43176106764887,3,1,1,3.8887642145395285,3,0.42737420282048466,0.44805596737511616,49900.14854617193,3.5191366853529864,1.0,1,0
113.25665313628413,3,1,1,6.966685790916236,2,1.879113229101995,1.1944879552076437,6691.575322126357,3.9292363239525003,1.0,1,0
134.16408307736688,2,2,1,3.874597403154286,2,0.744518698393135,0.6246750553179758,20486.589004049732,4.251282376535713,1.0,1,0
82.90490875258939,2,1,1,24.179383632365138,2,3.0983042714274185,1.9989957384986474,7831.026930031251,4.232918083397418,1.0,1,1
128.53994358019486,3,1,1,3.992689207120823,3,0.8556554287178807,1.2487765513174254,19478.145750117175,3.4884575885860016,1.0,1,0
1415.7075384886184,3,2,1,2.877051894459594,3,1.551300002754421,1.0193813225256412,12387.478333061286,3.1887111536023895,1.0,1,0
54.592050446102164,3,1,1,45.81295927305973,8,1.0121563928796398,0.3847147836601427,21470.8139550059,4.159390625830968,2.0,2,1
91.9326072081099,2,1,1,32.679848359545666,2,2.6996110685414427,1.1045947179013416,7900.760042868082,5.427661701253493,5.0,2,1
1424.6831372503857,2,1,1,2.796306197046549,2,3.697705602089995,4.2229596360836705,18208.365212187233,3.244378160136161,1.0,1,0
1411.693115808266,2,1,1,5.8127567325808025,4,3.511222417634203,2.186510557568615,22006.628752786564,3.2236765447586637,1.0,2,0
134.39994724887418,2,1,1,5.040465621548169,1,2.932898806517483,2.1405086878608532,16193.973731710623,3.370458491962096,1.0,1,0
1412.2710873466874,2,1,1,11.551334709707474,1,0.16795737412100642,0.21534650396407182,16568.370098172127,3.952741708491694,1.0,1,0
62.71473704440155,2,1,1,35.722088626595,10,0.1978092868766202,0.10071785039489482,5404.475543783528,5.740494476667344,2.0,1,1
114.85658256379054,2,1,1,3.877215044438626,2,2.1121191594676674,2.3754909873772716,17735.793150406706,3.820982743767994,1.0,1,0
38.34863959846113,2,1,1,34.018303306597616,10,0.5606211851506395,0.2736941565631131,13928.045886687029,5.17133303286266,2.0,4,1
1417.137843645584,2,1,1,1.991987544210296,1,1.828035201898459,1.2738447953883087,11556.586257402121,4.124328628960998,1.0,1,0
63.13858595349436,2,1,1,7.908457043770195,1,6.787156039510169,4.926185082479143,19674.859552035552,3.353830729494896,1.0,1,0
140.7348396361654,2,1,0,6.327589653679186,2,3.5512020680165004,3.4244716061269136,11209.35968420897,4.240146464405229,1.0,1,0
60.567772705357335,3,1,1,4.95859788725155,3,0.25515610817804096,0.3391937842215818,4333.883376458085,3.5593494447799356,1.0,1,0
74.5317506154246,2,1,1,42.6894600968488,5,0.7629113891971394,0.39266588244387496,8516.366001628814,4.997737947869464,1.0,1,1
45.50448188051168,2,1,1,16.434065348988852,7,0.0637204480000418,0.02696670560210597,11859.058081491434,6.849229085848332,1.0,1,1
60.316699016411164,2,1,1,3.9240437489313336,2,0.6748071491131624,0.6390634770120108,27383.541428750206,3.6142186835922185,1.0,1,0
51.232009695326,2,1,1,4.206420670553708,1,24.268004562644172,15.917933652961239,6693.007106962607,3.9238895731713908,1.0,2,0
1486.2205347105205,2,1,1,20.682550314347857,5,0.9197968109331274,0.21763009943146744,7168.6987140824085,6.08123216500911,2.0,4,1
133.8340892600096,2,1,1,4.963697316572128,3,8.363941224887727,10.650753131998126,13230.118744254789,4.362224262287272,1.0,1,0
81.31187676796105,3,1,1,33.54549471106239,2,1.993383393982637,0.8402299742491925,22112.747385292176,6.117126820240309,1.0,8,1
136.4637192656169,2,1,1,7.7201000255806225,4,16.15532017228597,21.144800910562026,11986.209187339035,3.7910963551497585,1.0,1,0
1442.7269177511523,2,1,1,35.80292790276191,6,2.517229894627059,1.7776223177840158,10109.902852693529,5.631331566618362,2.0,1,1
60.00412875594081,2,2,1,17.50622151747956,7,3.8682503221426034,1.4216764078369422,13342.924258021665,4.45537365714881,1.0,1,1
87.89145436400483,2,2,1,20.820600392970828,3,0.4272432358139898,0.31858195109254034,4342.008780431677,5.845582042910722,3.0,1,1
511.94211979160065,2,1,1,5.148131862875491,1,20.779272969300308,17.18466786747447,5205.711826391279,3.4016151319147596,1.0,1,0
107.74366486437573,3,2,1,49.664570964624346,8,0.6840406433812161,0.27755912130371235,7487.047044632249,5.124873065533094,5.0,2,1
1422.0858602064782,3,2,1,6.56506018590083,4,0.13806853608095793,0.09535450905504203,27761.903029877023,3.7153447999340456,1.0,1,0
101.17734850208733,2,2,1,9.382161200654247,3,2.2962634421963495,3.016645961044596,12900.974240671141,3.9010248385941666,1.0,1,0
65.68590052381298,2,1,1,7.514589518282857,4,0.4054214379383294,0.3364422453757075,16523.938374877533,4.6874707229808825,1.0,1,0
72.37888525245718,2,1,1,7.219164544628171,1,12.699735268162895,9.630410495609322,14656.490165839017,3.5427127673821035,1.0,1,0
98.29012387630283,2,1,0,27.00762245462885,5,0.2657531432191387,0.1476235790348445,12026.995573742177,5.925396501989905,2.0,1,1
141.20827421124864,3,1,1,2.456950125897296,3,0.44180311105840164,0.6232377034000303,16599.58103666308,3.1420998049390856,1.0,1,0
137.89533837094464,2,1,1,8.353305094189755,3,7.897299538909464,8.387886493893179,31584.221463125607,3.9776253523566396,1.0,2,0
1427.8782018364052,2,1,1,3.0720513175650654,1,5.926401585914146,8.028743488078058,24395.190181646907,4.075920582008799,1.0,1,0
72.31839905708259,2,1,1,6.347308689790437,2,6.9820621447789115,4.497367855293327,15502.99879942084,3.5552859452593046,1.0,1,0
48.078027337858835,2,1,1,34.43130355510874,9,2.297180988040596,0.6756520082380395,3396.074986194691,4.2697153024707895,2.0,4,1
47.78863765255619,3,1,1,11.943235370413639,3,4.743220537057333,0.8509761040424362,2819.271244276467,5.439231744453221,3.0,1,1
504.9815116771061,2,1,1,4.758115892059528,1,8.526147752953278,10.19522858931727,20719.907480270675,3.9146354570656157,1.0,1,0
1419.5177722626645,2,2,1,4.933461442781468,1,4.657938912616162,5.214839120685541,26742.758921171062,3.701552652268148,1.0,1,0
118.38259576342293,2,1,1,7.255498441133252,1,1.6723682394566817,1.7895592355609309,5327.30750995315,3.9944376341741497,1.0,1,0
69.53966790102558,2,1,1,1.6375086185635837,2,4.784270172624089,3.2813999014559565,23143.238899653585,4.669106047924628,1.0,1,0
748.2705751122128,3,2,1,9.55104513260199,2,0.014221211842268839,0.005404559885929378,5462.754890940895,6.419434817417827,2.0,8,1
82.92778959522225,2,1,1,29.00461794667417,8,1.9243492594351133,0.3090203846464216,8549.51057134344,4.713843736617305,2.0,1,1
80.4158606160735,3,1,1,8.149380452314691,1,3.147277831012785,4.165915798685673,19029.939913385406,4.198601095249742,1.0,1,0
28.05678963304504,2,1,1,14.542355582333702,4,1.2067491198296751,0.31537614435385114,17910.63267572462,6.192708088083809,1.0,1,1
49.481392990707064,2,1,1,27.929327877828317,2,0.6505987532838976,0.17248295602097574,4684.944346999462,5.2202332423151825,5.0,2,1
1431.673426369797,2,1,1,23.75605662653026,5,3.0764012306283135,0.7726156484107636,8312.969876460756,6.050293303416729,1.0,8,1
1478.1110112215902,2,1,0,31.50701636324617,4,1.4576700010122812,1.0575761349599409,3850.1040815833744,5.464579748195822,1.0,1,1
94.40523874108237,2,1,1,44.2200938571477,7,1.5850730862445548,0.4904229088751717,4687.404758808648,6.113527078800656,1.0,4,1
120.8121366803422,2,2,1,11.38446223040473,4,0.5673869387245609,0.3899481366879512,9239.312921392964,3.3776590013517214,1.0,1,0
114.87538652424392,2,2,1,7.791073615831007,2,6.762836210887343,5.500744341466914,9717.559025704986,4.088699941674046,1.0,1,0
81.29956232590358,3,1,1,33.266722144419475,5,0.9708107347393998,0.21434533443173767,9630.86120582086,5.552778617989017,1.0,4,1
55.01171976329322,2,1,1,13.191410540624668,5,0.8618887034020846,0.1895937284643456,3097.7313303455453,5.714028231697934,1.0,8,1
58.75176598240412,2,1,1,8.572619044637673,2,0.6297821476592066,0.7397261386175197,20791.6963504521,4.367224911282962,1.0,1,0
48.36679627305666,2,1,1,32.65184117224757,4,4.309505163595147,0.807494803722963,580.0154102686492,5.109210386411292,1.0,2,1
1424.26380202801,2,2,1,13.873741276803177,3,3.6631294694151206,3.967230045729752,14648.070214701856,3.6881082768491917,1.0,2,0
59.742700669603956,2,1,0,19.245213404317518,5,1.2680029555318681,0.9130438383745451,10283.854060807847,4.324797749974882,5.0,8,1
517.9179044439154,2,2,1,20.594463412645872,1,15.718964272160582,14.516511552922047,14058.091809856056,4.071030410610934,1.0,1,0
64.97058231630228,2,1,0,3.8486977249652785,1,0.36373607071666525,0.4767496507126352,34568.97612795176,3.4066856811194928,1.0,1,0
58.867918485310405,2,1,1,2.6066746527165687,2,1.737705443987914,1.3045190240897997,6155.357658125067,3.2586563066984984,1.0,1,0
1429.9695111630451,3,1,1,3.8193936908924204,3,0.7923320347269329,1.1590919710079397,11271.284851719778,3.42469063003866,1.0,1,0
1403.1628727246805,2,1,1,4.3081228747384,1,4.661743630147086,3.278849948794125,23283.2351932352,3.6023078854752137,1.0,1,0
132.75720564063337,2,1,1,8.23354108357341,1,2.2670835470584234,3.394879563628932,35251.29335337293,2.892279575052167,1.0,1,0
122.38602758769227,2,1,1,3.3404654932333684,3,4.699288371502679,6.115100003525628,18658.662300831264,4.068191320124916,1.0,1,0
64.7465514747624,2,1,1,5.056915580057005,1,2.4836293173564266,2.1475491897764516,27515.179543790746,3.4301854402915173,1.0,1,0
57.05834687729465,2,1,1,4.7991500932926865,3,2.0447478691804073,1.4166177719080553,10926.787989480606,3.474748166016469,1.0,1,0
38.110237454177195,2,1,1,21.51280322585188,2,1.4714161701339055,1.1607397832007256,4956.351089727984,4.006773449307612,1.0,4,1
1418.2634897074024,2,1,1,18.996272688329725,7,2.7206495135040125,3.8856716442166968,23444.31217116089,4.125367908030905,1.0,2,0
518.5331632019348,2,1,1,3.2200466227587845,1,6.042243078671176,5.743423515777445,12833.92748567332,4.2263683923655115,1.0,1,0
1416.7110851994792,2,1,1,4.141982246356189,4,11.824280747788281,16.518471496385274,11235.512717056112,3.6190715077082327,1.0,1,0
500.29711403522157,3,1,1,7.355718447035307,1,11.767843567962714,8.659975913407115,20046.38536179057,4.120938495268249,1.0,1,0
1412.642536945337,2,1,1,3.1509075814361776,3,8.244151829204059,8.377045911490114,11352.684991730364,3.8249898178549038,1.0,1,0
23.283407189366834,2,1,1,17.03023519501585,7,0.2543718325459046,0.06372285538474054,8224.358398225711,5.657518158941663,1.0,2,1
46.77870491818149,3,1,1,3.337169057803697,3,1.6807964906905002,2.410260322828405,19920.45525196119,4.248614191739834,1.0,1,0
59.21075514478338,2,1,1,10.303293375500115,5,3.041984799707789,0.6983710827373134,13952.727328298182,5.770628828935215,2.0,2,1
495.4777037402911,2,1,1,3.529253842245125,3,6.421434314240872,6.6261441564754024,5978.00452776126,3.3581887905851358,1.0,1,0
1416.938554778453,2,1,1,3.3968411829559533,1,2.523837059578087,2.7300640867735555,45299.97913994094,4.062629059960599,1.0,1,0
1416.9490297812565,2,2,1,1.8224502539606062,5,3.4936900923186713,4.581793165477536,39908.14045967452,3.4464074530844924,1.0,1,0
757.0993914645272,2,1,1,15.272201554947173,3,0.23560383338347096,0.13253210245623312,6574.144506696811,6.866583835609257,1.0,8,1
750.2671273710334,2,1,1,24.360773016398113,4,1.1666848067865334,0.8231108191580926,7233.484281055702,6.406097180333364,2.0,2,1
43.07567694341784,3,1,1,37.87402891194874,5,1.1096530150593364,0.35331993381389576,12765.01468210408,6.279808762356419,2.0,2,1
1411.022637326527,2,1,1,2.628663843625433,1,2.338321682197575,2.7813156340069716,14528.679647034607,3.7014608388073524,1.0,1,0
128.72629269117624,3,1,1,5.551516624572217,2,13.828973862205931,14.242162516086825,3490.542725549752,4.280306110884036,1.0,1,0
144.11274049170282,2,1,1,7.553019782898794,1,0.8982666594147172,0.8573100961762089,4323.734448808001,3.819845484147295,1.0,1,0
524.254625463365,2,1,1,2.6438863060201268,1,3.610390461755991,4.2156531265577595,14868.969950425355,4.26572909648178,1.0,1,0
38.23529351350594,2,1,1,19.070485927348958,4,0.5481217404691537,0.1907396818467664,6691.066851706968,4.965415188464231,1.0,1,1
1478.0076313303816,2,1,1,10.031636062702606,5,0.5611608432446136,0.11004859271313437,16485.172185146,5.852421927101077,2.0,2,1
87.13931712997736,2,1,1,5.110637882158523,1,0.27394853763153837,0.3570443004159568,8094.422009305651,3.6814095959192574,1.0,1,0
74.46329685151348,3,1,1,31.86135153218478,7,0.07419982462780052,0.014690183659666263,26742.993173495277,5.136244176060569,5.0,2,1
58.81773692730341,2,1,1,19.135225620502197,4,0.7601284389974,0.17263462190507517,366.37914459409194,5.068063332571151,2.0,4,1
519.74682452882,3,1,1,3.2783722800161392,2,7.748268130284751,10.939056169071346,31788.473685737812,4.013503910410367,1.0,1,0
53.825620040645866,2,1,1,16.796793236266264,3,2.9233484789852344,2.249543058415075,9239.429113836537,6.362142798624831,3.0,1,1
42.270188688573704,2,1,1,7.28925827294791,2,3.047323025031248,3.920120792972372,39708.387743082414,4.215156535886529,1.0,1,0
134.18432528563469,2,2,1,13.028307942162053,1,2.3774552795965085,3.1194386953893076,6129.572659738766,3.7203769552226857,1.0,2,0
18.795851004547472,2,1,1,24.4148718715664,7,1.4996221766325761,0.832817243598686,13239.9415721513,6.348596760145563,2.0,8,1
46.9804368196528,2,2,1,7.698409318396804,1,9.606160703594993,9.759103403440083,11121.870733378551,3.758129725020662,1.0,1,0
56.64488618974651,2,1,1,3.6333037517810367,3,12.100496554613775,15.232204668918136,13936.89714286969,4.586944287242625,1.0,1,0
84.38184361712665,3,2,1,27.39797539035625,5,0.7129684489443144,0.5298467825808002,4492.945556798986,6.124144286014302,3.0,1,1
73.72428731861135,2,1,1,8.120705548040565,4,0.7205944082873259,0.8654214374474293,8784.21983281235,4.23286466031543,1.0,1,0
1418.61087082707,2,1,1,6.297779925220435,4,4.157202436859006,3.1625091050605127,26423.965304762736,3.4273234532729613,1.0,1,0
125.57590207897887,2,1,1,2.7608725735531916,3,1.1215021835496115,0.8457961223945252,16489.738197013987,3.9786733623548,1.0,1,0
80.55374606379138,3,1,1,6.882475017415725,1,1.9819596682095848,2.149093820345921,35170.80011202411,3.3590363630926063,1.0,1,0
64.88340798767422,2,1,1,14.4281449806176,6,0.7723150360048863,0.5913939793688747,8468.273847446182,3.407344477693097,1.0,2,1
127.4288965572551,3,2,1,3.127497261401868,1,17.799519110931417,21.47617982429515,16056.137647580685,3.2627929534321307,1.0,1,0
524.6542389879565,2,1,0,5.582366257605077,1,11.356226211517574,9.515864819180994,23705.261357476084,3.6356655651831895,1.0,1,0
67.43654189747308,2,1,1,6.217358417815734,2,10.399489453581895,8.048766440682659,4170.5892378948865,3.8185581444343426,1.0,1,0
88.78176305958802,2,1,1,11.613150999539684,6,1.0421805599476783,0.6160042178312813,9313.042542231,6.671361661310157,5.0,2,1
126.42715857897922,3,1,1,6.89385336670915,5,3.7509037096735898,3.5628296517280957,5284.140178961568,3.3940196813136527,1.0,1,0
73.01984047340984,2,1,1,7.697345047981997,1,1.1110796526319526,0.9084208084545095,4561.1662271329715,3.6930925750706405,1.0,1,0
43.74178958412563,2,1,0,33.31528726060951,1,0.25099827041007705,0.059971264274303354,1745.4606097087992,5.139564178116168,1.0,1,1
518.4614850326831,2,2,1,5.510170761051184,1,3.651328236686902,3.847937571249177,15667.059476256009,3.792369415022886,1.0,1,0
92.67714847415927,2,1,1,16.480771698954946,4,0.35637674685470844,0.11900083469826377,6435.615536556271,6.066561445681492,1.0,4,1
1410.2324544310472,2,1,1,4.517295060059066,3,7.19893699778875,6.443522341360625,6524.351713740726,3.442521179442091,1.0,1,0
1412.793474384986,2,1,1,3.7903193857887296,2,1.5730124206305711,1.509889768972492,17540.197849140754,3.2543649668160333,1.0,1,0
130.55796031184124,2,1,1,4.093989705399201,2,1.5087379041320435,1.1701317439268288,17384.313642850375,3.4661426563469067,1.0,1,0
1418.266181916272,2,1,1,3.979104438095552,2,0.2417718338731024,0.26946261250146486,32680.560599639437,3.2498597017672566,1.0,1,0
73.10510985575702,3,2,1,8.42691762320965,1,1.0625473553533176,1.1257872138670375,38495.19403867012,3.898000849781999,1.0,1,0
510.8691315241419,2,1,1,4.428649777034446,1,5.843648075768117,6.866030440851591,27719.64348773263,3.4928927526784976,1.0,1,0
59.046566195424646,2,1,1,2.123603480015352,2,6.2292243237515175,8.291364784455721,12211.156434559303,4.213214918859122,1.0,1,0
515.2759815639433,2,1,1,6.288240367593919,5,2.0306758187538088,2.2166765410081766,18231.673263587447,3.6853946276477068,1.0,1,0
122.59890217597045,2,2,0,4.5388113264140095,1,2.893695698004093,3.0372244122306546,36969.04747108303,3.767894346125229,1.0,1,0
129.7818050152702,2,1,1,5.443638035274108,3,14.431837101480232,9.914268645113042,13971.273829958356,2.9233425388814225,1.0,1,0
131.29529939368007,2,1,1,6.206019104400255,1,1.5090912821626654,1.6285325913550275,7970.558059784129,3.893626280976488,1.0,1,0
71.61287548040835,2,1,1,2.949914953388525,2,4.329466498148168,5.119877518483252,3503.5817081912555,3.5020712632907385,1.0,1,0
743.436575624881,2,1,1,13.530742822557306,5,1.0719713878039885,0.2742977930417155,16219.332745497717,4.894509138591614,1.0,1,1
125.79038471380876,3,1,1,7.585250996573885,5,6.993183215156002,7.05742786137219,7721.532769201693,3.8290878611599766,1.0,1,0
121.7058263801344,2,1,1,8.120919780474338,3,0.5401841639980755,0.5407007318181518,32476.650620989498,3.758437906908908,1.0,1,0
68.08574992311236,2,2,1,23.900479619339173,2,1.782375954364015,1.3572135837117723,8982.114904425034,4.7691513174779425,3.0,8,1
1454.8272716286526,2,1,1,42.393159016257535,5,0.23323663182934273,0.037622758893492224,17158.164749212894,7.168799922794524,1.0,1,1
502.13801733519915,2,1,1,5.306309381826896,1,0.5429818297210015,0.7988813604871482,38061.59692617014,3.8360875940078936,1.0,2,0
1412.5364597652328,2,1,1,8.745107542571628,1,16.456530722996124,18.620079009633397,14788.170235190168,3.387395508982887,1.0,2,0
67.58197347365457,2,1,1,18.079531939827156,6,1.580192078727692,0.9086229192942467,21517.27095204225,5.6651571057571095,5.0,8,1
63.60846562657323,2,1,1,3.1215891052607474,1,4.21959689069732,5.84304425808638,11850.227566867943,3.9565616726359094,1.0,1,0
1421.011992449596,2,1,1,4.345571820625381,1,1.8130184207592528,1.5025764151990737,33071.64625943254,4.446365863234337,1.0,1,0
74.20779763752124,2,1,1,26.439331494762317,5,0.22131287641279324,0.11985148947370246,9149.52133819746,5.7967089952890625,3.0,1,1
134.41276537859574,2,1,1,3.2291673161235153,2,4.810438128181139,6.169556429960397,13247.95326158941,3.2296607527009664,1.0,1,0
1476.1720235515297,2,2,0,20.874912356375987,8,0.9419927994707075,0.6157699026519196,10895.846276408167,5.469611349728639,3.0,2,1
97.96382204604825,2,1,1,13.03215666387319,3,0.31795231063322005,0.03551639574311892,9253.923989880414,6.759358129018503,2.0,2,1
1409.0845600039072,3,1,1,1.924241355549561,1,1.7604536462260358,1.5750109415529459,11712.651208934538,4.368282742124355,1.0,1,0
495.5989785387274,3,1,1,7.661129726179153,1,5.675039999431707,6.036749424629269,23500.6975620537,3.3913263316175972,1.0,1,0
1410.2678146124715,2,1,1,6.115016498659873,3,9.412422259593683,6.9620470908940995,15449.54566479132,3.7296395868432386,1.0,1,0
76.51091069555322,2,1,1,3.5904733858993763,1,0.6012975863433528,0.5366018595822715,23592.64378680738,3.4769966715964697,1.0,1,0
62.28347075119586,2,1,1,7.666646191321333,3,1.8748717349824415,1.5554541974866043,10951.430366172757,4.1255097642400225,1.0,1,0
509.2541962604346,2,1,1,2.8602825869532165,1,0.3403232544104606,0.40703995835408724,19493.14768091651,4.276465068165393,1.0,1,0
137.03615833287134,2,1,1,3.450980449949167,1,12.297309049421967,7.7379911141613515,6473.095943592138,2.6263663650906484,1.0,1,0
530.1621696095282,2,1,1,3.6549565543561164,3,10.420410003172009,8.877599682152862,12027.706196949219,3.2719118323464924,1.0,1,0
514.7637126971196,2,1,1,5.072399718850396,1,0.393526042946037,0.4422053617054243,8575.946386190848,3.411726986433168,1.0,1,0
85.33537964466579,2,2,1,68.29592991604439,3,0.0331654918934762,0.023562885127089442,12778.769565644408,5.755087825649828,1.0,2,1
70.7917047424965,2,2,1,24.18849943884287,3,0.2057827886339726,0.09680627004751001,11064.548290699913,6.879982611011927,2.0,4,1
115.31450555235216,3,2,1,2.414009710077617,2,1.4205645804608213,1.7579889985761885,6130.22838490434,3.9711074257207146,1.0,1,0
491.55037785785225,2,2,1,2.6174942658547105,1,7.241106812088007,6.178255689447378,14349.4104671006,3.9634018077030952,1.0,1,0
42.4090828277087,2,1,1,21.366488409512392,6,4.666310872545384,3.261140194214923,8027.757016644897,6.160580019934047,1.0,4,1
70.32943316254445,2,1,1,5.794780613914306,2,11.074908553069255,14.487659307724044,36508.511522595705,3.420118337692455,1.0,1,0
88.75562677069006,3,1,1,41.25178207904343,5,3.689523079065605,2.694875031585984,5383.358248849003,4.326029945151567,2.0,4,1
68.74534982057229,2,1,1,3.92388165512936,2,1.5330144576552904,1.8803764082771746,19908.203126480832,4.491439998750247,1.0,1,0
142.11671394597033,2,1,1,9.264698430659884,1,2.5049693288732366,2.504729151175278,26245.31899934706,3.5151209466099376,1.0,1,0
1427.8884461489374,2,1,1,7.158474935610846,3,1.058863430775649,1.4893966410319373,7741.19955112971,3.8708121712147863,1.0,1,0
126.4834207970916,2,1,1,7.528300172359822,2,3.606331278196799,3.7561848318016393,33592.08122781212,3.6959731094202355,1.0,1,0
123.47548862348737,2,1,1,12.545005137698535,2,17.763538967758805,16.42594893577825,17308.31449986416,3.5347242465800193,1.0,1,0
71.45444525084255,2,1,1,3.531226075777021,1,6.465758113045295,9.652679744984066,12157.384838994458,3.79659300585035,1.0,1,0
49.2502210878755,2,2,1,7.65568223631697,3,5.597806886174458,7.1806963193777404,20158.50427572426,4.434470013331646,1.0,1,0
499.7700687321978,2,2,1,4.054636703494472,2,2.3872250899258343,2.6134780566654268,5101.759451378006,3.6006796227407465,1.0,1,0
49.39230251145517,2,1,1,3.939714282364263,3,0.885067086789159,1.034745872867988,20637.061005884923,4.26022804143328,1.0,1,0
500.12322425137233,3,1,1,3.285323669037259,2,9.658750684237024,10.72777005327167,10275.110598294357,3.572864026197516,1.0,1,0
141.55594851159086,2,1,1,1.3028642886348767,4,10.659147941000343,10.701302455944644,6885.657464659997,3.3130329512456176,1.0,1,0
1423.4139744233994,3,1,1,16.068556804246928,2,0.10833934129492613,0.1292834678967357,4840.7948002537805,3.91979397022156,1.0,1,0
73.35815705729348,2,1,1,8.088166408175502,3,1.7502647967013316,2.135123067059502,18164.839475266104,3.7922443370365757,1.0,2,0
744.3669656916102,2,1,1,40.63361323063052,4,0.4399791969601591,0.08105041481556782,4214.882851553781,5.136800941019775,1.0,4,1
1413.9521630457145,3,1,1,2.9275806586309345,1,11.584350839137267,8.070548049429473,28686.49272874094,4.1133159945628295,1.0,1,0
62.61817090450849,2,1,1,8.260965587579419,2,1.314514556899101,1.1829142588833372,11644.639581402627,3.644009436605694,1.0,1,0
1419.366351086,2,1,1,6.197418661351575,3,7.570946702697338,7.833776552721933,24083.795570151822,3.4899216138732543,1.0,1,0
37.59425163597854,2,1,0,24.12496786421863,6,0.825138798630034,0.12445309393411508,12971.725966170794,5.154590606803188,1.0,1,1
509.5279727268308,2,1,1,7.651472614950592,2,1.9074982857853242,2.173874563253625,8327.991765169514,4.093903279341441,1.0,1,0
527.5373929944343,2,1,0,7.354110273086594,4,0.6875797875165887,0.4512597831222447,13694.656714416758,3.889600815165145,1.0,1,0
1419.1315385297685,2,1,1,2.9630375575637844,2,4.087892587170942,3.283651729641342,27514.41358873565,3.4962450280309945,1.0,1,0
81.21987060416649,2,2,1,20.884767328096128,2,2.6367712740839266,1.731546177015276,10243.965898027694,4.745704090510071,1.0,1,0
58.9140022262198,2,1,1,5.954255061685204,1,5.02358791149471,7.346494735333627,22819.451548397334,3.932427828704707,1.0,1,0
515.1935556665582,2,1,1,4.239643420269335,1,8.985007077409321,12.69026292912305,24516.50883398958,3.8466677621727134,1.0,1,0
717.9587118553266,2,1,1,29.48293225450484,5,0.8645448747927265,0.5723398033589595,9460.250727528595,4.192445392246496,1.0,4,1
55.31171183964652,2,1,1,23.172926242908883,6,0.5096524916590452,0.37032457361682924,8143.6721699674945,4.848199762999693,2.0,2,1
56.55641418606854,2,1,1,3.6690313362176017,2,1.2741485167175772,0.7828967102698315,12928.59138010579,3.390460337748411,1.0,1,0
514.6912754460583,2,2,1,5.745838972148383,1,14.93803636867143,9.637035488565948,38469.057476461894,3.8861420397381505,1.0,1,0
517.7067425590404,2,1,1,6.050305877990539,2,19.287710327383767,17.64751303062957,12789.897697903638,4.307986437016842,1.0,1,0
110.56184211702592,2,1,1,20.63545606946505,2,0.25054953900407,0.1041157796323557,3256.6909069981452,5.963410045278968,3.0,2,1
535.5028951268267,2,1,1,2.1444743308122605,3,1.415530700119427,1.789290887349338,19471.61306788822,4.077068761721586,1.0,1,0
139.7649540414779,2,1,1,4.990225252154153,1,3.7685631473418617,5.429639067869461,8299.341212145922,4.414705493752502,1.0,1,0
1407.8391642197914,2,1,1,3.6471908033810307,1,1.3465143089635132,1.587151210217883,7010.59179672781,3.7129007527706186,1.0,1,0
1406.7703309277867,2,1,1,4.615674957082442,1,1.5104241475661637,1.162835842641955,5058.460955154199,3.8261094615403914,1.0,1,0
85.27191282852542,2,1,1,24.415744794638513,6,1.586070693434099,0.956077674221484,15580.599410489982,7.243632577287949,1.0,2,1
129.43042220360348,2,2,1,6.043236308177106,1,3.8313525618706152,4.109024542696843,21157.854620651382,3.797542308440635,1.0,1,0
1419.5247785600693,3,1,1,2.098213673185109,2,1.070109258277509,1.2659230757254942,19701.468633707707,4.53694920619939,1.0,2,0
54.69665454656878,2,2,1,22.61811359820484,4,1.287828592463839,0.702977004843501,4358.326988249724,6.279766828669327,1.0,4,1
756.1705796494869,3,1,1,22.17008662942818,3,1.0398924172435062,0.7504085459293914,15867.101113213503,4.663534489117228,1.0,1,1
66.34021051214891,2,1,1,1.2865578590377265,1,2.248221990361304,3.1318460573739832,10480.349094824944,3.7202311252621016,1.0,1,0
69.4599773953889,2,1,1,8.177804124382401,1,4.286867106184836,4.818606502718092,16425.376073253414,3.5979757741354463,1.0,1,0
117.55540266123334,2,1,1,8.945769146016477,2,1.1316760977859563,1.1685576341043606,27268.852701344866,3.4330910845667377,1.0,1,0
89.89765273278584,2,1,1,2.0115670679394637,1,1.1015158436949108,1.1399256597730647,29549.07303827883,3.608368637542805,1.0,1,0
68.32718089000095,2,2,1,4.570194250115666,2,15.865712019600615,10.083204836508845,10887.957935462406,3.449203633515463,1.0,1,0
112.60047178023238,2,2,1,5.531145630527689,3,1.2729529452722812,0.8670358423827138,19659.477002625328,3.5480364767847923,1.0,1,0
493.6093917528789,2,2,1,1.9118428806366468,2,3.757667087335983,4.0963291983930095,4175.336499687851,3.1854973770018526,1.0,1,0
1419.666716602429,2,2,1,10.830724093727424,2,0.26969315253664605,0.24242212672954466,10734.76214388616,3.585009072838861,1.0,1,0
96.62912590115619,2,1,1,34.32110543052818,6,0.099038176972322,0.019123050368420273,3985.622192350329,5.766843290964076,5.0,4,1
54.85299874445171,2,1,1,2.6820749580021435,2,1.7923157010850022,1.5664059772546244,10431.838228799958,3.8237697878851984,1.0,1,0
25.92813665744544,2,1,1,42.99047733066018,4,0.8674305681340931,0.42064258290704115,12222.90674413907,5.866817097635479,3.0,8,1
1408.1600554872393,2,1,1,4.042361151344451,1,4.026116640665158,3.055718068746098,20098.116807477974,3.3717020258685646,1.0,1,0
51.960040669479454,3,1,1,25.87458520401074,4,0.3495292941047694,0.19612173052779153,6674.473559794464,5.427289377465008,5.0,1,1
59.610638380248176,2,2,1,23.288295666794106,2,3.4916327152407076,2.48182952599098,4365.6091421570945,4.955917659829433,2.0,1,1
56.6895836522275,2,1,1,6.137379962849927,1,5.5206533070656745,4.009944745523981,23400.622919052395,4.315777243643201,1.0,1,0
44.05615402227679,2,1,1,25.65719439126528,2,0.6020797302815495,0.3488573383864885,11779.210170926672,5.257107417551955,5.0,1,1
512.9849307013487,2,1,1,3.684397088960881,1,6.766759978359887,10.092096903517463,8668.212062413311,3.4884401031539105,1.0,1,0
48.45894453614014,2,1,1,7.625301753083939,1,1.825196366147451,2.5188723332590808,41792.964292586395,3.598028078527771,1.0,1,0
89.30418026345207,2,1,1,31.01505985520708,2,3.1946075692880607,1.0792599519598045,4444.794816838001,6.945609975669509,1.0,4,1
1426.6697845440713,2,1,1,3.734158877248394,3,3.1569586055871746,3.8173578381436526,34266.37066085166,3.349253281168999,1.0,1,0
124.32797050972046,2,1,1,6.066329216352988,5,1.0157120268829734,0.7163519514897279,7341.32383929203,3.0699717798572164,1.0,1,0
1416.9038781907914,2,1,1,1.6108078965285202,2,0.8779097144475116,0.9907580033100595,39176.796706432826,3.7000017370737606,1.0,1,0
59.77454693597786,2,1,1,8.338924661186441,2,4.369757865149807,4.3032857839450065,11539.24010209987,4.4161757713854835,1.0,1,0
99.19762070669023,2,1,1,22.04253724925376,6,0.3190341384977305,0.09111108589092766,9141.091600696996,4.842371192710588,1.0,1,1
65.52806853500503,2,1,1,7.9521611917775,3,3.011356333864556,3.5133892956203887,30945.14293098719,4.858900116010816,1.0,1,0
126.84130885376108,2,1,1,3.446230603881415,3,7.926687171869062,8.727631897715506,6374.587938521054,3.2714451193775034,1.0,1,0
1406.7115045985395,2,2,1,10.014711312858022,1,0.6539965558272924,0.8951696256808586,11411.023590645917,4.146174392087593,1.0,1,0
55.15254093303211,2,1,1,20.522951255218562,6,1.2607947183476624,0.16754493568322604,10518.939948024552,5.745395852721545,3.0,1,1
135.51024919845312,2,1,1,4.9005934483315094,1,2.559394713215657,2.429257816093668,22208.97100340144,3.185026120630716,1.0,1,0
51.09353487422855,2,1,1,16.227030295097304,5,2.846582949310081,0.6625764385376071,8089.998525544127,5.508801871299407,1.0,1,1
518.6607014378025,2,1,1,4.180514500839263,1,4.00195029416726,3.0598802496312425,36522.189163351126,3.6496886053208684,1.0,1,0
497.0969323372498,2,1,1,5.651569924505533,5,1.3428850248634892,1.500200372705837,27993.366650222673,2.7904300601490566,1.0,1,0
510.29355529160915,2,2,0,7.494117600045717,1,17.258863483048746,12.827688345867433,19587.792059709685,3.994466723116835,1.0,1,0
69.46302172677333,2,2,1,6.399339363000615,1,0.7726104786986764,0.5639739512975431,10687.744051389764,4.020124256612212,1.0,1,0
1421.0083026994103,2,1,1,5.106113257646561,5,0.4807165869659402,0.629879904493952,23433.151136671884,3.6949581391173068,1.0,1,0
38.38653959765637,2,1,1,18.572284435922402,4,0.6456279517601733,0.07528722860903948,2266.1803792340925,5.553152162855176,1.0,4,1
129.8182140852664,2,1,1,5.275467538533351,3,6.833877178936835,9.010357435541817,3994.2573972099585,3.343694256592123,1.0,1,0
137.83409472436415,2,1,1,3.909652204866949,2,1.453599200704911,1.7802343299293213,24144.404681717544,3.743702831960328,1.0,2,0
1403.153726130171,2,1,1,3.957591708896046,2,0.9684846921479248,1.3201110600276997,10649.382046480388,3.7781261910932464,1.0,1,0
76.72547237806238,2,2,1,32.34663372358807,5,0.059978132787858414,0.022672373296278765,8392.010528442595,6.00083328448774,1.0,8,1
37.95116013812322,2,1,1,13.789176908876346,8,3.886282987462909,1.1853442240070127,11223.607280950182,5.022742011164737,1.0,1,1
736.3450804378103,2,1,1,29.903700895910827,2,0.27497027934524865,0.18870962945332992,19034.0454527671,6.0872408636422,2.0,1,1
44.957685616931116,2,1,1,6.70883688034216,2,3.415688423989406,4.738989993846495,7113.777038034906,3.62362327150298,1.0,1,0
47.697854247519984,2,2,1,29.730629536153412,7,0.23202639732683653,0.17609371797836837,13454.440747779194,5.68220248082788,3.0,2,1
131.22304477327773,2,2,1,3.1097556751196143,6,1.8887905410980654,2.3098219828797006,23477.565522513458,3.41303877470074,1.0,1,0
149.48519705083302,2,1,1,8.075231576724748,1,1.12927142142868,1.6400805703452435,30106.074884140897,3.807824798096883,1.0,1,0
1448.895030098652,2,1,1,23.644611228562596,2,0.5938914961566619,0.30062128210557443,7556.257478999916,6.100360942807185,3.0,4,1
133.41625793858887,2,1,1,3.971795931838751,4,6.085100555654864,6.654903368507804,9600.78976116809,3.958574960161275,1.0,1,0
736.985909243597,2,1,1,24.043996394466916,7,2.8253650222154936,1.4149929300516764,14276.168292190365,6.477105623559987,1.0,2,1
54.2030982882565,3,1,1,6.667851909160454,1,4.593507772920486,5.122352200151436,25819.448588673255,3.1834303823232633,1.0,1,0
25.196995287080426,2,1,1,29.949528629282593,3,4.0089030155233125,1.2212455106071765,3443.540943623844,4.32685331599929,3.0,2,1
67.10992788005034,2,1,1,9.62609495317294,3,10.457840039637682,7.956137826064549,18305.733113131224,3.727189626506329,1.0,1,0
733.3341178284977,2,1,1,41.28565432347223,5,0.14749696524188985,0.10796204394591472,6365.037000447959,5.183874714991502,5.0,4,1
75.24053433274894,2,1,1,4.38254299143181,1,3.3497161601957184,4.309232623494266,16980.520763661752,3.5610495042493837,1.0,2,0
44.55585625317077,2,2,1,25.72200474602071,4,2.4584834659913026,0.47022448253891713,2392.5325302023357,5.538026346619724,2.0,2,1
52.22582659959289,2,2,1,38.66182707278075,2,3.849533362784725,1.6222060174246173,3388.914719029634,4.808165531265564,2.0,1,1
52.65155765493235,2,1,1,2.709613345346929,1,4.845144621418964,4.235258944807233,7110.654681507804,4.240538223277342,1.0,1,0
125.216097924088,2,1,1,7.0729412810125405,3,3.7095301724862577,4.757833672997471,6845.599133547208,4.04449975438388,1.0,1,0
136.6400155290276,2,2,1,6.082104755198163,3,2.3216136312131703,1.8092429330286501,19160.044826535755,3.6023601027300844,1.0,1,0
127.59512592467728,3,1,1,7.746696481095106,2,3.3879640189630558,4.127478933763123,33240.79169484933,3.814533974382034,1.0,1,0
54.74873967398709,2,1,1,3.104538495075216,2,7.145612705524453,8.584156644989427,11189.223080273865,4.365296936687604,1.0,1,0
132.1894415618959,3,1,1,2.9222784433391187,4,0.5004938648374601,0.41341463262542316,26121.529502518664,4.745492601843208,1.0,1,0
1422.3558697431058,2,1,1,5.609444869662385,1,10.657496157162198,13.821295518232924,10013.22502173301,3.7407397508884874,1.0,1,0
93.70540953287991,2,1,1,17.533668923667907,4,1.3613952748122253,0.23747398590945823,838.3260062661201,6.022447508056762,3.0,1,1
125.96992581018284,2,1,1,8.670292713032163,1,0.2541287921034362,0.21153222676180014,16074.039996993451,3.1660897421438,1.0,1,0
114.01696288513409,2,1,1,12.477692618919285,4,8.055692979862762,10.731094224184766,23565.984938126487,3.389572254263855,1.0,1,0
1466.2536347169291,2,1,1,22.144623982527666,4,3.0760150702035416,1.1896235507659594,5603.207392376896,5.558071316670043,1.0,2,1
122.57114040631691,3,2,1,11.525895568611427,1,11.131015816281502,16.250293422528475,9871.577979849997,3.4700398817542455,1.0,1,0
59.18903257067125,2,1,1,5.295900694707228,2,3.661370621592464,3.593535699822603,9859.756842029328,4.572998290915894,1.0,1,0
77.7189666720114,2,1,1,3.979903976870559,2,9.7629421772771,7.68824679714252,32050.34899156429,4.109532243041099,1.0,1,0
1407.0135405740757,3,1,1,5.0592182816466345,2,2.6082150064599885,2.5576991554635957,25793.727375656992,3.122656944734525,1.0,1,0
66.0019524431155,2,1,1,3.9031718660172703,1,2.307209157011872,2.0499292101982127,16655.57246286689,3.3732894061374195,1.0,2,0
1407.530876610942,2,1,1,4.105857213209916,2,3.694204208412393,4.567936818448113,16039.941100891943,3.2931503805416567,1.0,1,0
138.3096059441721,2,1,1,3.6749547596550536,1,2.39336408897963,1.8307302248895538,19382.123067219807,3.8115526721475934,1.0,1,0
44.81795757734336,2,1,1,23.662220003505002,4,2.7365283665111164,0.9788503312897627,4270.664532628875,5.684375926623259,5.0,1,1
1387.3161715909328,2,1,1,6.702004959166451,2,15.744676837364986,12.139959281929013,5407.533885272061,4.039150129462127,1.0,1,0
76.66871991487452,2,1,1,3.887118730844485,1,2.319990943051182,1.5325274584358213,15583.172773732487,4.389063594100695,1.0,1,0
154.18386431949384,2,1,0,3.742597619292834,3,4.480176615241177,4.867560279136076,32233.818227613807,4.689980389738216,1.0,1,0
1420.0798435649888,2,1,1,1.6453293268002391,3,12.712456155168613,17.136481536279643,12098.067031337963,3.3885743161008,1.0,1,0
519.1687833652124,2,1,0,2.3982499600924054,4,4.786618669099205,3.1672843093881267,18300.469835523298,4.833803615347335,1.0,1,0
520.2054929317741,3,1,1,5.286574295039772,3,21.489125617183866,24.218947296455504,26361.875025339636,4.256041611876484,1.0,1,0
756.0731715074954,2,1,1,28.50563715549629,2,1.0349227435890116,0.4247606493607478,7441.2532357056425,5.664282103199439,1.0,1,1
1476.4300493308292,2,2,1,36.628761908062955,9,1.182572251643837,0.5863587786855231,6255.030702213122,4.667760451722682,1.0,2,1
1411.7402369464137,2,1,1,12.157902286690863,5,7.341827957219725,7.8567242184625,12495.288056249534,3.922081574740696,1.0,1,0
506.83133886114445,2,1,1,7.378020940024768,2,5.009372510182906,7.171408821085414,15046.994126060787,3.7970157943252953,1.0,1,0
60.19297158456117,2,1,1,5.221384576328902,2,4.011522962356809,5.456124405484812,24728.318570012987,3.9159201899099205,1.0,1,0
523.4778120255833,2,1,1,10.903789239103602,1,1.162714962842629,0.7040598174986081,30801.60710983633,3.531037091956081,1.0,1,0
137.25877694987108,3,1,1,5.139842321902989,1,7.013267674507729,7.340996092312159,11345.24058534403,3.514708602528022,1.0,1,0
1424.8920448654392,2,1,1,5.299387184816545,3,4.0206934889383374,4.517621724194469,15112.256728668477,4.006337242821283,1.0,1,0
63.68200831860886,2,1,1,6.010519534633149,3,0.7739504240998052,0.7588230491121701,20691.600341445777,3.990920623997141,1.0,1,0
1419.7479244202927,2,1,1,2.855954074745272,1,1.0076577437918766,1.4077950870538913,14968.072494534385,3.3971293105610876,1.0,1,0
58.74128882855711,2,1,1,1.9902974952825487,3,7.6984617619738325,4.865647227904895,18865.824473285626,3.047586466039875,1.0,1,0
514.3425926540634,2,1,1,3.384467734996745,2,0.9017880763990987,0.7996056947818884,13055.513984581163,4.108492974430477,1.0,1,0
762.3422858014567,2,2,1,32.38781677422942,8,0.8896086604247054,0.21124643388009032,3216.61531970907,5.448517985622578,1.0,4,1
122.47030686342897,2,1,1,4.081866759391761,1,1.2491993973428017,1.4553963404416475,6204.305394531932,3.3406033003407414,1.0,1,0
56.49364486489086,2,1,1,3.260700621849644,1,6.0999707129249865,6.751852312038423,15384.125087686803,3.6253646481811703,1.0,2,0
53.0857701718672,2,1,1,25.701995424493152,7,0.6486901254132711,0.38841795068480184,2984.9840330766906,4.856223972171017,1.0,1,1
742.5978112960264,2,1,1,60.030689874941665,6,1.2821320987060747,0.40654922797653653,6781.934227695973,4.975643378315782,5.0,4,1
116.75853409123715,2,1,1,6.109581633203593,1,9.856627246264809,12.672033386600907,19555.71834720321,3.472338075917034,1.0,1,0
521.3605148476674,2,2,1,3.2709459776164658,2,0.9299014186162026,1.0315464599007769,19677.072891051932,4.2469420506573865,1.0,1,0
70.79403560868384,2,1,1,19.24468875561876,4,2.1257110750462807,1.321329521757402,9347.623977567315,4.8148671121548805,1.0,8,1
494.94286236314684,3,1,1,3.3419882847204283,1,1.7048599841474343,1.709215331916276,50201.90999113933,3.733834058126016,1.0,1,0
85.14368366013194,2,1,1,5.962859837604211,1,0.16622971418424248,0.20215981715371412,9078.521083089685,3.206455864586667,1.0,2,0
61.17090555250477,2,1,1,8.648211126475351,1,7.057731578006008,5.018054903798175,17095.96075215742,4.1741165288996225,1.0,1,0
507.06215653443,2,1,1,6.0941035165106205,5,5.2883943665929465,6.164249901659573,18691.733770346385,3.840999874473305,1.0,2,0
57.033160135925975,2,2,1,2.4516369847506816,1,0.1079473169755556,0.10510876969728092,18627.871920593207,3.6185514114428616,1.0,1,0
132.7599724360346,2,1,1,10.851952921312233,3,0.488442599339591,0.7073698139514936,2766.588389995186,3.1252561489392763,1.0,1,0
488.78911598758935,2,1,1,3.9061263175736407,1,2.1214508649650314,1.9679780079020202,8492.826475357206,3.645165820964145,1.0,1,0
1432.4406896989462,2,1,1,8.740584447726405,2,19.3435742291354,15.168814108255948,11544.60492479375,3.3113078394460906,1.0,1,0
54.328718667929536,2,2,1,5.4995998386709255,2,2.790812496627672,3.3960465516214047,10226.316059836836,4.08758491518337,1.0,1,0
22.669611862825004,2,1,1,15.339175235874125,3,1.2849859790207605,0.561555083811849,3377.543583941115,4.698760500824862,2.0,1,1
500.3341038989732,2,1,1,1.6212439426624266,3,2.9058796980740884,3.3584007986809925,21089.984031526405,3.777549150933889,1.0,1,0
148.80208890481632,2,1,1,28.33429414412928,1,6.608011783287399,8.659644437252407,17337.552965651023,4.012021753241494,1.0,1,0
128.3278847717335,2,1,1,4.2878000980251985,1,5.135241406279046,7.148719360776691,15474.441241100816,3.5080356049371244,1.0,1,0
500.18891355413297,2,1,1,10.195889035655037,4,2.340391997362093,1.5753546730244679,20308.920751329424,3.278076508607686,1.0,1,0
1480.4164245270235,2,1,1,13.625516686528595,7,0.668106167901817,0.3733540479766169,6359.92712707216,4.347330624608543,3.0,1,1
111.45211602948368,2,2,1,6.141529061452651,1,7.636422893617985,11.003264582125809,35978.36228031256,4.113030739804392,1.0,1,0
71.88851970668227,2,2,1,4.400606338798108,1,6.9795743305814915,9.550547236930157,26391.847465167164,4.139613818703218,1.0,1,0
1425.4944189608473,2,2,1,5.1974917516493555,3,2.9368087576452795,4.119426306132768,6844.565884636081,4.402306027641712,1.0,1,0
65.0994045726186,2,1,1,5.464598037646587,1,4.373223672739024,3.870555709476827,36647.603054152874,3.388905603576183,1.0,1,0
1421.0417038826185,2,1,1,4.058812011118935,1,5.415802846625298,5.650091378285354,10261.151148239414,3.7314595469492784,1.0,1,0
95.04759145632529,3,1,1,17.413870368125796,9,2.2511800627796923,1.5983380957562214,6671.226455087739,6.67522278604402,1.0,1,1
118.36513648683638,2,1,1,4.753073506268075,2,3.897086996375761,5.531809867101587,10674.606830288782,3.697627564762672,1.0,2,0
119.07473420172626,2,1,1,5.865760916910263,1,7.59506998887802,7.032760416774393,31116.58856298866,3.8388786203317524,1.0,1,0
502.2649702089274,3,1,1,5.0764410277427565,3,8.627723273274524,8.545110535706042,13381.975141385781,3.946556496136286,1.0,1,0
73.09929843467742,2,1,1,8.382321030898332,2,1.3521080285021345,1.6734907453866696,6098.327161200131,4.0544092680561095,1.0,1,0
83.35560875446055,3,2,1,12.474835491452431,4,1.1696770017623832,0.3269187945941275,11320.018088215658,4.923478109301286,1.0,1,1
744.5765942893008,2,1,0,18.467258666698665,7,0.8126990188026717,0.15417586464801936,739.4797643646693,4.523921541377744,1.0,8,1
1419.140709755139,2,1,1,4.708319991749649,2,4.0769078046981235,4.097857224219069,19746.755780373354,3.3969706213850968,1.0,1,0
65.7865395071532,2,1,1,2.1176274339902426,3,0.8353065594139221,0.5653712464018507,18942.573899865016,3.9700522564022664,1.0,1,0
118.21621148827332,2,1,1,2.2773089234861654,1,0.7938404510238258,0.6474339295212445,25104.616038879045,3.392471571588873,1.0,1,0
49.3229458389567,2,1,1,8.564318967040975,1,2.201348705068219,2.1984141965698694,4239.23133928482,3.882098734045768,1.0,1,0
128.39623418461997,2,1,1,8.833190447895188,3,6.745858031584273,5.370558680456119,6585.590338460654,3.496640531842502,1.0,1,0
119.43165908970518,2,1,1,2.704630990865806,3,1.0729884860937087,0.7238968835173968,30982.75398622245,3.99196408165912,1.0,1,0
144.57791134211874,2,1,1,6.687308439695707,2,0.8386396249724232,0.574055945984875,9171.908169348819,3.398535168665048,1.0,1,0
1453.4192810211418,2,1,1,15.628091838265428,3,0.5904878710490482,0.33912656462272295,2285.19095929451,6.0219450886281995,2.0,8,1
135.6351002148472,2,1,1,10.461729973944193,4,16.079523043222018,21.193524087674163,13581.37764903899,3.4526441453958014,1.0,1,0
1416.8257430370643,2,1,1,2.16221034345959,1,0.6376921201451552,0.8512218458317317,25883.439657073348,3.226795938488633,1.0,1,0
55.36123347425795,2,1,1,24.615163032538593,6,1.3331087426774324,0.2414418708011602,2209.98348804225,5.412355884833441,3.0,1,1
516.7703624058428,2,1,1,5.701705785461283,4,0.3522802437185739,0.3821111197682351,44827.32003845896,3.2040852510301474,1.0,1,0
527.7228338678268,2,2,1,4.165984549153277,4,11.558889316678156,9.846959812418921,18770.771372408493,4.4886923673620185,1.0,2,0
58.39289777543021,2,1,1,3.1534771985579537,1,15.76405071472911,21.299779603604833,6783.8254882999745,3.3762201480293133,1.0,2,0
56.66614242819247,2,1,1,5.082670271959492,2,0.4383831056234343,0.31589629017183884,15649.031039659487,3.310607954000541,1.0,1,0
1415.3171882630165,3,1,1,4.246399298451696,2,0.6943464211358638,0.4444249058599749,5998.12080579106,3.863070124007331,1.0,1,0
1427.7988900277953,2,2,1,1.5408342728979403,1,4.870596720623935,7.118082301705327,7449.666105658971,4.153022328800686,1.0,1,0
43.149047039638226,2,1,1,35.51486217796877,4,0.5642485058746823,0.1542733445797079,8519.829907213978,6.44107958244094,3.0,4,1
512.0290996997653,2,1,1,6.991178817791372,4,4.921332170064087,3.1455955308540586,29362.859140951292,4.464651355866696,1.0,1,0
57.691906936702566,2,1,1,37.63328926950276,5,4.233029831662257,1.6131111895923542,6492.425572031292,4.880943664920142,2.0,4,1
507.8220992180926,2,1,0,6.297553017729214,2,5.0084355123476385,3.4929594481925608,29059.154980184227,4.322289276484518,1.0,1,0
148.65630978834338,3,1,1,5.3104935600537635,1,1.5933931105686152,2.232299222762064,5939.6327628078,3.4923298202899042,1.0,1,0
135.61630145962897,3,2,1,5.335984816253474,1,19.111178925732602,21.118163760527086,5797.3965637404135,4.040412404664187,1.0,1,0
73.06830955863704,3,1,1,6.164965964882841,2,5.345430198666118,6.288570148794742,9817.815232801875,3.5552248277137024,1.0,1,0
1421.0671976114877,2,1,1,5.332771882125572,5,3.239748174262553,3.5817170701572216,32616.61443434271,4.494474455125574,1.0,1,0
127.49908512585729,2,1,1,6.073394547309182,3,0.1302913020804907,0.10721161694233665,12077.8080217994,3.1863958171930804,1.0,1,0
69.8872708418216,2,1,1,4.736234246742523,5,4.334580366113928,5.361166191947653,31955.33144662908,3.835157125692275,1.0,1,0
767.6377397027667,2,1,0,32.02713151199199,6,0.08771681379578732,0.06700797267404254,7211.380593739962,6.436743216461412,1.0,2,1
22.452504852752213,3,2,1,20.520312611576205,7,1.4013621262291454,0.8552751982645975,10897.056342452146,5.466817473174305,2.0,2,1
44.034760323715545,2,1,1,33.26076532798427,1,0.6333359313045035,0.06435426113861546,5287.078244581829,4.149240664726458,2.0,4,1
153.64851817753157,2,1,1,9.60906778228296,2,19.066562141671206,12.511774424947808,10989.502910061332,3.9699893468337044,1.0,1,0
1423.7673926268872,3,2,1,25.755603534361594,8,2.4100255829047237,1.2879643860919456,16852.052568421073,6.389401937233983,5.0,1,1
136.71423873970252,2,1,1,5.610967015719469,1,0.9901884992172943,1.281008047044667,23700.685476475657,4.550854714765941,1.0,1,0
119.36858066126976,3,1,1,2.632686872710978,1,22.295990229551478,21.842589644366583,10998.676711963439,4.3283848679997865,1.0,1,0
128.85986044983613,2,1,1,2.7625207783027594,2,1.8587698933227852,2.5665646108889826,19001.039951620296,4.005100615549711,1.0,1,0
49.528577218156364,2,1,1,4.950413174578105,5,14.738449512807414,9.326331964682117,14611.256463971285,3.8123016538852954,1.0,1,0
1453.9076782432205,2,1,1,22.46348812816446,4,0.6145911850219564,0.19866802026316463,16824.108267110307,6.141032378379638,2.0,1,1
1411.9614068637775,2,1,1,4.409253868033815,1,4.197503135219627,3.974766344802168,30501.7406731308,3.910760500152991,1.0,1,0
65.04292190430226,2,1,1,3.58583226690244,4,6.011612171946874,7.3771343356945005,6142.058318394454,3.747703704650623,1.0,1,0
67.13789261241294,2,1,1,36.963102581053505,8,1.8228118872465966,0.64386970299062,16976.173049392106,5.465583622454927,5.0,1,1
52.625119488234645,2,2,1,7.2844969157855965,1,0.6611045550563223,0.8703259831426406,9901.410279955713,3.752640662930721,1.0,1,0
1413.7028862290276,2,1,1,6.95699911297108,3,3.6527023677816906,4.917552147758445,45001.77527647731,3.977145743233869,1.0,1,0
135.76068185748554,2,1,1,10.329548631287933,3,11.677680515110247,7.854641336180306,38350.49300061769,3.403800472969628,1.0,1,0
90.8866877374241,3,1,0,20.849052931752425,4,0.24102199628832008,0.08145643767513384,4850.109793677799,6.74792627309208,1.0,8,1
519.880668751843,2,1,1,8.11526221196991,4,1.5075673006867916,1.3577625040329917,13030.351013457637,3.0054788629344746,1.0,1,0
516.3345708689001,2,1,1,2.67466082133377,1,9.959218762523125,8.562699281768396,32337.693716136066,3.8067123342876217,1.0,1,0
65.48497899886836,2,1,1,18.073983005691773,2,1.0765974228415418,0.3587911603101099,3375.306302665346,6.577116475723466,2.0,1,1
134.4122334566476,2,1,1,5.948331325985058,3,2.3035946088230035,2.5894108029965768,16672.82973646977,3.4182853706876566,1.0,1,0
1422.5875515880023,2,1,1,7.800902214903056,1,0.38417044100809106,0.40447589745634666,28001.689181852384,3.5194080941689703,1.0,1,0
62.49343782628913,3,2,1,14.462375114170479,4,1.112709040360684,0.6036824996169095,2886.7551392549776,6.28116721577028,2.0,1,1
1419.8968922101515,2,1,1,9.37910919913663,1,2.8915324988781816,3.9199756864376853,7169.315511436533,4.207363618399008,1.0,1,0
74.0858137634298,2,1,1,28.73387379377652,4,1.1732383005919573,0.8042194891469693,18014.46801319917,4.52676847377818,1.0,2,1
38.10185621969341,2,1,1,31.72639273181409,3,1.6116234677642864,1.2429124607223527,4096.423829317412,4.685209953284188,3.0,4,1
118.58339101313044,3,1,1,3.9875680317900803,1,3.043180217545879,3.91705369996025,17419.1868422109,4.191749812775346,1.0,1,0
511.76126887600134,2,1,1,5.038537897730604,1,4.321747181736241,3.5811718872691016,24609.600394724635,3.6836958967688154,1.0,1,0
67.36275921259335,2,1,1,9.1011449747171,1,8.919547981452604,7.729054759678285,11667.779056375417,3.7922327976192296,1.0,2,0
1413.5423517308443,2,1,1,4.028082274505675,1,5.449441629497139,3.699214186687356,15455.362368296652,3.8830709641412557,1.0,1,0
1411.1774024064491,2,1,1,4.408070826655763,4,1.0295746874225942,0.6665785979532407,8305.060584806437,3.707063806846005,1.0,1,0
82.01339793919658,2,1,1,31.24182627692231,7,1.6946149653586204,0.3116269440659946,3813.0118771955886,5.271162851348685,1.0,2,1
46.89587519539309,2,1,1,3.3697277186606427,2,5.258988920765139,7.081570534634939,16547.750896409943,3.630192764169302,1.0,1,0
66.81909668558325,2,1,1,4.898552702557373,2,1.6425697900452807,2.2000968383727058,15932.130415449936,3.169030942958214,1.0,1,0
74.4615811209549,2,2,1,1.9478126379971843,3,1.3510097771982053,0.9634055942333942,7323.803304382605,3.092109533865195,1.0,1,0
47.37333803739164,2,1,1,5.867753350283952,2,3.882964483253533,2.6287855420695543,12560.00134717809,4.122636755950416,1.0,1,0
67.45027332002716,2,1,1,15.064128531783293,3,2.5759587421944508,2.0183812041907556,4589.721960841405,5.851778612916709,5.0,8,1
725.8692373955179,2,1,1,19.674695866156426,2,0.660583518801237,0.5018327922153946,13215.856107848298,4.899375047498881,3.0,8,1
45.45727961560589,2,1,1,16.293851675027085,3,2.082467677450638,1.3708827875481977,9368.24465874128,5.5993399614248425,3.0,8,1
136.5264918693799,2,1,1,10.166504606234806,3,2.3103812141266973,1.4487218050725412,37974.66970178566,4.086998211539923,1.0,1,0
499.4256643647565,2,1,1,5.182264675675928,3,6.983409978184498,5.991775841808782,17663.30110238781,3.9954788110399413,1.0,1,0
1455.256890496751,2,1,1,42.53014630833121,7,1.972734132904807,1.2040475964237765,4087.8041136743086,5.51995374589963,1.0,1,1
515.4110375963276,2,1,1,3.8876402595561275,2,2.828600636533602,3.3159035995360786,10600.589825086017,3.729099864910923,1.0,1,0
66.4473004883185,3,2,1,2.2620478250970644,2,7.093172566546736,8.3263864195438,21978.952341822274,4.130135121943904,1.0,1,0
74.99674469091411,2,1,1,8.89064112284845,2,2.492641058882882,2.927711305250303,31669.965121158653,3.8118890460294548,1.0,1,0
1418.4257756202867,2,1,1,4.325272040855555,3,4.142859978789241,3.348978845210368,6881.0958165509655,3.7945972913357906,1.0,1,0
56.0526387787489,2,2,1,28.575359850862906,3,0.6805881762031619,0.42443512296779845,9684.493630436311,4.6271739804570915,1.0,1,1
130.6428270497412,2,1,1,3.6343025790927417,4,4.417842910398161,6.172568992887251,26389.217942369432,4.37879088013381,1.0,1,0
125.04107582786091,3,1,1,2.4460695850509317,5,10.769879840240305,16.100511830882716,8428.112018823267,3.2075435708143036,1.0,1,0
51.55641552913443,2,1,1,2.5558576246898568,2,3.442205401224269,4.181539244891586,10642.351069991992,4.013343606168109,1.0,1,0
103.49299004805621,2,1,1,27.270364378915062,6,0.6405221566467392,0.45474726670131066,10635.743863773088,5.876586729835212,1.0,1,1
503.55432282259864,3,2,1,3.79488020697063,1,0.2381772407701661,0.20507059914948442,38848.94854951208,4.412764396543702,1.0,1,0
64.62578588278957,2,1,1,3.208991519025548,5,2.1030918737400763,2.4949617812779525,24930.2298297997,3.152522480964879,1.0,1,0
142.50058344222194,3,1,1,13.884053045886443,1,2.5338902946786517,2.5854529325835305,22326.526258777347,3.8858051339836712,1.0,1,0
20.283765967547986,2,1,1,22.148715260379994,6,0.5311853387485468,0.2896787816230377,5015.752967730987,5.416039776774742,1.0,1,1
125.20688333493113,3,2,1,3.58263266112236,2,0.8384175838089514,0.5093361737394172,17262.603111020017,4.637518871244387,1.0,1,0
75.01476440944347,2,1,1,24.560941266489202,8,0.6308077617274973,0.4848800898735425,16900.845813098455,7.5,3.0,1,1
75.97783638846423,3,2,1,4.843363302670836,3,6.49335393177147,4.0053447487160465,29307.088726271126,4.748478037204547,1.0,1,0
67.625098318356,2,1,1,9.153656896783781,4,3.1492382702998984,4.185550762192746,10572.702385086224,4.364910271214849,1.0,1,0
1424.6475322876663,2,2,1,9.576342093254999,2,0.7759535671995275,0.9968471453772314,16431.355986754043,4.479840430121312,1.0,1,0
73.75372116275679,2,1,1,17.61613073621886,7,4.113467333129991,2.7306770054002016,12200.647771994782,5.177899538527492,2.0,4,1
91.61025029627659,2,1,1,15.342921059972332,6,0.6264029847520598,0.1782787735461318,4993.789590190851,6.137091014704274,5.0,2,1
66.32517566654477,2,1,1,6.6687103843676985,2,3.4161001818529866,2.0978641948074515,10446.291129910278,4.14990354481717,1.0,1,0
503.0734839994172,2,1,1,4.611530162363232,1,2.152447795819922,2.577307791100719,4266.723540251729,4.738298312621391,1.0,1,0
60.046918143217844,2,2,1,22.49357115416233,5,3.873869911546203,0.9965762469234182,22986.45138960388,5.983740303591586,5.0,1,1
115.69783409734535,3,1,1,8.605507306548496,2,7.469920240603637,7.550371178438691,5646.248089837877,3.796260908174756,1.0,1,0
73.48810026487145,2,1,1,9.563185596788921,3,9.867438381473626,13.730340421757713,14353.031270490786,3.363143344202069,1.0,2,0
502.42431337731136,2,2,1,5.691963445343862,2,3.6640208778198513,2.806143814067125,17645.982070488346,3.948384161372441,1.0,1,0
747.7411602282806,2,1,1,27.91657818571155,7,0.6500907953279104,0.09242953818384393,13683.679582064447,5.350168694372022,1.0,8,1
1453.984237090587,2,1,1,22.587165964131383,4,0.26459833240647657,0.16625145530257282,8533.774941237782,6.1822979531286535,2.0,1,1
69.17725568101258,2,1,1,4.327432249908565,1,0.4175614707380799,0.2778817898965431,13807.769777233894,3.9108239332975088,1.0,1,0
498.86419969485246,2,1,1,3.928570767914566,1,0.7106811006679499,0.6779643377239712,6013.087054039423,3.8011820026695973,1.0,1,0
42.87386290574545,2,1,1,28.531695601076667,3,0.13538459295289884,0.04181238442173374,6197.891913547325,4.062378526371417,5.0,1,1
61.862092529457115,2,2,1,31.625251052883662,1,0.6244900950800436,0.19701084248791378,10592.425871674208,4.137332939295634,2.0,1,1
1424.0228351205078,2,1,1,6.438966774584805,1,4.851979628959706,4.677698248372755,20492.820435022182,4.413869349522117,1.0,1,0
65.91667254334128,2,2,1,8.581373439649001,1,11.37877683915512,10.575117480328682,16184.32825246688,3.9403947330717655,1.0,1,0
503.9197427591639,2,1,1,10.410474736880468,1,5.35033056544249,3.5823629558817967,16546.900922222772,3.5855762317408035,1.0,1,0
110.13789511129818,2,1,1,8.724097409000498,2,1.8411545467131762,1.428252728688741,16600.336661317968,3.2854096571257037,1.0,1,0
116.70005213306501,2,1,1,11.570993764829453,3,9.914603449021017,12.241754587327135,13670.491192023437,4.030940691373011,1.0,1,0
67.72230044201066,2,2,1,5.80310581455357,3,3.130230960359033,4.321794201741965,13816.904662791643,5.0,1.0,1,0
1443.8118664795998,3,2,1,23.684222704874458,7,1.4628045950292217,0.7875193114952223,5708.7059347555505,6.0213851791208555,5.0,4,1
65.96828940148225,2,1,1,29.366165545899083,1,1.7394556231930762,1.1731913306289175,15065.387504827602,5.769973324353202,1.0,4,1
60.3879144486213,2,1,1,1.967158391544516,4,2.3390879198393595,3.031200146151831,14467.415941563351,4.184915386792218,1.0,1,0
136.26390952772095,3,1,1,5.394722187803694,2,10.947321734550304,9.923425007860619,5764.175642557931,3.2912296275960626,1.0,2,0
58.21753396839666,2,1,1,8.130721912228513,1,6.328909685894841,5.282794599595953,11840.112057142085,3.777855427263682,1.0,1,0
1418.7396107094767,2,1,1,7.5602222786066635,5,5.549219010177927,6.74872047723205,27111.020276887648,3.7612021002881946,1.0,1,0
122.1098006555972,2,1,1,1.7173716858792858,3,7.171581333176027,9.015633180325857,23168.030441681367,3.62035011433147,1.0,1,0
63.76980424908494,2,1,1,4.241473806134183,2,6.678545294126651,5.761219809670923,26079.3300806219,3.3907015815374058,1.0,1,0
1409.634983398965,2,1,1,4.945747103688327,1,3.6390719622693046,4.62737881915924,6705.009463958465,3.5346722433984294,1.0,1,0
136.99040461380756,3,1,1,4.646499222095757,1,1.3610558991248103,1.5399902946842028,10262.059974761654,3.6138359203258865,1.0,1,0
61.38015671060887,2,2,1,4.968841507320043,1,3.2530705449849755,4.648370558197824,27416.158319272003,3.094676487617322,1.0,1,0
49.18013167941076,3,1,1,12.105347819598524,2,1.8846521772744573,2.2357713097282557,17937.1700519993,3.951862301439015,1.0,1,0
68.23483278484942,2,1,1,7.199733831587786,1,0.9881863348503525,1.2147236684298142,20723.395314463512,3.5333885972741363,1.0,1,0
59.76015161804523,2,1,1,5.737442816603459,2,0.3546353539661289,0.5140602023828358,17404.940895447005,3.620355686905116,1.0,1,0
508.231657777587,2,1,1,2.79572691436578,3,1.365217527761291,1.5841085567186468,19408.859326036596,5.0,1.0,1,0
58.74695481774804,2,1,1,25.695027065326688,6,0.17937168213240845,0.09403639627944901,378.64193333704395,4.675809912345198,1.0,8,1
69.54449603865191,2,2,1,8.016207856403689,1,0.3887355526872631,0.30774765246234553,8330.252171533088,3.6126761804388443,1.0,1,0
60.83729330890964,2,1,0,12.66679719897953,2,0.7167361541210991,0.10031607774775314,9687.539656690364,5.379817992179687,3.0,2,1
503.5544055213116,2,1,1,5.932096304287758,3,0.16758777295003346,0.24015353490787364,5753.7764350690095,4.83522217526452,1.0,1,0
520.0731492512846,3,1,1,8.290080347415092,3,5.53707810206928,5.584849655384954,18992.74056374496,3.5491031839799967,1.0,1,0
762.0047945050117,3,1,1,16.54627000503892,4,0.3724129806307205,0.04051570604582347,5478.2685776363705,6.064071956460105,1.0,8,1
101.0634727098941,2,2,1,21.46726704960401,7,0.5511247936992518,0.3738488259759254,21471.552156835583,3.9056225997492944,1.0,1,1
139.97245971138463,2,1,1,4.4509419031558535,3,2.288481151598551,3.427619395183145,8350.190144239572,4.835324176864078,1.0,1,0
68.35439034295688,2,1,1,5.383854975884078,2,2.10305798095055,1.8305131978861864,10648.328569716625,3.8422197797765554,1.0,1,0
1432.2127622008068,2,1,1,3.467026493392716,1,22.490299152508094,28.174642088438343,7208.669590396944,3.7477383679858205,1.0,1,0
1392.0779181451544,2,2,1,8.362373288895038,2,0.2260368193890378,0.2345428660785186,14137.605049537928,3.562615295159804,1.0,1,0
119.30158282407226,2,1,1,12.033281379501187,2,12.283469896196783,13.16023825367579,17314.32184921212,3.647339489018662,1.0,1,0
125.79191831777119,2,1,1,2.2925889362898113,4,0.9738827406998045,1.3364840147485535,9419.153185913066,3.9502222470294943,1.0,1,0
123.31949743700169,2,1,1,3.0829236779574534,2,9.197051366418432,9.522425467021606,38357.44512118298,4.226238653999882,1.0,1,0
1425.9810517105964,2,1,1,10.34656608048082,6,2.695238611225988,3.501270306365958,31528.541797674738,4.341169752521985,1.0,1,0
1410.3669824253498,2,1,1,4.139102658498594,2,2.190622965992171,1.9182669098336658,23732.484067211353,4.049127747867105,1.0,1,0
68.1258968148581,2,1,1,4.739135013444531,2,5.253395215067805,4.388978180093811,15283.060481504246,3.696082530964992,1.0,1,0
54.51034883401148,2,2,1,8.098899655311527,2,4.7113736379617075,3.525378810895689,38246.323535745585,3.9971163105664202,1.0,1,0
1422.2342233470308,2,2,1,14.244586550293555,4,17.63206005816882,15.585022754189648,6323.6989916270495,4.377170727007206,1.0,1,0
1425.002748871505,2,2,1,2.384505622435075,2,5.099037888722371,6.7289960433397855,49137.75850878021,3.530644181355653,1.0,1,0
513.8919299652771,3,1,1,6.969551253785743,1,9.421467616937292,13.782203893717314,20864.577110376133,3.8442048540988107,1.0,1,0
519.5271785610353,2,1,1,5.212935011443186,3,4.7259219487204085,6.102407107748265,4695.417347723456,3.5403217647329157,1.0,1,0
27.012993976609163,2,1,1,25.28592320963297,4,0.48577441571988733,0.23528675459711046,1421.033285831372,6.6014427993422915,1.0,1,1
131.17893194966197,2,1,1,9.099638528653092,1,5.097461522218273,5.981702055454918,27898.801606116664,3.346775597347834,1.0,1,0
21.619419386137583,2,1,1,20.867132048091335,5,0.3093440064718412,0.23516809751939427,10225.068005536767,5.78604163301449,3.0,1,1
514.9073894349926,2,1,1,1.7635185369088937,2,1.5546724702903334,1.4736152278049175,14603.594160042718,3.9027196593113462,1.0,1,0
133.66405394558865,2,1,1,5.387910986075137,1,6.699710745808624,7.957896848652798,19849.144923097774,3.8305547946775507,1.0,1,0
532.8104193370341,2,1,1,6.377642434500129,2,10.154757222135219,12.49185107904498,26706.59276568552,4.0555069079163735,1.0,1,0
124.61282906964352,2,1,1,4.5858964754671225,1,3.435624024070007,2.510986946509289,12313.149385434104,3.2510450309320356,1.0,1,0
121.45994617462125,2,1,1,10.225318042756243,2,3.297835459486316,2.5245280061887003,22085.694707850907,3.5515342205420923,1.0,1,0
115.31798900623586,2,1,1,9.237515370853215,1,10.422304746179151,11.583947480473283,27846.130505890047,3.158781516323602,1.0,1,0
70.85342958899108,2,1,1,28.619069587443892,7,2.5964426487593353,1.0463244959982512,18929.299009495266,5.915447928276818,1.0,1,1
65.9009813850355,2,1,1,6.615109647536101,1,6.548382680662645,7.611822752598453,3133.729387097808,3.6249047241719894,1.0,1,0
55.890243244687596,2,1,1,3.7215283615937667,4,0.9070534452607568,0.8229970578887738,14868.126226826531,3.8188773158053344,1.0,1,0
36.49044425973713,2,1,1,40.61978119603021,3,1.569840201583345,0.2110403131415225,9297.98985360485,6.326796980617904,1.0,1,1
85.3380218938168,2,2,1,16.380300522377432,5,2.936057890841441,1.9507616866722803,13631.906271786764,4.863875053459896,1.0,1,1
58.934726799828105,2,1,1,9.214993101248849,5,0.34376178555142684,0.46498205132753345,12845.871772368104,3.8660080651413087,1.0,1,0
1423.5626816165952,2,1,1,5.135536925326099,2,7.515777059607444,5.526816486238358,13896.030912541004,3.723027396993207,1.0,1,0
60.92459093981974,2,1,1,1.8960440119458914,4,4.666482398524195,3.0991481524843443,14186.963093984794,3.3202047550057383,1.0,1,0
53.916571255962964,2,2,1,5.082632346202982,3,3.2059026725741564,4.32651367850836,27192.287878193893,3.9901564469147415,1.0,1,0
60.336827251995246,2,1,1,31.469472159409225,5,0.23303894169304387,0.14761026651654266,9896.734717877916,5.260319357951122,1.0,4,1
1424.0496321365285,2,1,1,3.3899768332322564,3,0.9935985770430599,1.2881613088703388,31684.839969429726,3.807286329983553,1.0,1,0
62.99312372758496,2,1,1,22.758881883978358,9,1.2753405569902965,0.15454246695216328,15209.593695189616,4.293423904700899,2.0,1,1
1420.9722259603666,2,1,1,10.64800947363097,1,24.787312739778624,18.86810851506168,17697.305314661186,4.197781286858313,1.0,1,0
1409.880402508783,2,2,1,2.87442060896882,1,2.410981760366465,1.777943297327893,22900.155626913333,4.067974077944334,1.0,1,0
125.82401172225485,2,1,1,2.8841600385507995,2,1.9865864607754113,2.18777560571112,8692.081471422665,3.8694730872104204,1.0,1,0
38.828596000726364,2,1,1,29.80485897950809,8,1.587221516801158,1.0636445313258864,949.1504241612538,4.904008719539203,1.0,2,1
62.318840976668795,2,1,1,2.798140844629555,1,1.9629404217036592,2.3237005393985113,5829.395143265108,2.9665082474837936,1.0,1,0
1445.9971511062508,2,1,1,37.70337084072062,9,0.5539849452851942,0.29657724471903496,12391.534531649435,6.0409452405674395,2.0,4,1
65.74492750521198,2,2,1,8.394016297182326,2,9.231297079425609,10.137296249493904,43187.53890230612,3.282654347696681,1.0,1,0
1439.7222962836126,2,1,1,33.202830408805184,4,0.9039223518320152,0.6485896436935872,5611.948800379224,5.572191529340309,3.0,4,1
758.6744112476035,2,1,1,36.043265690273664,7,0.9561984216454329,0.4904431415041689,3865.04824520175,5.4031559362798625,2.0,1,1
121.04381321171039,3,1,1,2.7444989744921195,2,1.7902473681227877,2.095191840602798,25507.846341883167,3.5988794042228593,1.0,1,0
497.1574338381143,2,1,1,5.748117829205801,2,4.413084366345659,5.4401574664004055,33488.93920781472,3.798542715165229,1.0,1,0
519.3253609011645,3,1,1,7.110412606397347,1,2.293926695823973,1.7406428565952654,18543.506204145866,3.9777992351107136,1.0,1,0
499.6139608588553,2,1,1,2.478943730455958,2,1.4958423300536556,2.0042396590991722,15837.432856423766,3.5843524654562966,1.0,1,0
123.69425596312718,2,1,1,2.5316208720258766,3,2.3866052737091628,2.665903861156568,3149.832920179737,3.3915139765573317,1.0,1,0
1418.9767376511038,2,2,1,2.8013063157664693,4,8.437148028856807,6.837235719984276,16648.02003214178,4.718163241312014,1.0,1,0
495.5210348712333,2,1,1,2.729589847650142,1,0.3428905746268575,0.33768243143690607,5882.079051523626,3.856112553543709,1.0,1,0
110.30519826860503,3,1,1,5.098903136818536,1,5.35312222670771,6.156491731067507,20187.115225830978,4.122885744207186,1.0,1,0
52.358181513580334,2,1,1,34.54159631225936,4,0.041636973685747515,0.01949313092041502,8182.8936716801145,4.350266311495603,3.0,8,1
1413.7615653062674,2,1,1,3.0246060828744183,1,0.5848059407571834,0.6308612104117013,6965.128932361404,3.7211811328192907,1.0,1,0
99.98576324425602,2,1,1,19.920561846970703,5,0.7312919115522745,0.29865976969944213,11420.222284719075,5.96823337644965,1.0,4,1
34.91278191474036,2,1,1,35.149046537616414,2,1.1836769747419094,0.5540948020011469,14405.342926215159,5.3741040483939395,1.0,8,1
520.6142099311693,3,1,1,4.869801797928059,1,10.379949112505782,10.324516562249926,8574.603993326364,3.649497962595403,1.0,1,0
133.01768121241236,2,1,1,4.013744127877333,1,4.671688805931449,3.938586657773894,15403.577264401398,3.409407713305681,1.0,1,0
54.56904261789598,2,2,1,8.891005590410803,1,4.276906040319799,4.2096090227039635,8068.496922991471,3.594949671572397,1.0,1,0
71.96094624878938,2,1,0,1.8438089648233729,4,9.307073084065042,8.345794237130102,15283.5975121475,4.197176929423175,1.0,1,0
1466.852514989988,2,1,1,20.986565501333402,8,1.7411136941262075,0.37827913763287746,8347.036289163065,4.4890645283704504,3.0,1,1
134.1622832833419,2,1,1,3.817481820265792,2,5.084848351533801,5.995822891717386,19595.10948080954,3.3623242224492325,1.0,1,0
145.48114091783276,2,2,1,5.5006832110512125,1,1.9214698428510124,2.066038479350444,20001.749744421148,3.1692526439699495,1.0,1,0
77.87742643312374,2,1,1,6.623841796166989,1,20.57199673588381,18.380758043576467,12175.072488483824,3.076491108111158,1.0,1,0
1407.8011455090955,2,1,1,8.979856492374342,1,8.164763900083758,6.599634890233628,16720.294630520326,3.952479071554526,1.0,1,0
47.129099413885584,2,1,1,31.290408328874186,3,0.40486770336509814,0.1843409101458436,14848.651506805587,5.719669611250347,3.0,1,1
1426.170041791769,2,1,1,2.5027762911832867,1,1.3611254451707753,1.507776362772517,21009.587701745884,4.078170821367953,1.0,1,0
124.02268874294583,2,1,1,5.885038411509151,2,4.174024942349722,3.64947693316428,4923.872974416785,4.014919859035312,1.0,1,0
63.88549235285038,2,1,1,5.367202005553078,1,6.048455989220081,7.380244084191862,26706.61358616063,3.463683882990212,1.0,1,0
1414.3960575915114,2,1,1,14.726197523393749,1,0.25890540816632257,0.22526423968639783,8689.116900635641,3.569251932000156,1.0,1,0
1416.4446683763272,2,1,1,3.1914100218982386,1,3.1046054452861624,4.527932556728679,8969.154671993654,3.0736760248793726,1.0,1,0
80.16480039288254,2,1,1,4.801563660787835,2,3.860167923403622,5.490097196504221,13568.164490400282,3.680337545207477,1.0,1,0
49.29867493251025,2,1,1,5.26539702585728,4,7.641511791578631,10.799209003849331,25197.195804840423,3.409458769399999,1.0,1,0
1435.0290305541296,2,2,0,4.421520836296297,1,4.569209748690986,6.6627428497468575,40432.927902873846,3.4025630384807783,1.0,1,0
112.28339247479111,3,2,1,2.864043385600313,2,1.5200909403878884,1.3028175336523067,28396.365241893138,3.536035473786252,1.0,2,0
518.250815441907,3,1,1,6.684818822418145,1,0.2546127157810323,0.2481836785793427,19955.25989623204,3.7489398817334045,1.0,1,0
81.58176903999744,2,1,1,19.526368345653665,7,1.2185187259917232,0.6335929444643742,12760.777448748759,6.643807913003545,1.0,1,1
521.1085445333928,2,1,1,2.2668725919855612,2,5.276569769914415,5.1935799539210326,29775.514606820456,3.8851810602702854,1.0,1,0
1408.5137069501413,2,1,1,8.494096969960346,3,17.66312695034308,17.104068061507483,13441.318188815325,4.325226885877133,1.0,1,0
75.98681037823674,3,2,1,7.482445777683624,1,39.18443578331234,45.62237317141071,17008.768967442375,3.625726813621334,1.0,1,0
51.38825246867193,2,1,1,8.135450868299841,1,3.931735744391241,5.596198567097385,11739.078233075337,3.59476178857489,1.0,1,0
66.73292381361885,2,1,1,4.9684807810900775,1,1.0434117123011397,0.6823212068621908,26174.665746558363,3.8470635839741174,1.0,1,0
140.71402156233162,2,1,1,6.084376256148228,3,1.8224938651952125,1.5337192327128362,25624.05472402306,3.0316565104580504,1.0,1,0
1421.0974255887058,2,1,1,24.9736821875227,5,1.1197928336175922,0.3545781761074684,6660.362009474939,5.490450033379364,1.0,1,1
754.205180046817,2,1,1,16.50320672730362,3,0.5847441922442281,0.07987356212766314,9592.416197184337,6.201417484822517,1.0,4,1
74.48192509415998,2,1,1,9.61944341711494,4,0.15669150745769153,0.043651991848279455,7202.556488017819,6.991065507176186,1.0,8,1
130.98139660967936,2,1,1,4.417664555401886,2,1.3070542250428725,0.967982550134819,6801.145822536359,3.906794071116237,1.0,1,0
128.17455803378195,3,1,1,4.773771990636261,1,15.503847486478152,12.40712630171304,17025.678867906845,5.0,1.0,1,0
73.16143410964372,2,1,0,28.108189130875335,10,0.9463851885229937,0.3794587338713935,7537.00738362184,4.66844968217624,1.0,1,1
106.41648917609737,2,1,1,34.053522474461815,6,0.8138701061093989,0.42901409588943035,10807.848414943875,5.16598966264018,1.0,2,1
515.9993333925526,3,2,1,10.300803319938451,1,11.227318870133013,7.495996598171731,7208.245299305491,4.029754628589277,1.0,1,0
106.83598581450887,2,1,1,20.39136933186053,5,0.46653794158917283,0.08051399945534386,9184.194644532417,6.325473750254005,3.0,1,1
74.14555342348689,2,1,1,1.7694020476271881,1,4.3704662968524985,6.054753115806915,15422.61351852548,3.952220138393236,1.0,1,0
1417.898138439365,2,1,1,2.029672556821967,1,3.660244872125942,3.001407286099316,10331.30414408585,4.247172735597423,1.0,1,0
1421.944586351319,2,1,1,6.568974100768824,2,2.3594310476726803,2.1041134327000774,12468.809830774255,3.596417396716111,1.0,2,0
1405.9153917863148,2,1,1,3.636673237253077,1,8.676626771004544,11.750151497375107,25919.27107279384,4.299261536730757,1.0,2,0
136.9784549806927,2,1,1,16.126892750032884,2,1.9792784990681092,1.3425429754979017,27400.770941014987,3.7074368497153403,1.0,1,0
57.71176444241084,2,1,1,19.0116412924386,4,0.2628937854245983,0.055904592216643886,3773.510497192267,5.780229226861339,3.0,1,1
145.95945561217872,2,1,1,7.977870946105271,3,0.4591302060094634,0.6850911421292498,33132.65295042094,4.095214258543122,1.0,1,0
504.95926420326964,2,2,1,6.006318260093803,2,12.717284062753835,14.67168568988597,17964.639376960447,3.723646676316191,1.0,1,0
124.87516019462998,2,1,1,2.7086137576096094,2,5.447398970639884,4.5183264745833895,2152.2486255490307,3.4733448197565693,1.0,2,0
526.7128277083098,2,1,1,7.653945491409082,4,3.014380862233716,3.341132887527667,21893.498444696757,3.623492024947211,1.0,1,0
128.81903029925192,3,1,1,1.8706853631787892,5,3.403156589092198,4.979905712678752,20604.190689702267,3.502005247264655,1.0,1,0
1421.7978452191446,2,1,1,2.5021954664608774,2,12.582177064755824,9.233205485590167,28341.788358185808,4.269233710779945,1.0,1,0
111.08423330922231,2,1,1,4.598102470670661,3,1.8763513400115308,2.3709238484805826,6188.609756523476,3.7788147812586033,1.0,1,0
61.964141167346135,3,2,1,6.745195916580033,1,1.6240215901626525,2.4305351865805824,593.1300282433745,4.329398986000307,1.0,1,0
1413.0813169785433,2,1,1,3.2755146693159163,4,15.7869134500675,22.45510158672982,21096.616196381103,4.303780953732025,1.0,1,0
523.6751997812192,2,2,1,13.82536635077427,1,2.91067140121689,3.9237447512960926,29002.220309288514,3.7618718639073694,1.0,1,0
70.86828945223368,2,2,0,29.491615432207414,4,0.5254257275195064,0.06146835927214904,17609.494485381158,6.544497108957522,1.0,4,1
37.837015726914274,2,1,0,29.739252899865484,3,0.8553101952578828,0.45773825143676117,2818.6114448816606,3.5148401773227227,2.0,4,1
71.66033435518936,2,1,0,3.74173411237035,1,17.50736400935732,15.208803077642727,21630.91427420351,3.805445372652672,1.0,1,0
131.19871646758887,2,1,1,14.229942450659772,3,1.0291596125720566,0.881224958301099,8113.062997266052,3.6986285898054763,1.0,1,0
153.15129255982586,2,1,1,5.838861472640428,1,18.304623388171628,15.23747373249883,19583.884633380807,3.889151087269902,1.0,1,0
89.7131887784702,2,1,1,24.35263603305826,6,0.6166974269255985,0.0739550311734523,2833.913402484549,5.7796761851841705,3.0,2,1
772.0127389144953,2,1,1,18.706270234898437,5,9.737573583199696,6.577007937615856,12630.490804471568,4.513230199625589,1.0,1,1
76.66678675699178,3,1,1,2.470123118599339,1,9.96470593396768,10.65284572204103,14597.269993238562,4.11158154988663,1.0,1,0
59.89788482686388,3,1,1,5.141631972549563,6,2.6673812986926406,1.9471853526722354,13918.162148359299,3.4973903122365915,1.0,1,0
53.10348165038388,2,2,1,14.362848205944717,6,0.3820159775011351,0.26952121389952594,4942.705216299613,4.98472566762328,3.0,8,1
517.6924077525713,2,1,1,3.5415571064492317,3,6.855235053784712,4.597580893837327,13440.376014934747,4.189040010661907,1.0,2,0
59.22874534057162,2,1,1,14.871573512691281,2,20.79883213085634,16.883783852282438,23945.322916704983,3.1724198683821574,1.0,1,0
124.0470098291885,3,1,1,7.513273951327444,4,0.7525498938068095,0.5445766711923993,13137.596263123722,4.1897390357297635,1.0,1,0
746.4116020178698,2,1,1,16.77908909941933,3,7.894214956731062,2.2156141944544587,7854.707708347215,4.685967679186156,2.0,8,1
754.6977049125865,2,1,1,24.081179932908906,5,0.4580748783437742,0.3512691030551577,6640.3276430887,6.054389153726561,3.0,2,1
1399.1558454497113,2,1,1,4.375296950317453,1,2.268054194668037,2.4077416159212794,34760.56510262283,4.053999942620046,1.0,1,0
80.75850642842099,2,1,1,13.395128020225957,5,1.9523023591129005,0.7104779045116743,12718.390921352511,6.34055012832527,1.0,2,1
1414.1414086624684,3,1,1,2.0278068487060854,1,3.295864682721128,1.9995989916352699,3172.0771006742793,4.798730716553345,1.0,1,0
528.6395474586302,2,1,1,6.160764694799355,2,3.293432687724182,3.3606832934570052,2280.9379014360325,3.334139098070896,1.0,1,0
134.7303697780444,2,1,1,9.142006669065864,1,0.7659568895036004,0.7548197957882473,43225.73101050605,4.200058441776118,1.0,2,0
43.7186846848882,2,1,1,3.62366282649206,2,1.0023100938230547,1.437839851836472,21989.61993375384,4.164835058293457,1.0,1,0
1421.5129698280193,2,2,1,5.664648532797612,2,9.628800307483493,8.03282380903176,15277.075649272732,3.8358110428248726,1.0,1,0
765.342125799654,3,1,1,20.324633348347596,2,1.717555182045971,0.5543681151315003,3650.633480394094,4.499341328955405,2.0,2,1
529.9894456426416,2,1,1,3.9939925799973994,2,0.4594685228725037,0.4259906396035455,20842.04633337909,4.074509064054225,1.0,2,0
513.777536153906,2,1,1,3.3853609327480565,1,8.642632804824052,7.0631434657348535,10598.857352036035,4.2747628560576745,1.0,1,0
54.10471452560458,2,1,0,8.850222675478955,4,2.7470354969983464,2.3354216069248714,16023.127839772947,3.31920771169147,1.0,1,0
55.58066608008191,2,1,1,43.0505919550938,7,1.217218604801578,0.2619001127728957,11058.235344414541,3.9064090212844995,5.0,1,1
76.79001671038583,2,1,1,6.723204640577582,2,0.41455630430087376,0.5808505441615496,20014.690627738757,4.120382779023308,1.0,1,0
53.564467851446366,2,1,1,26.961316637108997,6,0.27117015407148565,0.03207617711671546,2472.5149223878543,7.013289802452315,1.0,2,1
47.18339451971453,2,1,1,14.13523323343359,2,4.307542066429334,3.4504986782112956,24783.42878031413,3.6607320915471098,1.0,1,0
140.6209512160915,2,1,1,2.335399120236766,2,0.2834197125111034,0.2682725041052628,7747.687161556103,3.3067358769379265,1.0,1,0
1460.9456274512822,2,1,1,21.04658783948162,5,2.845780195703179,2.0013110056992125,3168.0908418545114,5.127636281593612,1.0,2,1
37.880568007636725,2,1,1,16.76999323544818,2,0.8297381338148853,0.13778385255687917,4428.110579585781,5.598941444016025,2.0,4,1
147.248251136346,2,1,1,3.779322428243214,4,0.6098983081663747,0.7116372230914189,11398.206915948398,4.275565000794482,1.0,1,0
133.2285630171815,2,1,1,7.933331718928859,3,2.0628700366145334,2.730448640650699,17426.212873906956,4.40557847617589,1.0,1,0
1414.552673024479,2,2,1,5.133716728450188,2,3.51895742492969,2.337573052419036,13003.237423300625,4.004922268181552,1.0,1,0
75.29712223345578,2,1,1,6.092803899531772,3,0.15790144323503683,0.18068095792363417,21063.382132192197,3.608404323258622,1.0,1,0
1419.5545312004292,2,2,1,7.05038319513746,1,7.807546850896491,8.209551003045036,6373.039087200351,4.145803864647006,1.0,1,0
509.5267097139912,2,2,1,7.774840002978019,1,11.85544854708836,7.197713686152818,23377.7768172617,3.9185816175315815,1.0,1,0
511.0442502859514,2,2,1,2.630334534072861,1,7.080048612854611,7.094293353093772,10839.382394226468,3.3065803759322487,1.0,1,0
53.36206414319659,2,1,1,8.131478990848654,1,2.257418547581266,2.7363507554433304,19346.428455277335,3.8819712685879857,1.0,1,0
516.7553218808878,3,1,1,2.005790684275941,5,3.6444739315000425,3.9177956255827744,50259.14818153085,4.079771329355105,1.0,1,0
533.9195121466977,2,1,1,6.169044308287559,3,5.347962604419289,7.598919504931513,12308.251940423894,4.010211514770993,1.0,1,0
131.24245353750985,2,1,1,8.447862698476683,1,1.0149693617548505,1.2923057150702948,7173.769496623374,3.8511403644174838,1.0,1,0
68.6773899694393,2,1,1,2.493541712516875,3,7.576640619900141,9.943326901651487,18932.173828899016,3.538440776487992,1.0,1,0
1420.6078381004384,2,1,1,6.591110023872853,1,9.10155574985367,10.042135329088984,6908.138475737109,3.7510775471529887,1.0,1,0
43.145093615092456,2,1,1,17.510206293053248,8,2.618680674227363,1.0510317681253505,6816.243644830406,5.69296614476911,2.0,1,1
515.609618673405,2,1,1,7.004087351580808,1,6.887378169145709,6.503638669147416,20725.745853474502,3.927194201789694,1.0,1,0
57.6528192566299,2,1,1,20.939203459118517,5,1.2701631089688141,0.1469345803065978,11375.736276188763,4.7102058724586335,1.0,4,1
1459.5260808541846,2,1,1,42.32273450021259,9,2.0212849931938885,1.4852762696555393,21542.846764895225,5.4986232363044065,2.0,1,1
518.8643999532837,2,1,1,10.508559224811687,3,0.4965720099249643,0.5260005185495846,24767.34023528888,4.127504576343879,1.0,1,0
101.87502885026214,2,2,1,17.53677332719245,4,0.8947067575464533,0.5304405280585426,4039.2945032617877,5.06843349113864,1.0,1,1
499.2353164816535,2,1,1,9.889601883875933,1,3.454744280924809,5.120778193314682,5775.003873079861,3.5274952352641193,1.0,1,0
507.28045055091854,2,1,1,11.061947217883292,1,1.7839418178150337,1.9193987738262386,43094.747485672946,3.570210553524358,1.0,1,0
76.41878258444758,3,2,1,1.929980175051088,1,3.903871045886605,4.206896492706302,27593.76067881863,4.751437786094154,1.0,1,0
501.68549632109705,2,1,1,3.9429254526087987,2,1.2230791125446439,0.8535458583082426,11279.873574907098,4.328841182708083,1.0,1,0
58.47582326724608,3,1,1,27.374784422788508,5,0.024438624360692027,0.009634757032958335,5357.277746481598,5.3075112576308205,2.0,4,1
