packet_length,protocol_encoding,dst_port_class,src_port_ephemeral,event_rate_1m,burst_rate_10s,inter_arrival_mean,inter_arrival_std,packet_size_variance,payload_entropy,unique_dst_ips,unique_dst_ports,label
94.479709874646,1,3,1,120.68811921124707,2.8574866565108117,0.1989725620446619,0.1198268886559517,5881.519018888682,3.7552298839432368,3.0,1,1
55.62741978399798,1,3,1,71.24675580302268,20.16475702781749,0.14090676681068928,0.10470651028811938,8101.415367380446,4.700334131657181,1.0,1,1
68.64533174176368,1,1,1,4.869627604007184,2.466903433139646,0.5686885700485723,0.2512228181089924,21238.699217924575,3.7730804056964793,1.0,1,0
68.69284542544115,2,2,1,18.53720344985481,8.202861954070599,2.452101396837735,1.765558602924507,14762.069251560084,3.884419784353826,1.0,1,0
134.00084720821732,1,2,1,29.245024956890386,1.8443814536132062,2.0456104787171827,0.5834367855411373,9001.978569319823,3.7622804690516727,1.0,1,0
761.1267833730121,1,2,1,89.98577612271657,11.850859012266643,0.5122385399448564,0.349970037595549,19144.263535125923,4.204556366849841,1.0,1,1
127.0995417204503,2,3,1,8.542974153979026,2.2332700993347077,0.6376431898975364,0.14739503400121412,18195.821066763874,3.761296342238069,1.0,1,0
508.72314529065613,1,1,1,20.094784444371076,2.385915006406651,3.7518265916536833,1.561061714265667,3576.9827835386504,3.7167557656366705,1.0,1,0
129.42766138391792,1,1,1,45.520992120708975,2.6842483699927495,1.1786722352739725,0.26907864127085024,22143.476724546006,4.538709429823755,1.0,1,0
135.86434501067527,2,2,1,15.980350775155259,2.9481479861307784,3.306941015651053,1.7185240465927292,4300.1803335387895,4.348356723053403,1.0,1,0
1465.5481376931714,1,2,1,144.94771131522347,18.109065909468068,0.4654506348457025,0.19545455024673655,3156.322335230627,5.42185892315318,2.0,2,1
1458.8779011515367,1,3,1,72.4644444880778,7.9328775326275505,0.15820176927972127,0.09056486629417138,6645.176098495421,5.559481129857911,2.0,1,1
77.28945716845332,1,1,1,115.88301804453924,16.141230339393644,0.23488409401370539,0.17157584648538746,19561.028567650334,5.508775337149991,1.0,1,1
121.74864197587848,1,1,1,12.858755789867962,5.160719662639348,0.2625913558031365,0.17966122980535826,18242.07869618152,3.667916711983064,1.0,1,0
1426.3173539572426,1,1,1,14.873887739268085,6.6502389583999655,1.4852917724554515,0.5166238017729029,24818.558952326937,4.090477004429573,1.0,1,0
1417.2685701614637,1,1,0,29.22347347522433,2.473228883357303,0.7915803745506085,0.3815385625560697,16607.380535327844,3.7623898322585525,1.0,1,0
46.45393209812431,2,2,1,58.88918254142379,16.61960912675157,0.43877333605574687,0.10162197911910106,2139.0028256418673,5.064155031447415,1.0,2,1
507.9817878396854,1,1,1,7.149453993489905,4.076723670153122,3.1111313882893805,1.1009915526080605,30955.772065317447,3.7172343523338194,1.0,1,0
506.20929848461003,1,1,1,32.475316116722226,7.80785287066721,3.014600580224431,2.2875481222240572,12331.955976909161,3.7841211409714663,1.0,1,0
44.73515317819638,1,1,1,33.76747753819247,23.423081981185483,0.23906099408793657,0.06129381932038075,6084.432176811894,5.495284214888066,3.0,2,1
715.3206930833269,1,2,1,75.23476132656765,4.363834319529774,0.19005320047365604,0.10295021396140963,4458.662312895926,4.601829212766536,1.0,2,1
125.24344385715258,1,1,1,12.351789013744233,2.519514157511588,0.1775420475443925,0.05935623188463466,9546.681371522238,4.073571301456086,1.0,1,0
44.99784797135485,1,1,1,40.33430155900537,19.961275442300945,1.1966277654998512,0.5562900536807146,2775.1599047851887,4.91187757695737,5.0,2,1
34.9043626135056,2,1,1,70.67323073993083,9.918434563991813,0.016413125056224734,0.0038642096655126727,3340.9188710589474,5.381365063098303,1.0,1,1
86.93317633774019,1,1,1,108.01731190384234,14.480668441871746,2.5790330719868937,1.9788862070769337,5069.400970832443,5.0139071369134225,1.0,2,1
77.08379446660231,1,1,1,52.809714163819805,1.9792720542462863,0.9892105599531186,0.23904457390242376,13725.588231062306,4.0106078682162085,1.0,1,0
510.0035027320538,1,1,1,43.00748142764406,2.777468961274659,2.88936213642738,2.252664713809793,24624.950366076373,3.8644186711707276,1.0,1,0
520.628356810396,1,1,1,25.154102142133976,11.3025671742609,0.2635934997947425,0.19600325595007032,9485.519898585113,3.992247568601272,1.0,1,0
63.57568409618895,1,2,1,12.806530958781316,3.742933600152815,1.9598925382901027,1.0882090057880724,20676.81213982913,3.8142358099121494,1.0,1,0
74.18634028900324,1,1,1,19.442434708623843,2.677078984952968,3.6974189971734743,1.9037953637295864,10596.377290854321,3.6030888151410476,1.0,1,0
75.72507612605148,1,1,1,105.49636255455862,11.50366296162418,0.24460445896754135,0.0827547861823118,17773.980511425078,5.80865142666061,1.0,8,1
1418.1107370388854,1,1,1,19.910787747219192,2.263136490731693,0.06351557128528607,0.022664789502668224,3938.9718129630714,4.439484851609935,1.0,1,0
46.44358177723699,1,1,1,54.69099104596548,8.876019096004006,0.1713777343687083,0.11315649314554362,2550.7593119859575,4.109950706030451,1.0,1,1
1417.093501147216,2,1,1,34.13538240560016,4.144870460777067,0.2536703675759863,0.1269390473985206,9909.982827952817,3.789156547657867,1.0,1,0
111.98005702403242,1,1,1,39.15374116184369,6.7744967259099145,4.514670935912089,2.509032928275046,16368.758968197904,3.434418391980018,1.0,1,0
1440.916686228894,1,1,1,31.80673913740245,2.2443790233315424,0.8382550955781914,0.4216667100782323,19834.30101553841,4.114984226843186,1.0,1,0
118.39768298796746,1,1,1,15.61328138833731,3.9269510237579905,0.4911517670783749,0.21813887631111312,15906.304731740232,4.327481013271455,1.0,1,0
127.74707702489513,1,1,1,28.5769172001522,5.822162526942919,0.502595344820463,0.10712477824663885,25159.739720762915,4.733131716125809,1.0,1,0
116.34684949635358,2,1,1,29.34150736467105,3.9285813687641493,2.999813765487154,2.1059600754885195,29927.362847063294,3.802554730139118,1.0,1,0
750.8377059158136,1,2,1,96.4844942446891,19.400687039734468,2.389695155563895,0.8468157836479716,20858.821762394276,5.748680505628353,1.0,2,1
62.57075409780594,1,3,1,86.8623533787756,20.325572266981947,0.3408382962270842,0.09743648396045364,6294.713291959627,7.435825383731954,5.0,1,1
1459.236474790686,1,1,1,31.415251863668374,10.84532707100415,0.2139627556332365,0.09882146331574962,14317.967006786468,5.082743840955867,2.0,4,1
493.9876903501788,1,2,1,26.17706295464294,2.447171743688748,0.5475979404475129,0.38080390548847803,14419.084520777813,3.5470195496106323,1.0,1,0
71.91801145646114,1,2,1,11.409740121860112,5.609685708097972,0.709972016044625,0.5365953659929358,13812.238604825292,3.6910723910612617,1.0,1,0
130.69564474300552,1,3,1,18.336472751891208,5.005412507937925,3.54830844656674,1.8765711863397714,24044.95175598055,3.2592642468799173,1.0,1,0
64.41670579473593,1,3,1,79.53240673206356,6.182055336321723,0.9824743798781833,0.20712315057857048,8571.681607720177,5.44328936817154,3.0,2,1
51.49875150975758,2,1,1,62.1835588773288,7.48556169503802,0.4871246152966244,0.25995446373918607,2107.6867901903456,5.6801480513271505,1.0,1,1
135.16555626955042,1,1,1,22.998693736890218,2.792968586290792,1.0134867880016605,0.387086097482817,30974.811009243454,3.764992073888407,1.0,1,0
61.92503455484339,1,2,1,98.0663428190583,10.405553085161966,0.1925335951846639,0.12482399727869127,9939.080376384058,5.345173904069286,1.0,4,1
501.15662594172863,1,2,1,13.293681220260464,4.139005881658612,0.057555059730737206,0.026521271928585867,11557.83942275196,3.578765664396716,1.0,2,0
513.4077435302759,1,1,1,10.099774459743804,4.0720354953195645,1.4999181193756332,1.0508689452631506,27462.22024897668,4.066924188335983,1.0,1,0
125.96506022394618,1,1,1,8.66708122458019,9.370175126724808,1.1933219034389693,0.8419504729278836,26458.479258640495,4.078085623657827,1.0,2,0
1425.0584767058522,2,1,1,10.16418255516893,7.649353176805004,1.7530564875782015,0.6046279051883496,19515.194874079432,4.000557105377842,1.0,1,0
516.3755572662392,1,1,1,27.305532758680656,2.350849931289548,0.23813731194540297,0.12409144214410497,7842.020885543703,4.271118208894818,1.0,1,0
127.26249472287527,1,1,1,9.879689189476705,5.960492630307886,0.5605092602937292,0.19186362683723834,16298.521459464071,4.213135542431504,1.0,1,0
61.707250816766965,1,2,1,34.46216904098136,5.907487926778659,0.9344016359421711,0.6977574212603415,9977.030115831622,3.771620583024496,1.0,1,0
137.98105596794878,1,2,1,19.318204273843925,3.664482590547149,0.12172250643056222,0.0402812106457209,12275.95163457261,4.343462326187788,1.0,1,0
80.41921484394159,1,1,1,100.02573820109149,8.564382812498646,0.09248985475865168,0.061517400539067,7411.590591365851,4.510437315857818,5.0,4,1
63.06673854204445,1,1,1,32.09057019957978,8.34722712637197,8.57847743403789,5.750488695707818,28023.717752725664,4.149913228771366,1.0,1,0
108.17945553760734,3,1,1,112.80725136326326,8.50654259965247,0.7217589856223833,0.49456190038672865,6231.728098769162,4.230885975687338,1.0,1,1
1488.2573119086205,3,1,1,31.860458726433684,13.226048909562872,0.729628892495801,0.40834093884374995,4842.886581298732,4.815881756091191,5.0,4,1
114.0685542972202,1,1,1,60.121307790194024,1.8254414489197592,0.4128517450275416,0.19363332449627169,4181.924035705038,3.36128784686703,1.0,1,0
56.405185059024696,1,3,1,65.30710236154067,4.104442983895627,0.3066783048544382,0.11969499129897919,13448.83994464176,4.837519936340083,1.0,1,1
525.5077398934775,1,1,1,27.366300306554024,7.818904572723758,1.7838680875752877,0.4502933961071551,10893.593708988737,4.06148518536526,1.0,1,0
521.4707412714367,1,2,1,22.524646581932103,10.929435839499238,0.9890124266215563,0.36771031154739986,46397.892775465494,4.225400267909347,1.0,1,0
90.96086081136076,1,2,1,71.39181136758678,12.49833845459686,0.21996126634654142,0.046186999701780605,15802.518174309664,5.245435138380727,3.0,8,1
504.75582552780315,1,2,1,8.390808927734971,9.827130484581868,0.8455941290837249,0.6392314964836167,37150.75555724476,3.8364882477399864,1.0,1,0
135.41531079664387,1,1,1,16.24650755658277,2.247038579880923,3.585860268494672,2.4541714086004442,8159.665805506868,4.4041781469537415,1.0,1,0
131.10774853544245,1,1,1,40.43262698514396,8.729748200859973,0.30180304611685715,0.06923006609140976,13921.056803937452,4.973769269274107,1.0,1,0
127.06698198335752,1,1,1,19.03322885775866,2.2975259756330466,6.392324064785385,1.5006971472256074,21446.53949527134,3.9214289001032396,1.0,1,0
513.1620672048296,1,1,0,48.80068914500905,7.459215263432959,0.2579607067546925,0.09615398539841362,27849.08321100581,3.282955126780455,1.0,1,0
120.8448068088794,1,1,1,56.901346220364154,5.855084113692378,3.092669544438604,1.68040059183789,26642.002747290735,4.315366176938802,1.0,1,0
33.67160668683023,2,2,1,46.91338874810093,11.10573730462685,0.4798196802001838,0.28194615716679305,6386.8620849111885,6.814847800719207,3.0,4,1
514.5534207236992,1,1,1,12.018367466443289,7.721467578522782,1.0805013326783501,0.49062992986791765,9306.55789093692,3.877864592289902,1.0,1,0
59.588606585138855,1,2,1,122.10288082148502,13.21916130643617,0.19814925632032757,0.1430430023786904,15309.106815807398,6.195459754161052,2.0,4,1
733.8406309326106,1,2,1,66.82051168237297,10.101215237128471,0.10915932208192021,0.05825567578378456,3240.16931325751,5.4832062356283275,5.0,1,1
518.3522349219653,1,1,1,29.58422358182554,7.536053702956453,0.8712771021651152,0.4023296020882561,33955.35527586323,3.270249821531431,1.0,1,0
59.70549182521438,1,1,1,23.785305014854227,2.0880894698632386,0.6276812014940393,0.49150678326608394,17305.039838198165,3.9549005504710424,1.0,2,0
38.29239143151865,1,2,1,64.5637987312134,11.204462328646434,1.0803843195453624,0.814959351934821,10187.84224777012,5.57231110216078,1.0,2,1
78.46249060810067,1,1,1,8.971761093632807,5.917113794697016,7.296768947671052,5.353716022493496,5859.3778516405955,4.052691962837472,1.0,1,0
80.07191237190067,1,3,1,53.70555413918806,2.7033010931560337,0.5524782380483272,0.35322415159010073,17630.337961247373,3.3949869004777318,1.0,1,0
146.3858025889376,1,2,1,12.853860399977911,13.096033677824956,2.2589196217764336,1.6005801781069215,11146.788097723997,3.0349117351397594,1.0,1,0
136.47872556741746,1,1,1,36.08287775135494,6.945101333278094,1.1803795943260689,0.7210882762583273,9835.112522379126,3.995868266483069,1.0,1,0
72.01014648583538,1,3,0,28.283488322525606,7.3448197116323515,2.7249484109705278,1.2144175551528087,16619.531138906776,4.013681581005309,1.0,1,0
52.97118234684952,1,1,1,11.945657933913399,4.050187828473203,0.5136427555163688,0.2225946323535552,11447.602677501343,3.7770999340625826,1.0,1,0
514.0958839749508,1,1,1,17.91108341692623,2.639747792731014,1.2758103345266267,0.34846841370596465,19730.416243841402,3.8921166880998106,1.0,1,0
132.94683846472043,2,1,1,10.136204779179995,7.611092198535198,3.363612634310964,0.7957530906270652,22281.649355651723,4.66731890983797,1.0,1,0
23.411209186831773,2,2,1,190.805695625103,15.731587297601077,0.01064097927860412,0.0051336744379531585,7703.981778974464,4.661221698095419,1.0,1,1
42.19993135356961,1,1,1,119.73919942459526,10.65110374043346,0.10277238543404574,0.03929131411678145,16221.482443605893,6.316447830300899,1.0,4,1
1415.3750801321485,1,2,1,40.2974480157919,2.509111792251565,0.8325364369695786,0.380591315917445,13839.290953730211,4.606397595001267,1.0,1,0
63.97058384673449,1,1,1,20.613097830264124,2.7288910381437397,1.3908064966687368,0.47783478897828097,20519.699737020277,3.5438516116243797,1.0,1,0
1484.0996427007556,1,2,1,28.663061910983217,6.832807695289074,0.9303580298323698,0.22051762370315608,1743.2751944018842,6.609842125090255,3.0,1,1
69.91573628884599,1,3,1,62.72032071644381,7.571269394829541,0.011865626154499688,0.006005335816046605,4620.883871126284,5.408602820554361,2.0,4,1
530.0654556038861,2,1,1,25.208913484135355,4.4340097227669215,1.841114427220954,0.9817956010230832,18481.214289386782,3.8255414231061153,1.0,1,0
135.74570074676382,1,1,0,8.613431435322141,2.8342784410779696,1.8955676406585618,0.49545706792404465,7023.536273577955,3.405239831664313,1.0,1,0
22.899218206108735,1,1,1,90.88618716617597,16.784361427137046,0.8788470761577836,0.5645085137972362,16234.282239958657,5.312234776078676,2.0,2,1
64.83570741339062,1,1,1,19.87929404312229,7.377649008735422,1.1851358122669162,0.5406154762133425,3145.844577556919,3.7016242850721564,1.0,2,0
142.29218766398756,1,1,1,31.53751805988822,8.597772094727297,3.4612909389430064,1.4386265685282271,15867.98550752259,4.0812589412985165,1.0,1,0
60.64300433528136,1,2,1,53.80766302425962,19.091998434907712,0.5111503061798425,0.1684551041460346,10304.845407662237,5.433244105327765,1.0,1,1
60.39063139438673,1,1,1,13.869708854720924,5.814027332277039,4.061761323141329,1.731012709810841,8703.495496550868,3.835183571817913,1.0,1,0
1485.0729822437163,1,1,0,100.66596523202874,6.7601339168982655,0.5064122590577557,0.14820812280996573,9127.093661334986,5.470535360869298,3.0,2,1
50.0976226373781,1,2,1,38.447886370756294,7.100302115410644,0.14796711902796222,0.07878715132716348,17991.736776547776,3.648954499533165,1.0,1,0
497.92526582649003,1,1,1,10.501130947544661,1.9153919398948256,0.143558366363834,0.0523589629822026,3667.5028604070735,4.393999599496547,1.0,1,0
61.369637056482055,1,3,1,20.82908675858419,2.0733530981954,0.5467996881195898,0.40571287050019633,6213.101301520002,3.472861464039417,1.0,1,0
66.76462694788744,1,1,1,15.331927163223796,10.066251324532251,0.3568337203471406,0.13579415852464308,5378.531126757452,4.105366093761709,1.0,1,0
68.7814624528591,2,2,1,29.498907221956305,2.8125234196755944,4.602547251246427,1.172456330569334,15445.745041480675,3.05929352993198,1.0,1,0
502.7467832700622,1,1,1,21.051350897954038,8.280390253266141,3.23377556770131,1.3066757340275668,33330.007582226324,4.16526446278096,1.0,2,0
1411.283795005614,1,1,1,20.332437021397535,11.66726005057334,0.1618144262683222,0.045921090524475426,18060.802374881103,4.299116944873897,1.0,1,0
1441.3948642732448,1,1,1,74.93062266397418,17.53043493041922,0.18662614242201184,0.12059372990141995,7788.086083971588,6.482138723765411,2.0,4,1
78.43938977126443,1,1,1,18.66939805688383,2.778962001590938,3.7817759617202125,1.436263315466854,34918.353111665005,4.028267538195043,1.0,2,0
507.92142079902203,1,2,1,49.4258072811923,5.797993042619306,0.9037462365353731,0.3529772748195377,14293.022531029601,4.160409475227296,1.0,1,0
516.0721448348644,1,2,1,20.24580897954649,5.69296894474877,0.5973012643679942,0.39273751802139206,16219.732570671527,4.376145583107163,1.0,1,0
62.883876284427465,1,1,1,63.99772522989774,22.513717135727028,3.010436787377156,0.7642133858359638,2412.505337194082,4.682821936169981,1.0,1,1
85.83116335806919,1,2,1,20.318459010640474,5.739828771200378,0.9384369355388467,0.7113693811713744,19478.92131478751,3.002545727795573,1.0,1,0
86.74719480156581,1,1,1,133.1391980996528,20.578088310245498,2.0172874899871327,1.0058906401780094,5429.7228647712645,5.338626629693164,1.0,2,1
70.59569596437917,1,1,0,32.912906904078376,5.131556202046543,0.12566024842725235,0.06407613335840041,7719.424275919014,4.125410014477497,1.0,1,0
99.85090208476774,2,1,1,73.89913386446152,2.6890025561136994,0.07358643546887832,0.04465016500907008,10581.76278390667,5.952641200109867,1.0,4,1
1426.3263716954139,1,1,1,38.26328862812615,1.9981935961682624,0.49292559745911924,0.2463712722414641,9479.100441017716,3.074000187295795,1.0,2,0
1459.6150012058883,2,2,1,253.88718046240905,11.998832201630595,0.08199725623338837,0.06384611879889007,9727.265882354608,5.748267927114345,1.0,2,1
770.9408785108362,1,1,1,139.42066984413677,8.662212794205727,0.7171991817038962,0.20809733142931422,6169.468283789165,5.369504764569176,2.0,1,1
59.46135975255633,2,1,1,94.8714484384604,12.160998270242944,0.6662876343889587,0.20826278608660329,3352.045329047186,3.557882085567706,1.0,1,1
1418.9324204710424,1,1,1,19.590072835166573,5.24832547917371,2.6993066042153737,1.6454606630640074,13511.026121591687,3.7487131664313726,1.0,1,0
132.37944955473344,1,1,1,10.431677966653666,4.813658122219786,1.5298382335669836,1.0006084106138435,13795.89280302085,3.109528258612428,1.0,1,0
62.20491891251297,1,1,1,9.150374249294119,11.09589856720886,0.7588110446450481,0.3756705918010085,14961.308737936364,3.9539879579769766,1.0,1,0
75.12361449640544,1,1,1,60.712534204351044,11.578920097026524,1.0139740736646348,0.5136881167608561,10230.726470620311,4.213111395568298,3.0,4,1
85.8945643033222,1,1,1,93.768053041671,9.486571317027488,0.9227799611700384,0.6730400270777241,5985.217499688619,4.505102297982899,1.0,1,1
133.52760845216645,1,1,1,29.16117692095449,9.118033198134857,3.865024063717293,0.9881118844937322,12929.37298762179,4.1551114547938015,1.0,1,0
48.79916798298294,1,2,1,27.68596729035555,5.089848953575483,0.38834381518714434,0.20479357468162845,12279.247836882405,3.2431191964114285,1.0,1,0
40.582125541391925,2,2,0,82.24570206784317,11.670518061696567,0.7400196854560556,0.48293025907395215,26428.95665972551,5.657760973183443,2.0,1,1
135.81453540222196,1,1,1,50.661745271688744,1.8790916888043347,0.912679480699927,0.6875113486383774,14544.899331676434,3.9927516163006365,1.0,1,0
92.92783562312553,3,3,1,40.69104764410589,14.022533023931558,0.2716195212315216,0.12865096099635856,5296.164686484016,5.180007690721453,1.0,1,1
1435.653888025977,2,1,1,14.770939293599973,1.8281320448009717,1.0576364780316951,0.43638889563399724,10581.418793016272,3.526920491107106,1.0,1,0
86.02422060145432,1,1,1,70.11650464922052,14.024697886788502,0.9913390639391428,0.4945299892202003,8693.976280682162,5.809189149901907,2.0,4,1
753.7554478449548,1,1,1,85.37533850454773,7.673819709732596,0.08131872435083816,0.03616365206346593,3042.7289711938515,5.716951906208293,1.0,4,1
125.79909407713106,1,2,1,17.379598914557704,5.420199110254456,1.099002799335446,0.2891742595841883,15729.123371941581,3.3993166914990702,1.0,1,0
43.971337664975096,1,1,1,32.850540107914185,2.58064291034752,0.1646676511274634,0.07670999449457007,17822.62345019711,3.7700386009038818,1.0,1,0
1401.0987012312996,1,1,1,23.79537727213474,1.8634973292709647,2.6210914644758976,1.7135307649623637,36687.425423515975,3.645958290700122,1.0,2,0
81.86699060374715,1,3,1,34.67994320687092,11.136575204876225,5.193716873460682,2.3779823891849547,24549.90049128076,4.042777161683976,1.0,1,0
752.3382977575293,1,1,1,77.38801874940492,13.998421871639373,0.9682813269491005,0.40861167557359573,8098.12588073292,5.476392671297667,1.0,1,1
133.45473476775223,1,1,1,27.597613099018904,7.701074361221211,2.369232768656715,0.504401058510226,30399.77073315644,3.414545072180795,1.0,1,0
133.35146234816818,1,3,1,35.37632617168599,2.1762699965136894,0.614315811654916,0.18590204626861612,9885.681112264367,4.062808593425146,1.0,1,0
71.69750250901598,1,3,1,5.690928459770039,2.9240418748122665,0.7346544898177175,0.46486803691291395,66177.02101902252,4.267845659067128,1.0,1,0
119.30964475622528,1,2,1,15.08655834379292,8.283563936085601,0.17013517160945177,0.10085028887132329,21592.277916972875,3.878237482619885,1.0,1,0
1416.3199097560178,2,1,1,15.07258800306041,2.6944296488181383,0.49209117422039067,0.25994748722649585,17304.610769863768,3.691317688623963,1.0,1,0
516.3534595074468,1,1,1,16.212663208965033,3.6672677330205796,1.3212593027408224,0.46377801691592047,25133.73551373888,4.073424667267965,1.0,1,0
47.92037968974006,1,2,1,56.60597908983603,16.02097339460816,0.8011742890256875,0.3974286951483903,7922.795609009023,6.032288135117929,3.0,4,1
503.3895590954666,1,1,1,19.68931933159971,2.592976558541603,1.4822284306655047,1.0441106146200883,16488.287266606098,3.7918421164513654,1.0,1,0
509.2559820447464,1,1,1,25.863369988119512,4.3656811968696445,2.4854875523948854,1.7477467438552592,21974.187690388262,3.9830392130658883,1.0,1,0
1422.1875861051928,1,2,0,25.714104030533726,5.389213504630225,0.31852538202786496,0.16879390352240375,17865.644182906515,3.797654699526704,1.0,1,0
1423.9023745217785,2,1,1,24.700319054149922,8.112450639523985,0.14391874132798751,0.07318946618007029,24539.973492246918,4.559826667771816,1.0,1,0
1422.4896764446557,1,2,1,27.681874281468254,8.999959987533042,0.6069928813396074,0.2421855769612824,2103.5904698327954,4.178304527552356,1.0,1,0
64.33482249230423,2,1,1,67.20819019710281,6.122772689520142,0.005558674032261426,0.0018754158557457966,10967.490661069322,6.832014831191361,3.0,1,1
131.02208608183454,2,1,1,19.594243346788186,2.8357023096805993,1.0522693176632456,0.5554270684743986,10450.843615755133,4.021433343974146,1.0,1,0
1442.6157593826943,1,2,1,21.06741527525082,11.319491552009612,2.550661418336773,0.7211135370628176,8363.388842977727,3.586686761465727,1.0,1,0
75.08383631596352,1,1,1,26.654391324047605,2.2864536455811932,4.857574242865128,2.3150272867433404,10260.37706266236,3.947599188193669,1.0,1,0
1418.646954335507,1,1,1,5.191150939283751,2.6869888799821604,7.740931978604582,1.7750510337305905,16077.86867543495,4.2317858437589475,1.0,1,0
125.48155708409496,1,2,1,27.7128299877544,4.413338313472303,0.6692021324131968,0.3032445826553221,17930.05134644163,3.044436077741646,1.0,1,0
65.14616655150579,2,2,0,54.53005145522572,8.240735788519473,0.6309117800172768,0.16175705533057322,3754.2254014150644,7.210044902654023,3.0,2,1
56.40591576410343,1,1,1,16.895055022057136,8.45489134652609,1.6092440995147401,1.0960961061618182,29710.103823317353,3.9862584097445755,1.0,1,0
53.68329214354271,2,1,1,5.548600553369268,2.459666828514217,2.1989215549308057,0.6437135754482312,23598.47246522075,4.430798672387671,1.0,1,0
48.49766874390908,2,1,1,123.06121312449875,17.822448734498565,0.27634054066569574,0.1174499122240691,3511.082291950071,5.436955314032723,1.0,1,1
34.2234963732702,1,2,1,61.79722431846843,16.411911973018093,0.15362331437164256,0.03109869516201196,3773.6680306706694,4.949312763524435,1.0,1,1
135.64882895046028,1,2,1,15.22196754629055,5.142238896934555,0.3528396333366688,0.19776090953800107,31696.604902753134,3.536731407117449,1.0,1,0
535.1450510039242,1,1,1,13.314401954112618,1.9679081896722874,1.7744709016763098,0.8190112376960185,32043.90962003992,4.240341520851083,1.0,1,0
124.34320142012574,1,2,1,12.689115977545741,11.939200816363513,0.30460953932271134,0.0941375281943448,20415.681346557838,3.633284082919043,1.0,1,0
1457.8850541723552,1,1,1,83.15951939686458,13.196373536580117,0.689605618107552,0.45996947451285725,11885.795719659194,6.240180504800573,2.0,4,1
122.74813397844001,1,2,1,27.850993145061466,11.319814058092115,1.7595811872249767,1.10104928636708,13217.33308329234,3.651292021379463,1.0,1,0
508.9881556622295,1,1,1,8.841253733919421,9.310026013111017,2.5916971230437786,1.4517245463332566,17903.69331781225,3.5263694422727325,1.0,1,0
58.66215933554173,1,1,1,14.457241442470409,4.871161858525433,0.08663493603932719,0.0590402191913532,15605.786980653324,4.31429215856702,1.0,1,0
73.31385150585268,1,3,1,3.9652869802727055,3.76852685475478,1.4228686056353241,0.6883642422510778,7184.809314016253,4.227786037935964,1.0,1,0
66.35062816405686,1,1,1,10.840316989123034,5.468969108823696,4.455027658711996,1.3208470752367467,22345.19317871387,3.5184880924300157,1.0,1,0
75.36673080948577,2,1,1,19.168311841532073,2.5115198889246506,1.3576778834757628,1.0238394670389641,10137.203996028655,3.617243717016018,1.0,2,0
54.691232084813635,2,1,1,21.465105577547604,5.741191454939347,0.7441536365123365,0.31520067230330967,26174.237382946594,3.643808630267488,1.0,1,0
525.3866632337761,1,1,1,4.200215148996796,5.992349394628275,0.5814324989370742,0.35232991772521904,13346.185243206775,3.8230867613165,1.0,1,0
1484.2546527420816,1,2,1,176.81297016195754,11.527911286283778,0.3551360262709416,0.27929386487174257,5417.006093700426,5.74626192860649,1.0,8,1
506.0647546719978,2,1,1,19.758961814366852,2.815886805344701,0.05598440856954721,0.013331904937482174,38250.633736128264,3.388898120340035,1.0,2,0
510.0206181011733,1,1,0,43.3428274348337,7.850867594716138,0.4783735331711104,0.2242103965755519,18090.306951472165,3.5559895000716963,1.0,1,0
140.14182737537715,1,3,1,25.241800011999956,2.8278898207683114,0.4070829347552914,0.10726299260297252,35664.44542593129,4.265400220097368,1.0,1,0
517.8091816949911,1,1,1,18.361584072767172,2.678592474292313,0.23753879893093244,0.1454298525021726,20103.01610822993,4.407024259934912,1.0,1,0
1430.5906436406715,2,1,1,12.040933304295002,2.608743335802731,0.4659017241794654,0.21832385581699915,23112.80716101281,4.317286616501991,1.0,1,0
119.66782302221898,1,1,1,24.265539435828874,2.6620007411155533,0.27750790235373257,0.11847552140230748,17807.88087838206,3.652187572674127,1.0,1,0
138.26726816031123,1,1,1,25.076766474523136,4.08299013857994,0.3093265742292793,0.1958769379923025,24057.222524741966,3.616825695425339,1.0,1,0
59.16589930237035,1,3,1,31.783443735136178,6.150607830105586,0.5762614070192505,0.43407077193736504,3411.158566850864,4.901620926285135,1.0,8,1
68.07841521273075,1,1,1,8.503614819757717,9.417217900635725,0.4887934789699783,0.3016186912803337,34506.12185018412,3.625783697563131,1.0,1,0
61.96845285824414,1,3,1,21.86030081017976,1.905481107103092,1.650938925659623,0.7908953723601344,13484.82019155344,4.4739276457208055,1.0,1,0
85.12644657338096,1,1,1,62.36765049633922,10.990364383737546,0.6180119093337533,0.4906664586692954,7981.404095128963,6.953037008047434,1.0,1,1
120.87501813959197,1,1,1,13.037835142397727,5.535159926756,0.8399553389592379,0.3510507935239925,11952.063444637513,3.902131681890154,1.0,1,0
1469.765546617544,1,1,0,90.66773729992225,16.630965597801282,0.30063603267820727,0.20672892229928816,10304.286986444014,6.624067080165631,1.0,1,1
61.37427608945253,1,1,0,14.736365952819767,6.165918256213927,0.6679828130349812,0.33409934384670154,14072.055139148646,3.7375511456425996,1.0,1,0
1450.7119877357868,1,1,1,110.52069497805981,17.480143290290837,0.027364362387651192,0.02017271518139656,4750.5715680453995,6.036302292053934,1.0,1,1
83.0437253708474,1,1,1,7.693914982529905,5.824507564792493,1.0924293546997434,0.4715907240508906,12347.347811816444,3.419644462554142,1.0,1,0
507.82183719533907,1,1,1,16.045744257722994,15.876624866276945,6.967945578058412,5.221223707996072,24956.92249086138,4.303201643577792,1.0,1,0
1447.0442009321084,1,1,1,88.35245136569318,11.28240826272592,0.6101970319095703,0.4586868515106776,17584.569190997106,5.215192757206736,2.0,4,1
72.3694574301685,1,2,1,91.75261401954184,17.325392898234107,0.09613693224154718,0.021669002149064982,7427.300290100208,5.772514777180625,1.0,4,1
61.23709833942283,2,2,1,82.76663865169414,12.250899781748538,0.1516701668217076,0.09330852550091177,16745.925225861138,6.316824133002844,2.0,1,1
1421.3145479556847,1,1,1,20.111655273760093,4.558915293098709,1.5846733212847948,0.704928165404646,15400.887625979165,4.163246359885305,1.0,1,0
113.00106798159749,2,1,1,15.875836663693883,5.700674751762872,0.10241635521703048,0.0768035730737721,16060.805628880864,3.933188507588518,1.0,1,0
55.06624379067022,1,1,1,7.571593351202704,7.073852707081148,2.7211820338345176,1.5564584043341745,21064.44335841318,4.025495174455386,1.0,1,0
494.1399463297125,1,1,1,10.20195760537532,5.668542725741928,0.8674458569864602,0.39668256758560333,19612.77599450962,4.334222259921234,1.0,2,0
51.36603692244192,2,1,1,11.971856786093655,4.011529415473134,1.0630347718693964,0.7453020340259445,23344.561702099778,3.62719060598966,1.0,1,0
131.38811662536375,1,2,1,39.701850648697686,4.597348682433707,2.40998785736201,1.873960809042966,15342.925371845502,3.770824079593101,1.0,1,0
57.65081257019963,1,1,1,9.12561302657431,5.724610655406745,5.730806382704124,1.4351011673544298,6658.091750404821,3.5941291299557547,1.0,1,0
127.77710986033938,1,1,1,41.22389389550107,5.902119007765279,1.8881139101402509,0.39505346884483433,12324.781215153795,3.559566462419686,1.0,1,0
63.66778052715614,1,1,1,15.381128868298699,2.9256313995659147,1.76299194292684,0.42340960512277853,25192.868166397755,4.387776657643196,1.0,1,0
115.64750249334975,2,2,1,46.271673810558674,2.1552587169020736,2.9779504288392666,1.5342998345931056,10646.05449787392,4.518366013197015,1.0,1,0
1453.897044282682,1,1,0,90.5968425818486,8.442628395199245,1.4911179534226309,0.830871062010951,11301.320346426499,6.27740984044467,2.0,1,1
62.777656337714056,1,1,1,23.897918446028704,2.6883651091709577,0.9839943151317142,0.6944170242005474,4775.67402386816,3.8022060415020924,1.0,1,0
108.15380349784208,1,2,1,129.25585272131232,21.478364006904656,0.026630686064784626,0.00783281127553742,11026.925003879756,5.874873249013506,1.0,1,1
1432.4860228674852,1,1,1,8.498236122954157,8.39608632358829,0.9310667637780329,0.4285147866393996,8827.086424427469,4.134979841446167,1.0,1,0
39.84326408489457,2,2,1,70.42493007331734,13.155289478595686,0.10702082093941888,0.05358153291185085,4602.1221278131125,4.553854915922814,1.0,1,1
37.78745365357893,2,2,1,64.89586208930665,13.665569674863878,0.151775500845411,0.032790772938327765,4540.275730302446,5.719673812485085,2.0,4,1
1427.813447283628,1,1,1,34.31570047532948,2.5803534898284344,1.4691903770004586,0.43310977959946645,8774.097992315705,4.467768063761683,1.0,1,0
70.60729736627141,1,2,1,37.73440965996551,14.280857707143038,1.23102355589267,0.6612563311228548,1299.6819943647424,3.1003020742100174,5.0,4,1
108.32674060315705,1,1,1,12.084537836524365,4.680950496475333,0.17765209610442015,0.11938333822980648,17046.69768968406,2.9198811618130485,1.0,2,0
128.8306596767055,1,1,1,25.91439602844414,8.709378319655377,0.4093409604344567,0.11534448790954506,6602.535682604021,3.4811114661339353,1.0,1,0
48.209906851231985,1,1,1,59.14821858786136,10.263220761755791,0.3850830327416306,0.18529970174372268,6948.449080132921,4.283676043741629,3.0,4,1
47.383102511188355,2,3,1,16.89363550429194,9.717256914370024,0.5777749304329641,0.3820948395629638,34202.319693350146,3.9968150522541417,1.0,1,0
510.5676876947017,1,1,1,27.83779568582513,3.917476981405775,1.3200997977798439,0.9777653489271452,25117.05632216955,3.7222399171559952,1.0,1,0
132.27517512259277,1,1,0,42.44149512570265,2.119383553046722,1.170609603642556,0.40901612334012416,36860.20606679909,3.9819925961723905,1.0,1,0
124.22607325412872,1,1,1,9.467210075986287,2.0048118056796307,2.9752848406179955,1.7762553602013724,10040.174470457758,4.294219819792609,1.0,1,0
758.50070165488,1,3,0,65.35929285102016,10.0868798126402,1.3620582671739838,0.8427545075932371,10534.554055175302,3.701967875943711,1.0,1,1
66.72325627722391,2,1,1,21.47011032798867,12.96847411167896,0.6093421114444713,0.3883605241051616,13840.008530807649,4.235900103940963,1.0,1,0
506.5849540764019,1,2,1,6.748665608503704,2.6159706688536497,0.371713847848731,0.2961934000178199,8807.22354474335,3.640304128144863,1.0,1,0
533.9983707917003,2,1,1,14.697436942898106,6.157396466085462,2.3670180106951166,1.25566246248504,13116.479668407694,3.0795006945196515,1.0,1,0
758.1556368581133,1,2,1,155.45146740718704,18.545757618425665,0.3980214275057927,0.2958125395884459,3055.934950882948,5.746642216722247,1.0,1,1
120.77394655907615,2,1,1,11.169184233005879,8.133806491888134,2.118633192872628,1.0716281023604028,14730.689562504751,4.215295207896771,1.0,1,0
85.06206172299088,1,2,1,90.51331388378868,10.48579219674448,1.4188023805974206,0.7425577502240408,5703.3002821909495,6.8241379283159755,2.0,2,1
44.91403233173759,1,3,1,53.827901023204966,17.920999156446783,0.8717367363385382,0.429479346761516,7204.570122118011,5.692389451059235,1.0,1,1
731.3639764493852,1,2,1,157.85754828350596,4.619488572567384,0.6464654611804221,0.40547541204028026,17776.28837075521,5.019104277385811,1.0,2,1
503.1985667982013,1,1,1,12.280560833601472,9.404752800744197,0.41986324649373596,0.16745070494536046,11303.357664834823,3.682992712790272,1.0,1,0
57.76389017832608,1,3,1,89.51994972430678,7.096346324715929,0.019326169211232525,0.011052269593696838,1974.3545960521012,5.382078509415663,1.0,2,1
77.73556694595736,1,2,1,123.84632319079876,11.078595745479333,0.2058007959908469,0.07827643124027961,16030.923396561167,5.268220012537938,1.0,1,1
125.297941492045,1,3,1,44.97908382275158,5.881427003464723,1.1346831468260914,0.72677081676956,27280.311886151827,3.710253979192277,1.0,1,0
91.38545022252042,1,2,1,59.57374429122022,10.912337457841407,2.1325570105844585,0.7168296070590507,3543.5382931261406,5.610858093168546,2.0,1,1
74.12403101562543,2,2,0,47.8613923670768,19.779520454027384,0.12381526799096207,0.0786286228674824,13973.550533095666,5.15100753606639,1.0,1,1
63.25660103719669,1,1,1,8.003828101271978,4.901871195950463,1.4964723218280591,0.967917919720518,5280.264515789465,3.3315672859741357,1.0,1,0
40.99170564573522,1,1,1,111.61187957849953,15.641527776452795,0.5080112274508947,0.14305224879837494,8611.74404774548,6.29212338907084,1.0,1,1
1426.4556688199286,1,3,1,29.95260735758332,2.276837195469555,0.956379977094946,0.5176242786940943,31397.26801059864,3.6025277552196444,1.0,1,0
66.25701661732748,1,1,1,13.531432793814949,4.415886305462544,0.6291892211374528,0.4634260468794557,4085.3513994693403,3.7606589347309356,1.0,1,0
78.37671427134372,1,1,1,29.429522137645765,2.174253972931228,2.761209871187491,1.4262050098906043,3987.718344450833,3.9134264401244487,1.0,1,0
1422.6351013910726,1,1,1,36.76160303096231,2.254468531992616,1.1699126242732554,0.6215353609771832,17805.384036975214,3.6685229468695146,1.0,1,0
742.0386231004894,1,3,1,105.43252958761018,4.963531024736383,1.3323200303304017,0.7524689416026529,14615.093149696884,4.280067837172099,1.0,1,1
62.31070863644807,1,3,1,98.13779727860478,13.830700492025317,0.5019300831255618,0.17318825752461922,8236.171328155846,6.843631774716593,1.0,1,1
1418.5076466737019,1,3,1,13.562705060315393,5.4400671003282834,0.975459763419148,0.7007227535444249,11848.623004774545,3.59111845955333,1.0,1,0
1439.0851917505026,1,2,1,87.52227747778998,11.476117635978493,1.2292746857107062,0.5744771151684499,2279.1976793242593,5.781469774822003,5.0,1,1
1405.9800278546186,1,1,1,20.00361723453338,6.072274041712379,0.5373468545616948,0.2682719639156829,12855.442054008961,2.9765969757628064,1.0,1,0
144.39203096123256,1,1,1,17.61765823483799,4.276201674325756,1.1342724888691147,0.7730905652863531,1845.5610436260558,3.4438700600497,1.0,1,0
46.505173301422055,2,2,1,174.5406080930023,24.691160603327823,0.30307807526735214,0.11865793388167158,1354.587509784037,6.392936898374051,2.0,2,1
503.9291948661441,1,1,1,29.89108488288372,2.278484849956675,5.455284736128792,3.394338043710259,56397.4225731656,3.707660078337857,1.0,1,0
41.57601641204544,1,2,1,44.48552889264236,8.047608904522727,0.7256567512934333,0.5191203300000405,4799.80218943846,5.933343033770837,2.0,8,1
130.07741452607257,1,1,1,23.69817856970837,7.5410850875804,0.6625745339860598,0.509147050830519,4668.084281731922,4.517749705559426,1.0,1,0
80.17395621783099,2,2,1,63.70544230747181,6.691131367590355,0.03626584762629625,0.021185985657987214,6192.403208535654,5.471743396284557,2.0,2,1
74.99505424269287,1,3,1,25.403460437923112,2.6397346160637545,2.1391059328046627,0.9176369449658235,33899.46082716389,4.6712894975041666,1.0,1,0
118.75354086193893,1,1,1,17.52840336495036,1.9383697543320155,2.499347898254336,0.7562811440521438,20205.410358729514,3.1636361059883003,1.0,1,0
72.26834005892815,1,2,1,24.59942053775023,9.340537495468668,1.7021049379088822,0.5810493336202719,14104.411189922119,3.8569800196391357,1.0,1,0
1438.8050104412857,1,1,1,12.152538555234544,5.663347450651138,0.9650722597857894,0.39433182983695364,30982.879972083996,2.8991106177854,1.0,1,0
63.376468159821584,1,1,1,23.452922155876493,11.275045382444608,0.3523187813578899,0.2664749211922471,13706.099915098435,3.450417499039897,1.0,1,0
31.057613262778855,1,2,1,57.87716928309139,14.266421768614038,0.18456704005783964,0.06598856090513044,4004.599409469231,5.5767065808891445,2.0,2,1
1427.768185010658,1,1,1,19.147696811830695,1.859281950023004,1.2470507323811555,0.47882177627115,16047.127896538208,3.890418492550592,1.0,1,0
68.35106550884382,1,1,1,11.548915315431737,9.244989063968799,0.981560345169093,0.34340571255598085,12845.79656672362,4.929107143767325,1.0,1,0
64.84286497684391,2,1,1,29.066056663401955,2.549738781597249,2.222930366716597,0.9393322267034742,7589.47902533961,3.3937774779105587,1.0,1,0
1445.7018891049245,1,1,1,8.982500507418303,2.840723499227776,1.3361846247055669,0.7049420102325393,45188.95856677264,4.15388866779192,1.0,1,0
120.10924072953085,1,1,1,14.49349573335832,2.92537992951658,1.4432082831152646,0.2963957808993775,33880.409169366925,3.6299573808063985,1.0,1,0
1441.5637398483398,3,3,1,93.63978230557991,14.190048822163625,0.4668697857906035,0.30399846319541673,8969.866697350904,6.448005770252752,1.0,2,1
43.751139521454036,1,2,1,150.64332239411468,5.768014451672398,0.5754633923711385,0.40633599084384203,6445.235940051824,5.944525828758946,2.0,8,1
53.494420060365684,1,1,1,16.64670834126199,2.684483617488003,2.7758260302011704,1.0892591903591748,21346.083335116666,2.889080407275054,1.0,1,0
123.93243506897578,1,3,1,10.042102593649622,4.1445402315586275,1.748363020970543,1.3084166123837933,15421.972031541394,3.7863924228822374,1.0,1,0
62.07934438229458,1,1,1,7.457686597263855,13.855965416817089,0.8046786766452515,0.2936907657921524,17938.590638981022,3.9724696534448767,1.0,1,0
41.08433913998714,1,1,1,15.179068003970558,5.557702022312209,5.435616039448206,3.7507802137216055,8405.059513079797,3.762781608243192,1.0,1,0
1431.6699856279251,1,1,1,42.40775773568509,2.190486161484569,2.001971302485792,0.7921063109105042,21818.993954329177,3.197530116523137,1.0,1,0
507.7514618514273,1,1,1,24.16484607182799,7.875347724976948,5.556659372438014,3.925729312324926,11416.19783528185,3.8827093113693274,1.0,1,0
82.69911975256102,1,1,1,43.1276915997678,11.626496578122833,0.11788787461870517,0.0802998766477034,14725.011540259287,3.8748144187422717,1.0,1,0
61.504102795422526,1,1,1,17.941983655085156,5.725983582897842,3.038326663148291,1.363675669496123,24143.63736091851,4.487900395122755,1.0,1,0
124.73345756057088,1,1,1,7.431483328316198,2.5052135448305783,2.9709297800739316,0.9667185764233445,32425.507732702943,3.2552882388346527,1.0,1,0
57.18227230857926,1,2,1,24.07661716539638,5.679762339282972,2.9002988934808727,2.3092935729850166,7965.166978534426,3.2730213489328466,1.0,2,0
81.5224817901429,1,1,1,78.32286752114922,9.575379672193392,1.1956981278395655,0.33639814787764305,13328.008304444109,6.938593659481852,1.0,1,1
61.77786048409562,2,1,1,6.042385348602487,2.185915241222443,2.4297902577787673,1.6074884308573956,12342.830779923785,4.373663883074488,1.0,2,0
96.91760503379271,3,2,1,68.98352771033511,20.60223317042194,0.32111485284350727,0.09689698685386895,8347.765408142386,6.624069224023407,1.0,1,1
507.319890341026,1,1,1,28.21848241816345,1.9385501224128654,2.9994128345572815,0.9625435863944137,18591.96664186854,4.372047258963708,1.0,1,0
1426.6600342074817,2,1,1,25.99867951061746,8.262917642138746,0.859352241390334,0.20339218892849065,52828.417002117516,4.032410589358588,1.0,1,0
119.08796606488957,1,2,1,8.280826599862628,5.864650583387505,0.8843585924778397,0.22673535116509885,6681.491730520954,4.1333576996302615,1.0,1,0
1414.9915895705778,1,1,1,29.0075107068721,4.516523711445032,2.9181696941536965,1.9073169978363986,23596.351122327917,3.6814923837293243,1.0,1,0
57.26962832615884,1,1,1,15.169128951680534,2.982648024989347,0.8237768701857476,0.4302018499880963,3496.036163301476,3.281105017801258,1.0,1,0
52.09746506138592,1,2,0,68.3133269755664,19.648956807447853,0.10043142676071878,0.046452829735594524,13507.384935688748,5.85896474936181,1.0,1,1
1474.1182477675072,1,1,1,118.20667236700541,7.990150345148511,0.6174761553748925,0.26532197885325776,7434.916927522894,6.706973191502571,2.0,1,1
64.8055288973703,1,1,1,18.593018320074766,7.794248852309511,0.21934989262827312,0.15634730146375622,16762.145657799072,4.465564956289152,1.0,1,0
119.49615840863413,1,1,1,31.21747664093593,6.839165554417284,6.69017654729439,5.189646575675096,17614.991268840666,3.5264334910155046,1.0,1,0
1422.1317228121395,1,1,1,18.57231658771438,2.8537717470554558,0.8318269521535974,0.6166463778716527,13145.741790215254,3.4133650546504124,1.0,1,0
519.122312346881,1,1,1,13.807123936182817,2.551354054129792,1.349546828850007,0.38121834738386445,11354.44083913817,4.050482930085214,1.0,1,0
86.17920959610467,1,2,1,20.24975173943449,2.810251670125865,0.48822213585131613,0.16510446352491343,15339.684852565573,3.61541319082935,1.0,1,0
766.7862323446352,1,1,1,77.62838630966468,11.640548143191188,0.14568607616677728,0.05814321950466965,5274.459072516237,7.386641055087614,2.0,1,1
116.56428877155247,1,1,1,12.543445274812715,1.8258808609701316,0.12656633619727461,0.04483272350812874,22792.003824712865,4.287708233751417,1.0,1,0
1448.3288528713388,1,2,1,117.46610328603529,10.577614865625947,0.43940097978387954,0.32975723532383255,5437.474256666381,5.297890361500391,1.0,4,1
1425.1050194765573,1,1,1,7.754454469878424,2.699973908328587,0.776333349508168,0.26562125106062057,12669.516777082523,3.462146973361792,1.0,1,0
66.02002203726353,1,1,1,12.019062614816518,5.654210904805744,0.7068580816749869,0.19759257131898336,9045.646295652788,3.7411243263561094,1.0,1,0
127.80787661517472,1,1,1,25.077387200135423,5.880674971637145,0.43698437725955025,0.2477614333871017,11211.880928935556,3.7862245625153825,1.0,1,0
1422.155323805248,1,1,1,22.3633223194835,2.4093264069304516,0.4130537561722113,0.1464146280520938,9768.055834567425,4.209333102633696,1.0,1,0
524.5168211094841,1,1,1,8.386973938917142,2.928914652312734,2.285154742657754,1.666334012981162,18398.07576151821,3.84451535542658,1.0,1,0
1418.563492496018,1,2,1,9.411187489877738,8.621819040473252,0.13362788444028387,0.0642083327946214,18206.88133774704,3.733080514101375,1.0,1,0
115.12114025746938,1,2,1,14.19401404012359,5.811477088254271,0.6653764882747252,0.22922026098295736,18036.030420472354,3.3233562467408717,1.0,1,0
500.1122199341376,2,3,1,52.49753794806013,11.784252032907483,1.5542983430724395,0.9376178676392,12537.566882719071,3.6095773003213614,1.0,1,0
510.89493787390865,1,2,1,12.14844150823331,2.5094026559167717,0.6254595995970637,0.43683766508820826,27253.15210160168,3.9166940765316642,1.0,1,0
1416.2262023806875,1,1,1,11.472002703260472,5.79029904460339,0.697614005142469,0.1573271634835472,8902.206393331187,3.9125064231140536,1.0,1,0
1438.1043021787507,1,1,1,36.77751007132143,4.96968472772126,1.0898509031693633,0.2359659704842911,14580.731767235658,3.1613495290866656,1.0,1,0
60.0072250723474,1,1,1,101.71283749898954,13.40522023340765,2.9582197295300348,1.8435784476138528,2078.5698281702,4.832579181247144,1.0,2,1
75.5066801033399,1,1,1,20.445689572069632,2.302826326942636,1.9701053767721755,1.5547663844068353,10334.182496622674,4.332802152608809,1.0,1,0
1433.4973669915096,1,1,1,10.02991575720314,2.3120374084394655,0.7415674622756095,0.4189702519654116,19535.26789639671,3.578343142358395,1.0,1,0
754.7786620348345,1,1,1,45.26488605799864,17.766156528773504,0.1832336780147276,0.14040152844758788,2173.6279052180444,6.077001679632348,1.0,1,1
52.68831003007715,1,2,1,57.76854960792331,14.286206398739235,0.06935338776459485,0.026951051474818234,8155.094937776028,5.566367883267506,5.0,2,1
522.2998843600294,2,1,1,23.30583381771093,5.58627078898603,2.972505418943421,2.0106379516036674,6336.42413516324,4.48177122052503,1.0,1,0
74.19542802129037,2,3,1,75.06773409634748,15.518972699633949,0.20038351636846152,0.07584346536711932,4568.978631675357,5.228210401797259,2.0,1,1
74.64992743980525,2,1,1,9.159216193933174,2.2805615591093487,1.6174673587996364,0.4682296013137472,5852.76389361501,4.058130693507975,1.0,1,0
501.20880771492796,1,1,1,17.705372139779758,2.0759761853033165,1.8487451733587335,0.5277593152269447,8822.913283197386,4.226020060032424,1.0,1,0
126.43966726559188,1,2,1,40.94841541684831,4.437532762220158,1.3568853892738257,0.8782081912931786,21806.155370107324,4.629062052583498,1.0,1,0
126.56322667647083,1,1,1,21.094015666984586,5.717423050411616,1.2288608447746623,0.5201527749886002,9555.930624426059,3.8691683349269574,1.0,1,0
119.52343643504857,1,1,1,8.070859231381904,5.400835997294475,0.21551371598267877,0.1200844761659865,29199.46162133894,4.157125011947137,1.0,1,0
70.07969113938856,1,1,1,19.208750528289862,5.038633519016106,4.182430505616076,3.2305787085466466,31734.617040123463,3.7455575272500745,1.0,1,0
64.34502506717385,2,2,1,70.31297086554585,19.91692879859842,0.13547561856014603,0.07313891801112056,13972.720748936397,5.928176203603682,2.0,1,1
64.90882979060872,2,2,1,14.979878870217112,8.443121590500066,0.6100301707030388,0.23522677020702887,10851.705583441322,4.270234151752733,1.0,1,0
1475.2096949460492,2,2,1,51.100853445841246,19.67758143878795,0.7928516199918293,0.303184062305191,4004.943372761777,5.706818720501342,1.0,2,1
51.13795772343672,1,2,1,15.547093798134748,9.25723333440845,0.32821082240816674,0.12114178172438415,34058.19365528496,4.447465747216302,1.0,1,0
64.40727660866085,1,1,1,27.14597144407011,2.7254718474266886,4.649730080168048,3.378184546477526,26460.156282531523,3.7227122446250527,1.0,1,0
54.000499042042364,1,2,1,15.598452378269945,8.709708827221547,0.9540839744537524,0.3558526896353558,47301.944623560696,2.889979092862049,1.0,1,0
67.45848695451976,1,1,1,24.61311959487881,8.271284838387537,0.5615422702066891,0.4294867194243716,4157.216374516748,3.990769022623933,1.0,1,0
506.71704332845525,1,2,1,24.42189057516079,11.186500836831675,2.1979217743438273,1.0772634014997802,17862.985566456162,3.8910330529611996,1.0,1,0
128.37896427146708,1,1,0,17.495416402674586,2.5480725393805255,4.274579967214927,1.1499690189205185,7429.967305426194,3.442706305450274,1.0,1,0
75.21019115643298,1,1,1,17.148054034954626,10.1336831217363,2.2515985624472488,0.46424292811353646,46089.417555410735,4.318804544028457,1.0,1,0
1418.8015440257846,1,3,1,21.88170642563366,4.455948475110234,1.3141732389294416,0.43375654319214396,19530.610476597227,4.118146325206633,1.0,1,0
65.33154585203567,1,3,1,16.600206811843105,4.850836557330071,0.2176869646822767,0.1283499100088909,25404.420749468674,4.0381008827702125,1.0,1,0
58.11890337865909,1,1,1,66.8549254939801,12.020265541335501,0.3980542694822384,0.2835870151609587,11507.642783276411,5.282062908106229,3.0,2,1
127.0170998255838,2,1,1,37.87785507430448,2.749700270794857,2.841602261571764,1.6551420956262548,9713.58745643178,3.2236583476008205,1.0,1,0
133.5879178862753,1,1,1,9.466420748372807,2.4917089318727084,0.4538969090818893,0.2839687787290414,21901.983944616368,2.9209391732573313,1.0,1,0
52.73467229045333,1,2,1,142.46685095810147,13.224816949740209,1.1881339693895736,0.8886717690246084,2760.297912609174,4.032600376387682,2.0,8,1
523.3360705002799,1,1,1,36.28443514823191,7.953551529772987,0.8991146999846472,0.4336940148573752,20271.90388698293,3.6226413439117153,1.0,1,0
1443.8012371572343,2,1,1,56.334102969188606,8.79639570918468,0.16921595628512667,0.045762509919389946,2478.71342139446,6.638018666244737,1.0,1,1
127.19073792242396,2,3,1,14.70918475339626,2.0776623059049495,1.1785309098324743,0.3286887957796924,13530.575339583831,3.762941355559562,1.0,1,0
490.3781231943062,1,2,1,18.551310476727885,5.4025325112069,1.7569208002252594,0.6894976263477868,36253.35458505194,4.117869949964351,1.0,1,0
1426.2462925239877,1,2,0,15.761523467486597,5.182227753626024,2.062141623653189,1.6263928458116474,13226.376217174913,3.7530593207187137,1.0,1,0
1406.2967674823024,1,1,1,18.69369775030631,2.364079875553882,4.059988173428491,2.8018002554554537,19906.492275635912,4.084361500333224,1.0,1,0
500.04740574852,1,1,1,5.1366806477143,5.598918511801905,1.806920604053051,1.3972665274141047,10115.941381351187,3.305405221905451,1.0,1,0
525.1646604528909,1,1,1,12.787962884612304,4.7319247719910615,1.9767658515650397,0.8386681500131702,27120.139411076754,3.479875195328187,1.0,1,0
45.34991517023899,1,1,1,28.363705009458513,3.619025475104599,1.6973977961417763,0.36978566132676594,9668.358601304128,3.6048617005264454,1.0,1,0
1415.5377658598277,1,2,0,42.053621512925595,2.262164545866418,1.5183023533514743,0.3735016888153881,42810.25429852235,4.322554849162741,1.0,1,0
120.0561468309459,1,2,1,19.031386388625876,5.448510032735263,1.0703472925392234,0.30436490056435317,20230.991278945454,3.9771818051766634,1.0,1,0
56.57330298563819,3,1,0,58.450365676431495,8.052199441343138,0.3154021130156562,0.13239711895549292,4453.220411900104,4.518804036764137,2.0,2,1
56.19857258623577,1,1,1,72.88487234107669,9.444766355661551,1.18221324720062,0.9433715005802654,2632.6683039247496,4.437923353594399,5.0,2,1
1430.4098279919242,2,1,1,14.350468955666459,2.0761861637199353,2.6509926061350546,0.7488000619252324,11097.790995434336,3.535267513650047,1.0,1,0
140.1321205525906,1,3,1,13.81918348507528,5.485432784044361,2.203763460352182,1.5911796369407536,12312.573524758382,4.101134446181269,1.0,1,0
132.4899001890931,1,1,1,33.749869640487155,10.090092998769565,0.8284574653513459,0.43664226369991777,17896.00708653178,3.128122892263153,1.0,2,0
125.5403280198476,1,1,1,12.780934340430555,9.4711826485093,1.388350044258724,0.6652102741651413,13705.631549856822,3.4398241370128613,1.0,1,0
77.13324976469261,1,1,1,12.780388706474987,3.8614347812399648,0.28497749833845676,0.15266859010573833,35470.37542998033,3.040427870389673,1.0,1,0
117.28725700102851,1,1,1,31.326992654622234,5.078312504993064,0.524120860360995,0.11892046454623713,13812.115112308255,3.5404192507359453,1.0,2,0
67.84061639806754,2,2,1,64.49069622121739,9.749665005180262,0.27928515430360573,0.11982530538867878,9682.416468597945,4.1545783384576165,3.0,8,1
82.17281879209281,1,2,1,12.68141445443384,5.038410639802193,3.6156686845539556,0.9443230208766569,6290.349401386266,3.579519116836112,1.0,1,0
91.71759949459435,1,1,1,69.71792391681183,10.436517542373737,0.311437889529879,0.18362586893503308,13616.680905775256,5.817356128587456,1.0,2,1
130.8430679527539,1,1,1,9.447271458795825,8.593832316210204,1.458048743753763,1.1305729062595982,16632.04982167532,3.7136365470819515,1.0,1,0
120.57831145001492,1,1,1,31.51503170514355,5.423779460891369,0.15452871594694154,0.04928097655050363,20509.829499534768,4.0001587273534165,1.0,1,0
511.8446628426578,1,1,0,8.234041501978396,11.001287052539992,2.3491292984307335,1.3867072447127053,15258.36118290114,4.039425339991639,1.0,1,0
752.898563382785,1,3,1,142.09646501390404,9.10981568530359,0.8575426183115701,0.571334303766735,2296.3181391720864,6.702694772170409,2.0,4,1
65.74402701745569,1,2,1,21.892325621875216,2.224585024135068,8.954469689044487,2.3583408679888915,30562.17119947093,3.755989870658702,1.0,1,0
1458.729020616554,1,2,1,91.04558270701895,9.032075536901884,0.3015300501155035,0.08854623623066345,16035.215073999854,5.454420530972137,5.0,2,1
50.99783484731931,1,3,1,95.78368814616337,25.072796464368885,1.4982898544592866,0.736638454084612,10496.455138761876,6.23716041123132,1.0,1,1
69.11078169060453,1,1,1,31.48003564559786,10.878149073000857,0.5174905954531858,0.25526389187392906,9983.136759978917,5.918843593011866,1.0,2,1
493.50858495982453,1,1,1,31.62710105583919,4.973849497322273,0.5448315184065805,0.34741623066159555,26911.769141609526,3.4214225561992015,1.0,1,0
129.53919869635908,1,2,1,32.42433807150398,6.28652606543741,2.2080725139380455,0.7792291889961644,13536.365977068652,4.086816622557402,1.0,1,0
90.31215615963576,1,3,1,47.500040022101,16.52405227125393,0.4215943740886604,0.18064651471596846,8749.241074390999,6.7060215225813895,1.0,1,1
39.02582167377406,1,1,1,35.61628082903697,9.978484693228182,0.16324029433409065,0.050308845510423056,11850.030121731868,5.248559757422501,5.0,1,1
1435.346852092081,1,1,1,101.00858510092553,8.983615107924825,0.11853952321792312,0.06842369401279506,2073.858213485224,4.987746263063591,2.0,2,1
1460.2259644034302,1,2,1,79.89115145517752,11.903645831698022,1.2128275702027935,0.7028309969408298,3365.517351808116,5.724210358161576,2.0,8,1
66.94504299948684,1,1,1,8.918241355492237,8.902873979233355,0.8319893286346285,0.2898107867550531,15271.680906697142,3.645155964655907,1.0,1,0
1463.7538724231492,1,1,1,66.79176307093664,10.929890500974464,0.7973832339174836,0.18995496150939947,2767.988720625505,3.8754900549012357,3.0,4,1
47.79475522166685,1,2,1,38.25854327806906,5.756903199879686,0.7990035711356749,0.2350035815366559,11930.892033324179,6.111286242076112,3.0,2,1
520.6837562255693,1,3,1,16.815284681506714,2.0427953312802742,1.8548172439294741,0.9175119628112637,12782.686475308932,4.291407418665102,1.0,1,0
121.3863474919876,1,1,1,13.443614625443821,5.414068228769958,5.645073935241327,1.1332679388894698,18630.718854498813,4.393135950147914,1.0,1,0
55.35523967266986,1,3,1,79.2227362508051,23.75693233893771,0.33406413042126193,0.15264943745558168,9942.974979740437,6.886892859131806,1.0,1,1
129.75351473311426,2,2,1,27.18381064827688,4.933953215269042,4.579293812769662,3.0353540487398254,23437.67952645878,4.055213793574351,1.0,1,0
1469.7324135646065,2,2,1,60.69549032568735,8.09975786792245,0.5194241481902887,0.15006415485985433,1190.2218065151437,5.9232514749775165,2.0,8,1
139.54794508588088,2,1,1,31.771680308833986,2.256032926525143,1.728345675600168,0.6982262999342967,12072.978290085013,4.333669150104332,1.0,1,0
44.01831305147208,2,2,1,25.785393894355472,5.873338502824039,6.101313081593926,2.847475423754695,21612.995148560385,3.510273582022735,1.0,1,0
123.07033171064828,1,3,1,26.62197271437259,4.71481603212191,0.7338490671259746,0.4618820928662417,38431.00759924694,3.5989805667260657,1.0,1,0
34.9336766652239,2,3,0,88.59180427589082,11.061624771249106,0.7898088362380425,0.2646577493852692,6144.559094485413,5.731913467861842,2.0,2,1
131.81048463588252,1,1,1,30.119650845844102,4.85247464530541,2.642427623798747,1.122437904613132,9346.271348908382,4.132370888994269,1.0,2,0
1397.2899542501107,1,1,1,13.726675311273675,5.178349096518255,0.6956246154731965,0.39090295242560114,12745.717605630502,3.3115089552325028,1.0,1,0
64.53945059171849,1,1,1,14.48596271449823,2.495738192614846,3.769718025182257,1.053416132860715,15512.297841535474,4.248340123048936,1.0,1,0
1426.0386370463414,1,1,1,13.477126580968163,4.050127530271748,1.044267028898005,0.25293203698560546,24385.306960213078,3.4997607797665458,1.0,1,0
74.59060106098555,1,1,1,24.682394434090316,15.327743203900267,3.594945248904175,0.927996801294782,20034.553715063117,3.953117497155011,1.0,1,0
121.59591345011748,1,1,1,36.686474129472955,15.351446238037829,4.175987310611934,3.2885513046092743,19134.97793165827,3.954435098163546,1.0,1,0
503.38838202229624,1,1,1,10.47830580945013,7.56985961227006,0.5637486345881819,0.16362366125819885,33018.39402417783,4.106948416346796,1.0,1,0
40.22364402697035,1,3,0,110.42576466210558,2.385743555285342,0.9844276746300347,0.7297977673451084,18891.025876159903,4.541414192524017,1.0,1,1
64.8916731693578,1,1,1,23.365552677264034,6.325350956785671,0.5547899601260956,0.17468683629850804,7115.083144513534,2.6295339296676303,1.0,1,0
70.55846600461295,2,3,1,22.437140093946407,6.459083200442857,5.5928129592550615,2.5988457178827202,17868.314864006534,3.945201079199478,1.0,1,0
75.68507840012101,1,1,1,13.183826024851182,2.0881942506041833,4.616206935391485,0.9261503665941815,18235.173791742145,3.46590588571068,1.0,1,0
1447.7571731585595,1,1,1,46.6044174558246,7.494264735994541,0.18706624438603658,0.1360965100514565,9658.048342524815,7.257786225251741,1.0,1,1
1430.1873108050347,2,1,1,19.346188122648872,4.418945818511119,1.0818750812732412,0.5658056891055487,4722.88062874844,3.5632333469837643,1.0,1,0
46.98939612959155,1,3,1,37.0640872318787,19.385486864390458,0.013122433002232864,0.00846293376754983,2546.994246296739,4.706487881668481,1.0,1,1
120.1223339247451,1,1,1,19.161263287980393,8.026450996818784,2.7310817711232365,1.5438605736039137,29482.290998359345,3.7224451055645686,1.0,1,0
123.15915877805448,1,1,1,53.87990081903448,7.862097598351198,0.2967530795187223,0.23029977422255812,26588.333333544226,3.7082880103349494,1.0,1,0
65.12386159933916,1,1,1,5.765030183539581,4.369554989745051,0.23766011428987038,0.08809365580698336,9531.189571755951,3.777756561106328,1.0,1,0
128.51481236310738,1,1,1,21.007713633999597,2.7041545232223223,0.047714422017645676,0.023551134452803914,25223.03296425252,4.028623910758927,1.0,1,0
90.27349260202382,1,2,1,75.6690317479742,2.3227220342079637,0.9556222622046121,0.42821790608104077,19234.39993536287,4.0256927517631365,1.0,1,0
119.1338733668178,1,1,1,11.767263603807661,5.953760620327454,1.9777679311122722,0.7866354955542952,14810.69228359843,4.215330042709218,1.0,1,0
44.82998212787954,1,1,1,34.6664073549545,14.406389397335282,0.173805183312389,0.07172479336751769,13371.755451257384,5.619552932700505,1.0,1,1
1442.9542180074043,2,2,1,51.63633738380858,2.1904926136640843,0.36778167750015395,0.2279256343950262,18485.06942022367,4.469326947102078,1.0,4,1
1430.7920639104861,1,1,1,16.77122122377042,9.987769463272793,4.451115157964854,1.2718424058848385,15010.320591140988,3.9830521200794053,1.0,1,0
536.4422779346191,1,2,1,17.03630316083436,2.446980312722676,0.32672011691852604,0.18166633315609038,17574.203978079324,4.295918672336869,1.0,1,0
58.025878212593824,1,1,1,49.48685859433616,2.268911028442842,5.044257018935785,4.014106840798255,33198.921559839604,3.6351445069530515,1.0,1,0
508.4353419099616,1,2,1,33.37343397806035,13.409780173750551,0.6947571308142959,0.25138243090623064,15982.959325961767,3.984344943395038,1.0,1,0
74.80897235002234,1,1,1,29.358924457551797,1.8734785721705016,1.2202966911496749,0.33749633739854373,41613.52527564059,3.649740081830595,1.0,1,0
60.22902667249748,1,2,1,78.03490867441799,5.271460517642083,0.1800395553689668,0.10004668353933198,6006.609870678171,5.717000578883521,3.0,4,1
529.3365305756712,1,1,1,14.927357656315017,10.471633480536148,1.1288766576831757,0.37512431972518057,3906.102440999667,3.4873065885857564,1.0,1,0
509.46793639246454,1,2,1,52.24261054260518,2.7620733647352296,1.2320807462050616,0.6670896288369501,19019.68864478955,4.168504378129837,1.0,1,0
1421.3381579098827,2,1,1,14.958138769436424,6.414580083002145,0.8819962604673528,0.2281190269032688,14551.577370905048,3.4585430960774026,1.0,1,0
505.87842975623346,1,1,1,12.021989510276615,2.6756554208809327,6.575038590638978,2.633400391383507,18184.22995173593,4.185946889825207,1.0,2,0
523.946603878676,1,2,1,30.460717220898996,3.85145143856355,1.9880899203833846,1.2281404370171296,11726.7859753559,3.9048870358906154,1.0,2,0
514.1484635654472,1,1,1,9.979909633876002,3.930327013162845,0.6131333532367853,0.14500712579440733,12177.081342252079,3.540295173189349,1.0,1,0
78.39688683858697,1,2,1,32.647885035293044,5.209337910714966,1.5429973566530741,0.6617182804097573,16521.18552184196,3.2305667708290913,1.0,1,0
68.2837053374174,1,2,0,20.14900632647334,3.64845337445988,0.2280478151043059,0.05393734725730605,18136.82569920347,3.8347818212424816,1.0,1,0
78.34794607882134,2,2,1,58.779064343419066,14.507674149790986,0.5455593081778265,0.19349067862129896,7753.034574109553,4.268692735295184,3.0,1,1
66.14323006529143,1,2,1,64.09588624276316,2.4367620077839236,3.6933943439015096,2.609205342159572,21610.2247970457,3.7854743109605096,1.0,1,0
29.995985220233038,1,1,1,48.4624662557704,12.50028559021765,1.9174701428398746,0.6074414674524382,14211.180091194277,5.984399478011784,2.0,2,1
1416.1208078206562,1,1,1,11.03556321818863,5.518501465311543,4.07006357188735,1.8051412225906582,17213.00617210369,3.42829687001029,1.0,2,0
50.42584463225613,1,3,1,86.17627610332109,9.777265821941707,0.578389603497586,0.42330596554810146,5959.172547401285,4.771413084113518,1.0,1,1
25.483161263007755,1,2,1,117.6080486147514,18.75697139060222,0.35938605866298773,0.1214099654983874,3897.9271850420814,5.9318912063929075,2.0,1,1
73.59786456413353,1,1,1,24.199923068968808,2.3539950000634025,0.5564004240952076,0.4351628008962703,32313.420317614855,4.08066422134978,1.0,1,0
71.94203840225272,1,2,1,29.600427646748706,6.583007638816939,0.7220591590611509,0.15714352210376908,22450.815615833682,3.727790421783228,1.0,1,0
87.62607653071126,1,2,1,101.01757889233986,14.206571567735534,0.6147484712071558,0.2796777952817522,19878.913705651754,4.185228579551903,1.0,2,1
77.8459378135924,1,3,1,120.92560377384719,12.811857916028949,0.6245526267488357,0.20225608718884105,4682.989635520832,4.658374361467624,3.0,8,1
127.7461790861319,1,1,1,19.95248339127378,2.4888177006073806,4.99638200484588,3.6586839354808216,34201.57245495599,3.777180620692193,1.0,1,0
58.70147691242414,2,3,1,44.02552697972505,8.9944687088696,1.0979952785591087,0.4875438928013042,7938.316488629445,6.197549670136766,2.0,2,1
521.410699989876,1,1,1,18.11725721497685,5.607296233886091,0.17779524096341945,0.10386957249245266,8889.927486850527,3.652283448331658,1.0,1,0
1475.2187255367935,1,1,1,170.1752955122849,11.088419699464856,0.8624864949374329,0.3589277259449993,3058.290277956466,4.940823721871067,1.0,4,1
1411.7846785706636,1,1,0,36.17112822503148,2.529807296787161,0.2241774114411092,0.17601661702271734,15231.16032986158,4.080680069485954,1.0,1,0
60.71902227672455,1,1,1,25.009350399848497,2.295749787913774,3.812349908061193,2.2694193575858765,3244.1110016123735,3.671469848790239,1.0,1,0
120.78296820806,2,1,1,38.79512711572159,1.811101973540467,5.331949184014465,2.99126030214913,5530.61845110911,3.682668753220825,1.0,1,0
1466.037213271884,1,2,1,97.21314049140655,14.769789299023646,0.22741240919764621,0.130365164432881,2727.4924739908124,5.3953927151624494,2.0,8,1
770.7413928106484,1,2,1,73.68082694359427,5.702820504947674,0.1999326865655398,0.08086720105296602,9721.2300877034,5.910928603792199,1.0,2,1
62.291092469388346,1,1,1,24.29022336921139,3.950972355824846,0.19773130742955805,0.1123786155753312,24840.175910533886,3.9490635868210973,1.0,1,0
508.9127211697162,1,1,1,45.005780146491574,6.252065905812527,2.822313879300233,1.8246892151422576,6878.1182606982575,3.8886633229278065,1.0,1,0
5.9447360003205745,1,1,1,100.73372101393379,14.85038505131266,0.027428627968763233,0.016097803524288194,4106.797491285434,4.799057052790641,1.0,2,1
755.2087495584461,1,1,1,59.49650646458336,4.817982154815313,0.23804564563860608,0.08877596874440821,7104.816928184225,5.08246544776853,5.0,4,1
60.328236917554584,1,1,1,18.264084441245046,4.6862443675682375,0.3858139620746112,0.22932951954650177,11613.864082546987,3.3695946289751615,1.0,1,0
1416.5222643404563,1,1,1,31.14621422034082,5.876228906325923,1.9632553633121648,1.2745998365490567,39999.336317057634,3.7039078782937858,1.0,1,0
62.129241104171705,1,1,1,15.649253370722818,2.40830255866159,0.9522792360080332,0.5962207989347402,20633.719876277082,3.3384358731126778,1.0,1,0
83.59268898989397,2,2,1,92.27910156211854,8.707730384787208,1.492136581204641,0.6388746675739247,4675.440492901794,6.1115538677899774,2.0,2,1
81.97593255869397,1,1,1,101.66191718545618,19.373001588985915,2.747631177859571,0.5633810589212075,19813.466693205173,5.802823890944658,1.0,2,1
69.68528199274549,1,1,1,32.42729353322447,2.916814434365755,1.947291776129422,1.5055487181713119,31798.02082470378,3.652298064940161,1.0,1,0
61.66801045836426,1,1,1,13.56639903158169,7.904489173238285,0.8731340650625697,0.3539547237240706,19525.420210015072,4.204271779498845,1.0,1,0
739.9855406630013,1,3,1,69.6701028294325,12.66613746766038,0.13090479140649258,0.06818968497773362,15197.80234302504,5.939100075656883,2.0,2,1
72.75706521202454,2,1,1,28.35628972794932,2.625470091810838,1.1926029716888245,0.473083294504009,7319.193149065854,3.056584858857511,1.0,1,0
58.03057377876307,1,1,1,15.867345294222718,5.405145529385236,2.4195832979391345,0.7546599373436894,7988.468504811215,3.445179613722245,1.0,1,0
135.9604235594967,1,1,1,22.009290841881555,2.041828478166432,0.13049335120588615,0.08426820368674724,22953.81039728657,3.5404635131464723,1.0,1,0
127.78794488270957,1,1,1,21.696520552255976,7.451875518398378,1.6965507331238618,0.7288679934671382,6295.451619167453,3.8071363415074893,1.0,1,0
1421.497942652585,1,2,1,39.90501827386775,6.514559966640189,0.7040069881234681,0.29988093847143305,17406.78225266008,3.9407313807176427,1.0,1,0
86.37571857182925,1,1,1,76.24487226529935,7.563526435759228,1.0350286923695344,0.7600194938569339,1559.2316464853368,4.850076657607804,2.0,1,1
67.49242125666544,1,2,1,49.880613086628316,7.581442221005432,0.008450297923665973,0.005958633879323615,3819.002505574347,6.2385445356276525,1.0,1,1
116.72758074971307,1,2,1,85.97145698307641,5.118743689609567,0.4874371477208316,0.10325194208462699,8120.3246976674845,4.4792683487948075,1.0,1,1
43.31582913086182,2,1,1,159.45939841868307,3.656800817409681,0.04916488108965221,0.01077643278621926,8502.333250865531,4.958520185695038,1.0,1,1
124.16447893865472,1,2,1,25.286988366345472,2.4058109877624103,1.4791912445855329,0.8082709740929652,26185.32242077905,4.208795137856206,1.0,1,0
29.547851945609352,1,3,0,82.94387494220798,2.7203643851269295,0.11313949159427537,0.08149983821421639,13032.567556952969,6.464073314734633,3.0,8,1
514.1571657563755,1,1,1,31.781902956660748,3.9583463112065616,0.14417798751139474,0.04799610307351473,20294.60224551474,3.849534997492049,1.0,1,0
75.03337565399944,1,2,1,83.15349827764662,12.697449469466946,0.013681384508953596,0.009614262552561821,14433.447240045805,6.250769055981756,2.0,2,1
1400.11863458449,1,1,1,8.765539180602648,2.357817807771541,3.8119288201118176,1.9864993415890349,4908.5520042852395,3.71163470048568,1.0,1,0
486.0313456051298,1,1,1,32.97135109590548,5.875170536482374,0.1922272157157055,0.10796253344322013,20778.123288559906,4.210671628506557,1.0,1,0
83.19728364456708,1,3,1,124.30873688752364,4.8652620167098215,0.1253897286591269,0.06448009518743612,14680.70006817281,5.539464756379736,1.0,4,1
52.061789127223776,1,3,1,15.27788984955589,5.854512461529399,0.5205295762711905,0.22589565158689587,12450.574615385967,3.584677995364125,1.0,1,0
120.35371084864431,1,1,1,19.787987697197163,5.200970619821691,0.10110401795563285,0.07550316439410132,7732.13358601245,4.422942271027219,1.0,1,0
1455.128955601626,1,2,1,89.91493577122675,12.786153102341661,0.30684663845796967,0.24350971124931267,13270.181970421578,7.5,2.0,1,1
119.38463494355709,1,1,1,9.844383802369505,2.2577161572926294,0.03554427012088918,0.028216212076088886,17680.51347215749,3.9701443713035363,1.0,1,0
517.0678367991178,2,1,1,19.74616775883404,3.652025639350934,1.6853947577889978,0.6591125551645655,13447.19164168141,3.3216642086830444,1.0,1,0
114.3831859851152,1,3,1,21.42948565955656,2.7455252692576146,0.461252138906738,0.3176542020274093,17486.744985663725,3.8519051016476373,1.0,1,0
130.49043163492797,1,1,1,9.739655554421496,3.9059944329469585,0.45209619313345206,0.11003729128384752,31774.57699254359,3.726122801871527,1.0,1,0
518.2982206209223,1,1,1,30.665329288141336,2.0863533770575815,2.734766719156194,2.107293894826656,14863.303078889396,3.6496591976721895,1.0,1,0
1436.822452192586,1,3,1,70.88289689661445,5.870608336014197,0.030046056283905075,0.014825210487566574,5891.244195020241,5.005296867282976,1.0,2,1
503.47005109041277,1,2,0,17.130581684804067,2.1743957337127537,0.7752737111245315,0.41248703920055335,38343.16968034628,3.6153675799443272,1.0,1,0
1417.0029785964746,1,1,1,6.5536695054954235,2.4175016865996932,0.35698003581086507,0.1310378273421547,18329.659563405618,3.738518002672837,1.0,1,0
66.99345526602664,1,2,1,140.49907256036767,11.255430362345823,1.3294263444587526,1.030073673266628,15063.90917873888,6.191533085270359,2.0,2,1
66.17392996869248,2,1,1,31.37438927722915,2.903804887098664,2.9381206989565403,1.7269546811749643,19800.90996661402,4.064828955679573,1.0,1,0
1436.4990231166564,1,1,1,33.92102923410588,2.253221936201369,0.13013823911968705,0.059153752116142023,6857.6150466047075,4.212423995313511,1.0,1,0
128.5372379150393,1,1,1,64.31142290668868,2.7828594126205184,0.4251255886325559,0.19979162327499092,2477.015442422868,3.139118732979651,1.0,1,0
51.477392602321636,1,3,1,12.622281345756655,2.9999081371108978,3.166760080846099,1.0653162817525101,6786.67929862246,4.041417259274693,1.0,2,0
125.92403603315427,1,2,1,10.661413885772438,3.8513431394283963,0.39489641452055735,0.18406739283112153,22348.012733314383,3.3562750616680144,1.0,1,0
125.39269795241337,1,1,1,11.651199959965442,2.501483124762312,1.731158354904275,0.4961825501964223,6780.546160957432,3.594769481573892,1.0,1,0
49.406358721983764,1,2,1,136.24329495485705,10.172659651705295,0.276989664853846,0.12648772448043505,6166.8002007623845,4.5594542805452996,1.0,1,1
60.769911575832666,1,3,1,14.53374188654677,7.708869755383844,3.0352013404130274,0.9165903699865612,12146.031427311396,3.7644898159680293,1.0,1,0
53.03830951694451,1,1,0,11.488760476035791,4.47604314825244,0.6012555681544159,0.2733332192469276,10656.13948075685,3.563711688954614,1.0,1,0
116.27134026117467,1,1,1,42.933377578686596,10.681336055660976,1.8913334731376115,0.8710867350806496,9857.345546646175,3.744521906468923,1.0,2,0
53.69025836988416,1,1,1,27.940987670838748,2.9423783175326257,0.39163320252202505,0.21969383640589804,21944.800125268626,4.52726012178493,1.0,1,0
54.56699913519361,1,1,1,20.334268699636635,2.685931845581081,0.8874574631438988,0.20930235126601662,31452.227373533333,3.6089743901904545,1.0,1,0
519.128376921226,1,1,1,66.47775530753827,11.719147273859674,0.1703522040864726,0.12311761876412515,32405.581009650734,3.685797026157698,1.0,1,0
57.85375218326255,1,3,0,71.73960867674215,10.297136927776315,0.7950012709332991,0.24249732944554392,906.3194356501136,6.191395752377492,1.0,4,1
113.61616715921446,2,1,1,12.04286250155043,2.2986860286117436,1.0113559797387284,0.5318737305881438,20203.762087090374,3.8081604118649977,1.0,1,0
56.54374951046552,1,1,1,83.9410611805275,25.543172427172046,0.27623703873172595,0.08034519977182898,6339.019892377298,5.990566454772419,2.0,2,1
1433.8096835636725,1,1,1,12.130145217913284,8.871827381154372,3.137485822381767,1.7479427338470166,3440.569675015598,2.6561818534966637,1.0,1,0
1405.9728663466924,1,1,1,24.95902255014272,3.8142294778497017,0.503307692841204,0.30940570370142934,4278.2343357867185,3.530490397799956,1.0,1,0
41.689977008038895,1,3,1,99.60502492713262,16.706254127726012,0.4906892954612059,0.35224948513327303,17432.03036831158,5.421142844820905,1.0,1,1
778.0495911221103,1,1,1,124.99768410182512,2.8047285481356985,0.024891478626507518,0.01313417013164165,2878.07411067909,5.920467918245308,1.0,1,1
74.90078269614555,1,1,1,85.81001622736592,11.345471977741912,0.6012016610310863,0.31211715966482123,9105.560393258364,5.69559688315429,2.0,4,1
117.31393472528121,2,1,1,9.673267372886722,13.912856135909466,1.152200979061979,0.6468396213366463,23367.372682194586,3.841003049896366,1.0,2,0
1418.358072368693,2,1,1,9.180549725648616,10.195076189998696,1.3434513923755425,0.589091130041055,14809.77100717522,3.9051577898708176,1.0,2,0
40.818417842661276,1,1,1,116.62667950578613,14.89579116620534,1.2669240003297053,0.8357482279184015,21394.254019389024,5.432055704855882,1.0,1,1
1439.1464761765142,1,1,1,28.406927182980084,9.515661520646816,1.2423349746201067,0.29163660299069083,28450.58047295309,3.651064692844381,1.0,1,0
32.43287678660325,1,3,1,30.175346656390516,4.965256007693688,0.8073455662129302,0.30799932960906967,20911.288375571326,5.425606039719065,2.0,2,1
58.92226026275524,1,3,1,9.897251983270042,1.8543235872813544,0.2022088507087264,0.11887002463468298,18905.500915330045,4.15987593321311,1.0,2,0
71.18145877577244,1,2,1,14.131972419736204,8.412790577832135,2.3829714998615437,0.9911650805367032,19074.977665192484,2.991014885227052,1.0,1,0
70.87769588945746,2,1,0,109.68104893623052,23.9945376727903,0.4943886615359607,0.3172807504468293,1853.6372638775388,6.220703987457395,1.0,1,1
80.8210471965595,1,2,1,150.67198651257385,19.617489469641377,0.43028720023112677,0.199405298155326,11945.689034591704,6.1841387323110055,1.0,1,1
1416.9554182205022,1,1,1,21.335726802552685,2.4956223328852567,0.04631612948080972,0.020674970974219543,36837.44821856589,3.5922392214075436,1.0,1,0
1402.2777381057585,2,1,1,19.95551546837194,9.899282624533539,0.8260054619884791,0.31954009156056623,2517.0689612630704,3.4477868063067674,1.0,1,0
511.7273123142413,1,2,1,15.98629321889293,5.982044384101223,6.440304381080295,4.306045883538102,17961.070851502678,3.318090302880771,1.0,1,0
55.93807384261795,1,3,1,7.334018695385157,1.833475391620693,1.0859499188889477,0.8559520841097911,24186.542035478713,4.102214339640529,1.0,1,0
44.4390302248475,1,1,1,37.77477600302878,2.209557313658641,1.9866812583180322,0.8877288644542393,18177.337128744988,3.464196910714215,1.0,1,0
494.66832407842634,1,1,1,7.34630560217981,7.168242884211239,1.1857843473716556,0.8095929740465122,14655.095281801008,2.904966912719911,1.0,1,0
87.59330417462562,1,1,1,56.54611183330283,6.179290053757377,7.3710772812074445,3.8304539789948753,10667.342472308428,3.4176427799661715,1.0,1,0
124.38737301525202,1,1,1,25.17111252190152,2.442900913111442,2.044100043689384,0.7162482237372781,20425.51218805984,3.552904084115762,1.0,1,0
493.87730122204596,2,2,1,24.581022710019678,5.7067613527362795,2.5942569978976886,2.0199973742036477,24517.021907196027,3.263056411496282,1.0,1,0
39.552241198900816,1,3,1,53.182782532502955,15.786990851196972,0.1832561826233987,0.08881538178873745,1122.1512833946156,4.866504557798793,1.0,2,1
1427.4693218248672,1,2,1,21.818209818271015,2.946142524404249,0.073560433317857,0.03934360219698238,13994.604053137751,2.924813188083421,1.0,1,0
144.78366501348268,2,1,1,14.361453757823499,2.2473887472882295,1.4072460757681533,0.7639697717348883,6086.692365797479,3.574435549015347,1.0,1,0
142.42466875029308,2,2,1,14.175615821603026,2.1904249433182383,2.095046859028347,0.5458466526189595,36390.616432685856,3.9816503430546835,1.0,1,0
1430.4729293107741,1,1,1,16.296210755041812,2.4136757844464287,1.1769833508063645,0.7576840404316683,15403.80823708079,3.63581649641423,1.0,1,0
54.3772077342813,1,1,1,22.256234225069914,6.500392289514175,0.20507772513739206,0.12256340582175708,14313.154793671914,3.9225731401767416,1.0,1,0
80.6412085310978,1,3,1,87.34580003915059,16.846240143843083,1.5264105850147174,0.9104610751546035,2934.6128479638683,5.851131403243057,3.0,1,1
82.11637804222366,1,1,1,26.992987804703606,2.6082275600623337,2.8118206967962736,0.7177255256170472,16201.322171033138,3.53991510972355,1.0,1,0
40.24871276519627,3,1,1,57.89340634662437,11.26435856745585,0.08177671783175301,0.05509764601137724,3612.9827478402694,5.366479091185943,2.0,1,1
756.4940709984215,3,2,0,83.72731217423714,22.902200154807964,0.49015006095863195,0.22911112492836547,4061.4704372072765,5.908022517338683,2.0,4,1
512.4357561717395,1,1,1,10.04653564538818,2.0488838563487812,2.3540770672497375,0.901457586189512,19078.959896918885,4.0468891219217165,1.0,1,0
75.10799878566866,1,3,1,106.36846280208023,7.835692385641207,0.06907008855997666,0.04818434526267051,3442.2572213276753,4.295171794716813,3.0,8,1
71.0972582859873,1,1,1,18.9815613417575,5.629335817953036,4.007692879378378,1.1062053605918378,7352.564116621665,3.7394490028709417,1.0,1,0
111.7513326645655,2,3,1,23.26616061643884,2.1308471526966066,3.37444710891179,2.519403395677267,18783.399921546476,4.568292898792896,1.0,1,0
1438.9525935565875,2,1,1,39.775907041435886,8.117551556178935,1.9617886211821516,0.9251011592364428,34154.2072583567,3.7287716594468634,1.0,1,0
505.7153679421821,1,1,1,14.812337966982513,3.9381701617057323,0.12067139657042321,0.08035358297430902,4872.469486529978,4.031310583997251,1.0,1,0
130.47354579614566,1,1,1,23.16248301821115,2.648987720774688,0.3392637333021411,0.18333117846970728,40794.530880286184,3.8214176383927527,1.0,1,0
132.64430476857123,1,1,1,7.831435895893178,2.41093672611375,2.325515511559906,0.6001695655357947,19286.21276798201,3.4726139160735494,1.0,1,0
61.86143905885443,1,1,1,15.816916403863964,6.571182127477048,1.4002570949990192,1.0523302730227586,38543.21815216312,2.8850765251159363,1.0,1,0
78.7953725011852,1,2,1,89.84437954335856,5.705112560996842,0.20698017821710799,0.08095221397989665,8219.394412644746,5.4253097381385045,1.0,2,1
738.6118275550346,1,1,0,50.61862384997875,8.022831074250739,1.0101860041618522,0.793788839961658,2537.60258982111,6.0901558040541,3.0,2,1
1419.0594368485213,2,1,1,13.432438435796493,9.349764726600961,0.3733867843456673,0.17552868577975644,16343.966253820554,4.201119493953379,1.0,1,0
1423.8431062068166,1,1,1,8.60319140816038,4.454261400826816,2.4752550509410116,1.400157340436728,11629.653165751472,3.3832538048526537,1.0,1,0
41.063689600227065,2,1,1,8.29569889675596,2.2232551341165694,3.123471503111274,2.4190776901583435,7686.364691789033,4.505031230915677,1.0,1,0
62.599887642943024,1,1,1,11.394093100207229,9.57246014208756,0.07916697389883114,0.051710174163699836,28399.215480068717,3.7082190664437786,1.0,1,0
62.82886111957859,1,2,1,20.927875114329726,1.8685306573383484,1.8672036675722825,0.7679224462210822,30320.51953622754,3.3877810540391122,1.0,1,0
41.941092719183324,1,1,1,158.15844824455814,35.54447418733569,0.237389620778636,0.1576521858645434,7195.909822080029,5.250132503669927,3.0,4,1
87.19621851262951,1,2,1,143.52951206683096,18.159676444205875,0.012766351640782903,0.006662434527419814,7010.831216519926,5.1478669400831,1.0,2,1
1422.4293714517319,1,2,1,4.592950733319192,2.6050574981909156,1.4500391382370863,0.9700678537624768,7297.285120096847,3.7408615704885437,1.0,1,0
81.88852486685423,1,2,1,65.34563875177074,16.012636704232733,0.09549279919926516,0.06770966324772826,129.94568778240122,5.689155017738182,2.0,2,1
84.35189183794016,1,3,1,76.30737300289493,11.521761392684464,1.2219175485614824,0.267744281089337,7214.719113098062,4.7445853269667655,1.0,1,1
72.68012231155312,2,2,1,77.26779928119525,15.824091940701424,2.628872242855969,1.466868125156944,3683.7720750866015,6.378214349724442,2.0,2,1
78.50508759739289,1,2,1,141.91257538273524,17.631547689661236,0.004236475984661694,0.0032190896037956663,7242.569774774023,4.345176299312316,1.0,1,1
80.84002416548454,1,1,1,26.830018988778754,13.738330055257482,0.4470639573856214,0.3406413482643607,11273.336405116486,3.5359967490830684,1.0,1,0
119.23031255497033,1,3,1,44.299476852682105,11.41617753443812,0.05475778927270749,0.0322268709520789,20526.274157916167,3.8293036636283313,1.0,1,0
65.3398883515055,1,1,1,24.570711351448768,2.343531620749993,0.17404271571954014,0.0714025384644042,49612.793996861226,3.824645166070615,1.0,1,0
142.42215762618432,1,1,1,12.26847123982426,2.771366482376407,1.3637879853034458,0.5632327927427314,5494.186621105788,3.619252604823865,1.0,1,0
138.3163586403343,2,1,1,12.81819328946355,7.562622630352816,0.19972070282624002,0.06712386931353768,42126.91874755175,4.166887090612003,1.0,1,0
115.20961502736598,1,1,1,27.616577765136135,2.007190457569192,0.07668580560295739,0.05235594525808698,22689.037580971777,3.6955815005329145,1.0,1,0
510.4479453303084,1,1,1,21.48445593728529,11.142585364843157,0.5740462388972646,0.12500038954259357,28686.57258556076,3.9156658545318463,1.0,1,0
58.170704670742076,2,1,1,17.624267749401454,1.8654591156979943,0.9025085611679702,0.3879841703400721,5285.877354362476,4.3084078979803015,1.0,1,0
59.77342250064189,2,1,1,49.32544049208554,7.301797711557553,1.0134654558133387,0.5823678388888137,11730.705875233858,6.168921805916926,1.0,2,1
1428.1995178091086,1,1,1,8.334555212460412,3.6811569473902237,1.1704726620157995,0.8133555376585997,23104.86869215339,3.677613962104319,1.0,1,0
127.9647933711336,1,1,0,12.528125980741894,4.918551036762763,0.10365528924497937,0.025653545476881034,15454.237723566965,3.923375859011137,1.0,1,0
1460.136952737195,1,2,1,107.20736764793178,16.809787682903462,0.24610909756017352,0.06992812230797524,3182.3017708717925,5.817260916402665,1.0,4,1
39.95930810611068,1,2,1,98.11867997897423,7.650062950804132,0.6932442902473713,0.20870192659608677,10971.990597315318,5.235585173277852,1.0,1,1
80.35734877312716,1,1,1,147.40386320025522,14.036398964249216,0.013418858302243467,0.006947500843488054,11336.734970744774,3.042794529799853,2.0,2,1
80.8235478388835,1,1,1,16.067057698840994,4.899312424071837,1.1783944733369258,0.8276630116874217,46313.73470517288,3.2004497514412487,1.0,1,0
152.63544961324124,2,1,1,24.61236548695664,4.717889891328841,1.589620750507,0.7177667623210783,13404.905327734597,4.3295273252853645,1.0,1,0
780.8947004006965,1,2,1,145.27589844009577,13.29684460488026,0.12069112104593563,0.06534009817237992,6682.98879662587,5.139840348781695,1.0,1,1
63.59829898402231,1,2,1,20.38000493870513,2.8776261419573177,0.8245064959932759,0.19801041056882118,19925.525391371808,3.185210655682447,1.0,1,0
509.26529948391357,2,1,0,14.220462434669832,2.4962971739040434,0.9657917464180279,0.297145301427103,8865.081309481415,4.067139796052292,1.0,1,0
524.3429701659358,2,1,1,14.394916362500915,7.231877114423849,0.8141628113688655,0.48809026103337416,2754.768852286467,3.607915356082792,1.0,1,0
78.82159798222786,1,1,1,24.599605903483784,5.170961405065014,5.516815538320393,3.804017767324188,11235.489551928722,4.335972084730017,1.0,1,0
503.14502319414095,1,3,1,26.064718792012943,4.9796473257929295,3.34018120632678,2.14967596841875,32872.78247381928,3.733065228752826,1.0,1,0
56.99959314518867,1,2,1,87.85411027112892,20.003408526283227,1.1503792835419926,0.402145846242064,11210.117750790518,4.738703050613532,1.0,4,1
95.19614793049247,2,1,1,88.96815375384628,17.655086182521643,0.6093145364155308,0.3706633015830314,3321.8561405752816,5.678657194425177,2.0,1,1
66.15982534377613,1,1,1,12.788664739693738,2.024650766678069,0.3880565011605324,0.20789358233205046,26623.365727749948,3.3625991239445248,1.0,1,0
63.96025981469609,2,3,1,6.299931410016842,5.425152308851893,1.6071887932261049,1.2475086677370886,16254.962670612282,3.3033352702035064,1.0,2,0
66.20881588677247,2,1,1,13.296869439189194,7.590665158806123,1.3408472707906307,1.020698372674201,10677.110336225085,4.847629441844918,1.0,1,0
54.0757113282291,1,1,1,23.28345135827007,5.093433767679051,1.0576541806108006,0.4306580318330798,3901.286879443015,3.8938373557285204,1.0,1,0
63.91115571157124,1,3,1,83.48629393790704,14.714333307656243,0.31342501048657817,0.16612052973892405,10561.626487022955,6.375228689032284,2.0,8,1
130.52476714386714,1,1,1,46.44177051617915,6.39001471719882,7.523290173600518,2.883335804018833,29270.746688279283,3.987620254934021,1.0,1,0
1418.2845396412858,1,2,1,15.190869444650692,5.519020985927785,1.9103104115328324,1.3186187844199344,10255.953623322352,3.4704463211003365,1.0,1,0
27.02137716842131,1,3,1,42.20912372353788,7.669028905914534,0.2863126351451908,0.08835501906009031,2856.870763154021,4.317449105122099,5.0,2,1
1418.8846558122789,1,3,1,21.7249790655282,1.8209364734910345,2.8874597229213563,0.8689003665421904,48525.741552580344,3.650541490166813,1.0,1,0
59.290774709016134,1,1,1,17.351211914130392,4.291855235017055,0.452563224147626,0.17607616302826928,18448.36764622626,3.9458089769014038,1.0,1,0
125.63539455138296,1,1,1,45.36691746960302,2.5419233829853445,1.6724447613476832,0.5334132785126562,7684.609848508678,4.303794794209617,1.0,1,0
772.2750250964144,1,1,1,42.77901780056445,13.072931839630826,0.2049062767685267,0.14186295570041266,3899.579205446587,5.643393860809557,2.0,4,1
1405.139343598699,1,1,1,8.974544758167383,5.572243819916437,0.4555702421181965,0.29203950058383626,19020.574521834013,3.7439562092173837,1.0,1,0
1418.7227050167387,1,1,1,17.537478048118924,3.711931734723859,0.365172354630404,0.2715942140923944,18870.840606070906,3.8166840465848364,1.0,1,0
122.46665202512467,1,1,0,18.979159281651153,4.674866380214394,0.9378062190365352,0.5901245846450943,11275.346918215173,3.790468117092074,1.0,1,0
506.5326910686142,1,1,0,22.212744615483096,5.57465534076355,1.649724459827646,0.8508350010797515,15322.593111637078,4.315379426552689,1.0,1,0
1455.730665652315,2,3,1,63.71795506021062,21.658313967770514,1.0969189769702188,0.3806272071599691,6106.136114375195,5.261352075994115,1.0,1,1
518.9380945840285,2,3,1,15.138306507560152,2.7897185233017803,0.5774221030044754,0.34438049766427836,10285.20847841168,3.4483266915730058,1.0,1,0
57.78252445460555,2,2,1,29.846618824471566,2.475705636751404,1.5491069875369219,0.37693836755555904,10324.938388612092,3.5869044080331935,1.0,1,0
521.0582380514705,1,1,1,22.95155146768644,5.677733809259529,4.692791176114457,2.84357432398587,14306.815281683028,3.253713853700148,1.0,1,0
65.7831032405623,2,1,1,70.13887266040302,6.337953934258059,1.0480441770886275,0.8333628051249673,1106.499473637337,4.956513541751294,1.0,2,1
49.136170834958776,1,2,1,100.23964730383548,10.967230128393956,0.1367341095888487,0.07035404314693951,8820.172035256273,6.215046288685347,1.0,4,1
147.20173734652957,1,1,1,13.442444378491636,2.312207290376687,1.2667277104501449,0.6172574318254702,16936.999948404402,4.583279748687014,1.0,1,0
1429.0488504333446,1,1,1,12.363079994172951,6.4033944716678475,3.603342418264113,1.7225707850344256,24672.271311725715,3.570481805131766,1.0,1,0
39.85635648407768,1,1,1,73.52169491905492,17.647192454939198,0.4486473014227902,0.24331030742676907,8611.538055099838,5.627389128738821,1.0,1,1
1423.494613533187,1,1,1,22.225097651445786,4.917321819822368,1.8854852615031492,0.46436483433675935,12123.92043774606,4.131200231504061,1.0,1,0
122.05968947496841,1,1,1,16.764222386990827,2.131189604453326,1.3331906126948765,0.47046318305514917,16642.09617901175,3.303892745049064,1.0,1,0
76.01002934086262,1,1,1,28.93286746598916,13.695113394579106,3.42594177518492,2.136666587981061,20683.37611151849,4.328026742079086,1.0,1,0
126.56496222094401,2,1,1,16.332742780763144,5.754030098176738,0.27748264063119715,0.10561657252564924,18307.146425681738,3.4234975975869277,1.0,1,0
126.57848317256094,1,2,1,34.09976824254053,6.263980093746932,0.6656924294732829,0.14407801496834127,72384.920728644,3.6246233476566454,1.0,1,0
64.82502969138824,1,3,1,27.468953012822965,5.469224413465055,4.040571711969116,2.8871369079308566,35556.61656180011,4.4707300703677735,1.0,1,0
59.03219328975617,1,1,1,88.4844576401337,20.232434398936974,0.21827597564024853,0.110620298055066,17599.974951668373,7.23185340198604,1.0,4,1
131.36057716975094,1,1,1,27.181056933139917,6.610999618850574,4.45441411035421,2.580403186715713,5982.927970324704,4.1633589124009065,1.0,1,0
1429.4747505703806,2,3,1,6.911453043589197,5.539488477553922,0.9105088505285662,0.278931435384405,11033.653470400144,4.383040447814319,1.0,2,0
132.56971283612327,1,1,0,10.941656122083632,2.8848258946727174,1.6811214204699292,0.45396818605918304,12558.569022558153,3.872467104345035,1.0,1,0
76.35269121764168,2,2,1,88.23242488833353,8.771928946144566,0.44033614146605565,0.21824386369956578,3704.898017698239,5.382242028932342,1.0,8,1
122.92017006065053,1,2,1,25.34723014279205,7.784281039228576,0.5143391514145782,0.12329359547131141,8341.957382530107,4.2767743353426475,1.0,1,0
64.97753761683741,2,1,0,91.93408654486157,27.855868833881168,0.07812499330701607,0.058163799788290366,10749.126989014338,4.7753892901290955,3.0,1,1
63.94456039731945,2,2,1,21.102810404159968,7.275862862677153,0.14939281080728928,0.08582252122874694,24105.58103569528,4.491499976963961,1.0,1,0
74.01181964736466,2,1,1,150.99634768717164,20.91157420221339,0.21793006568073467,0.10164378936582029,6165.348332008939,5.647221320968287,1.0,1,1
125.05536578975884,1,1,1,32.27844891448524,14.050881072330434,10.0,7.342027926947807,9798.993281724044,3.592146134999238,1.0,1,0
29.854852533206355,1,1,1,109.37002223342968,10.38826247329322,0.03142021355870591,0.011356816587302117,12419.766063941117,6.7286914680321015,1.0,2,1
489.12007520544773,1,1,1,15.27792409823767,1.9538456827082304,0.2705768249144729,0.20420307327224557,21063.027564687083,3.907135389379334,1.0,1,0
85.77614192244681,1,2,1,8.794227522014145,2.582560018018258,0.8025941766247908,0.53354965056187,11925.29505193458,3.3706160875640987,1.0,1,0
133.39617247003017,2,1,1,39.13734401960957,11.196802369689909,0.27869327314771963,0.08683782408745827,21009.014375032475,4.445312324236161,1.0,1,0
71.19768030890454,1,1,1,126.39479864855267,4.187210062740551,0.2610231589474086,0.187552878084492,4467.765471085775,5.960893716954901,2.0,2,1
508.5552409402412,2,1,1,30.488046762695568,6.241664512874591,1.649622263745551,0.8742901805120648,17864.290521787614,3.8813419993272804,1.0,1,0
115.45694692647028,1,1,1,31.51403568908399,8.266680293721357,0.24490036828063316,0.13631308526930927,26417.369239773325,3.9974172906233836,1.0,1,0
1460.7556410474285,1,2,1,71.60927956454114,17.43261792873789,0.22135674574313,0.04909965933555445,7557.690540306647,5.413549052097309,3.0,4,1
51.96980422984855,2,2,1,19.815439644576223,4.312415089642384,0.9526016625727436,0.6249876924721098,25175.716544091727,4.718469098252376,1.0,1,0
504.0079273421399,1,1,1,24.221548079793862,2.3759550587171776,0.17670730674577537,0.08343703531288595,23827.417448486984,3.3151288375960983,1.0,1,0
515.3045027963486,1,1,0,22.195255423568707,9.448131908688701,0.6989447808433032,0.45693895504202026,26286.76636842702,3.4705336506388367,1.0,1,0
1427.4214208923868,1,1,1,24.77346261204474,2.4431204098491097,0.23338680563530817,0.11503071668585098,22573.47530847929,3.762967272654035,1.0,1,0
59.98985265578547,1,1,1,33.261377797163185,2.9082401489808016,5.823471117026937,4.312980096805022,18074.67226380086,4.512297912459274,1.0,1,0
67.60216912497941,1,1,1,47.04668484153029,2.0081092357829085,0.45072272432689675,0.18948219246892997,26312.667433438684,3.6897084075216116,1.0,1,0
1432.9775965498543,1,1,1,22.495700349561577,2.1049448499711945,1.204865794759545,0.894738957150784,21276.086982717952,4.254559005832779,1.0,1,0
1441.8083766959476,1,1,1,76.65496761447419,3.608041124426394,0.08385674350677716,0.06352002148410715,11426.580116281573,6.337682915498875,3.0,2,1
62.403312529122616,1,3,1,20.469784020902697,2.4420759354707533,0.807843232676207,0.5198085570545065,6794.843857734126,3.6449563669860265,1.0,1,0
130.19235035161094,2,1,1,38.247652562065525,5.18459997381792,4.008476615783463,2.3915685663012347,11221.841587357772,3.3123302552432587,1.0,1,0
131.35942894305018,1,1,1,25.18011965159023,2.1257532104646075,0.9731675847655294,0.5917885181706058,6198.527812352674,4.262613810210092,1.0,1,0
40.39052659309263,1,2,1,57.472973824426624,12.254178765333393,1.2324777889324925,0.29100339853854923,8677.00746484589,5.159627796292639,1.0,8,1
514.7950489217906,1,2,1,27.672052938234465,5.941417878232853,1.5072463522145076,1.1760111929020394,4379.587478021525,3.5498441695927756,1.0,1,0
82.88437797930854,1,1,1,22.151200675837764,6.911948763179408,0.3878671631863101,0.2174597025216835,20230.094167862775,3.3357671809984546,1.0,1,0
48.30954728183665,2,3,0,19.155599635992438,2.3836742308322934,1.8198300882749536,0.5612891706042386,12076.801938030338,3.495825264360698,1.0,1,0
54.38849997219563,1,2,1,14.867720947403905,10.822049725640511,0.6496333706539417,0.3290318535476117,11113.734308044843,4.258798242222976,1.0,1,0
1416.81638837479,2,1,1,19.836108638404234,6.00398682406316,2.9322460606032985,0.8420601570661058,19659.593688827194,4.02291694388715,1.0,1,0
113.26236393311649,1,1,1,12.593924202539528,2.476046020959766,0.4721181756124942,0.1646347939528394,22337.232800398928,3.4881770173976974,1.0,1,0
143.7354556133662,1,2,1,11.210041065376055,2.7999841813193727,2.405526106536702,0.5422508954077393,20343.040479325085,3.852654160558961,1.0,1,0
110.77395596656241,1,2,1,102.31989796152646,12.488861896887318,0.1969799310996937,0.07049932197547157,4397.385769399126,5.298769142396992,2.0,2,1
509.612247833006,1,2,1,48.751101757805365,2.549649328046541,0.606000012050577,0.3382446435342582,13230.111897736211,3.7163834109876337,1.0,1,0
62.12273008470966,1,2,1,165.84654261757677,11.288203152077154,0.05901084480556571,0.02805429518724264,3696.6764139622774,6.414335262977621,1.0,1,1
120.84177099978638,1,1,1,14.057727485620022,2.3898875102644794,2.981700823920158,0.6033228905855182,6474.766510117862,3.3677190082019317,1.0,1,0
509.08659032796083,1,2,1,24.46530572816939,2.3111059420889917,0.5505453775885065,0.323285915051586,15136.97274822104,3.880231743040052,1.0,1,0
130.5833291919038,1,2,1,36.85494779127414,2.7809292235239376,0.3135047274805465,0.24185033452479981,17055.1902760189,3.9103221998735966,1.0,1,0
141.39615733345428,1,1,1,32.11189608532174,5.760534134910287,2.165678379616956,1.0250332066298997,37930.44702194406,4.029554617334332,1.0,1,0
1479.0985576238363,1,2,0,51.5534106478432,13.490239196296478,0.1470916293953211,0.07930171946287005,2608.9088641379635,5.867657123708326,2.0,8,1
74.18126114655234,1,2,1,104.50732584274449,10.744414979606802,0.6396354230007602,0.473607163064713,8372.969890555447,6.202470976665444,2.0,2,1
39.69635947509963,2,2,1,95.09960598435828,4.978320565981131,0.9993297914239542,0.6085583200803104,3216.5610227293455,4.818674694281096,1.0,1,1
76.08617407610026,1,2,1,119.97391314123635,11.122081654441205,0.23385247013663005,0.14459620897393025,15009.338626134164,5.594592656541588,2.0,1,1
90.06596890695083,1,1,1,43.080548202095834,15.016511196133564,0.22866465021741555,0.04637042725070756,9817.734384689467,5.205361411727877,2.0,2,1
114.71312226765335,1,1,1,14.507758094273154,2.504986874559207,4.019793133280019,2.4642026553658853,27438.127972164,3.8028001653610106,1.0,1,0
67.10477620586948,2,1,1,17.846344002282382,2.2454602840974585,2.82031296866796,1.5262531882161952,15487.435331250952,4.086046320034232,1.0,1,0
37.06138578528154,1,1,1,40.26422062288929,4.553225097049953,0.6555365248733335,0.30944596932985013,7659.362303421311,4.972759964949753,1.0,4,1
62.45836848900317,1,1,1,27.62791626774053,5.856181583141883,0.49295654768846386,0.30679685051915123,20144.10904510611,4.007201328179554,1.0,1,0
60.29551839576932,1,1,1,47.248668726873326,4.2693125841236945,9.427332154183475,6.930945080257961,11423.239332526895,3.7773948317180066,1.0,1,0
503.4077419656318,1,1,1,17.20017992656908,9.869585363221887,2.5196180311616216,1.4271827749037556,25425.603870110255,4.161833792441351,1.0,1,0
112.43813539673039,1,1,1,14.997898807185498,2.5435370263741115,0.9106806746167511,0.3347817718654385,20693.532779495938,4.163539253752498,1.0,1,0
60.005174520297864,1,2,1,4.924377642741104,8.369460025411726,2.1630337544044327,1.2981511333855145,22880.08359155227,4.487742628894408,1.0,1,0
1408.5468175698059,1,1,1,50.17370348959849,4.498213950101041,2.32876709514668,1.0462398921697873,11521.979236857913,4.915556728136421,1.0,1,0
44.00709556005211,1,1,1,7.667610863652863,2.6496454575948984,1.8226281554826094,0.9568426801515445,8156.692119575506,3.9838550400465405,1.0,1,0
130.25667771260362,1,1,1,23.098970885298513,10.994051944431195,1.1867808141096443,0.3373776299277437,4252.507578919393,3.872973680869492,1.0,1,0
115.30991069963133,1,1,1,27.15352189348714,5.250074930914916,1.3000567878220828,0.9231990595288748,16641.42486299612,4.5458232050741,1.0,1,0
520.7526515366724,2,1,1,12.831496542003629,2.742786628247557,2.7746895311146007,1.7946500742320166,16310.763810536044,3.9451175880911165,1.0,1,0
1431.611429180661,1,1,1,16.83936228782062,5.843922059009149,0.17897493667465528,0.10662395038090891,13768.207022147582,3.3921057975177487,1.0,1,0
138.5129922928102,1,1,1,21.610371562139854,8.249999947585495,1.5733382373966043,0.7100739947130346,10021.748500541582,3.569315529516698,1.0,1,0
57.367009718781645,1,1,1,19.618843209675138,2.7938673491134063,1.3888131523268592,0.7257476453696483,24877.121376323084,4.429178638606417,1.0,1,0
113.43665715767752,1,1,1,48.41445177912971,10.130952811308784,0.9241346644622581,0.39359204687859817,12983.274149060631,3.842197256018861,1.0,1,0
1426.7791129343707,2,1,1,19.746097320398142,7.781778714838622,1.6216185371951417,1.2650106522900126,18907.487975165546,4.9012625452044425,1.0,1,0
1410.1480711115619,1,2,1,25.738854951071655,2.209798557721908,0.17617955723852674,0.12007106689216172,22400.632319970206,2.7962128597320945,1.0,1,0
135.5927577931444,1,1,1,19.370263362453915,1.8394564736043144,0.4414122036324366,0.14774546091230484,11983.889073872593,3.1673865650935324,1.0,1,0
131.36825333654912,1,1,1,11.557887786796975,8.769444897408034,0.03543543084558489,0.015752782659950237,5624.259074153053,4.177167311675009,1.0,1,0
1457.2928446349401,1,1,1,49.71393241452041,7.239125445405482,0.7293540631422443,0.43306879678976185,10386.493783652852,4.224407995319294,2.0,1,1
757.6394391994403,1,2,1,90.40788614236072,13.591227598121016,0.013780933467981904,0.009059884226520468,3816.043270213505,7.389301590975036,3.0,2,1
123.49092955813464,2,1,1,16.408199418909142,2.942720580715579,1.04636933555292,0.3619210577834293,30525.261951888737,3.57996216594871,1.0,1,0
741.9032178479989,1,1,1,129.09397403316854,5.760947387956957,0.24617952367670362,0.09888808740126494,6309.488895571475,5.147098108108738,1.0,2,1
120.169764210189,1,3,1,30.758551367667938,5.380987548076701,0.6020459059019728,0.1348134869127267,30018.404789945413,4.173697765959552,1.0,1,0
70.67410384309869,1,1,1,18.729403944160236,7.817440743262407,1.6903378294153328,0.8033802879378449,18375.212914221596,2.4918961652253726,1.0,1,0
66.12095087111717,1,3,1,151.29763644210462,26.370263620628315,0.2420478216863047,0.06609681220766292,3029.2181507161868,4.880053627510774,3.0,4,1
71.21823309815524,1,2,1,23.749831742432082,2.20240501300663,4.636330848828293,3.304364892029369,6927.322889263364,3.52417860640204,1.0,1,0
129.06044467798904,2,1,1,7.655285503043513,2.5580060496701558,0.4122362183912993,0.32215309690521043,19914.93520217171,3.6913783347265743,1.0,1,0
124.32448222526602,1,3,0,15.393109646480834,2.205128733579445,1.8428796782289376,1.006680191064968,18650.720854065396,3.6737090667290744,1.0,2,0
89.86619897790654,1,2,1,94.34096622959314,17.75602704138236,0.04043714419809501,0.018688152700632697,5833.560069298378,5.357476242899242,2.0,2,1
492.18264664445564,2,1,1,12.824657160041442,6.186555943651111,1.0474950194053572,0.2874037676712423,21938.848876403088,4.054716379124058,1.0,1,0
1469.1095683006133,1,2,0,29.49313614810269,4.403432364486373,0.24878537134076775,0.1534218925054451,19428.971216547037,5.985022150981439,1.0,1,1
1424.800841881098,1,3,1,26.764208226271926,5.830620645976441,0.9627714445524241,0.4721906830086487,31038.765388282503,3.498192874358782,1.0,1,0
521.1502355882515,1,2,1,13.42288890995109,2.3784708169395326,4.814277648599286,1.06801863585577,14401.21077302815,3.9151730523637545,1.0,1,0
111.74025342921144,1,1,1,30.81668967047208,4.019146479617431,0.5357459968277533,0.32880141250242173,22281.85723953024,4.0732684134942385,1.0,1,0
58.13417580901472,1,2,1,14.110135095971525,9.051869696292158,0.4341282542583238,0.14297793956137922,21947.637955333925,3.311247003265706,1.0,1,0
1449.8280486613498,1,1,1,58.10409035780073,7.7509931666386915,0.0926638795232524,0.03964865128571131,4697.451807974579,4.83998038619766,1.0,2,1
1415.8973836161074,2,1,0,21.709914365613802,2.032505687965649,2.3287874005443805,1.5463588771331285,21720.906309164966,3.6386398133073974,1.0,1,0
121.5192688940478,2,2,1,24.514215112766202,2.1276503926281616,0.4631564416768021,0.2843236151840872,18723.36645261981,2.586049551472943,1.0,1,0
36.58003818681976,1,2,1,44.80683702871351,8.338937431623286,0.2794561584778323,0.058607925044532355,10546.901681977904,3.839503920475739,1.0,2,1
1478.8632557521375,1,2,1,54.27196897174382,8.583776762328043,0.8828857886949416,0.21366224244794582,1604.617231320897,5.047205749765203,5.0,2,1
520.6807513216044,1,1,1,9.521403912451095,8.19940427815852,0.7523049963321815,0.47718368625936686,9285.420822152208,4.409052855083005,1.0,1,0
97.30859014112187,1,3,1,65.168256205377,11.674334181611002,1.9787319796603917,0.9197735786536821,2400.968973151129,4.0396222931819645,3.0,4,1
55.82924559907752,2,1,1,11.709760479522968,6.577801768825644,3.193956314406751,1.2178915433442483,8454.251614788998,3.610000147053046,1.0,1,0
496.20784877826543,1,1,1,26.35130098247419,1.9375499370680396,3.1625186915465973,1.0966647330206645,14720.844566529702,4.164601546842869,1.0,1,0
80.82432280848272,2,1,1,65.09624704950573,14.704715098276683,0.3990002806851152,0.1477427497330554,18622.972381981446,5.431429122644828,1.0,1,1
93.63759317300979,1,1,1,182.71566264116416,22.712164746694512,0.679840458136904,0.4452947301292085,4193.048828801844,4.775330851444897,1.0,1,1
1426.5350922848156,1,1,1,40.59478691783067,2.823975387446242,0.3188049268717806,0.23548818613147682,37257.56890606515,4.107107532679587,1.0,2,0
98.03918927418238,1,3,1,83.4585170598827,12.185580707417213,0.4091450895436249,0.28204204330071914,5599.708724325223,6.4184373675036515,5.0,1,1
1434.3544884559042,1,1,1,25.898178932169554,2.8474428361741055,2.0351031002736573,0.9359624205702348,27403.291204536177,3.9026386534689745,1.0,1,0
130.58456096212026,1,2,1,27.9689996984595,3.7680828288407353,0.19273586767776757,0.08842012399160955,25817.14143363345,3.669350003972265,1.0,1,0
121.29572705450927,2,3,1,29.112455285786925,2.6720723349223983,0.4159803122643565,0.2663989966586928,6950.382331075201,2.8890361541361367,1.0,1,0
119.38177597979488,1,1,1,41.215674811929915,4.917155082662957,2.407678500504387,1.6912189066973313,6619.446971257038,3.337065195015618,1.0,1,0
500.05613352571004,1,1,1,29.01874053895248,8.452201890086815,1.8364317981974534,0.5907966456456386,16844.265356688236,3.7628177742285174,1.0,1,0
521.1272224338786,1,2,1,15.95982157849116,5.3659542639553575,1.7425757984299182,1.1230829520646572,18614.765058816483,3.5671947436488143,1.0,1,0
504.5871503331086,1,2,1,12.56435275976074,2.031331501279702,7.508809469512902,2.216072942315494,26710.574371039897,3.6651540416411548,1.0,1,0
51.33579331313353,1,1,0,109.65666239702061,14.068438433039393,0.24413997827699216,0.1626450469913056,8811.511937935513,4.645916507633355,3.0,8,1
136.18706158992208,1,3,1,18.72149841494853,13.042571030859184,2.182073607206776,0.5314067255438844,25282.40408167729,3.1325833823116183,1.0,1,0
101.68766814432993,1,1,1,30.392533909190735,3.971833492687024,4.8693157045674,3.386718565674345,15619.667719694276,4.2452465709192815,1.0,1,0
1420.289676533946,1,1,1,26.13819669566002,2.443860623254177,0.7860870034589181,0.3572023860100625,5279.203821123956,3.577951967826069,1.0,1,0
32.22681555400702,1,2,1,53.83392063993527,10.90325994785739,0.6123904420777949,0.25113116345479236,9135.404298531168,5.925464714050986,1.0,1,1
128.4907383575475,2,1,1,17.185118811669234,2.158280331238162,0.34019426080217013,0.23229965505038505,38972.11373725023,3.9997512356904195,1.0,1,0
506.52967932736993,1,1,1,19.860285723269463,5.573568033550286,1.6714430813405805,0.8725228905900008,14952.186559742226,3.821838128516811,1.0,1,0
769.4921705253756,1,3,1,68.14906149289344,11.355641755866348,0.6276272670654899,0.38956110682133066,1033.9594238597451,5.094351395766444,2.0,2,1
139.82893424591734,1,1,1,27.6336605355795,2.9690631869372517,3.599639884563982,2.4952076420910214,17228.491684222092,3.467943922028209,1.0,1,0
1447.5856221411664,2,3,1,147.16013309684502,7.809719632310072,0.22379075777736213,0.12442397394776342,5307.764531331353,4.977526681331581,1.0,1,1
122.76837025071288,2,3,1,70.42936725411955,2.4836324533396366,2.6862975049167392,0.6971468565749647,8446.972794922367,3.240450228730824,1.0,1,0
127.00700620065281,1,1,1,19.790278123672923,3.9394559299371648,0.5595314761058666,0.27338015997035686,6287.585116337118,4.140471714437155,1.0,1,0
32.5326872966888,1,2,1,77.91258316869919,16.82015122377159,0.8200157412086939,0.6459810323084758,4604.626119145386,7.031097905257483,1.0,1,1
61.85706238456926,1,1,1,39.73838659485573,13.102542440434766,0.6873267841733942,0.3879723792350483,12110.227177512783,5.715891187245714,1.0,2,1
86.33177674637541,2,2,1,60.64962356084047,10.40410174874831,0.5742092953163375,0.27220461710250987,5234.79123422186,5.873642900645583,1.0,8,1
54.62870665960675,1,2,1,38.73000384964184,2.613167340752746,4.46971501593721,2.555599919988821,19186.08598064214,2.9956823026666104,1.0,1,0
89.35747999679302,1,1,1,16.995089655815132,1.8978435619662726,1.188850038518633,0.6197207645584722,15802.273150225825,4.148733400161622,1.0,1,0
73.25791226600018,1,1,1,60.009163617065916,11.733808763970437,0.3960797368498764,0.22164001721974885,3958.429595897258,3.8088804747325504,3.0,4,1
1408.6572568088282,1,2,1,10.181265568420748,1.8801189153284212,1.948867473947184,1.1762166927263715,47383.69299261373,3.8469756390460934,1.0,1,0
1432.5689164440892,1,2,1,12.174086802269743,2.600414974644929,0.42374352485541156,0.12124587404692069,11065.336224575227,3.3612031332683205,1.0,1,0
58.59191195583159,2,2,1,40.6045847146912,5.048739700479556,8.430845860697502,5.779909307284281,19897.289953614665,4.423391720303944,1.0,2,0
59.32050522563162,1,2,1,24.320286374381126,1.8184109606444174,0.2137656011373305,0.06538156987167257,13782.823453026618,3.796619691975959,1.0,1,0
57.18292125029962,1,1,1,94.3854402110576,4.938369892765765,1.5638377226136353,0.8102586682931242,15688.017896207635,6.6037336762974,3.0,2,1
1440.3805793701872,1,1,1,11.339846805085532,7.204015103919738,1.8154874253142452,0.6055524883126974,37996.97965545957,3.6773613521133974,1.0,1,0
67.84340758389982,1,1,1,11.851647065592042,2.4557476054176606,0.7644116176921764,0.37542645310944506,2743.4050057497298,3.8297280376283807,1.0,1,0
736.8293789426617,1,1,1,70.24141851573685,20.545711390086204,0.08188040222450853,0.020664291741997475,7368.144848858726,6.495112855077592,1.0,4,1
66.26079160533673,2,1,1,14.786467014203069,9.912494237747634,0.19402094795087899,0.06365890540866008,7681.6332577257,3.4141925075779134,1.0,1,0
58.467949315877405,1,1,1,22.756931684785943,7.917697035708935,0.6600053514641228,0.20926182172510166,9769.487505379204,4.402275184474366,1.0,1,0
45.995288208499794,2,1,1,10.159480953115345,2.1644475349455146,5.088360522362339,3.1039038867597997,18428.197309998624,3.9367751295967883,1.0,1,0
1411.8341913055579,1,1,1,11.413824441145888,2.243310100675825,1.0606173299541295,0.678810365566772,30741.43565835901,3.778744599664912,1.0,1,0
117.99025769027334,1,1,1,27.37676947607023,7.734135319397616,1.2101590737824637,0.8094111639919899,34293.94816360365,3.7888139137916563,1.0,2,0
66.27929192390303,1,1,1,9.600693545392367,2.056319316674948,1.0069079777053886,0.2853259206072394,24484.60262737849,3.3675629318730183,1.0,1,0
80.68396207555688,2,2,1,195.0493607027052,9.712929093417591,0.2605551713512662,0.05449387998916032,4232.546406904608,6.06680535282549,3.0,4,1
100.01001389393687,1,2,1,91.51950586874297,17.074592112792512,0.34147164284800274,0.2286878223528835,13502.773501425383,4.890500704312477,1.0,2,1
70.83547220214473,1,1,1,22.59465408399581,8.040307275358352,4.134047601963226,1.625594772198024,18107.89166198402,3.400828705524042,1.0,1,0
63.856967769926285,1,2,1,72.29859629127344,11.107662614088337,0.03345088041598947,0.012256653998410152,8005.868148640907,5.870528655112792,1.0,1,1
133.43530304828792,2,1,1,18.633196374651586,3.7825551064708702,2.09395181810831,1.5826232794221622,25598.220296582178,3.671656257603993,1.0,1,0
521.4710312237423,2,2,1,10.152159711595223,7.824140093115827,0.6194913059945305,0.43844795536043635,28825.291909567663,3.984826050476272,1.0,1,0
1424.5062675548422,1,1,0,42.87829729362357,4.823655767046451,0.5884037850397361,0.4215819764322671,38996.57032238373,4.567694566211537,1.0,1,0
119.2542040778789,1,1,1,23.073378131388857,1.8178900485406453,1.431560086467565,0.5422950734235209,6881.306761806322,3.5026854893151382,1.0,1,0
1424.3757453663718,1,1,1,86.41861606548538,4.9496704115958465,1.2400357482122941,0.9044949003968303,24026.996274305322,4.132131931282835,1.0,1,0
124.00370184124523,1,1,1,5.659725661385048,1.9403916040830764,0.5986099083891014,0.2843645829877299,36832.217343022,4.071939013018237,1.0,1,0
77.5524058982346,1,1,1,36.09360639506612,4.910300923662602,2.8342802183614233,1.3583104843586284,10661.239408285508,3.763103600279074,1.0,1,0
65.48657379921288,1,1,1,39.71485260228245,10.31753949601444,1.105929156154048,0.5461794543289853,9051.46842232854,3.8751187064943027,1.0,1,0
52.78130668702221,1,1,1,18.804881407669694,8.43345999312639,0.7337971981978488,0.33746522684054997,22313.891446684745,3.865817908686063,1.0,1,0
126.458759600315,1,2,1,19.18774290626564,2.638514889211834,1.3356072433440203,0.6152383667640098,28131.14291961734,4.014387328767103,1.0,2,0
513.7942198670693,1,1,1,9.408835273812999,6.124744796342547,1.5880922952411396,1.0823604295217246,31760.604674616276,3.281829835568625,1.0,1,0
1415.6215706183086,1,1,1,20.56392911778076,2.1366423917241963,1.3300350515914094,0.4837336825393943,29581.06875750205,4.150708069358165,1.0,1,0
47.18459438544447,1,1,1,70.07055944350174,4.505585022250605,0.8258667910284091,0.5143424919220826,1115.2072570127052,5.673427655880018,2.0,4,1
44.68737742824746,1,1,1,17.940478644625554,5.556150401518973,1.2909913945070235,0.7943962340043372,15681.917034870905,3.7082886761324994,1.0,1,0
46.50424970890127,2,2,1,59.32441351968346,7.715909977612415,0.21355494867742214,0.04529392800386409,20572.618346279458,5.952370277327689,5.0,4,1
1437.6367015093392,1,1,1,10.951100979523972,5.1755826526430875,0.3232254477802991,0.2029857234511986,5278.06353706766,3.578149601777568,1.0,1,0
98.70021379045693,3,1,1,56.02902291426838,4.291794941841006,0.36331205067750716,0.20206383077150472,10483.502506358178,5.167739456514978,1.0,4,1
150.63969063576948,1,1,1,42.78682196468998,3.9429845230537732,3.9023683638480486,1.1428757249540413,25796.171908041306,4.059424425692774,1.0,1,0
71.522307140552,1,2,1,22.769440708905403,2.3168626528923664,1.6147998368152248,0.6812214568122504,32472.754257294197,4.051733088375988,1.0,1,0
503.25871826921406,1,1,1,12.172990186528423,3.615590271744648,3.086780308053536,1.0701922078138608,7567.577300561799,3.6493303443305916,1.0,1,0
39.512964282792794,1,3,1,119.48869565456668,7.222652854769171,0.4195323577943169,0.232942609066793,18809.925050565413,4.118786640344414,1.0,1,1
80.80974574426564,3,3,1,93.17151043638492,19.35193377376617,0.01609218404439116,0.00991565578816804,9126.78159446263,6.794647231710085,3.0,1,1
75.89763340408331,1,1,1,9.044076196776226,2.1799863504617574,1.7153280209757258,0.7113948499000715,20161.803658461125,3.7303259088436103,1.0,1,0
514.3136427143861,1,1,1,33.41778862940249,2.5969842199540394,1.1920126594633587,0.37653202102633626,8523.368118987815,4.330543937075854,1.0,1,0
91.34164948553864,1,1,1,61.14443424277943,11.786798698750287,0.20334859639563627,0.07905982261737032,12245.642584718475,4.540304735110253,1.0,4,1
78.77677989927513,1,1,1,12.866912776016408,8.028306766651422,1.9904645275127113,1.4866310454775586,26946.813549484246,3.1445957579325867,1.0,1,0
57.96768728768907,3,2,1,39.819667451923216,9.68104661296206,0.6263821100329003,0.3018613323224765,3574.6010063606113,4.677569865888303,1.0,2,1
1420.1161984193852,1,1,1,17.253165310664844,5.586811208621701,1.0841114538757888,0.8275034161061171,3550.635370214193,3.681992018452052,1.0,1,0
126.53084792005804,1,3,0,23.710866871039144,2.112092943708198,1.1936190294044258,0.6906352586172999,14183.90810057812,3.513843000511976,1.0,1,0
63.83066840841542,2,1,1,9.55804777332121,2.6991019136204177,0.7059630414179008,0.185650710559652,41271.72580565924,3.099830961562856,1.0,1,0
514.7260853179819,1,1,1,85.63328580647509,2.3555655594200995,3.253239289567663,1.9561725752878116,4057.407624534301,3.2401602558617224,1.0,1,0
1408.106225525708,1,1,1,17.588021450246476,2.988872412059659,2.723027863256816,1.3939552019021348,14737.405917524535,3.7357227204116965,1.0,1,0
54.71938272473173,1,2,1,12.686231287801128,2.6274063193578767,3.237439066922763,1.8994543328276339,23310.386451694987,4.125217797099819,1.0,2,0
511.2053488094689,1,1,1,10.287434191083808,8.631013875525891,1.513471906812845,1.123106265068439,20862.192110162483,3.347016093113004,1.0,1,0
84.89037356004988,2,1,1,48.711592532086065,3.969736898364765,2.851792332411779,1.2667788634000943,27435.86397539353,4.460148254591478,1.0,1,0
67.82729663396812,1,1,1,14.625017812097875,2.66703205501248,2.053151588967679,1.157287523099525,17224.663435065853,3.550899650353204,1.0,1,0
50.54193366045424,1,1,1,63.246506412070325,4.466400682542028,0.6001936890213733,0.3936507412937483,6868.256066212769,5.9421693911496245,1.0,4,1
1425.4071212012714,1,3,1,15.548077297416626,1.9509258318850389,2.390612440271052,1.4050578526955713,4829.0538905307785,3.8226620628408248,1.0,1,0
74.4070096807946,1,1,1,29.7822001146049,4.353641254793768,3.06025638742852,0.6947429828187315,19456.962810469762,3.8313578702256224,1.0,1,0
106.28155808943052,1,1,1,35.06087009641274,4.793314134117645,0.5839429790333197,0.2803080701310789,14764.380401820035,3.5204180863542027,1.0,2,0
55.277838089993665,1,1,1,27.351102261199827,10.548725657547516,4.224801270159942,2.375190625565289,30893.041984929638,3.984432085662164,1.0,1,0
97.25031548377567,1,2,1,65.49391070628519,13.304722035746794,1.3847711722284761,0.8911068235559693,6368.216155700104,5.881193687190987,1.0,1,1
517.9567984959106,1,1,1,11.858112027406044,10.994879267741466,1.01519974081388,0.582642271546065,19790.174253449426,4.138101223972353,1.0,1,0
125.6660256994007,1,1,1,15.791961897744992,6.185632330176193,2.788964756555693,0.7348545159317729,7811.109736489293,4.535325077471729,1.0,1,0
32.734374799149094,1,1,1,46.07758523513844,12.88034500564461,0.7045321215738564,0.1933324055119974,6937.089359429254,4.991572094470044,1.0,2,1
72.61327920763978,2,1,1,42.719430927811125,3.6183334265726548,1.3075553487146236,0.6805538902506716,57113.67458020083,3.204201744740455,1.0,2,0
104.01474615709853,1,3,1,30.42805349941713,5.722646915944921,0.5628371247940674,0.3826831649659015,6573.602131797147,3.487923056830802,1.0,1,0
79.93648092363135,3,2,1,77.76110310083426,5.262420727957907,0.17564472960596078,0.10852128170251141,12237.1255299411,5.83210075175033,3.0,1,1
68.54946447483347,1,2,1,93.08512656990038,12.933028131996348,0.2451928822841502,0.10339514639957335,7827.983123376008,5.521858011296541,1.0,2,1
76.7521467790836,1,2,1,98.66896326975046,12.726214233903168,0.48203562867663413,0.10969389160310937,7701.793289041012,5.590990486879066,1.0,1,1
1434.1588009418385,1,1,1,47.479936958366444,8.451420867222568,0.8598568884207191,0.47322464108379514,23214.149554929125,4.158712659830152,1.0,1,0
522.0837499115136,2,2,1,10.419519463312223,2.0717601894959436,0.6137717871016786,0.4519639083568204,24419.874690816407,3.8803057959543397,1.0,1,0
782.06214517585,1,2,1,49.325038501137264,11.6372568474245,1.0501511249355882,0.33494806425874546,13132.471631110175,5.393105083196674,1.0,8,1
1462.1336380234302,1,1,1,103.84831708470566,12.158034537238215,0.7723625859031736,0.37832636685355325,2739.831762532446,5.297229366921372,3.0,4,1
118.8059759870895,2,1,1,7.689703017472275,7.507596422216754,3.7993318054255143,0.9274790618900333,14978.086305682808,3.322708165114114,1.0,1,0
496.56607261089584,1,1,1,28.249744958410627,17.247503435022637,0.06719969256352382,0.024129235664764923,16230.32547824223,4.151628786169324,1.0,1,0
508.70428614348447,2,1,1,45.37851331239234,6.665441039869116,3.00216599662911,1.5324521648867024,22226.168880636644,2.866552936005865,1.0,1,0
134.5684318356003,2,1,1,18.03725131930139,1.8617576298038387,2.2436424413699356,0.7153269628146575,25298.414906446404,4.189435795633351,1.0,1,0
1425.0382486505018,1,1,1,18.914065254178436,6.845092729515193,0.5713714664572027,0.22284148141041962,14889.720846121052,3.2423788500352626,1.0,1,0
80.11477241068003,1,2,1,33.44731499879773,8.31316378941425,0.4855047891777314,0.22929524275465815,12739.222694825963,3.9597267258303988,1.0,1,0
57.38419098831503,1,1,1,96.1234925499695,13.935285167510976,0.37805530468529214,0.1989070933179074,5272.220334361456,6.437856730586545,1.0,1,1
748.9221749641484,1,1,1,56.62114949886337,10.60781554988289,0.17346796820839683,0.1345750060333785,1503.5612620803604,6.043902970838159,1.0,4,1
744.5056168055611,2,1,1,134.5812167617464,11.104207432102655,1.0933346745020622,0.25689890543158517,17892.929948131536,5.732494720484334,1.0,4,1
144.6295063671582,1,3,1,18.874534314300913,10.609060543952125,0.06269491112013413,0.02791939085661881,35790.028568174326,3.293963250404433,1.0,1,0
77.38352145433973,1,2,1,19.39036271197159,2.820243499619062,0.6978849617113737,0.26128488146941514,21820.35875461033,3.9766281032705075,1.0,1,0
503.2362289795319,1,2,1,18.2868166362502,8.718814682863087,2.642997737252562,1.7729398051816163,20125.97688818175,3.489845315697834,1.0,1,0
57.54716470873818,2,2,1,10.440502750485631,7.269035621279341,0.3596305119777211,0.12500528824499044,6754.169580153364,3.054261060067819,1.0,2,0
62.71949255703316,2,2,1,10.626434680767696,5.708574763626587,0.4557201497481722,0.2848111556501498,7251.144138470598,4.253579700714884,1.0,1,0
69.482164358183,1,1,1,19.6867633081325,2.851009814656059,0.5674222728028843,0.2087523487869831,27203.136580568564,3.959597542442251,1.0,1,0
130.47323191265858,1,1,1,13.514335231711971,2.7138981114598617,0.6332186559592657,0.33501055372331223,10900.72911409267,2.559058174616627,1.0,1,0
56.77242316645266,1,1,1,14.303859945585408,11.442120001951208,0.715952111123533,0.33372263576340394,6418.437410613958,3.4268261450862694,1.0,1,0
93.42212014998293,1,1,1,90.18665602460995,4.861333325474266,0.3426838729442241,0.2562046751357961,8053.3558487097225,6.774950265947766,5.0,2,1
147.80542753268145,1,2,1,12.730193095610133,3.9386401756897897,0.6426830905012004,0.15576290469782803,15855.905340171343,3.499226873419614,1.0,1,0
1408.647142347625,1,1,1,7.452819319471148,3.688570405074764,9.02711495384617,6.43502044930502,18395.11190312613,4.162710374275438,1.0,1,0
1491.1712110519043,2,2,1,91.66003862095879,20.16144781810838,1.0595816426640055,0.7387967708868936,2751.5380112031826,7.330848082152015,2.0,1,1
67.28516800129184,2,1,1,15.72923880110536,2.720830844888602,1.3867712646277706,0.3104391605344599,13242.351938962516,3.726085763527597,1.0,1,0
41.99534163198393,1,1,1,57.01784608681127,8.729482985755313,1.4112504550345844,0.7646945795282639,2824.780710963095,6.076213875515419,2.0,2,1
139.13398569729463,1,1,1,22.646430175905717,6.112950908266785,7.739123655697031,2.287877635287602,4510.517114529386,4.07429489051606,1.0,1,0
77.58926270208845,2,1,1,16.6828145305215,2.94872998178207,0.8248496784443067,0.29195742464441987,28303.694200058264,4.06420711647157,1.0,1,0
64.57965828708267,1,1,1,100.93577349910272,8.753103173791112,0.3962724168216837,0.10678297543503881,9357.01849549359,5.60180224720075,1.0,1,1
64.34930005958878,1,2,1,188.98220462376622,6.576649823715752,0.09526093490661013,0.0516590305339823,2056.586959938878,4.44365862027581,1.0,1,1
68.74198966151224,2,1,1,58.93775353450368,5.059564783923889,1.3400700072022447,1.0036316803668552,3465.3740711044074,5.91258925270726,1.0,2,1
1407.9122250798969,1,1,1,10.896325482227228,9.86183703736786,0.306884557593284,0.22485918118393206,30878.065651820532,3.7275756843573866,1.0,1,0
72.85640151923832,2,2,1,114.17068816700541,5.895082343936783,0.022220209228884884,0.011644395911369053,2496.2827418675033,7.299366524687827,1.0,2,1
63.449284078686354,3,2,1,63.863378673476014,13.845733171750735,0.24872151269154866,0.11838609128341109,12506.908078918475,5.310804027611611,2.0,1,1
78.78414194234716,2,2,0,64.76547199172873,8.618857712379484,0.22444291422972212,0.09923724753096691,8006.195903272574,6.4560649884377295,2.0,1,1
140.10106547601274,1,1,1,32.82345073152664,4.03948189927995,3.874985963885926,2.4502764749669503,22572.84447631242,3.5799588413329415,1.0,1,0
125.79888759739865,2,1,1,25.938648292096072,2.2010435213244413,7.212813895937703,4.63458945135489,13529.908828307332,4.31246191662944,1.0,1,0
54.941057100927964,1,2,1,27.805427494686217,2.035088083438691,0.288262384992493,0.14433291443336987,45475.610053246855,4.126850756746753,1.0,1,0
1425.336921461432,1,2,1,31.806476623254863,2.659366140687487,2.9295773057838703,1.0764860788949489,11681.776499549333,4.5638300393090825,1.0,1,0
116.14395425180179,1,2,1,6.256887886593276,2.0762378787092928,0.6269547660682953,0.24806273336936058,12147.592734856386,4.140370366431364,1.0,1,0
1457.347237407713,2,2,1,54.41470605669428,6.151173479448769,0.1042678626503525,0.06833639084326086,4607.942264589004,5.412037013839615,1.0,4,1
55.450979212306756,1,1,1,19.675319369441667,10.174371501419607,1.6138785018083375,0.43727024136066406,18408.253071361807,3.357247496263927,1.0,1,0
76.8691815109334,1,1,1,44.19532679310438,10.529616106265717,0.04365483791766854,0.033246455437863996,10506.026200775492,6.993574058798109,3.0,4,1
65.20326260179569,1,1,1,7.961309381998976,2.1030264515327683,0.7813251148034032,0.5735583724452528,8638.516403783367,3.5571035155322863,1.0,1,0
525.3356523381107,1,1,1,9.736778798779625,14.620855898875638,0.4371634296930953,0.24598643030531628,15060.71307044304,3.349653476727273,1.0,1,0
1429.773206144487,1,1,1,31.575627905232746,2.014310978756113,0.06322916381275359,0.020745621710208124,13267.52362456785,3.6807217399638676,1.0,1,0
531.8633968276337,1,1,1,12.940036891302531,2.7812221163882516,1.1134998635495241,0.616109708807584,24031.41779597684,4.223699666776585,1.0,1,0
49.79218955753058,1,1,1,11.554195445154585,6.492674221910075,1.2776982097872374,0.7063804390948356,12982.59228019106,3.6407264915932434,1.0,1,0
1467.8342606845426,2,2,1,76.38287094471936,17.706012788899987,1.0901309131371746,0.32904347281404017,20692.1584872778,6.129117930710396,2.0,8,1
1454.4344901055374,1,3,1,112.29923450688342,10.148486265437631,1.1846625962540946,0.6282683777736842,4507.251834274019,5.387390311484648,1.0,4,1
137.4047068349488,1,3,1,26.419400934504658,2.562591589138487,2.860080699511653,1.4686269081176508,19825.83442264646,3.719570021297869,1.0,1,0
61.12729075517979,1,1,1,36.223682472359016,16.640794699554604,1.9083066310378618,0.6718671865661567,10375.667502514712,4.130544321800296,1.0,1,0
734.7858061426666,1,2,1,66.5638854512188,8.2012069041654,0.8521323228260271,0.5827668332810839,9093.211708696881,5.8061436019587624,3.0,1,1
534.5826057538259,1,3,1,17.65265393465999,5.046198957839756,0.45970357930720906,0.12437377594765184,10567.12283974603,3.5568030432822946,1.0,1,0
123.74863397963577,1,1,1,17.711505224232734,5.840783954907115,2.4891920328775945,1.8314388247956723,7770.307347557857,3.5870733713311127,1.0,1,0
1421.2188390211295,1,1,0,30.2421660941204,6.592975423518513,2.499443362743045,1.481165686433316,33711.04594684415,3.2534267895465803,1.0,1,0
68.33078394440284,1,2,1,106.04221659582939,2.3046363871478532,0.9624127498421237,0.19716951604971297,6238.576958447339,5.734786169621163,1.0,2,1
773.8555349544439,2,2,1,62.57577207052037,17.14647270207493,0.6641560901663252,0.2859509652176474,7814.787757738925,5.825778959845224,1.0,4,1
1430.8992301696808,1,1,1,22.132727079376256,2.785736426132127,0.724048916315752,0.2725777091890253,15789.419849815346,4.078961529401406,1.0,1,0
125.65672470856548,1,2,1,13.899970018482367,2.096886602109969,0.9796408639405019,0.577659576878411,26752.11294650391,3.7833890995683905,1.0,1,0
49.46170738669108,1,1,1,22.7254334342669,13.669395877571677,0.5559070576694385,0.29493045069137114,11105.936526102843,3.383883611850702,1.0,1,0
116.15843310391364,1,1,1,22.300012200255722,3.79563482644619,2.643146214315621,1.6995316967597023,19870.03542087824,3.6936353142550797,1.0,1,0
59.74079937929124,1,1,1,19.41740278801931,6.636367315323625,1.7254873176429861,0.39424728454585345,21457.559888968703,3.6937853480707523,1.0,1,0
519.0848808476222,1,2,1,37.925391328428354,6.202338215165165,2.0074690185967743,1.0209170220734733,16667.034698616673,4.327789192504225,1.0,2,0
127.84181648564642,1,1,1,22.258284796654713,5.618119561855779,1.9697069796576607,1.5585749614712519,14249.810249899443,3.5955628164598243,1.0,1,0
1410.6072294588544,1,1,1,59.51643416847165,2.1686533409886266,2.615414837624047,1.941900773803086,13747.702783502533,3.34917966779953,1.0,1,0
38.80755949897667,1,1,1,82.48292411171747,14.907281778716026,0.20057639443842387,0.10385021288175632,4081.4526236004117,5.568782452445665,2.0,1,1
66.2685939688635,1,1,1,6.120901261546111,4.6800311774804655,2.3336664320257317,1.361140556395228,34853.04784436624,4.088538746065248,1.0,2,0
1405.7331737189238,1,1,1,12.67508409474342,4.530918315769655,1.0981315577169584,0.711911250068835,22021.213521537822,3.752446054657297,1.0,1,0
776.6499189940896,1,1,1,89.62690795275533,10.7338170305338,0.10873054314927998,0.03983435558238897,3272.334365152677,5.483756062157894,2.0,1,1
66.12063519782322,1,3,0,60.48622002931754,7.089388432977353,0.15714827121850605,0.12103533737050579,10051.62602704534,5.723950480375161,3.0,1,1
126.99024774264065,1,3,1,9.972258861559121,8.701721892661942,0.1626609888407749,0.10266520518937278,6828.046216671368,4.2305905502391745,1.0,1,0
134.4453394791153,1,2,1,39.77919882953297,5.4977156970632075,0.18719744889738787,0.07725110716246286,28488.705000753573,3.668374319005962,1.0,1,0
72.80953687883661,1,2,1,99.55156031474898,6.885521859729819,0.8022289220820157,0.33005843996618756,5598.529076891151,6.4705125160238826,1.0,1,1
1405.74082239416,1,3,1,24.473367535482495,2.99823586523672,0.7018985162117136,0.14403458337430888,7226.265583582551,3.9392726994924177,1.0,1,0
50.1541657234215,2,1,1,22.37961758353529,5.90985703207622,0.9406483558689024,0.5008239496802781,12651.933685592316,3.7826219373758914,1.0,1,0
71.15816438161548,2,2,1,12.503863529435122,2.4586571201678638,2.7071080225364597,0.812774987329214,17344.007778480674,4.249455473627268,1.0,1,0
84.20920793146522,1,1,1,26.673494181468758,2.5590415402516715,2.347387068306267,0.478806166372758,33293.93053337915,4.067423512785305,1.0,1,0
741.1023985710184,1,1,0,48.91269330535264,20.698580823546955,0.868782252253809,0.5807373650306275,23184.612865017607,6.513671286528124,5.0,1,1
139.9591433012845,1,1,1,12.340030953985249,5.561982909124378,0.5762540875536186,0.13005613858409748,14292.299264948026,3.1188556050556273,1.0,1,0
751.0885131972668,2,2,1,143.82437377327463,9.690941646201743,0.4751079563892049,0.27326608623941345,5293.688711010658,5.695488247121732,1.0,2,1
51.37421504804067,1,1,1,29.550769131584673,8.927924487459943,1.9490353130398304,0.9283053598756346,20015.58568042401,3.278461110892146,1.0,1,0
88.55907884728849,1,1,1,21.497910585496903,2.174953758763171,9.474846034135625,6.4989086185462694,22671.39107296031,4.357584920599949,1.0,1,0
49.54164143905925,2,1,1,115.16906111002977,9.579407655347257,0.21806021334925715,0.15990002345802298,1699.2767306499827,4.227400272010609,1.0,1,1
65.39432754339074,1,1,1,8.350348657960378,9.860776630422496,1.093577522117678,0.5507312268132813,15331.837481546756,3.920860709621954,1.0,1,0
1404.1308637539526,1,1,1,20.870752235765767,5.6102059052680815,0.8579458496640867,0.5321431175683716,19402.099079960728,3.7413128046817508,1.0,1,0
65.71033667292244,1,1,1,21.578839738080358,7.492803992913848,1.2575714208905386,0.5315318499772766,20835.43256876033,3.604350665677302,1.0,1,0
86.06174359740795,1,1,0,80.20395626923413,18.431033593636307,0.7592224824835687,0.47884353264340385,2166.9579353791037,4.759485575028744,2.0,2,1
75.53739071866187,1,1,1,16.654937329165378,5.963894641168303,1.10595035885452,0.399041452937248,12953.84676818387,3.736879461875696,1.0,1,0
60.44967969831974,1,1,1,19.30866982360832,2.309622455819776,1.0235983612877997,0.4174140461711177,16873.62406181891,4.206273821854781,1.0,1,0
70.01518374883032,1,1,1,13.137740686806705,4.210524801585035,0.582703186326831,0.2876796599431874,11598.118099485875,3.6496426543995697,1.0,2,0
1429.844601617832,1,1,1,43.83663277234891,3.6471612916848906,0.6318598697458203,0.2590461250756145,9220.18261619659,3.979267187970085,1.0,1,0
42.07998688621701,1,1,1,100.5754015555987,5.616915143675259,0.08526288299677949,0.03821138351943695,11090.139005851097,5.358444516262172,3.0,4,1
57.79776418236719,1,3,1,10.443035699549426,5.402529897493722,2.2967392074357247,1.4192515772020713,18258.163357117646,3.708251232069605,1.0,2,0
83.82706044572274,1,1,1,53.26520263264325,8.853121944228127,0.6568945531109608,0.4927756862821026,20662.01291191911,3.9130310725749586,1.0,1,0
80.85292611419027,1,3,1,118.34642416672595,16.91631405395323,0.7671725320073708,0.3915392725736643,6520.9190210810075,6.551018680463782,1.0,2,1
517.8541667873701,1,1,1,12.49550624835148,3.6109250609997225,0.1402518565056635,0.04977232157709251,7011.476152381507,4.232390464452225,1.0,1,0
35.31804833578785,1,1,1,70.98686420963249,15.841738395412497,0.07183396676399544,0.05721395299528128,6656.769277954796,5.455004921765101,1.0,1,1
100.00978109970151,2,1,1,17.667502836116668,4.683317153946586,0.3191775625431651,0.1436804356817716,39879.822735331996,3.726383845527797,1.0,2,0
1439.900934775243,3,2,1,54.97422216400157,14.845226414658548,0.31218273785027795,0.2121791871188655,3425.0762250589682,5.677666304902014,2.0,1,1
517.1098768389619,1,1,1,52.51185352912893,4.907099955901429,1.5410824074164922,0.8362855905998156,20267.622348658773,3.7410295175169788,1.0,1,0
124.11933725989877,1,1,1,23.515100671184744,4.326813920036884,0.9969498343610763,0.2798071454278339,6504.215939531832,4.221827145410181,1.0,1,0
539.1222266962093,1,1,1,39.24754331344082,2.6839418751241753,0.9669386446961936,0.32799858272494226,8143.079309178876,3.77663630570392,1.0,1,0
70.99878548591319,1,1,1,7.69960513319076,5.921967954669123,0.7316192752525135,0.5648768034807701,13445.381241214813,3.9473051665312258,1.0,1,0
515.176923034188,1,1,0,10.450509211329056,1.9341058783807645,3.7586418802591335,1.404832427446418,13084.17344174734,3.439442919683803,1.0,1,0
124.39438172556049,2,1,1,17.018753602783786,5.929884650199084,0.7410392451584091,0.3861746335916763,30130.75346205075,3.6626415898796805,1.0,1,0
144.38596207675698,1,1,1,19.21421790215703,2.7263383272830253,2.2165161213714075,1.3019321536773931,16346.576185525653,2.8232273992957193,1.0,1,0
66.65842131837032,1,1,1,13.509629590182893,5.593129827797492,0.7395077631832201,0.5349021354556867,11010.57064923875,3.6058771647998045,1.0,1,0
1414.8834086935901,1,1,1,9.974913465235447,2.090869731928822,0.6869074889835202,0.4160087293961419,11979.991487428475,4.4636492610177685,1.0,2,0
122.94074929207196,1,1,1,9.345095731430398,7.95625622794865,3.7913166211711395,1.0162225372170755,9121.393705720595,3.6662209458053576,1.0,1,0
140.101194219405,1,1,1,16.038402321873672,2.2212241834103987,2.3637598640798405,1.5554082107589997,11714.70943405365,3.145007705463808,1.0,1,0
1429.7907564291986,1,1,1,14.624923096949223,10.156696454824214,1.0155635917698234,0.6196635638840453,11794.539044611452,3.9148409711538372,1.0,1,0
756.2621920964665,1,1,1,101.77748948687733,8.577798148735742,0.46183276861053624,0.16768907451024875,3226.8198494055896,5.497035127964612,3.0,2,1
65.32669100271139,2,3,1,87.75292572805321,20.075297437529617,0.36164553069583394,0.18554255507876366,849.5174756365464,5.902293045804534,1.0,2,1
142.56355817472772,2,2,1,21.84596393909328,4.4771963395099075,0.500594397883358,0.2690571561059629,10170.538545406283,3.120615204670643,1.0,1,0
119.33349614998549,1,1,1,17.82878414700909,5.481576965677434,4.386816945032702,1.4305272417479213,25411.716780226125,3.4127914376305757,1.0,1,0
1401.9605532950875,1,1,0,14.288014253732403,2.9267403648826913,0.7925470441624597,0.19480187300592683,8770.66991671967,3.716312380324718,1.0,1,0
527.5080766518115,1,1,1,17.65337013790883,2.1879226609570477,1.7986062374265859,0.7496957786225924,11081.832486389576,3.8986132535849625,1.0,1,0
72.58798867622568,2,1,1,12.461651889897924,1.8586831267846677,0.5550503275998581,0.17515670631100386,6823.126947367679,3.254694647319223,1.0,1,0
493.21461017847366,1,2,1,18.242041952869783,11.09375772331622,0.7639133756835151,0.37914691265425154,9083.641120769638,3.8407175140929715,1.0,1,0
542.5387107355976,1,1,1,20.99350393174236,14.316575088778244,0.41879643626681035,0.09895164728902842,7529.87920595385,4.2190744217854785,1.0,2,0
67.16680713240815,1,1,1,15.513573090526508,2.113022848465571,0.7633308910320852,0.25001472201693536,22291.642792513925,3.551560211923665,1.0,1,0
43.94859988267743,1,1,1,15.888519986057997,2.5550379172841042,0.08677782371939355,0.04564708608900309,7638.61295176363,3.6430591844045344,1.0,1,0
72.12962409109188,1,1,1,12.143212069280759,4.142162365088517,1.0422656731818463,0.2324347965394098,3340.376236762842,3.411709749161173,1.0,1,0
513.1536374943914,2,2,1,37.73798439134232,6.7941814070453095,0.3790780333892703,0.10892181661769666,14551.540592936615,3.342228559955288,1.0,1,0
515.0663173285477,1,1,1,5.470126628707678,5.436647317880182,0.05125607297470131,0.01675128573470746,30865.885228755553,3.361792802027006,1.0,1,0
124.31619121907814,1,1,1,17.333572679860318,2.6052276269472636,1.1709232504650058,0.7793544769681315,8778.891497789567,3.739362056148181,1.0,1,0
62.105754038412016,1,1,1,20.320777849066,2.953992869263562,2.9752868759110234,2.378493995455158,6322.57345496594,3.7785178784572464,1.0,1,0
728.3983459068522,2,2,1,76.94655043622937,8.973557069109084,1.2720779739480557,0.8148838322274682,8460.216322770815,5.330272323954189,1.0,8,1
123.43533968216695,1,1,1,25.569870214609676,2.79647170941819,2.9108810639450464,2.200336471200702,9573.791148312257,3.658648669733006,1.0,1,0
1431.0707600522758,1,1,1,18.79393053546127,8.647055830643144,0.32844069787726166,0.20900291673682422,24826.237173651505,3.951861127267975,1.0,1,0
524.8685594753466,1,1,1,15.852104778394416,2.9186749739298747,1.9581278309128491,0.9451222798226337,3993.903415117221,3.122951909907158,1.0,1,0
74.47116517196523,1,3,1,160.4170062949248,14.426525903325228,0.3154326593997985,0.1505991320307763,19819.18336387293,5.394873190148394,2.0,2,1
58.859466560232,1,1,1,59.45174272573502,8.257433264450695,0.07182650002723705,0.020128773207171328,9696.202812216188,7.155426495729038,3.0,1,1
67.40784391960055,1,1,1,9.005103402850086,2.211914442384825,0.39961112548892336,0.11871677915589213,26874.244748349203,3.998245878344024,1.0,1,0
70.76512253436972,2,2,1,77.70941055759906,11.54783687648466,0.32905605428029366,0.2393092841148156,11682.62157294618,4.536010146060121,2.0,1,1
33.54551883077762,1,1,1,136.5372977940375,2.310355092450921,0.14584200934856564,0.03236545986128724,7616.819158824821,4.292541064647362,1.0,4,1
142.17788077392498,1,2,1,27.91911804929437,2.15994034179486,1.004767493296894,0.3472310383581359,24213.90411911108,4.105396410440008,1.0,1,0
524.6059323078557,1,1,1,10.318053268533179,11.270207167807074,1.382845711118536,0.48859597938784577,24955.23622064585,3.567816746652198,1.0,1,0
72.16078714239369,1,3,1,47.98166964275961,9.773886786327429,0.08446943728276711,0.026618804791129904,9068.37698155007,4.50169519992567,1.0,4,1
69.18806500086109,1,3,1,5.551877661606178,4.2990323752680295,0.17384953847915505,0.07309572607303504,18854.519067327572,4.190632800293277,1.0,1,0
100.69038463443076,2,2,1,56.996908820025126,9.31499179295072,0.7075775413120637,0.3177709942666862,4056.071879278095,6.162849610538224,2.0,8,1
68.47486572001823,1,2,0,122.93438753768304,12.919228775613483,0.8155799274025608,0.6402278540089665,2837.2704624258863,5.676182835564367,1.0,4,1
59.36201911481808,1,2,1,16.689822280856404,4.965390822459703,1.9119391706591025,0.41429347112060727,19291.04787811269,3.764904436178024,1.0,1,0
44.8028584045713,1,2,1,55.35199330865649,9.251229644101102,0.7731148381002523,0.19483330151896858,5739.489407998522,5.0446734304707235,1.0,1,1
25.194014463918442,1,1,1,56.391542739289335,10.039652546858829,1.2115073163053112,0.8994377133882647,3499.151407178351,5.128887610722548,2.0,1,1
61.0125663896254,1,1,1,21.779954027864,4.594933507494813,0.24517188644766363,0.18990735422531727,27658.905971860055,2.979021822900253,1.0,2,0
134.6847639915292,1,3,1,17.767658566569324,6.9027055831860284,0.7125039614602466,0.374167580560259,16287.284525256364,4.1378010272203625,1.0,1,0
42.65929793467936,1,1,1,123.72289810136674,4.767227186129927,0.5615302509011073,0.18661963443927762,5180.911498014927,6.768028046095905,1.0,2,1
116.5412905399221,1,1,1,24.3523576241007,4.858580217007231,1.7666572408525556,1.3297952030535787,9422.850125320338,4.115133942058119,1.0,2,0
95.18372595466428,1,2,1,105.5092652907339,5.768905565248606,1.7413530966063013,0.9073167390597235,2399.5416290506164,4.973434771773749,2.0,4,1
68.96513860157307,1,1,1,31.361191215109955,2.7278108243098584,0.3239809695893484,0.15539749264566372,17825.924744327647,3.904499992409792,1.0,1,0
63.26789181811839,1,1,1,43.45857873882117,9.362060491427451,0.6606100155093957,0.1994816722952606,15221.485149652462,3.7354827465350633,1.0,1,0
124.96458763069617,1,1,1,18.302045231048833,6.626145946086115,0.5548001812426643,0.4221634900155489,8894.938182088248,3.403536034780162,1.0,1,0
132.20863645383085,1,1,1,15.568292225030527,4.233120393906296,1.32910447139228,1.0373871902368907,26149.913645904067,3.714309623162633,1.0,1,0
530.9165765452019,1,1,1,12.761419905264317,4.894351792013396,0.374280738791901,0.20304478438370355,8717.11711917343,4.000517429971352,1.0,1,0
62.93000138294237,1,1,0,28.855172414662146,4.512715633259244,1.2015009573835114,0.8549834535716229,16920.84425446669,3.207849937630551,1.0,1,0
1429.6143602261477,1,1,1,19.349078988352005,4.928724513682522,0.4754544181501471,0.0961000410395372,31193.299694175337,4.783302673528535,1.0,1,0
54.16032670970605,1,1,1,34.13000899874829,2.278765764829735,0.05597815086057046,0.039534631996559384,14215.782773419623,3.906813404966092,1.0,1,0
141.1626510771788,1,2,1,18.590372645166795,8.318448314072203,0.3197544231875455,0.07087670622873325,5788.299145658205,2.9689405002509908,1.0,1,0
130.9246414280079,1,1,1,11.805971629848154,2.1984422674709694,0.44564233120298047,0.1082328369056671,12112.410151813876,3.6659759079393526,1.0,1,0
510.83993811709905,1,1,1,14.48781389148732,2.395173940186834,2.181279059334221,1.0434869234317798,13349.655574262348,4.310693594648426,1.0,1,0
123.8060483654786,1,2,0,19.679250416046855,6.696824876987513,6.148035062006993,1.4548120033242153,18256.922232574754,4.019629365965244,1.0,1,0
144.6206415992567,1,1,1,3.8196745048753327,2.5880723401682877,1.9486258798286007,0.7771453158991781,8944.515800167268,3.766345297882577,1.0,2,0
1406.8654024229563,1,3,1,9.71848756735848,7.058047411454992,1.338844355834204,0.9506253830263813,32460.14779495552,3.7113793941378996,1.0,1,0
131.07104032700545,1,3,1,34.023734613377954,2.474349149568361,1.6525739287358663,0.9953154191478683,15503.769942949846,4.4179577337822025,1.0,2,0
504.37334732373233,1,1,1,26.145002514804617,1.8753803070449475,0.31924265448561523,0.12350286524302397,19961.535911815474,3.8672604354015623,1.0,2,0
44.66408494193596,1,1,1,12.763067251563966,2.4355184158963583,5.694179032139659,4.412676297980711,26428.486555360785,3.729388669220526,1.0,1,0
60.09997893854014,1,1,1,8.71007123909679,7.830268954519167,1.3457304254091496,0.6113201838315572,18671.578638421503,3.8390991449828555,1.0,1,0
1407.4317052284307,1,1,1,13.086543569442776,7.347725631441248,4.366337438669987,0.9149612184124765,26257.66180680638,4.218943246081595,1.0,1,0
528.39695195477,1,1,1,17.936652305051968,5.6186811728993415,0.5395319094472969,0.4235426468542615,14686.435270511734,4.2021435791293165,1.0,1,0
1473.2940969584704,1,3,1,58.78510995427363,17.287992912794707,0.14070212168222826,0.11139939264045536,10190.838322940825,7.5,1.0,2,1
72.28135920479991,1,1,1,17.70467032356666,8.939444001476133,0.7607712699419606,0.41635480252009,25154.412633964675,3.7375681401565934,1.0,1,0
1439.6672615385123,2,1,1,10.980987234138446,2.25522177112701,7.03228253716826,2.9153916111561773,16342.883041034635,3.5410009986749964,1.0,2,0
32.79861448285781,2,2,0,66.92568775576876,22.89351889406702,0.059583698340945956,0.043152675212195936,7222.941765491079,4.707133905585615,1.0,2,1
490.2672127652114,2,1,1,34.4986138286398,2.2687962825566244,0.4968739730542838,0.22364661107898684,14052.364790675481,3.2692746415167067,1.0,1,0
58.01377630982185,1,1,1,25.328592921180903,11.447169188639766,1.7981585245198985,1.17116198249058,4978.862896616229,3.306288188064985,1.0,1,0
146.19120141486232,1,1,1,10.347221393792156,2.9292424209465047,0.08164812473099241,0.02035286105362922,56921.706475108964,3.9180005897082495,1.0,2,0
153.01080074914015,2,1,1,10.863903289231986,2.52755853408328,0.5795957195757694,0.26319515026865575,18002.91244079659,3.224910031291084,1.0,1,0
131.1200005739911,1,3,1,19.06841629475953,2.074722469064096,0.8736222518085621,0.24761099383909072,21313.740003722156,4.308361161716768,1.0,1,0
151.80183486955843,2,1,1,30.672401997140664,11.08520370033486,0.9488812173781147,0.33372867571744874,14488.732487055955,3.302076074833731,1.0,1,0
1426.8781402713605,1,2,1,7.797200027810408,2.5566294571273676,0.9829753124908546,0.21997734163448177,17919.584828986357,3.0376086191976626,1.0,1,0
72.28319205237354,1,2,1,165.86292149651678,18.486721859263035,0.2055450363646304,0.06110437292215889,19467.25034490477,5.855152488393673,3.0,2,1
118.28122156303482,1,1,1,11.176349964127516,2.80078671952675,0.30985169746555463,0.2122733566420362,28366.19819540724,3.698614688441048,1.0,1,0
82.16825108440108,1,1,1,52.13942700250613,23.945006198078886,0.10749627685314511,0.057265498180811586,9776.20238735345,5.775554934070414,3.0,2,1
512.6949351581401,1,1,1,14.334250403080066,3.882457058913349,0.3146200723588065,0.1774903420953452,10306.361179050922,4.755052750784641,1.0,1,0
119.41727294746988,1,1,1,43.32810604390601,2.4797180313658345,2.0233468579102016,1.0612644200868324,12850.08752440588,4.117587164595232,1.0,1,0
1419.0251703159463,1,2,1,16.717314858068562,4.456491129025887,1.090291957385191,0.585907760385888,23295.11794151485,4.29263464847659,1.0,1,0
126.7380877435601,2,1,1,7.367787150272228,4.542036182665148,2.5572399875552936,0.5225941402249744,7567.975492076802,3.817643549004753,1.0,1,0
62.40580438927251,1,1,1,15.867604938631546,2.8399729134519998,1.4587984192791774,1.1198671486378706,9814.963929092968,4.338893825980852,1.0,2,0
130.47438364166513,1,1,1,23.09376402162024,4.5090080717158,0.438748321722244,0.30764458521742316,15242.505710154368,3.6903948277977805,1.0,1,0
503.5432388323146,1,3,1,18.358884922520048,8.241734949158005,5.482786165539145,4.207233146328336,6523.650363815356,3.6998835182399947,1.0,1,0
68.10514732004265,1,2,0,19.08033274992204,12.112881614082687,0.7770520601821577,0.5388050195601248,11044.130341251343,3.99238460403768,1.0,1,0
71.34839905958734,1,3,1,88.53082156979008,23.474018230551984,0.02772641854513804,0.016117618315350916,5532.62779734092,4.90361953206914,3.0,2,1
57.990186134824505,1,1,1,14.706606412852928,2.7238702998474036,1.675290761263547,0.5540703849802866,2065.6560265428193,4.0632855771019525,1.0,1,0
77.62147487892689,1,1,1,21.99183829384704,7.689009982561556,0.11806966090789645,0.03776397372836808,14141.643099437277,4.163871852874987,1.0,1,0
749.7610931652323,1,3,1,118.81581734020547,12.085189557702362,0.1685755149046346,0.1313644797415926,4732.314462176377,5.936553374034095,1.0,4,1
101.13410958044244,1,1,1,12.006168868609544,5.345396602334999,2.6147122925957667,2.027898986072965,5607.496585617452,4.534467368310437,1.0,1,0
44.586125664858926,1,1,1,135.01204954648628,11.122233908510978,0.5376671053299397,0.11160243631029274,15800.66018074488,6.442571466179911,3.0,2,1
58.11247502851632,1,1,1,8.029518920758687,4.2861966328695,0.30909500101273385,0.062198724141673385,12541.482302288596,4.248868424098666,1.0,1,0
71.04619743019529,2,1,1,8.55293056730878,3.9515447478363623,3.3397366498309276,1.7328539390328643,11693.125812131715,2.822332400049607,1.0,1,0
511.4356765192682,1,1,1,29.327404574915967,6.867670373486948,1.7777470395443495,0.49978191847849956,4205.568221433297,4.276724437370454,1.0,1,0
70.29010008277952,1,2,1,112.78366359862642,19.25489761786905,0.021730078283826088,0.004810207622950175,9053.480644795478,4.114983807868682,2.0,1,1
