packet_length,protocol_encoding,dst_port_class,src_port_ephemeral,event_rate_1m,burst_rate_10s,inter_arrival_mean,inter_arrival_std,packet_size_variance,payload_entropy,unique_dst_ips,unique_dst_ports,label
58.12744178743868,1,1,1,2.9197293681681344,1,2.5930086419654357,1.6897520335710035,25410.749279676984,3.4836320896989683,1.0,1,0
128.61261697564728,1,3,1,3.7200445762630268,2,0.6001697004380769,0.39430874672364974,11608.529571819274,4.0115794809683525,1.0,1,0
69.53178160650573,1,3,1,13.893969564240326,1,0.28975455046858656,0.19217946707838424,23302.26016422529,2.8340205155870026,1.0,1,0
52.63895056188291,1,1,1,3.5432993631489187,1,2.5156087274394467,2.274947516016209,6712.71909219602,3.1965668938159277,1.0,1,0
520.3416282500004,1,1,1,6.235682574378129,1,2.052919086901731,1.7530353325551777,23868.826538948546,4.003507897441889,1.0,1,0
132.43225012247274,1,1,1,10.065543208008405,2,0.9068116156051669,0.787700921832646,16930.073934138316,3.834089476752893,1.0,1,0
514.9068881650873,1,1,1,3.1455198228759107,2,4.410788898303933,5.950872615777808,31230.920839286,3.5948546345951375,1.0,1,0
62.49844810862486,1,1,1,4.848511667881616,1,8.577647486132049,10.711187292476893,47069.64369513554,3.966738595304859,1.0,1,0
60.42676166355107,2,1,0,8.818528955635216,1,0.4045588825858386,0.5444924816414409,30528.285904231932,3.9896270498558555,1.0,1,0
122.18268672188724,1,1,0,7.106714986948709,1,1.5073875247726765,1.4568728768468988,34434.20972875628,4.590880789615727,1.0,1,0
137.35992969362482,1,1,1,4.960608582288171,2,7.563026133947088,10.665155750536282,16040.536043731021,3.356708979151957,1.0,2,0
1445.1664116677916,1,1,1,4.767482218397101,2,4.245961353208774,3.0254286202228404,14780.461726714444,4.350033630078104,1.0,1,0
70.7745308610542,1,1,1,3.2263346193286844,4,1.3491051669797651,1.0374459632725301,21291.30847760189,3.7342376253851457,1.0,1,0
70.15685583712508,1,1,1,17.56755040152025,7,2.1462236366069005,1.032091421290281,2304.749349765877,5.955507614499414,1.0,2,1
72.62690400967871,1,1,1,15.696909088407848,1,20.102282484773543,14.8920264376287,7842.217384983473,4.446198121474065,1.0,1,0
118.59018090840893,1,3,1,6.685863281896493,3,4.832995781721563,6.3286993568002545,26720.686459145963,3.4779258984594152,1.0,1,0
77.45010819598029,1,2,1,10.030316390622842,2,0.22340619009966872,0.23799786113881075,21071.688661412656,3.6727446316575145,1.0,1,0
69.41652651838875,1,2,1,2.2035831672573316,1,0.8886960735840154,0.9070961465763396,28899.189711721156,2.9752938139691563,1.0,2,0
511.64697849437914,1,1,1,17.59744221780893,2,2.3339713000652287,2.5762870179907984,53437.75751218255,4.479388767983892,1.0,1,0
112.06897483936434,1,2,1,5.755714931316271,1,4.303493323212111,6.087080263524816,39372.16992230551,3.8295884465719108,1.0,1,0
64.36236148791987,1,2,1,4.586957412799098,1,1.6762082355217023,1.9482820367317286,9752.462505245907,4.637410492894776,1.0,1,0
128.19709387344,1,1,1,3.347526465512253,1,1.0254584767819666,1.187959654411012,22366.256698832814,3.7248002530400988,1.0,1,0
126.50070108662578,2,1,1,4.687119454730821,3,3.8650466829416215,5.270310028165905,15796.74283801844,3.775061173579461,1.0,1,0
123.43232354728794,1,1,1,5.8613927521409135,2,0.5854992879646413,0.5683858031283664,29664.54012399218,4.010239859422447,1.0,1,0
130.9275010840268,2,2,1,5.197422000832978,1,3.606218491057092,5.277825059657506,20445.10000552609,4.262463588732994,1.0,1,0
1427.1777617032749,1,1,1,2.5409451268057475,4,1.281529987622277,1.6398370320187872,20935.909364763305,4.178981889102071,1.0,1,0
39.508360594290565,1,2,1,19.845028826155843,7,1.426113301621167,0.8264619820613585,9081.291679502587,5.98163562999307,1.0,2,1
77.32779802500501,2,1,1,7.871835739985966,1,5.757318526671819,6.685287650328943,39630.76733070344,3.9870063651261356,1.0,1,0
133.13430696472363,1,1,1,2.8326395978090733,1,2.384111442936416,3.256336602067753,9166.101329977822,4.028108243400547,1.0,1,0
47.55295492014062,1,2,1,4.9192713979671066,1,5.97537765603357,6.22579067921998,12461.745532402241,3.8854228819193195,1.0,1,0
133.4865038122196,2,1,1,4.427122767053925,1,13.63116176946421,16.99237386241656,22247.32391577931,3.9401649199248365,1.0,1,0
71.31549934083445,2,1,1,8.363785021717764,1,1.708065287116996,1.6210996350188656,7619.304409221431,3.3732938642839563,1.0,2,0
31.822206584583792,2,2,0,29.7998495242055,6,0.27366800846028183,0.11328527932819826,12278.710493180004,6.937645574789952,1.0,2,1
1420.4596999975365,1,1,1,5.249004964100289,1,1.5778754305349216,1.5336513723875507,44893.517209059915,3.717845272645065,1.0,1,0
128.34538974959975,1,1,1,3.741506068318817,1,0.8243579372381498,0.5303034657297894,21231.559882538342,4.367633742725934,1.0,1,0
70.86837154336759,1,1,1,5.902877024640248,3,1.7015804010300113,1.3498462552085837,15022.20539132105,4.093066108759746,1.0,1,0
133.19413749344238,2,1,1,3.285230158824351,2,2.226843388550367,1.735083843491905,18601.26478265546,3.9287918267201944,1.0,2,0
1418.5620394117836,1,1,1,5.667854667061207,4,3.3209015629790035,4.964880804965366,13917.847892185064,3.323834007798942,1.0,1,0
506.64928060237855,1,3,1,6.604416345726169,5,0.7500284218056731,0.6988212110434071,12074.194393840668,3.6330412270628627,1.0,1,0
1421.8950821452104,1,1,0,4.138978135031815,1,3.290205924782381,4.53706897775412,18736.166785814552,3.138601501833551,1.0,1,0
102.50301818688321,2,2,1,26.109295012534186,9,0.6735856832064392,0.324391841720612,4029.3314492040454,5.240118483943422,2.0,8,1
75.95820178462046,1,1,1,5.065121551177225,5,3.4653572913180226,2.245562167895091,44270.65243712477,4.336302149351527,1.0,2,0
1430.8630690782486,1,3,1,4.273165203400079,1,1.6594250991896928,1.0714528924881987,31842.52734747319,3.870667076372134,1.0,1,0
80.58706240984401,1,1,1,2.433051559131643,2,4.203608734416147,5.299803531746592,14401.106352906816,3.387387808403455,1.0,1,0
509.71686536274876,1,3,1,10.42187921846463,2,13.109669000604436,17.757159969982226,23518.52708660332,3.720242623278225,1.0,1,0
1407.4175643248461,1,1,1,11.600561587069295,1,7.26079854372672,7.3638366776186,3600.8664163311964,4.397503873872045,1.0,1,0
145.97604076507554,1,1,1,12.369142266521134,1,6.267904840837628,4.0718568849489465,7134.844230400009,4.141847799327881,1.0,1,0
515.2847991456068,1,1,1,2.063693110342901,3,1.6365614187286401,1.1197605017012704,5829.023460568391,3.961786806092315,1.0,1,0
522.6835184357501,1,1,1,10.628794966579584,4,3.103115587650784,1.9343214912229394,22410.404019734106,3.655345771516382,1.0,1,0
136.64996929297558,1,2,1,5.298996721411456,2,1.7546142318213576,1.355008266575566,16395.019852107056,4.383939713794762,1.0,1,0
506.59502371553384,2,1,1,2.1095828994164814,1,5.8070583324704,5.691731077152916,31876.51356940113,4.064555247936853,1.0,1,0
54.237303192967715,1,1,1,3.9024644446342682,2,0.5690471801418397,0.7961804627842654,4886.876065645234,3.804215940376235,1.0,1,0
512.4152758618527,1,1,1,3.7697370269222445,1,1.377313994179863,1.6763096114106952,15790.358492544894,4.3109197111071005,1.0,1,0
110.63548602758797,1,2,1,6.107365035273568,1,19.107134495922438,27.40995970456665,20697.19402305559,3.5917008903013072,1.0,2,0
79.1831399566286,1,3,1,9.93815661420646,1,1.185833068294667,0.996511644166287,24814.271959923786,3.519257707292505,1.0,1,0
70.38860776974327,1,1,1,5.781021516240298,1,1.901022249698351,2.5521979108805093,3310.326469751797,3.326009677628919,1.0,1,0
82.56995464013252,1,3,1,3.9268694734578675,2,2.867126313528316,4.016001987646185,26158.516364268355,3.1832643981740274,1.0,1,0
48.02748527034438,1,2,1,2.965021914314832,1,5.995895641808009,5.879042020192856,24870.716341721443,3.6743261824229285,1.0,1,0
502.59005601115166,1,1,1,3.5123263784235217,1,1.398479429923183,1.7849476039263503,9472.340858120564,4.074940180683117,1.0,1,0
64.107100677713,1,1,1,4.099327176287419,2,2.47815553730559,3.0835863847964458,12287.490348659425,3.898331575665546,1.0,1,0
39.43550409144375,1,1,1,16.63409518946592,4,3.4613342090044505,0.9700157811776762,15011.384201745937,5.152120800951709,1.0,2,1
81.40226633989815,1,2,1,23.742970481927564,9,1.041639922574934,0.5852420522162115,5444.468167118138,6.999580702299471,3.0,2,1
58.63523438323609,1,1,1,3.0945391634316395,5,18.08855339398152,11.22018665210239,2979.099029320008,4.0730002640101945,1.0,2,0
1464.1427620524485,1,1,1,24.792571177620978,2,0.9642481292761669,0.5335843753602897,6938.78166253292,4.714800226871375,1.0,1,1
62.63266051149898,1,1,1,2.4904816493890305,4,1.8955029908100485,2.3302992500863704,2668.230593109808,3.685396409327865,1.0,1,0
119.23555160537595,1,1,1,4.042593872496891,2,0.7327768030539847,0.7066281203221432,10983.597103293805,3.654770275698036,1.0,1,0
127.46704854065109,1,1,1,1.8282207446059353,1,0.8488584242784664,0.879719488053737,11523.891318309661,4.318060107368374,1.0,1,0
105.92658987947792,1,1,1,5.227323543021026,6,7.144164885056071,4.906357995684842,10115.885200057957,3.8645270353634373,1.0,1,0
1430.6271979855383,1,1,1,5.427868839831872,3,14.464081678640987,14.191651885763944,38730.4331049365,3.356873790649732,1.0,2,0
1432.8833875027558,1,1,1,2.869190360001414,3,24.680669575044455,24.198777830302152,19978.817942136935,3.382201214212666,1.0,1,0
124.38974807318908,1,2,1,2.311527199773809,3,0.7940449426766314,1.0399880988076182,16378.137300085746,3.9283479703142614,1.0,1,0
1402.7052167992374,1,1,1,11.84621839008779,2,4.66024193286956,5.463400565977047,15167.62200345881,4.156100712242572,1.0,1,0
75.39854583600939,1,1,1,7.63572713002322,3,3.9297343092286465,4.999855933799294,23528.76104692473,3.3668774731255593,1.0,1,0
124.0924217377787,2,1,1,5.058955269116938,1,4.129801636743047,6.134117976630218,12762.775238994669,4.4836446796765355,1.0,1,0
1415.590410434211,1,1,0,15.30696194154299,2,1.7064023220859021,1.6085121704720113,7652.574774213354,4.218702386070808,1.0,1,0
1426.8278976812348,1,1,1,3.5145108620524756,1,0.9736658042743983,0.7905208969871373,12961.620165302544,3.76457903182738,1.0,1,0
516.7767927773633,2,2,1,6.278749374770607,2,5.47738268037736,7.217879177245826,15471.918558569994,3.710109952290192,1.0,1,0
1429.7938594640755,1,1,1,4.934487564919571,1,9.893391497815143,7.025035361947868,29767.474143133873,3.5095276004563267,1.0,2,0
59.36028802843876,1,1,1,3.2562774278092403,4,1.1167384707771606,1.0985905036811605,12726.83111256825,3.74053619536742,1.0,1,0
133.3653263184259,1,1,1,3.4240883468512244,2,3.3340418399599083,4.262142447856705,11561.371586640456,3.645009684796096,1.0,1,0
1461.1860566116052,1,3,1,19.688236042300268,4,1.4836729368944999,1.1012761561391204,17357.483117289776,5.812682999785594,2.0,1,1
70.12210540776263,1,1,1,6.270922489525843,1,2.1584935922342736,2.574265046330027,6070.560018138073,4.693734539373717,1.0,1,0
504.5375443110841,1,1,1,7.282316436583417,1,6.064687290116257,6.692977574240301,11266.929995046945,4.167523828907124,1.0,1,0
504.5450168359841,1,1,1,3.6185551816505575,1,17.47017334374867,10.682790224375044,15159.795201128849,3.1471720314739873,1.0,1,0
523.7685177541575,1,2,1,9.812638295390116,2,2.28887644687845,3.258484933094582,12675.393674855188,3.6799568695402383,1.0,1,0
67.66569665739203,1,1,1,4.509218781286895,3,7.739673432348937,6.49318153134427,35894.907162220574,3.400807858118643,1.0,1,0
1409.66771071628,2,2,1,5.097414454891587,4,0.3861138992280677,0.3169283489998019,18797.6862578848,3.2326307117148216,1.0,1,0
514.9497127768856,2,1,1,7.653407474845017,6,3.5039793659616083,3.6316299586489587,13852.559542317273,4.273645973935155,1.0,1,0
75.51788152060936,1,1,1,6.467388005322573,4,1.9205208777339084,2.0195550483435416,19633.38827593441,2.6864859079199874,1.0,1,0
72.35826542316013,2,1,1,4.854728206213948,1,8.299375385317644,9.288935988455584,6761.3904644892355,3.2516798374661113,1.0,1,0
132.09171915865352,1,2,1,5.899713060080025,4,2.5746037487620748,2.5836567728809356,10468.890937132235,3.489009460078025,1.0,1,0
1423.4647992135483,1,1,1,4.164453728955805,3,9.872542547793698,9.785329850543722,14535.237470327207,3.3560449784001904,1.0,1,0
56.505686883663834,2,2,1,22.592453027861385,4,0.2700770511075048,0.2015751008717968,3124.2392218477603,5.95288040442356,3.0,2,1
514.4601812167789,1,2,1,6.240277484097999,2,1.1237244095105532,1.4249650071917592,15108.299088051572,3.877489754873219,1.0,1,0
129.36400171046984,1,1,1,4.2354549153572485,1,3.4424810987186203,3.899399039464743,15244.060727987342,4.239269320561069,1.0,1,0
134.38081284736808,1,3,1,5.734448594910835,1,0.5026682583453468,0.522631350097682,16428.795506266353,3.861310623053846,1.0,1,0
520.4086575281553,2,1,1,5.095234645420291,1,10.032765493243412,12.421954724715501,24353.152383905745,3.5563507752506625,1.0,1,0
125.59743038122589,1,2,1,4.190807583345997,1,4.42191471875554,6.23999756977604,16893.777787819734,3.74642421006293,1.0,1,0
1418.0277017147914,1,1,1,4.163463640692498,2,3.469405753947299,4.7221564159146885,24026.791196017966,3.7600281317330264,1.0,1,0
531.3485031930559,2,2,1,1.5323312221507785,4,3.501127325131523,2.7697451431196574,16889.50855510372,3.440491868687979,1.0,1,0
76.95846026850884,2,3,1,6.329483796840522,4,6.112272311784546,6.930320391098394,20224.85004699103,4.185305463218411,1.0,1,0
120.78083957537876,1,1,1,5.39220060947992,2,1.0730145174928483,1.2991130548637766,9855.399674045615,4.0567399261068156,1.0,1,0
53.12628345114584,1,2,1,16.94742158722566,9,1.6873963974043418,0.5154622930264785,12934.3509990716,7.316830563647745,1.0,1,1
1419.1810461134764,1,1,1,1.9961383661108405,5,2.1977259856402367,2.6546477000265556,13861.531792299433,3.387691205052594,1.0,1,0
68.44871872063597,1,2,0,4.051491932357283,1,2.668223882171181,2.48367110890676,5213.442420542865,3.5063601194085776,1.0,1,0
131.2117343464211,1,1,1,3.3129012583947213,1,0.710507986483584,0.690560950677743,25654.35357095005,4.107278558750449,1.0,1,0
130.09963497707412,1,1,1,6.669834388724561,1,7.9574600884440105,6.635032558241182,11323.335666556177,3.1308041449233204,1.0,1,0
79.27381347123783,1,1,1,4.2152491762525335,1,5.99122878261017,8.852971908326124,13045.071686585732,4.12743468561412,1.0,1,0
126.56170062953794,1,1,1,3.544612388873324,1,9.776918767320026,11.080429264203731,10348.244803237434,4.203662790491513,1.0,1,0
115.99323679817277,1,1,1,6.743532169074639,3,7.8427626453982295,8.604935250047056,21351.5795339745,3.901076441346273,1.0,1,0
128.34836713085951,1,3,1,2.85090549125394,2,3.216608536748753,2.3796081313650275,17301.81963479528,3.6030409334255586,1.0,1,0
75.35190223932484,1,2,1,26.111730648741485,8,0.13959035044559784,0.10533662043349289,437.6248613517616,4.60475923252068,5.0,2,1
1415.223183803616,1,1,1,2.604703836935675,3,2.1296779173212377,1.6202983834056555,32777.16902739469,3.8598186673992116,1.0,1,0
70.70312591712235,1,1,1,7.081299554198718,3,3.7009887872622005,4.615311843160928,18378.878388502006,4.0339929284346185,1.0,1,0
1411.6840754895204,1,1,1,6.921327231821488,1,13.222482505423287,11.273978059126195,16727.137239594536,3.356002579573805,1.0,1,0
135.51353819765913,1,1,1,4.6121266213240535,3,4.88018946544082,3.537700258693687,12883.014575422343,3.3582970164903645,1.0,1,0
131.8496286775393,1,1,1,16.658673299289568,2,3.1258092143570577,4.477288151833112,16701.88245114039,3.87335412636646,1.0,1,0
64.95410466968957,1,1,1,5.622260936459372,1,2.7670066081716644,3.7752416048334774,2741.8873156445434,3.774211469372151,1.0,1,0
111.86845525908014,1,2,1,2.796609643048284,1,0.11496077679887287,0.14797083201552447,17309.97169409096,3.4983479805175093,1.0,1,0
1428.0245600979338,1,1,1,11.324533483055946,5,4.234236844919815,2.987581923828653,12529.850592894953,4.1831792259942,1.0,2,0
87.67979754263754,1,1,1,5.3398893328018735,5,0.49080482980134676,0.4363790829161381,29219.76128684551,4.537727825512755,1.0,1,0
1412.0714414182141,1,1,1,4.517922077846395,1,2.0181994670066716,2.8544146268248602,14675.240452909595,3.4703558320209895,1.0,1,0
126.83711115844673,1,1,1,4.851677698273415,2,31.874562903196022,30.901410149096478,33697.23669249825,4.000088885916054,1.0,1,0
145.36822856149854,2,1,1,6.366304439435608,2,9.40439599354958,11.775430317265217,19609.988413683368,3.596755422250141,1.0,1,0
74.01234764914221,2,1,1,4.135363681894891,1,0.4837461597212688,0.5393140292588733,13081.483696209,2.4461897731608904,1.0,1,0
516.7417189684247,2,1,1,4.565777909216161,8,7.442480679099643,10.871888485551988,14398.339228827615,3.754082522422886,1.0,1,0
1426.5419051175265,2,2,1,7.615562208051416,1,0.465335491078798,0.682674224026472,8390.54084677614,3.907912335666627,1.0,1,0
65.77526203902617,1,1,1,7.96903750783735,1,18.180415630625774,22.851498938616345,8698.496117462904,3.9086921446995255,1.0,2,0
62.52653229506409,1,2,1,5.154463321688933,1,9.099861277045363,7.640245318650953,31910.591634992186,3.361457952108837,1.0,1,0
482.5136486536731,1,1,1,6.7706264247750045,1,9.743939338231487,7.588853663518871,15765.100225729526,4.152004472628796,1.0,1,0
69.70431767467295,1,2,1,12.704518287505099,2,0.4653195231727718,0.563676626440314,36500.850486077084,4.0188711287134975,1.0,2,0
125.97515577294183,1,1,1,3.3743253919837444,1,3.5612688650130497,3.1280367115790226,9397.107997917574,3.735105327655839,1.0,1,0
138.6020757990593,1,1,1,4.297470877663503,1,1.6953683339916557,1.5233349845810686,20545.259849541275,3.9946552329988463,1.0,2,0
136.80383423019393,1,3,1,13.293004902881469,1,4.223871904434654,4.24112473928097,34164.17638441726,4.091798834137621,1.0,1,0
55.74833975348646,1,3,1,7.333367340056659,3,1.9015921134126315,2.7755876783097304,9802.28139067617,3.701427438334839,1.0,1,0
77.0391513664876,1,1,1,6.701973073673261,1,0.30560977189912575,0.3337353786251958,15989.608518148938,3.8074137580968883,1.0,1,0
506.84177511435007,1,3,1,5.876944757790783,4,8.474993717110767,7.408002445258788,24204.80849576927,4.515076586603177,1.0,1,0
38.727358177969805,1,1,1,6.425094679231592,1,5.5584816865803806,5.794862258106233,7155.0348892248685,3.5907845799481155,1.0,1,0
151.5055302195682,1,2,1,4.33349708662514,1,12.180521194203866,12.132060590967743,19375.45814300703,3.9542415626136713,1.0,1,0
510.85691317495156,1,2,1,9.14276831697679,1,1.5360006889427145,2.0969786993338135,16507.504322475655,3.355055260508535,1.0,1,0
124.92892027853095,1,2,1,3.0779256068852914,3,1.2359953834184412,1.2410974755997184,11923.40505650292,4.195086432453752,1.0,1,0
1428.3068250199692,1,1,0,9.517703189298139,2,15.202663928042833,17.249201075662178,44126.57827235092,4.277534452919839,1.0,1,0
508.5347468764757,1,1,1,4.743047587825954,1,0.653149215245342,0.7756696656260422,11030.372865312343,4.431570517725831,1.0,1,0
128.09957491579598,1,2,1,8.336633489831598,4,9.314813143566921,7.522309386113322,35507.09548724268,3.6235184972010903,1.0,1,0
79.12998315811011,1,1,1,8.06409221172112,2,1.8809126576521884,1.852835594637581,23710.975350403947,3.674967496750084,1.0,1,0
504.05106604824334,1,1,1,5.871717561214772,4,3.489756968551323,5.071989198356996,11995.320210159889,3.923184272958438,1.0,1,0
120.58209151910565,1,3,1,3.939549278360888,5,1.012238658518116,1.1262032801755917,14313.77858045144,4.082669201245076,1.0,1,0
512.046468932149,1,2,0,4.565799797429366,7,0.9099530141011883,0.9157045682623771,4471.487871940051,3.462560675570999,1.0,1,0
62.940528759307234,1,3,1,4.834577011162464,5,9.533336203609432,13.247853104965392,7477.860759991642,3.4325316569323516,1.0,1,0
507.5570192222265,1,2,1,2.9530465796100707,1,5.300047396434878,6.20242871292503,9163.383489875154,4.108343910701541,1.0,1,0
519.6179855022879,1,1,1,3.7837522330743854,1,0.5938035322958043,0.6385315339303167,36146.59477353643,3.3153825616037933,1.0,1,0
48.48417827136053,1,1,1,2.272466184331552,5,4.3892308481371245,3.24643723502353,27985.377801951232,3.717253484971994,1.0,1,0
499.83969354566574,1,3,1,7.668078856801402,1,6.60566819859601,7.6867500065681815,14762.080728712346,3.79102779261317,1.0,1,0
69.69734363092029,1,1,1,7.2609570212076,2,12.446109339024686,9.81526278228741,7963.434110349535,3.7794560393117558,1.0,1,0
65.63130328882677,1,3,1,4.891837710034038,6,5.173388996264109,7.3675183852530255,15786.934200255886,3.8887987071064685,1.0,1,0
53.62759085884114,1,1,1,14.904392695011119,5,3.5380560755576007,4.186874746786173,33097.11039586868,4.260281667565208,1.0,2,0
60.872194686448324,1,3,1,4.047616671653251,3,8.568652001475145,12.507260240689018,19044.332368458978,4.056031774546282,1.0,1,0
509.97298631773674,1,3,1,4.838174923451053,1,7.885935163008176,7.38312525627353,7502.526726031076,2.9386205998536585,1.0,1,0
49.26002423741025,1,1,1,13.513221035170647,1,6.882881468585973,9.468975306307449,22310.792535397686,3.5006802183689496,1.0,1,0
120.3837233680876,1,1,1,3.243049519261428,2,2.555246637216261,1.6484017286705204,5637.114424789589,3.443150707761481,1.0,1,0
520.2861989247294,1,3,1,3.7750524489545154,2,3.973742403327904,4.3373329146596955,16569.69233721753,3.958535364046247,1.0,1,0
1416.170890333375,1,1,1,5.747332814738171,3,0.3463577627431625,0.45877468510426966,3729.962754379548,3.748920385402219,1.0,1,0
508.3056647009378,1,2,0,8.355632909036999,4,5.0907214566779,5.867085604636026,7331.349424815097,3.5233584892201124,1.0,1,0
65.53532329879874,1,1,1,5.230826841992019,2,0.5869725735771234,0.5869190912953224,25683.698794325977,4.1428250081466915,1.0,1,0
134.11547586152264,1,1,1,3.9710850584432524,5,3.591590689937403,2.6072337047672938,24390.444394431768,4.030420161973954,1.0,2,0
133.86212487274852,1,1,1,9.130166966955663,2,7.920897355166396,5.155865249972962,25787.01977528654,3.7288832286098015,1.0,1,0
70.74337249964272,1,1,1,9.137394263281635,2,5.926114318931955,4.380602115576474,15739.15203392045,4.0286830597557115,1.0,1,0
131.34850715913868,1,1,1,5.349196688858254,1,4.183570681350382,5.026797848492107,15035.051559403506,3.745726555941579,1.0,2,0
66.91395522633674,1,2,1,7.008540291143915,3,4.399522428795793,6.375961316325173,27917.45210780922,3.347566773361494,1.0,1,0
1413.5598960657658,1,1,1,4.944102601738576,2,0.13233773601754842,0.16522971338302836,15399.085609001397,4.133971311647395,1.0,1,0
1425.1743612568157,1,1,1,4.622051758366105,2,0.24261943746315784,0.145826970762423,27899.89087859328,3.5610919801137024,1.0,2,0
1394.0906825111679,1,2,1,5.061860262410335,4,2.4296273062646496,2.601842203315331,4869.4550387510135,3.3880467970449635,1.0,1,0
1417.2465282514133,1,1,1,4.021664148520202,3,0.397458892916116,0.5050686781209319,47128.78838533731,3.65053189665559,1.0,1,0
131.88701548128358,1,2,1,2.00916446177932,2,12.201582915770404,17.772946584338825,15181.753143887978,3.4407129282246833,1.0,1,0
51.65890621204609,1,2,1,3.2064575957005372,1,10.70198368068821,13.990931435306186,15101.852863540378,3.7724690001524177,1.0,1,0
1407.6228932286283,1,1,1,3.5722882543732584,3,3.0087293581468795,1.8378831072673076,10541.070218288858,3.5487846043389135,1.0,1,0
1443.352898152551,1,2,1,22.98756520019922,3,3.1810282496727202,0.9094087381295433,10803.878236980136,5.418651705707129,1.0,2,1
126.98976894370549,1,1,1,7.243641636823846,3,0.6629213114715024,0.6803337533772157,10391.23882133285,3.8246794689317003,1.0,1,0
121.28092161133277,1,1,0,6.262906010972854,1,0.7781967454622762,0.93517326116932,9492.249251023937,4.443163902673636,1.0,1,0
509.8214089839868,2,3,1,6.930981176877963,2,19.755661354217313,12.188181009610119,5898.663829726072,3.5989387185752943,1.0,1,0
133.10651979054126,1,1,1,6.877224880583189,1,6.372593467590567,9.44551432206642,31245.723347565527,3.7522561730957964,1.0,2,0
51.32097726622167,1,1,1,5.8442436050283,1,23.93857391873398,35.35821276595747,11257.174268093762,4.168129437838531,1.0,1,0
1417.318023656274,1,1,1,2.6159963965851407,1,0.9116327671882064,0.649726247259043,25604.94806525215,3.352092554440855,1.0,2,0
137.3106485316555,1,1,0,3.2954520706797856,3,4.418539041613676,6.534976251728623,24614.046173124687,3.6642258323874324,1.0,1,0
122.71525218283044,1,2,1,7.987876776912551,3,0.6463998998690986,0.49086860999393184,34542.3404055268,3.975973526260888,1.0,1,0
1412.668623560034,2,1,1,6.161751857958537,4,2.496736086776309,3.1716576850115445,24691.079266258235,3.4080324111069094,1.0,1,0
508.062432720549,1,1,1,8.280611816923926,2,3.7641272300579605,5.61998718827484,25674.858673277406,3.648112253409178,1.0,1,0
136.2188510477175,1,1,1,6.034571761138893,3,0.9570228218372199,0.8762686104343916,7386.287159459348,3.9764840466568137,1.0,1,0
508.2598611566513,1,1,1,12.198076011895076,2,0.1282516965283498,0.08791540175665657,9074.026323396918,4.434287504037928,1.0,1,0
55.151231706845124,1,1,1,8.185498497974443,3,10.885985952257482,11.974362036604047,39424.26798930244,4.186520402336062,1.0,1,0
119.42113465249238,1,1,1,12.284291058748261,1,7.226956373073918,4.848909961720761,18153.700844041083,3.324279521603525,1.0,1,0
49.61782442330947,1,3,1,6.4461842579188975,1,0.13449354518835854,0.15691733203385627,16876.41601323029,4.575793603834407,1.0,1,0
60.39094573336171,1,2,1,6.947560047249017,1,0.5772556896823258,0.4492349801512338,37459.9072704621,3.774661988343814,1.0,1,0
1417.3799635803168,2,1,1,2.8995333810434873,2,0.8711339198643214,0.9879328089258966,18762.06349747663,3.7459589245021157,1.0,1,0
497.28387644547325,2,1,1,3.701880688407209,2,3.398956914070732,2.7546578801605546,18561.222422269144,4.28863406387625,1.0,1,0
126.22388312042922,1,3,1,11.979608830738906,3,9.266741554497647,10.053043411214968,38024.84165537925,3.6903536377297494,1.0,1,0
507.845491087095,2,1,1,3.1439529582159107,3,2.9464016196297833,4.225470153486159,21796.275391821764,4.282020103313175,1.0,1,0
69.88487031470449,1,3,1,2.5656881549818036,3,0.705045071267999,0.6740484078028633,8556.068695652337,3.650669903380815,1.0,1,0
76.63344681858071,2,2,1,5.249374283199865,1,5.079449423176562,4.838342642751812,28959.485109092613,3.5439009670175223,1.0,2,0
64.62882811484546,1,3,1,11.976539173440319,1,3.920725520085961,3.980713015133418,9875.571221443766,3.733983365599882,1.0,1,0
501.61294971633197,2,2,1,1.2766705797378135,4,6.437633947446406,5.703665753594434,13062.528916725956,4.115681182073252,1.0,1,0
63.81395269880147,1,1,1,5.491832337753616,1,2.0111628012399003,1.3310605149318189,37100.780662506484,3.4118240483326234,1.0,1,0
55.2950919554313,1,1,1,10.061599042129211,4,1.2178116385855584,1.7127557704040413,30133.150524137287,3.8401130223980373,1.0,2,0
1418.7186187707523,1,1,0,2.4171146181229783,1,11.190898415927101,11.430823546037844,16957.69458734122,3.8550781368521574,1.0,1,0
503.14399971815214,1,2,1,6.414492192945455,1,3.9850931348189476,5.558487293612793,21525.002287443083,3.711309519280074,1.0,1,0
120.9327785768406,1,2,1,7.10603600134725,1,6.207314347693771,7.598907659921669,9973.751923908676,3.9564262476986376,1.0,1,0
131.28051014704963,1,1,1,3.6229393613653387,2,11.870609083134635,13.023322467995097,8958.128521748697,3.7279863352797937,1.0,1,0
128.55228238349056,1,1,1,6.985213706891339,1,8.624411676736061,9.807599082728332,5557.485433525604,3.8038532934269025,1.0,1,0
107.6110087732638,1,1,1,4.001714836546372,2,2.4790154191375255,2.984748574170164,9909.041828547013,3.338256732343578,1.0,1,0
1429.4743076257414,1,1,1,6.627441257292456,2,12.948802891470569,13.341009395964464,28961.286938580713,3.406984562052024,1.0,1,0
87.2414596608484,1,2,1,6.844315170126306,4,4.633993600720732,6.390076833020504,15739.589925939541,3.372978846047286,1.0,1,0
59.110816903669615,1,1,1,5.012715242222873,3,5.12464484492656,3.812167666883489,13796.446898649068,3.3210237266681633,1.0,1,0
62.44231199561142,1,1,1,4.500644630458655,1,1.264688645472283,1.768764113951496,17250.48171111241,3.480595682291718,1.0,1,0
125.75678802137315,1,2,1,2.1252762565923726,3,0.6737550515884078,0.8703474850343358,10274.945615125685,3.866225461978556,1.0,1,0
1422.2677322749478,1,1,1,2.967865705345581,1,1.5318220154570374,2.0466247397719655,14488.356560685063,3.8367574029264073,1.0,1,0
512.112911260932,1,1,1,4.275683365119409,2,1.9420481927551334,2.1282192579359935,15277.082776011064,3.546974995449548,1.0,1,0
1408.9621693107963,2,1,0,4.409113452698715,1,2.834310925970938,3.7883014551208287,26278.240120547787,3.476040142217342,1.0,1,0
60.78448369403414,1,1,1,7.631024016952098,1,10.064040412909117,10.330467046968586,20792.095969163423,3.691576251886973,1.0,1,0
121.00752635063769,1,2,1,12.432292120889187,1,12.78763646084153,10.756285995672279,11185.748918483854,3.6941160862923055,1.0,1,0
123.2985751184575,1,2,1,10.630430094143223,2,10.654246155905996,9.608134503330678,10942.769676791677,3.364760481598274,1.0,1,0
1424.1973921319302,2,1,1,2.142532686018339,2,6.115105459657524,7.933749729891346,31091.72884169944,3.6198627324098913,1.0,1,0
126.0600855946624,1,3,1,4.365964458999239,3,11.223169431151664,8.714980553109298,11743.896614921037,3.7324289298255002,1.0,1,0
138.94557701887996,1,1,1,6.184526376551685,2,3.2543956764328335,2.4053582441306327,19219.44112764121,3.2652674906619055,1.0,1,0
80.93623912855122,1,1,1,12.5657417229921,5,9.132231771538562,8.13752061162518,1919.8415474937412,3.14526022384461,1.0,1,0
1418.3466286427333,1,1,1,3.5033080306430464,1,0.3299410781428521,0.2778457791469234,6778.558276220546,3.864662803065537,1.0,1,0
117.62657608048258,1,1,1,1.311018157574056,1,1.3116506047429697,1.8643088960082594,6547.732101433003,4.011088614260885,1.0,1,0
128.70393453326483,1,1,0,8.761452614117374,4,12.329852065539885,15.362316342450313,5097.720549045877,3.9567581634102664,1.0,1,0
515.3371174182051,1,1,1,2.0085627450010075,2,0.194646589841177,0.2103201886205522,21906.548267484075,3.696159383022503,1.0,1,0
124.508476073688,1,1,1,3.192047756857227,1,0.8450272489134577,1.2411560267447093,19528.432484609206,3.6993084577772275,1.0,2,0
509.51395480693486,2,2,0,5.047014187572855,5,3.593695757189105,5.030381537529859,3850.42882092747,3.043082969349288,1.0,2,0
75.13552689108421,1,1,1,2.869428360840499,1,10.221034700788179,14.539229225527542,11279.087218305933,3.743042243522907,1.0,1,0
511.36375571242365,1,1,1,1.989133304500288,2,0.27389774607555695,0.38492578459106513,14728.902499342597,3.0859195132362864,1.0,2,0
513.1565771602811,1,1,1,6.0924113441447805,2,0.6692540386325264,0.4117719229852309,31288.58572263887,4.066606473361403,1.0,1,0
739.9414687995678,1,2,1,21.593239327480298,4,0.17841231021504925,0.095719575334532,4133.281276596562,4.473772154168691,2.0,1,1
498.0977957451582,1,1,1,6.994288133694289,3,2.254398932231145,1.78346024128348,41768.67353101127,3.8640053058042785,1.0,1,0
130.83351287452072,2,1,1,4.8934127307592785,1,1.1574831094249947,1.6734762778315477,2764.486147813373,3.642600064296455,1.0,1,0
77.26794998786127,2,1,1,2.7190550682267443,2,1.1145831854358026,1.3763189853388946,16433.458667467992,3.127386223665991,1.0,2,0
45.31812943220669,1,2,1,4.569558704188577,2,6.660341570014559,7.364967930869405,35344.523562421055,3.5727158563796,1.0,1,0
1431.905924186753,1,2,1,3.4328811619099366,2,3.226761617410754,2.7036730379693577,12658.87390258045,3.2342879176032735,1.0,1,0
137.36518118562122,1,1,1,6.912300832331275,2,17.72290276236751,19.723453679548314,25265.96739367461,4.271838648567924,1.0,1,0
84.28899263585572,1,1,1,5.61202575406167,1,2.2696886163497285,2.6287298321676875,15346.769746313414,3.898166579968764,1.0,1,0
134.9080633101303,1,1,1,8.34929072663286,2,2.3909018949757623,1.9186363232439871,5364.979698430791,3.4558349796934866,1.0,1,0
131.38887996811118,1,1,1,3.7685989705522496,2,1.8520750517961138,2.000009998852572,5120.7153083751045,4.50513801979393,1.0,1,0
56.54451972898703,1,1,1,2.969617249466199,2,7.019201033420675,6.685325530233538,14585.55181384875,3.6355206211702233,1.0,1,0
131.67413650920776,1,3,1,4.576055407201581,4,1.8682760513714785,1.6531546570610505,19029.32711739001,4.484569205713154,1.0,1,0
124.26361789773699,1,1,1,2.473337859641676,3,6.855725547225561,5.819469454828522,20561.6412320608,3.701782400923285,1.0,2,0
122.67414018387908,1,1,1,2.7116235932704864,1,6.509964438575935,8.368355352312001,23813.883464499708,3.5804992384924716,1.0,1,0
1416.238925438758,2,2,1,12.632278818154942,1,2.9836791109834153,4.169174400351646,45320.80010858226,2.6046239683363908,1.0,1,0
503.0284947846081,1,2,1,6.422153442059135,1,1.836473972573022,1.1256197540514679,38682.11009021133,2.563621572775798,1.0,1,0
1438.1250097470206,2,1,1,3.4140921540467692,1,7.011661124716016,6.731684910320196,26045.931607120638,4.0747066219316475,1.0,1,0
142.55135957054762,1,2,0,7.9899681042815125,1,0.3210736666645542,0.20925063684346143,14282.841630592671,3.656059538263211,1.0,1,0
121.37954274546514,1,1,1,12.685289425499631,6,0.8687243368811247,0.9678011477063941,9895.989433539657,3.190871430735673,1.0,1,0
142.84736904243536,1,1,1,3.866481782818573,3,0.37019253198285473,0.33469249507992366,18543.96576983083,3.0331556753437527,1.0,1,0
55.237737949879964,2,2,1,5.811133759034564,2,1.2154931275391943,1.7349317006652174,10026.49391402449,3.5042684241364834,1.0,2,0
500.600330697072,1,1,1,7.641885525799308,1,2.7474711225660657,2.307513652811639,16537.010347205698,3.888326436769194,1.0,1,0
53.539593004599695,1,1,1,2.583296636183836,1,3.794228937317507,3.078463196756977,8683.397143095917,4.267911285744065,1.0,1,0
74.1733324408138,1,2,1,2.3498304799481406,1,1.8768898065279618,1.4599881093614702,2490.5177494888244,4.030796655339961,1.0,1,0
517.685747295358,2,1,1,2.765805817646232,1,8.735406105361005,7.513537566409926,22968.049844790556,2.933050971846504,1.0,1,0
69.61237693623208,1,2,1,4.7722035000907095,1,1.6506400073228458,1.6774206681047188,33920.96529297733,4.308902725483877,1.0,1,0
71.18652520183264,1,2,1,4.557225232114352,1,5.270066907525116,4.940760830671817,7470.094872501139,2.8925445071933917,1.0,1,0
58.56859364437424,3,2,0,20.952533232021658,1,0.8996095204674115,0.4810959007156063,8630.740941802902,6.811510021335052,1.0,2,1
1428.2422965674368,1,1,0,5.572480908435761,1,0.48774488937015115,0.658287149019081,13992.187433775833,3.537569131501711,1.0,1,0
1420.2056049955488,1,1,1,7.538543054166769,1,12.281081023647195,12.372220420169509,2052.9036815933077,3.0797941548855663,1.0,1,0
67.99120583508434,2,1,1,8.16906846426086,3,4.888454055997032,4.1381771372654566,44105.230464544846,3.5473736231176156,1.0,1,0
112.28686102469943,1,2,1,4.866712974611963,2,1.5331992847235953,1.3649968382146913,18850.75201515184,3.207817080773527,1.0,1,0
61.839416496597416,1,2,1,7.177160904499661,2,8.103578852193746,11.922891613255304,30332.42143990887,4.161948954963187,1.0,1,0
65.19736895145489,1,1,1,3.2535933083553696,4,16.642898103881116,24.377632094450583,3616.81712180576,2.914370099701853,1.0,1,0
521.4969848806364,2,1,1,4.778393024971337,5,4.176182376666505,4.725175901927512,16527.069909355843,4.077548412484956,1.0,1,0
100.08523038454442,3,2,1,25.2625907531242,8,3.9844123017247193,2.4292190033497443,6791.802838557841,4.508182949838513,2.0,1,1
133.4079232212539,1,1,1,5.804792744211228,1,1.1818601015504953,1.368115547224726,46351.72281060187,4.313142021256966,1.0,1,0
67.45497078985753,1,1,1,5.708556588862891,1,0.7597636637105165,1.0195898259727454,16339.001723417638,4.027645413266253,1.0,1,0
72.59568849899847,1,1,1,16.48942785503309,1,10.893589887024083,8.521103544027849,23330.66163888585,4.267221380915659,1.0,1,0
129.86612632666004,1,1,1,5.6578905918290845,1,10.808872311336023,14.773065736565298,10280.40950400754,4.146498822314496,1.0,1,0
1419.8560191169063,1,1,1,9.224014377063671,2,17.644393931715044,23.20430780441312,24641.00239203092,4.056603641064129,1.0,1,0
132.56382112972418,1,2,0,13.054062529787032,4,12.68532788486547,10.731264343890421,21622.988714131287,4.116809247785847,1.0,1,0
67.71891422622548,1,3,1,5.418524829587015,3,4.4450931521604335,5.939778122096658,20923.48397462583,3.875474468317218,1.0,1,0
127.82602635761626,1,1,1,7.511549377576462,2,3.095684991756163,2.935357711469336,22603.184967375797,3.2869921412085197,1.0,1,0
149.7920965160005,2,1,1,2.641153969428612,1,1.157383859633281,1.3066848561329938,28712.44911462886,4.394320706419641,1.0,1,0
515.423365002857,2,1,1,6.500015615592595,4,1.9339541404546297,1.794673890131394,60972.800102184374,3.9661607417015987,1.0,1,0
84.635214999324,1,2,1,4.95889038659635,2,4.517654699085017,2.820865183150363,39179.05116413681,3.1480434521222036,1.0,1,0
1418.93766374219,1,1,1,4.313624456066494,2,6.280965645067637,4.763973077437738,17271.039096355817,3.6299757725470894,1.0,1,0
126.22168339892374,1,1,1,10.268203798360169,1,6.604797645124352,6.2486033224761135,30763.84629860598,2.639714220575806,1.0,1,0
48.910884970941886,2,2,1,6.539927714367874,3,1.7536911364764687,2.547613476825635,13042.996916568954,3.1087443215857133,1.0,1,0
54.444244808498965,2,1,1,3.3228336341663423,2,8.378694649353113,6.285036324647057,10049.932479833158,3.916360047392412,1.0,1,0
66.75860338304611,1,1,1,19.303364239026198,3,1.9092969940787454,2.2987397500497373,8826.95582110573,3.403663937487911,1.0,1,0
1405.6942817696126,1,1,1,6.754790479589467,1,9.058701094533893,8.287512772363948,12446.072854957807,3.3753885955297322,1.0,1,0
514.019122050386,1,1,1,3.3751603959484746,1,4.2225618119071475,5.876024463071108,18757.189901639053,4.013545871311682,1.0,1,0
127.36895811045743,2,2,1,3.862312573495459,4,0.26220972342082216,0.1810144602642571,31203.642783737127,3.5070902675808107,1.0,1,0
63.457042709431676,2,1,1,3.7350253735538845,5,2.5535788785007854,3.3141029669263027,3632.4277003317416,3.8187105397239294,1.0,2,0
520.808382584934,1,3,1,3.6864068492268953,1,2.784266930825148,4.091758179403835,3880.4884996820697,4.038572288055032,1.0,1,0
128.34551995672885,2,1,1,5.204249773916272,3,2.4286168207286947,2.033175310052708,23959.90243478057,3.6171171163910705,1.0,1,0
123.47867861049528,1,1,1,1.6335273991157275,1,4.34401360504541,5.085532023119875,17144.799427618065,3.7860481457088393,1.0,1,0
115.17117730650807,1,1,1,4.381586431406079,1,6.762943578711978,4.4340012994791485,38456.019168818435,3.6844197164426435,1.0,1,0
1421.8337778344535,1,1,1,3.975633247557254,4,1.4687545290845538,1.0997524683109678,4814.214619438706,3.582879791078978,1.0,1,0
60.767141356320195,1,3,1,10.866763346879765,2,5.097325602104016,7.4029052532762485,10498.924649493149,2.943616197416787,1.0,1,0
1414.2812120660649,1,2,1,7.548293978340533,2,6.792984692154304,9.177909562564219,27567.424763082498,3.800516523569764,1.0,1,0
527.9790059763013,1,1,1,5.765568119584205,1,10.636617264460572,13.494280529297562,4957.883989959986,3.5679503173025546,1.0,2,0
500.3426939723345,1,3,1,2.3646751767967245,1,13.08238184802508,8.923635004903197,6387.520825618357,3.856298726787453,1.0,1,0
1436.4478006365316,2,1,1,4.467416745228471,1,8.228715202630873,5.806071172408538,5955.244205282052,3.238365291901207,1.0,1,0
1419.041271245995,1,2,1,5.756002248154252,2,11.964929913704125,11.475818263403156,18588.923555606114,3.741943344721163,1.0,1,0
141.25414689592785,2,1,1,9.715768073903224,2,21.996673136401117,32.57055311301516,21135.148863304752,3.3072590825285517,1.0,1,0
72.74869641757408,2,1,1,6.658596623289624,5,4.67042338176607,3.344934998269037,4055.2468324673373,3.6073949239918375,1.0,1,0
83.5758876564348,1,1,1,2.743037851300298,2,0.3064104940105946,0.3583698151287604,20733.210104237685,3.9794640080224295,1.0,2,0
124.2351940980044,1,1,1,9.82163908201409,2,6.389241354667474,5.92387042769144,15138.752088218587,4.142101025121935,1.0,1,0
126.87475609764192,1,3,1,9.931244295682395,1,1.6435540782564746,2.268236985662325,22132.264687070343,3.115072100273331,1.0,1,0
122.49850310263616,1,1,1,4.055668551590859,2,5.168019236032894,7.217950542810417,19210.231822087277,3.5285238128322134,1.0,1,0
127.79810540931328,1,2,1,4.654114238250126,2,3.9026598347088313,4.753072769894645,42918.06302970559,3.83912921127846,1.0,1,0
120.21013307496621,1,1,1,7.766747370939178,5,15.218093213332478,16.81231176653801,3741.164700265912,4.271623819225517,1.0,1,0
130.22634053337308,2,1,1,6.601519849761215,4,4.4877951770705895,3.273425534250588,27615.402469979417,3.815324980043661,1.0,1,0
153.80915059120986,1,1,1,4.198515971302537,4,12.852435865911945,17.855878982463807,3844.8997662752954,4.233387377352374,1.0,1,0
114.24845544849124,1,1,0,4.384768542226412,1,0.9826035231163442,1.385479610602249,7617.462717596527,3.729057884265037,1.0,1,0
130.08799956645402,1,1,1,7.875748412883893,1,4.586050679760165,5.949180168913274,7562.489482269165,3.936011656221533,1.0,1,0
499.59269109857235,2,3,1,2.346780780270891,3,8.271757831076226,8.709599907549315,21909.146885369184,4.095973749055525,1.0,1,0
140.81106905072602,2,2,1,6.744692355950999,3,1.014558933941879,0.6466843630878217,24605.873003088363,4.450640142283701,1.0,2,0
521.6984577478848,2,1,1,8.004543847665865,2,6.24754341681524,5.905636774651426,11840.874345150707,4.038066859644657,1.0,2,0
144.62134975481086,1,1,1,3.194614805777378,1,7.778681359681861,8.604702215039854,33060.66725987425,3.208627912060083,1.0,1,0
65.92965748801483,1,2,1,21.762547811356995,2,0.16193847661814598,0.06659706795090853,12379.584636175476,6.1504683801319615,1.0,1,1
66.12042240254333,1,1,1,9.79727532501142,3,4.393732549527215,5.1984639982994185,11807.549758094769,3.8307411405823357,1.0,1,0
508.1282375881356,1,2,1,8.12368807327231,3,1.226405742584593,1.3617925935287485,21132.31570078492,4.64872537040697,1.0,1,0
36.41651990360954,1,1,1,5.926259818949722,1,6.370559790143991,5.3726493983032135,32271.906082939342,3.7797812685187897,1.0,1,0
51.78824409436197,1,2,1,3.0809437991727484,4,3.8519373507407857,4.028833771552015,1935.9446882678915,4.255584415416741,1.0,1,0
525.4499650687679,1,1,1,3.3635955661376773,1,1.6049931494120333,1.355413691321204,39636.73604528405,4.076272172495182,1.0,2,0
532.107778694423,1,1,1,6.806759864416303,4,3.960728566968203,4.5761681481854914,10468.996859647938,3.5118833966066636,1.0,1,0
517.6721400310174,1,1,1,2.55434539881782,1,0.6818429123466317,0.7160794164030513,17731.24499785533,4.141060779771435,1.0,1,0
1425.673479332321,2,1,1,4.691649707326986,2,1.1729251514569634,0.9531490365909953,13797.17603104235,3.148710334528235,1.0,1,0
510.709190075061,1,1,1,6.617277960589988,4,7.34615970520325,9.3845668014974,4140.045550071005,3.9073471009357035,1.0,1,0
1440.1458391069052,1,3,1,32.08203674156873,5,2.2332719648029444,1.144205734526921,7217.330114280832,5.199460314941109,3.0,2,1
117.1318723073508,2,1,1,3.629493857960757,2,1.2875435319261521,1.6938306987370337,15848.325552779543,3.7457739167091044,1.0,1,0
521.2453193523021,1,1,1,3.9617952578292024,4,10.922483991832774,6.6912500868899585,5822.953925378653,3.8885965050137177,1.0,1,0
52.10509696328717,1,1,1,3.129626715914934,1,8.461135069990549,6.081007114560869,7345.024889550662,3.196580455291443,1.0,1,0
128.29461055163964,1,1,1,9.601112790834872,3,6.416898956412827,7.0875577048773755,2943.2903375586084,3.9320167033490354,1.0,1,0
127.78573861414955,2,1,1,15.905214486488216,2,6.619393845024488,8.243140538169056,22482.912438044586,4.256379606660513,1.0,1,0
502.9727203645822,1,1,1,3.594368800629069,4,16.799941217861605,19.105008889785942,19090.81061598773,4.001074414493999,1.0,1,0
1396.8381800079092,1,1,1,3.1767386235867607,2,9.849548150972163,12.69222418560045,27341.18064783421,3.2194507894880835,1.0,1,0
1416.0869558193347,1,1,1,6.923405323173598,1,1.2682726589900535,1.4518442458877763,4998.121951766271,4.311392881331487,1.0,1,0
522.658502057375,1,1,0,3.5932960012490773,3,3.761721880304869,3.8313954308155225,3057.2727718415244,4.416017554061687,1.0,1,0
1423.8542662808657,1,1,1,6.6322900046517175,1,2.8814405496921665,3.5517735104200887,24994.570879781266,3.2745632933237427,1.0,1,0
64.42855476751544,2,1,1,6.603481856849589,2,6.924548695208801,7.8340870252746155,17236.03804053165,3.9961334775471578,1.0,1,0
511.5419276097139,1,1,1,7.330548683120235,1,1.0357668336986925,1.1952140182084696,10268.264948892287,4.409755380610967,1.0,1,0
507.8165953151975,1,1,1,2.792646030081229,2,10.362631517135707,13.06368665095169,18181.30957098251,3.6186860077682943,1.0,2,0
57.07735559928574,1,1,1,3.9351622574818164,3,7.077382970658445,7.494446608052013,17480.703749969653,3.7558691623351783,1.0,1,0
130.78956464118278,1,1,1,6.906741584800502,1,0.69454781772955,0.7370884666958688,13975.295698138698,4.062905851100366,1.0,1,0
494.1291698108915,1,1,1,11.500979898574704,1,5.015583578575349,4.996692179080857,19189.531252549008,3.897604606029485,1.0,1,0
119.95104120432384,1,1,0,2.978458211285019,1,3.6907055617052964,4.825325774928793,28060.74400830529,4.465465650296265,1.0,1,0
55.58228141104235,1,1,1,1.9017021793288427,1,6.716905394089977,6.674835582458314,26860.33351737991,4.332949186453643,1.0,1,0
150.1180670211212,1,1,1,4.087672817987453,3,1.5166048854787264,2.0661128621641067,25261.7330612922,3.1581821874876,1.0,1,0
109.25709223857233,1,1,1,4.893931542599324,1,1.468805794887005,1.6814307347467685,26387.099406085083,3.786704195348714,1.0,1,0
1477.2954863407424,1,2,1,22.933165429316944,3,1.5494951259648906,0.7035280166823937,11498.068004320863,5.564951349884933,1.0,1,1
1421.4477094584981,1,1,1,6.447153317516392,1,3.833279725129635,2.3657496100392175,10864.760520241489,4.391402664344671,1.0,1,0
506.9606000449239,2,2,1,2.912244184216055,4,9.85378724011591,12.75944827890158,53290.23720320706,3.9021151510344154,1.0,1,0
508.0804602028167,1,1,1,8.98408112401836,1,0.24410843984768088,0.2777614632485508,11929.350088408439,4.066436220897369,1.0,1,0
65.58530109344218,1,3,1,6.244221537621736,3,1.5988591049191827,1.3307156575260055,8484.522280982626,3.7176155996699065,1.0,1,0
1418.8704351813205,1,1,1,8.97435386574033,4,0.8333764203725517,0.7700095461953427,12541.319376875661,3.7018169153325404,1.0,1,0
78.31247972691955,1,2,1,14.147406579574259,2,1.3420226622832911,0.5895956087674877,8029.988287580945,4.894701534029135,1.0,8,1
62.210737628418634,1,1,1,3.190122579089379,2,4.074107207603155,2.4860029339967076,19259.17654906229,3.6810695071749047,1.0,1,0
1424.9734309335038,1,1,1,7.787456634675752,1,4.374578136900318,4.006226604191161,9192.666157447653,4.20916326591356,1.0,1,0
515.066370447416,1,1,1,3.1272265189049318,1,1.4286104450759638,0.9263284733844273,12075.111586345274,3.607989728820924,1.0,1,0
518.791267636702,1,1,1,5.387192199166926,4,2.593162826611024,3.6855535391609604,29144.421703460237,2.8686928893892776,1.0,1,0
58.71988681351056,1,1,1,6.978563828352933,1,0.3693350387574561,0.3501366540081607,24963.989594889274,3.6435849649145626,1.0,1,0
128.6580548574788,1,3,1,2.954733750986283,1,1.8236627653298947,1.3608866120220433,40260.65076890029,3.3165984692169332,1.0,1,0
1400.208291821281,1,1,1,4.651418538839289,2,1.78041537892758,2.5236436122522874,15067.16703737025,3.686362287224297,1.0,1,0
511.8193272804977,1,1,1,2.4366746242181985,2,2.92201199894091,3.840821176952247,7305.387832657479,3.923977321752097,1.0,2,0
123.00322831055819,2,1,1,7.0116133300718335,4,0.6815649482596524,0.8534372630505163,18976.393010549702,3.1429667880619325,1.0,1,0
55.53146617023032,2,2,1,4.69388052161592,3,0.8858632451084415,1.0741114033076224,21375.762881882616,3.7542772276485867,1.0,1,0
123.865120438793,1,1,1,7.3861301610780306,1,3.179118351223351,2.451330922961699,8747.377050177109,3.7575585477196323,1.0,1,0
119.46080254230192,1,1,1,5.054992942292319,1,2.2325401294144016,1.8416971364058572,21498.073411420115,4.068310942517278,1.0,1,0
113.66756075155104,1,1,1,3.6138336175692873,3,3.326247250200978,3.474744716823384,15067.011980642026,3.8383960689826124,1.0,1,0
120.83171023270917,2,1,1,4.199118160884609,1,3.123941044840563,3.2512193799267965,7220.778740433152,3.404160522492419,1.0,1,0
56.423708030493025,2,2,1,10.740518013792782,2,5.104975560107494,5.57823730819589,2833.043154092694,4.155004864167828,1.0,1,0
506.3816266419594,1,1,1,7.919594174375525,1,8.18204371210402,9.715916504160496,7150.499421453521,3.7241814210046678,1.0,1,0
499.02306397117707,1,1,1,12.355627341377158,4,1.8484487421790563,1.151194091482365,30260.731179030445,4.321780431059003,1.0,1,0
59.477742491512025,1,1,1,7.183645661701658,2,5.019212092803386,7.318691757671299,11861.269361031587,3.901749995154712,1.0,1,0
66.8650340246081,1,2,1,18.700586638421463,4,1.9260045624358997,0.2724906098296159,7679.994220876327,5.40845195718994,1.0,1,1
1401.9022060937107,1,1,0,7.320139331866488,2,16.925257696190126,22.037699739085557,7102.769506141985,3.67731068572567,1.0,1,0
131.75470366984464,2,2,1,7.518209464923679,5,0.981061496271588,0.7369652918502672,16809.55979956499,3.480782822534842,1.0,1,0
66.33771350548646,1,1,1,14.82569309097541,1,4.240291763059853,6.016783803745368,19467.88261734319,3.5677382322449938,1.0,1,0
1394.0225750238872,2,2,1,2.7665042266762634,7,3.5696365658450397,4.345705144486144,30419.110090429305,3.785939636752368,1.0,1,0
136.3910118748199,1,3,0,4.157505941934676,2,2.4831082441388137,3.6214410358843656,3603.6397228069914,3.299052968729379,1.0,1,0
1416.8027458336746,1,2,1,2.916836669043497,1,2.1896207219760124,2.7892148350436248,14522.304680033338,3.04666105402208,1.0,1,0
134.184859889128,1,1,1,1.8512865498862157,4,3.4543156251589924,4.754765795340169,16031.277571592233,2.5565879530133793,1.0,1,0
529.9722175631046,1,2,1,4.83109585844843,4,4.960427720419422,3.9461307366334784,12984.572088045577,3.962903981123955,1.0,2,0
128.26439886572481,2,2,1,3.8421687766196175,2,4.21386369947291,4.298101336227447,9004.443961399968,4.118790003825682,1.0,1,0
505.30517243246965,1,2,1,3.171907577708337,1,10.214395716998878,10.669201791307986,15114.30741297719,3.5641547565141494,1.0,1,0
512.1440652782736,1,1,1,12.89236193521548,2,5.122824573893211,5.709369531655092,7346.745738613618,3.560878279281135,1.0,1,0
1423.2066415180964,1,1,1,6.65933836785511,1,1.5228791175173115,1.7466899595695708,15596.046168935383,3.7243174653899738,1.0,1,0
71.52232451615964,1,1,1,3.5817515132250817,5,3.2513812895485756,2.894807719984677,32759.125776404097,3.286136455678189,1.0,1,0
139.00486157485477,2,1,1,2.3602198148137883,1,3.2260413501726126,3.795227982639692,21943.047451594462,3.78401769628096,1.0,1,0
71.52290762641,1,2,1,3.863551995199715,2,10.513649004062149,12.03154100590707,4929.8190302395815,3.2279646308616137,1.0,1,0
1429.9823457133684,1,1,1,6.359074357184256,1,1.733860808156293,1.5424532016427557,6774.814150447547,3.7376378931719976,1.0,1,0
69.27232291975363,1,1,1,6.806624638299216,2,8.347538286860473,9.783077507548827,10664.184995548601,4.422647784443828,1.0,2,0
65.72804880426534,1,1,1,3.042774737957018,1,1.6658154250124921,1.6495590472277557,7902.2517147568415,3.269865801981177,1.0,1,0
1415.9515991720655,1,1,1,10.262824645710566,3,1.3643760988528295,1.595885685564319,4177.032610397734,4.418811749411453,1.0,1,0
84.13148274823381,1,3,1,4.092573867610778,1,4.34992255258027,4.318664377996529,25679.28135027471,3.8287387312327517,1.0,1,0
76.12615371234808,1,1,1,9.247470134578254,3,0.5780092373048357,0.8119289517478567,4782.907789569767,3.8911338690788346,1.0,1,0
67.43142755558631,1,1,1,12.035229697408063,4,0.8599628071815066,1.2076005365301838,39076.48675422267,4.407539062777683,1.0,1,0
1429.3110522137015,1,3,1,5.045325455711602,4,5.729837212819718,5.826345264392568,36184.47213069106,3.572775437507055,1.0,1,0
64.53302499785543,1,1,1,3.641614889287579,1,7.423259847258921,7.909319199875358,12855.39327265222,3.8921536194093864,1.0,1,0
118.7793903332992,1,2,1,6.667972944020747,1,12.686102087681823,15.402608208162633,17640.24464719642,3.8448257162696677,1.0,2,0
142.3916040474405,1,1,1,5.018614779416519,5,23.937209672914477,32.79435655305533,7696.970635881907,3.854189309816374,1.0,1,0
71.58550194188082,2,2,1,5.1623859349130345,1,10.021683897116242,6.104111661790761,31055.61285908137,3.2935444317773968,1.0,1,0
71.41446791183647,1,1,1,11.28580379309779,1,2.398885417683067,2.045296459343654,22669.243022232597,4.829235231189284,1.0,1,0
70.99631252328709,1,1,1,24.857711131160173,2,3.7125062265030957,4.072405192526877,13932.957832062662,3.4561834421921582,1.0,1,0
142.65740950242602,1,2,1,4.09504601749132,1,1.3331376284757244,1.6354762571348407,8765.917431927202,4.289039249239553,1.0,1,0
72.07902009331447,1,1,1,1.248958920472627,2,8.488548848789858,10.589842843214122,19153.051882485935,3.6386601286785654,1.0,1,0
130.47292498577264,1,3,1,4.711376516629407,1,6.459179383963564,6.865864082611847,19425.34096471344,3.540831202282115,1.0,1,0
1429.1697190506563,1,2,1,2.8376962894464417,1,11.98665271460475,9.622774030148522,16444.03942614987,3.94500907409389,1.0,2,0
97.60641788271394,1,2,1,22.529603891952416,5,1.0007541693670627,0.2955256022387501,6941.136806490553,4.794651462824345,1.0,4,1
1413.4575878139076,1,3,1,2.678390820598411,1,3.3653351056502534,3.552076727069856,7634.675178534973,4.520205043554501,1.0,1,0
75.29212909017816,1,2,1,7.980639898051075,3,16.744573677594026,12.858594975213974,8864.084792176176,3.683770252123474,1.0,1,0
111.10489540870192,1,1,1,3.7138936360504213,3,3.5144708916946747,4.203556555690692,27688.03969189694,3.331191459382243,1.0,1,0
61.867836150091925,1,3,1,4.184445696611516,3,6.462828572103488,5.026447093215243,8169.032071366734,3.881472410431902,1.0,1,0
86.27817219567888,1,2,1,20.668500868616853,6,0.11297863347578868,0.08926820613509646,18717.09518581992,4.83055778011285,2.0,4,1
1426.5135501956995,1,2,1,7.413178090637733,3,12.405020387972082,15.679634158591123,18091.281636996537,3.7423897211197223,1.0,1,0
55.26431011690949,1,1,1,2.999413783008438,2,2.176280356098489,2.65778990930265,4852.142285571544,3.070011966504123,1.0,1,0
1393.74246635225,2,1,1,11.24607735721127,1,3.4361306086654646,4.451607742498844,10412.313684652234,3.090898163130136,1.0,1,0
119.35951548988278,1,1,1,3.1748902134936263,1,0.8530254227589723,0.7978991918049926,18394.344989218396,3.578403905915725,1.0,1,0
1411.6873586366014,1,1,1,9.1248490532861,3,0.3839130570454635,0.33835954447595895,5340.500396887919,3.44257521690356,1.0,1,0
1412.1932611049983,1,3,1,3.545027303280403,1,2.607627946881723,2.4949421864463037,30310.455100990286,3.8979779606522458,1.0,1,0
1428.6819812926792,1,1,1,3.1038749865170714,1,7.815232470054021,11.193788288436831,6695.81950049379,3.3819902831069557,1.0,1,0
138.53876716464146,1,1,1,4.48640175420366,3,2.6184219923797474,3.7830252529473194,16474.786561882767,4.045610014478738,1.0,2,0
87.36194691890752,1,1,1,5.513552401923268,3,0.7826945838566983,0.7112714721038801,14604.067998829261,4.330706850446364,1.0,1,0
56.43969595789927,1,1,1,5.385110518461384,1,0.2053870342468282,0.23101327754959475,9779.086428401306,4.007428341985621,1.0,1,0
77.55235514807158,1,3,1,4.099951630866293,1,0.7324002584237258,0.5891361066821562,17900.681917696118,3.58253936101512,1.0,1,0
524.4862410186531,1,1,1,5.235127659707847,3,0.1792172501652154,0.18983434733618593,10417.825364761977,3.874313523722878,1.0,2,0
1414.1811135572934,1,1,1,3.370859654068003,3,2.2196262465221195,2.9468603482149183,37377.336243606725,3.6080787372695955,1.0,1,0
1415.7630643448636,1,2,1,9.571300445740807,2,7.4830336559055395,6.079425168754072,20862.856396757907,3.886013722436716,1.0,1,0
126.39531522301114,1,1,1,4.075467378913824,3,4.597925246004085,6.052927742600963,10158.427663269878,4.735350261873099,1.0,1,0
79.70247190800636,1,2,1,5.821852120542379,2,8.048084176504455,10.913376222071175,15663.54556238061,4.232867540475797,1.0,1,0
1427.8744877776317,1,2,1,4.278052532977376,5,2.913501683042348,1.7527784311026302,50514.55267392958,4.123224573781546,1.0,1,0
45.776350931178584,1,1,1,3.963318681830272,1,1.6549246315121025,2.1048372223690706,24651.723570908318,4.750746412908865,1.0,1,0
107.59188679747686,2,2,1,4.97459419932089,1,0.31528452618052716,0.22126073887303724,18925.884142908166,4.08426384382404,1.0,1,0
506.56288254993393,1,1,1,8.137915392800927,1,5.294426070858766,6.530555824603208,17543.17683458728,3.7842226282829374,1.0,2,0
1426.418694477673,1,1,1,1.3081017560182564,2,2.4631594219355355,2.632596091094751,13895.426922336686,4.019044438821324,1.0,1,0
133.9087796663994,1,1,1,5.941375732242618,3,6.199610808459855,3.8740728902328354,15405.281024743144,3.9453360651628806,1.0,1,0
1419.6188424820127,1,1,1,7.042684275131737,4,9.345955851184634,11.527400823569323,14276.889732535008,4.228392808615728,1.0,1,0
514.8052753278328,1,2,1,13.918165879629525,1,1.6784188748969577,1.5446694190673536,6566.3701837228955,4.884050753222535,1.0,1,0
1422.277591369289,1,1,1,6.549827008029554,3,0.44520423979061674,0.3432549967796619,3960.209989109181,3.5599989263816134,1.0,1,0
1431.2683668128986,1,1,1,5.070190631462577,3,17.88032727797301,19.403884368230607,12347.780546766882,4.064845136168251,1.0,1,0
53.255357999378475,2,1,1,5.421840751242739,3,1.7548657360063107,2.2433717710624848,8424.801343716732,3.7894625793907486,1.0,1,0
119.8030739392225,2,2,0,7.535321116362135,3,7.506096619761692,7.326915376207564,17206.17519972891,3.867939219765112,1.0,2,0
125.36871785562693,1,1,1,4.661003348808352,2,7.861382114432122,5.7695647513933634,55213.58688682741,3.6258400053234316,1.0,2,0
529.0909680463358,1,1,1,13.323659107711514,2,3.779286680228662,5.259451090947781,20683.969139817273,3.7948476292807563,1.0,1,0
60.603495845339715,2,1,1,27.59796775802736,7,0.08703504505008704,0.0360338975159068,17945.96337700871,6.085414108085671,1.0,8,1
133.68577961374723,1,1,1,4.697196912561022,1,2.967550116108988,1.9410507247210373,15331.281172894653,3.457795507135514,1.0,1,0
516.6885900992938,2,1,1,9.907477934781955,1,9.377224868190318,8.624983138888576,23730.733067084093,3.672741523545257,1.0,1,0
1416.8162803315706,1,1,1,3.0735740805801455,1,7.4763003229665665,10.465372463549281,3466.6547024929764,4.144641192446925,1.0,1,0
1399.4891604121099,1,1,1,9.073944237806261,2,2.2746564784430405,2.3214684146952846,13146.402569753447,3.4890977836256067,1.0,1,0
128.70394990161,1,1,1,6.825630137778835,1,1.92624358386864,2.53051377761937,24635.141890077462,4.086401472519618,1.0,1,0
67.45931343155955,1,3,1,11.829678043824666,3,2.4619938663746272,3.1246815733375,8831.431918439495,3.508101197470802,1.0,1,0
55.112563589643734,2,1,1,4.5719785751775035,1,3.1319077141096656,4.4332478778554485,12194.894535319969,4.137643229287185,1.0,1,0
124.48928695970987,1,2,0,1.6810232321701735,3,21.389833184226877,19.615149002971325,22872.83520928582,3.9157545303000876,1.0,1,0
120.62578413523538,1,2,1,4.647658863033907,1,0.99536489055768,1.3098320847112856,37196.151283769424,3.2935432987403157,1.0,1,0
122.74165699509118,1,2,1,2.8914201725381887,2,7.176321616842824,10.226500762422901,25221.4700284669,3.418098983944339,1.0,1,0
1438.19478740441,2,1,1,2.2906110864037688,5,3.5434201756655237,4.232202437317476,8771.887858613416,3.6451648313050415,1.0,1,0
125.27880878516471,1,2,1,2.084318236166119,1,3.0177889131333653,3.040609849173556,26168.421534653324,3.5408492280879007,1.0,1,0
508.3853680396376,1,1,1,2.178690224835326,3,4.3681543091894675,6.419990557880378,12057.206631006315,4.040093076834941,1.0,1,0
524.9749824762825,1,3,1,9.747081441153762,1,8.615263507479364,5.594195327288142,15351.176165136523,3.479524730416526,1.0,1,0
1424.1910808066823,1,1,1,8.705384680807587,2,3.1261357159897503,2.583138141546986,10466.08958489861,4.271397760362709,1.0,1,0
1422.157860384695,1,1,0,7.558048653558019,1,0.16916227330908007,0.18486408843256102,14231.190194512148,3.518527167237856,1.0,1,0
121.48285187184935,2,2,1,3.2867930080934418,1,1.2125220233469984,1.351120627355821,35556.874829144755,3.77181885332579,1.0,1,0
127.8913116741402,2,1,1,5.399260611489885,1,9.077151640300398,8.761865932916397,13447.241852396546,4.022362324177809,1.0,1,0
46.52060975265646,1,2,1,22.17961277545695,12,1.086521328666753,0.5817271727550325,12201.48658567677,6.796319042476291,2.0,1,1
51.58598256069547,1,1,1,1.2255872352878752,1,7.284504023626788,7.660826198833451,34797.444132893295,3.224336678249612,1.0,1,0
119.66378762574502,1,1,1,7.543423441080641,8,4.309173617400525,5.573972908319414,9188.779126730653,3.5149761849005463,1.0,1,0
530.751045784765,2,1,1,4.207045137982152,1,8.28080186859229,6.879089450051014,31070.829486176517,3.956730961045477,1.0,1,0
740.8365510347152,1,3,1,78.99588521668238,4,0.989924621905244,0.43049334473421014,4547.277299619869,5.430952929085898,1.0,4,1
143.80400850479631,1,1,1,4.114768670776451,2,1.7599649342348282,1.58402854526075,34317.70603083247,3.751856879615978,1.0,1,0
133.33987959919583,1,1,1,5.357512894825706,3,8.369545754806216,5.441929082587263,7447.53871993317,4.245549329446861,1.0,1,0
117.65656140316165,1,1,1,1.6360838830368856,3,8.822883021379239,6.404214704312394,21167.012606490436,4.260156911675072,1.0,1,0
133.20372824703398,1,1,1,7.122747597671931,1,3.8974485937206373,4.254750799411561,5485.989585369853,4.1263476423759915,1.0,1,0
507.698362463082,1,1,0,2.1219064367786125,4,6.234502369155903,8.60210197552485,13568.343479435425,4.264674830744118,1.0,1,0
1404.460583354432,1,1,1,11.018037075175796,4,6.374854946286765,6.931205557417366,17335.327335028298,3.9861011052040944,1.0,1,0
140.09863591156986,2,1,0,7.260776701212817,1,16.819690483201683,21.674314360143647,42614.09383617534,3.6010303054000783,1.0,1,0
498.29137318196865,1,1,1,7.707216762410182,3,7.666755584299458,10.800238315035115,34613.372964618655,3.623661794270824,1.0,1,0
51.19647146880935,1,3,1,6.719893724140725,2,9.47298227344559,9.906116778278468,8100.9318833662965,3.418236680999034,1.0,1,0
1446.075324422662,1,1,1,28.68521063468864,4,0.2172882807272663,0.10876850169699893,1434.6084269839437,5.8299979084074245,1.0,2,1
66.7814632257682,1,1,1,4.8810097245063115,1,3.551492812043939,3.7470764376912826,10238.816759849775,4.175189029501591,1.0,1,0
73.82811292854694,1,1,0,8.476751210421401,2,0.32739606997454895,0.2531563497050335,14759.85230483642,3.7714151999236387,1.0,1,0
525.0698623554835,1,2,1,8.803957086207994,2,15.012491516609524,16.042828008357333,47642.410250837995,4.323426915571491,1.0,1,0
140.97670003344524,2,1,1,10.408399284042382,4,3.6042447209271438,4.423911289319072,11433.78600325982,3.84868464177639,1.0,1,0
112.97370089334308,1,1,0,14.118889734439579,2,3.249873661181851,2.767935976583024,6012.073479335552,4.4848320253487755,1.0,1,0
85.38268462446098,1,3,1,15.881993073863965,4,1.109965323268791,0.40988386533772925,19502.393229965437,5.99311776385284,1.0,2,1
62.50128949849536,1,1,1,10.155368819764057,1,0.6073783561795237,0.6777027725524429,13294.399631924953,4.408510682149915,1.0,2,0
137.52447053300153,1,1,1,6.2095600794865105,3,1.2219891437708372,1.2962715108182488,13347.874661320686,3.749081259113751,1.0,1,0
57.57424505252807,1,1,1,4.2102059700218355,2,18.91197253599335,20.780887384335013,38382.320182449024,3.565711495402083,1.0,1,0
120.65940392273518,2,1,1,5.643735291427485,4,8.042822256203774,9.226747024753784,4263.559448059242,2.530756594161085,1.0,1,0
60.7006846735945,1,2,1,6.518984978863568,2,9.204827745791011,12.436386191127871,4298.1842550293,3.8918357293510946,1.0,1,0
1418.405645454224,1,2,1,3.3095096413957727,2,1.5141510669382638,1.5444143662605578,14739.310812277434,4.451985778646965,1.0,1,0
51.608141774886704,1,1,1,10.180584606530507,2,7.764132113983858,5.640077950150368,39727.86039106637,4.144666113232982,1.0,1,0
127.73416093356154,1,3,1,3.2019347594602414,3,0.9199606948500261,0.9211107324778566,18504.307984051808,2.6798611566235806,1.0,1,0
80.12659202416638,1,3,1,14.098990030895656,7,4.1556294081292275,1.900537309545488,16542.490606786087,6.372109603107683,1.0,1,1
128.28325740481415,1,1,1,10.948396727597965,2,3.201096308754226,4.113705197191874,5377.800693363868,3.857856441057868,1.0,1,0
98.77283858592374,1,2,1,15.767771883594953,3,0.04584330579296707,0.027135157270037593,2363.0657055651604,4.9736441801643485,1.0,1,1
86.59439599991643,1,1,1,16.09824994106637,5,3.361681355322649,1.0642541242107697,9831.416262974159,6.816249971752826,3.0,4,1
515.7434384593887,1,2,1,7.871398422034656,1,1.9732745677806642,1.3127154471780995,22196.36727866925,4.32776918447662,1.0,1,0
52.69797485215335,2,1,1,10.865846895320693,3,0.5926650452664642,0.24276532626231812,4401.795549194314,5.402133954607135,1.0,8,1
127.11160044729981,2,2,1,3.0382095256282695,1,22.148397760407455,14.768536904393821,10345.458556402711,3.67704877749077,1.0,1,0
47.21410517275689,2,1,1,6.263242537411512,2,2.660855175319436,1.8603586091395168,22543.612335685622,3.82610166580637,1.0,1,0
492.41530884098995,1,2,1,1.8192377438222618,4,0.6185139758808913,0.6325295175429696,29159.453912689885,3.2935785457526032,1.0,1,0
37.49729288669445,1,2,1,18.235498810442877,9,0.5783528483532248,0.3827828109325537,8449.999353533374,6.212588954376745,3.0,2,1
511.2807932252998,1,1,0,5.17939418749067,5,1.0212166829842875,1.2805399837206726,25481.256477717132,4.278292171888314,1.0,1,0
129.7034036050736,2,1,1,10.65974140343244,1,5.203036519122509,4.804280360529657,22332.525017431104,3.3006563879743935,1.0,1,0
112.40399329456132,1,2,1,6.592466031276895,5,5.6101685576871585,4.130075423460184,26370.041488135987,3.742069210553298,1.0,1,0
68.80656799025827,1,1,1,4.825865717227082,4,2.5440361164402776,1.5483994854460172,5047.409273169713,3.434670340278316,1.0,2,0
512.1228535238422,1,1,1,8.945253104028026,1,12.884365769000897,10.115503122672235,34094.897566402935,3.589480963691956,1.0,1,0
520.021503770349,2,2,1,8.799159298589153,1,1.7883433122565782,1.6399508117594703,8880.890108216012,3.601317523602871,1.0,1,0
72.8703678359612,1,3,1,5.3201347919506095,1,3.6892280485844853,4.789287120324196,14654.787331995907,3.681606524149714,1.0,1,0
98.8712366904287,2,1,1,16.87127923138023,6,2.396374695979694,0.6108601375729115,3155.546428183983,4.664018934954955,1.0,1,1
56.34121361352737,1,2,1,2.8624044776082007,3,1.1112796605575173,1.625243282306732,20631.10320966025,3.897191812530352,1.0,1,0
513.8683600295097,1,2,1,4.221288941191167,1,2.347112586679136,2.9195953207552345,5840.695051304812,4.262789057219282,1.0,1,0
85.97977319643188,1,2,1,6.299917437732567,4,1.0720398087147909,0.9665503625111231,28913.137956607785,4.014316918351018,1.0,1,0
124.8587894776637,1,1,1,8.111813065514713,5,3.5995639266538966,3.4252853135363486,23158.574438427102,4.378183717272294,1.0,1,0
1425.4148924172264,1,1,1,15.427113752675888,1,2.293364931043988,2.5992244350537987,23104.589632753585,3.5461700030639554,1.0,1,0
1417.2460573348399,1,2,1,2.3432477663446667,1,0.25547541179173733,0.23245601189430753,9035.99255305164,3.6610460255068653,1.0,1,0
499.6308978411646,1,1,1,6.566330307289713,1,0.5362470634921593,0.6174994431076749,46032.99266014481,3.877570308705011,1.0,1,0
533.4476539877674,1,1,1,6.503758849840796,2,0.9313033305215385,1.2110473362077891,14073.887308507705,3.779447135045057,1.0,1,0
113.56551539970508,1,1,1,4.378686740068606,1,0.18625117721454904,0.2534334012741514,9756.958823257994,4.312972087859176,1.0,1,0
111.58214511119851,1,3,1,6.067466770203531,1,3.502741339424184,4.739898961798674,16319.480324076294,3.1842302745563997,1.0,1,0
504.470655066778,1,1,1,2.2651763841042207,1,3.287969320794091,2.3747351286951037,37134.88879518786,3.2362386666620324,1.0,2,0
1411.4372571877352,1,2,1,7.864363868685256,1,1.8183626335410985,1.4086061747776362,15560.541488664523,4.400035919642058,1.0,1,0
58.75573668490201,1,1,1,14.616761847461033,1,1.613150681592583,1.858144565689784,23962.694372511767,3.4627231754159884,1.0,1,0
1429.67423692247,1,1,1,9.727974947088555,2,2.0803574991298426,2.91208386162334,24940.20063815992,3.104773935199074,1.0,1,0
42.527653085233545,2,1,1,2.605543192524782,3,9.47556818037448,13.866235950672376,15194.42148500003,3.543009020023222,1.0,1,0
140.19490848912807,1,1,1,6.082768103221339,1,8.982166605118719,7.043174470302741,3952.3010136408634,3.712938158329643,1.0,1,0
1415.5771103143682,1,1,1,3.1396902713406107,4,22.702092898951072,15.747578731473068,16275.087787221624,3.455936187804594,1.0,1,0
1416.4306357084736,1,1,1,1.8995301153064648,1,20.423661778991335,14.780810439786642,17469.381925246264,3.781560788925261,1.0,2,0
1413.98448648993,1,2,1,12.112894511131412,3,1.8153871466219003,1.6766705008706781,15377.573892103685,3.5546384962322515,1.0,1,0
1425.6991211067652,1,3,1,2.855959004260498,3,0.8919503138437821,1.0814307282602666,10088.092527751816,4.173197896969568,1.0,1,0
41.03562631620402,1,1,1,6.230746764291777,3,3.682412460759232,5.0806829189598925,11222.667924837215,3.752047513601245,1.0,1,0
65.53994729411505,1,1,1,5.07732155532142,2,2.2078674275014127,2.38038048508471,10584.01562204898,3.5790172175320953,1.0,1,0
58.5278602285341,1,1,1,4.771849998241003,3,2.296487822316734,3.0203715682303467,7692.846567703283,3.579010841683282,1.0,1,0
115.72825333851404,1,1,1,4.888460182244003,1,3.054549098951311,4.1334644949338,30506.686325747225,4.210186045140129,1.0,1,0
1420.9641936972037,1,1,1,9.584953437176608,2,3.0009589191340984,3.997399510464998,12218.863155261966,3.3280843427024283,1.0,1,0
504.14679936886955,1,2,1,6.670648361237721,1,6.035048583216174,3.8969509480282025,9571.352350803469,3.3071360288224554,1.0,1,0
65.16887448346702,1,1,1,3.387175358722466,2,4.687212761384713,6.688064246239334,12010.623199407451,3.7148348592960216,1.0,1,0
65.95874396471194,1,1,1,8.425377126857189,3,1.0382030829991846,1.3691027442421324,27971.68054253861,3.781720717144405,1.0,1,0
1425.8291831682714,1,1,1,11.063482195754096,1,2.0741931642008815,2.7725119558527114,12418.612430051648,3.7898765322704477,1.0,2,0
68.22861130425488,1,1,1,22.992834262655965,6,0.08433305017880117,0.044593924307938806,8412.862582386279,4.217667511994689,1.0,8,1
131.28269572074814,2,2,1,2.3624954776660347,7,1.5209256069732382,1.2687951745782315,14777.495444472886,3.5769677646463522,1.0,1,0
52.240249966092684,1,1,1,6.170456593703398,2,1.1723664396000362,0.8916557751317439,11672.264314945165,4.083983114601726,1.0,2,0
1428.1273010644134,1,2,1,5.658401892790124,2,6.162967200881629,4.510036117896744,5241.027201613685,4.460987766955484,1.0,1,0
516.941826859997,1,1,1,5.0734678639852975,1,2.860939396822699,2.805096034879208,21302.825959540132,4.318501976753097,1.0,1,0
130.90148770039957,1,1,1,3.91719351374908,3,0.43510108432260497,0.5865925002467236,25286.92403253938,4.47655283495451,1.0,1,0
506.62956536983944,1,1,1,5.580495088241301,1,2.4496396737886976,3.2127686715739134,6178.272733503894,3.3674512929051046,1.0,1,0
35.90150457937925,1,2,1,19.1791500456806,4,1.8212142547072674,0.26269115082649086,5717.487638280633,5.869097113971745,1.0,4,1
123.61509050496277,1,2,1,4.997871454871711,2,14.538025757893463,19.085343528627664,20772.025742119276,3.8588593798383397,1.0,1,0
59.21332109241047,1,1,1,1.9147825967361114,3,7.128141989045053,4.7529921707106935,20425.2059204738,4.223008283597082,1.0,1,0
129.59125387181163,1,3,1,2.221844783484771,1,0.7692743704426872,0.7460685634113124,27041.687479022905,3.9526774581826647,1.0,1,0
50.1243272446936,1,3,1,8.423897481775835,1,10.823154310655767,14.177456843912207,25586.664391172424,3.91574311059048,1.0,1,0
135.9374611461769,1,1,1,2.633664100124485,1,5.835491430640103,6.328910011027538,13901.607487390114,3.6680503587505062,1.0,1,0
129.3696082033294,2,1,1,8.900957932927934,3,8.544479994192924,10.505529787327886,15232.27474215166,2.532182548210347,1.0,2,0
1408.8761773607455,2,2,1,11.437678138288852,3,0.7893136798760947,0.7958888241293275,14854.884765706725,4.314337333180064,1.0,1,0
527.1732106138563,2,1,1,4.098483228885746,2,0.8663896496985333,0.9476339504662343,19111.939029817546,3.745661818127342,1.0,1,0
1413.7115744767727,1,1,1,8.534098054776473,2,6.685962741823664,6.855548073647196,15024.580706575485,3.9194948913993444,1.0,1,0
124.1080198050443,1,1,1,9.185366683074882,3,3.7581094758686997,4.6043511742856555,17370.4473690566,4.315061448572825,1.0,1,0
53.74949641141807,1,1,1,5.717464173249528,3,7.210569479827453,9.907646367221396,22210.544862698338,3.7476311194101006,1.0,1,0
129.50743635303195,1,1,0,7.00797316624373,1,9.656364700383287,7.743021439814462,19573.892424401005,4.309564096423581,1.0,1,0
1437.6899111517096,1,1,1,2.8758320458354385,5,3.900806612558054,3.0929855214627784,9772.211077995924,4.369326978928756,1.0,1,0
1410.5834561641143,1,1,0,4.762373757115181,1,0.18996972622983171,0.20189151042205605,61908.74014346819,4.046824686955798,1.0,1,0
105.24980203436765,1,1,0,3.036661719726076,2,0.1783302685121015,0.25590716514376505,11676.253837532893,3.561978462963688,1.0,1,0
117.38634121124069,1,1,1,3.6516984046818037,2,2.612807092853234,2.7403762600253336,13078.813305073145,3.4147787954361895,1.0,1,0
1423.152535689173,2,1,1,2.7270207586448723,1,2.163566074823183,2.679889123225247,9801.015974652433,4.733771147205374,1.0,1,0
1418.793217225505,1,1,1,2.179593879308671,4,0.5107694918889621,0.6261917732573639,16603.323921739237,4.06995360934548,1.0,2,0
1421.5532492828656,1,1,1,10.572299322155317,2,12.754691829058686,9.583478235724488,8789.163341644631,3.7720639549721486,1.0,1,0
59.097180377958075,1,1,1,4.230009900849861,3,4.31046044682295,5.732093382824364,26656.967909060084,3.5360721866961304,1.0,2,0
49.322889981108716,1,1,1,5.6550912545034535,2,2.498291712965769,3.0741473747406802,15795.345465773773,3.27653063245626,1.0,1,0
71.6221267866609,1,1,1,6.102670182529921,1,10.048050943443705,13.046262528842691,9296.912998701062,3.5395472475874854,1.0,1,0
117.11333777294166,1,1,1,3.448531813043178,1,4.909755429780044,5.994354639015335,34456.0827961222,3.647633555960033,1.0,1,0
1408.2363496874923,1,3,1,6.529113114083683,1,4.084970096376346,3.2711586123342493,21822.05255680915,4.107416232072609,1.0,1,0
59.0885097873241,1,2,1,5.999262155684421,2,3.9932750575668408,2.5823357168282683,8671.141010133835,3.944105852483836,1.0,1,0
142.60443944379804,1,1,1,15.04688824031332,1,1.3927639682433754,1.3745184149609841,5188.847833459033,3.5984230705734683,1.0,1,0
68.19681762939437,1,2,1,8.924383136865117,1,2.242061824827553,3.2581863718116524,11051.071220218642,2.904458012470294,1.0,1,0
1405.48302489777,1,1,0,2.673556290277599,1,7.3055017837862755,6.917775039312509,20742.758608451106,3.4804499385694037,1.0,1,0
122.92872189814378,1,1,1,4.9957395762764305,2,4.665525835702584,4.8228729791276805,27120.31255576913,3.941174797340829,1.0,1,0
122.32989561288515,2,1,1,6.167390948332119,1,0.14569408177280602,0.11011642473984966,20310.62929695065,3.214536818836814,1.0,1,0
518.7148353536339,1,1,1,6.110212391086714,2,1.3047216647477708,1.529974836803814,6261.978960648673,3.3561192520866103,1.0,1,0
1444.7158374119,1,3,1,2.3752736711967337,1,6.094944520714992,6.16136245396432,21985.79375228801,3.7638134584467045,1.0,1,0
116.94992528529045,1,1,1,3.2223945092964335,4,3.923152455871532,5.272665891121644,14060.14376749128,4.079301221938149,1.0,1,0
125.47589332072651,1,1,1,3.8083250879524613,2,3.3181798423904736,2.0524716137290184,6407.9067383117,4.40838295306033,1.0,1,0
93.26231185595248,1,1,1,7.867245590890647,3,4.417915676946727,5.944131728915945,17599.63283992753,3.650299004922803,1.0,2,0
125.98412530475716,1,2,1,10.896580980774308,1,0.9624089224613405,1.13789961943629,22588.377609374933,3.8987342224892636,1.0,1,0
125.33900672347153,1,1,0,4.407529706823417,5,26.3544766418199,24.454540613236375,32871.289465392234,3.752993633331341,1.0,1,0
1412.168994509806,1,2,1,6.3544518798976934,1,15.358462317643076,11.737238450180053,9848.646328538773,3.6098479942610022,1.0,1,0
58.567626484287594,1,1,1,4.661898853937448,1,4.059031101325327,5.56507554991571,10247.756359702344,4.046408191047778,1.0,1,0
71.3092901988327,1,2,1,7.182619184338732,1,0.7565482868124912,0.4760236811469209,18307.176399921467,4.108393365987119,1.0,2,0
128.31367533892958,1,1,1,6.347927044139919,1,7.739848248279623,4.99936132991319,1946.9876385967677,3.6110968877060214,1.0,1,0
513.0346085215198,1,1,1,6.245909479309604,5,2.085053858201995,2.876844932712797,41244.87323760347,4.00270423909866,1.0,1,0
59.76303722163762,1,1,1,5.447131378016819,2,6.770315700925591,9.02508368449515,14455.755866947131,4.07056827470873,1.0,1,0
514.7140121644873,1,2,1,2.828994279754581,1,1.9440851427156691,2.531653246153742,10931.41905443585,3.9909332821185632,1.0,2,0
87.67665302868552,1,1,1,4.3174976549507535,5,0.4289809615419743,0.6318491818856398,11201.265298656468,3.374654527405004,1.0,1,0
57.07826485155938,1,2,1,5.06961338379099,1,0.3113213531356176,0.26872469443535496,23409.88625593049,4.363303878726283,1.0,2,0
30.571038658346996,1,2,1,24.899467061061575,4,0.2351144132511089,0.15115145624934476,10962.080469724004,5.865462370496954,2.0,4,1
119.07201194846598,1,3,1,8.082182544754867,3,5.071663733537251,6.864802298300752,8005.1306365504415,3.8303736938906825,1.0,1,0
73.44459788782476,1,1,1,8.174478732474888,1,0.4918107535686099,0.4987136445912066,7089.7125575643795,3.4311228682172326,1.0,1,0
513.0355228181351,1,1,1,8.355645002977266,1,5.4547805485347745,4.586389320718009,16456.628563367653,4.101153209401151,1.0,1,0
1436.6497318489735,1,1,1,8.112841173945615,1,2.47707211818904,1.8562990305542535,26940.729307410114,3.4716803273321064,1.0,1,0
1402.3995957351583,1,3,1,3.1335287464632784,1,0.7184906395152473,1.06218453177204,13270.567051174548,3.9178988580613288,1.0,1,0
523.9848695861518,1,1,1,3.13759249088638,3,5.397595666550785,7.86304314282178,10347.009179870316,4.163315270273112,1.0,1,0
1460.5683405929658,1,3,1,16.216285744788053,2,0.6636266248919659,0.4948264343628861,6454.202960020647,6.763075567440716,1.0,4,1
61.78215348180936,1,1,1,7.8194499727382,2,4.2007109033056045,3.5726901150795083,20027.236040539392,3.740644589672734,1.0,1,0
58.20863727185003,1,1,1,4.237810626848894,3,0.5964764266462238,0.6689845092873139,46516.10655971537,3.546824445158828,1.0,1,0
754.9582366065516,1,2,1,17.172257899063787,6,0.6946316786187883,0.43871244279985616,2783.74017290384,5.511706695342246,2.0,4,1
66.39445323119826,1,2,1,12.379215071597361,1,1.4689223137012228,1.5412271023329576,10039.072936499808,3.3981054332082024,1.0,1,0
1415.8709982711289,1,1,1,11.435546205389072,1,18.083858836719592,18.689880685705567,19118.156956939405,4.300380363456184,1.0,1,0
1418.7950948723703,1,2,1,5.108054823595749,1,0.19437460818701488,0.12534472676040923,22457.428464958164,4.918291303964224,1.0,1,0
1425.2944032090372,1,1,1,3.5331764828187637,5,8.223796824129263,6.572379364454868,15274.794660768488,3.541333658571489,1.0,1,0
55.66162514780525,2,1,1,5.790261422334381,3,8.231716105219391,7.907259767783146,17250.446007341205,3.8988355759913143,1.0,1,0
503.0246098442451,1,1,1,2.7027966427738046,1,33.79779020598549,45.82927336180371,5450.180575880114,3.7685669891681677,1.0,1,0
65.91147946740145,1,1,1,6.528091358359491,3,5.097736048756523,4.238430536806073,16248.163524226356,3.4801189493066893,1.0,2,0
57.67217346417231,1,1,1,5.690444721503729,3,1.9402001395582533,1.6073831605143243,23589.15186546401,3.773494548737714,1.0,1,0
76.20341326746218,2,1,1,5.358793912793337,3,0.6369075046795661,0.9476127664200051,13755.536133696565,2.9434179682926924,1.0,2,0
496.2461003090998,1,2,1,7.180790375090354,1,2.5979865586877113,2.810490512039563,12939.34124923643,3.6351227177645002,1.0,1,0
46.774411005549084,1,2,1,6.4108066999543825,1,1.1784004094126492,0.755799951913218,27150.20889233402,3.8789646872433714,1.0,1,0
147.1926652470892,1,1,1,3.479214727113257,1,7.516221385989044,5.013540363860131,23898.784924995318,4.117292097119997,1.0,1,0
1424.570833010283,1,1,1,6.742297068378159,2,4.996011377614336,6.919736635120837,7202.639278751897,3.351745965282472,1.0,1,0
1424.533931189454,1,1,1,5.141802812483853,1,7.404711433238489,9.496084817945892,28825.935809790048,4.3559723773334325,1.0,2,0
518.4798745788192,1,1,1,6.521738644950244,3,1.9775972542797002,2.500689595271107,16663.997428659142,3.3313308102580947,1.0,1,0
60.115697398042016,1,1,0,3.658008709615069,4,2.7933325858235682,3.618641256687767,21943.31233927392,3.8302765427660965,1.0,1,0
513.5684519418531,1,1,1,5.545611990489096,6,4.138544601035874,6.02782249640263,14699.259210562703,3.9043544874572587,1.0,1,0
1406.6455839263785,1,1,1,10.34728379288791,5,1.3111509199409088,1.5113243079054939,26936.003702430524,3.8498966020555874,1.0,1,0
510.9158948955642,1,2,1,11.947295015395719,3,3.792917909336224,2.5009606983045765,8163.424117033016,3.5561879408343606,1.0,1,0
1393.1520829855558,1,1,1,7.143775728634654,2,9.338650864985665,7.736682325517759,9985.435320616774,3.428814247963743,1.0,2,0
1435.1260761976387,1,1,1,6.3026745727402655,5,2.249227580191523,2.416118042468417,5733.302806331224,3.7004315760841124,1.0,1,0
71.42584294799052,1,1,1,4.44632303774566,2,4.616545038265594,3.1841002375426246,17618.17022189866,3.2765832928961798,1.0,1,0
131.4946500439134,2,1,1,9.32573003370454,1,0.4797185811057517,0.698241742562948,20528.35264675252,4.6680500950037676,1.0,1,0
140.7690686965803,1,1,1,6.8362017252547655,2,8.782457078436854,8.935809376659732,17375.853632652077,3.916050479777834,1.0,1,0
1413.581678941554,1,1,1,4.179482649710994,2,11.577080369180969,15.935948750404073,9489.475921006453,3.726023770395668,1.0,1,0
65.50888661006707,1,1,1,5.825608867234532,4,2.727444756588292,1.8675769635235937,8868.987319596696,3.8860746469072045,1.0,2,0
511.3390860626521,1,2,1,4.912360689068068,4,3.2092674893951796,4.218719517660421,40780.22642594439,4.09680370698733,1.0,1,0
55.429403440321536,1,1,1,2.4227156724368193,1,1.784151424122768,2.2433018442148973,4917.808250774024,3.0421226973843805,1.0,2,0
1441.9212143842078,1,2,0,21.653227014640102,2,1.6093770071732634,0.4384928147594016,7054.90732142747,4.900987176060983,2.0,4,1
516.8157327964166,1,1,1,1.4692716384889504,2,6.949093407760513,9.980467417828441,15437.243257556132,3.29526588195475,1.0,1,0
126.5458563398221,1,2,1,6.759661957412557,5,34.83566902736285,46.01407916006284,17720.63372055081,4.409408395673718,1.0,1,0
503.1517684085279,1,1,1,13.3640704136042,2,1.9316566331439458,2.2500273383826914,11806.488293504572,3.3013824092650492,1.0,1,0
1427.611237396333,1,1,0,4.244501203186231,1,1.0858082272482121,1.3557731845175631,16805.52305979813,3.4050572158784744,1.0,1,0
1420.081721459939,1,1,1,7.075807303399398,3,2.1825399393782337,1.594167649457502,14836.588583271867,3.4444550948895385,1.0,1,0
499.6369388387549,1,1,1,2.593709800825695,1,4.989361969922859,6.448703871828157,5952.501572960225,3.3274615654930777,1.0,2,0
1413.1991894557884,1,3,1,2.519926117486076,2,6.1376351272124525,7.113723854146179,29275.809739286575,3.8637039298892226,1.0,1,0
63.21225023736334,1,1,1,6.643855098730333,2,6.310634407295882,9.242700225269239,32840.5637582048,3.6607630081940012,1.0,1,0
137.6569182723202,1,1,1,5.744049795332364,3,1.7224765874545775,2.007883464014848,15919.878533389798,3.14247250567226,1.0,1,0
508.1462875092456,1,1,1,4.626651981627617,2,4.762836360123999,6.815754709501916,14156.511464952217,3.7767942333759583,1.0,1,0
137.87250045981455,2,1,1,1.994174700613213,2,0.10037275101557269,0.12150654790102927,4287.969130405858,4.507025198981147,1.0,1,0
77.59269985878072,1,1,1,13.74045292627819,3,0.7101373941964653,0.754193625439415,37135.84150861914,3.772005673424159,1.0,1,0
1426.652531916287,1,1,1,9.099992133223136,1,2.989965352678278,2.5739801525949138,16691.564305628253,3.9254971033124244,1.0,1,0
510.3142004879281,1,1,1,6.57274428543737,3,16.092941085370224,21.686668041599997,9587.72158724327,4.264937991821627,1.0,1,0
510.9388993276552,1,1,1,1.7396384018204833,3,1.8784613639533787,1.1521374654804963,32441.287947487137,4.31137258240432,1.0,2,0
508.9607485241745,2,1,1,1.996533985899306,1,2.112241279858991,2.9854440914684797,20617.437352869878,2.806494785062487,1.0,1,0
505.1221195952484,2,1,1,4.729382958310429,1,2.9398707984160493,2.1189661732823795,16387.692028914145,3.70067771689017,1.0,1,0
500.4792124494253,1,1,1,9.013067506289563,3,11.043693594863647,8.535303033279913,52929.9102484207,3.939153151317928,1.0,1,0
133.38728642175272,1,2,1,3.591804297866441,2,0.204182128972332,0.19232166271390672,18413.645926058532,3.242104150441874,1.0,1,0
1404.3096692489007,1,2,1,3.8764783872847004,5,6.182051662326309,8.710187865630003,16616.65250077791,3.334237887385172,1.0,1,0
69.35719405234035,1,1,1,3.444041916147869,2,1.7044059640832128,1.3411294434858532,6055.479663530967,3.627490657573618,1.0,1,0
131.3247075397111,2,3,1,4.924887242494182,1,9.628652652002266,9.372259794689347,3979.162626959302,3.280713966437985,1.0,1,0
511.1640132698575,1,1,1,4.5437258971853645,3,7.636236356806091,10.747707472768006,4984.762578664826,4.361345339965917,1.0,1,0
62.118655521417175,2,3,1,9.607256977331614,3,1.6361701150135253,2.3776533646274403,5900.913639054086,3.5148367578996944,1.0,1,0
65.531110199973,1,3,1,3.9599096011889747,1,2.9331078850094006,4.01463602980314,17188.818264399746,3.778368287873809,1.0,1,0
129.74866739805375,1,3,1,10.747589963503723,1,1.2181198513326483,1.2957003324159053,6047.1904925808685,4.109260925158505,1.0,1,0
149.06544300122954,1,1,1,5.147727692530541,1,1.6525008343227263,1.6891787457176437,16370.784588277082,3.5866951706677743,1.0,1,0
125.68525018023865,1,2,1,3.625184366566571,1,1.2644902774343687,1.5603476305339667,7849.4624595275045,4.08638721247028,1.0,1,0
55.64865238124956,1,1,1,8.385126127791219,1,0.8008548761396089,0.8395008525240105,22447.84096688021,3.5663932420011184,1.0,1,0
31.620141431937665,2,2,1,30.971946051113658,4,2.457785023833971,1.3730304373700906,4396.035166950969,5.053303724619252,3.0,1,1
74.17639424905389,1,1,1,13.909925339015656,1,1.6950035822190046,1.5553592404044214,8987.777934027808,3.3890925604517568,1.0,1,0
1411.646067721735,1,1,1,4.49568839500831,2,11.39757837963962,13.993106308172887,16570.087584081484,4.06368662683338,1.0,1,0
65.47017785685179,1,1,1,11.82601193132709,1,3.7615508129025073,4.410161250026684,4528.9826914459745,3.758678225943727,1.0,1,0
125.84271988556917,1,1,1,2.9053149617808756,2,13.260668458323314,18.065631898122692,5723.10811126769,3.9371797893147042,1.0,1,0
1411.0784203249775,1,1,1,4.983022923572035,4,11.594039641408848,16.27516434231413,32994.659168012804,4.279069570430938,1.0,1,0
61.55989779224328,2,2,1,6.432396095758331,5,20.47246334679094,18.47137657427092,37235.48804956911,4.405914843044307,1.0,1,0
120.75734550281942,1,1,1,9.656684004665395,4,0.6343799983650811,0.6711975459019498,33059.37109075679,4.370673596944435,1.0,1,0
82.23844810942164,1,1,1,7.787601632051751,2,12.343952296729015,11.495907744639295,10974.529825707963,3.763675412721463,1.0,1,0
515.0935408275714,1,1,1,1.182014215013319,2,4.72618357712297,3.272310875067813,12410.697735785125,3.8070405876103193,1.0,1,0
62.0968988955525,1,1,1,8.636352806994154,1,2.7230082671848415,3.318334111550404,11449.715687364012,4.262467714587296,1.0,1,0
62.380031645465614,1,1,1,3.7637006757977765,1,2.4948665696617547,2.9599529608324446,46657.11272681659,3.806730054729464,1.0,1,0
66.16349287565906,1,2,1,4.224247778693506,3,3.4073136457569397,4.139835540361916,10199.684283472949,4.537913349372982,1.0,2,0
53.923729188834486,2,2,0,3.330749696283767,1,18.81123584495554,24.94083836313338,18448.993517363077,4.145572150580054,1.0,2,0
506.7922740992518,2,1,1,10.086864643196268,2,2.9592166508113196,2.3374156132888113,13136.546347314976,3.602120784011737,1.0,2,0
1439.1060909723494,1,3,1,5.01460584943327,1,23.136606590552997,24.620156895922655,21753.056996925254,3.559766502992155,1.0,1,0
133.5225469297132,1,1,1,8.230389661900855,2,3.854951277510231,4.361034300961109,40185.97550980462,3.5874514505638384,1.0,1,0
150.75569723735128,1,3,1,8.241233252695043,2,1.672685247336688,2.4569263462087845,27706.252616462425,2.8003930576881886,1.0,1,0
24.3922677675002,2,1,1,25.558133735672822,6,3.15976340566351,2.01702792855662,3237.0306329011805,4.667823243594421,1.0,4,1
62.166242689660116,1,2,1,4.232561270280365,2,3.460998519241119,2.251794287086399,18958.174495731517,3.133837970064073,1.0,1,0
133.0447860839941,2,1,1,2.7175740398910353,1,4.208074551850879,4.0604203751083725,17106.002439742428,4.089237182028359,1.0,1,0
125.49544171787329,1,1,1,4.6508578397227875,3,3.581663775934312,2.2149832515680914,14326.382873831333,4.018201328479928,1.0,1,0
71.80684482894972,1,2,1,5.430283562354667,3,8.730616265777176,7.524962665997125,32478.774422129183,3.76621048768731,1.0,1,0
499.5747214365277,1,1,1,5.95932853703187,2,2.210252751667034,3.2715538942040427,27114.239947262504,3.9136560955667905,1.0,1,0
1417.9652478508726,1,1,1,9.913693765555657,2,3.2046655315029997,4.294800962193493,17068.732878703147,4.76896158071942,1.0,1,0
71.65012294567714,1,1,1,8.227039908507578,5,5.655246741800406,8.156502096075116,20154.82940038976,3.7295887253501454,1.0,1,0
514.836961889885,1,1,1,5.373598671721381,2,11.639681474890951,15.356508164310526,37912.63779646546,4.190302598340676,1.0,1,0
124.44009460025951,1,1,1,8.834725873249521,1,0.45776175295868093,0.6764848872194696,24242.915817882353,4.099485636917243,1.0,1,0
79.0628818336959,2,1,1,8.91354809814316,3,4.807940054279827,3.575432594783127,37007.225123296135,3.8590782668934325,1.0,1,0
509.6132273353056,1,3,1,6.366792958155516,1,0.12344268337557002,0.13926567705776377,12217.604942174425,3.98836185090667,1.0,1,0
1433.5179711077965,1,2,1,5.5422283856741705,5,7.536843734975347,10.975047537621629,20329.036027765585,3.575058767150629,1.0,2,0
505.6071953830496,1,2,1,4.02605150199294,1,2.7065794592382186,3.7969444517137365,18160.404766047104,4.020709838215046,1.0,1,0
72.26820211848923,1,1,1,2.2004967695341664,3,3.0570138811361747,3.6980135358738866,22493.334051481885,3.204914051848794,1.0,1,0
63.78068506376626,1,2,1,4.015789096589181,1,2.6983135111357397,2.2795909391997493,12086.288888812087,3.9257092049263873,1.0,1,0
52.31702315765591,1,3,1,12.409294881614887,1,5.242652197327103,5.519882303061116,9489.406502296264,3.5518167559591056,1.0,1,0
1437.3072819346112,1,1,1,7.203447521251063,2,0.22170194609821037,0.23110699919899855,14419.786107786704,3.5170433638752887,1.0,1,0
1419.6570115569525,1,1,1,3.312498460599121,3,6.225519254209934,4.677214653284918,22638.11464078838,3.824465050163097,1.0,1,0
1452.1589505053746,1,3,1,28.59598309805252,5,1.479339637720128,0.505867492873268,1676.0382208297913,5.398284524869651,3.0,4,1
117.46897624230822,1,3,1,3.418308899440769,3,7.392620344502386,6.463556098086823,4755.169172399963,3.277458064105142,1.0,1,0
1445.7050027508667,1,1,1,4.456510780151847,3,9.135308269933205,10.060177924894127,13652.002157900173,3.6686672150534916,1.0,1,0
520.4931601792274,1,2,1,3.6092555006525764,3,3.6750336920453655,3.0612605227239458,30271.775751104713,3.56202378750015,1.0,1,0
128.9190364450244,1,1,1,1.889576841908148,3,3.891952247406064,3.5493700844191043,19932.356762357158,3.802863955829574,1.0,1,0
131.05685581195223,1,1,1,2.1841517591090933,1,13.588944999296091,20.09135529199387,31803.731778552807,3.8093331249990108,1.0,1,0
70.57221590102384,1,1,1,4.061988694420039,2,9.08280253204364,13.395155761698273,30328.311927231975,4.705865274661457,1.0,2,0
1406.8567957811724,1,2,1,3.0847337123106913,2,0.6485832381471721,0.8828297198188167,10962.939258182661,3.322502092221734,1.0,1,0
84.6556665201599,1,1,1,5.223194591445355,2,1.6816181858680896,1.9133533886966647,8101.392480309224,3.5370610579941992,1.0,2,0
56.16499227063691,2,1,1,8.657648739698281,3,30.549608518773983,23.571175295390166,34417.55017698873,4.184202785602006,1.0,1,0
1436.8677166098698,1,1,1,3.4414436186259154,2,5.744754138581729,5.310535114131036,10454.64714642256,3.9626215592063905,1.0,1,0
1428.2839851364247,1,1,1,2.5409532016376026,1,4.717312482326768,7.042535108818277,11672.461687431774,3.6625912986772273,1.0,1,0
517.6902243062657,1,2,1,4.964291439577732,2,4.724385882086212,4.572479566889523,22085.95610228887,4.024131206897259,1.0,1,0
524.1127053560257,1,2,1,8.96849484111787,1,5.390814865362624,7.290958622171695,14581.083940235634,3.5689442199167845,1.0,1,0
116.92029196662338,1,1,0,6.923546079567327,2,1.5474319851346416,1.890045819057758,14649.276474187307,4.021811811832886,1.0,1,0
61.384175055301064,1,2,1,5.581094969586172,2,5.737133923675065,4.307866932987676,23672.703334917984,3.3556873415784843,1.0,1,0
60.01882150427628,1,1,1,7.109726723709995,3,0.869898916720204,0.7610895690418951,16210.58110805452,3.742846561339814,1.0,1,0
107.00467693933959,1,1,1,3.903376986521344,2,5.808092120327438,6.807635669575397,4190.499127371911,3.5235988395442965,1.0,1,0
119.9241222879551,2,1,1,3.0367497826642325,1,16.87637629853992,13.12310898099558,25339.61386046144,3.121074370534015,1.0,1,0
1418.2464562813266,1,1,1,4.977826119574822,1,5.374851852856427,3.414964616878586,20934.35233745516,4.028923324482265,1.0,1,0
65.62408024127934,1,1,1,11.912359919264604,2,12.163860512740401,11.466447928335105,14657.179455392505,4.12768657488775,1.0,1,0
508.39212547447437,1,3,1,7.49822581905949,1,9.833930556172813,12.260541369023812,19778.06458661465,3.7531243598656485,1.0,1,0
135.6503650761661,1,2,1,4.752769167375353,3,0.5196771439959295,0.7634048368416599,14619.061081756776,4.143548099045723,1.0,2,0
125.53263931841549,1,1,1,2.748286747125157,1,2.3519254979133235,2.340039471492232,4992.58237110008,3.4185527837488907,1.0,1,0
516.3728584679587,1,1,1,3.5773472820979397,2,1.9652823548778149,2.2113273712690344,19046.726358885844,3.4026769694290078,1.0,1,0
762.9003732428819,1,1,1,19.20947869812955,6,1.0709181227630618,0.6643242806100703,2447.2918495210406,5.392116463161198,1.0,4,1
119.35557286951263,1,2,1,3.766405766463261,1,3.2543028035709596,3.0448448478879997,20487.98806026743,3.065245712454058,1.0,1,0
131.54248187135266,1,1,1,4.373509348352668,3,10.425521173592001,13.386238763734326,24685.476889036752,4.093176942632971,1.0,1,0
53.200215822303235,1,3,1,8.387807085012557,2,1.6438145382296558,1.1447455517375877,31601.026423462452,3.2783858642576083,1.0,1,0
114.559064756934,1,3,1,3.748128731039528,1,11.883956591227804,14.517796325117256,8579.031338224808,3.722184820606222,1.0,1,0
512.3007459477733,1,1,1,11.107301430038003,1,10.696742485029365,14.014345134143982,7932.189898766603,3.674295104322207,1.0,2,0
509.08461346645623,1,3,1,4.407594064341244,1,0.882305400776147,0.6958280050122788,27670.64026559575,4.865683646974961,1.0,2,0
1420.786451924378,1,1,1,4.050274280047921,2,4.894932983092838,6.77770136562924,19898.027507480845,3.623208248472986,1.0,1,0
62.82941456109323,1,1,1,3.4922428344213556,1,2.8931530756182036,3.4982616168725524,4698.404050695797,3.620148349832776,1.0,2,0
56.599112472865265,1,1,1,6.662518326933842,3,8.93215586739356,8.696791826959153,11598.269440477023,4.548487960317098,1.0,1,0
120.1706595127236,1,2,1,8.775678385862104,2,1.1517318814946078,1.037623715677098,16155.87581718349,4.488883694198474,1.0,1,0
109.86995692485456,1,1,1,12.601086331594686,2,0.44437965425231696,0.49437927406553644,12491.323412532736,3.6615721077194956,1.0,1,0
129.37836873558032,1,1,1,6.09195710929003,4,9.897995976026644,11.83695259697102,10493.035212467854,4.061218791274036,1.0,1,0
497.6511504542886,1,2,1,4.442443426666484,2,3.458979711146059,2.3894280837038058,15135.012967494584,4.171870120942353,1.0,1,0
1425.7679692663764,1,1,1,3.1837778018559515,2,6.0841422234504705,6.156637129946431,8689.174312839534,3.6113287106187806,1.0,1,0
68.23402052190615,2,2,1,3.3121285398888087,3,2.209990290358894,1.4365536154456073,19659.84345411694,3.856019018812381,1.0,2,0
1428.2101152080165,1,1,1,9.331838970776737,1,2.9547520828310647,3.872685776755551,25540.595798178085,3.6703478037185433,1.0,2,0
54.62284966030295,2,2,1,6.303503478393373,2,8.705397664729754,12.93374395808634,15944.212667486003,3.6351337362545117,1.0,1,0
124.44379459574485,1,1,1,6.886302688522473,2,3.270668657907172,2.696535991353131,27778.7844227922,4.509348712334111,1.0,1,0
1424.5762327969758,1,1,1,6.296470805819553,1,0.45498627641848144,0.474582992910337,8851.14087694395,4.028054109501927,1.0,1,0
125.7468575496074,1,2,1,4.956409443831523,4,0.6980568578363189,0.6705067397470726,13108.573257210712,3.7042151369935543,1.0,2,0
134.22276092959152,1,1,1,3.6422121204106856,1,4.444764992394905,2.986412467701577,20029.681781755215,3.911826553401871,1.0,1,0
127.6136970200286,2,1,1,3.2437732630212515,2,1.293959182045961,1.852138880062225,4652.482978784204,3.893962539266833,1.0,1,0
126.1248716203945,1,1,1,4.732721188693028,1,2.2173949923852985,3.2178230315126783,31551.15536770211,3.3513769199566825,1.0,1,0
1433.9169944719126,2,1,1,10.330636873567164,2,18.812402769979833,20.95115566612488,14226.726009567952,4.769007835776826,1.0,1,0
136.1595055275262,1,1,1,5.986141855671803,5,2.1051216302964995,2.9396891732398043,7506.077172104631,3.3172936881160826,1.0,1,0
64.05010167001345,1,1,1,6.478960146621847,2,5.361771234975832,5.556897768929753,10626.17640327127,3.3126919734086555,1.0,1,0
524.8252053739003,1,1,1,5.939896370741038,3,4.682988943884822,4.229172712612426,10582.5798853975,4.814046432854903,1.0,1,0
67.30479528700013,1,2,1,18.332255938953292,3,2.310063823372087,1.7586379526702556,21741.208280627783,4.342727477929863,1.0,2,0
72.03855952904523,1,1,1,3.8191053217099498,1,4.482744361025043,4.068023429989293,34164.488118135545,3.5863701645846975,1.0,1,0
134.70926374803287,1,1,1,7.351888247512216,1,2.228639183028388,1.4031519692218957,18896.61076215998,3.4992042948686226,1.0,1,0
1427.0304976613907,1,2,0,4.46090830703601,2,5.173357965796312,6.896624637121029,4927.0327951305235,4.515584034855621,1.0,1,0
501.26649594042317,1,1,1,4.516917467847788,1,12.13141172426411,14.79057450081519,21775.075173944988,3.544305765438641,1.0,1,0
131.88674207814003,1,1,1,8.988068079281064,1,0.6747133864653758,0.6787380001314747,33386.0421878036,3.9007742522989446,1.0,1,0
115.94549166327434,1,1,0,5.709405089597348,2,4.215133834438266,3.3409378898434925,1034.2959868865785,3.2759041632287396,1.0,1,0
92.36158386356259,1,1,1,8.50875498974616,3,7.055468349678538,4.537134395832565,13246.08962592117,3.7558231015611256,1.0,1,0
60.040531785607826,1,1,1,11.879062561529581,1,18.83954273832958,15.283294384180198,32014.42157676063,3.926197772254007,1.0,1,0
65.4562025870008,1,1,1,4.704921306241166,3,2.4501522200554993,3.256085840620332,17229.115177999272,3.9061033619349543,1.0,1,0
60.73193220047617,1,1,1,3.9504489256024624,9,2.533076844385504,3.352154886574728,11547.167433429187,3.4990748309665713,1.0,1,0
67.90543280507447,2,1,1,3.4372454844973936,1,10.655155708403546,15.330395032001096,18722.283765288325,3.9447248493715095,1.0,1,0
112.46045976098956,1,1,1,10.333353675850805,1,0.11330114001210051,0.10849418947442536,20836.31804281871,4.024635164350658,1.0,1,0
58.020175263781425,1,1,1,10.384567974443327,1,1.1062367363276326,1.0027862112400243,21676.460222068483,3.5951927150098677,1.0,1,0
137.4928169917641,1,1,1,2.067867379733565,4,10.307857175025017,10.752809519723668,35909.08409074756,3.983320370256389,1.0,1,0
519.1427603428331,1,2,1,7.248326087697771,2,2.4231322069088375,2.6175994818179236,31845.876609200765,3.8847827179819596,1.0,2,0
122.9838669117886,1,1,1,4.386542112726438,2,2.29418496393895,1.5675689363474767,8913.278803859943,3.6388950997620473,1.0,1,0
509.9537891919242,1,1,1,2.3977082593209134,5,1.1432111945812908,1.7103778647453765,22421.82817451006,3.7054116527214136,1.0,1,0
522.0784707166104,1,2,1,8.591409223400948,2,1.608450272248483,1.3041035100499305,10272.207210512765,3.812352517047863,1.0,1,0
1431.9975316960868,1,1,1,3.330499614416014,1,3.0404989644998492,4.521000285894118,6813.47013269419,3.5310892486469667,1.0,1,0
64.49904128939993,1,1,1,2.553579642828062,3,2.0098213403550287,2.4058569583205154,8648.075341324393,3.5078297483761953,1.0,1,0
58.513731648173845,1,1,1,4.572705383186003,1,0.22465611652438866,0.3158737768506457,16001.870169053966,3.8751894678657357,1.0,1,0
1413.997848786859,1,1,1,4.758501254825312,2,0.4737245142776332,0.646602530547219,12643.2364685897,3.988487413511322,1.0,1,0
122.55467049607532,1,1,1,5.249388225738073,4,6.495071862320339,9.210791496371678,19263.47220590243,3.4410629396595818,1.0,1,0
80.49622838965121,1,2,1,36.486317927021005,7,1.419194092462492,0.764861772177263,13938.23355325502,5.7303125367639804,1.0,1,1
129.45774700010313,1,1,1,5.876191114711152,1,8.474889958518725,10.008014287676563,32077.216934183078,3.6889894541192736,1.0,1,0
508.20859358243615,1,1,1,7.636914516722827,3,1.6887961824585929,1.158334540746841,3178.93000025541,3.483122005117157,1.0,1,0
67.5365935945442,1,1,1,7.196875483426414,1,8.708414614341455,7.732178942306568,15715.908265906419,4.276466205676291,1.0,1,0
1411.089518828123,1,1,1,5.23193026478988,2,6.285312772715759,4.610575447945423,10149.113470128696,3.230642648111667,1.0,1,0
51.67061010210465,1,1,1,5.763654369743501,2,6.716223904987865,7.674216293267033,13545.73186847715,3.3068609907415674,1.0,2,0
120.21212375352833,2,1,1,5.749710418598459,1,2.993745966456089,2.5102298364371585,12986.010385062853,3.988917949424849,1.0,1,0
83.69111097443879,1,3,1,5.838241025150547,3,2.138947375677613,2.4047764823578235,20107.494456015873,3.505061201090257,1.0,1,0
60.88887523520457,1,1,1,10.33403311319304,2,1.4402878565655455,1.0035073053704335,23182.6537698063,3.910567716041754,1.0,1,0
503.46853083980125,2,1,1,3.615703885994214,3,0.13883045297011676,0.15694538716746634,15144.372166398227,3.6604665157619976,1.0,1,0
509.13265015743235,1,1,1,9.064968332348604,3,3.33049494514433,2.8636650327563578,22933.962968283377,3.9550338329013175,1.0,1,0
1417.6387753957338,1,1,1,6.822713054226228,1,8.416575254480144,9.980992872738772,7037.082902372791,4.174200823508868,1.0,1,0
144.8860855444261,1,1,1,7.63888892025314,3,2.4064897953994886,2.0065985884245534,31436.16685536699,2.985854417600862,1.0,1,0
1420.2339965626577,1,1,1,6.406561259293045,2,3.6811251382028765,5.362489570150287,16934.14046639329,3.8272999730881954,1.0,1,0
144.62061983690327,1,1,1,4.536582302008005,1,2.0754961711775732,1.8042945723063957,24747.0756470139,4.377287901205936,1.0,1,0
1418.1052307834332,2,1,1,4.264623135546499,1,6.737955102013566,9.332220515256163,21142.205899546174,4.265443081679287,1.0,1,0
119.77854509295176,2,3,1,7.15885436950099,4,6.4599365933251045,9.228941968100639,13605.267806106425,3.505994651345504,1.0,2,0
115.53312715988186,2,2,1,6.16740147189218,1,4.699295464681947,3.630021458802979,24810.672525311365,3.245648021894298,1.0,1,0
517.5433346417245,1,1,1,5.944713947770298,3,1.264222228809764,1.3371607257025344,11292.252769466077,3.9604587869269867,1.0,1,0
111.04405350185094,1,3,1,1.7650458473355388,3,8.665331947550218,9.98734933196686,12002.881774122709,3.6794610016547047,1.0,1,0
59.25330290863486,2,1,1,3.0072749781571715,2,0.2961292261359987,0.394653173762297,50755.95749581568,3.4577788274862633,1.0,1,0
54.67022246775362,2,3,1,3.7976834566541546,1,1.0278370454820605,1.3735932795766745,5123.210040379961,3.3402817505337565,1.0,1,0
1446.8172516190461,1,2,1,4.697059955221176,1,2.214425278082375,2.081271767166561,9727.859053940325,4.145146068947666,1.0,1,0
62.64991928597623,1,3,1,7.505198510776034,5,0.10541318924445031,0.10238422367575763,14573.2784636619,4.327777552390486,1.0,1,0
515.626162167661,1,1,1,6.520622025606175,1,3.0587200168440716,4.509491856644403,10609.485230830123,3.766847649290039,1.0,1,0
137.0120429512901,1,1,1,3.776700380032207,3,0.928642757547282,1.0114718736841244,14640.091358355965,3.6005383959429684,1.0,1,0
110.92058798535723,1,1,1,4.708883325934672,1,17.07160709036172,14.218741758879698,32739.59237493193,3.59129605033283,1.0,1,0
127.05640462809605,1,2,1,9.286222926398851,3,4.188443934017133,5.466402945312023,8392.624322515867,3.6467995547672873,1.0,1,0
58.46607656965949,1,1,1,4.047106251881373,2,0.48978817197001767,0.4203584149996097,19750.059883235957,3.295285564651609,1.0,1,0
149.68091569950232,1,1,1,7.730489508977099,3,10.829591870953339,7.652156080933038,30660.331123117114,2.9606609913213564,1.0,1,0
125.97743226625366,1,1,1,5.4899479456785905,1,1.863309702020026,1.2056212978650176,11605.022216676844,3.997914971758636,1.0,1,0
505.7107321143183,1,1,1,3.314531445983798,3,14.470290412110996,11.529225196909781,19754.43268042406,4.373252792012198,1.0,1,0
1421.7264541912857,1,1,1,8.543876870032587,1,8.20006655701577,5.069504884133425,28162.973002305247,3.627826732801023,1.0,1,0
512.3704671194297,1,1,1,3.949503455423766,5,1.6420860523697065,1.5165640281365618,4563.165938884298,3.741402768854794,1.0,1,0
1419.309419262238,1,1,1,2.507173449995105,5,3.2321152116183756,2.0978719053863806,15652.793020698444,3.716102564111706,1.0,2,0
70.9896119041407,1,1,1,9.433359140953272,1,4.965002247750183,4.137410418798152,42407.15354652016,3.836391642023687,1.0,1,0
125.17737699753735,2,1,1,7.943464086128668,1,2.8603727944318136,2.2873630901348085,7467.503068872801,4.034974895577089,1.0,1,0
501.87516395858046,2,1,1,3.18374495413233,1,0.7607056598796363,0.6951121429048593,7668.3311109818105,3.928632520707631,1.0,1,0
1427.9628591046917,1,1,1,4.879392055844692,1,3.5560817647249947,4.3945688830439495,8301.02313610152,4.140076574148487,1.0,1,0
128.72552384196678,1,1,0,7.5718558203757675,1,4.824483330929259,6.367316730660783,34760.75658810208,3.963481630855275,1.0,1,0
124.49821040136456,1,1,1,2.3747076720288725,4,5.227971871723927,5.596892429872999,28526.965753046206,3.8681105956326385,1.0,1,0
58.33231192394106,1,1,1,5.4071065280981045,1,9.946168583646312,7.669444336262316,10063.156986678498,4.528040178661969,1.0,1,0
47.04683642206959,1,1,1,5.7125658535140715,1,1.2968056727719786,1.8730500189846018,24038.471469967968,3.4025664673560843,1.0,1,0
1412.9926943353462,1,1,1,10.275430181353297,1,16.86698276496095,10.983609541763556,11578.693705273074,3.4797437280127297,1.0,1,0
1416.0111689903104,1,1,1,2.6198412901986616,3,2.222583433049389,2.486095255222335,6716.479144101222,4.020148896931071,1.0,1,0
494.03297731451113,1,1,1,6.090073063457993,2,1.3097720379854603,1.0424266487965042,26598.831579253823,3.8435589148630656,1.0,1,0
748.9470627625009,1,2,1,20.378651508409195,4,0.22763657025061437,0.02341681903377758,591.4901959565499,6.1773642897415515,5.0,1,1
129.83987861211972,1,2,1,7.370499506007524,1,2.2027511973340927,1.568899077246461,8491.345454786226,4.398184498829208,1.0,1,0
147.6668634553706,1,3,1,4.047627457441043,3,4.004144828514741,3.5751810638436816,43755.84513413882,3.812972358189915,1.0,1,0
1417.389887844259,1,2,1,4.534391195552439,1,10.82762461382351,12.832461985227868,25187.932506648336,3.7096663032831736,1.0,1,0
67.35043287959174,1,3,1,3.0086080420745307,2,6.291859223412811,4.480985294474562,9481.662700551302,3.4941033022933357,1.0,1,0
512.8260266730395,2,1,1,4.935786708103993,2,5.992836412863039,8.902065299245601,14885.499094414552,3.9958918563862085,1.0,1,0
50.7040781847564,2,1,1,5.025616467066156,4,16.6931026416911,18.371216286343795,6141.397780779799,3.5692613102021253,1.0,1,0
117.17479617726649,1,2,1,5.594690810354686,6,3.3446425021598314,3.374958968013597,20963.9077429394,4.136423725413043,1.0,1,0
152.01253822034448,1,1,1,5.543323435433081,1,7.528817705435295,6.187262082255364,15554.685064070836,4.247711007067277,1.0,1,0
157.77572193578317,1,3,1,7.626872849184187,2,0.6148359284704038,0.8450286400795798,20784.191039789253,2.5477956764696135,1.0,1,0
164.99978512315903,1,1,1,4.889009226038873,1,0.8298291643456374,1.1186374603250657,16285.337508899845,3.71092902386655,1.0,1,0
118.7321633540507,1,1,0,6.898794164975326,3,0.5107988308606737,0.33708921318031715,21171.393716129,4.0449126584937956,1.0,1,0
124.22021905933823,1,1,1,4.345568803953891,1,9.09113859570386,10.672725633748001,24402.784411152352,3.761386014440525,1.0,1,0
519.690168571023,1,3,1,4.919977824391628,1,0.5118467871157204,0.5461130760493479,25611.901981043422,3.5744138649674477,1.0,1,0
122.029163209265,1,1,0,3.097089210283603,1,0.9686546517429734,0.6919649657802421,2312.4129847818335,3.1427252151342273,1.0,1,0
60.20975272884601,1,1,1,2.082115575199496,1,4.136700487904459,3.1673732463471866,23830.303126322913,2.8327967473729094,1.0,1,0
124.4512655273296,1,1,0,5.477759015573023,2,12.208528191186195,10.10574006355833,30275.87504921367,3.271731624086353,1.0,1,0
129.42899715464432,1,3,1,5.048979455590275,2,8.63877341000256,12.298638689053897,3869.38806398679,4.061094028522126,1.0,1,0
61.923677177527935,1,1,1,4.07688758888566,2,1.827114774724166,1.6114152798601034,13974.105586526763,3.4343675907917763,1.0,1,0
118.86250894431993,2,2,1,6.659447809340966,1,1.1318802203270657,1.0133509682785808,8195.310804038898,4.020669106174759,1.0,1,0
123.53881058748499,1,1,1,3.8139740581460275,2,2.405475527576167,2.7533421641160456,12677.203951706684,2.979255630110248,1.0,1,0
503.9176294572143,1,1,1,5.2185605208738055,2,15.847119715543306,18.287650003218246,21696.24381138791,4.0016364058171945,1.0,1,0
134.85382049514465,1,1,1,8.981021437551721,4,5.887382915931291,6.755297127367256,15283.275764103062,3.9053753027800866,1.0,1,0
124.63631351678512,1,1,1,8.598034472865255,2,1.2312050413785562,1.2886096424955111,9570.731590435502,3.46512491516312,1.0,1,0
1424.0444646808785,1,3,1,6.3284842605002884,1,4.716169867973554,5.36124681541604,10488.145835927648,3.99594049972739,1.0,1,0
131.2580856910994,1,2,1,8.317670545382892,3,5.147847676085125,7.306335191705124,9541.763382009734,3.6355791299882325,1.0,1,0
120.76654389001604,1,1,1,8.58255846001299,1,21.18292882898374,25.953535615231086,4373.3635434135595,3.8232851056986865,1.0,1,0
510.949309750741,1,2,1,11.756714291268226,1,5.544449572943991,7.974442646721825,21688.663200945135,4.330781140054559,1.0,1,0
129.90855616790526,1,3,1,5.540343574360509,3,4.322039598320798,5.561958606375801,12107.46468131609,4.52420046857628,1.0,1,0
56.887188224779976,1,2,1,3.2525345155042946,4,7.791380062231765,8.727234229985825,7487.102554439818,3.2589765497015053,1.0,1,0
129.3057374110716,2,1,1,4.9173634027624304,2,16.184358029479924,21.778794748505877,26098.495411709773,3.89100309189869,1.0,1,0
1440.1493365147926,1,1,1,5.165097777629154,2,0.6673004546568538,0.9481734680157317,31754.505796257174,4.029444369313256,1.0,1,0
47.4274512153432,1,1,1,4.981579086309091,1,8.824397659734354,11.460507917764087,19453.27080711679,3.459889508547635,1.0,1,0
48.37769519171805,1,1,1,13.053070223107447,1,8.381658640844764,9.331881093100495,29275.60160388887,3.7552261407429333,1.0,1,0
134.9396975496832,1,1,1,4.553720618000325,1,0.35215636633020575,0.3591315471857406,10651.753456650316,3.5300777415686677,1.0,2,0
127.49164834193269,1,1,1,8.613306136186544,2,8.513181414844405,11.812398643087546,16431.48898050582,3.0081883066408657,1.0,1,0
533.4567984447185,2,1,1,2.8182648835456976,1,16.73066755122989,11.40149633964294,26688.103191230977,4.14636682660457,1.0,1,0
120.52072858519529,2,1,1,5.890883336316343,6,4.575485625018894,6.4409294462462645,22689.540532836923,3.5041708857167,1.0,1,0
1432.0320996591195,1,1,0,3.2259774589576664,1,1.6555181852770473,1.682884626939753,18600.642410069966,3.6982139209051614,1.0,1,0
67.40243469943681,1,1,1,4.5783304557870785,1,3.139882730291757,3.5016609483098056,14210.869642073958,4.286621209826679,1.0,1,0
58.09786384295074,1,1,1,8.468493467754943,2,3.6121634766280644,4.714523191995732,22611.204237744318,4.212107447450579,1.0,1,0
1430.250174350341,1,1,1,4.802846017828627,1,2.1854277677996374,1.621243600982165,12344.615939056946,3.416682196863511,1.0,2,0
133.64360824642435,2,1,0,8.74210865928804,1,4.496269091503956,6.063490524699752,22791.341571419718,4.236318559281769,1.0,1,0
51.19798271868137,1,1,1,6.5529698451827265,1,2.0045098127211007,2.1998097969828345,14296.1488727924,4.290811802282118,1.0,1,0
131.20817105907653,2,1,1,7.764018475075563,2,2.0800661427155744,2.1852832303275096,1533.5874267752197,3.6879797023379304,1.0,1,0
519.5567120419976,1,1,0,6.561540453191356,2,9.802238936592417,8.351950720471457,14069.581627708569,3.339702380573363,1.0,1,0
518.6987146492204,1,1,1,10.169275014054508,5,7.7985380263428254,6.026482492504793,12206.391257914638,4.272660891418919,1.0,1,0
127.56678805243841,1,1,1,8.405060310570157,1,6.069258576118114,4.9825402206881915,40924.06041904409,3.3598788995388364,1.0,1,0
512.287122558437,1,1,1,5.480212386458239,1,6.767901541156194,9.49893042837058,25203.08472284165,3.464445708247341,1.0,1,0
1426.4296387920317,2,1,1,8.347247764170618,2,2.523759997557737,2.998274678157273,6885.3222241854,3.5752681760284286,1.0,1,0
1422.5399842314716,1,1,0,2.6376504951395106,2,6.269784976282077,4.149415968822444,3866.8290627006004,2.737971972682586,1.0,1,0
72.28078076655528,1,1,1,2.8795377255031256,4,0.16722449864750644,0.19707049098851068,13028.52130097458,4.248686868143711,1.0,2,0
515.4195469816469,1,1,1,3.853157092748345,2,3.291416781921367,2.677553843913135,2883.322977324722,3.8593164133867446,1.0,2,0
1419.0471333385779,1,1,1,1.6010998135594894,2,4.107099205248798,5.206339562616203,17263.50903648412,4.240718177085038,1.0,1,0
40.105313335801284,1,1,1,14.407741697575679,3,1.256082642249741,0.4970881622340304,3050.6725505096297,4.4903299272458925,5.0,4,1
510.6459046959399,1,1,1,3.980540368497064,3,9.837584711156424,7.765715816464044,14588.242346665555,4.206425379292966,1.0,1,0
145.68730576025303,1,1,1,7.72052359792226,1,4.704658463819333,4.039445678475017,9584.968587025764,3.5255596499109005,1.0,1,0
139.72436619725983,1,1,1,17.237104213746846,1,3.4391984225618715,2.752056855385943,7843.734930320202,4.548964030230203,1.0,1,0
124.1582128402337,2,1,1,5.4877482349982545,1,13.59431096230532,18.414227274732962,20138.340068388068,4.316116990739667,1.0,2,0
500.90079648380373,1,1,1,3.3012052788542094,1,1.316093029938986,1.031766435443741,10708.400015353993,3.9428892070340478,1.0,1,0
523.4111454530131,1,2,1,5.360745609216005,1,3.0762634017434043,2.9235440612515387,27709.922906592576,3.818160854124982,1.0,1,0
78.72435984874146,1,1,1,10.437027138003357,2,8.621496826475278,9.386438385804533,17733.9363353351,3.7151166626778207,1.0,1,0
513.8646230078027,2,2,1,3.931414720565208,2,3.1042382440080774,2.1687436091810044,19806.59097618169,2.9800613973592873,1.0,1,0
121.40417316027917,2,1,1,9.707002534006877,2,0.13653422181773947,0.12036117845164081,33182.1094862136,3.74995080183433,1.0,1,0
531.0392067662382,2,1,1,5.086221066668781,2,2.200271401073938,2.2739827765169798,6802.686021910598,4.739383650358713,1.0,1,0
132.35636912097334,1,2,1,3.347981863071713,2,0.48342989369375144,0.3845199526893421,15046.981151760885,3.452656565851245,1.0,1,0
43.85721477261219,2,1,1,4.101355653495627,2,9.130604153967317,10.233228020664438,23743.75850280741,4.478281938122325,1.0,1,0
59.48953872106511,1,1,1,3.9663308493446308,2,8.895629610352888,11.533852715593158,33403.45433274763,3.606898803563608,1.0,1,0
498.66761901657304,1,1,0,2.5601965201234957,3,2.086008733270621,2.6250781920669155,79458.98522559281,3.2452430632809337,1.0,1,0
69.83556194286483,2,1,1,8.983612917112314,1,12.273618963194757,7.3772431550448045,22148.59086240366,2.7328147878406472,1.0,1,0
1419.214646655359,2,2,1,3.632015121120279,5,0.9107999143863236,1.2068259911155446,35271.87263300161,2.789262483567236,1.0,1,0
76.61984616744951,2,1,1,7.331166609958718,3,15.374068672400567,16.709801167190143,41084.49393087246,3.8986848148389277,1.0,1,0
509.208615183499,1,1,1,6.911131537609806,1,1.7416687260388464,1.9636180583632545,9823.58639098778,3.685700124858662,1.0,1,0
1426.4101060492826,1,1,1,8.010277958580598,1,2.305795278378551,2.7282727493671857,10444.15035015719,3.200625645473151,1.0,2,0
1414.0198826061187,1,3,1,2.9067230144034983,1,17.873161715288564,18.099004421917204,10878.2878402115,4.056215397991427,1.0,2,0
1422.4970702697913,1,1,1,4.196377748405046,1,4.977997328147312,3.2282896491288966,18355.82440121718,3.8681512477073716,1.0,1,0
1413.9387751927786,1,2,1,2.601657567581845,2,17.069172924421157,19.296769056454888,42537.50004785476,3.9932152713503957,1.0,1,0
512.6054757803121,1,1,1,5.353781208362944,1,6.774701858913531,8.37642416001385,30860.353650040783,4.25419777596389,1.0,1,0
515.0744469059928,1,1,1,5.37423844648646,3,4.736757527296996,3.649567087872126,11620.099713689502,3.6015366409932463,1.0,1,0
1421.52354572479,1,1,1,4.8542828229339605,2,1.749295610382532,2.1456392888872826,10981.61972078342,3.6155112480913294,1.0,1,0
129.72878635126187,1,1,1,12.018836417011372,2,5.976030708048377,3.9151000261975266,17607.684860413225,4.145700256808864,1.0,2,0
70.74306279578371,1,3,1,24.345950687848166,4,3.14033762692882,1.5291697228927905,4804.849242390978,5.443240537308298,1.0,1,1
58.07775283682415,2,3,1,5.995069306473817,4,0.33602792687790106,0.48659791487520765,16158.054044346005,3.713428776803083,1.0,1,0
513.995797508374,2,1,1,14.105642814712166,1,1.169150179511547,1.0645590099084081,16327.568941516602,3.954153888507432,1.0,1,0
120.80308745091197,1,1,1,3.8166174058798665,2,8.224148441282514,9.448941773493798,15435.168598154245,4.212931346478326,1.0,1,0
127.40009547574982,1,1,0,3.876290180431563,1,3.0032650440917608,3.540102545432303,7077.686496463789,4.193910828574153,1.0,1,0
61.68170552904265,1,1,1,13.115526299574757,8,5.341710405108132,6.997477327833915,27918.572341064497,3.927006601251665,1.0,1,0
125.0789950520976,1,1,1,6.237619762570875,2,2.7497692031405045,4.102110875875561,20325.436314920375,4.174093618319673,1.0,1,0
45.944134749093735,1,1,1,5.872013554185568,2,8.489759899183749,6.821504266261296,8418.424051002972,3.8499526841886715,1.0,1,0
73.57768843468924,1,1,1,8.105367349143922,4,4.892523399091065,3.792373779277714,18744.191248354247,3.503013695645593,1.0,2,0
518.3915486017642,1,1,1,3.819198710540713,4,0.7857186143300264,0.6971911771282767,18268.65398397956,3.7795351856690176,1.0,1,0
135.9393080175932,1,1,1,5.48754860977577,2,2.399646303478326,3.5946170822515353,9103.527712661831,3.686779743218304,1.0,1,0
1435.1556264466944,1,1,1,6.380396151093558,2,0.383667358554608,0.36361733246980543,8607.84625318208,4.028450668860199,1.0,1,0
58.80973500988111,1,1,1,1.8987208244398197,1,6.8711077681975805,5.309036509856322,2755.3492063152808,4.093902842661426,1.0,1,0
131.58639836453997,1,1,1,1.6718785458223888,3,3.3872217717910895,4.385450323787805,12810.969266717375,4.1094684843511935,1.0,1,0
68.49322534219465,2,2,1,2.3355903868009396,3,13.743956766533701,17.10242278692988,21731.30211503603,3.399458277180992,1.0,1,0
1419.2692247069015,2,1,1,7.823736999209137,1,0.9161878532022137,0.7132451760916713,6686.330815931418,3.732730024897495,1.0,1,0
507.5764752449869,1,2,1,7.634248109086824,3,2.3858851573275124,3.5622888362384026,7928.675805698444,3.816054479003473,1.0,1,0
132.08912324296864,1,1,1,4.522223006691428,1,4.527497634464586,6.162774134168156,28637.689806481765,4.133989661440502,1.0,1,0
503.0322241905974,1,1,1,5.941619207949987,3,7.637638982320166,8.2089808034555,15178.29537341223,3.9543651572309617,1.0,1,0
505.27422986117244,1,1,1,3.439953685180238,2,11.222188107023136,14.743132390580008,15830.851773417826,4.360066224165584,1.0,2,0
136.386068796657,1,1,1,4.926510706193618,2,2.081470146718109,2.7586431154969406,11976.981953400393,3.285373595004841,1.0,1,0
73.23506181991345,1,1,1,4.980184928756749,1,2.8231279287273208,2.734133173907005,12322.664233374708,3.896034838132054,1.0,1,0
506.2677967441058,2,1,1,3.315753983880644,1,3.203231392898925,2.568097640213616,11253.486752252918,4.216971009637385,1.0,1,0
1423.5152622674289,1,2,1,1.7009286753512463,2,9.303983537592098,6.409385107516906,18875.54250604275,3.313492196996685,1.0,1,0
132.83634066887345,1,1,1,3.6121796869663347,1,7.839076706827533,8.626441272198921,9989.210144716382,3.638565522757103,1.0,1,0
121.52326233230036,1,2,1,3.2631372140713215,1,3.732077582791797,3.9630957456065783,31615.6405886709,3.8347202075558684,1.0,1,0
739.2511436710992,1,1,1,53.62053055913001,3,0.26071965271034536,0.09459236762308987,12012.47668205131,7.085918587487097,3.0,4,1
116.0728303681193,1,1,1,5.818162511234887,3,23.146513939416437,33.950172183930604,6279.430825844385,4.073845250394323,1.0,1,0
54.56093153271155,1,1,1,6.0257281579431465,2,6.032476546621545,7.18930036391494,18172.06206573868,4.02300506668562,1.0,1,0
1422.2297369552275,1,1,1,4.962972871615255,1,1.0217778105601667,0.6973938580039019,25215.79990623591,4.650713112855076,1.0,1,0
518.355344528474,1,1,1,9.097594945475608,3,5.358968347078948,3.220068785109763,20600.55554995531,3.9257346685191963,1.0,1,0
1412.2491801649876,1,1,1,5.706445092555225,2,0.1572380604311168,0.19429514282513233,9921.359811420461,3.9928249509179006,1.0,1,0
54.81546780811664,1,1,1,3.2647750191041918,1,4.46908847562554,5.113059436467609,21654.25694819448,3.686166967410695,1.0,1,0
1427.1723468856978,2,1,1,5.348431051814378,3,7.988380734323549,7.333360046750791,20157.78990600392,3.723318098361101,1.0,1,0
512.1166717219811,2,1,1,7.532560696845135,2,3.2557244866576807,3.0536270059351125,9883.058590519764,3.480571471123919,1.0,1,0
1423.373882671707,1,1,1,10.980648497427405,2,3.550535989761145,3.3179962277314505,11628.928191383076,4.659193106419914,1.0,1,0
519.13007153468,1,1,1,4.519904220242799,2,7.259938259256714,4.987170343298368,20576.82933214795,4.002384692982647,1.0,1,0
1413.2637814469315,1,1,1,8.988656286015516,1,0.5109343489974201,0.763000468515401,7017.206719959629,4.07679901691976,1.0,2,0
514.5602593410445,1,1,1,8.664133008980471,3,1.0556485029266538,1.4029238434705222,24664.902470100817,3.4280170522556954,1.0,1,0
55.99271055994615,1,1,1,13.015566553260063,4,9.772954399707858,7.449092822235503,6897.940051465306,3.1980398913425034,1.0,1,0
53.84941332784634,1,1,1,29.9498361973016,5,1.0185400523855648,0.27855918387777595,7728.403243774595,4.664377517408711,1.0,1,1
120.3086508024016,2,1,1,2.907243074767626,3,3.8558738609674275,2.4235741259585515,12359.52840543917,3.6854544456886016,1.0,1,0
502.9102773739228,2,1,1,3.8914049050294386,2,12.484408018104824,9.765329277992157,10770.28240194343,3.2911352209849514,1.0,1,0
78.32714853155105,1,1,1,5.126105376001315,1,2.222752660021198,1.6520383412932693,37966.86475367813,3.9186837902346867,1.0,2,0
54.15951121379801,1,1,1,2.6559637483749885,2,4.429927961479182,4.740339688524953,3715.635119251093,3.896905121541218,1.0,1,0
76.58370479188709,1,3,1,2.993362185562596,2,3.445585323711313,2.1191731189832814,42203.37164347117,4.702147884948293,1.0,2,0
132.8751448530122,1,1,1,6.53530521898627,3,3.6564821535874823,4.4168881403540095,10605.691964322119,4.368009646080967,1.0,1,0
1407.1392114983646,2,1,1,3.5874199357150873,3,15.698136380876301,21.9212851717427,9774.607360495273,4.224721297676132,1.0,1,0
56.011660139862904,1,1,1,4.043762447336219,1,2.1879379730056088,2.9158859263360846,16699.88475507224,3.0744889361418797,1.0,1,0
509.9403908184869,2,2,1,4.106745318903025,1,1.2713252202752345,1.4885426894407003,9061.870297864638,3.7671467271927375,1.0,2,0
70.39568602218179,1,1,1,2.8563711158846465,5,3.2124202256809475,4.743356000805463,14937.532774772371,3.4760667127274836,1.0,1,0
131.77320735455382,1,3,1,3.70478428965379,3,0.2356094315498417,0.2144842487192025,23061.991087212562,3.8838693727954348,1.0,2,0
127.57350482519728,1,3,1,8.764325827588925,3,6.72367735061137,6.690907651573909,29607.464148978932,4.826374002926396,1.0,1,0
57.26550037901503,1,1,1,2.7919872152830507,2,3.1721263422838164,3.179479090968243,2212.0728139635344,3.7384466110496057,1.0,1,0
145.87745969156902,1,2,1,6.453513292073689,4,4.050767076321176,5.3608775348946915,25568.61466450993,4.242804425824418,1.0,1,0
521.1000129506393,1,3,1,3.813157951508582,1,1.3553424601196709,1.837786172749341,6465.79147312176,3.5600301724074894,1.0,1,0
71.09735171597777,1,2,1,8.660738364555137,1,2.5357433835680316,3.2471644257763495,29076.018696532083,3.3490451130247454,1.0,1,0
50.570761168644395,1,1,1,3.466066428206952,4,11.528034606175376,7.993154585822728,15944.425811343697,4.152699995710214,1.0,2,0
128.4633958502368,1,3,1,6.338818097327213,1,1.480309646921463,1.498121443832874,15763.744279366658,4.082113687815543,1.0,2,0
496.41371236344395,2,1,1,5.07127841357499,4,4.961589593628038,4.5479773628365985,7735.574982967033,4.423598808145452,1.0,1,0
519.3030016168617,1,1,1,6.937580711981012,1,18.521907154842705,13.558247571784099,7029.239392163362,3.772999748664967,1.0,1,0
49.28294298594959,1,1,1,3.742128847802406,1,2.6513732056214026,2.4830802422395255,16770.973799264484,3.445312553875819,1.0,1,0
126.82761247398537,1,1,1,8.084804861970884,2,5.30598891066995,5.840478878984396,26172.683756142673,3.9762875669510573,1.0,1,0
500.25811195599266,1,1,1,3.903569736091795,2,3.3545280586050565,4.93280240286595,5016.892800664016,3.127502011654866,1.0,1,0
509.34743065470263,1,3,1,6.432622332472598,2,7.568196570423434,6.877358734545651,26192.888018862373,4.424187635597071,1.0,1,0
118.6208291346549,1,1,1,9.841090744177176,2,0.9665896759833779,1.447069151377148,5348.3825634733585,4.139968658246737,1.0,1,0
118.1505242040581,1,1,1,5.700892414740621,1,2.0073614070204555,1.5806959116627923,22707.085052033737,3.3700626373592972,1.0,1,0
108.81873927391189,2,2,1,3.9849737235648774,2,0.39934812749911786,0.5670196110884667,17439.963299360035,3.7856566575966855,1.0,1,0
139.74792930789968,1,2,1,5.095587011331665,2,2.7371244215548063,2.8928123053305916,43528.04648937174,3.624394491229712,1.0,2,0
1449.6504144600117,1,1,1,13.53496403728443,4,4.137838323819976,2.4666198603868494,7810.620224175892,4.540293246793883,3.0,4,1
121.75891088605529,1,2,1,5.97563231059305,1,9.839650668082507,7.60162132088152,23948.256605211816,4.047244711112286,1.0,2,0
1416.235272755244,2,1,1,5.840985009657757,2,12.044755854359574,9.693619111074195,30543.518025926754,3.5424793683752545,1.0,1,0
127.91995384684311,1,1,1,6.05633999013486,1,6.5782339486005865,6.965682181783702,14042.043595873149,3.2577308759392665,1.0,1,0
133.15033688919368,2,1,1,5.387264560860537,2,7.429453641916268,4.5379473075594055,8320.439383600586,4.246118488042804,1.0,1,0
132.9250953256851,1,3,1,3.8430141995548275,3,2.6819922498703304,3.336744352254505,14120.99040823534,3.8720079823462217,1.0,1,0
115.9956822104896,1,1,1,3.7046777826414075,3,34.811057908523196,50.562199868229484,10211.273872482794,3.8976586258564025,1.0,1,0
114.81814831529103,1,1,1,3.444995477119741,1,5.64689088810527,4.523693248350941,20108.197270982502,3.8975367440389466,1.0,1,0
1427.7519572106717,2,1,1,7.807051029416054,2,0.6956567096515205,0.7520114215302368,50069.77025247621,3.5015068689829265,1.0,1,0
59.7733669313703,1,1,1,3.5088771959447427,3,0.2081469198956066,0.28489018799704763,12895.05182233945,3.8167453938713924,1.0,1,0
518.7731617915165,1,1,1,4.805378582043955,5,1.1570652412784777,1.6589993500986753,15371.047145354622,4.709480885490769,1.0,1,0
514.8196633532933,1,1,1,2.043213734004132,5,2.5621603622850073,2.888942367021294,4656.201939868656,3.8570318199144022,1.0,1,0
53.86962394602979,1,1,1,4.799249155738508,2,2.97812485000643,2.5701129052422544,6168.723339415825,4.1410296891065075,1.0,2,0
1412.3780132683273,1,1,1,3.7808731633168478,1,2.0936654124835496,2.777499199375918,13459.862520216906,3.7905403467065786,1.0,1,0
126.19090211242877,1,1,1,5.1404448958245235,4,8.41467359874449,10.647796114098135,9306.60520886195,3.6830598692112897,1.0,1,0
112.35964610684806,1,1,1,8.590179059415423,3,1.6492897063728098,1.7990798949923723,14116.016544589816,4.173632160854825,1.0,1,0
71.52003986339359,1,1,1,6.172949060110151,1,0.9336926434406594,0.6900447782707576,11306.519074654598,2.4910210844957064,1.0,1,0
62.27007165188189,1,1,1,5.4433809584059665,2,2.5583368996750844,2.13216859445181,18349.874795994885,3.720448600626242,1.0,1,0
521.9973246791768,1,1,1,5.567807891806935,1,1.7483711606599848,1.6017334455123526,46218.32601343088,4.554775859276342,1.0,1,0
491.50037752090486,1,2,1,6.2021134189864915,1,2.2018081008110815,1.6061892947800964,26433.415403867693,3.1653013821550475,1.0,1,0
127.20340322249803,1,2,1,3.4482312217060738,1,6.246396990502792,4.578698206764009,31883.350178163608,4.342570061558379,1.0,1,0
122.47427143165636,1,1,1,6.280662798407773,1,4.452541310779909,5.405285732275867,10417.605804813476,3.545399740226487,1.0,1,0
55.19639846973705,1,1,1,4.862629739534732,4,3.582401439826865,3.6356586695445654,4693.098540094806,3.6602951228973675,1.0,1,0
121.23429338270574,1,1,1,5.579964430422353,1,0.4760299283082805,0.3526288440136637,21478.711830659184,3.5624507078359597,1.0,2,0
125.42943514436313,1,2,0,2.139843341461216,2,4.241017555630896,3.3388251923094,10995.430036770105,3.624091554863611,1.0,2,0
1432.8309988104,2,3,1,6.503792132037528,2,10.60106131049996,11.45316470359735,21829.606776807104,3.7221221366424055,1.0,1,0
123.40694875684932,1,1,1,7.739983493438727,2,0.41690614252825664,0.5355210813597795,18824.475053220744,4.05882171899318,1.0,2,0
118.59142344313065,1,2,1,4.010852364523677,5,10.122604708678367,10.288844549292437,16850.203177738524,4.719640404888506,1.0,1,0
57.683496919830475,1,2,1,1.563041205907771,3,3.1778543184226886,2.4635389131518077,10376.033200404094,4.185785456594988,1.0,2,0
61.45241091256254,1,1,1,2.2560726910655884,1,4.351405513422075,6.148489783763323,18758.696210084745,3.875089416021922,1.0,1,0
